date_time,unixtime,m_PM25_CF1,m_PM1_CF1,m_PM10_CF1,tempC_pms,rh_pms,temp_C,rh,lat,lon,reference,dew_point,temp_minus_dew_point,pm_rh_interaction,pm_calibrated_clarityremake,pm_calibrated_twovar,omega,pm_calibrated_clarity,pm_calibrated_epa_barkjohn
2023-06-07 14:30:00,1686175200.0,15.67,10.66,16.13,22.6,42.3,23.4,50.4,36.785461,-119.773087,6.4,9.137267668813273,13.462732331186729,662.841,8.396868435618087,8.513255166427669,0.42164999999999997,10.263738434162935,10.262900000000002
2023-06-07 15:30:00,1686177300.0,18.296666666666667,12.526666666666666,18.86,23.383333333333336,40.8,23.45,51.53333333333333,36.78540933333333,-119.77308016666666,12.2,9.304947596862013,14.078385736471324,746.5039999999999,9.447191526684046,9.48237178362833,0.40851666666666664,11.657058034012438,11.756266666666669
2023-06-07 16:30:00,1686180900.0,22.081666666666667,15.466666666666669,22.60333333333333,23.1,41.583333333333336,23.433333333333334,51.88333333333333,36.785404166666666,-119.773108,8.7,9.33336207394856,13.766637926051441,918.2293055555556,10.748300693819157,10.566269261667223,0.38959166666666667,13.381576077893069,13.657883333333334
2023-06-07 17:30:00,1686184500.0,23.886666666666667,16.966666666666665,24.33333333333333,24.2,39.083333333333336,24.2,49.86666666666667,36.7853215,-119.7731605,7.5,9.396016656417116,14.803983343582884,933.5705555555556,11.765769241141795,11.388186449497493,0.38056666666666666,14.549852671077932,14.808983333333334
2023-06-07 18:30:00,1686188100.0,21.151666666666667,15.158333333333331,21.465,23.1,40.6,23.666666666666668,50.28333333333333,36.78537716666667,-119.77313516666668,9.7,8.977819683124888,14.122180316875113,858.7576666666668,10.804945134038283,10.383897733682485,0.39424166666666666,13.067883821365314,13.257866666666668
2023-06-07 19:30:00,1686191700.0,17.521666666666665,12.408333333333331,17.951666666666668,22.1,42.583333333333336,23.2,51.23333333333333,36.78534633333333,-119.77313366666664,8.5,8.785458221770257,13.314541778229744,746.1309722222222,9.261391833273665,9.054113047290508,0.4123916666666667,11.167987194052857,11.201683333333332
2023-06-07 20:30:00,1686195300.0,17.080000000000002,11.971666666666666,17.474999999999998,21.433333333333334,44.333333333333336,22.816666666666663,52.45,36.7853375,-119.77311733333332,7.0,8.77911674043269,12.654216592900644,757.2133333333335,8.80768639424884,8.73217091296996,0.4146,10.763934618010975,10.823266666666665
2023-06-07 21:30:00,1686198900.0,14.871666666666668,10.03,15.346666666666666,21.0,45.66666666666666,22.383333333333336,53.66666666666666,36.78539233333333,-119.77308283333332,4.5,8.824529635827933,12.175470364172067,679.1394444444444,7.636450036668817,7.909732574617934,0.42564166666666664,9.597536728290482,9.561600000000002
2023-06-07 22:30:00,1686202500.0,14.365,9.585,14.89,20.85,46.36666666666667,22.266666666666666,54.36666666666667,36.78540683333333,-119.77312333333332,9.5,8.913404838079993,11.936595161920009,666.0571666666667,7.3153089162606015,7.6792052044877535,0.42817500000000003,9.306114353448622,9.238633333333333
2023-06-07 23:30:00,1686206100.0,14.673333333333334,9.586666666666666,15.2,20.75,46.98333333333333,22.15,55.11666666666667,36.785309833333336,-119.773083,5.5,9.01816571291929,11.73183428708071,689.402111111111,7.1885770981458075,7.708816532933974,0.42663333333333336,9.349802389128408,9.34655
2023-06-08 00:30:00,1686209700.0,14.175,9.485,14.663333333333334,20.58333333333333,47.28333333333333,22.05,55.38333333333333,36.78534133333333,-119.77312733333332,7.8,8.960366275460087,11.622967057873241,670.24125,7.156034664098811,7.523318251744911,0.42912500000000003,9.136635617043398,9.061916666666667
2023-06-08 01:30:00,1686213300.0,14.353333333333332,9.48,14.825,20.166666666666668,49.55,21.516666666666666,58.31666666666666,36.785364666666666,-119.7731055,6.3,9.273989303339045,10.892677363327623,711.2076666666666,6.838471365303935,7.337700063669818,0.42823333333333335,8.979170608404228,8.961983333333333
2023-06-08 02:30:00,1686216900.0,7.438333333333333,5.260000000000001,7.678333333333334,19.066666666666663,51.55,19.966666666666665,61.8,36.785390166666666,-119.773042,2.7,8.84803662370365,10.218630042963014,383.44608333333326,5.395513881281202,5.365900825072995,0.4628083333333333,5.941275360589998,5.196183333333333
2023-06-08 03:30:00,1686220500.0,5.556666666666668,3.828333333333333,5.745,18.466666666666665,53.61666666666667,19.316666666666663,64.2,36.78534333333334,-119.77307,4.2,8.875189198273416,9.591477468393249,297.9299444444445,4.272748544019361,4.223880219434982,0.4722166666666666,5.005816162622709,4.0420500000000015
2023-06-08 04:30:00,1686224100.0,4.5,3.1316666666666664,4.666666666666667,17.733333333333334,54.6,18.33333333333333,65.71666666666667,36.78541483333333,-119.773103,7.5,8.462815771023589,9.270517562309745,245.70000000000002,3.7064474300421897,3.5901883274290807,0.4775,4.528724074294002,3.409
2023-06-08 05:30:00,1686227700.0,4.788333333333333,3.31,4.921666666666667,17.166666666666668,55.38333333333333,17.733333333333334,66.6,36.7853475,-119.773126,4.1,8.145435556298612,9.021231110368056,265.1938611111111,3.814580393242899,3.7178865368643854,0.47605833333333336,4.594799010811859,3.492349999999999
2023-06-08 06:30:00,1686231300.0,4.305,2.956666666666667,4.448333333333333,16.883333333333333,56.18333333333334,17.349999999999998,67.66666666666667,36.78537983333333,-119.7731005,2.2,8.092489728186294,8.790843605147039,241.86925,3.531533440807224,3.412969591153592,0.478475,4.359860973141403,3.1730166666666655
2023-06-08 07:30:00,1686234900.0,4.531666666666667,2.928333333333333,4.798333333333333,17.25,55.85,17.849999999999998,66.91666666666667,36.785396,-119.77310816666666,2.5,8.346893057718795,8.903106942281205,253.09358333333336,3.5878797578705095,3.5541661830023954,0.47734166666666666,4.465570694251582,3.3192166666666667
2023-06-08 08:30:00,1686238500.0,4.966666666666667,3.348333333333333,5.19,18.816666666666663,52.4,19.216666666666665,63.583333333333336,36.785304333333336,-119.773126,2.4,8.859305234580937,9.957361432085726,260.25333333333333,3.9930917881183987,3.94597235475801,0.4751666666666667,4.824873920077647,3.8386666666666662
2023-06-08 09:30:00,1686242100.0,7.080000000000001,4.708333333333333,7.346666666666667,20.766666666666666,47.583333333333336,21.016666666666666,58.75,36.785387,-119.7731045,7.4,9.221868139685851,11.544798526980815,336.89000000000004,5.284810559016756,5.335896660291905,0.4646,5.971772289809865,5.347016666666667
2023-06-08 10:30:00,1686245700.0,14.39,9.453333333333331,15.125,23.6,41.516666666666666,23.38333333333333,52.68333333333334,36.7853955,-119.773116,7.8,9.758989951734833,13.841010048265169,597.4248333333334,7.892509055545377,8.201736608349105,0.42805,9.744666237876414,9.663883333333333
2023-06-08 11:30:00,1686249300.0,13.003333333333332,8.988333333333333,13.345,26.6,35.166666666666664,25.7,46.583333333333336,36.78537666666667,-119.77308516666666,7.8,9.94787754437844,16.652122455621562,457.28388888888884,8.779715853225321,8.448225532229564,0.43498333333333333,9.513294525069018,9.482566666666667
2023-06-08 12:30:00,1686252900.0,13.62,9.791666666666666,14.01,28.45,31.716666666666665,27.28333333333333,42.95,36.78541883333333,-119.77309666666667,6.1,10.02171861965189,18.42828138034811,431.98099999999994,9.788820940455272,9.004579707421904,0.43189999999999995,10.10299723056211,10.096483333333332
2023-06-08 13:30:00,1686256500.0,16.473333333333333,12.265,16.756666666666668,28.15,31.816666666666663,27.55,42.4,36.785394833333335,-119.773107,4.8,9.80803453198917,18.341965468010827,524.1265555555555,10.912402272979524,9.873747042386912,0.41763333333333336,11.614005911973486,11.571716666666667
2023-06-08 14:30:00,1686260100.0,16.611666666666668,12.24,16.923333333333332,27.883333333333336,31.866666666666664,28.23333333333333,40.28333333333334,36.785400333333335,-119.77310716666666,12.9,9.599603860535618,18.283729472797717,529.3584444444444,10.852309900027207,9.911092582704192,0.41694166666666665,11.672482606963587,11.6394
2023-06-08 15:30:00,1686263700.0,14.51,11.021666666666668,14.798333333333334,28.55,29.25,28.71666666666667,37.13333333333333,36.785365500000005,-119.7731185,10.9,8.902429720981807,19.647570279018193,424.4175,10.856676274574442,9.540832160789025,0.42745,10.801605958737625,10.76895
2023-06-08 16:30:00,1686267300.0,14.111666666666666,10.606666666666667,14.413333333333334,28.7,28.78333333333333,28.98333333333333,36.55,36.785400333333335,-119.773121,7.6,8.793031436703131,19.906968563296868,406.18080555555554,10.730155198246756,9.467548329709825,0.42944166666666667,10.5997742822261,10.601483333333334
2023-06-08 17:30:00,1686270900.0,15.543333333333337,11.461666666666666,15.838333333333331,27.1,32.1,28.516666666666666,38.85,36.785392,-119.77310583333332,7.9,9.026500145416268,18.073499854583734,498.94100000000014,10.473533337418612,9.556920014790812,0.42228333333333334,11.114323618506608,11.064033333333334
2023-06-08 18:30:00,1686274500.0,14.416666666666666,10.415,14.76,26.98333333333333,31.816666666666663,28.48333333333333,38.1,36.78537816666667,-119.773122,9.4,8.79350778116057,18.18982555217276,458.6902777777777,10.010816809116008,9.239604935114095,0.42791666666666667,10.530995023838628,10.50225
2023-06-08 19:30:00,1686278100.0,12.993333333333332,9.316666666666666,13.251666666666669,25.45,34.266666666666666,27.433333333333334,40.13333333333333,36.78539466666667,-119.77309416666668,7.1,8.551314291200692,16.898685708799306,445.2382222222222,9.122267260746277,8.540676354024178,0.4350333333333333,9.627616427125648,9.553866666666666
2023-06-08 20:30:00,1686281700.0,12.853333333333332,9.585,13.206666666666663,24.05,38.6,26.183333333333334,44.93333333333334,36.785305666666666,-119.77309416666668,11.0,9.077270486458662,14.972729513541339,496.1386666666666,8.674191885328192,8.037530127502183,0.43573333333333336,9.354474259779924,9.112733333333333
2023-06-08 21:30:00,1686285300.0,15.903333333333334,11.68,16.236666666666665,23.1,42.13333333333333,25.316666666666663,48.583333333333336,36.785350666666666,-119.7731055,11.8,9.529002753143786,13.570997246856216,670.0604444444444,9.104291834420154,8.60289148911157,0.4204833333333333,10.493319899114585,10.398400000000002
2023-06-08 22:30:00,1686288900.0,12.525,9.198333333333332,12.846666666666666,22.35,44.2,24.35,51.31666666666666,36.78539283333333,-119.77312716666668,8.6,9.565147583214916,12.784852416785085,553.605,7.653229410686083,7.341858662210136,0.43737499999999996,8.749429007911766,8.466000000000001
2023-06-08 23:30:00,1686292500.0,10.57,7.461666666666666,10.836666666666666,21.33333333333333,47.333333333333336,23.05,55.51666666666667,36.78536966666667,-119.7731335,6.9,9.661387598915235,11.671945734418093,500.3133333333334,6.306940066726368,6.406463489846022,0.44715000000000005,7.56577162857179,7.183066666666667
2023-06-09 00:30:00,1686296100.0,9.495,6.666666666666667,9.761666666666668,20.166666666666668,51.43333333333333,21.516666666666666,61.25,36.78534833333333,-119.773125,4.1,9.829950988880322,10.336715677786346,488.3594999999999,6.465037530703167,6.522024670003635,0.45252499999999996,6.802154954069024,6.275566666666666
2023-06-09 01:30:00,1686299700.0,6.859999999999999,4.805,7.123333333333334,19.383333333333333,51.8,20.7,61.01666666666667,36.7853775,-119.77309183333334,5.3,9.212374541826918,10.170958791506415,355.34799999999996,5.05800606830885,5.031460955143767,0.4657,5.676773760837509,4.874199999999999
2023-06-09 02:30:00,1686303300.0,7.305,4.955,7.556666666666666,18.33333333333333,54.38333333333333,19.25,65.36666666666666,36.7853975,-119.77309816666668,4.2,8.961885165174255,9.371448168159073,397.27025,5.098802612299755,5.169450816488238,0.46347499999999997,5.673312577923067,4.8860166666666665
2023-06-09 03:30:00,1686306900.0,7.356666666666666,4.92,7.638333333333333,17.183333333333334,57.23333333333333,17.8,69.01666666666667,36.78538916666667,-119.77311566666668,6.1,8.64622031777372,8.537113015559614,421.04655555555547,4.948653856393317,5.075827908057251,0.46321666666666667,5.506823291044171,4.670633333333333
2023-06-09 04:30:00,1686310500.0,7.993333333333333,5.359999999999999,8.313333333333334,16.349999999999998,59.78333333333333,17.05,71.68333333333334,36.7853915,-119.77311316666668,4.7,8.509222550267141,7.840777449732856,477.8681111111111,5.119934847585747,5.32252600818139,0.4600333333333333,5.58752589400391,4.784949999999999
2023-06-09 05:30:00,1686314100.0,10.331666666666669,6.756666666666667,10.714999999999998,15.8,61.78333333333333,16.366666666666667,74.33333333333333,36.78539033333333,-119.773122,2.3,8.477250949714486,7.322749050285514,638.3248055555557,3.8937083343491357,4.799122819422022,0.4483416666666667,6.289361472103851,5.830883333333334
2023-06-09 06:30:00,1686317700.0,9.936666666666667,6.46,10.326666666666666,15.716666666666669,62.28333333333333,16.533333333333335,73.58333333333333,36.78538066666667,-119.77313250000002,4.9,8.517651431525529,7.19901523514114,618.8887222222222,5.805446489233427,6.302709705352845,0.45031666666666664,6.099080959697749,5.582983333333333
2023-06-09 07:30:00,1686321300.0,9.916666666666666,6.419999999999999,10.441666666666666,17.233333333333334,57.56666666666666,17.766666666666666,68.83333333333333,36.785408,-119.7731235,6.0,8.778983746815273,8.454349586518061,570.8694444444444,6.097566588318562,6.494316770670781,0.45041666666666663,6.500722572354366,5.9735
2023-06-09 08:30:00,1686324900.0,8.188333333333333,5.466666666666666,8.451666666666666,19.816666666666663,49.53333333333333,20.23333333333333,60.2,36.78536983333333,-119.77313466666668,5.4,8.947342973783835,10.869323692882828,405.5954444444444,5.778837686215432,5.87238258768196,0.45905833333333335,6.336220728952775,5.757599999999999
2023-06-09 09:30:00,1686328500.0,7.103333333333333,4.8933333333333335,7.358333333333333,23.0,41.95,22.85,53.16666666666666,36.7853515,-119.77307766666668,4.3,9.374020836662694,13.625979163337306,297.9848333333333,5.617166599768001,5.591170825590644,0.4644833333333333,6.298970946058717,5.837983333333332
2023-06-09 10:30:00,1686332100.0,7.491666666666667,5.273333333333333,7.783333333333334,25.383333333333336,37.3,24.95,48.333333333333336,36.78537933333333,-119.77310316666666,4.1,9.752589218463168,15.630744114870168,279.43916666666667,6.075705069440929,6.008453872003322,0.46254166666666663,6.713402705720739,6.435166666666667
2023-06-09 11:30:00,1686335700.0,7.855,5.678333333333334,8.09,27.3,33.13333333333333,27.1,42.53333333333333,36.78543233333333,-119.773122,6.8,9.672399277189221,17.62760072281078,260.26233333333334,6.514118167370304,6.390962799112651,0.460725,7.062420501470113,6.978266666666666
2023-06-09 12:30:00,1686339300.0,7.568333333333332,5.59,7.751666666666666,29.766666666666666,28.83333333333333,29.28333333333333,37.66666666666666,36.78538783333334,-119.77310566666668,7.1,9.734820871876927,20.03184579478974,218.22027777777768,6.523043063327837,6.415402386907038,0.46215833333333334,7.0331861308182635,7.194699999999999
2023-06-09 13:30:00,1686342900.0,8.578333333333333,6.32,8.728333333333333,30.65,26.816666666666663,30.316666666666663,35.050000000000004,36.785377,-119.77307366666668,6.5,9.409007604669943,21.240992395330053,230.04230555555552,7.233285654573673,7.0674050412002885,0.45710833333333334,7.607399953395046,7.8913166666666665
2023-06-09 14:30:00,1686346500.0,8.323333333333332,6.081666666666667,8.563333333333334,30.616666666666664,26.316666666666663,30.78333333333333,33.6,36.785335,-119.77310316666669,4.4,9.100836205261082,21.51583046140558,219.04238888888884,7.067124699738902,6.946180965311379,0.4583833333333333,7.499896530929617,7.801216666666666
2023-06-09 15:30:00,1686350100.0,8.141666666666667,5.97,8.345,30.883333333333336,25.95,31.133333333333336,33.2,36.78539233333333,-119.77311966666666,4.7,9.11864875404663,21.76468457928671,211.27625,6.966613474761797,6.860268353591499,0.45929166666666665,7.399200882499372,7.737916666666667
2023-06-09 16:30:00,1686353700.0,8.308333333333334,6.18,8.496666666666668,30.25,26.75,30.883333333333336,33.63333333333333,36.78539583333333,-119.77313866666668,7.2,9.031681513807303,21.218318486192697,222.24791666666667,7.087200749238484,6.919153637091417,0.4584583333333333,7.4925039507790485,7.756583333333333
2023-06-09 17:30:00,1686357300.0,9.296666666666669,6.781666666666666,9.463333333333331,29.8,26.566666666666663,30.933333333333334,32.63333333333333,36.78541766666667,-119.77312466666666,9.7,8.547056118545168,21.252943881454833,246.98144444444446,7.694418986220338,7.480202314344132,0.4535166666666667,8.01601725918744,8.286100000000001
2023-06-09 18:30:00,1686360900.0,9.853333333333332,7.226666666666667,10.118333333333334,28.133333333333336,29.133333333333336,29.7,35.28333333333333,36.785408,-119.7731145,9.0,8.484737134092569,19.648596199240767,287.06044444444444,7.972762104144024,7.681408144251516,0.4507333333333334,8.28194892678767,8.357399999999998
2023-06-09 19:30:00,1686364500.0,10.028333333333334,7.271666666666667,10.295,26.316666666666663,33.233333333333334,28.35,39.28333333333333,36.7854005,-119.773112,10.1,8.85754108137137,17.459125585295293,333.2749444444445,8.463673147417769,7.736150762159382,0.4498583333333333,8.193855721001944,8.0999
2023-06-09 20:30:00,1686368100.0,9.788333333333334,7.006666666666667,10.07,24.566666666666663,37.78333333333333,26.666666666666668,44.31666666666666,36.78537733333334,-119.7731185,7.4,9.219338878744356,15.347327787922307,369.8358611111111,7.4561720289057885,7.273106689342334,0.45105833333333334,7.832557040032474,7.58835
2023-06-09 21:30:00,1686371700.0,8.256666666666666,5.984999999999999,8.493333333333334,23.183333333333334,39.2,25.166666666666668,45.5,36.785375,-119.7731145,5.3,8.532701731622389,14.650631601710945,323.66133333333335,6.518133910386552,6.354927429982736,0.4587166666666667,7.033754359519529,6.6714666666666655
2023-06-09 22:30:00,1686375300.0,6.958333333333333,4.963333333333334,7.234999999999999,22.08333333333333,40.43333333333333,23.83333333333333,47.15,36.78538383333333,-119.77312216666668,11.5,8.005397258764573,14.077936074568756,281.3486111111111,5.67574123164435,5.575226566254183,0.46520833333333333,6.36025433224916,5.8915
2023-06-09 23:30:00,1686378900.0,6.353333333333333,4.5183333333333335,6.575,21.1,43.86666666666667,22.71666666666667,51.61666666666667,36.78540366666667,-119.77307266666666,7.7,8.320616936642779,12.779383063357223,278.69955555555555,5.177351339201178,5.088988730403506,0.4682333333333333,5.895897189976938,5.285066666666666
2023-06-10 00:30:00,1686382500.0,7.614999999999999,5.255,7.919999999999999,19.8,48.76666666666667,20.966666666666665,58.43333333333334,36.785426666666666,-119.773107,11.6,8.70090055810861,11.09909944189139,371.3581666666667,5.584431282034503,5.584454481894218,0.46192500000000003,6.183063057048847,5.524633333333332
2023-06-10 01:30:00,1686386100.0,6.588333333333334,4.5200000000000005,6.835,18.516666666666666,51.16666666666666,19.4,61.36666666666667,36.785363,-119.77311033333336,6.9,8.22990600240245,10.286760664264216,337.1030555555555,4.916382330651203,4.906641506863175,0.4670583333333333,5.591260160038292,4.786766666666667
2023-06-10 02:30:00,1686389700.0,5.305,3.64,5.526666666666666,17.7,52.11666666666667,18.683333333333334,61.81666666666666,36.7854025,-119.7730725,3.5,7.746078184994066,9.953921815005934,276.47891666666663,4.209376284644058,4.147518470221842,0.473475,5.002911342842737,4.038683333333333
2023-06-10 03:30:00,1686393300.0,4.86,3.275,5.05,17.266666666666666,53.01666666666667,18.0,63.38333333333333,36.78539533333333,-119.77316016666668,2.3,7.596147530965071,9.670519135701594,257.66100000000006,3.920619228029452,3.859756860350365,0.4757,4.755277135457627,3.7307833333333327
2023-06-10 04:30:00,1686396900.0,4.368333333333333,2.955,4.6066666666666665,16.866666666666664,53.71666666666667,17.533333333333335,64.36666666666666,36.78537383333333,-119.77310183333331,2.7,7.417338189292953,9.449328477373712,234.65230555555556,3.6481759798994147,3.5544754509176726,0.4781583333333333,4.536222243719012,3.415616666666666
2023-06-10 05:30:00,1686400500.0,5.083333333333333,3.373333333333333,5.29,16.366666666666667,55.2,16.900000000000002,66.41666666666667,36.78538816666667,-119.7730955,1.6,7.351280665763198,9.015386000903469,280.6,3.923216892678082,3.8908795029590078,0.47458333333333336,4.726973150934011,3.661333333333333
2023-06-10 06:30:00,1686404100.0,5.003333333333333,3.4,5.211666666666667,16.183333333333334,55.21666666666667,16.766666666666666,66.01666666666667,36.78540616666667,-119.77314116666666,-0.1,7.184876178361597,8.998457154971737,276.2673888888889,3.9137963234629343,3.845387232742257,0.47498333333333337,4.7102370273071035,3.6183166666666664
2023-06-10 07:30:00,1686407700.0,5.066666666666666,3.3383333333333334,5.318333333333333,16.45,54.23333333333333,16.916666666666668,65.23333333333333,36.785380833333335,-119.7730995,1.8,7.170293516249858,9.279706483750141,274.7822222222222,3.948410705597044,3.9231146924158904,0.4746666666666667,4.7828214870979835,3.734833333333333
2023-06-10 08:30:00,1686411300.0,4.951666666666667,3.273333333333333,5.196666666666666,17.866666666666667,48.8,18.266666666666666,58.5,36.78536716666667,-119.77312216666668,3.2,6.936774817219014,10.929891849447653,241.64133333333334,4.118224722972883,4.092364945885105,0.4752416666666667,5.016803396082773,4.136866666666667
2023-06-10 09:30:00,1686414900.0,7.086666666666667,5.058333333333333,7.296666666666667,20.35,41.85,20.2,51.96666666666667,36.78536516666667,-119.77310666666666,4.4,6.9523831811004495,13.397616818899552,296.577,5.699405710067136,5.586142230725018,0.46456666666666663,6.354298086127421,5.837816666666667
2023-06-10 10:30:00,1686418500.0,6.685,4.953333333333333,6.888333333333333,21.55,37.18333333333333,21.53333333333333,46.2,36.78537816666667,-119.773103,8.5,6.304243039754834,15.245756960245167,248.5705833333333,5.731120048858333,5.561982255949341,0.46657499999999996,6.40972046062418,6.025616666666666
2023-06-10 11:30:00,1686422100.0,9.788333333333332,7.663333333333333,10.055,22.1,34.21666666666667,22.53333333333333,41.66666666666666,36.7853725,-119.77308033333333,12.2,5.586225197004983,16.51377480299502,334.9241388888889,7.919786518818986,7.426461494054194,0.45105833333333334,8.192233391509435,7.891516666666666
2023-06-10 12:30:00,1686425700.0,4.88,3.4333333333333336,5.093333333333334,23.53333333333333,32.11666666666667,24.05,38.9,36.785425833333335,-119.7730855,7.7,5.925757906288666,17.607575427044665,156.72933333333333,4.712711963425923,4.769581266257338,0.4756,5.627369769626982,5.517683333333332
2023-06-10 13:30:00,1686429300.0,3.3866666666666667,2.2133333333333334,3.543333333333333,25.85,26.116666666666664,25.816666666666663,32.2,36.78539833333333,-119.77312583333332,3.7,4.938868958242249,20.911131041757752,88.44844444444443,3.8221019591146144,4.191749010611121,0.48306666666666664,4.866132596587744,5.25115
2023-06-10 14:30:00,1686432600.2,3.5460000000000003,2.446,3.738,27.9,22.56,27.660000000000004,27.94,36.785379,-119.773096,3.6,4.567015911480944,23.332984088519055,79.99776,3.9885787585075527,4.433852036048861,0.48227,4.941969541934855,5.63632
2023-06-10 15:30:00,1686435901.0,4.111666666666666,2.898333333333333,4.238333333333333,29.016666666666666,20.8,28.8,25.816666666666663,36.78538966666667,-119.77312333333332,4.0,4.332832025036723,24.683834641629943,85.52266666666667,4.381993672682551,4.826127404709224,0.47944166666666665,5.209938780840881,6.080066666666666
2023-06-10 16:30:00,1686439501.0,9.078333333333331,6.623333333333334,9.348333333333334,28.78333333333333,19.683333333333334,28.883333333333336,24.5,36.785415666666665,-119.77310566666668,4.6,3.354860788364025,25.428472544969306,178.69186111111108,7.799403165777688,7.653962519247634,0.45460833333333334,8.10086810434125,8.757649999999998
2023-06-10 17:30:00,1686443101.0,4.68,3.3000000000000003,4.901666666666666,27.916666666666668,20.716666666666665,28.73333333333333,25.48333333333333,36.78539333333333,-119.77313483333334,2.7,3.366048056384505,24.550618610282164,96.95399999999998,4.775519291415646,5.147804204896268,0.47659999999999997,5.582985911467715,6.382683333333333
2023-06-10 18:30:00,1686446701.0,5.863333333333333,4.175,6.06,26.183333333333334,25.416666666666668,27.266666666666666,31.0,36.78540616666667,-119.77310416666668,3.5,4.831826336347553,21.35150699698578,149.0263888888889,5.503451802172998,5.6080264584796,0.47068333333333334,6.252138045703804,6.598516666666667
2023-06-10 19:30:00,1686450301.0,6.471666666666667,4.598333333333334,6.66,24.383333333333336,29.016666666666666,25.883333333333336,34.800000000000004,36.78539033333333,-119.77311716666668,7.3,5.197327254280919,19.18600607905242,187.78619444444445,5.804476820012724,5.793720004785872,0.4676416666666667,6.527473321154235,6.60885
2023-06-10 20:30:00,1686453901.0,7.338333333333334,5.11,7.686666666666666,22.95,32.983333333333334,24.683333333333334,38.98333333333333,36.785362166666665,-119.77311333333334,7.9,5.801394929452668,17.148605070547333,242.04269444444446,6.171157499833004,6.108236169334315,0.4633083333333333,6.883573511498191,6.7223500000000005
2023-06-10 21:30:00,1686457501.0,8.216666666666667,5.851666666666667,8.523333333333333,21.73333333333333,39.8,23.433333333333334,47.05,36.7854035,-119.7731105,7.3,7.459923413449797,14.273409919883534,327.0233333333333,6.437161388142781,6.3067415959618796,0.45891666666666664,7.004197171977466,6.599666666666667
2023-06-10 22:30:00,1686461101.0,8.311666666666667,5.7316666666666665,8.565,20.8,42.36666666666667,22.46666666666667,49.61666666666667,36.7853915,-119.77310816666666,7.7,7.537579772581999,13.262420227418001,352.13761111111114,6.296278667194258,6.249554560506786,0.45844166666666664,6.865573188322717,6.4309
2023-06-10 23:30:00,1686464701.0,7.944999999999999,5.585,8.181666666666667,19.966666666666665,42.85,21.45,50.1,36.7853745,-119.77310916666666,5.8,6.951265036160618,13.015401630506048,340.44325,6.111498361626531,6.023551064310627,0.46027500000000005,6.693824354034487,6.1991499999999995
2023-06-11 00:30:00,1686468301.0,7.461666666666667,5.1033333333333335,7.713333333333334,19.08333333333333,44.11666666666667,20.3,52.26666666666667,36.785354000000005,-119.77310183333331,5.1,6.576320817423081,12.507012515910247,329.1838611111111,5.728323450956687,5.6985690039646375,0.4626916666666666,6.3893355444523,5.8401499999999995
2023-06-11 01:30:00,1686471301.0,9.96,6.87,10.26,18.475,48.55,19.6,57.875,36.785405,-119.773117,4.0,7.419885387214853,11.055114612785149,483.558,6.858554520054062,6.906256931819643,0.45019999999999993,7.224365864766664,6.76245
2023-06-11 09:30:00,1686501900.0,11.855,7.555,12.325,18.35,52.875,19.5,60.875,36.78541575,-119.77312675,2.7,8.560780879242675,9.789219120757327,626.833125,5.407998094504862,6.2144310232175854,0.440725,7.613039297709966,7.380224999999999
2023-06-11 10:30:00,1686504900.0,11.265,7.239999999999999,11.703333333333331,20.28333333333333,47.06666666666666,20.58333333333333,57.5,36.7853915,-119.77313483333334,5.6,8.618252668728585,11.665080664604746,530.206,6.060427777461117,6.649062665057327,0.443675,7.829818911505315,7.5671333333333335
2023-06-11 11:30:00,1686508500.0,11.826666666666668,7.886666666666667,12.276666666666666,24.066666666666663,37.98333333333333,23.566666666666663,48.6,36.785373666666665,-119.77313616666667,6.1,8.853203138521682,15.213463528144981,449.2162222222222,7.760708381386955,7.786431563857761,0.4408666666666667,8.76321382359691,8.631283333333336
2023-06-11 12:30:00,1686512100.0,17.815,11.86,18.37666666666667,25.916666666666668,34.300000000000004,25.1,45.583333333333336,36.785387166666666,-119.77311816666668,10.2,8.97548109969406,16.941185566972607,611.0545000000001,9.952215166432106,10.02382615216479,0.410925,11.963701995041701,12.058300000000001
2023-06-11 13:30:00,1686515700.0,16.30333333333333,11.238333333333337,16.82166666666667,28.316666666666663,29.75,27.28333333333333,39.75,36.78537683333334,-119.77309166666667,7.8,8.952773653777053,19.363893012889612,485.0241666666666,10.538243357617059,10.040704872218793,0.4184833333333334,11.590138659513228,11.658983333333332
2023-06-11 14:30:00,1686519300.0,14.311666666666667,10.353333333333332,14.603333333333332,29.683333333333334,26.816666666666663,28.83333333333333,35.36666666666667,36.78537683333334,-119.7731435,9.6,8.586297997255892,21.09703533607744,383.7911944444444,10.858794488269773,9.737975164007121,0.42844166666666667,10.733086532599454,10.87265
2023-06-11 15:30:00,1686522900.0,12.39,9.098333333333334,12.62,30.6,24.95,30.28333333333333,32.51666666666667,36.7853895,-119.77312466666666,11.4,8.29730745880135,22.302692541198653,309.1305,10.76538834402442,9.34360321478534,0.43805,9.770741306748796,10.03205
2023-06-11 16:30:00,1686526500.0,10.13,7.433333333333334,10.313333333333334,30.566666666666663,25.066666666666663,30.416666666666668,32.63333333333333,36.78538183333333,-119.77311966666666,8.4,8.338025727221634,22.22864093944503,253.92533333333333,10.091700155881009,8.63438228570628,0.44935,8.514072986462295,8.846933333333334
2023-06-11 17:30:00,1686530100.0,8.141666666666667,5.935,8.378333333333332,27.683333333333334,29.666666666666668,28.366666666666664,37.45,36.78534633333333,-119.7731375,6.3,8.365068378606397,19.318264954726935,241.53611111111115,6.851011700067887,6.7004640477468955,0.45929166666666665,7.3519933257970775,7.422000000000001
2023-06-11 18:30:00,1686533700.0,7.251666666666666,5.251666666666666,7.45,26.25,30.266666666666666,27.666666666666668,36.333333333333336,36.78535016666667,-119.77314383333334,5.3,7.421529888219989,18.82847011178001,219.48377777777776,6.2671644172968035,6.176536837065877,0.46374166666666666,6.876292132574417,6.9082
2023-06-11 19:30:00,1686537300.0,6.701666666666667,4.7316666666666665,6.881666666666667,24.766666666666666,33.1,26.516666666666666,39.266666666666666,36.78541833333333,-119.77312966666666,7.2,7.442471883274877,17.32419478339179,221.8251666666667,5.787125459718797,5.746880271294767,0.46649166666666664,6.490268393398938,6.381366666666667
2023-06-11 20:30:00,1686540900.0,9.308333333333332,6.359999999999999,9.555,23.23333333333333,40.13333333333333,25.066666666666663,47.71666666666667,36.785405,-119.77311966666667,7.8,8.925818923919586,14.307514409413745,373.5744444444444,6.941089433970639,6.903410551050699,0.4534583333333333,7.418168377655524,7.138999999999999
2023-06-11 21:30:00,1686544500.0,5.666666666666667,3.806666666666666,5.935,21.85,41.78333333333333,23.45,49.23333333333333,36.785406,-119.77312233333332,10.0,8.279795279588951,13.57020472041105,236.7722222222222,4.78582432824967,4.794240728781811,0.4716666666666666,5.646670545077998,5.105083333333333
2023-06-11 22:30:00,1686548100.0,3.931666666666666,2.7116666666666664,4.118333333333333,20.433333333333334,42.03333333333333,21.883333333333336,49.41666666666666,36.78537866666667,-119.77309283333334,7.7,7.091322151321115,13.342011182012218,165.26105555555552,3.8461513648331054,3.8124194561032656,0.48034166666666667,4.849778402454909,4.181633333333333
2023-06-11 23:30:00,1686551700.0,3.3716666666666666,2.1566666666666667,3.5500000000000003,19.166666666666668,43.81666666666666,20.3,52.01666666666667,36.785354000000005,-119.77312083333334,3.7,6.552561120353891,12.614105546312777,147.73519444444443,3.4205807777833033,3.4223124408888763,0.48314166666666664,4.508858959922016,3.7388500000000002
2023-06-12 00:30:00,1686555000.0,3.54,2.302,3.724,17.880000000000003,48.260000000000005,18.7,58.32000000000001,36.7854248,-119.7731048,1.6,6.786684610912684,11.09331538908732,170.84040000000002,3.38399869484992,3.3254793342156104,0.48229999999999995,4.417401006064258,3.4486999999999988
2023-06-12 08:30:00,1686584400.0,7.49,4.464,8.012,18.54,52.88,18.92,63.17999999999999,36.7853654,-119.7731096,2.4,8.738215702850596,9.801784297149403,396.07120000000003,5.040987161777413,5.337632861453792,0.46255,5.812722405799962,5.109999999999999
2023-06-12 09:30:00,1686587700.0,7.348333333333334,4.5183333333333335,7.765000000000001,20.766666666666666,46.46666666666667,20.433333333333334,58.45,36.7853965,-119.77312616666669,1.4,8.869367348651688,11.897299318014978,341.4525555555556,5.345136761419136,5.534094635996994,0.4632583333333333,6.132195919633983,5.581466666666666
2023-06-12 10:30:00,1686591300.0,6.625,4.234999999999999,6.963333333333334,24.48333333333333,37.15,23.25,49.53333333333333,36.78539083333333,-119.7731515,1.8,8.894412836419725,15.588920496913605,246.11874999999998,5.416910895529414,5.529833734188449,0.466875,6.252752766128506,5.99725
2023-06-12 11:30:00,1686594900.0,5.908333333333334,3.86,6.095,25.96666666666667,34.2,24.6,46.66666666666666,36.7853845,-119.77311583333334,0.2,8.976058730023519,16.99060793664315,202.06500000000005,5.136158330618089,5.2555586447718445,0.47045833333333337,5.975458926298895,5.875333333333334
2023-06-12 12:30:00,1686598500.0,5.661666666666666,3.855,5.858333333333333,27.35,31.916666666666668,26.133333333333336,43.38333333333333,36.78538016666666,-119.77310183333331,1.6,9.159036942293334,18.190963057706668,180.70152777777776,5.1119533131558965,5.215676102382592,0.4716916666666667,5.9330315678513355,5.9411499999999995
2023-06-12 13:30:00,1686602100.0,6.148333333333333,4.2,6.441666666666666,28.53333333333333,30.016666666666666,27.48333333333333,40.75,36.785418666666665,-119.77309783333334,9.3,9.272248351977467,19.261084981355864,184.5524722222222,5.461498582144434,5.569755042190983,0.4692583333333333,6.242755302262667,6.355716666666666
2023-06-12 14:30:00,1686605700.0,7.316666666666666,5.095,7.528333333333333,28.95,30.2,28.4,40.266666666666666,36.78539033333333,-119.773097,9.2,9.7227240325275,19.2272759674725,220.9633333333333,6.205315431043487,6.215783504934834,0.4634166666666667,6.82664621631333,6.947666666666667
2023-06-12 15:30:00,1686609300.0,6.546666666666667,4.596666666666667,6.825,29.58333333333333,27.96666666666667,29.066666666666663,36.98333333333333,36.785418166666666,-119.77314133333334,6.6,9.12329759964581,20.46003573368752,183.08844444444446,5.807052571749489,5.880843693008609,0.46726666666666666,6.500760276255122,6.7371
2023-06-12 16:30:00,1686612900.0,6.0675,4.3375,6.295,29.15,27.4,29.125,35.475,36.78542325,-119.773096,3.2,8.4497171491523,20.7002828508477,166.24949999999998,5.5544060891192215,5.637020934301328,0.46966250000000004,6.2688881860611065,6.536099999999999
2023-06-12 17:30:00,1686616200.142857,6.041428571428571,4.2457142857142856,6.215714285714285,28.82857142857143,27.8,29.4,35.2,36.78541285714285,-119.77311714285716,5.0,8.389112113384764,20.439459315186667,167.95171428571427,5.502749873069326,5.60523019717864,0.4697928571428572,6.2265404678580625,6.488542857142857
2023-06-12 18:30:00,1686620100.0,7.861666666666667,5.603333333333334,8.126666666666667,27.566666666666663,30.73333333333333,28.65,38.05,36.785424,-119.77312483333333,7.8,8.786627914399196,18.780038752267465,241.61522222222223,6.584696043262818,6.4978861221515025,0.46069166666666667,7.152941151801357,7.185733333333333
2023-06-12 19:30:00,1686623700.0,8.423333333333334,6.0616666666666665,8.665000000000001,26.03333333333333,34.233333333333334,27.71666666666667,41.15,36.7854215,-119.77310583333332,5.0,9.049031530700134,16.984301802633198,288.3587777777778,6.81593667730424,6.66176020147473,0.45788333333333336,7.320470994874585,7.180300000000001
2023-06-12 20:30:00,1686627300.0,11.148333333333332,8.1,11.461666666666666,24.416666666666668,39.266666666666666,26.33333333333333,46.63333333333333,36.78536416666667,-119.77310683333332,8.3,9.659127587406417,14.757539079260251,437.75788888888883,7.855565485456676,7.441053073665028,0.44425833333333337,8.42447281956537,8.169466666666667
2023-06-12 21:30:00,1686630900.0,13.646666666666668,9.865,13.97,23.366666666666664,42.56666666666666,25.316666666666663,50.16666666666666,36.785385,-119.773108,9.3,9.92201374585991,13.444652920806753,580.8931111111111,8.168165682362302,7.861084468123631,0.43176666666666663,9.364135677168644,9.1881
2023-06-12 22:30:00,1686634500.0,11.95,8.613333333333333,12.326666666666666,22.366666666666664,45.45,24.016666666666666,54.06666666666666,36.78538316666667,-119.77311066666664,5.4,9.996654200848507,12.370012465818156,543.1275,7.168540590394391,7.031879747451491,0.44025,8.372096406223731,8.060749999999999
2023-06-12 23:30:00,1686638100.0,4.713333333333334,3.2616666666666667,4.913333333333333,20.683333333333334,46.6,21.85,56.01666666666667,36.785356666666665,-119.773098,4.1,8.835832212358149,11.847501120975185,219.64133333333336,4.116929403906563,4.053563478454725,0.4764333333333333,5.002144999093162,4.199933333333334
2023-06-13 00:30:00,1686641700.0,4.92,3.498333333333333,5.115,19.33333333333333,49.28333333333333,20.48333333333333,58.833333333333336,36.78535866666667,-119.77308933333336,4.8,8.428347285158361,10.904986048174967,242.474,4.164899558875893,4.053859521666775,0.4754,4.989216542088525,4.079316666666667
2023-06-13 01:30:00,1686645300.0,4.98,3.513333333333333,5.185,18.5,52.583333333333336,19.566666666666663,62.75,36.78534583333333,-119.77310433333334,7.0,8.617900719318541,9.882099280681459,261.865,4.052598121261305,3.9455522409812893,0.47509999999999997,4.84567109357606,3.830016666666667
2023-06-13 09:30:00,1686674100.0,6.846666666666667,4.596666666666667,7.204999999999999,23.05,43.51666666666667,23.21666666666667,53.3,36.785403333333335,-119.7731335,-0.5,9.966083320802232,13.083916679197769,297.94411111111117,5.354931554284906,5.380154130088547,0.46576666666666666,6.102468086160104,5.571349999999999
2023-06-13 10:30:00,1686677700.0,7.29,5.321666666666666,7.513333333333333,25.95,37.25,25.21666666666667,48.91666666666666,36.785404166666666,-119.7731525,5.5,10.235037194286472,15.714962805713528,271.5525,6.025406741247463,5.897731732036041,0.46354999999999996,6.622667914381372,6.33455
2023-06-13 11:30:00,1686681300.0,7.928333333333334,5.806666666666668,8.083333333333334,28.1,33.45,27.46666666666667,44.25,36.785387,-119.77309016666668,7.9,10.51412881384534,17.585871186154662,265.20275000000004,6.566204769196956,6.418391539674994,0.46035833333333337,7.062730933885284,6.989483333333333
2023-06-13 12:30:00,1686684900.0,12.313333333333333,9.388333333333334,12.526666666666666,29.666666666666668,30.633333333333336,28.85,41.13333333333333,36.78540683333333,-119.7730915,9.2,10.555397034899805,19.111269631766863,377.1984444444445,9.982742352268422,8.716683608983828,0.43843333333333334,9.515357600717014,9.5091
2023-06-13 13:30:00,1686688500.0,8.676666666666668,6.5683333333333325,8.931666666666667,30.0,30.25,29.683333333333334,40.03333333333333,36.785387,-119.77308783333332,6.2,10.654180443921277,19.345819556078723,262.4691666666667,7.232078054518896,6.974819873880177,0.45661666666666667,7.6092992367366925,7.650616666666667
2023-06-13 14:30:00,1686692100.0,9.176666666666668,6.8116666666666665,9.416666666666666,30.916666666666668,28.53333333333333,30.65,37.5,36.785404166666666,-119.77308516666666,5.8,10.5646491176712,20.35201754899547,261.8408888888889,7.566959750406964,7.328478699911847,0.45411666666666667,7.896069155333957,8.056533333333334
2023-06-13 15:30:00,1686695700.0,9.615,7.348333333333334,9.81,31.23333333333333,27.5,31.28333333333333,35.65,36.78534316666667,-119.77309783333334,7.3,10.281868883264464,20.95146445006887,264.4125,7.970217071908411,7.618241894764112,0.451925,8.187241098135052,8.3723
2023-06-13 16:30:00,1686699300.0,9.735,7.471666666666667,9.876666666666669,30.96666666666667,27.23333333333333,31.55,34.51666666666667,36.78539333333333,-119.77311566666668,7.7,9.908641121827714,21.058025544838955,265.1165,8.075536366096834,7.696871163025322,0.451325,8.259472615553902,8.457366666666667
2023-06-13 17:30:00,1686702900.0,8.268333333333333,6.336666666666666,8.531666666666666,29.83333333333333,28.23333333333333,31.08333333333333,34.75,36.78538483333333,-119.77311733333332,8.2,9.478449234202738,20.35488409913059,233.44261111111106,7.080719051401613,6.832987407511079,0.45865833333333333,7.484851560491057,7.609699999999999
2023-06-13 18:30:00,1686706500.0,11.138333333333334,8.083333333333334,11.454999999999998,28.48333333333333,29.83333333333333,30.25,35.7,36.78538533333333,-119.77310316666669,5.5,9.138047464473134,19.345285868860195,332.2936111111111,9.418432824669061,8.439309366525656,0.4443083333333333,8.918464181858582,8.9661
2023-06-13 19:30:00,1686710100.0,11.558333333333332,8.253333333333332,11.916666666666666,26.71666666666667,32.333333333333336,28.766666666666666,38.11666666666667,36.785375,-119.77311466666669,7.6,8.799951873757898,17.91671479290877,373.71944444444443,8.995384584784725,8.303437327163142,0.4422083333333333,9.02124279156494,8.972
2023-06-13 20:30:00,1686713700.0,7.57,5.468333333333334,7.8,25.3,36.3,27.616666666666664,42.23333333333333,36.785386333333335,-119.77311333333334,6.9,9.273906712829849,16.026093287170152,274.791,6.22011435427039,6.095293378972635,0.46215000000000006,6.809160503866966,6.5609
2023-06-13 21:30:00,1686717300.0,7.918333333333333,5.698333333333333,8.18,24.4,39.53333333333333,26.71666666666667,45.81666666666666,36.7853735,-119.773093,7.9,9.745232799258282,14.654767200741716,313.0381111111111,6.276660138993866,6.151231480807992,0.4604083333333333,6.8329888212109635,6.4672
2023-06-13 22:30:00,1686720900.0,8.225,5.8566666666666665,8.513333333333334,23.633333333333336,42.7,25.83333333333333,49.85,36.78539033333333,-119.77309533333334,7.0,10.2092835362439,13.424049797089436,351.2075,6.27799716430134,6.186715371872598,0.45887500000000003,6.805113251925732,6.3575
2023-06-13 23:30:00,1686724500.0,7.68,5.336666666666667,7.956666666666666,22.7,45.35,24.58333333333333,53.3,36.78537883333333,-119.773108,7.9,10.266613678039468,12.433386321960532,348.288,5.791541771629809,5.767740008394409,0.46159999999999995,6.38489562774937,5.848849999999999
2023-06-14 00:30:00,1686728100.0,5.821666666666666,4.051666666666667,6.096666666666667,21.683333333333334,45.6,23.33333333333333,53.68333333333334,36.78539233333333,-119.77310683333332,5.5,9.424487289727905,12.258846043605429,265.468,4.765824078272565,4.716889594788703,0.47089166666666665,5.5545307894562495,4.861266666666666
2023-06-14 09:30:00,1686760800.0,6.8,3.9459999999999993,7.558,25.1,37.44,26.04,43.68,36.7853952,-119.773114,5.5,9.557091569192835,15.542908430807167,254.59199999999998,5.347709166521334,5.615311452683416,0.466,6.354507296747207,6.0636
2023-06-14 10:30:00,1686764100.0,6.426666666666667,4.53,6.676666666666667,28.016666666666666,31.683333333333334,27.666666666666668,40.86666666666667,36.785392,-119.77312316666666,3.6,9.629477694446917,18.387188972219747,203.61822222222222,5.6346437048186395,5.653875898694336,0.4678666666666667,6.356597426902342,6.358783333333333
2023-06-14 11:30:00,1686767700.0,6.738333333333333,4.891666666666667,6.896666666666667,29.916666666666668,28.933333333333334,29.4,37.98333333333333,36.7853775,-119.77312216666668,6.2,9.915338669979795,20.001327996686875,194.96244444444446,5.9539286084480505,5.946555257569996,0.4663083333333333,6.56481756950091,6.7546
2023-06-14 12:30:00,1686771300.0,7.140000000000001,5.251666666666666,7.313333333333333,31.9,26.21666666666667,31.166666666666668,34.95,36.78539866666667,-119.77310683333332,8.8,10.132942234850017,21.767057765149982,187.18700000000004,6.299637949731528,6.288174010323964,0.4643,6.820251085842084,7.194383333333334
2023-06-14 13:30:00,1686774900.0,7.640000000000001,5.628333333333334,7.875,32.56666666666666,25.35,32.48333333333333,33.0,36.7853755,-119.77308016666666,7.9,10.193592091001422,22.373074575665242,193.67400000000004,6.647963737021195,6.605285663270097,0.4618,7.113986403685792,7.52805
2023-06-14 14:30:00,1686778500.0,6.826666666666667,5.133333333333334,7.001666666666666,32.766666666666666,24.78333333333333,33.1,31.78333333333333,36.78542916666667,-119.77311066666668,6.4,10.023797826482532,22.742868840184133,169.18755555555555,6.166271972564898,6.17443124569936,0.46586666666666665,6.675424011341326,7.153283333333333
2023-06-14 15:30:00,1686782100.0,6.388333333333333,4.778333333333333,6.576666666666667,33.18333333333333,24.2,33.6,30.85,36.785404,-119.77314266666669,4.7,10.017761691833964,23.165571641499366,154.59766666666664,5.874118003426862,5.954179340833312,0.4680583333333333,6.429701833169343,6.9749333333333325
2023-06-14 16:30:00,1686785700.0,7.145,5.425,7.285,32.61666666666667,24.55,33.53333333333333,30.7,36.785403333333335,-119.77312733333332,4.5,9.756216710345127,22.86044995632154,175.40975,6.40557147638593,6.362633612707331,0.464275,6.858486804909969,7.3386499999999995
2023-06-14 17:30:00,1686789300.0,7.665,5.811666666666667,7.811666666666667,32.11666666666667,25.1,33.5,30.766666666666666,36.78541883333333,-119.77314366666668,7.4,9.665690555832947,22.45097611083372,192.3915,6.739532112406808,6.630027225255847,0.46167499999999995,7.148313934346342,7.5623000000000005
2023-06-14 18:30:00,1686792900.0,9.676666666666668,7.294999999999999,9.895,30.816666666666663,27.28333333333333,32.516666666666666,33.266666666666666,36.785390166666666,-119.77313233333332,6.3,9.808189242921612,21.00847742374505,264.0117222222222,7.9870423920430795,7.66207241130832,0.45161666666666667,8.226851628721656,8.422783333333335
2023-06-14 19:30:00,1686796500.0,8.913333333333332,6.788333333333333,9.135,28.916666666666668,31.116666666666664,31.23333333333333,37.016666666666666,36.78540616666667,-119.77309666666667,9.6,10.140863525804912,18.775803140861754,277.35322222222214,7.372437451433353,7.0700174140395164,0.45543333333333336,7.717668032032098,7.7000166666666665
2023-06-14 20:30:00,1686800100.0,9.598333333333334,7.051666666666667,9.831666666666669,27.116666666666664,36.38333333333333,29.6,42.81666666666666,36.7853725,-119.77311833333331,8.4,10.914010486556746,16.20265618010992,349.21936111111114,7.464446001740077,7.226959843170948,0.45200833333333335,7.796544606975656,7.60855
2023-06-14 21:30:00,1686803700.0,10.711666666666666,7.774999999999999,10.96,25.8,40.73333333333333,28.21666666666667,47.8,36.78537766666667,-119.773126,8.5,11.447251641908752,14.35274835809125,436.3218888888888,7.517372592746667,7.150728186116906,0.4464416666666666,8.075121634020562,7.817733333333333
2023-06-14 22:30:00,1686807300.0,9.918333333333337,7.138333333333333,10.173333333333334,24.566666666666663,44.583333333333336,26.85,52.51666666666667,36.785382,-119.77311183333336,12.4,11.703471773394725,12.863194893271938,442.19236111111127,7.151292044590849,7.053489750500182,0.4504083333333333,7.451017970883182,7.077950000000001
2023-06-14 23:30:00,1686810900.0,7.071666666666666,5.001666666666666,7.286666666666666,23.21666666666667,45.46666666666667,25.183333333333334,53.6,36.785390666666665,-119.77309916666668,7.0,10.774692000300814,12.441974666365855,321.52511111111113,5.479828801711018,5.4222421562435335,0.4646416666666666,6.0976195885786115,5.5226
2023-06-15 00:30:00,1686814500.0,6.578333333333333,4.61,6.795000000000001,21.9,47.31666666666666,23.58333333333333,56.01666666666667,36.785389,-119.77312716666668,5.0,10.173813623913528,11.72618637608647,311.26480555555554,5.112403086930501,5.066581745231076,0.46710833333333335,5.782829829421168,5.108816666666666
2023-06-15 01:30:00,1686816900.0,7.135,4.91,7.48,21.1,49.1,22.700000000000003,58.2,36.785385,-119.7730065,6.2,9.99504815163345,11.104951848366552,350.3285,5.297490587282821,5.301468303276113,0.464325,5.947892213163904,5.246699999999999
2023-06-15 09:30:00,1686847200.0,7.973999999999999,5.134,8.632,25.2,38.4,25.82,46.18,36.7854028,-119.7731368,9.7,10.02400443764949,15.17599556235051,306.2016,6.12983486955588,6.231117440962137,0.46013,6.908657957800593,6.592479999999999
2023-06-15 10:30:00,1686850500.0,9.351666666666668,6.420000000000001,9.698333333333332,27.75,33.7,27.53333333333333,43.48333333333333,36.785372333333335,-119.77311066666664,7.8,10.319617826636685,17.430382173363313,315.15116666666677,7.275846621895042,7.204275970469008,0.45324166666666665,7.758432596902078,7.7083666666666675
2023-06-15 11:30:00,1686854100.0,10.775,7.426666666666667,11.155,29.316666666666663,31.45,29.066666666666663,41.15,36.785404,-119.77309666666667,8.3,10.647599953032568,18.669066713634095,338.87375000000003,8.783074392850844,8.155673343048552,0.446125,8.577972736883167,8.63975
2023-06-15 12:30:00,1686857700.0,10.608333333333333,7.315,10.951666666666666,30.65,29.73333333333333,30.666666666666668,38.5,36.78539216666667,-119.77311316666668,10.3,10.955390402718763,19.694609597281236,315.42111111111103,9.063609050269012,8.2865067783502,0.44695833333333335,8.541948756236858,8.699
2023-06-15 13:30:00,1686861300.0,9.508333333333333,6.7250000000000005,9.748333333333331,31.766666666666666,28.416666666666668,31.866666666666664,36.9,36.78538316666667,-119.7731095,8.4,11.231023603373819,20.535643063292845,270.1951388888889,7.650852654709092,7.5191273980909825,0.45245833333333335,8.002466682723199,8.238916666666666
2023-06-15 14:30:00,1686864900.0,9.56,6.918333333333333,9.855,32.63333333333333,27.65,32.95,35.81666666666667,36.78539683333333,-119.77313466666668,12.2,11.558078045592707,21.075255287740625,264.334,7.765686131550578,7.581009128082771,0.4522,8.081242723815942,8.330950000000001
2023-06-15 15:30:00,1686868500.0,8.878333333333332,6.431666666666668,9.121666666666666,32.45,27.4,33.11666666666667,34.88333333333333,36.785408,-119.773126,10.3,11.2644103650361,21.185589634963904,243.26633333333328,7.343334065892895,7.210232369080466,0.45560833333333334,7.716685207702741,7.997733333333333
2023-06-15 16:30:00,1686872100.0,9.375,6.794999999999999,9.648333333333332,32.06666666666667,27.7,33.2,34.61666666666667,36.78540366666667,-119.77312966666666,8.3,11.101898052555597,20.964768614111073,259.6875,7.655513576335249,7.475315582981116,0.453125,7.989049368947042,8.2305
2023-06-15 17:30:00,1686875700.0,10.295,7.441666666666666,10.64,31.21666666666667,28.98333333333333,32.93333333333333,35.38333333333333,36.785389,-119.77315633333336,11.1,11.057499849522287,20.15916681714438,298.3834166666666,9.365586321383047,8.269506985898447,0.448525,8.46032844582235,8.599816666666666
2023-06-15 18:30:00,1686879300.0,12.156666666666666,8.84,12.48,30.133333333333336,31.8,32.18333333333333,38.266666666666666,36.78538716666667,-119.77313383333336,13.0,11.523444950681183,18.60988838265215,386.582,9.451542307173705,8.54453721652044,0.43921666666666664,9.311248333784375,9.328466666666667
2023-06-15 19:30:00,1686882900.0,12.173333333333334,8.88,12.491666666666667,28.21666666666667,35.31666666666667,30.71666666666667,41.516666666666666,36.78538966666667,-119.7731235,12.2,11.43492541045893,16.781741256207738,429.9215555555556,8.880063238546771,8.176385204937644,0.4391333333333333,9.137789759173252,9.038216666666667
2023-06-15 20:30:00,1686886500.0,12.006666666666666,8.793333333333333,12.351666666666668,26.633333333333336,38.81666666666666,29.266666666666666,45.03333333333333,36.785370666666665,-119.77313883333332,16.4,11.462579885930607,15.17075344740273,466.0587777777777,8.294987047717996,7.753474279997766,0.4399666666666667,8.854465465716533,8.65405
2023-06-15 21:30:00,1686890100.0,12.966666666666669,9.406666666666666,13.346666666666666,25.53333333333333,41.91666666666666,28.166666666666668,48.333333333333336,36.78539466666667,-119.77312583333334,7.6,11.641415022070628,13.891918311262703,543.5194444444444,8.092118501831223,7.720413638472314,0.43516666666666665,9.088751135245586,8.889750000000001
2023-06-15 22:30:00,1686893700.0,13.08,9.438333333333334,13.435,24.666666666666668,42.91666666666666,27.133333333333336,49.5,36.785338333333335,-119.77306616666668,10.2,11.217455691750594,13.449210974916074,561.3499999999999,7.942115203731291,7.649209181626379,0.4346,9.05817893033225,8.863683333333334
2023-06-15 23:30:00,1686897300.0,10.788333333333334,7.63,11.18,23.316666666666663,44.16666666666666,25.433333333333334,51.46666666666667,36.7853885,-119.77311983333334,11.4,10.429472298467585,12.887194368199077,476.48472222222216,6.862786179857235,6.809922024978752,0.4460583333333334,7.908290116169395,7.5657666666666685
2023-06-16 00:30:00,1686900900.0,8.388333333333334,5.633333333333333,8.888333333333334,21.866666666666664,46.91666666666666,23.46666666666667,55.56666666666666,36.78541066666667,-119.77317433333332,8.9,10.016310645806564,11.850356020860099,393.55263888888885,6.028632873993108,6.096829699335907,0.45805833333333335,6.637751553555171,6.084016666666668
2023-06-16 01:30:00,1686903000.0,7.94,5.35,8.4,21.2,47.7,22.8,56.1,36.785275,-119.773178,9.6,9.65460710721153,11.545392892788469,378.73800000000006,5.757859553776209,5.812218715665738,0.4603,6.393390469080128,5.784299999999999
2023-06-16 08:30:00,1686930601.0,8.43,5.52,9.5,22.4,45.3,24.5,49.1,36.785297,-119.773079,8.5,9.977509997594327,12.422490002405672,381.87899999999996,6.082794924639694,6.1896616450407596,0.45785,6.879404523571451,6.2431
2023-06-16 09:30:00,1686933000.142857,7.704285714285715,5.107142857142857,8.104285714285714,24.985714285714288,37.642857142857146,25.914285714285715,44.57142857142857,36.78538785714286,-119.77312671428572,7.0,9.536161115501946,15.449553170212342,290.0113265306123,6.070157560169731,6.112714129738435,0.4614785714285714,6.780809096545919,6.516585714285714
2023-06-16 10:30:00,1686936900.0,7.951666666666667,5.1450000000000005,8.408333333333333,27.616666666666664,31.700000000000003,28.03333333333333,39.1,36.7853775,-119.77311583333334,10.4,9.289676760798992,18.32698990586767,252.06783333333337,6.4040572990547755,6.5066952867594186,0.46024166666666666,7.121282787293098,7.150366666666667
2023-06-16 11:30:00,1686940500.0,7.331666666666667,4.941666666666666,7.681666666666666,29.7,28.133333333333336,29.8,35.53333333333333,36.785372333333335,-119.773092,6.5,9.311465403248338,20.38853459675166,206.26422222222226,6.218039766280032,6.313038734377985,0.4633416666666667,6.892620118318565,7.131133333333333
2023-06-16 12:30:00,1686944100.0,7.876666666666666,5.38,8.206666666666665,31.183333333333334,26.516666666666666,30.916666666666668,34.483333333333334,36.785394,-119.773121,7.4,9.694756490655504,21.48857684267783,208.86294444444442,6.622468139763462,6.687584201163952,0.4606166666666667,7.199369005914546,7.55195
2023-06-16 13:30:00,1686947700.0,7.381666666666667,5.021666666666667,7.79,32.45,24.066666666666663,32.4,30.933333333333334,36.78537866666667,-119.77312583333332,6.7,9.31988802076285,23.130111979237153,177.65211111111108,6.359757011047928,6.5158766630613485,0.4630916666666667,6.972881742056335,7.502800000000001
2023-06-16 14:30:00,1686951300.0,6.681666666666668,4.553333333333334,6.953333333333333,32.96666666666667,22.33333333333333,33.416666666666664,27.85,36.78537633333334,-119.7731285,11.8,8.642521484862673,24.324145181803996,149.2238888888889,5.946860479851347,6.198617215633292,0.4665916666666666,6.56127916189061,7.286133333333335
2023-06-16 15:30:00,1686954900.0,6.445,4.4383333333333335,6.77,32.733333333333334,21.183333333333334,33.63333333333333,26.266666666666666,36.78537383333333,-119.77313983333332,8.1,7.669879937562973,25.06345339577036,136.52658333333335,5.835204200733905,6.115602066502463,0.46777500000000005,6.461725909784198,7.260816666666667
2023-06-16 16:30:00,1686958500.0,6.411666666666666,4.425,6.696666666666666,32.583333333333336,21.28333333333333,34.050000000000004,25.28333333333333,36.78536116666667,-119.773126,4.8,7.614991026018289,24.968342307315048,136.46163888888887,5.81724493346002,6.0926458745057275,0.4679416666666667,6.438022542796398,7.234983333333333
2023-06-16 17:30:00,1686962100.0,6.566666666666666,4.593333333333334,6.8566666666666665,32.1,20.33333333333333,33.800000000000004,23.95,36.785410500000005,-119.77311566666668,7.3,6.548947746956374,25.55105225304363,133.52222222222218,5.964939845547344,6.220245554286416,0.4671666666666667,6.548578404605174,7.396333333333334
2023-06-16 18:30:00,1686965700.0,8.74,6.201666666666667,9.056666666666668,30.666666666666668,23.683333333333334,32.76666666666667,28.05,36.785399000000005,-119.77310066666666,8.8,7.586740734324827,23.07992593234184,206.99233333333333,7.361054473332856,7.292612097939201,0.45630000000000004,7.782301506932642,8.241716666666667
2023-06-16 19:30:00,1686969300.0,13.288333333333334,9.54,13.746666666666664,29.03333333333333,30.03333333333333,31.55,35.38333333333333,36.78536733333333,-119.77312733333332,11.7,9.712085515270553,19.32124781806278,399.0929444444444,9.963450085746011,9.08099958190122,0.4335583333333334,10.042827470730247,10.0671
2023-06-16 20:30:00,1686972900.0,13.931666666666668,9.936666666666667,14.336666666666666,27.266666666666666,34.78333333333333,29.83333333333333,40.8,36.785359166666666,-119.77312583333332,14.9,10.370164548621121,16.896502118045547,484.5898055555556,9.33496215974492,8.775153576192741,0.4303416666666666,10.057842523625695,9.997883333333334
2023-06-16 21:30:00,1686976500.0,12.343333333333334,8.75,12.795,25.866666666666664,36.05,28.58333333333333,41.18333333333334,36.78537766666667,-119.77311316666668,14.5,9.671728444485739,16.194938222180923,444.9771666666666,8.593389745859366,8.150959479959827,0.43828333333333336,9.205879408718157,9.064283333333334
2023-06-16 22:30:00,1686980100.0,11.74,8.136666666666667,12.153333333333334,24.866666666666664,36.53333333333333,27.416666666666668,41.78333333333333,36.78537933333333,-119.77310033333332,10.7,8.985764692970266,15.880901973696398,428.9013333333333,8.18495337891163,7.913625370043616,0.4413,8.851330805801034,8.709466666666668
2023-06-16 23:30:00,1686983700.1666667,10.628333333333332,7.18,11.155,23.633333333333336,41.1,25.8,48.13333333333333,36.785396,-119.7731055,8.0,9.638431969159251,13.994901364174085,436.82449999999994,7.0188202397764154,7.086112282433057,0.44685833333333336,8.025771296479402,7.7432333333333325
2023-06-17 00:30:00,1686986400.0,9.753333333333334,6.44,10.223333333333334,22.666666666666668,43.93333333333334,24.666666666666668,51.6,36.78540966666666,-119.77316266666666,7.2,9.761661566950504,12.905005099716163,428.4964444444445,6.892840183164428,6.9890877920962655,0.4512333333333334,7.404551020700782,7.0474
2023-06-17 09:30:00,1687019701.0,18.1625,12.46,18.9675,27.35,37.275,28.525,44.175,36.78539825,-119.77311725,13.3,11.486054638572867,15.863945361427135,677.0071875,9.944700678510413,9.815179020329406,0.40918750000000004,11.953204406184316,11.986125000000001
2023-06-17 10:30:00,1687022701.0,18.08333333333333,12.773333333333332,18.745,30.133333333333336,31.58333333333333,30.25,40.083333333333336,36.78538433333333,-119.77311083333332,13.1,11.419999674543885,18.713333658789452,571.1319444444442,11.015844553046968,10.39493434681866,0.40958333333333335,12.41235581843749,12.428749999999997
2023-06-17 11:30:00,1687026301.0,15.725,10.888333333333334,16.294999999999998,32.03333333333334,27.7,31.73333333333333,36.16666666666666,36.78538716666667,-119.77312983333331,14.7,11.073449911576576,20.959883421756764,435.5825,10.837619183625312,10.079990133979997,0.42137500000000006,11.374821044337772,11.532499999999999
2023-06-17 12:30:00,1687029901.0,13.098333333333334,9.281666666666666,13.535000000000002,33.800000000000004,24.23333333333333,33.76666666666667,30.85,36.785373,-119.77312233333332,15.9,10.555938006654168,23.244061993345838,317.4162777777778,10.95497131829307,9.638080607360726,0.43450833333333333,10.1124907792702,10.461300000000001
2023-06-17 13:30:00,1687033501.0,9.106666666666667,6.495,9.391666666666667,34.85,21.46666666666667,35.083333333333336,26.98333333333333,36.7853945,-119.77316033333334,1.1,9.616131848680295,25.233868151319705,195.48977777777782,7.629364250402293,7.593143162780376,0.45446666666666663,7.917627513233969,8.620800000000001
2023-06-17 14:30:00,1687037101.0,8.576666666666666,6.095,8.834999999999999,35.96666666666667,19.83333333333333,36.38333333333333,24.71666666666667,36.785407166666666,-119.773131,6.2,9.355815477181046,26.610851189485622,170.10388888888883,7.293632487818487,7.366732323262523,0.45711666666666667,7.589584581721049,8.484033333333333
2023-06-17 15:30:00,1687040701.0,8.051666666666668,5.661666666666666,8.248333333333333,36.31666666666667,19.016666666666666,36.95,23.21666666666667,36.78541233333333,-119.77314366666668,8.4,9.01665790398722,27.30000876267945,153.11586111111112,6.929266797805139,7.108006011819313,0.4597416666666667,7.252602924511745,8.28045
2023-06-17 16:30:00,1687044301.0,7.385000000000001,5.4433333333333325,7.505,35.61666666666667,18.766666666666666,36.81666666666667,22.683333333333334,36.785358333333335,-119.7731105,5.8,8.251260271245188,27.36540639542148,138.59183333333334,6.589691771037183,6.745624688875718,0.46307499999999996,6.911846981107196,7.955033333333334
2023-06-17 17:30:00,1687047901.0,7.621666666666667,5.59,7.846666666666667,35.050000000000004,18.316666666666663,36.61666666666667,21.71666666666667,36.78538566666666,-119.773131,6.9,7.434119100251465,27.61588089974854,139.60352777777774,6.756349773561366,6.897434516755792,0.46189166666666664,7.08336841091989,8.11635
2023-06-17 18:30:00,1687051501.0,6.866666666666667,5.013333333333333,7.053333333333334,33.81666666666667,17.866666666666667,36.15,20.466666666666665,36.78538866666667,-119.773117,2.8,6.071973397508422,27.744693269158248,122.68444444444445,6.252798075804863,6.494212738532345,0.4656666666666666,6.660226525529293,7.7620000000000005
2023-06-17 19:30:00,1687055101.0,7.285,5.16,7.575,31.63333333333333,20.816666666666663,34.46666666666667,23.8,36.78536983333333,-119.77313116666666,6.4,6.506108430970817,25.127224902362514,151.64941666666664,6.4629442239894015,6.60151193300352,0.463575,6.976054090293851,7.728783333333334
2023-06-17 20:30:00,1687058700.8333333,6.946666666666666,4.803333333333334,7.261666666666667,29.266666666666666,23.883333333333336,32.31666666666667,27.0,36.78538916666667,-119.77312583333332,6.0,6.534615138036739,22.732051528629928,165.90955555555556,6.154951307150002,6.280291740965479,0.46526666666666666,6.803797893907298,7.292183333333333
2023-06-17 21:30:00,1687062301.0,7.489999999999999,4.988333333333333,7.781666666666666,27.45,27.15,30.316666666666663,31.116666666666664,36.78537383333333,-119.773122,5.8,6.8639130018421515,20.586086998157846,203.35349999999997,6.35294552796144,6.4439372890901065,0.46255,7.027170358700227,7.29705
2023-06-17 22:30:00,1687065901.0,9.528333333333334,6.343333333333334,9.861666666666666,25.45,34.516666666666666,27.666666666666668,41.11666666666667,36.785371,-119.77311683333332,8.8,8.658840678302616,16.791159321697386,328.88630555555557,7.287749937120484,7.268041600104428,0.4523583333333333,7.808311716855146,7.730816666666668
2023-06-17 23:30:00,1687069501.0,10.708333333333334,7.079999999999999,11.201666666666668,23.78333333333333,40.88333333333333,25.883333333333336,48.53333333333333,36.7853685,-119.77311583333334,7.8,9.694213993286334,14.089119340046997,437.7923611111111,6.968563323232423,7.133778041326863,0.44645833333333335,8.040434571895819,7.80325
2023-06-18 10:30:00,1687109401.0,2.228,1.196,2.398,27.860000000000003,29.42,28.160000000000004,36.38,36.7853732,-119.7731078,1.6,8.394064133574958,19.465935866425045,65.54776000000001,2.943305585392996,3.4012158692195946,0.48886,4.1488351421004115,4.36786
2023-06-18 11:30:00,1687112700.8333333,1.43,0.7799999999999999,1.5833333333333333,29.96666666666667,26.33333333333333,29.85,33.7,36.785380833333335,-119.77312333333332,0.0,8.558259225967783,21.408407440698888,37.65666666666666,2.49904798213093,3.0872950719833785,0.49284999999999995,3.710978366482583,4.2152666666666665
2023-06-18 12:30:00,1687116429.4285717,1.2357142857142858,0.7428571428571429,1.3285714285714283,31.65714285714285,23.74285714285714,31.1,31.15714285714285,36.785401,-119.773131,5.5,8.454090522427075,23.203052334715778,29.339387755102038,2.3973145881615725,3.08993604672174,0.4938214285714286,3.5463632447545077,4.334428571428571
2023-06-18 13:30:00,1687119901.0,1.0766666666666669,0.5850000000000001,1.185,33.2,21.46666666666667,32.68333333333333,27.98333333333333,36.78539133333333,-119.77313466666668,6.2,8.251370094348523,24.94862990565148,23.112444444444453,2.2485798526117238,3.0987863926849744,0.49461666666666665,3.3745343977497644,4.4452
2023-06-18 14:30:00,1687123501.0,0.7799999999999999,0.32,0.855,33.2,21.35,33.28333333333334,27.25,36.785394,-119.77310916666666,3.7,8.171011712637501,25.028988287362502,16.653,2.030534729581992,2.93775960262709,0.4961,3.187122570686631,4.30085
2023-06-18 15:30:00,1687127101.0,0.7483333333333334,0.2933333333333333,0.8433333333333333,33.31666666666667,21.08333333333333,33.666666666666664,26.75,36.785399,-119.773107,2.5,8.082212668319245,25.234453998347426,15.777361111111109,2.0042055096859084,2.931501684072468,0.4962583333333333,3.163904435085416,4.30705
2023-06-18 16:30:00,1687130701.0,0.1766666666666666,0.04,0.1983333333333333,32.31666666666667,20.933333333333334,33.233333333333334,25.816666666666663,36.785389,-119.77309533333332,1.0,7.151733411245712,25.16493325542096,3.698222222222221,1.6935260008447233,2.617991788745533,0.4991166666666667,2.8706155307011834,4.0225333333333335
2023-06-18 17:30:00,1687134301.0,0.4633333333333334,0.1566666666666666,0.49,31.2,23.183333333333334,32.6,28.33333333333333,36.785378,-119.77313233333332,-0.8,7.720064823257744,23.479935176742256,10.741611111111112,1.8822258761386967,2.6816953830986168,0.4976833333333333,3.0986714437305816,3.9803499999999996
2023-06-18 18:30:00,1687137900.8333333,1.278333333333333,0.655,1.3833333333333335,29.7,26.6,31.566666666666663,32.2,36.785395666666666,-119.77313733333334,2.2,8.480549998186516,21.219450001813485,34.00366666666666,2.3970691642700235,2.9909421053760044,0.4936083333333333,3.6205119580463787,4.113733333333333
2023-06-18 19:30:00,1687141501.0,2.3383333333333334,1.2433333333333334,2.56,27.316666666666663,31.7,29.35,37.98333333333333,36.78538116666667,-119.77313483333334,15.8,9.028898323475895,18.28776834319077,74.12516666666667,2.9716516320238986,3.3649365483448657,0.4883083333333333,4.197488707659152,4.231433333333333
2023-06-18 20:30:00,1687145101.0,2.1133333333333333,1.0533333333333337,2.4033333333333333,24.58333333333333,34.016666666666666,26.433333333333334,40.31666666666667,36.78540116666667,-119.77314266666669,9.5,7.682557485039074,16.900775848294256,71.88855555555556,2.808709657762094,3.1393960455252214,0.48943333333333333,4.107771791131569,3.9175166666666668
2023-06-18 21:30:00,1687148701.0,1.3783333333333332,0.5599999999999999,1.6583333333333332,22.383333333333336,35.56666666666667,24.2,41.583333333333336,36.78537966666666,-119.77312083333334,4.9,6.396483186705235,15.9868501466281,49.02272222222222,2.3685745689005295,2.6613748336101617,0.49310833333333337,3.752381046984996,3.4035666666666664
2023-06-18 22:30:00,1687152300.8333333,1.413333333333333,0.64,1.5916666666666668,21.03333333333333,36.8,22.71666666666667,42.85,36.78537766666667,-119.7730995,3.8,5.695480126886866,15.337853206446464,52.01066666666665,2.400495134190092,2.6279349528779385,0.4929333333333334,3.749900242218267,3.316933333333333
2023-06-18 23:30:00,1687155901.0,1.606666666666667,0.82,1.7833333333333332,19.683333333333334,39.333333333333336,21.03333333333333,46.25,36.78535266666667,-119.77310316666666,3.7,5.453918964527143,14.22941436880619,63.19555555555557,2.4916786914050233,2.6272178873927667,0.49196666666666666,3.810719586452241,3.2021333333333333
2023-06-19 00:30:00,1687159201.0,1.334,0.62,1.5719999999999998,18.66,41.260000000000005,19.880000000000003,48.34,36.7854294,-119.77314900000002,3.4,5.224804970720136,13.435195029279864,55.04084000000001,2.298264307318362,2.391767257376133,0.49333,3.6596280872110407,2.8965799999999993
2023-06-19 09:30:00,1687193700.0,1.85,0.72,1.99,19.5,32.6,19.95,36.5,36.785408,-119.7731095,4.5,2.614355545555285,16.885644454444716,60.31,2.6671068357298893,3.052921456526008,0.49075,4.029788223576197,3.901
2023-06-19 10:30:00,1687196100.1666667,2.0483333333333333,1.0233333333333334,2.2816666666666667,21.8,27.73333333333333,21.05,34.65,36.78538016666666,-119.7731045,2.4,2.331889460821736,19.468110539178266,56.807111111111105,2.900850023387478,3.3731782589423362,0.48975833333333335,4.203935336020365,4.4178
2023-06-19 11:30:00,1687199700.0,2.27,1.195,2.536666666666666,23.25,25.883333333333336,21.98333333333333,34.050000000000004,36.785387,-119.77311316666668,3.9,2.5992099877852124,20.650790012214788,58.755166666666675,3.0525225566253598,3.576787994669292,0.48865000000000003,4.312868127376138,4.690316666666666
2023-06-19 12:30:00,1687203300.0,2.316666666666667,1.1616666666666666,2.545,24.883333333333336,23.166666666666668,23.766666666666666,30.2,36.78540016666667,-119.77312083333334,7.7,2.41789679259197,22.465436540741365,53.66944444444445,3.060080443941219,3.719714760700488,0.48841666666666667,4.275923732769396,4.9455
2023-06-19 13:30:00,1687206900.0,2.4033333333333333,1.2533333333333332,2.648333333333333,26.2,20.71666666666667,25.46666666666667,26.766666666666666,36.78539866666667,-119.773164,5.2,1.9454742801707703,24.25452571982923,49.78905555555556,3.119557672688378,3.8735635764300325,0.4879833333333333,4.274966358528381,5.198816666666667
2023-06-19 14:30:00,1687210500.0,2.661666666666666,1.4083333333333332,2.89,26.616666666666664,20.3,26.016666666666666,26.03333333333333,36.785415666666665,-119.77312966666666,3.8,2.0051066787207965,24.611559987945867,54.031833333333324,3.2759073603512547,4.036066922809854,0.4866916666666667,4.394173126216584,5.368566666666666
2023-06-19 15:30:00,1687214100.0,3.161666666666666,1.788333333333333,3.3816666666666664,26.75,19.55,26.4,24.9,36.78535716666666,-119.77311833333331,2.3,1.5878400895825424,25.162159910417458,61.81058333333333,3.6190858086310502,4.348162297097187,0.4841916666666667,4.66366787572165,5.692316666666667
2023-06-19 16:30:00,1687217700.0,2.66,1.5616666666666663,2.795,25.866666666666664,20.316666666666663,26.0,25.666666666666668,36.78536266666666,-119.77311816666668,3.5,1.3970236225905426,24.469643044076122,54.042333333333325,3.3430935178226813,4.034417485344138,0.4867,4.41476074444843,5.3662833333333335
2023-06-19 17:30:00,1687221300.0,1.9316666666666664,1.11,2.0766666666666667,24.96666666666667,20.55,25.46666666666667,25.383333333333336,36.785411833333335,-119.7731195,3.6,0.8116094533124611,24.15505721335421,39.69575,2.8936232393995023,3.616739866064793,0.4903416666666666,4.043835094500049,4.967716666666666
2023-06-19 18:30:00,1687224900.0,1.3083333333333331,0.6549999999999999,1.4633333333333332,23.766666666666666,20.95,24.73333333333333,25.15,36.785408,-119.77314883333334,1.6,0.0835955461929636,23.683071120473702,27.409583333333327,2.4904861093259614,3.250664186826697,0.49345833333333333,3.730510995574572,4.609583333333333
2023-06-19 19:30:00,1687228500.0,1.7083333333333333,0.8666666666666667,1.87,22.066666666666663,20.666666666666668,23.53333333333333,24.15,36.78539216666667,-119.77312466666666,3.9,-1.5145688044691235,23.581235471135788,35.30555555555556,2.7516317024078205,3.4867248727541087,0.49145833333333333,3.9835155122310644,4.841666666666667
2023-06-19 20:30:00,1687232100.0,2.87,1.6666666666666667,3.138333333333333,20.5,25.116666666666664,22.05,29.48333333333333,36.785394833333335,-119.77311183333336,4.5,-0.1578372476923562,20.657837247692356,72.08483333333332,3.497791101322975,3.9455695539183218,0.48564999999999997,4.711097868258856,5.067483333333334
2023-06-19 21:30:00,1687235700.0,2.22,1.295,2.4716666666666667,19.2,30.55,20.73333333333333,36.0,36.7853965,-119.77312866666666,5.9,1.4414968423540677,17.758503157645933,67.82100000000001,3.051427634306539,3.348152061454962,0.4889,4.343514517874977,4.26765
2023-06-19 22:30:00,1687239300.0,1.5516666666666667,0.8133333333333334,1.7416666666666665,18.133333333333333,37.3,19.366666666666667,44.1,36.78533733333334,-119.77309766666669,4.8,3.312003742050651,14.821329591282682,57.87716666666667,2.526538522066623,2.6838611927546685,0.4922416666666667,3.870052871559789,3.3463666666666665
2023-06-19 23:30:00,1687242900.0,1.805,0.9433333333333334,2.0,17.016666666666666,40.45,18.016666666666666,47.61666666666667,36.7853665,-119.7731195,1.5,3.4636041796629145,13.553062487003752,73.01225000000001,2.5969434481164497,2.6902112557363926,0.49097499999999994,3.9163791596661666,3.2103499999999996
2023-06-20 00:30:00,1687246500.0,1.1816666666666666,0.6216666666666667,1.3433333333333335,16.099999999999998,39.833333333333336,16.983333333333334,46.55,36.7854055,-119.77311966666667,0.4,2.423404922324181,13.676595077675817,47.069722222222225,2.3016275202323238,2.367848861953547,0.49409166666666665,3.664012264560185,2.9386333333333328
2023-06-20 01:30:00,1687248900.0,1.16,0.5700000000000001,1.25,15.55,40.150000000000006,16.4,46.95,36.785362500000005,-119.773163,-0.2,2.0409041584837486,13.509095841516253,46.574000000000005,2.2732722033944026,2.3421065074774012,0.49420000000000003,3.6284584144928935,2.9004499999999993
2023-06-20 09:30:00,1687280100.0,2.21,0.965,2.7750000000000004,19.1,40.0,19.950000000000003,45.2,18.3926945,-59.88657,3.6,5.17362501905218,13.926374980947822,88.4,2.7258442712053723,2.9362365327197537,0.48895000000000005,4.142234518714594,3.4591999999999996
2023-06-20 10:30:00,1687282500.0,1.615,0.905,1.7616666666666667,21.3,34.25,20.85,42.7,36.78536033333334,-119.77310316666669,5.3,4.896595722955551,16.40340427704445,55.31375,2.61051588362481,2.850448445812745,0.491925,3.909762120086463,3.6385499999999995
2023-06-20 11:30:00,1687286100.0,1.485,0.8683333333333333,1.6449999999999998,23.7,28.383333333333336,22.866666666666664,36.71666666666667,36.78535516666667,-119.77313466666668,6.9,4.292644669310098,19.407355330689903,42.14925000000001,2.6078173770338218,3.029935155384505,0.492575,3.8835150093646513,4.069616666666667
2023-06-20 12:30:00,1687289700.0,1.475,0.8816666666666667,1.5566666666666666,25.766666666666666,23.266666666666666,24.683333333333334,30.23333333333333,36.78537883333333,-119.7731425,4.3,3.220142020013404,22.54652464665326,34.318333333333335,2.6165749165496512,3.244337847762226,0.49262500000000004,3.8060344937555257,4.499333333333333
2023-06-20 13:30:00,1687293300.0,1.7916666666666667,1.0716666666666663,1.8833333333333333,27.133333333333336,19.716666666666665,26.15,25.21666666666667,36.78536916666667,-119.773117,1.1,2.022011293741738,25.1113220395916,35.325694444444444,2.790853391424399,3.5742130246987447,0.49104166666666665,3.8870428266142607,4.96575
2023-06-20 14:30:00,1687296900.0,1.5599999999999998,0.91,1.6683333333333332,27.35,18.416666666666668,26.9,23.316666666666663,36.78536733333333,-119.773122,0.0,1.2457530388856364,26.104246961114367,28.73,2.6236265666023835,3.5004458553868942,0.49219999999999997,3.717542765174631,4.955783333333333
2023-06-20 15:30:00,1687300500.0,1.6666666666666667,0.9733333333333332,1.8233333333333333,27.23333333333333,18.33333333333333,27.2,22.933333333333334,36.7854125,-119.77314883333334,3.9,1.0873624783495202,26.145970854983812,30.55555555555555,2.6920590966236033,3.563729790211458,0.49166666666666664,3.790080064749537,5.0183333333333335
2023-06-20 16:30:00,1687304100.0,1.6683333333333332,0.915,1.8316666666666668,26.95,18.566666666666663,27.28333333333333,23.133333333333336,36.78535016666667,-119.77314633333332,3.0,1.032018369002873,25.917981630997126,30.97538888888888,2.6768762230410563,3.5546300591226045,0.4916583333333333,3.7975562578268525,4.999366666666667
2023-06-20 17:30:00,1687307700.0,1.5033333333333332,0.8866666666666667,1.6566666666666665,26.25,18.1,27.08333333333333,21.866666666666664,36.785369333333335,-119.7730965,0.6,0.10772401177316031,26.14227598822684,27.210333333333335,2.6043321918646143,3.482345377112005,0.49248333333333333,3.719655199553374,4.953233333333333
2023-06-20 18:30:00,1687311300.0,1.2166666666666666,0.695,1.393333333333333,25.03333333333333,17.533333333333335,26.3,20.73333333333333,36.7853865,-119.7731325,2.7,-1.3195990958321444,26.352932429165477,21.33222222222222,2.425287384367994,3.346264047824819,0.49391666666666667,3.576257970848779,4.852333333333333
2023-06-20 19:30:00,1687314900.0,0.9583333333333334,0.4766666666666666,1.0516666666666667,23.6,17.95,25.316666666666663,20.73333333333333,36.785385833333336,-119.77315016666668,0.7,-2.1677752725592243,25.767775272559227,17.202083333333334,2.2624078331486492,3.183760701444997,0.49520833333333336,3.453302145468623,4.6825833333333335
2023-06-20 20:30:00,1687318500.0,1.3966666666666667,0.785,1.54,21.78333333333333,20.3,23.53333333333333,23.73333333333333,36.78536916666667,-119.77313233333332,0.7,-1.9929873100587763,23.776320643392108,28.352333333333334,2.5991285243948807,3.3280518151920857,0.4930166666666667,3.8270098466802436,4.710766666666666
2023-06-20 21:30:00,1687322100.0,1.1966666666666663,0.645,1.345,20.28333333333333,22.816666666666663,22.25,26.08333333333333,36.78538383333333,-119.77313216666668,1.4,-1.6561721932523021,21.939505526585634,27.303944444444433,2.4885486451666843,3.107904370959967,0.49401666666666666,3.789374096078876,4.39285
2023-06-20 22:30:00,1687325700.0,1.0366666666666666,0.5433333333333333,1.1216666666666668,19.5,24.65,21.216666666666665,28.3,36.785401,-119.77313083333333,1.5,-1.2638710484065476,20.763871048406546,25.55383333333333,2.392792336277524,2.939525816933563,0.4948166666666667,3.716989376832343,4.153816666666667
2023-06-20 23:30:00,1687329300.0,0.9866666666666668,0.505,1.1166666666666667,18.48333333333333,26.4,20.05,30.46666666666667,36.785382,-119.773117,3.7,-1.1929109877015267,19.676244321034858,26.048000000000002,2.3616354284118732,2.8362968501892127,0.49506666666666665,3.7259332296600025,3.9790666666666663
2023-06-21 00:30:00,1687332900.0,1.268333333333333,0.7233333333333333,1.405,17.5,32.88333333333333,18.6,39.38333333333333,36.78540733333333,-119.773131,5.2,0.9827276844909776,16.51727231550902,41.70702777777777,2.481841098550091,2.715182711665346,0.49365833333333337,3.836260443307366,3.5744499999999997
2023-06-21 01:30:00,1687335000.0,1.83,0.96,1.93,16.7,39.1,17.5,47.3,36.785419,-119.773087,5.6,2.6993037467798233,14.000696253220177,71.55300000000001,2.644781777516787,2.7622491593622507,0.49085,3.9473783653313053,3.3380999999999994
2023-06-21 10:30:00,1687367701.0,4.975,3.26,5.5225,23.275,26.8,23.375,32.0,36.7862435,-119.77454175,7.0,3.1120779792228666,20.16292202077713,133.32999999999998,4.826059074211444,5.0513513458896755,0.475125,5.857241085757314,6.019
2023-06-22 19:30:00,1687488000.0,3.694,2.276,4.004,19.64,30.64,21.04,35.44,35.6132514,-119.6895964,4.8,1.8651029236033945,17.774897076396606,113.18416,3.9380865141564194,4.16927387747776,0.48153,5.101684292082621,5.02648
2023-06-22 20:30:00,1687491300.0,3.483333333333334,2.275,3.643333333333333,18.1,33.71666666666667,18.933333333333334,40.15,35.613231500000005,-119.68957533333332,10.9,1.859121167361698,16.240878832638302,117.44638888888892,3.8034082903138513,3.9190782078194353,0.4825833333333333,4.930106649202645,4.6554166666666665
2023-06-22 21:30:00,1687494900.0,4.068333333333333,2.685,4.281666666666666,16.216666666666665,42.36666666666667,16.7,51.583333333333336,35.61322416666667,-119.68957633333332,13.6,3.3997016763749985,12.816964990291666,172.36172222222223,3.898438524669518,3.8745789821209633,0.47965833333333335,4.946626541340848,4.224366666666667
2023-06-22 22:30:00,1687498500.0,4.511666666666667,3.0283333333333338,4.805,14.966666666666669,47.88333333333333,15.5,57.31666666666666,35.61325383333334,-119.68957,7.7,4.002717477644567,10.963949189022102,216.0336388888889,3.96014410632247,3.8855124395297382,0.47744166666666665,4.931812685992801,3.985983333333333
2023-06-22 23:30:00,1687502100.0,4.4816666666666665,3.0400000000000005,4.681666666666667,14.65,48.86666666666667,15.116666666666667,58.25,35.6132235,-119.689612,8.2,4.001824443534357,10.648175556465644,219.00411111111111,3.9191910489839623,3.826441504431013,0.47759166666666664,4.853700731982135,3.8867999999999996
2023-06-23 00:30:00,1687505700.0,4.2283333333333335,2.83,4.411666666666666,14.583333333333334,48.333333333333336,15.2,56.86666666666667,35.613237500000004,-119.68958283333336,,3.7842824123097674,10.799050921023566,204.36944444444447,3.7917474541290614,3.7075834772447926,0.47885833333333333,4.761566966355662,3.8004000000000002
2023-06-23 01:30:00,1687509300.0,3.78,2.546666666666667,3.96,14.666666666666666,48.21666666666667,15.216666666666669,56.81666666666666,35.61324416666667,-119.68953083333334,,3.826368526599103,10.840298140067564,182.259,3.5648473052788434,3.4616695003710753,0.48109999999999997,4.575539538643245,3.577183333333333
2023-06-23 02:30:00,1687512900.0,4.321666666666666,2.898333333333333,4.536666666666666,14.433333333333332,50.23333333333333,14.866666666666667,59.71666666666667,35.613230333333334,-119.68960433333332,,4.195899192274636,10.237434141058696,217.0917222222222,3.7693815428491515,3.678128065039806,0.47839166666666666,4.716357159369744,3.687433333333334
2023-06-23 03:30:00,1687516500.0,5.155,3.498333333333333,5.316666666666666,14.45,51.78333333333333,14.8,61.88333333333333,35.61324066666667,-119.689602,,4.645995699535759,9.80400430046424,266.94308333333333,4.150681706099796,4.077896334374181,0.474225,4.973150679795909,3.989016666666666
2023-06-23 04:30:00,1687520100.0,5.161666666666666,3.328333333333333,5.358333333333333,14.066666666666668,53.46666666666667,14.283333333333331,64.18333333333334,35.613235,-119.68958783333332,,4.749232043695991,9.317434622970676,275.97711111111107,4.015855279083257,4.009249904355059,0.4741916666666667,4.863240396599692,3.8493999999999993
2023-06-23 05:30:00,1687523700.0,25.026666666666667,3.6016666666666666,8.895,13.883333333333333,54.63333333333333,14.15,65.28333333333333,35.61321516666667,-119.68956516666668,,4.888488283996604,8.994845049336728,1367.2902222222222,0.5799222489216849,10.089070060571014,0.3748666666666666,6.210647878533929,14.080033333333333
2023-06-23 06:30:00,1687527300.0,6.1066666666666665,4.04,6.421666666666667,14.083333333333334,54.583333333333336,14.316666666666668,65.26666666666667,35.61323333333333,-119.68959666666666,,5.061562839584841,9.021770493748493,333.32222222222225,4.4685333075071085,4.49014942317663,0.46946666666666664,5.221368544189132,4.245883333333333
2023-06-23 07:30:00,1687530900.0,6.501666666666666,4.21,6.8500000000000005,16.2,47.46666666666667,17.0,54.583333333333336,35.613244333333334,-119.68955116666666,,5.007585346825718,11.192414653174282,308.6124444444444,4.971251341950612,5.0172222375760445,0.4674916666666667,5.788574857624723,5.056199999999999
2023-06-23 08:30:00,1687534500.1666667,5.291666666666667,3.5016666666666665,5.536666666666666,20.366666666666667,36.75,19.3,46.98333333333333,35.6132235,-119.68954583333334,,5.084343706497594,15.282322960169072,194.46875,4.756358662654351,4.80077142087943,0.47354166666666664,5.698774786130855,5.337916666666667
2023-06-23 09:30:00,1687538100.0,5.151666666666666,3.51,5.353333333333333,22.633333333333336,32.81666666666667,20.566666666666663,45.4,35.61321266666667,-119.68956866666667,,5.451121134022224,17.182212199311113,169.0605277777778,4.823514167360841,4.891534269590045,0.4742416666666667,5.7383519980391835,5.599449999999999
2023-06-23 10:30:00,1687541700.0,4.795,3.273333333333333,4.993333333333333,23.98333333333333,30.55,21.58333333333333,43.35,35.61322233333333,-119.6895725,,5.593983270076298,18.389350063257034,146.48725,4.662236065688378,4.789368584866626,0.476025,5.5968606754386485,5.60665
2023-06-23 11:30:00,1687545300.0,4.846666666666667,3.328333333333333,5.035,26.35,26.65,22.98333333333333,39.8,35.61323383333333,-119.68956516666668,,5.655802949434765,20.694197050565236,129.16366666666667,4.772186289265382,4.985973227409021,0.47576666666666667,5.656214420325939,5.965016666666667
2023-06-23 12:30:00,1687548900.0,8.858333333333333,3.73,25.32166666666667,28.566666666666663,23.683333333333334,24.933333333333334,35.68333333333333,35.61323216666667,-119.689584,,5.8247337342240995,22.741932932442563,209.7948611111111,6.503157294706906,7.358842760180124,0.4557083333333333,11.721260108144408,8.303249999999998
2023-06-23 13:30:00,1687552500.0,5.421666666666667,3.735,5.59,30.433333333333334,21.566666666666663,27.0,32.333333333333336,35.613282166666664,-119.68959183333334,,6.027003786679316,24.406329546654018,116.92727777777776,5.189758184198608,5.5263647036024395,0.47289166666666665,5.909130036989156,6.6961
2023-06-23 14:30:00,1687556100.0,5.586666666666666,3.923333333333333,5.8133333333333335,31.2,20.78333333333333,27.766666666666666,31.21666666666667,35.613209,-119.68958016666666,,6.12511661740374,25.07488338259626,116.10955555555553,5.326643626998909,5.6523952283858865,0.47206666666666663,6.007640120896594,6.848483333333333
2023-06-23 15:30:00,1687559700.0,5.778333333333333,4.023333333333333,5.963333333333334,30.15,21.85,27.71666666666667,31.78333333333333,35.61325333333334,-119.68956883333334,,5.980868463970663,24.169131536029337,126.25658333333334,5.438424473322975,5.713807125525445,0.4711083333333333,6.12623548272558,6.857483333333333
2023-06-23 16:30:00,1687563300.0,5.983333333333333,4.2,6.19,28.183333333333334,23.133333333333336,27.566666666666663,30.866666666666664,35.61323166666667,-119.68959783333332,,5.164260100944388,23.019073232388948,138.41444444444446,5.5864681428453355,5.77336568641434,0.47008333333333335,6.2929449960028325,6.8549999999999995
2023-06-23 17:30:00,1687566900.1666667,6.623333333333334,4.7716666666666665,6.798333333333333,26.633333333333336,25.08333333333333,27.183333333333334,31.45,35.61325016666667,-119.68956233333334,,5.0233444894763055,21.609988843857032,166.13527777777776,6.019422385547243,6.047727443526936,0.4668833333333333,6.664815559689462,7.02205
2023-06-23 18:30:00,1687570500.0,7.056666666666668,5.078333333333333,7.335,25.35,26.266666666666666,26.71666666666667,31.666666666666668,35.613227333333334,-119.68957766666666,,4.595540281912937,20.754459718087062,185.35511111111114,6.278487315574834,6.23938286517578,0.46471666666666667,6.929112772348262,7.146800000000001
2023-06-23 19:30:00,1687574100.0,7.473333333333334,5.381666666666667,7.736666666666667,24.2,28.316666666666663,25.75,33.800000000000004,35.61322466666667,-119.68959683333333,,4.68878067575067,19.51121932424933,211.61988888888888,6.490014704141905,6.384446240214661,0.46263333333333334,7.1137860561447965,7.189216666666667
2023-06-23 20:30:00,1687577700.0,10.178333333333333,6.13,11.143333333333333,22.183333333333334,33.083333333333336,23.566666666666663,39.66666666666666,35.61326233333333,-119.68959183333334,,5.1738033946912205,17.009529938642114,336.73319444444445,7.55904020580007,7.798323358683628,0.4491083333333334,8.325620410882742,8.19065
2023-06-23 21:30:00,1687581300.0,35.65833333333334,23.33666666666667,37.2,20.48333333333333,37.53333333333333,22.133333333333336,44.083333333333336,35.613258333333334,-119.68956366666669,,5.491806134620634,14.991527198712696,1338.3761111111112,14.105589420109892,15.182333164557212,0.3217083333333333,20.482320219500046,21.062
2023-06-23 22:30:00,1687584900.0,12.555,8.483333333333333,13.025,19.23333333333333,39.46666666666667,20.6,46.35,35.613247,-119.68953733333332,,5.099956284344961,14.13337704898837,495.504,7.73709742504092,7.853547681387695,0.437225,9.100030757154292,8.883933333333333
2023-06-23 23:30:00,1687588500.0,4.376666666666666,2.938333333333333,4.566666666666666,18.883333333333333,41.38333333333333,20.25,48.43333333333334,35.613266833333334,-119.68961216666666,,5.468842862329004,13.414490471004328,181.12105555555553,4.101761994650596,4.089431897420172,0.4781166666666667,5.092931245118991,4.468283333333333
2023-06-24 00:30:00,1687592100.0,4.318333333333333,2.8666666666666667,4.548333333333333,18.3,43.26666666666667,19.3,51.51666666666667,35.6132565,-119.68955216666666,,5.584600695083979,12.715399304916023,186.8398888888889,3.99475134803499,3.975805909636324,0.4784083333333334,4.998410079286289,4.277866666666666
2023-06-24 01:30:00,1687595700.0,4.595,3.061666666666667,4.803333333333334,17.283333333333335,46.16666666666666,18.1,55.13333333333333,35.61322916666666,-119.68958283333332,,5.597583844227907,11.685749489105428,212.13583333333327,4.048027795292984,4.005964708375054,0.47702500000000003,4.9972388030619275,4.175233333333333
2023-06-24 02:30:00,1687599300.0,4.965,3.3166666666666664,5.201666666666667,16.233333333333334,50.36666666666667,16.883333333333333,60.36666666666667,35.613232333333336,-119.6896475,,5.893550493120169,10.339782840213164,250.07049999999998,4.082693329624283,4.032466099439764,0.47517499999999996,4.962410263979443,4.010633333333333
2023-06-24 03:30:00,1687602900.0,5.551666666666667,3.846666666666666,5.791666666666667,16.01666666666667,50.5,16.666666666666668,60.38333333333333,35.61323383333333,-119.68963733333334,,5.732021672359487,10.284644994307182,280.3591666666667,4.434414528198349,4.3550880420623805,0.47224166666666667,5.228140428613475,4.304366666666667
2023-06-24 04:30:00,1687606500.0,5.704999999999999,3.9266666666666654,5.971666666666667,15.933333333333332,51.1,16.433333333333334,61.46666666666667,35.613235,-119.68956733333334,,5.825927599975782,10.107405733357549,291.52549999999997,4.478426806235479,4.41511005057599,0.47147500000000003,5.261861050116524,4.333099999999999
2023-06-24 05:30:00,1687610100.0,5.745,3.905,5.948333333333333,16.05,51.38333333333333,16.816666666666666,60.95,35.61322666666667,-119.6895775,,6.013755370944516,10.036244629055485,295.19725,4.467056300194406,4.425315489037368,0.471275,5.235664497001683,4.329816666666666
2023-06-24 06:30:00,1687613700.0,6.476666666666667,4.476666666666667,6.69,16.650000000000002,51.03333333333333,17.466666666666665,60.31666666666666,35.61321233333334,-119.68959666666666,,6.46870414357991,10.181295856420093,330.52588888888886,4.888357615119558,4.849875039433003,0.4676166666666667,5.570917703560469,4.740033333333333
2023-06-24 07:30:00,1687617300.0,7.183333333333334,4.8500000000000005,7.456666666666667,17.7,49.78333333333333,18.45,59.2,35.61322083333334,-119.68961083333332,,7.074954731925843,10.625045268074157,357.61027777777775,5.274546874599727,5.299139203193906,0.4640833333333333,5.932085051721534,5.213749999999999
2023-06-24 08:30:00,1687620900.0,7.595,5.218333333333334,7.823333333333333,19.35,45.43333333333334,19.6,55.91666666666666,35.613259166666666,-119.68960083333332,,7.247734334095175,12.102265665904827,345.0661666666667,5.74184033793642,5.716582814543536,0.462025,6.36421594218988,5.797566666666666
2023-06-24 09:30:00,1687624500.0,7.281666666666666,5.1000000000000005,7.461666666666667,20.816666666666663,41.75,20.78333333333333,52.38333333333333,35.61322833333333,-119.68950783333332,,7.337721091589427,13.478945575077237,304.0095833333333,5.7758054448307234,5.69958256691006,0.4635916666666667,6.419403884237097,5.9477166666666665
2023-06-24 10:30:00,1687628100.0,6.241666666666667,4.571666666666666,6.423333333333333,24.016666666666666,35.15,22.96666666666667,46.96666666666667,35.6132265,-119.68958666666668,,7.665374378470819,16.351292288195847,219.39458333333334,5.499978826006888,5.401277050013562,0.4687916666666666,6.220374486407093,5.967916666666667
2023-06-24 11:30:00,1687631700.0,6.2316666666666665,4.571666666666666,6.3933333333333335,26.35,30.9,24.78333333333333,42.48333333333333,35.61324,-119.68957533333332,,7.8120706736107905,18.53792932638921,192.55849999999998,5.625373043495751,5.578415958068774,0.46884166666666666,6.321976994240306,6.323966666666667
2023-06-24 12:30:00,1687635300.0,6.921666666666667,5.001666666666667,7.116666666666667,26.9,29.45,25.616666666666664,40.16666666666666,35.61322583333334,-119.689583,,7.581776226408835,19.318223773591164,203.84308333333334,6.077150140170037,6.02695119438588,0.46539166666666665,6.7146079535293195,6.806016666666666
2023-06-24 13:30:00,1687638900.0,7.616666666666667,5.543333333333333,7.859999999999999,29.816666666666663,25.45,28.03333333333333,35.416666666666664,35.613245666666664,-119.68959416666668,,7.927856550668057,21.888810115998606,193.84416666666667,6.63727245842505,6.587926428645833,0.46191666666666664,7.153070744714553,7.507416666666667
2023-06-24 14:30:00,1687641300.0,8.435,6.255,8.6,31.85,23.1,29.15,33.5,35.613232,-119.6895525,,8.21033504768786,23.639664952312142,194.84850000000003,7.266482884267575,7.146986291372786,0.457825,7.602998478012541,8.1327
2023-06-24 15:30:00,1687645501.0,11.336666666666666,8.298333333333334,11.556666666666668,31.55,22.45,29.58333333333333,31.95,35.61322583333333,-119.68958666666668,,7.540348112037552,24.00965188796245,254.50816666666665,10.950719302831407,9.284196485295606,0.44331666666666664,9.246938980495745,9.696816666666667
2023-06-24 16:30:00,1687649101.0,9.37,7.02,9.601666666666668,30.5,22.55,29.766666666666666,30.2,35.61325566666667,-119.6895575,,6.7303493663956395,23.76965063360436,211.2935,7.95400002167564,7.693949976519016,0.45315,8.200296707115706,8.66565
2023-06-24 17:30:00,1687652701.0,9.581666666666663,6.9816666666666665,9.886666666666668,28.9,23.48333333333333,29.766666666666666,29.116666666666664,35.613249833333334,-119.68959916666664,,5.981664956916279,22.91833504308372,225.00947222222212,8.009164959729084,7.772288678299289,0.45209166666666667,8.321543972645896,8.696383333333333
2023-06-24 18:30:00,1687656301.0,8.643333333333333,6.336666666666666,8.861666666666666,27.6,24.05,29.23333333333333,28.58333333333333,35.613244333333334,-119.68957,,5.233897117915867,22.366102882084135,207.87216666666666,7.400467259023299,7.222742729458597,0.4567833333333333,7.802617922645533,8.160283333333332
2023-06-24 19:30:00,1687659901.0,9.405,6.896666666666667,9.698333333333332,26.316666666666663,26.53333333333333,28.066666666666663,31.58333333333333,35.613260333333336,-119.68958416666668,,5.564037357654706,20.752629309011958,249.54599999999996,7.819982471195431,7.542269241686526,0.452975,8.192637657230264,8.345266666666667
2023-06-24 20:30:00,1687663501.0,9.62,6.77,9.903333333333334,24.28333333333333,30.3,25.933333333333334,36.21666666666667,35.613244333333334,-119.68957016666668,,5.735230308876344,18.54810302445699,291.486,7.702634927084135,7.500649685639167,0.45189999999999997,8.140292064925857,8.136899999999999
2023-06-24 21:30:00,1687667101.0,7.218333333333334,5.01,7.5,21.383333333333336,36.18333333333333,22.55,43.88333333333333,35.6132285,-119.68959916666664,,5.7613938168089245,15.621939516524412,261.1833611111111,5.971854906490708,5.903483323366153,0.4639083333333333,6.686778218333097,6.38795
2023-06-24 22:30:00,1687670701.0,7.778333333333333,4.931666666666667,23.718333333333334,19.466666666666665,39.95,20.6,47.66666666666666,35.613224,-119.68963483333332,,5.484307577984845,13.98235908868182,310.74441666666667,5.964257924823725,6.054958796669094,0.46110833333333334,10.843670034095595,6.358983333333333
2023-06-24 23:30:00,1687674301.0,6.5,4.446666666666666,6.7,18.616666666666667,40.98333333333333,19.866666666666667,48.01666666666667,35.613230333333334,-119.68961466666669,,5.089007290950587,13.52765937571608,266.39166666666665,5.342015231876008,5.295051182529141,0.4675,6.115351018665149,5.606416666666666
2023-06-25 00:30:00,1687677901.0,6.445,4.39,6.683333333333334,18.35,41.53333333333333,19.633333333333333,48.46666666666667,35.613220000000005,-119.6895955,,5.040677385397119,13.309322614602882,267.68233333333336,5.281458542967425,5.240619746160489,0.46777500000000005,6.072082678885076,5.531066666666667
2023-06-25 01:30:00,1687681501.0,6.739999999999999,4.588333333333334,7.026666666666667,17.683333333333334,44.65,18.666666666666668,52.95,35.613215833333335,-119.6895855,,5.479614052144043,12.20371928118929,300.941,5.3062968576324785,5.271723687334791,0.46630000000000005,6.058272562840371,5.419549999999999
2023-06-25 02:30:00,1687685101.0,6.803333333333334,4.521666666666667,7.071666666666666,16.916666666666668,46.85,17.733333333333334,55.53333333333333,35.6132365,-119.68958916666666,,5.4748523566656,11.441814310001067,318.7361666666667,5.198670815653635,5.212578400746903,0.46598333333333336,5.944804680294511,5.265483333333333
2023-06-25 03:30:00,1687688701.0,6.828333333333333,4.618333333333333,7.148333333333333,16.7,47.36666666666667,17.650000000000002,55.41666666666666,35.61324033333333,-119.68954966666666,,5.4348993653518445,11.265100634648155,323.4353888888889,5.218148539990632,5.204355845831974,0.4658583333333333,5.954866736832357,5.234566666666667
2023-06-25 04:30:00,1687692301.0,6.915,4.628333333333333,7.13,16.433333333333334,47.333333333333336,17.166666666666668,56.06666666666666,35.61322166666667,-119.68956633333332,,5.180712201771671,11.252621131561662,327.31,5.249681098813025,5.254296032200678,0.465425,5.961936720355322,5.282466666666666
2023-06-25 05:30:00,1687695901.0,7.246666666666666,4.816666666666666,7.645,15.816666666666668,49.56666666666666,16.45,59.06666666666666,35.61322933333333,-119.6895715,,5.278589029425314,10.538077637241354,359.1931111111111,5.302141551353864,5.343902545966859,0.46376666666666666,6.015117645490415,5.2650999999999994
2023-06-25 06:30:00,1687699501.0,7.846666666666667,5.216666666666667,8.11,15.733333333333334,50.833333333333336,16.266666666666666,60.71666666666667,35.61318716666667,-119.689556,,5.565664535355485,10.16766879797785,398.87222222222226,5.545933683119208,5.625257534305388,0.46076666666666666,6.149074921565209,5.469433333333333
2023-06-25 07:30:00,1687703101.0,8.33,5.551666666666667,8.616666666666667,16.816666666666666,49.85,17.8,58.13333333333333,35.613226166666664,-119.68954833333332,,6.281442129133704,10.535224537532962,415.2505,5.8500664641770905,5.938057203622865,0.45835000000000004,6.414936337085808,5.8043499999999995
2023-06-25 08:30:00,1687706701.0,8.563333333333333,5.88,8.853333333333333,20.216666666666665,41.35,20.466666666666665,50.45,35.6131985,-119.68961083333332,,6.657090035069495,13.55957663159717,354.0938333333333,6.487329527004459,6.434124606502594,0.45718333333333333,7.057948997930196,6.648183333333333
2023-06-25 09:30:00,1687710301.0,8.196666666666667,5.711666666666667,8.376666666666667,23.73333333333333,34.2,23.133333333333336,44.13333333333333,35.613247666666666,-119.68958033333332,,7.014826793255515,16.718506540077815,280.326,6.630730816894392,6.536329056839297,0.45901666666666663,7.2014674870805155,7.065266666666666
2023-06-25 10:30:00,1687713901.0,8.505,5.935,8.833333333333334,27.75,27.2,26.0,37.16666666666666,35.613231166666665,-119.68954083333334,,7.146876423425782,20.60312357657422,231.336,7.080035960992178,7.009878628685151,0.457475,7.609829851776649,7.820600000000001
2023-06-25 11:30:00,1687717501.0,8.825000000000001,6.326666666666667,9.096666666666666,30.566666666666663,23.433333333333334,27.73333333333333,34.18333333333333,35.61323616666667,-119.6895775,,7.347382138028236,23.219284528638426,206.7991666666667,7.4505186685098765,7.350935404159786,0.455875,7.836198243498143,8.307166666666667
2023-06-25 12:30:00,1687721101.0,8.290000000000001,5.995,8.505,31.48333333333333,22.03333333333333,28.683333333333334,32.46666666666667,35.61322966666667,-119.68957633333332,,7.210472281104689,24.27286105222864,182.65633333333335,7.1477762086202965,7.111693528638099,0.45854999999999996,7.534451865526021,8.147966666666667
2023-06-25 13:30:00,1687724915.142857,9.01,6.637142857142857,9.35142857142857,31.4,22.2,29.342857142857145,31.842857142857145,35.613251142857145,-119.68957971428571,,7.2514437687194375,24.148556231280562,200.022,7.668550651252146,7.507508347086405,0.45494999999999997,7.991378138764109,8.5082
2023-06-25 14:30:00,1687728301.0,9.423333333333334,6.773333333333333,9.638333333333334,31.03333333333333,23.116666666666664,29.766666666666666,32.11666666666667,35.61326483333333,-119.68958516666667,,7.538456531555285,23.494876801778048,217.83605555555553,7.855546184477069,7.699435633781845,0.45288333333333336,8.151215765221483,8.645216666666666
2023-06-25 15:30:00,1687731901.0,10.07,7.390000000000001,10.313333333333334,31.116666666666664,22.78333333333333,30.166666666666668,30.866666666666664,35.613259,-119.68960083333332,,7.395148901764374,23.721517764902288,229.42816666666664,10.533913577182407,8.8582559213776,0.44965000000000005,8.549751087932336,9.009816666666667
2023-06-25 16:30:00,1687735501.0,10.251666666666669,7.506666666666667,10.445,30.416666666666668,23.21666666666667,30.25,30.5,35.61323333333333,-119.68961716666666,,7.085923912165017,23.33074275450165,238.00952777777783,10.466267164673374,8.868272160470804,0.44874166666666665,8.640885827835255,9.067450000000001
2023-06-25 17:30:00,1687739101.0,10.036666666666669,7.283333333333334,10.275,29.016666666666666,24.21666666666667,30.0,30.03333333333333,35.613233,-119.689588,,6.526070460371261,22.490596206295404,243.05461111111117,10.124538484567344,8.69583107871989,0.4498166666666667,8.526713777236225,8.870650000000001
2023-06-25 18:30:00,1687742701.0,10.18,7.413333333333334,10.451666666666666,27.71666666666667,24.766666666666666,29.633333333333336,29.266666666666666,35.61324183333333,-119.68957883333331,,5.755926383666367,21.960740283000302,252.12466666666666,10.041002015113598,8.681643754207832,0.44909999999999994,8.63131963633412,8.898433333333333
2023-06-25 19:30:00,1687746301.0,10.746666666666668,7.758333333333333,10.98,26.55,27.08333333333333,28.58333333333333,31.883333333333336,35.61321866666667,-119.68960066666666,,6.05982037527508,20.49017962472492,291.05555555555554,9.700403561164379,8.610454830996957,0.44626666666666664,8.853300867081014,8.996183333333335
2023-06-25 20:30:00,1687750200.857143,11.59,8.235714285714286,11.912857142857144,24.514285714285712,30.65714285714285,26.428571428571427,36.27142857142857,35.613231,-119.68958628571428,,6.105032824457805,18.409252889827908,355.31628571428564,9.194135904304765,8.491127340279435,0.44205,9.161538830969953,9.130942857142857
2023-06-25 21:30:00,1687753501.0,11.908333333333331,8.426666666666668,12.188333333333333,23.066666666666663,34.483333333333334,24.98333333333333,40.66666666666666,35.6132175,-119.6895575,,6.548983369008361,16.5176832976583,410.6390277777777,8.627016456007308,8.183134022451679,0.44045833333333334,9.097532373961558,8.971249999999998
2023-06-25 22:30:00,1687757101.0,6.491666666666667,4.6000000000000005,6.723333333333334,21.75,37.016666666666666,23.316666666666663,43.78333333333333,35.61325466666667,-119.6896005,,6.416540062290742,15.333459937709257,240.2998611111111,5.540212498640521,5.460940525784586,0.46754166666666663,6.290115818698444,5.93925
2023-06-25 23:30:00,1687760701.0,6.0683333333333325,4.2250000000000005,6.278333333333333,20.5,39.7,21.9,47.03333333333333,35.6132305,-119.6895625,,6.319118841602421,14.180881158397579,240.9128333333333,5.163605471055895,5.108628254530869,0.46965833333333334,5.9629294183422825,5.491033333333332
2023-06-26 00:30:00,1687764301.0,6.486666666666667,4.531666666666666,6.641666666666667,19.416666666666668,42.65,20.53333333333333,50.98333333333333,35.613214,-119.68955616666666,,6.38628029671686,13.030386369949808,276.65633333333335,5.289389541121157,5.215927449002047,0.4675666666666667,6.014325362930237,5.457816666666666
2023-06-26 01:30:00,1687767901.0,6.655,4.691666666666666,6.898333333333333,18.566666666666663,44.71666666666667,19.566666666666663,53.583333333333336,35.61321316666667,-119.68957133333332,,6.3037528262228735,12.26291384044379,297.5894166666667,5.310831412491715,5.221283104720889,0.466725,6.020507727228736,5.369683333333333
2023-06-26 02:30:00,1687771501.0,6.411666666666666,4.468333333333333,6.576666666666667,17.766666666666666,46.06666666666666,18.55,55.46666666666667,35.6132215,-119.68956266666667,,6.007053638969474,11.759613027697192,295.3641111111111,5.098680303834934,5.027044965129383,0.4679416666666667,5.816141548624039,5.1284
2023-06-26 03:30:00,1687775101.0,6.531666666666666,4.531666666666667,6.726666666666667,17.333333333333332,47.25,18.3,55.81666666666666,35.61325716666666,-119.68960433333332,,5.978716445088803,11.354616888244529,308.62125,5.103586315643041,5.043329055774089,0.46734166666666666,5.811112344708705,5.090216666666667
2023-06-26 04:30:00,1687778701.0,7.664999999999999,5.293333333333333,7.978333333333334,16.95,48.61666666666667,17.78333333333333,57.66666666666666,35.613236666666666,-119.68955483333332,,6.040596098454216,10.909403901545783,372.64674999999994,5.638911115645284,5.618888769889322,0.46167500000000006,6.252141791718579,5.5633833333333325
2023-06-26 05:30:00,1687782301.0,7.223333333333334,4.94,7.489999999999999,16.1,51.6,16.48333333333333,62.96666666666667,35.61321083333333,-119.689569,,6.120962029088984,9.979037970911017,372.72400000000005,5.2336608400809705,5.243416407853923,0.46388333333333337,5.859394799701509,5.080133333333333
2023-06-26 06:30:00,1687785901.0,7.508333333333333,5.136666666666667,7.776666666666667,15.833333333333334,52.41666666666666,16.433333333333334,62.7,35.613189166666665,-119.689603,,6.101894917185372,9.731438416147963,393.56180555555545,5.339529044257653,5.367815742357795,0.46245833333333336,5.9271105109476165,5.158916666666666
2023-06-26 07:30:00,1687789501.0,7.578333333333333,5.148333333333333,7.825,17.55,48.68333333333334,18.6,56.73333333333333,35.6132215,-119.68961066666668,,6.611209546214511,10.93879045378549,368.9385277777778,5.553101653500226,5.567515361046675,0.46210833333333334,6.170914858924227,5.512649999999999
2023-06-26 08:30:00,1687793101.0,6.796666666666667,4.578333333333333,7.101666666666667,21.5,38.56666666666667,20.85,49.53333333333333,35.6132495,-119.68960450000002,,6.791263262184903,14.708736737815098,262.1247777777778,5.567439607418344,5.565002880606665,0.4660166666666667,6.347624876163602,5.966099999999999
2023-06-26 09:30:00,1687796701.0,5.65,3.8333333333333335,5.873333333333334,24.616666666666664,31.9,23.03333333333333,43.333333333333336,35.613231500000005,-119.68955366666668,,6.771778444117848,17.844888222548818,180.235,5.1278567725539235,5.209862930018346,0.47174999999999995,5.985046876313323,5.9365000000000006
2023-06-26 10:30:00,1687800301.0,5.343333333333334,3.706666666666667,5.515000000000001,27.8,26.65,25.383333333333336,38.05,35.61322833333333,-119.689584,,6.891135834725445,20.908864165274554,142.39983333333333,5.083003336507907,5.2639554435751545,0.47328333333333333,5.890831608381651,6.223283333333334
2023-06-26 11:30:00,1687803901.0,7.34,5.236666666666667,7.516666666666667,30.066666666666663,24.03333333333333,27.2,35.28333333333333,35.613223999999995,-119.68961566666668,,7.298112384827178,22.768554281839485,176.40466666666666,6.45535614265407,6.4939892298166555,0.4633,6.988225696171798,7.483966666666667
2023-06-26 12:30:00,1687807501.0,8.098333333333334,5.886666666666667,8.301666666666668,31.9,21.73333333333333,28.916666666666668,32.06666666666667,35.61323733333334,-119.689593,,7.35574708495713,24.54425291504287,176.00377777777777,7.034051960068408,7.0173175145978615,0.45950833333333335,7.422096841227711,8.073800000000002
2023-06-26 13:30:00,1687811101.0,10.206666666666663,7.32,10.406666666666666,32.550000000000004,19.666666666666668,30.433333333333334,27.633333333333336,35.613264666666666,-119.6895765,,6.43363128935259,26.116368710647414,200.73111111111106,11.142812009897765,9.231226319226298,0.4489666666666667,8.606106762703421,9.345799999999997
2023-06-26 14:30:00,1687814915.142857,8.078571428571427,5.851428571428571,8.345714285714285,33.22857142857143,18.714285714285715,31.65714285714285,25.6,35.61323171428571,-119.68957085714284,,6.266835220242538,26.96173620832889,151.184693877551,7.061782222870358,7.136065867668396,0.4596071428571429,7.399864428669384,8.320142857142855
2023-06-26 15:30:00,1687818301.0,10.805,7.943333333333332,11.046666666666669,32.95,16.666666666666668,31.966666666666665,22.116666666666664,35.613271,-119.6895945,,4.371901732425113,28.57809826757489,180.08333333333334,12.121004889285931,9.734160602563618,0.44597499999999995,8.996394754905834,9.911933333333334
2023-06-26 16:30:00,1687821901.0,9.608333333333333,6.785,9.868333333333334,31.46666666666667,18.6,31.6,23.96666666666667,35.613238,-119.68957516666666,,4.743182016775985,26.723484649890683,178.715,8.06578421154953,7.997180990391811,0.45195833333333335,8.298303102326344,9.125333333333334
2023-06-26 17:30:00,1687825501.0,9.463333333333331,6.675,9.75,29.71666666666667,20.183333333333334,31.25,24.4,35.61328283333333,-119.689564,,4.480014387019186,25.236652279647483,191.00161111111106,7.946902213933571,7.847947040978684,0.4526833333333333,8.256164253228944,8.915349999999998
2023-06-26 18:30:00,1687829101.0,19.05,13.715000000000002,19.505,28.2,21.216666666666665,30.33333333333333,24.83333333333333,35.613230333333334,-119.68957516666669,,3.9397000215711753,24.260299978428826,404.1775,13.031428296108238,11.793403530307174,0.40475,13.751810112815033,13.812583333333333
2023-06-26 19:30:00,1687832701.0,17.8,11.938333333333333,18.366666666666664,26.9,22.03333333333333,29.133333333333336,25.5,35.6132605,-119.68960333333332,,3.395964767766345,23.504035232233655,392.1933333333333,11.899915596030272,11.321296493349363,0.41100000000000003,12.911725746882198,13.093166666666667
2023-06-26 20:30:00,1687836301.0,10.043333333333331,6.933333333333334,10.356666666666667,25.08333333333333,25.866666666666664,27.23333333333333,30.316666666666663,35.61326533333334,-119.68958283333336,,4.149271893220726,20.9340614401126,259.78755555555546,9.457085699236972,8.522740664950902,0.4497833333333333,8.522831557670187,8.733866666666666
2023-06-26 21:30:00,1687839901.0,10.1,6.918333333333333,10.448333333333332,23.566666666666663,29.883333333333336,25.616666666666664,34.983333333333334,35.61324416666667,-119.68961483333334,,4.915400681944536,18.651265984722126,301.8216666666667,8.68987640730132,8.11384750997534,0.4495,8.408942597172393,8.421916666666666
2023-06-26 22:30:00,1687843501.0,5.69,3.9683333333333337,5.906666666666666,22.25,31.78333333333333,24.0,37.43333333333333,35.61322783333333,-119.68954483333331,,4.656342303034875,17.593657696965124,180.84716666666668,5.220173972088984,5.237267038167035,0.47155,6.0711663837045595,5.967216666666667
2023-06-26 23:30:00,1687847101.0,5.668333333333333,3.87,5.919999999999999,21.3,34.46666666666667,22.9,40.53333333333333,35.61323616666667,-119.689579,,4.9871804409490625,16.312819559050936,195.36855555555556,5.0932334006202815,5.109765888040963,0.4716583333333333,5.977369468682593,5.727866666666666
2023-06-27 00:30:00,1687850701.0,6.071666666666666,4.115,6.293333333333333,20.433333333333334,36.55,21.883333333333336,43.2,35.6132235,-119.68956883333334,,5.065009561991004,15.368323771342329,221.91941666666665,5.250257341889452,5.245933430775938,0.4696416666666666,6.092605726564492,5.760516666666667
2023-06-27 01:30:00,1687854301.0,6.0683333333333325,4.038333333333333,6.335,19.65,38.98333333333333,20.933333333333334,46.3,35.613245,-119.68958783333332,,5.295271837077633,14.354728162922367,236.56386111111104,5.129768515792909,5.139442537720636,0.46965833333333334,5.993095796274673,5.55195
2023-06-27 02:30:00,1687857901.0,6.390000000000001,4.058333333333333,6.7316666666666665,18.85,41.28333333333333,19.816666666666663,49.65,35.6132395,-119.6895205,,5.403947702746554,13.446052297253448,263.8005,5.146910782809888,5.22058564916646,0.46805,6.029020863627121,5.523716666666667
2023-06-27 03:30:00,1687861501.0,6.993333333333333,4.6033333333333335,7.308333333333333,17.416666666666668,46.38333333333333,18.183333333333334,56.05,35.61325766666667,-119.68962600000002,,5.786914043990832,11.629752622675836,324.3741111111111,5.302995628646976,5.338985705459077,0.4650333333333333,6.053796292969636,5.40395
2023-06-27 04:30:00,1687865101.0,6.246666666666666,4.136666666666667,6.555,17.416666666666668,47.1,18.58333333333333,55.150000000000006,35.61320416666667,-119.68959183333334,,6.008864446647616,11.407802220019052,294.21799999999996,4.881181630848023,4.890265271791366,0.46876666666666666,5.689738874055034,4.954766666666666
2023-06-27 05:30:00,1687868701.0,7.265000000000001,4.665,7.69,17.016666666666666,47.88333333333333,17.45,58.583333333333336,35.613215833333335,-119.6895955,,5.88160829883172,11.135058367834946,347.8724166666667,5.32976290167953,5.426541369417162,0.463675,6.093849909099443,5.417716666666667
2023-06-27 06:30:00,1687872301.0,7.285,4.553333333333334,7.813333333333333,16.283333333333335,50.21666666666667,17.099999999999998,60.0,35.61327383333333,-119.6896415,,5.896461090640289,10.386872242693046,365.82841666666667,5.176430865850668,5.3374097109861225,0.463575,5.968805264415633,5.229783333333334
2023-06-27 07:30:00,1687875901.0,6.346666666666667,3.94,6.77,18.2,46.083333333333336,19.916666666666668,52.06666666666666,35.6132195,-119.68956633333332,,6.407429912354327,11.792570087645672,292.47555555555556,4.877506732601919,4.9899481309713405,0.46826666666666666,5.766107358649248,5.093183333333333
2023-06-27 08:30:00,1687879501.0,6.191666666666666,3.935,6.571666666666666,23.266666666666666,34.78333333333334,23.883333333333336,41.5,35.61322983333333,-119.68958416666668,,6.8512125224549925,16.415454144211672,215.36680555555557,5.2644314529297285,5.389057710364567,0.4690416666666667,6.172983791456481,5.973083333333332
2023-06-27 09:30:00,1687883101.0,6.685,4.341666666666667,7.04,27.23333333333333,28.65,25.666666666666668,39.31666666666667,35.613243833333335,-119.68957783333332,,7.4647475949857,19.76858573834763,191.52524999999997,5.766331438108148,5.928887209278654,0.46657499999999996,6.565385781382787,6.75095
2023-06-27 10:30:00,1687886701.0,7.318333333333332,4.873333333333334,7.643333333333333,29.7,24.7,27.48333333333333,35.21666666666667,35.613221,-119.6895815,,7.390176474292727,22.309823525707273,180.76283333333328,6.2959385215068995,6.453198039364112,0.46340833333333337,6.952463312758011,7.416033333333333
2023-06-27 11:30:00,1687890301.0,7.7,5.3133333333333335,7.965,30.98333333333333,22.73333333333333,28.65,32.78333333333333,35.613221333333335,-119.68963883333332,,7.25172637301777,23.73160696031556,175.04666666666665,6.647540616413151,6.751375371709427,0.46149999999999997,7.177356732147022,7.781666666666667
2023-06-27 12:30:00,1687893901.0,8.196666666666667,5.728333333333333,8.378333333333332,31.8,21.46666666666667,29.75,30.383333333333336,35.61321916666667,-119.6895905,,7.092235850597822,24.70776414940218,175.95511111111114,7.0216496030867885,7.083820041885381,0.45901666666666663,7.437804189991762,8.1476
2023-06-27 13:30:00,1687897501.0,8.203333333333333,5.776666666666666,8.371666666666666,33.6,19.133333333333336,31.33333333333333,27.066666666666663,35.61326366666666,-119.68958183333332,,6.891989141052817,26.708010858947183,156.95711111111115,7.0711881202266955,7.187876919976347,0.45898333333333335,7.408339134327712,8.3494
2023-06-27 14:30:00,1687901400.2857144,8.194285714285714,5.881428571428572,8.374285714285715,33.82857142857143,17.52857142857143,32.25714285714286,23.928571428571427,35.61324371428572,-119.68956114285712,,5.8049626135824415,28.02360881498899,143.63412244897958,7.131299765180269,7.251812430980109,0.45902857142857145,7.408614356040658,8.4811
2023-06-27 15:30:00,1687905300.0,7.61,5.373333333333334,7.838333333333334,32.95,15.133333333333333,32.5,19.5,35.613242166666666,-119.68957016666668,,2.99957687875908,29.950423121240924,115.16466666666666,6.731603696883555,7.027777479416095,0.46195,7.0412221470742224,8.380866666666666
2023-06-27 16:30:00,1687908900.0,7.888333333333333,5.586666666666667,8.146666666666667,31.58333333333333,18.21666666666667,32.35,22.933333333333334,35.61322283333333,-119.68957633333332,,4.53971313760518,27.04362019572815,143.69913888888888,6.916840533164942,7.0509863807768856,0.46055833333333335,7.308958801306979,8.263516666666666
2023-06-27 17:30:00,1687912500.0,9.101666666666668,6.465,9.346666666666666,30.28333333333333,20.6,32.0,24.83333333333333,35.61321016666667,-119.68955966666664,,5.240493029628705,25.042840303704626,187.49433333333337,7.703093062890178,7.627608468416649,0.4544916666666666,8.028751959948284,8.691866666666668
2023-06-27 18:30:00,1687916100.0,9.145,6.395,9.431666666666668,28.433333333333334,22.883333333333336,30.566666666666663,27.0,35.613262666666664,-119.6895905,,5.217093286296771,23.216240047036564,209.26808333333335,7.646229330849798,7.553686210898959,0.45427500000000004,8.053878300752864,8.520316666666666
2023-06-27 19:30:00,1687919700.0,9.286666666666669,6.428333333333334,9.565,27.383333333333336,24.95,29.8,28.96666666666667,35.61326483333333,-119.68956633333332,,5.580872035241096,21.80246129809224,231.70233333333337,7.650674738978391,7.544116646957877,0.4535666666666667,8.087883556748437,8.418316666666668
2023-06-27 20:30:00,1687923300.0,9.746666666666666,6.861666666666667,10.048333333333334,25.616666666666664,28.383333333333336,27.5,33.800000000000004,35.6132365,-119.68956866666667,,5.939770428827856,19.676896237838807,276.6428888888889,7.859155912821791,7.653954771275519,0.45126666666666665,8.27111311391268,8.365683333333333
2023-06-27 21:30:00,1687926900.0,16.888333333333332,11.39,17.478333333333335,23.75,31.35,25.6,36.93333333333333,35.613219,-119.68960066666666,,5.764886815363632,17.98511318463637,529.44925,10.171913436350813,10.051242261833753,0.4155583333333333,11.831742978872242,11.827183333333334
2023-06-27 22:30:00,1687930500.0,5.046666666666666,3.41,5.29,22.7,29.8,24.766666666666666,34.21666666666667,35.613208166666666,-119.68963366666668,,4.125692413656728,18.57430758634327,150.39066666666665,4.837600993035178,4.962472851070892,0.47476666666666667,5.777448607075307,5.801266666666666
2023-06-27 23:30:00,1687934100.0,4.236666666666667,2.8016666666666663,4.441666666666666,21.7,31.366666666666664,23.5,36.46666666666667,35.61323933333333,-119.68961716666666,,3.988538914538696,17.711461085461302,132.8901111111111,4.288829009147802,4.441757847625318,0.47881666666666667,5.320806039217369,5.2469
2023-06-28 00:30:00,1687937700.0,4.798333333333333,3.096666666666667,5.116666666666666,20.883333333333333,34.21666666666667,22.516666666666666,40.03333333333333,35.61324616666667,-119.68959033333331,,4.516046144596017,16.367287188737315,164.18297222222222,4.519790524213723,4.633579765190427,0.47600833333333337,5.548702949501246,5.296716666666666
2023-06-28 01:30:00,1687941300.0,4.111666666666667,2.688333333333333,4.316666666666666,20.0,37.11666666666667,21.46666666666667,43.7,35.613247,-119.68963483333334,,4.901432488378327,15.098567511621674,152.61136111111114,4.055177997415572,4.1245650037143085,0.47944166666666665,5.107498130726482,4.69315
2023-06-28 02:30:00,1687944900.0,4.238333333333333,2.7533333333333334,4.483333333333333,19.48333333333333,36.81666666666667,20.883333333333336,42.93333333333334,35.613223500000004,-119.6895535,,4.326256518594843,15.157076814738488,156.04130555555557,4.13489451419859,4.208358799364444,0.47880833333333334,5.19496640593982,4.784516666666667
2023-06-28 03:30:00,1687948500.0,4.415,2.89,4.613333333333333,18.9,38.95,20.05,46.1,35.613218833333335,-119.68961716666666,,4.6126158933312755,14.287384106668723,171.96425000000002,4.1790240648172325,4.215512141279128,0.477925,5.199533713839773,4.69505
2023-06-28 04:30:00,1687952100.0,4.653333333333333,2.983333333333333,4.953333333333333,18.116666666666667,41.95,19.133333333333333,50.0,35.61322666666667,-119.689565,,4.973827299366169,13.142839367300498,195.20733333333334,4.189020961140791,4.219916269334886,0.47673333333333334,5.212103228179432,4.563983333333333
2023-06-28 05:30:00,1687955700.0,4.78,3.04,5.178333333333334,17.266666666666666,43.9,17.833333333333332,53.31666666666666,35.61318983333334,-119.68960566666668,,4.857591308487691,12.409075358178974,209.842,4.181442465751599,4.206967547993894,0.47609999999999997,5.213553934390932,4.4641
2023-06-28 06:30:00,1687959300.0,5.065,3.125,5.396666666666666,17.316666666666666,44.63333333333333,18.616666666666664,51.9,35.61320683333333,-119.68958283333332,,5.141065690411288,12.175600976255378,226.06783333333334,4.268238046559372,4.334949938682622,0.474675,5.269533872529303,4.549966666666666
2023-06-28 07:30:00,1687962900.0,4.476666666666667,2.833333333333333,4.698333333333333,20.166666666666668,39.11666666666667,22.53333333333333,42.833333333333336,35.6132225,-119.68956383333334,,5.806360897714018,14.36030576895265,175.11227777777776,4.161201860942026,4.242860599372996,0.4776166666666667,5.191456310555768,4.712949999999999
2023-06-28 08:30:00,1687966500.0,5.416666666666667,3.5683333333333334,5.741666666666667,24.933333333333334,29.633333333333336,25.6,35.666666666666664,35.613227,-119.689612,,5.975422300510633,18.9579110328227,160.5138888888889,5.0111859974722135,5.176726386222087,0.47291666666666665,5.933673098157229,6.007833333333333
2023-06-28 09:30:00,1687970100.0,5.25,3.5700000000000003,5.4433333333333325,28.45,23.883333333333336,27.23333333333333,31.96666666666667,35.613223166666664,-119.68959683333333,,5.848398857497706,22.601601142502293,125.38750000000002,5.04751664327069,5.330674640102648,0.47375,5.85371129841803,6.409916666666666
2023-06-28 10:30:00,1687973700.0,5.415,3.6916666666666655,5.614999999999999,31.933333333333334,20.516666666666666,29.8,28.566666666666663,35.61320933333334,-119.6896235,,6.542320364160755,25.39101296917258,111.09774999999999,5.164138814619626,5.56777990661665,0.472925,5.864264867118945,6.781883333333333
2023-06-28 11:30:00,1687977300.0,6.841666666666666,4.838333333333334,7.039999999999999,34.11666666666667,18.633333333333333,31.23333333333333,27.08333333333333,35.61324316666667,-119.6896195,,6.926576514084778,27.190090152581888,127.48305555555554,6.163850892399555,6.447256228200482,0.46579166666666666,6.623700654777626,7.683833333333333
2023-06-28 12:30:00,1687980900.0,7.056666666666668,4.986666666666667,7.268333333333333,34.86666666666667,17.883333333333333,32.36666666666667,25.566666666666663,35.61323866666667,-119.68958033333332,,6.935411351491792,27.931255315174873,126.19672222222225,6.305239773628966,6.599838317372351,0.46471666666666667,6.719311391782614,7.859383333333334
2023-06-28 13:30:00,1687984500.0,6.593333333333334,4.586666666666667,6.728333333333333,35.2,16.7,33.35,22.85,35.61322683333333,-119.689579,,6.207649827455297,28.992350172544704,110.10866666666666,5.966374079420757,6.391392023606089,0.46703333333333336,6.38477491623342,7.719033333333334
2023-06-28 14:30:00,1687988100.0,7.04,4.989999999999999,7.191666666666666,34.666666666666664,16.683333333333334,33.71666666666667,22.28333333333333,35.613259666666664,-119.68952683333332,,5.7651181809588,28.901548485707863,117.45066666666666,6.312754646375211,6.642106064146831,0.4648,6.67958647671131,7.952716666666666
2023-06-28 15:30:00,1687991700.0,8.776666666666666,6.316666666666666,9.02,34.21666666666667,17.066666666666666,33.86666666666667,22.21666666666667,35.6132445,-119.68957516666669,,5.73179383054555,28.48487283612112,149.78844444444442,7.537596079405291,7.597628936049211,0.45611666666666667,7.750413214997111,8.8232
2023-06-28 16:30:00,1687995300.0,10.671666666666669,7.729999999999999,10.935,33.28333333333333,18.33333333333333,33.68333333333333,23.3,35.61323433333333,-119.68954983333332,,6.013091775739329,27.270241557594,195.6472222222222,11.633386140007731,9.516134151737672,0.44664166666666666,8.893529391420408,9.700933333333335
2023-06-28 17:30:00,1687998720.0,10.758,7.696,11.014,32.04,19.76,33.62,24.08,35.6132492,-119.6895538,,6.08423184806868,25.95576815193132,212.57808,11.233992541419862,9.391314379087365,0.44621,8.9444203348517,9.624559999999999
2023-06-28 18:30:00,1688002500.0,11.840000000000002,8.583333333333334,12.125,30.4,22.85,32.7,27.016666666666666,35.6132475,-119.68958666666668,,6.8395767442217235,23.560423255778275,270.54400000000004,10.918554187153227,9.396932085927224,0.44079999999999997,9.547165304355707,9.92455
2023-06-28 19:30:00,1688006100.0,11.916666666666666,8.478333333333333,12.271666666666668,28.883333333333336,26.1,31.416666666666668,30.5,35.613253666666665,-119.689579,,7.507261426624098,21.37607190670924,311.025,10.181836521178937,9.075586589206504,0.4404166666666666,9.487026941475001,9.688166666666666
2023-06-28 20:30:00,1688009700.0,11.855,8.341666666666667,12.198333333333332,27.016666666666666,29.45,29.316666666666663,34.86666666666667,35.61325716666666,-119.68956516666668,,7.682343417723746,19.33432324894292,349.12975,9.473084988341359,8.700973190372423,0.440725,9.307762571091134,9.37135
2023-06-28 21:30:00,1688013300.0,11.651666666666666,8.13,12.088333333333331,25.45,33.43333333333333,28.116666666666664,38.46666666666667,35.613233666666666,-119.68957783333332,,8.187822046836711,17.262177953163288,389.55405555555546,8.685757323446063,8.215451264489396,0.44174166666666664,9.014066010048907,8.927033333333332
2023-06-28 22:30:00,1688016900.0,7.1000000000000005,4.841666666666667,7.428333333333334,24.3,30.05,26.3,34.916666666666664,35.61323766666667,-119.68958033333332,,5.629934816687797,18.670065183312204,213.35500000000002,6.0872349644036685,6.100965596330672,0.4645,6.826717488216932,6.8477500000000004
2023-06-28 23:30:00,1688020500.0,5.223333333333334,3.5116666666666667,5.46,23.016666666666666,30.666666666666668,24.9,35.81666666666666,35.613232833333335,-119.68962716666664,,4.810312603596505,18.20635406307016,160.18222222222224,4.910809620583861,5.024088646995398,0.4738833333333334,5.8337470736000565,5.819466666666667
2023-06-29 00:30:00,1688024100.0,5.591666666666666,3.5883333333333334,5.823333333333333,22.15,31.75,23.866666666666664,37.13333333333333,35.613252,-119.6895765,,4.55413343459188,17.59586656540812,177.53541666666663,5.044851412951145,5.183663513144998,0.47204166666666664,5.974585986575211,5.918916666666666
2023-06-29 01:30:00,1688027700.0,5.641666666666667,3.733333333333333,5.896666666666667,21.383333333333336,34.31666666666667,23.066666666666663,40.35,35.613254000000005,-119.689584,,4.997851657242562,16.385481676090773,193.60319444444445,5.037297035487927,5.101290169513778,0.47179166666666666,5.948917842744847,5.726749999999999
2023-06-29 02:30:00,1688031300.0,5.716666666666666,3.645,5.911666666666666,20.8,36.583333333333336,22.266666666666666,43.3,35.613212833333336,-119.68959816666666,,5.403276987284037,15.396723012715963,209.1347222222222,4.952151685800894,5.045808221579223,0.47141666666666665,5.866401618404662,5.573083333333333
2023-06-29 03:30:00,1688034900.0,6.233333333333333,4.0183333333333335,6.533333333333334,20.05,38.98333333333333,21.216666666666665,46.76666666666667,35.613191,-119.68959816666666,,5.6527330285754545,14.397266971424546,242.99611111111108,5.171420510391066,5.231792334366432,0.4688333333333333,6.051227274889083,5.6377500000000005
2023-06-29 04:30:00,1688038500.0,6.895,4.426666666666667,7.201666666666667,19.15,41.35,20.116666666666667,49.78333333333333,35.6132425,-119.68960966666668,,5.697243394140805,13.452756605859193,285.10825,5.435591740385783,5.500365551528435,0.465525,6.250270034776261,5.78065
2023-06-29 05:30:00,1688042100.0,8.495,5.601666666666667,8.89,18.23333333333333,44.28333333333333,19.016666666666666,53.8,35.613208,-119.68960716666668,,5.859911983176057,12.373421350157273,376.1869166666666,6.2180367533101935,6.26975515341708,0.45752499999999996,6.85903750895851,6.363316666666666
2023-06-29 06:30:00,1688045700.0,10.085,6.551666666666667,10.68,18.28333333333333,46.01666666666667,19.516666666666666,54.63333333333333,35.613228,-119.68956366666669,,6.462357554763922,11.820975778569409,464.07808333333344,5.876787239589357,6.396684017768349,0.44957499999999995,7.478237521451345,7.0427833333333325
2023-06-29 07:30:00,1688049300.0,9.973333333333334,6.614999999999999,10.443333333333332,20.933333333333334,44.36666666666667,22.883333333333336,50.85,35.6132215,-119.68955716666666,,8.336857614829004,12.59647571850433,442.4835555555556,7.01019252996315,7.093588962129406,0.45013333333333333,7.502221583709182,7.124966666666667
2023-06-29 08:30:00,1688052900.0,8.761666666666667,5.918333333333333,9.106666666666667,26.35,32.916666666666664,27.066666666666663,40.016666666666666,35.613232833333335,-119.68958516666667,,8.744834600076969,17.60516539992303,288.4048611111111,6.935879718033744,6.907736213630783,0.45619166666666666,7.509965763160383,7.4681500000000005
2023-06-29 09:30:00,1688056500.0,6.796666666666667,4.493333333333333,7.118333333333333,30.016666666666666,22.4,29.316666666666663,29.016666666666666,35.6132125,-119.6896235,,6.2303749449710235,23.78629172169564,152.24533333333332,6.006479455029648,6.26011578046884,0.4660166666666667,6.687402695923318,7.3402666666666665
2023-06-29 10:30:00,1688060100.0,6.71,4.503333333333333,6.9383333333333335,33.050000000000004,19.516666666666666,31.316666666666663,26.55,35.61321316666667,-119.6896005,,6.7316876510253,26.318312348974704,130.95683333333332,5.987943682171271,6.335582560570115,0.46645000000000003,6.551958839071763,7.540283333333334
2023-06-29 11:30:00,1688063700.0,6.665,4.406666666666667,6.903333333333333,35.550000000000004,18.08333333333333,33.43333333333334,24.75,35.61321316666667,-119.68963233333334,,7.65134724959932,27.898652750400686,120.52541666666663,5.913778103270046,6.3720248187735224,0.46667499999999995,6.432442791872031,7.638716666666667
2023-06-29 12:30:00,1688067300.0,8.525,5.805,8.768333333333333,36.96666666666667,17.016666666666666,34.78333333333333,23.78333333333333,35.613228,-119.68957916666666,,7.900489293216579,29.06617737345009,145.06708333333333,7.199194858611236,7.4589220092195685,0.457375,7.466187772812212,8.696583333333333
2023-06-29 13:30:00,1688070900.0,8.146666666666667,5.566666666666666,8.408333333333333,36.78333333333333,17.25,35.36666666666667,23.3,35.61322083333334,-119.6895525,,7.953471560698977,28.829861772634352,140.53,6.95226711805788,7.23713789797676,0.4592666666666667,7.2654252701545925,8.480016666666666
2023-06-29 14:30:00,1688074500.0,8.785,6.04,9.018333333333333,36.9,17.650000000000002,36.16666666666666,23.33333333333333,35.6132495,-119.6895755,,8.385378198191466,28.51462180180853,155.05525000000003,7.386939724832738,7.577211673898942,0.456075,7.63300549004305,8.77795
2023-06-29 15:30:00,1688078100.0,9.188333333333334,6.364999999999999,9.473333333333333,36.21666666666667,18.25,36.35,23.48333333333333,35.61326283333333,-119.68957283333332,,8.326415727691817,27.89025093897485,167.68708333333336,7.674329304647373,7.777157616724366,0.45405833333333334,7.909785061385705,8.936683333333335
2023-06-29 16:30:00,1688081700.0,9.076666666666666,6.395,9.32,35.166666666666664,19.016666666666666,36.21666666666667,23.683333333333334,35.613226000000004,-119.68957133333332,,8.08000714621564,27.086659520451022,172.60794444444443,7.638820695396243,7.681694142497742,0.45461666666666667,7.8841265043711966,8.81345
2023-06-29 17:30:00,1688085300.0,10.69,7.626666666666666,10.981666666666667,33.85,20.916666666666668,36.03333333333333,24.9,35.61322533333333,-119.68955483333332,,8.40527660401248,25.444723395987523,223.59916666666666,11.01695824196808,9.247568505049697,0.44655,8.845035228391831,9.490883333333333
2023-06-29 18:30:00,1688088900.0,11.933333333333332,8.44,12.195,32.03333333333333,23.21666666666667,34.78333333333333,27.08333333333333,35.613274,-119.68960083333332,,8.437889650489044,23.595443682844287,277.0522222222222,10.774547173964603,9.386788680923214,0.4403333333333333,9.504316121066726,9.941916666666666
2023-06-29 19:30:00,1688092500.0,11.31,7.948333333333334,11.638333333333334,30.48333333333333,25.75,33.43333333333333,29.73333333333333,35.61324316666667,-119.68960433333332,,8.665079438737717,21.818253894595614,291.2325,10.05460274774755,8.925682261830124,0.44345,9.114073808954453,9.40245
2023-06-29 20:30:00,1688096100.0,12.558333333333332,8.685,12.97,28.266666666666666,29.83333333333333,30.8,35.36666666666667,35.613243833333335,-119.6895715,,8.951135695640197,19.31553097102647,374.6569444444443,9.531482483466826,8.877144921952269,0.4372083333333333,9.61971575276308,9.7045
2023-06-29 21:30:00,1688099700.0,11.706666666666663,7.960000000000001,12.116666666666667,25.95,33.21666666666666,28.35,38.98333333333333,35.613220166666665,-119.68959166666666,,8.529409677614153,17.42059032238585,388.85644444444426,8.600416656701872,8.255408650928509,0.4414666666666667,9.003185762358424,8.974049999999998
2023-06-29 22:30:00,1688103300.0,13.428333333333333,9.25,13.853333333333332,24.166666666666668,37.35,26.23333333333333,44.35,35.6131995,-119.68960966666668,,8.692996933997472,15.473669732669196,501.54825,8.510756510678352,8.34750904226083,0.43285833333333334,9.618414601283785,9.517983333333333
2023-06-29 23:30:00,1688106900.0,11.726666666666668,8.015,12.096666666666666,23.0,38.53333333333334,24.96666666666667,45.15,35.613251,-119.68960066666666,,8.115981877185758,14.884018122814242,451.86755555555567,7.767820533793928,7.697216080786683,0.44136666666666663,8.706398377143618,8.532533333333333
2023-06-30 00:30:00,1688110500.0,11.166666666666666,7.628333333333334,11.615,22.433333333333334,38.23333333333333,24.433333333333334,44.46666666666667,35.61319716666667,-119.68961216666666,,7.496220228274964,14.93711310505837,426.9388888888888,7.6330514149855535,7.556393261393705,0.44416666666666665,8.488906838705008,8.266833333333334
2023-06-30 01:30:00,1688114100.0,12.131666666666666,8.313333333333334,12.585,22.1,38.68333333333333,24.133333333333336,44.95,35.613242,-119.68956366666669,,7.370582546871062,14.729417453128939,469.2933055555555,7.86272465475674,7.806169352756642,0.4393416666666667,8.928887253172192,8.730383333333334
2023-06-30 02:30:00,1688117700.0,13.813333333333333,9.436666666666667,14.293333333333337,21.96666666666667,38.38333333333333,24.08333333333333,44.01666666666667,35.613241333333335,-119.68961083333332,,7.13776820599746,14.828898460669208,530.2017777777777,8.379405090091964,8.356530596801216,0.43093333333333333,9.759361717170924,9.63035
2023-06-30 03:30:00,1688121300.0,13.748333333333331,9.421666666666669,14.206666666666663,21.933333333333334,37.98333333333333,23.9,43.88333333333333,35.61326016666667,-119.68959283333334,,6.955032037908805,14.97830129542453,522.2075277777776,8.436005586697817,8.378948459875232,0.4312583333333333,9.760358027220487,9.63055
2023-06-30 04:30:00,1688124900.0,14.738333333333337,10.006666666666666,15.108333333333334,21.066666666666663,41.38333333333333,22.35,50.23333333333333,35.61322966666666,-119.68959166666669,,7.433489374304515,13.633177292362149,609.9213611111112,8.190906830527469,8.323293141703246,0.4263083333333333,9.913650486842247,9.856350000000003
2023-06-30 05:30:00,1688128500.0,17.698333333333334,11.856666666666667,18.45833333333333,19.566666666666663,46.28333333333333,20.53333333333333,56.21666666666667,35.6132385,-119.68958783333332,,7.716829106064336,11.849837560602328,819.1378611111111,8.365969887352538,8.715833955000319,0.4115083333333333,10.862762188982925,10.97905
2023-06-30 06:30:00,1688132100.0,19.255,12.648333333333332,20.125,19.966666666666665,46.68333333333334,22.066666666666663,53.31666666666666,35.61321083333333,-119.68957766666666,,8.208354229283637,11.758312437383028,898.8875833333334,8.63479747003534,9.153348981723038,0.403725,11.480639877645121,11.754516666666664
2023-06-30 07:30:00,1688135700.0,18.441666666666663,12.418333333333337,19.10333333333333,23.516666666666666,40.31666666666666,26.9,42.85,35.61323383333333,-119.68963616666667,,9.24725977728596,14.269406889380706,743.5065277777776,9.405998375250856,9.578385731875153,0.40779166666666666,11.76368627051381,11.872749999999996
2023-06-30 08:30:00,1688139300.0,15.29,10.646666666666668,15.745,29.433333333333334,28.6,30.933333333333334,33.583333333333336,35.613252,-119.68961316666666,,9.327663992687903,20.10566934064543,437.294,10.549481677357692,9.85033028249183,0.42355000000000004,11.121695348795516,11.229800000000001
2023-06-30 09:30:00,1688142900.0,14.326666666666668,9.931666666666668,14.783333333333331,33.65,23.766666666666666,33.85,30.0,35.61322833333333,-119.68962849999998,,10.13857562638511,23.511424373614886,340.4971111111111,11.20673082344604,10.066354877333609,0.4283666666666667,10.778452188861094,11.139700000000001
2023-06-30 10:30:00,1688146500.1666667,13.57,9.318333333333332,13.946666666666667,36.61666666666667,20.816666666666663,35.35,28.2,35.61326616666667,-119.68958266666668,,10.61282022378342,26.003846442883248,282.4821666666666,11.615427542053999,10.14618791969449,0.43215000000000003,10.359819937446686,10.996983333333333
2023-06-30 11:30:00,1688150100.0,13.883333333333333,9.768333333333333,14.236666666666666,38.75,19.23333333333333,37.083333333333336,26.25,35.613238833333334,-119.68957366666666,,11.166969057273786,27.583030942726214,267.0227777777777,12.254276508011731,10.410868895640853,0.4305833333333334,10.552638571981035,11.2945
2023-06-30 12:30:00,1688153700.0,14.396666666666668,10.373333333333331,14.653333333333334,39.91666666666666,17.816666666666666,38.53333333333333,24.0,35.613258,-119.68957916666666,,10.957836477692437,28.95883018897422,256.50061111111114,12.899622535625983,10.719525338118011,0.4280166666666666,10.855513588755827,11.68185
2023-06-30 13:30:00,1688157300.0,15.428333333333333,11.393333333333333,15.678333333333336,40.05,17.833333333333332,39.31666666666667,23.516666666666666,35.61325333333333,-119.6895585,,11.079379665506112,28.970620334493887,275.13861111111106,13.356811402526102,11.035855023437705,0.42285833333333334,11.49478548209714,12.216899999999999
2023-06-30 14:30:00,1688160900.0,15.441666666666668,11.555,15.728333333333332,39.78333333333333,17.45,39.78333333333333,22.15,35.61325866666667,-119.68958133333332,,10.537665059748596,29.245668273584734,269.45708333333334,13.542053098148262,11.080656635559084,0.4227916666666667,11.552941550583444,12.256416666666667
2023-06-30 15:30:00,1688164500.0,16.581666666666667,12.461666666666666,16.87,39.43333333333333,17.816666666666666,40.23333333333333,22.183333333333334,35.61324633333333,-119.68958666666668,,10.56827967061962,28.86505366271371,295.43002777777775,13.797684679768606,11.393237090658259,0.4170916666666667,12.232042626642606,12.818050000000001
2023-06-30 16:30:00,1688167801.0,14.88,11.104,15.104,38.44,18.18,40.34,21.68,35.613224200000005,-119.689563,,10.068985647622966,28.37101435237703,270.5184,13.159483990651378,10.829986373669362,0.42560000000000003,11.22817643347867,11.9023
2023-06-30 17:30:00,1688171101.0,17.656666666666666,12.843333333333334,17.965,37.0,21.03333333333333,39.86666666666667,24.55,35.61322083333334,-119.6895625,,11.084257793065536,25.915742206934464,371.3785555555555,13.070728578797642,11.383250903249667,0.4117166666666667,12.732031055140757,13.103633333333335
2023-06-30 18:30:00,1688174701.0,18.3,13.418333333333337,18.625,35.38333333333333,23.166666666666668,38.81666666666666,26.416666666666668,35.61322466666667,-119.68958766666668,,11.202497315325838,24.180836018007497,423.95000000000005,12.884622765555122,11.355161653317287,0.40850000000000003,13.038959959034775,13.256833333333333
2023-06-30 19:30:00,1688178301.0,18.843333333333334,13.906666666666666,19.215,34.1,25.183333333333334,37.56666666666667,28.78333333333333,35.6132335,-119.68957383333333,,11.387786528852464,22.712213471147535,474.53794444444446,12.72442918756559,11.308622972740862,0.40578333333333333,13.26321682523087,13.36795
2023-06-30 20:30:00,1688181901.0,19.36,14.331666666666669,19.81833333333333,31.866666666666664,28.85,34.9,33.86666666666667,35.61325016666667,-119.68957516666669,,11.54555715332974,20.32110951333692,558.5360000000001,12.279624059616612,11.07871604845586,0.4032,13.333727447137058,13.32495
2023-06-30 21:30:00,1688185800.5714283,20.27142857142857,14.76,20.787142857142857,29.25714285714286,32.81428571428572,32.15714285714286,38.08571428571429,35.613245142857146,-119.68957857142856,,11.235679037673348,18.02146381946951,665.1924489795917,11.770758004628656,10.938936008193384,0.39864285714285713,13.469196886730316,13.46192857142857
2023-06-30 22:30:00,1688189700.0,28.366666666666664,21.065,28.938333333333333,27.65,34.11666666666667,30.35,39.51666666666667,35.613262666666664,-119.68957516666669,,10.41632936897465,17.233670631025348,967.776111111111,14.375518307184544,13.296733883960028,0.3581666666666667,17.543934612584536,17.56075
2023-06-30 23:30:00,1688193300.0,18.106666666666666,13.305,18.53,26.516666666666666,35.766666666666666,29.166666666666668,41.43333333333333,35.61325,-119.6896005,,10.12754433697886,16.389122329687808,647.6151111111111,10.729094818784887,9.958071848796749,0.40946666666666665,12.136271521060783,12.0853
2023-07-01 00:30:00,1688196900.0,19.37333333333333,14.031666666666666,19.875,25.53333333333333,37.85,27.816666666666663,44.38333333333333,35.61322216666667,-119.6895905,,10.104546612552275,15.428786720781057,733.2806666666667,10.711002456199594,10.127485472666764,0.40313333333333334,12.556212211774627,12.566883333333333
2023-07-01 01:30:00,1688200500.0,22.125,15.99,22.666666666666668,24.116666666666664,41.65,25.866666666666664,50.333333333333336,35.613233666666666,-119.68959316666668,,10.271428236397842,13.845238430268822,921.50625,11.120640529256134,10.57255383534599,0.389375,13.467949799887442,13.67475
2023-07-01 02:30:00,1688204100.0,20.656666666666663,14.935,21.175,23.05,46.05,24.916666666666668,55.63333333333333,35.613245,-119.6895625,,10.814982241523508,12.235017758476493,951.2394999999998,10.13686851982785,9.652759480488555,0.39671666666666666,12.267563098723388,12.537216666666666
2023-07-01 03:30:00,1688207700.0,25.89333333333333,18.53833333333333,26.55333333333333,21.933333333333334,51.833333333333336,23.683333333333334,62.48333333333333,35.613244333333334,-119.689612,,11.577452798837463,10.35588053449587,1342.1377777777777,11.30855542616421,10.653511059193935,0.3705333333333333,13.785338565274907,14.768699999999999
2023-07-01 04:30:00,1688211300.0,22.15833333333333,15.786666666666669,22.81,21.683333333333334,47.91666666666666,23.46666666666667,56.26666666666667,35.613235,-119.6896005,,10.164455787241588,11.518877546091746,1061.753472222222,10.283683242392499,9.917630772471483,0.3892083333333333,12.714539762370071,13.159416666666665
2023-07-01 05:30:00,1688214900.0,19.24,13.405,19.881666666666664,21.366666666666664,46.36666666666667,23.35,53.75,35.613191,-119.68957933333331,,9.384359472539268,11.982307194127396,892.0946666666666,9.227068982368067,9.182337833153063,0.40380000000000005,11.563267702532336,11.773633333333333
2023-07-01 06:30:00,1688218500.0,20.611666666666668,13.826666666666668,21.39833333333333,21.73333333333333,45.81666666666666,24.116666666666664,51.91666666666666,35.61324566666667,-119.6896005,,9.540584116063378,12.192749217269952,944.3578611111111,9.367215480553874,9.66365252841957,0.3969416666666667,12.179845206938213,12.533650000000002
2023-07-01 07:30:00,1688222100.0,22.35166666666667,15.53,23.025,24.21666666666667,40.86666666666667,27.366666666666664,44.51666666666667,35.613237500000004,-119.68961316666667,,10.076870186692418,14.139796479974251,913.4381111111113,10.843111956660053,10.72559319053698,0.38824166666666665,13.597389860679641,13.859200000000001
2023-07-01 08:30:00,1688225700.0,20.08666666666667,13.966666666666669,20.641666666666666,30.816666666666663,30.28333333333333,32.81666666666666,34.916666666666664,35.61314383333333,-119.68961733333332,,11.375752109454542,19.44091455721212,608.2912222222222,11.633389156247556,11.150625728420845,0.3995666666666666,13.483134849871655,13.580983333333336
2023-07-01 09:30:00,1688229300.0,18.755,13.068333333333332,19.24333333333333,34.766666666666666,25.05,35.06666666666667,31.75,35.6132295,-119.6895905,,11.868980090324012,22.897686576342654,469.81275,12.19581920448379,11.29553993388635,0.406225,13.107026766018826,13.33335
2023-07-01 10:30:00,1688232900.0,17.455000000000002,12.28,17.783333333333335,38.16666666666666,19.966666666666665,37.65,25.6,35.613192500000004,-119.68960466666664,,11.256093059735699,26.91057360693096,348.5181666666667,12.966792883422908,11.434295715998388,0.412725,12.568632433068855,13.089433333333334
2023-07-01 11:30:00,1688236500.0,17.471666666666668,12.81,17.748333333333335,41.13333333333333,17.566666666666666,40.2,22.7,35.61325266666667,-119.68961983333332,,11.723423275099833,29.4099100582335,306.91894444444443,13.931336864113565,11.694192419705498,0.4126416666666667,12.652078453468484,13.3021
2023-07-01 12:30:00,1688240100.0,15.816666666666668,11.911666666666669,16.035,41.56666666666667,15.85,40.93333333333333,19.933333333333334,35.61322533333333,-119.68955883333332,,10.517892424469428,31.04877424219724,250.6941666666667,14.128322521565066,11.36612074820437,0.42091666666666666,11.734287563120198,12.587416666666668
2023-07-01 13:30:00,1688243700.1666667,14.636666666666663,11.053333333333333,14.768333333333333,42.16666666666666,15.05,42.016666666666666,18.633333333333336,35.61335616666667,-119.68946083333331,,10.215726233687493,31.950940432979166,220.28183333333328,14.049806633578076,11.087204831255256,0.42681666666666673,10.994310226547485,12.041816666666666
2023-07-01 14:30:00,1688247300.0,12.488333333333337,9.1,12.651666666666666,41.3,14.466666666666669,42.266666666666666,16.883333333333333,35.613215833333335,-119.68953966666668,,8.944398594064191,32.35560140593581,180.66455555555564,13.356448363546454,10.486718987522213,0.43755833333333327,9.677284552877332,10.974266666666669
2023-07-01 15:30:00,1688250900.0,11.128333333333332,7.830000000000001,11.321666666666664,40.35,14.05,42.38333333333333,15.8,35.613244333333334,-119.68956883333334,,7.767807189722227,32.582192810277775,156.35308333333333,12.896416285474483,10.11161230875376,0.44435833333333336,8.844796498061102,10.302483333333333
2023-07-01 16:30:00,1688254500.0,11.748333333333331,8.341666666666667,11.923333333333334,39.6,14.683333333333332,42.5,16.166666666666668,35.613247,-119.68956116666668,,7.826621827697958,31.773378172302046,172.5046944444444,12.89522127770844,10.235552195824487,0.4412583333333333,9.260498775426697,10.57105
2023-07-01 17:30:00,1688258100.0,13.535000000000002,9.841666666666669,13.784999999999998,38.1,16.633333333333333,41.81666666666667,18.116666666666667,35.613245,-119.68959183333334,,8.473294138017941,29.62670586198206,225.1321666666667,12.949154354599255,10.579453177237545,0.432325,10.431700987712606,11.334366666666668
2023-07-01 18:30:00,1688261700.0,13.858333333333334,10.063333333333333,14.103333333333332,36.8,17.966666666666665,40.71666666666667,19.416666666666668,35.61325,-119.6895775,,8.56738827226769,28.232611727732305,248.98805555555555,12.674290143414705,10.537616022797522,0.4307083333333333,10.641327246652482,11.389166666666668
2023-07-01 19:30:00,1688265300.0,12.61,9.363333333333332,12.916666666666666,35.15,18.78333333333333,38.9,20.75,35.613245666666664,-119.6896055,,7.884719831064275,27.265280168935725,236.8578333333333,12.260743599263588,10.06602287733669,0.43695,10.005348178281313,10.670616666666668
2023-07-01 20:30:00,1688268900.0,15.096666666666666,11.006666666666666,15.485,32.233333333333334,23.4,35.15,27.28333333333333,35.61328316666667,-119.6895705,,8.721450203665283,23.51188312966805,353.26199999999994,11.806520722204713,10.342694077773048,0.42451666666666665,11.327102539038217,11.571266666666666
2023-07-01 21:30:00,1688272500.0,14.581666666666663,10.571666666666667,14.888333333333334,29.133333333333336,27.2,31.816666666666663,32.083333333333336,35.6132775,-119.6896235,,8.327314209390092,20.806019123943244,396.6213333333332,10.87298290980788,9.78053510637227,0.4270916666666667,10.875507440376794,10.980466666666665
2023-07-01 22:30:00,1688276100.0,13.583333333333334,9.733333333333333,14.03,27.55,29.3,30.316666666666663,33.93333333333334,35.613261,-119.689678,,8.066766479970065,19.483233520029934,397.9916666666667,10.117021628939494,9.249801034536343,0.4320833333333334,10.26687372480751,10.282833333333333
2023-07-01 23:30:00,1688279700.0,12.688333333333333,9.091666666666669,13.01,26.83333333333333,27.183333333333334,29.8,30.6,35.613260833333335,-119.68964766666666,,6.35524781085235,20.478085522480978,344.91119444444445,10.195054337941226,9.198523517114129,0.4365583333333333,9.895800176333978,9.997349999999999
2023-07-02 00:30:00,1688283300.0,12.971666666666666,9.338333333333331,13.398333333333332,26.03333333333333,28.15,28.516666666666666,32.43333333333333,35.613234166666665,-119.68958383333334,,6.177795203303116,19.855538130030215,365.1524166666666,10.121947595224716,9.183274295581462,0.4351416666666667,10.04601083556924,10.062516666666667
2023-07-02 01:30:00,1688286900.0,13.075,9.221666666666666,13.488333333333337,24.58333333333333,33.35,26.7,39.5,35.61321516666667,-119.68964766666666,,7.392260709839368,17.19107262349396,436.05125,9.157909721846732,8.663160359463348,0.434625,9.762922477559924,9.674249999999999
2023-07-02 02:30:00,1688290500.0,12.908333333333331,9.126666666666669,13.306666666666668,23.516666666666666,33.75,25.633333333333336,39.25,35.61320766666667,-119.6895775,,6.6314365816110294,16.885230085055635,435.65624999999994,9.040085609392262,8.569311578309168,0.43545833333333334,9.670791497016387,9.553583333333332
2023-07-02 03:30:00,1688294100.0,15.575,11.106666666666667,15.96,22.33333333333333,42.55,23.916666666666668,51.85,35.61318416666666,-119.68958783333332,,8.98432391975672,13.349009413576608,662.71625,8.691152220656024,8.457426081439696,0.422125,10.268278614555635,10.192250000000001
2023-07-02 04:30:00,1688297700.0,15.806666666666668,11.21,16.291666666666668,22.016666666666666,40.68333333333333,24.2,46.73333333333333,35.61322283333333,-119.68959416666668,,8.03635291885774,13.980313747808927,643.0678888888889,8.955789206144496,8.72700194631555,0.42096666666666666,10.571918229640872,10.471383333333335
2023-07-02 05:30:00,1688301300.0,15.343333333333334,10.798333333333332,15.825,22.46666666666667,38.13333333333333,25.366666666666664,42.333333333333336,35.61323116666667,-119.689616,,7.487506823434159,14.979159843232509,585.0924444444445,9.09520448087051,8.85482026068862,0.42328333333333334,10.558932610929542,10.4472
2023-07-02 06:30:00,1688304900.0,15.788333333333334,10.95,16.375,23.666666666666668,36.7,26.78333333333333,40.38333333333333,35.61324633333333,-119.689565,,7.990474784319974,15.676191882346693,579.4318333333334,9.335700149097907,9.14417630310029,0.42105833333333337,10.880508993112734,10.800433333333334
2023-07-02 07:30:00,1688308500.0,15.53,10.76,16.06833333333333,26.4,34.06666666666667,29.566666666666663,37.53333333333333,35.6132145,-119.689593,,9.298244887989695,17.101755112010302,529.0553333333334,9.6798117131695,9.34404902815523,0.42235,10.91138515917398,10.889933333333332
2023-07-02 08:30:00,1688312100.0,16.688333333333333,11.558333333333332,17.14666666666667,31.05,28.73333333333333,32.583333333333336,34.68333333333334,35.61322533333333,-119.68957116666668,,10.783982414550827,20.266017585449173,479.5114444444444,10.906797312307775,10.267332037972302,0.41655833333333336,11.802635453456345,11.945599999999999
2023-07-02 09:30:00,1688315700.0,18.575,13.113333333333337,18.971666666666668,35.0,25.516666666666666,35.766666666666666,32.233333333333334,35.6132515,-119.6895865,,12.346328452998058,22.65367154700194,473.9720833333333,12.199268165381131,11.190503415513632,0.40712499999999996,12.97621260037019,13.200083333333335
2023-07-02 10:30:00,1688319300.0,16.849999999999998,11.881666666666666,17.113333333333333,38.333333333333336,19.966666666666665,38.5,24.96666666666667,35.61324183333333,-119.68958133333332,,11.39238758912404,26.940945744209294,336.4383333333333,12.841330692831255,11.247753102594794,0.41575,12.208805915112482,12.774833333333332
2023-07-02 11:30:00,1688322900.0,14.78,10.948333333333332,15.005,41.25,16.400000000000002,40.36666666666667,21.1,35.613266,-119.68958666666668,,10.778799750390498,30.471200249609502,242.39200000000002,13.577822214062913,10.98809824383076,0.4261,11.096629000864116,12.0016
2023-07-02 12:30:00,1688326500.0,14.915,11.196666666666667,15.113333333333337,41.31666666666667,16.366666666666667,41.0,20.683333333333334,35.613239,-119.6896045,,10.801316686196769,30.5153499804699,244.10883333333334,13.728004337287,11.03326175770746,0.42542500000000005,11.192749454027492,12.074633333333333
2023-07-02 13:30:00,1688330100.0,15.633333333333333,11.801666666666668,15.821666666666667,42.15,15.833333333333334,42.083333333333336,19.5,35.613239666666665,-119.68959566666666,,10.964964299320032,31.18503570067997,247.52777777777777,14.124690280615301,11.31136183484729,0.4218333333333334,11.604368293508,12.493500000000001
2023-07-02 14:30:00,1688333700.0,14.089999999999998,10.61,14.33,42.41666666666666,13.483333333333334,43.18333333333334,15.533333333333331,35.61322016666667,-119.68959583333331,,8.774079682727653,33.642586983939005,189.98016666666666,14.298501952978333,11.084948643449474,0.42955,10.656439546319445,11.890716666666666
2023-07-02 15:30:00,1688337300.0,10.868333333333332,8.111666666666666,11.003333333333336,42.016666666666666,12.616666666666667,43.9,13.9,35.61323216666667,-119.6895715,,7.4849442842986935,34.531722382367974,137.12213888888888,13.634253317540834,10.183592247943063,0.4456583333333333,8.64190287410362,10.289116666666665
2023-07-02 16:30:00,1688340900.0,13.373333333333331,9.881666666666666,13.568333333333332,40.833333333333336,14.15,43.53333333333333,15.466666666666669,35.61323083333333,-119.68953233333332,,8.250912232383246,32.582421100950086,189.23266666666663,13.736261268807823,10.793209247321217,0.4331333333333333,10.246076250851095,11.461383333333332
2023-07-02 17:30:00,1688344500.0,11.541666666666666,8.491666666666667,11.738333333333332,39.06666666666667,13.933333333333332,43.05,14.633333333333333,35.613250666666666,-119.68956366666669,,6.640527941419735,32.426138725246936,160.81388888888887,13.232337641961859,10.25144145917943,0.44229166666666664,9.19279945986191,10.527333333333335
2023-07-02 18:30:00,1688348100.0,13.645,9.805,13.865,37.65,15.816666666666668,42.016666666666666,16.75,35.613268,-119.68958916666666,,7.373451982764025,30.276548017235974,215.81841666666668,13.070966189651424,10.700058430261311,0.431775,10.483360686283765,11.460983333333333
2023-07-02 19:30:00,1688351700.0,10.903333333333334,7.825,11.216666666666669,35.666666666666664,18.383333333333333,39.45,20.33333333333333,35.6132645,-119.6896005,,7.987777472280793,27.67888919438587,200.43961111111113,11.713057724595863,9.582257615885807,0.44548333333333334,8.960989698745593,9.817150000000002
2023-07-02 20:30:00,1688355300.0,10.513333333333334,7.59,10.808333333333332,32.71666666666666,20.48333333333333,36.2,23.116666666666664,35.613214,-119.6895395,,7.163755994161942,25.55291067250472,215.34811111111108,11.088479864007034,9.239093940447432,0.44743333333333335,8.798559227082324,9.43585
2023-07-02 21:30:00,1688358900.0,9.198333333333332,6.483333333333333,9.573333333333332,30.866666666666664,22.366666666666664,34.38333333333333,25.166666666666668,35.613255833333334,-119.68961083333332,,6.916848007896156,23.949818658770507,205.7360555555555,7.686207482277618,7.605751598564923,0.4540083333333333,8.066218256029755,8.591966666666666
2023-07-02 22:30:00,1688362500.0,8.981666666666667,6.273333333333333,9.25,29.55,23.15,32.95,25.816666666666663,35.61323733333333,-119.68966933333331,,6.318823278661928,23.231176721338073,207.92558333333335,7.513604297901176,7.450803460690368,0.45509166666666667,7.92452507317161,8.412716666666666
2023-07-02 23:30:00,1688366100.0,9.366666666666667,6.48,9.626666666666669,28.75,23.383333333333336,32.083333333333336,26.066666666666663,35.61325133333333,-119.68958783333332,,5.794132876299017,22.955867123700983,219.02388888888893,7.742719439330934,7.65625376221296,0.4531666666666666,8.13750067683779,8.593083333333333
2023-07-03 00:30:00,1688369700.1666667,9.421666666666669,6.6000000000000005,9.676666666666668,27.78333333333333,25.05,30.816666666666663,28.383333333333336,35.61325816666667,-119.6895905,,5.976876043627594,21.806457289705737,236.01275000000007,7.757855811363789,7.615375904064428,0.4528916666666667,8.155888575920388,8.480016666666668
2023-07-03 01:30:00,1688373300.0,9.295,6.401666666666666,9.575,26.65,26.4,29.25,30.433333333333334,35.613245166666665,-119.68958783333332,,5.775098745360418,20.874901254639582,245.38799999999998,7.5943264577130725,7.486435600485099,0.453525,8.056024027638086,8.2994
2023-07-03 02:30:00,1688376900.0,9.55,6.478333333333333,9.805,24.816666666666663,29.23333333333333,26.85,34.56666666666667,35.61321016666667,-119.6895815,,5.6781372784819935,19.13852938818467,279.17833333333334,7.612708862276126,7.5073341031980245,0.45225000000000004,8.092967204396793,8.191166666666668
2023-07-03 03:30:00,1688380500.0,9.215,6.358333333333333,9.531666666666666,24.1,29.35,26.633333333333336,33.5,35.613234166666665,-119.68959166666669,,5.117359012051452,18.98264098794855,270.46025000000003,7.44887210990336,7.314819752561396,0.45392499999999997,7.96322749814985,8.00705
2023-07-03 04:30:00,1688384100.0,12.196666666666667,8.386666666666667,12.585,22.95,34.56666666666667,24.9,41.21666666666667,35.613229833333335,-119.68957766666666,,6.4814424737657825,16.468557526234218,421.59811111111117,8.526113175498406,8.26319149487577,0.4390166666666666,9.22501576639525,9.1141
2023-07-03 05:30:00,1688387700.0,15.135,10.061666666666667,15.708333333333334,22.183333333333334,41.03333333333333,24.55,47.85,35.61322533333333,-119.68957516666666,,8.312255239333199,13.871078094000135,621.0395,8.225563502416847,8.48275149550858,0.42432499999999995,10.129310046469271,10.092366666666667
2023-07-03 06:30:00,1688391300.0,17.41,11.608333333333334,18.096666666666668,22.3,40.06666666666667,24.9,45.1,35.613192166666664,-119.68957383333333,,8.065416701334962,14.234583298665038,697.5606666666667,9.030185606651106,9.286824164904921,0.41295000000000004,11.3123218707504,11.357533333333333
2023-07-03 07:30:00,1688394900.0,15.591666666666669,10.003333333333332,16.216666666666665,25.46666666666667,34.85,29.616666666666664,36.6,35.613192833333336,-119.6896235,,8.815809440117338,16.65085722654933,543.3695833333334,9.002748117838005,9.279912901941712,0.42204166666666665,10.781033857633409,10.855416666666667
2023-07-03 08:30:00,1688398500.0,11.856666666666667,8.296666666666667,12.236666666666666,31.383333333333336,25.65,32.93333333333333,30.433333333333334,35.61322666666667,-119.68955483333332,,9.369143734163092,22.014189599170244,304.1235,10.21863407251754,9.104853580703486,0.44071666666666665,9.400299774404203,9.695216666666667
2023-07-03 09:30:00,1688402100.0,15.511666666666663,10.761666666666663,15.956666666666663,35.2,19.183333333333334,35.483333333333334,23.78333333333333,35.61323866666667,-119.68953216666668,,8.235798464745486,26.964201535254517,297.5654722222222,12.43707471700823,10.918248342121942,0.4224416666666667,11.578504377053282,12.145483333333331
2023-07-03 10:30:00,1688405700.0,15.141666666666666,10.616666666666667,15.508333333333333,36.78333333333333,16.933333333333334,36.38333333333333,21.4,35.61325083333333,-119.68957116666668,,7.681117369135545,29.102215964197786,256.39888888888885,12.965009636883059,11.042999856733708,0.4242916666666667,11.371861504936957,12.144333333333332
2023-07-03 11:30:00,1688409300.0,13.235,9.281666666666666,13.486666666666666,39.4,14.783333333333331,38.2,18.883333333333333,35.6132595,-119.6895765,,7.768729877523589,31.63127012247641,195.65741666666662,13.131235888623944,10.683328503266232,0.433825,10.149054578885748,11.335616666666667
2023-07-03 12:30:00,1688412900.0,12.245,8.736666666666666,12.446666666666667,41.36666666666667,13.816666666666668,40.11666666666667,17.416666666666668,35.613238833333334,-119.6895905,,8.316470905349615,33.050195761317056,169.18508333333335,13.340733433073362,10.480687730079548,0.43877499999999997,9.491776440562688,10.902983333333333
2023-07-03 13:30:00,1688416500.0,11.745,8.781666666666666,11.910000000000002,42.66666666666666,12.7,41.5,15.733333333333334,35.61325566666667,-119.6896095,,8.083841195495511,34.58282547117115,149.1615,13.871646234320622,10.44505341880095,0.441275,9.167225435133572,10.7379
2023-07-03 14:30:00,1688420100.0,11.855,8.055,17.721666666666668,41.9,12.016666666666666,41.95,14.15,35.6132645,-119.68960583333336,,6.68303560120259,35.21696439879741,142.45758333333333,13.498292093161517,10.55150546133931,0.440725,10.59369050669337,10.853183333333334
2023-07-03 15:30:00,1688423700.0,7.991666666666667,5.433333333333334,8.26,40.35,12.166666666666666,41.48333333333333,13.9,35.61324583333334,-119.6895525,,5.6707242198811505,34.67927578011885,97.23194444444445,6.7792114383639985,7.368951485979688,0.4600416666666666,6.86500473684819,8.8315
2023-07-03 16:30:00,1688427300.0,5.308333333333334,3.091666666666667,5.641666666666667,37.86666666666667,11.166666666666666,40.23333333333333,12.083333333333334,35.6132475,-119.68959566666666,,2.541534745679485,35.32513192098718,59.27638888888889,4.740848365681734,5.910097931917852,0.4734583333333333,5.189236689489197,7.521166666666667
2023-07-03 17:30:00,1688430900.0,3.615,2.303333333333333,3.8516666666666666,35.63333333333333,10.066666666666666,38.86666666666667,10.566666666666666,35.613237000000005,-119.68959166666669,,-0.5995199885323039,36.23285332186563,36.391,3.6902013571067362,5.009642825152618,0.48192500000000005,4.168537878015847,6.734133333333333
2023-07-03 18:30:00,1688434500.0,4.865,3.3233333333333337,5.101666666666667,33.833333333333336,11.2,37.13333333333333,12.183333333333332,35.61324616666667,-119.68957783333332,,-0.506043885831819,34.33937721916516,54.488,4.70696833790079,5.660532932597629,0.475675,5.131184349790635,7.287800000000001
2023-07-03 19:30:00,1688438100.0,5.105,3.52,5.278333333333333,31.6,12.316666666666668,34.63333333333333,13.816666666666668,35.61321016666667,-119.68960933333334,,-0.927192052098476,32.52719205209848,62.87658333333334,4.955259247012943,5.7468469566598905,0.474475,5.42619176756242,7.317683333333333
2023-07-03 20:30:00,1688441700.0,4.923333333333333,3.361666666666667,5.1000000000000005,28.95,13.066666666666668,31.9,14.666666666666666,35.61327166666667,-119.68958016666666,,-2.190845423108341,31.140845423108342,64.33155555555555,4.87607497479959,5.612921392062931,0.4753833333333333,5.44660323515922,7.159466666666667
2023-07-03 21:30:00,1688445300.0,5.278333333333333,3.6566666666666654,5.523333333333333,27.316666666666663,13.083333333333334,30.316666666666663,14.633333333333333,35.61322033333333,-119.68963383333332,,-3.4554677108861833,30.772134377552845,69.05819444444445,5.168534771684759,5.810896767548733,0.4736083333333333,5.738197015827502,7.34265
2023-07-03 22:30:00,1688448900.0,4.948333333333333,3.3433333333333333,5.133333333333333,26.53333333333333,12.533333333333331,29.566666666666663,13.966666666666669,35.6132895,-119.689593,,-4.642417756060802,31.175751089394133,62.0191111111111,4.911811896710212,5.649845345077194,0.47525833333333334,5.504029068494541,7.2178
2023-07-03 23:30:00,1688452500.0,4.256666666666667,2.861666666666667,4.386666666666667,26.066666666666663,12.433333333333332,29.066666666666663,13.966666666666669,35.61320766666667,-119.68954183333334,,-5.1134667893190535,31.180133455985718,52.92455555555555,4.435112520557422,5.267022127569676,0.4787166666666667,5.083326005875076,6.866633333333334
2023-07-04 00:30:00,1688456100.0,4.663333333333333,3.1950000000000003,4.833333333333333,25.15,14.433333333333332,27.48333333333333,17.0,35.613196,-119.68958016666666,,-3.8534591311254505,29.00345913112545,67.30744444444443,4.780747122223529,5.408638378946998,0.47668333333333335,5.480099865497447,6.9081
2023-07-04 01:30:00,1688459700.0,5.521666666666667,3.776666666666667,5.704999999999999,22.85,19.7,24.433333333333334,24.33333333333333,35.61320933333334,-119.6896045,,-1.5190294932879427,24.369029493287943,108.77683333333334,5.373493024555073,5.662594735867952,0.4723916666666667,6.155260185398552,6.906766666666667
2023-07-04 02:30:00,1688463300.0,5.511666666666667,3.695,5.703333333333333,22.05,19.116666666666667,24.58333333333333,21.35,35.61322716666667,-119.6895725,,-2.58598062597619,24.63598062597619,105.36469444444445,5.357122780987977,5.682079171789475,0.47244166666666665,6.157192914590409,6.95115
2023-07-04 03:30:00,1688466900.0,5.873333333333334,3.96,6.121666666666667,21.566666666666663,19.95,23.433333333333334,23.55,35.61325883333333,-119.689584,,-2.4079894815844645,23.97465614825113,117.173,5.598029854254323,5.848671901578664,0.47063333333333335,6.394665275696208,7.068383333333333
2023-07-04 04:30:00,1688470500.0,5.883333333333333,3.9166666666666665,6.06,20.366666666666667,21.2,21.8,25.21666666666667,35.613227333333334,-119.68960833333334,,-2.582839758463646,22.949506425130313,124.72666666666666,5.579626868895288,5.800523016178287,0.47058333333333335,6.3992134838793024,6.9673333333333325
2023-07-04 05:30:00,1688474100.0,5.8,3.855,6.121666666666667,19.25,22.316666666666663,20.85,26.166666666666668,35.61323933333333,-119.689579,,-2.823859305626749,22.073859305626748,129.43666666666664,5.51513901123344,5.705868751863939,0.47100000000000003,6.408253929178139,6.829083333333333
2023-07-04 06:30:00,1688477700.0,5.788333333333334,3.718333333333333,6.05,19.45,23.183333333333334,21.416666666666668,26.416666666666668,35.61321866666667,-119.689579,,-2.1407290558643695,21.59072905586437,134.1928611111111,5.4375000705835514,5.662075183940213,0.47105833333333336,6.348717961187918,6.74935
2023-07-04 07:30:00,1688481300.0,5.785,3.841666666666667,6.038333333333334,22.3,21.166666666666668,25.95,22.21666666666667,35.613262666666664,-119.68956866666667,,-0.9941893269420412,23.294189326942043,122.44916666666667,5.487745409007133,5.746919491156251,0.471075,6.315272432644578,6.919033333333333
2023-07-04 08:30:00,1688484900.0,6.035,4.085,6.273333333333333,27.916666666666668,17.366666666666667,29.433333333333334,20.55,35.613214500000005,-119.68954966666666,,0.8895591861208069,27.02710748054586,104.80783333333333,5.651699472131421,6.050230787497522,0.469825,6.293624008610337,7.372033333333333
2023-07-04 09:30:00,1688488500.0,6.48,4.381666666666667,6.7250000000000005,31.166666666666668,16.133333333333333,31.03333333333333,20.55,35.613247,-119.68960066666666,,2.4789051267453295,28.68776153992134,104.544,5.9062759173774415,6.3523246221084255,0.46759999999999996,6.430683071138838,7.708266666666667
2023-07-04 10:30:00,1688492100.0,5.56,3.703333333333333,5.806666666666668,34.56666666666667,13.45,33.333333333333336,17.716666666666665,35.61324183333333,-119.68960183333331,,2.6101667445517056,31.956499922114965,74.782,5.19095886706595,5.952778952993338,0.4722,5.668249356774886,7.45795
2023-07-04 11:30:00,1688495700.0,5.44,3.515,5.658333333333334,37.1,12.666666666666666,35.13333333333333,16.7,35.6132775,-119.68962116666668,,3.7353438558344356,33.364656144165565,68.90666666666667,5.010864566987231,5.919296192661321,0.4728,5.439083185971798,7.462133333333334
2023-07-04 12:30:00,1688499300.0,6.078333333333333,3.988333333333333,6.368333333333333,38.43333333333333,13.15,36.9,17.533333333333335,35.61323683333334,-119.68957766666666,,5.30782742586766,33.12550590746567,79.93008333333333,5.451586844860366,6.255786912398646,0.46960833333333335,5.831773303783594,7.752983333333333
2023-07-04 13:30:00,1688502900.0,6.633333333333333,4.478333333333333,6.888333333333333,39.4,13.383333333333333,38.05,17.383333333333333,35.61321566666667,-119.689612,,6.315303343149326,33.084696656850674,88.7761111111111,5.8625255050548315,6.55638548925327,0.4668333333333334,6.153262737284116,8.02175
2023-07-04 14:30:00,1688506500.0,7.128333333333333,4.82,7.34,39.8,12.2,38.91666666666666,15.35,35.6132795,-119.68958533333334,,5.286368460585981,34.513631539414014,86.96566666666666,6.18140605363571,6.884314277015621,0.4643583333333334,6.349770047137783,8.379733333333334
2023-07-04 15:30:00,1688510100.0,6.673333333333333,4.608333333333333,6.881666666666667,39.23333333333333,10.75,39.2,12.633333333333333,35.613271,-119.68961983333332,,3.0464232151022594,36.18691011823107,71.73833333333333,5.877310263694975,6.691997894184627,0.46663333333333334,5.995774185248488,8.266383333333334
2023-07-04 16:30:00,1688513700.0,6.388333333333333,4.365,6.5633333333333335,38.11666666666667,11.15,39.43333333333333,12.916666666666666,35.613229833333335,-119.68959783333332,,2.7115321154467003,35.405134551219966,71.22991666666667,5.691895273378053,6.51528593938185,0.4680583333333333,5.881131771999189,8.084183333333332
2023-07-04 17:30:00,1688517300.0,5.12,3.356666666666667,5.341666666666666,36.16666666666666,11.316666666666668,38.766666666666666,12.233333333333334,35.61319366666667,-119.68960333333332,,1.4272569560559998,34.73940971061066,57.94133333333334,4.793246499310947,5.798239066936878,0.4744,5.186069412168122,7.4104833333333335
2023-07-04 18:30:00,1688520900.0,1.3116666666666668,0.695,1.4633333333333332,34.233333333333334,9.283333333333331,37.41666666666666,9.8,35.61324333333334,-119.689575,,-2.7574521854068927,36.990785518740225,12.176638888888887,2.035404793484057,3.754157705164108,0.49344166666666667,2.6870599942359563,5.602983333333333
2023-07-04 19:30:00,1688524500.1666667,1.4,0.8649999999999999,1.51,31.866666666666664,9.566666666666666,34.95,10.566666666666666,35.613204333333336,-119.68960083333332,,-4.1367979933902745,36.003464660056935,13.393333333333333,2.2022783630427445,3.7914151042591024,0.493,2.8733378100044673,5.624833333333333
2023-07-04 20:30:00,1688528100.0,4.3933333333333335,2.908333333333333,4.575,28.383333333333336,11.7,30.816666666666663,13.6,35.61324366666667,-119.689579,,-4.11759923017067,32.50093256350401,51.402,4.454877184501567,5.375044772753537,0.47803333333333337,5.042926547604339,7.0000333333333336
2023-07-04 21:30:00,1688531700.0,10.718333333333334,7.671666666666667,11.121666666666668,26.416666666666668,13.266666666666666,29.116666666666664,15.466666666666669,35.61320516666667,-119.68957633333332,,-3.9769412705054665,30.393607937172135,142.19655555555556,12.55339150247947,10.068345112098543,0.44640833333333335,9.101851956775608,10.155866666666668
2023-07-04 22:30:00,1688535300.0,20.07333333333333,14.456666666666663,20.671666666666667,25.48333333333333,15.533333333333331,28.1,17.933333333333334,35.6131815,-119.6895625,,-2.6005475400324243,28.083880873365754,311.8057777777777,14.282449740115993,12.712213506393091,0.3996333333333334,14.745489814435391,14.8278
2023-07-04 23:30:00,1688538900.0,8.116666666666667,5.605,8.418333333333333,24.65,17.283333333333335,27.183333333333334,20.066666666666663,35.61322716666667,-119.68962083333334,,-1.826680406597177,26.476680406597175,140.28305555555556,7.135230166188976,7.2189138033854015,0.45941666666666664,7.61578697688176,8.461583333333333
2023-07-05 00:30:00,1688542500.0,4.638333333333333,3.055,4.876666666666666,23.916666666666668,17.6,26.35,20.25,35.613273,-119.68956233333334,,-2.1765203064222693,26.093186973088937,81.63466666666666,4.743821311590796,5.258489850491268,0.47680833333333333,5.594229657636572,6.625933333333333
2023-07-05 01:30:00,1688546100.0,4.1433333333333335,2.6833333333333336,4.33,23.166666666666668,17.266666666666666,25.46666666666667,20.016666666666666,35.61323616666667,-119.6895535,,-3.044818369422436,26.211485036089105,71.54155555555556,4.410649547034669,4.995772685293306,0.47928333333333334,5.304056658655061,6.396866666666667
2023-07-05 02:30:00,1688549700.0,4.260000000000001,2.786666666666666,4.463333333333334,22.58333333333333,18.48333333333333,24.71666666666667,21.516666666666666,35.6131865,-119.68955733333333,,-2.6030556058973415,25.18638893923067,78.739,4.502834554008293,5.00875790100658,0.47869999999999996,5.418581277663577,6.354116666666667
2023-07-05 03:30:00,1688553300.0,4.203333333333333,2.76,4.385,21.9,18.95,23.766666666666666,22.316666666666663,35.61319833333334,-119.6896525,,-2.827497433252805,24.727497433252804,79.65316666666666,4.476751435655791,4.956976694594038,0.4789833333333333,5.407467820222369,6.284983333333333
2023-07-05 04:30:00,1688556900.0,4.335,2.8266666666666667,4.616666666666666,20.516666666666666,21.433333333333334,21.633333333333336,26.23333333333333,35.61325516666667,-119.689588,,-2.3097504363342654,22.82641710300093,92.9135,4.549766693119772,4.9238948923562,0.47832500000000006,5.554717775550765,6.142366666666667
2023-07-05 05:30:00,1688560500.0,4.575,2.7916666666666665,4.906666666666666,18.616666666666667,25.133333333333336,19.416666666666668,30.8,35.61320833333333,-119.68950783333332,,-1.749446026816761,20.36611269348343,114.98500000000001,4.590226757186939,4.899134174687908,0.47712499999999997,5.682417909158483,5.952666666666666
2023-07-05 06:30:00,1688564100.0,5.855,3.655,6.1866666666666665,18.866666666666664,27.366666666666664,20.633333333333333,31.883333333333336,35.61325266666667,-119.68964516666666,,-0.37143211220229977,19.238098778868963,160.23183333333333,5.335457682166542,5.5195188126102295,0.470725,6.313352268534367,6.428433333333334
2023-07-05 07:30:00,1688567700.0,6.055,3.658333333333333,6.418333333333333,21.2,26.63333333333333,23.8,29.666666666666668,35.61326666666667,-119.68961616666668,,1.251255308652004,19.948744691347997,161.2648333333333,5.4062909461562025,5.662988854486416,0.46972499999999995,6.37348102846742,6.594766666666667
2023-07-05 08:30:00,1688571300.0,7.738333333333333,4.96,8.143333333333333,27.016666666666666,19.75,27.65,24.15,35.613273166666666,-119.6895765,,1.9496947125964876,25.066971954070176,152.83208333333334,6.655468246396385,6.901103786388438,0.4613083333333334,7.298668066132851,8.055183333333334
2023-07-05 09:30:00,1688574900.1666667,6.066666666666666,3.963333333333333,6.351666666666667,30.95,17.816666666666666,30.566666666666663,23.1,35.61329666666666,-119.68959566666666,,3.7086515649547573,27.241348435045243,108.08777777777777,5.570954217259061,6.04860598244546,0.4696666666666667,6.22181855797333,7.35025
2023-07-05 10:30:00,1688578500.0,6.535,4.336666666666667,6.848333333333334,33.983333333333334,16.166666666666668,32.2,22.35,35.613204333333336,-119.68959816666668,,4.764370430131144,29.21896290320219,105.64916666666667,5.8685843797669754,6.3816746651830805,0.467325,6.383890454518036,7.7340333333333335
2023-07-05 11:30:00,1688582100.0,7.953333333333333,5.241666666666666,8.263333333333334,35.93333333333333,15.3,34.06666666666667,21.03333333333333,35.61323933333333,-119.68956133333334,,5.525908843511875,30.407424489821455,121.686,6.77898934856065,7.212773570167936,0.4602333333333333,7.114570759096874,8.545233333333332
2023-07-05 12:30:00,1688585700.0,8.586666666666668,5.646666666666667,8.986666666666666,37.766666666666666,14.916666666666666,35.65,20.816666666666663,35.613254500000004,-119.689569,,6.610476261094169,31.156190405572495,128.08444444444444,7.172063428591572,7.583729595541534,0.4570666666666666,7.43589589449337,8.90715
2023-07-05 13:30:00,1688589300.0,9.661666666666669,6.31,9.95,39.25,14.0,37.38333333333333,18.766666666666666,35.613249333333336,-119.689626,,6.853745420240231,32.39625457975977,135.26333333333338,7.860320049349418,8.224816131115748,0.4516916666666667,7.948696537002198,9.544066666666668
2023-07-05 14:30:00,1688592900.0,7.1433333333333335,4.72,7.378333333333334,39.55,12.166666666666666,38.45,15.2,35.613257833333336,-119.689612,,5.054279526343972,34.49572047365602,86.91055555555555,6.154218093727338,6.894142935548272,0.4642833333333333,6.352279915667109,8.390366666666667
2023-07-05 15:30:00,1688596500.0,6.843333333333334,4.631666666666667,7.073333333333333,39.15,12.266666666666666,38.833333333333336,15.05,35.61325266666667,-119.68955366666668,,4.8633500111204535,34.286649988879546,83.94488888888888,5.99880819377789,6.72193454695227,0.4657833333333333,6.211740198596315,8.225866666666667
2023-07-05 16:30:00,1688600100.0,6.805,4.466666666666667,6.9750000000000005,37.93333333333333,12.733333333333334,38.93333333333333,15.033333333333331,35.613233,-119.689499,,4.456906525447082,33.47642680788625,86.65033333333334,5.949142432775075,6.680414429055929,0.465975,6.220780388938876,8.166266666666667
2023-07-05 17:30:00,1688603700.0,4.458333333333333,2.8266666666666667,4.62,36.46666666666667,11.616666666666667,38.76666666666667,13.0,35.61324333333334,-119.68955383333332,,2.023736164654572,34.442930502012096,51.79097222222222,4.306394647557551,5.4150080518594645,0.47770833333333335,4.773599945160833,7.040916666666666
2023-07-05 18:30:00,1688607300.0,3.6366666666666663,2.3783333333333334,3.79,34.46666666666667,11.166666666666666,37.5,11.95,35.61328116666667,-119.68958033333332,,-0.06127829027923693,34.52794495694591,40.609444444444435,3.796315824853117,4.974473224486201,0.48181666666666667,4.324381839226356,6.6518999999999995
2023-07-05 19:30:00,1688610900.0,1.595,0.92,1.643333333333333,31.883333333333336,9.733333333333333,34.85,10.716666666666669,35.61321216666666,-119.6895665,,-3.8936919990759904,35.77702533240932,15.524666666666665,2.319845246149742,3.893389660652603,0.492025,2.983094827048385,5.712066666666667
2023-07-05 20:30:00,1688614500.0,3.125,1.9283333333333332,3.3016666666666663,28.883333333333336,13.416666666666666,31.53333333333333,15.616666666666667,35.6132405,-119.68958016666666,,-1.8845670296680324,30.76790036300137,41.92708333333333,3.566944949746985,4.591353055270233,0.484375,4.366014619947187,6.194583333333333
2023-07-05 21:30:00,1688618100.0,2.7516666666666665,1.7266666666666666,2.9416666666666664,26.383333333333336,14.833333333333334,28.9,17.150000000000002,35.61322716666667,-119.6896185,,-2.5039834986435383,28.887316831976875,40.81638888888889,3.398743076728147,4.321488024888698,0.4862416666666667,4.314703143800559,5.8800333333333334
2023-07-05 22:30:00,1688621700.1666667,2.51,1.6049999999999998,2.668333333333333,25.116666666666664,17.033333333333335,27.616666666666664,19.766666666666666,35.6132475,-119.68964766666666,,-1.6462947852158347,26.762961451882497,42.75366666666667,3.2973109007269645,4.091635538440399,0.48745,4.300500650993744,5.567366666666667
2023-07-05 23:30:00,1688625300.0,2.7566666666666664,1.795,2.9433333333333334,24.366666666666664,18.5,26.83333333333333,21.3,35.613245666666664,-119.68958916666666,,-1.1303964942550098,25.497063160921673,50.99833333333333,3.4894159185946467,4.166632031441244,0.4862166666666667,4.515544023640085,5.570966666666667
2023-07-06 00:30:00,1688628900.0,2.99,1.9216666666666664,3.141666666666667,23.433333333333334,19.96666666666667,25.616666666666664,23.366666666666664,35.61325566666667,-119.68954483333331,,-0.8537087067096855,24.28704204004302,59.70033333333334,3.6447510452662613,4.234165914612127,0.48505000000000004,4.685406827892535,5.567633333333333
2023-07-06 01:30:00,1688632500.0,3.135,2.0,3.3433333333333333,22.23333333333333,21.216666666666665,24.133333333333336,24.916666666666668,35.613231,-119.68960316666666,,-1.0173899513413838,23.250723284674713,66.51424999999999,3.7426023893897487,4.261575953740129,0.48432499999999995,4.822458272732227,5.536783333333333
2023-07-06 02:30:00,1688636100.0,3.2383333333333333,2.026666666666667,3.4466666666666668,21.08333333333333,22.78333333333333,22.58333333333333,27.133333333333336,35.61323733333334,-119.689588,,-1.004067845514327,22.087401178847657,73.78002777777778,3.7949055028549354,4.252049723647041,0.48380833333333334,4.906716145795453,5.45735
2023-07-06 03:30:00,1688639700.0,3.768333333333333,2.398333333333333,3.966666666666667,19.766666666666666,27.85,21.116666666666667,33.550000000000004,35.613211666666665,-119.6895575,,0.6436523245620914,19.123014342104575,104.94808333333333,4.071331895576775,4.330838648348803,0.48115833333333335,5.176472741159708,5.3022833333333335
2023-07-06 04:30:00,1688643300.0,4.2683333333333335,2.731666666666667,4.4750000000000005,19.05,30.116666666666664,20.25,36.13333333333333,35.61320316666667,-119.68955116666666,,1.1120271833910194,17.93797281660898,128.54797222222223,4.333112773549972,4.513227388744329,0.47865833333333335,5.4049942914663704,5.369616666666667
2023-07-06 05:30:00,1688646900.0,4.371666666666666,2.7550000000000003,4.583333333333333,18.3,31.08333333333333,19.33333333333333,37.31666666666667,35.613214666666664,-119.68955983333332,,0.8993821055860697,17.40061789441393,135.8859722222222,4.360658775449128,4.529499163182209,0.47814166666666663,5.440684804801754,5.341183333333333
2023-07-06 06:30:00,1688650500.0,4.673333333333333,2.938333333333333,4.99,18.35,32.4,19.683333333333334,38.2,35.61323816666667,-119.68962733333336,,1.5211936924032181,16.828806307596782,151.41599999999997,4.497182236247185,4.641728422864395,0.47663333333333335,5.57833823216352,5.386133333333333
2023-07-06 07:30:00,1688654100.0,5.026666666666666,3.08,5.32,20.0,31.73333333333333,21.816666666666663,36.38333333333333,35.6132165,-119.689579,,2.6714874247323026,17.3285125752677,159.51288888888888,4.67763032038073,4.8681520328372745,0.47486666666666666,5.724032311799933,5.626533333333333
2023-07-06 08:30:00,1688657700.0,4.95,3.293333333333333,5.194999999999999,24.116666666666664,26.6,24.83333333333333,32.78333333333333,35.613231,-119.68958016666666,,3.724393247407135,20.392273419259528,131.67000000000002,4.824348181552572,5.045958287302151,0.47525,5.757929384439969,6.023
2023-07-06 09:30:00,1688661300.0,6.068333333333334,4.051666666666667,6.345,27.9,24.98333333333333,27.03333333333333,34.050000000000004,35.61326283333333,-119.68958933333332,,6.036888199946601,21.863111800053396,151.60719444444445,5.52491096489171,5.741395976776541,0.46965833333333334,6.306376873845753,6.741950000000001
2023-07-06 10:30:00,1688664900.1666667,6.051666666666667,4.131666666666667,6.273333333333333,31.51666666666667,20.6,29.516666666666666,29.28333333333333,35.61321816666666,-119.68959666666667,,6.257815117213841,25.258851549452828,124.66433333333335,5.588965624011728,5.920536469812541,0.46974166666666667,6.238977589181569,7.1058666666666666
2023-07-06 11:30:00,1688668500.0,6.378333333333333,4.256666666666667,6.585,34.15,18.366666666666667,31.71666666666667,26.35,35.61325433333334,-119.689611,,6.743435675482944,27.406564324517056,117.14872222222222,5.757784034680979,6.199396316400799,0.46810833333333335,6.312039774103226,7.465566666666666
2023-07-06 12:30:00,1688672100.0,5.526666666666666,3.5116666666666667,5.741666666666667,36.083333333333336,16.783333333333335,33.333333333333336,24.25,35.613259666666664,-119.68963866666668,,6.988967224933336,29.0943661084,92.75588888888889,5.103422782878777,5.790800181024167,0.47236666666666666,5.7062872089946275,7.157283333333333
2023-07-06 13:30:00,1688675700.0,5.785,3.6833333333333336,5.991666666666667,37.583333333333336,15.85,35.583333333333336,21.71666666666667,35.61323116666667,-119.6895765,,7.351214383446228,30.23211894988711,91.69225,5.250786573101658,5.9755184757501,0.471075,5.776918262268643,7.37095
2023-07-06 14:30:00,1688679300.0,5.830000000000001,3.716666666666667,6.026666666666666,38.25,14.15,36.68333333333333,18.633333333333333,35.613255833333334,-119.6895675,,6.224302350419545,32.02569764958046,82.49450000000002,5.259035015335722,6.073799130097301,0.47085,5.705057309046913,7.53885
2023-07-06 15:30:00,1688682900.0,3.475,2.075,3.595,37.9,10.966666666666669,37.43333333333333,12.966666666666669,35.613232833333335,-119.68957016666668,,2.312615802492119,35.58738419750788,38.109166666666674,3.539758777584681,4.892588415141552,0.482625,4.0450291562175,6.584833333333333
2023-07-06 16:30:00,1688686500.0,2.3716666666666666,1.288333333333333,2.526666666666667,35.95,10.333333333333334,36.96666666666666,12.033333333333331,35.61324200000001,-119.68960183333331,,0.0003576662605632908,35.94964233373944,24.50722222222222,2.7609655972281573,4.302288678716998,0.48814166666666664,3.381034793208028,6.064933333333333
2023-07-06 17:30:00,1688690100.0,2.5,1.5833333333333333,2.6,34.11666666666667,11.9,36.516666666666666,13.5,35.6132395,-119.6895855,,0.5487454226778637,33.567921243988806,29.75,3.0305591289517535,4.306754842055092,0.4875,3.7011332306988427,5.9985
2023-07-06 18:30:00,1688693700.0,5.34,3.565,5.5616666666666665,32.21666666666667,17.333333333333332,35.050000000000004,20.1,35.613235,-119.68959933333332,,4.341773524887889,27.87489314177878,92.55999999999999,5.104284634088839,5.662675472584628,0.4733,5.758655856469866,7.013466666666667
2023-07-06 19:30:00,1688697300.0,12.25,2.45,10.551666666666668,30.25,14.8,32.93333333333333,16.55,35.61323733333333,-119.68956916666669,,0.5422762693358941,29.707723730664107,181.3,8.22797397041568,10.377849477240616,0.43875,8.28659623701063,10.822
2023-07-06 20:30:00,1688700900.0,5.178333333333334,3.111666666666667,5.435,27.48333333333333,16.55,29.866666666666664,19.48333333333333,35.61322333333333,-119.689541,,-0.12743959234312796,27.610772925676457,85.70141666666667,4.938861101854611,5.605872056533975,0.47410833333333335,5.732197113588404,6.995983333333333
2023-07-06 21:30:00,1688704500.0,7.45,4.575,7.713333333333334,25.383333333333336,19.7,27.75,23.0,35.613292666666666,-119.689598,,0.569523678174489,24.81380965515885,146.765,6.417797030711593,6.741874682526394,0.46275,7.10958869256616,7.9094999999999995
2023-07-06 22:30:00,1688708100.0,7.158333333333334,4.473333333333334,7.471666666666667,23.933333333333334,22.683333333333334,26.03333333333333,26.71666666666667,35.61325166666666,-119.68968583333331,,1.3258001000006099,22.607533233332724,162.37486111111113,6.211504405026082,6.450356681078082,0.46420833333333333,6.984461739165502,7.50425
2023-07-06 23:30:00,1688711700.0,5.698333333333333,3.5500000000000003,5.9433333333333325,22.933333333333334,26.433333333333334,24.95,31.28333333333333,35.613254500000004,-119.689611,,2.625782874223164,20.307550459110168,150.62594444444446,5.218112314166258,5.471963376378554,0.4715083333333333,6.142138903200621,6.4262999999999995
2023-07-07 00:30:00,1688715300.0,4.886666666666667,3.061666666666667,5.118333333333333,22.0,31.2,23.766666666666666,37.31666666666667,35.6132705,-119.68952566666668,,4.173652514396471,17.826347485603527,152.464,4.61722068392509,4.812726189205742,0.47556666666666664,5.627038286036527,5.599066666666666
2023-07-07 01:30:00,1688718900.0,4.296666666666667,2.64,4.51,21.33333333333333,33.516666666666666,23.133333333333336,39.38333333333333,35.61322466666667,-119.6895255,,4.615446936979044,16.717886396354285,144.00994444444444,4.193678848994022,4.382896742290853,0.47851666666666665,5.265455555105946,5.09535
2023-07-07 02:30:00,1688722500.0,4.4366666666666665,2.6566666666666667,4.656666666666667,20.633333333333333,33.71666666666666,22.066666666666663,40.05,35.61322466666667,-119.6895675,,4.085893662927727,16.547439670405605,149.58961111111108,4.248696120055893,4.452654810661812,0.47781666666666667,5.330278823481516,5.15115
2023-07-07 03:30:00,1688726100.0,4.746666666666667,3.0116666666666667,4.96,19.58333333333333,36.4,20.916666666666668,43.48333333333333,35.613272333333335,-119.68959066666666,,4.2523488041731135,15.330984529160215,172.77866666666668,4.411744823599199,4.510786080056078,0.47626666666666667,5.432007330820374,5.084266666666666
2023-07-07 04:30:00,1688729700.0,4.776666666666666,3.0516666666666663,4.9816666666666665,19.116666666666667,38.266666666666666,20.433333333333334,45.36666666666667,35.613233,-119.689574,,4.552579764115863,14.564086902550805,182.7871111111111,4.377098594553905,4.447316493632707,0.47611666666666663,5.382900482560898,4.9412
2023-07-07 05:30:00,1688733300.0,5.206666666666666,3.268333333333333,5.5183333333333335,18.3,40.88333333333333,19.28333333333333,49.41666666666666,35.61322,-119.6895855,,4.76916147857388,13.530838521426121,212.86588888888886,4.505013552834566,4.575477696444527,0.4739666666666667,5.501216824473309,4.942383333333333
2023-07-07 06:30:00,1688736900.0,5.56,3.365,5.885000000000001,17.78333333333333,43.43333333333334,18.8,51.85,35.6132355,-119.68959283333334,,5.172245362233227,12.611087971100105,241.48933333333335,4.5505728693047525,4.663595337681944,0.4722,5.52781331785666,4.909366666666666
2023-07-07 07:30:00,1688740500.0,5.65,3.415,5.995,19.5,39.766666666666666,21.216666666666665,45.46666666666667,35.61326833333333,-119.68962983333334,,5.447825953535921,14.052174046464078,224.68166666666667,4.732599367097084,4.871622426167886,0.47174999999999995,5.723993150259521,5.267833333333334
2023-07-07 08:30:00,1688744100.0,6.598333333333334,4.116666666666667,7.013333333333333,23.7,30.73333333333333,24.383333333333336,37.31666666666667,35.61321183333333,-119.68958783333332,,5.4345599156153135,18.265440084384686,202.78877777777777,5.617271870267758,5.790803840762479,0.46700833333333336,6.514026421947499,6.5288
2023-07-07 09:30:00,1688747700.0,7.123333333333334,4.738333333333333,7.436666666666666,26.433333333333334,25.83333333333333,25.933333333333334,33.81666666666667,35.613229,-119.68958783333332,,5.277728241948334,21.155605091385,184.01944444444442,6.176477701783632,6.295327806486851,0.4643833333333333,6.8944748998091505,7.218300000000001
2023-07-07 10:30:00,1688751300.0,6.656666666666666,4.421666666666667,6.9816666666666665,29.6,22.71666666666667,27.96666666666667,31.666666666666668,35.6132165,-119.68960716666668,,6.086421532660833,23.51357846733917,151.21727777777778,5.923039040174796,6.168142763751769,0.46671666666666667,6.622617159436813,7.240549999999999
2023-07-07 11:30:00,1688754900.0,6.366666666666667,4.263333333333333,6.645,33.0,19.7,30.516666666666666,28.33333333333333,35.613232833333335,-119.68961983333332,,6.827043980319697,26.172956019680303,125.42333333333333,5.757049088521375,6.135537633841876,0.4681666666666666,6.372872440958789,7.346166666666667
2023-07-07 12:30:00,1688758500.0,6.065,4.01,6.22,35.300000000000004,17.150000000000002,32.6,24.666666666666668,35.61323466666666,-119.68957133333332,,6.67459981807248,28.625400181927525,104.01475000000002,5.526299541555773,6.076337605695567,0.469675,6.0564197084349765,7.4060500000000005
2023-07-07 13:30:00,1688762100.0,5.198333333333333,3.1966666666666668,5.3933333333333335,36.63333333333333,14.55,34.18333333333333,19.78333333333333,35.613222,-119.68955716666666,,5.354999740762265,31.278333592571066,75.63575,4.824733208824224,5.703059319715477,0.4740083333333333,5.388949676445764,7.176383333333333
2023-07-07 14:30:00,1688765700.0,4.206666666666667,2.4833333333333334,4.406666666666667,36.6,13.183333333333332,35.25,16.916666666666668,35.613255833333334,-119.68957766666666,,3.9154761964464373,32.68452380355357,55.45788888888889,4.107498888484454,5.206789835043605,0.4789666666666667,4.718768911969188,6.776883333333334
2023-07-07 15:30:00,1688769300.0,3.5583333333333336,1.9366666666666668,3.7,36.96666666666667,11.283333333333331,36.11666666666667,14.016666666666666,35.6132755,-119.689626,,1.9990170693664524,34.967649597300216,40.14986111111111,3.554400953079536,4.925614113076368,0.4822083333333333,4.131492022597362,6.60125
2023-07-07 16:30:00,1688772900.0,3.943333333333333,2.526666666666667,4.065,35.31666666666667,12.583333333333334,35.88333333333333,15.366666666666667,35.613277833333335,-119.68961583333332,,2.2575374736107503,33.05912919305592,49.62027777777777,4.016788597895422,5.085201295432796,0.48028333333333334,4.579171549623812,6.690949999999999
2023-07-07 17:30:00,1688776500.0,4.875,3.236666666666667,5.068333333333333,33.266666666666666,15.05,35.18333333333334,17.733333333333334,35.61323333333333,-119.68958166666664,,3.173013470711204,30.09365319595546,73.36875,4.762059041213892,5.500592694229727,0.475625,5.371313048798543,6.96575
2023-07-07 18:30:00,1688780100.0,5.576666666666667,3.795,5.7316666666666665,31.48333333333333,17.6,34.166666666666664,20.3,35.61326966666666,-119.68958033333332,,3.9666471502424643,27.516686183090865,98.14933333333335,5.298813295988104,5.783671017274935,0.4721166666666667,5.915729353546922,7.113866666666667
2023-07-07 19:30:00,1688783700.0,6.383333333333333,4.306666666666667,6.611666666666667,29.75,20.46666666666667,32.53333333333333,23.8,35.613217,-119.68956116666668,,4.707174039713562,25.042825960286436,130.64555555555555,5.813743143307772,6.111901779228649,0.46808333333333335,6.463703180956585,7.289666666666666
2023-07-07 20:30:00,1688787300.0,9.12,6.12,9.478333333333332,27.46666666666667,24.75,29.933333333333334,29.21666666666667,35.61321516666667,-119.68956366666669,,5.535092743525253,21.931573923141414,225.71999999999997,7.477831424577978,7.459433358926991,0.45439999999999997,7.989672432773233,8.34865
2023-07-07 21:30:00,1688790900.0,9.806666666666668,6.633333333333333,10.203333333333331,25.96666666666667,32.15,28.58333333333333,37.88333333333333,35.61318716666667,-119.689588,,8.062345827718877,17.90432083894779,315.2843333333334,7.608354666221398,7.525582375954839,0.4509666666666666,8.096472628200704,8.076716666666668
2023-07-07 22:30:00,1688794500.0,9.111666666666666,5.855,9.545,24.566666666666663,34.7,26.683333333333334,40.8,35.61324183333333,-119.6896135,,7.960281696999616,16.606384969667047,316.17483333333337,6.962344568053028,7.0269523193113885,0.4544416666666667,7.599529421799247,7.498566666666666
2023-07-07 23:30:00,1688798100.0,5.306666666666667,3.2983333333333333,5.635000000000001,23.5,32.550000000000004,25.58333333333333,38.083333333333336,35.613273,-119.68957516666666,,6.090835351714219,17.40916464828578,172.73200000000003,4.797414080730312,4.989752888654909,0.47346666666666665,5.787917332992209,5.702716666666666
2023-07-08 00:30:00,1688801700.0,5.173333333333333,3.2416666666666667,5.473333333333334,22.5,33.63333333333333,24.133333333333336,39.9,35.613300833333334,-119.68946466666668,,5.689190095253255,16.810809904746744,173.99644444444442,4.705334198813229,4.8685470599521405,0.47413333333333335,5.702228368477942,5.5413
2023-07-08 01:30:00,1688805300.0,4.57,2.911666666666666,4.861666666666667,21.116666666666667,36.93333333333333,22.46666666666667,44.5,35.613217666666664,-119.68953983333334,,5.821725469954588,15.29494119671208,168.78533333333334,4.285066682114292,4.388974940225982,0.47715,5.324867258885109,4.947066666666667
2023-07-08 02:30:00,1688808900.0,4.628333333333333,3.036666666666666,4.953333333333333,20.33333333333333,38.56666666666667,21.65,46.18333333333334,35.61329633333333,-119.68963116666669,,5.750433837618376,14.582899495714953,178.4993888888889,4.303326313599048,4.351395957008881,0.47685833333333333,5.3269869488490444,4.838566666666666
2023-07-08 03:30:00,1688812500.0,6.203333333333333,3.7916666666666665,6.598333333333334,18.866666666666667,42.11666666666667,19.816666666666663,51.1,35.61324316666667,-119.6895905,,5.7074589657084225,13.159207700958245,261.2637222222222,4.952883431774574,5.0802785496984075,0.4689833333333333,5.889850107348303,5.355816666666666
2023-07-08 04:30:00,1688816100.0,6.091666666666666,3.901666666666667,6.428333333333334,17.849999999999998,44.11666666666667,18.883333333333336,52.65,35.61325133333333,-119.68957533333332,,5.457589512692987,12.39241048730701,268.7440277777778,4.880494898322554,4.931785843935907,0.46954166666666663,5.7650581744347456,5.127749999999999
2023-07-08 05:30:00,1688819700.0,4.321666666666666,2.716666666666667,4.608333333333333,18.166666666666668,42.16666666666666,19.616666666666667,48.68333333333334,35.613208166666666,-119.68961583333332,,5.09299095649904,13.073675710167628,182.23027777777773,3.979508147511398,4.024967903733922,0.47839166666666666,5.038678448073932,4.373100000000001
2023-07-08 06:30:00,1688823300.0,4.166666666666667,2.555,4.398333333333333,18.116666666666667,40.48333333333333,19.616666666666667,46.41666666666666,35.61321016666667,-119.68951033333332,,4.463539102073149,13.653127564593518,168.68055555555554,3.9294798681859,4.0105927993947015,0.47916666666666663,5.013708630612511,4.435583333333334
2023-07-08 07:30:00,1688826900.0,9.653333333333334,6.463333333333334,10.116666666666664,20.08333333333333,33.88333333333333,21.85,38.1,35.613265500000004,-119.68963366666668,,3.672766411144904,16.410566922188423,327.08711111111114,7.459077789107019,7.365234794265243,0.4517333333333333,8.04232482932738,7.8496500000000005
2023-07-08 08:30:00,1688830500.0,3.688333333333333,2.2583333333333333,3.923333333333333,24.116666666666664,25.5,24.21666666666667,31.33333333333333,35.6132265,-119.6895865,,3.125135251957064,20.9915314147096,94.0525,3.98244517363115,4.387105173781979,0.4815583333333333,5.0646236975241035,5.4604333333333335
2023-07-08 09:30:00,1688833800.4,8.404,5.3,8.86,27.12,20.0,25.9,26.34,35.6132428,-119.6895476,,2.211343389025472,24.90865661097453,168.07999999999998,7.044364137426814,7.262925413594786,0.45798,7.663431476730523,8.38008
2023-07-08 10:30:00,1688837101.0,26.290000000000003,15.636666666666663,27.925,30.08333333333333,16.7,27.75,23.3,35.61328066666667,-119.68957766666666,,2.093579831132355,27.989753502200973,439.043,13.439175810030394,14.505188198379667,0.36855,17.90857095410479,17.9613
2023-07-08 11:30:00,1688840701.0,9.113333333333332,6.176666666666667,9.451666666666666,32.53333333333333,15.816666666666668,30.05,22.03333333333333,35.61322016666667,-119.689565,,3.292769884154569,29.24056344917876,144.14255555555553,7.669879511609463,7.839805677028632,0.45443333333333336,7.938722305399605,9.104516666666665
2023-07-08 12:30:00,1688844301.0,8.853333333333333,5.631666666666667,9.28,34.45,14.783333333333331,31.516666666666666,20.98333333333333,35.613251166666664,-119.68958016666666,,3.857423070626093,30.59257692937391,130.88177777777776,7.334680592131063,7.738714682036571,0.4557333333333333,7.664915777159769,9.05715
2023-07-08 13:30:00,1688847901.0,2.905,1.5516666666666667,3.0883333333333334,36.016666666666666,13.916666666666666,33.21666666666667,19.433333333333334,35.6133015,-119.6895815,,4.231140269048875,31.78552639761779,40.42791666666666,3.2230206823206577,4.446721655966698,0.485475,4.003138070369852,6.037683333333334
2023-07-08 14:30:00,1688851501.0,2.7133333333333334,1.4066666666666665,2.86,35.88333333333333,12.7,33.86666666666667,17.0,35.613273166666666,-119.68959683333333,,2.8277732017809636,33.05556013155237,34.45933333333333,3.053745423302589,4.391759259959882,0.48643333333333333,3.793604811979707,6.041433333333333
2023-07-08 15:30:00,1688855101.0,3.34,1.905,3.478333333333333,35.45,12.716666666666669,34.416666666666664,16.466666666666665,35.613247666666666,-119.68960066666666,,2.5094453562297763,32.94055464377023,42.473666666666674,3.5217751391417216,4.741785310731185,0.4833,4.19307681889522,6.365883333333333
2023-07-08 16:30:00,1688858701.0,3.448333333333333,2.111666666666667,3.635,34.7,13.883333333333333,34.28333333333333,18.016666666666666,35.613241,-119.68960066666666,,3.1627453916174457,31.537254608382558,47.8743611111111,3.688371442714521,4.752256229011645,0.4827583333333333,4.397535868430616,6.323049999999999
2023-07-08 17:30:00,1688862301.0,4.338333333333334,2.7466666666666666,4.546666666666667,32.516666666666666,16.283333333333335,33.61666666666667,20.066666666666663,35.61319733333333,-119.68958016666666,,3.6922538959314464,28.82441277073522,70.64252777777779,4.372446202395577,5.147193417037827,0.47830833333333334,5.113011509605755,6.58185
2023-07-08 18:30:00,1688865901.0,4.071666666666666,2.5166666666666666,4.286666666666666,30.65,18.28333333333333,32.65,21.866666666666664,35.61325033333333,-119.6895995,,3.832841789685356,26.81715821031464,74.44363888888887,4.2091118066808715,4.911947872002003,0.47964166666666663,5.065603045498964,6.273183333333334
2023-07-08 19:30:00,1688869501.0,3.5766666666666667,2.2150000000000003,3.75,29.08333333333333,20.23333333333333,31.383333333333336,23.933333333333334,35.61321883333333,-119.689574,,3.9935786705174308,25.0897546628159,72.36788888888888,3.913039930391075,4.551054967338972,0.48211666666666664,4.8593694523454865,5.850033333333333
2023-07-08 20:30:00,1688873101.0,4.03,2.3866666666666667,4.286666666666666,26.83333333333333,23.616666666666664,29.03333333333333,28.03333333333333,35.613244333333334,-119.68958283333332,,4.328361456878144,22.504971876455183,95.17516666666666,4.156048901240231,4.659311620452548,0.47985,5.184692673117491,5.798183333333334
2023-07-08 21:30:00,1688876701.0,6.571666666666666,4.196666666666666,6.864999999999999,24.9,28.95,27.35,33.86666666666667,35.61324833333333,-119.68960583333336,,5.609253277472907,19.290746722527093,190.24974999999998,5.686216556208333,5.852556023458482,0.4671416666666666,6.518212007317729,6.666516666666666
2023-07-08 22:30:00,1688880301.0,4.319999999999999,2.561666666666667,4.61,23.3,30.433333333333334,25.066666666666663,36.26666666666667,35.613245666666664,-119.68962866666668,,4.94642211231777,18.35357788768223,131.47199999999998,4.235578616117422,4.528529388332982,0.47840000000000005,5.326850512219511,5.369566666666667
2023-07-08 23:30:00,1688883901.0,3.981666666666667,2.3816666666666664,4.283333333333333,22.566666666666663,31.75,24.766666666666666,36.81666666666667,35.613203166666665,-119.68959316666668,,4.917318968149504,17.649347698517158,126.41791666666667,4.022725649561653,4.282553376176929,0.48009166666666664,5.147982337219908,5.081716666666667
2023-07-09 00:30:00,1688887501.0,4.273333333333333,2.5516666666666667,4.596666666666667,21.55,34.416666666666664,23.0,41.3,35.613228,-119.6896035,,5.186376279930008,16.36362372006999,147.0738888888889,4.1245279699941495,4.331140168291967,0.4786333333333333,5.238934973778497,5.006716666666667
2023-07-09 01:30:00,1688891101.0,4.18,2.46,4.53,20.35,36.28333333333333,21.7,43.35,35.613234166666665,-119.68960066666666,,4.8859255762679155,15.464074423732086,151.6643333333333,4.0141622595797495,4.198641440941436,0.47909999999999997,5.1549512079970325,4.799516666666666
2023-07-09 02:30:00,1688894701.0,4.743333333333333,2.733333333333333,5.08,19.266666666666666,39.43333333333333,20.316666666666663,47.78333333333333,35.613245,-119.68958933333332,,5.117639527143242,14.149027139523422,187.04544444444443,4.204534104595009,4.378497182469808,0.4762833333333333,5.301181711488455,4.8247
2023-07-09 03:30:00,1688898301.0,4.9816666666666665,2.8616666666666664,5.335,18.25,42.583333333333336,19.3,51.3,35.613247666666666,-119.6895945,,5.309776915506778,12.940223084493223,212.13597222222222,4.218094962796561,4.376451809392822,0.47509166666666663,5.287254616790099,4.680883333333332
2023-07-09 04:30:00,1688901901.0,4.8500000000000005,2.825,5.158333333333333,17.516666666666666,44.35,18.2,53.96666666666667,35.613254833333336,-119.68955116666666,,5.231071301015923,12.285595365650742,215.09750000000003,4.101990763501779,4.226797746202976,0.47575,5.151547312417316,4.462249999999999
2023-07-09 05:30:00,1688905501.0,11.263333333333334,7.403333333333333,11.781666666666666,16.3,46.51666666666667,16.7,57.28333333333333,35.6132235,-119.689598,,4.8087002572650315,11.49129974273497,523.9327222222223,6.18601087222899,6.706930766812647,0.4436833333333333,7.973559287499107,7.613016666666667
2023-07-09 06:30:00,1688909101.0,20.383333333333336,11.648333333333332,21.666666666666668,16.166666666666668,46.333333333333336,17.183333333333334,54.11666666666667,35.61324183333333,-119.68961333333334,,4.630318127099377,11.53634853956729,944.4277777777779,7.726191907122832,9.538405702702416,0.3980833333333333,11.874438672395048,12.371000000000002
2023-07-09 07:30:00,1688912701.0,5.925,3.53,6.265,17.8,41.05,19.316666666666663,46.43333333333334,35.613248166666665,-119.68959933333332,,4.377697542948601,13.4223024570514,243.22124999999997,4.822903461265867,4.970359688664088,0.470375,5.803737116143688,5.30175
2023-07-09 08:30:00,1688916301.0,3.626666666666667,2.16,3.88,20.916666666666668,33.2,21.28333333333333,40.38333333333333,35.61323183333334,-119.68960183333331,,4.114231074067432,16.802435592599235,120.40533333333335,3.7956950453038516,4.0215162118376515,0.48186666666666667,4.953028653305566,4.773866666666667
2023-07-09 09:30:00,1688919901.0,3.283333333333333,1.971666666666667,3.5050000000000003,23.35,28.58333333333333,22.8,37.0,35.6131915,-119.68958383333334,,4.091812230585179,19.25818776941482,93.8486111111111,3.679915557009487,4.02785532135715,0.48358333333333337,4.825429480560885,4.98775
2023-07-09 10:30:00,1688923501.0,2.9566666666666666,1.735,3.138333333333333,27.45,22.616666666666664,25.83333333333333,30.4,35.613203,-119.68960549999998,,4.226934092949325,23.223065907050675,66.86994444444443,3.4959951281788912,4.10156820335878,0.4852166666666667,4.573073940293225,5.32505
2023-07-09 11:30:00,1688927101.0,3.4933333333333336,2.2266666666666666,3.686666666666667,31.600000000000005,17.45,28.55,24.95,35.613241333333335,-119.6896095,,3.939081624704878,27.660918375295125,60.958666666666666,3.845568037208227,4.62408773247591,0.4825333333333333,4.696942620590889,6.043283333333333
2023-07-09 12:30:00,1688930701.0,3.3366666666666664,2.095,3.546666666666667,33.7,15.583333333333334,30.166666666666668,22.9,35.61325516666667,-119.68957783333332,,4.012556521638553,29.687443478361452,51.99638888888889,3.680569487848082,4.616662525514629,0.4833166666666666,4.47174081471013,6.120483333333333
2023-07-09 13:30:00,1688934301.0,2.7633333333333336,1.6233333333333333,2.953333333333333,35.35,14.083333333333334,32.31666666666667,19.816666666666663,35.613262166666665,-119.68956,,3.8769422976053822,31.47305770239462,38.916944444444454,3.204351342691945,4.360265314153625,0.4861833333333333,3.9821054378064433,5.94985
2023-07-09 14:30:00,1688937901.0,2.9683333333333333,1.6983333333333333,3.2133333333333334,35.483333333333334,13.866666666666667,33.21666666666667,18.9,35.613231166666665,-119.68958783333332,,3.7610406951766766,31.72229263815666,41.16088888888889,3.313134446098621,4.4843188863699375,0.48515833333333336,4.08835319355344,6.074866666666667
2023-07-09 15:30:00,1688941501.0,3.4883333333333333,2.255,3.645,34.53333333333333,13.883333333333333,33.61666666666667,18.08333333333333,35.61324316666667,-119.68956483333334,,3.0317610792980543,31.501572254035278,48.42969444444444,3.762269013756147,4.7746440585015355,0.48255833333333337,4.438444921569598,6.34385
2023-07-09 16:30:00,1688945101.0,3.5416666666666665,2.31,3.775,33.766666666666666,14.65,33.833333333333336,18.633333333333333,35.6132385,-119.68954333333332,,3.1878928450840878,30.57877382158258,51.885416666666664,3.8330330670971886,4.771530380920709,0.4822916666666666,4.561729358726534,6.306416666666666
2023-07-09 17:30:00,1688948701.0,3.481666666666667,2.1633333333333336,3.68,31.633333333333336,16.016666666666666,33.28333333333333,19.2,35.61324483333333,-119.68955983333336,,2.750529909326665,28.88280342400667,55.764694444444444,3.8050306329837924,4.679186515254226,0.48259166666666664,4.628939480970219,6.159050000000001
2023-07-09 18:30:00,1688952301.0,2.9716666666666662,1.846666666666667,3.1316666666666664,29.73333333333333,17.5,32.03333333333333,20.48333333333333,35.61324,-119.68957616666668,,2.468636132732712,27.26469720060062,52.004166666666656,3.5148564809532257,4.329963289167682,0.4851416666666667,4.438916552630882,5.767766666666667
2023-07-09 19:30:00,1688955901.0,3.056666666666666,1.893333333333333,3.2266666666666666,28.15,19.883333333333333,30.633333333333336,23.23333333333333,35.613259,-119.68959016666666,,2.977180133777109,25.172819866222888,60.77672222222221,3.596512915182633,4.2750620199468,0.48471666666666663,4.590460154734098,5.609383333333334
2023-07-09 20:30:00,1688959501.0,3.536666666666666,2.1966666666666668,3.790000000000001,25.866666666666664,24.116666666666664,28.08333333333333,28.416666666666668,35.6132595,-119.68963466666666,,3.8137631722913508,22.052903494375315,85.29261111111109,3.899978011777862,4.361696719634765,0.48231666666666667,4.961749925765599,5.49915
2023-07-09 21:30:00,1688963101.0,3.563333333333333,2.1766666666666667,3.7566666666666655,23.616666666666664,32.333333333333336,25.683333333333334,38.55,35.613204833333334,-119.68957016666668,,6.095891969588595,17.520774697078068,115.21444444444444,3.7749173503784954,4.0233325994678335,0.48218333333333335,4.886915177934505,4.8145999999999995
2023-07-09 22:30:00,1688966701.0,3.2416666666666667,2.0500000000000003,3.4266666666666663,22.46666666666667,35.71666666666667,24.28333333333333,42.35,35.613215333333336,-119.68959933333332,,6.531298199614165,15.935368467052504,115.78152777777778,3.545730398912398,3.6978250562147927,0.4837916666666667,4.673539227426205,4.35975
2023-07-09 23:30:00,1688970301.0,3.125,1.875,3.263333333333333,21.4,35.550000000000004,23.23333333333333,41.61666666666667,35.613194,-119.68959033333331,,5.521045994678213,15.878954005321786,111.09375000000001,3.4549184121721503,3.6396933325723264,0.484375,4.610852116934826,4.31325
2023-07-10 00:30:00,1688973901.0,2.4966666666666666,1.5166666666666666,2.688333333333333,20.666666666666668,37.63333333333333,22.516666666666666,43.55,35.613247,-119.68957133333332,,5.69331973908137,14.973346927585297,93.95788888888889,3.0690769946409198,3.198441439713892,0.48751666666666665,4.285574698760794,3.8094333333333332
2023-07-10 01:30:00,1688977501.0,2.483333333333333,1.6483333333333334,2.6416666666666666,19.85,37.71666666666666,21.166666666666668,44.63333333333333,35.613233666666666,-119.68959183333334,,4.998390547978661,14.85160945202134,93.66305555555553,3.1193100463721315,3.1873957736990715,0.4875833333333333,4.305484843831273,3.7954166666666667
2023-07-10 02:30:00,1688981101.0,2.348333333333333,1.5,2.498333333333333,18.95,38.13333333333333,20.23333333333333,44.9,35.613194166666666,-119.68959816666666,,4.3539954599702675,14.596004540029732,89.54977777777778,3.0175692970061667,3.0939215682464103,0.48825833333333335,4.23154508445146,3.6898
2023-07-10 03:30:00,1688984701.0,2.0483333333333333,1.1316666666666666,2.228333333333333,18.183333333333334,38.65,19.516666666666666,45.083333333333336,35.61320883333334,-119.689584,,3.861728390410245,14.321604942923088,79.16808333333333,2.7770205951514946,2.9037978987261255,0.48975833333333335,4.065627113908581,3.4898833333333332
2023-07-10 04:30:00,1688988301.0,2.4233333333333333,1.42,2.635,17.2,40.96666666666667,18.0,49.28333333333333,35.6132265,-119.68961066666668,,3.808848794250879,13.39115120574912,99.2758888888889,2.95396639533229,3.0140748382548304,0.48788333333333334,4.199800824397089,3.487966666666666
2023-07-10 05:30:00,1688991901.0,3.421666666666667,2.0166666666666666,3.7433333333333336,16.01666666666667,45.81666666666666,16.75,55.13333333333333,35.61324366666667,-119.68960433333332,,4.3329708285575075,11.683695838109163,156.7693611111111,3.339417887650276,3.364303879314681,0.48289166666666666,4.498776778228475,3.59485
2023-07-10 06:30:00,1688995501.0,1.9666666666666668,1.0566666666666666,2.1333333333333333,15.783333333333331,48.21666666666667,16.75,56.7,35.613200666666664,-119.68958666666668,,4.850908332351076,10.932425000982256,94.82611111111112,2.494474581950017,2.4467545634960657,0.49016666666666664,3.7313344833563793,2.6342499999999998
2023-07-10 07:30:00,1688999101.0,1.4766666666666666,0.7583333333333333,1.606666666666667,17.150000000000002,47.01666666666667,18.48333333333333,54.1,35.613166666666665,-119.68958166666668,,5.739423972436837,11.410576027563165,69.42794444444445,2.2682998719470984,2.224099661306848,0.4926166666666667,3.5416175030683474,2.481449999999999
2023-07-10 08:30:00,1689002701.0,1.2583333333333333,0.7266666666666666,1.3983333333333334,20.75,39.16666666666666,20.633333333333336,49.333333333333336,35.6131845,-119.689579,,6.346290169126183,14.403709830873817,49.28472222222221,2.34073807167672,2.439423317954689,0.4937083333333333,3.6481747403992966,3.035166666666667
2023-07-10 09:30:00,1689006301.0,1.205,0.7000000000000001,1.2983333333333331,24.03333333333333,32.016666666666666,22.7,43.53333333333333,35.6132125,-119.68959416666668,,6.316550125998319,17.716783207335013,38.580083333333334,2.3993048498116805,2.7169990992955295,0.493975,3.686425764512501,3.6151833333333334
2023-07-10 10:30:00,1689009901.0,1.1316666666666666,0.6416666666666667,1.2333333333333334,27.45,26.633333333333336,25.166666666666668,38.11666666666667,35.613222666666665,-119.68962116666668,,6.583939487461576,20.866060512538425,30.140055555555556,2.363304483041059,2.907420174772465,0.4943416666666667,3.606441194085291,4.034633333333333
2023-07-10 11:30:00,1689013501.0,1.1266666666666667,0.6,1.231666666666667,31.066666666666663,20.98333333333333,28.0,30.58333333333333,35.6132595,-119.6896145,,6.15388090585158,24.912785760815083,23.64122222222222,2.2999052721393918,3.147552905419505,0.4943666666666667,3.4417482767397267,4.512283333333333
2023-07-10 12:30:00,1689017101.0,1.1316666666666666,0.6566666666666666,1.2083333333333333,33.21666666666667,18.25,29.866666666666664,26.95,35.613212,-119.6895765,,5.8929669675957355,27.323699699070932,20.652916666666666,2.265730998332387,3.2678756269690363,0.4943416666666667,3.3030481820013717,4.747216666666667
2023-07-10 13:30:00,1689020701.0,1.22,0.715,1.32,34.71666666666667,16.400000000000002,31.75,23.566666666666663,35.61322783333333,-119.68958283333332,,5.55773558381009,29.15893108285658,20.008000000000003,2.2698587755582733,3.396859264396359,0.4939,3.2328681566178066,4.950399999999999
2023-07-10 14:30:00,1689024301.0,1.8766666666666667,1.1,1.961666666666667,34.35,16.316666666666666,32.166666666666664,23.133333333333336,35.61326416666667,-119.68956133333332,,5.190607449787736,29.159392550212267,30.620944444444444,2.693712904222119,3.7679758547069087,0.4906166666666667,3.605487507416491,5.29895
2023-07-10 15:30:00,1689027901.0,3.4066666666666667,2.02,3.6466666666666665,34.166666666666664,14.883333333333333,32.93333333333333,19.916666666666668,35.61325383333334,-119.68958166666664,,3.728936669858742,30.437729996807924,50.702555555555556,3.6638793491098465,4.685938899074731,0.48296666666666666,4.450397323307978,6.216383333333333
2023-07-10 16:30:00,1689031501.0,2.525,1.5116666666666667,2.655,33.35,14.683333333333332,33.233333333333334,18.666666666666668,35.6132155,-119.68954966666666,,2.890225891305463,30.45977410869454,37.07541666666666,3.106831708193114,4.201073158912063,0.48737499999999995,3.9340067762678403,5.774916666666667
2023-07-10 17:30:00,1689035101.0,2.205,1.2816666666666665,2.3433333333333333,31.816666666666663,15.25,33.166666666666664,18.383333333333333,35.61322966666666,-119.68958283333332,,2.2062589023189143,29.610407764347748,33.62625,2.9204440274993475,3.9976057409359194,0.488975,3.825169840161652,5.56035
2023-07-10 18:30:00,1689038701.0,2.3000000000000003,1.3983333333333334,2.435,30.55,17.983333333333334,32.61666666666667,21.45,35.613302833333336,-119.68958166666664,,3.5163150284702764,27.033684971529723,41.36166666666667,3.0608184001293552,3.9332525931111126,0.4885,4.041778124121628,5.377416666666667
2023-07-10 19:30:00,1689042301.0,2.3866666666666667,1.46,2.555,29.316666666666663,19.2,31.566666666666663,22.433333333333334,35.61325183333333,-119.68957783333332,,3.4396977368734465,25.876968929793215,45.824,3.145003653926415,3.929446936706968,0.48806666666666665,4.16969192079683,5.319066666666666
2023-07-10 20:30:00,1689045901.0,3.331666666666667,2.165,3.6233333333333335,27.15,20.1,29.416666666666668,23.48333333333333,35.61327683333334,-119.689621,,2.306177287876023,24.843822712123977,66.96650000000001,3.822743279040103,4.419662401609166,0.48334166666666667,4.821571695016907,5.733966666666666
2023-07-10 21:30:00,1689049501.0,9.028333333333334,6.038333333333334,9.428333333333333,24.766666666666666,25.316666666666663,26.933333333333334,30.116666666666664,35.613246833333335,-119.68958016666666,,3.5743740707997924,21.192292595866874,228.56730555555555,7.422876952836466,7.383763134288969,0.4548583333333333,7.992455969273103,8.252816666666668
2023-07-10 22:30:00,1689053101.0,9.836666666666666,6.798333333333333,10.218333333333334,22.816666666666663,30.35,24.966666666666665,35.46666666666667,35.613223166666664,-119.68958016666666,,4.488086220772638,18.328580445894026,298.5428333333333,7.803389963348664,7.619767261665156,0.45081666666666664,8.284154155102616,8.245316666666666
2023-07-10 23:30:00,1689056701.0,4.463333333333334,2.87,4.7250000000000005,21.33333333333333,30.98333333333333,23.0,36.61666666666667,35.61317483333334,-119.68959183333334,,3.494548298326642,17.838785035006687,138.28894444444444,4.4083778598038394,4.585104273185034,0.4776833333333333,5.453893735305277,5.39735
2023-07-11 00:30:00,1689060301.0,3.0583333333333336,1.8533333333333333,3.286666666666666,20.183333333333334,32.5,21.866666666666664,38.18333333333334,35.613255333333335,-119.68953833333336,,3.1690313179413234,17.014302015392012,99.39583333333334,3.507808336844195,3.733520139788261,0.4847083333333333,4.705201052219929,4.537833333333333
2023-07-11 01:30:00,1689063901.0,2.828333333333333,1.7666666666666666,2.978333333333333,19.566666666666663,33.2,21.383333333333336,38.23333333333333,35.61323983333333,-119.68954333333332,,2.9301980440382596,16.636468622628403,93.90066666666667,3.3861556647843947,3.574692448268598,0.48585833333333334,4.575857283077594,4.3587333333333325
2023-07-11 02:30:00,1689067501.0,3.57,2.356666666666667,3.783333333333333,18.78333333333333,33.483333333333334,19.98333333333333,39.66666666666666,35.61320933333334,-119.68958916666666,,2.362298632769298,16.421034700564032,119.5355,3.863356532879032,3.977617729031795,0.48215,4.985552667957169,4.720316666666666
2023-07-11 03:30:00,1689071101.0,3.283333333333333,2.1633333333333336,3.4616666666666664,17.983333333333334,36.05,19.133333333333336,42.81666666666666,35.61323733333333,-119.68955983333336,,2.6967783754511863,15.286554957882148,118.36416666666665,3.6337415066777154,3.706813487194002,0.48358333333333337,4.773744465245704,4.353083333333333
2023-07-11 04:30:00,1689074701.0,3.5716666666666668,2.25,3.796666666666667,17.25,38.1,18.183333333333334,45.28333333333333,35.613222,-119.68959533333332,,2.8251883849070265,14.424811615092974,136.0805,3.7088966847857456,3.7800492426194863,0.48214166666666664,4.851203601951697,4.328766666666667
2023-07-11 05:30:00,1689078301.0,3.25,1.915,3.545,16.683333333333334,38.9,17.55,46.45,35.613207499999994,-119.68955733333333,,2.6120760261074296,14.071257307225904,126.425,3.4610800091954617,3.565616441096999,0.48375,4.67738219715913,4.0935
2023-07-11 06:30:00,1689082081.0,5.8740000000000006,3.2020000000000004,6.666,16.64,40.72,18.02,47.16,35.6132958,-119.6894854,,3.219343214735338,13.420656785264663,239.18928000000002,4.706584982647988,4.9560041085565105,0.47063000000000005,5.882692579073799,5.30328
2023-07-11 07:30:00,1689085501.0,4.941666666666666,2.3683333333333336,5.551666666666667,19.25,36.88333333333333,22.683333333333334,38.516666666666666,35.6132295,-119.68962466666666,,4.1448886407562515,15.105111359243748,182.26513888888888,4.220318023114997,4.599145022947122,0.47529166666666667,5.485659686156456,5.144583333333333
2023-07-11 08:30:00,1689089400.7142856,7.877142857142857,5.307142857142857,8.251428571428571,26.414285714285715,24.65714285714285,27.942857142857143,28.02857142857143,35.613205428571426,-119.68956657142856,,4.592258944517538,21.822026769768176,194.22783673469382,6.713783532170819,6.767804062382823,0.4606142857142857,7.354258226520789,7.710257142857143
2023-07-11 09:30:00,1689093300.1666667,6.2250000000000005,4.206666666666666,6.510000000000001,31.066666666666663,20.216666666666665,30.266666666666666,26.46666666666667,35.613255833333334,-119.68957366666666,,5.6151438706961265,25.451522795970536,125.84875,5.698437729413758,6.0340324560524055,0.46887500000000004,6.356012005003498,7.228583333333334
2023-07-11 10:30:00,1689096900.0,4.385,3.098333333333333,4.571666666666666,33.833333333333336,17.650000000000002,32.2,23.683333333333334,35.61327766666667,-119.6896245,,5.908711171452315,27.92462216188102,77.39525,4.509460302810208,5.11455043001105,0.47807499999999997,5.194517643043434,6.489949999999999
2023-07-11 11:30:00,1689100500.0,3.685,2.5483333333333333,3.838333333333333,35.583333333333336,15.3,33.56666666666666,20.683333333333334,35.61324966666667,-119.68958416666668,,5.247991525553953,30.335341807779383,56.380500000000005,3.9643560789343733,4.8238055983509325,0.481575,4.626080812109803,6.325699999999999
2023-07-11 12:30:00,1689104100.0,3.475,2.21,3.613333333333333,36.86666666666667,14.233333333333334,34.86666666666667,19.15,35.613252833333334,-119.68957516666666,,5.221853888664053,31.644812778002613,49.46083333333334,3.7080647065893286,4.752132612695174,0.482625,4.36674862496149,6.307166666666666
2023-07-11 13:30:00,1689107700.0,4.141666666666667,2.828333333333333,4.241666666666666,37.9,13.616666666666667,36.21666666666667,17.883333333333333,35.613223833333336,-119.68958266666664,,5.394262290431987,32.50573770956801,56.395694444444445,4.196625665710044,5.151777719961279,0.47929166666666667,4.7067093602473,6.70625
2023-07-11 14:30:00,1689111300.0,4.296666666666667,2.855,4.435,37.93333333333333,12.966666666666669,36.96666666666667,16.583333333333332,35.61327416666666,-119.689584,,4.717003488668443,33.216329844664884,55.713444444444455,4.258188205355659,5.266478397476483,0.47851666666666665,4.750145654739389,6.842099999999999
2023-07-11 15:30:00,1689114900.0,4.2250000000000005,2.85,4.37,37.75,12.7,37.41666666666666,15.8,35.613264666666666,-119.68962966666668,,4.277177891358269,33.47282210864173,53.657500000000006,4.221620225918971,5.237832649431972,0.47887500000000005,4.703429926961711,6.827500000000001
2023-07-11 16:30:00,1689118500.0,4.431666666666667,3.0033333333333334,4.59,36.48333333333333,13.516666666666666,37.2,16.416666666666668,35.61326733333333,-119.68960033333332,,4.180450085144293,32.30288324818903,59.90136111111111,4.409473517208295,5.3183891511848085,0.47784166666666666,4.929662240401273,6.865550000000001
2023-07-11 17:30:00,1689122100.0,4.531666666666667,3.228333333333333,4.7,34.56666666666667,13.616666666666667,36.8,15.466666666666669,35.61327133333333,-119.68959666666666,,2.7838855102937745,31.782781156372895,61.706194444444456,4.571545871481366,5.370059057487706,0.47734166666666666,5.086453013305158,6.909050000000001
2023-07-11 18:30:00,1689125700.0,3.8866666666666663,2.795,3.966666666666667,33.233333333333334,13.883333333333333,36.083333333333336,15.466666666666669,35.61322033333334,-119.68962,,2.0094708071971734,31.22386252613616,53.959888888888884,4.158241716213142,4.997589527171689,0.48056666666666664,4.740996852072644,6.550983333333333
2023-07-11 19:30:00,1689129300.0,4.3116666666666665,3.0766666666666667,4.465,31.633333333333336,15.233333333333334,34.68333333333333,17.216666666666665,35.613302166666664,-119.68963366666668,,2.0449344012298774,29.58839893210346,65.68105555555556,4.490832291499685,5.177414705307093,0.47844166666666665,5.12727032301806,6.657233333333333
2023-07-11 20:30:00,1689132900.0,4.538333333333333,3.108333333333333,4.738333333333333,29.016666666666666,17.516666666666666,31.83333333333333,19.933333333333334,35.61325266666667,-119.68957533333332,,1.9012263061544337,27.11544036051223,79.49647222222221,4.648058262409686,5.2061033329513995,0.4773083333333334,5.403068546153731,6.581016666666667
2023-07-11 21:30:00,1689136500.0,0.965,0.4933333333333333,1.0599999999999998,27.016666666666666,13.533333333333331,29.71666666666667,15.133333333333333,35.613330833333336,-119.6896145,,-3.237712866738181,30.254379533404848,13.059666666666665,2.1291589774680917,3.377393984157377,0.495175,3.136874066536075,5.061466666666667
2023-07-11 22:30:00,1689140100.1666667,0.7166666666666667,0.255,0.7916666666666666,25.65,12.116666666666667,28.466666666666665,13.533333333333331,35.61320916666667,-119.6895765,,-5.77899522870247,31.42899522870247,8.683611111111112,1.905854954497003,3.299314831216872,0.4964166666666667,2.9068564660729423,5.05275
2023-07-11 23:30:00,1689143700.0,1.33,0.6966666666666667,1.455,25.3,14.433333333333332,28.08333333333333,16.55,35.613155,-119.6896005,,-3.734146965100863,29.034146965100863,19.19633333333333,2.4144451693991407,3.5429859214561716,0.49335,3.463194122547139,5.174766666666667
2023-07-12 00:30:00,1689147300.0,7.401666666666666,1.1733333333333331,8.476666666666667,24.8,15.683333333333332,27.6,17.683333333333334,35.613202333333334,-119.68958533333334,,-3.019344530969072,27.819344530969072,116.08280555555554,5.187698019325767,6.887526030002864,0.46299166666666663,6.706348982209665,8.225783333333332
2023-07-12 01:30:00,1689150900.0,2.3683333333333336,1.5133333333333334,2.5316666666666667,24.4,18.05,27.016666666666666,20.85,35.61324283333334,-119.68956483333334,,-1.4393465599338493,25.839346559933848,42.74841666666667,3.2218361427806914,3.9686320235417893,0.4881583333333333,4.272409979751114,5.407283333333334
2023-07-12 02:30:00,1689154500.1666667,2.8166666666666664,1.8083333333333331,2.9466666666666668,23.766666666666666,20.45,26.116666666666664,23.71666666666667,35.61325433333334,-119.68960066666666,,-0.24947711250629934,24.016143779172964,57.60083333333333,3.526746857257614,4.116370260950436,0.48591666666666666,4.581318180220724,5.436416666666666
2023-07-12 03:30:00,1689158100.0,3.056666666666666,2.026666666666667,3.186666666666667,22.78333333333333,22.46666666666667,24.566666666666663,26.633333333333336,35.613252,-119.6895625,,0.22916387427266044,22.55416945906067,68.67311111111111,3.70545892921958,4.163987278216246,0.48471666666666663,4.765650387090998,5.389799999999999
2023-07-12 04:30:00,1689161700.0,4.483333333333333,3.1666666666666665,4.745,20.183333333333334,29.33333333333333,21.03333333333333,36.91666666666666,35.613236,-119.68961983333332,,1.7259156342609039,18.45741769907243,131.5111111111111,4.582214111974659,4.667242700390139,0.4775833333333333,5.576490456654926,5.548
2023-07-12 05:30:00,1689165300.0,6.876666666666666,4.866666666666667,7.274999999999999,19.33333333333333,34.11666666666667,20.73333333333333,40.85,35.61317066666667,-119.68958933333332,,3.1103500544979084,16.22298327883542,234.60894444444443,5.9095673471697365,5.801113739857785,0.4656166666666667,6.695098999783642,6.385949999999999
2023-07-12 06:30:00,1689168900.0,5.4816666666666665,3.4233333333333333,5.921666666666667,19.5,29.35,21.766666666666666,32.65,35.613249,-119.68954466666668,,1.1428306285721712,18.35716937142783,160.88691666666668,5.045895732450653,5.225289000171671,0.47259166666666663,6.082954230957615,6.065716666666667
2023-07-12 07:30:00,1689172500.0,4.11,2.526666666666667,4.468333333333334,22.116666666666664,25.21666666666667,25.383333333333336,26.73333333333333,35.6132265,-119.6895205,,1.2701143132295591,20.846552353437104,103.64050000000002,4.271408191985312,4.635292600683081,0.47945,5.368379200420007,5.703783333333334
2023-07-12 08:30:00,1689175650.25,3.5575,2.24,3.765,27.75,19.825,29.175,23.3,35.6132165,-119.68958275,,2.6065070037616085,25.143492996238393,70.5274375,3.9344722577365654,4.557884441014196,0.4822125,4.893011027799142,5.874775
2023-07-12 09:30:00,1689179101.0,4.678333333333334,3.26,4.913333333333333,32.13333333333333,17.283333333333335,31.916666666666668,22.066666666666663,35.61328133333333,-119.689556,,4.233190890675293,27.90014244265804,80.85719444444446,4.716609491109943,5.294493293483613,0.47660833333333336,5.407657597446696,6.67365
2023-07-12 10:30:00,1689182701.0,5.203333333333333,3.736666666666667,5.348333333333334,34.516666666666666,16.616666666666667,33.483333333333334,22.21666666666667,35.61321083333333,-119.689598,,5.58687145777301,28.929795208893655,86.46205555555555,5.077151736167236,5.616998005017271,0.4739833333333333,5.618126671736419,7.003316666666667
2023-07-12 11:30:00,1689186429.4285717,5.085714285714286,3.608571428571428,5.221428571428571,36.885714285714286,15.671428571428573,35.471428571428575,21.085714285714285,35.61323,-119.68957842857142,,6.630536106299396,30.25517817941489,79.70040816326532,4.938209539756479,5.591809219885468,0.47457142857142853,5.433978075544241,7.0225
2023-07-12 12:30:00,1689189901.0,4.845,3.4633333333333334,4.954999999999999,38.71666666666667,14.316666666666668,36.96666666666667,19.08333333333333,35.61325333333333,-119.68955233333332,,6.761278607146273,31.955388059520395,69.36425,4.736485006871803,5.5153327165390476,0.475775,5.167182862361567,7.012483333333333
2023-07-12 13:30:00,1689193501.0,4.785,3.4150000000000005,4.971666666666667,39.31666666666667,13.35,37.65,17.616666666666667,35.61322533333333,-119.689583,,6.214146963938233,33.102519702728436,63.87975,4.665012530577085,5.523314424048549,0.476075,5.072641473696246,7.06345
2023-07-12 14:30:00,1689197101.0,4.326666666666667,3.1133333333333333,4.44,38.8,12.966666666666669,38.3,16.150000000000002,35.61324366666667,-119.68960683333334,,5.390675750607086,33.40932424939291,56.10244444444446,4.35333761675763,5.283269269593901,0.47836666666666666,4.773356492342177,6.8577
2023-07-12 15:30:00,1689200701.0,4.295,3.1016666666666666,4.3966666666666665,38.583333333333336,13.033333333333331,38.63333333333333,16.099999999999998,35.613231000000006,-119.68957266666666,,5.296157072270476,33.28717626106286,55.97816666666666,4.3406227360894345,5.262679126299853,0.478525,4.765079227022408,6.835566666666667
2023-07-12 16:30:00,1689204301.0,4.37,3.14,4.535,37.46666666666667,13.3,38.55,15.783333333333331,35.61324,-119.689565,,4.717463676997107,32.74920298966956,58.121,4.41294658736655,5.293190526801855,0.47814999999999996,4.879317702810679,6.8519000000000005
2023-07-12 17:30:00,1689207901.0,4.55,3.341666666666667,4.683333333333334,35.95,13.8,38.11666666666667,15.883333333333333,35.61322583333333,-119.68957516666669,,4.058662385543398,31.891337614456603,62.79,4.602070676495364,5.37243742239722,0.47725,5.071750761261878,6.9030000000000005
2023-07-12 18:30:00,1689211501.0,4.703333333333333,3.553333333333333,4.898333333333333,34.2,14.183333333333332,37.43333333333333,15.733333333333334,35.61322716666667,-119.6895625,,3.0718484624443074,31.128151537555695,66.70894444444444,4.782789340379442,5.441775376991458,0.4764833333333333,5.2741377903325315,6.950150000000001
2023-07-12 19:30:00,1689215101.0,6.031666666666666,4.5616666666666665,6.223333333333334,32.7,16.099999999999998,35.93333333333333,18.15,35.613258333333334,-119.68959316666668,,3.678138276107681,29.02186172389232,97.10983333333331,5.762118203821674,6.102827589049852,0.46984166666666666,6.192990863252584,7.477966666666667
2023-07-12 20:30:00,1689218701.0,7.271666666666666,5.386666666666667,7.573333333333333,30.2,19.8,33.0,23.08333333333333,35.61324866666667,-119.68961333333334,,4.603006186428194,25.596993813571807,143.97899999999998,6.582561910867395,6.637762608628806,0.4636416666666667,7.051336980377151,7.8082666666666665
2023-07-12 21:30:00,1689222301.0,4.78,3.465,4.983333333333333,27.933333333333334,20.433333333333334,30.98333333333333,23.03333333333333,35.61321833333333,-119.68958533333334,,3.1846556254038143,24.74867770792952,97.67133333333334,4.8802045892190735,5.2159561696495045,0.47609999999999997,5.648342403710394,6.4587666666666665
2023-07-12 22:30:00,1689225901.0,3.015,2.098333333333333,3.151666666666667,26.666666666666668,16.900000000000002,29.58333333333333,18.683333333333334,35.613259166666666,-119.68959416666668,,-0.49892302614217543,27.165589692808844,50.953500000000005,3.6688910137983286,4.38001477564603,0.484925,4.563125983581358,5.8412999999999995
2023-07-12 23:30:00,1689229501.0,2.8433333333333333,1.9966666666666668,3.0066666666666664,26.066666666666663,16.95,28.95,19.133333333333336,35.613246499999995,-119.689569,,-0.943844267542773,27.010510934209435,48.1945,3.568518348542739,4.281783840374339,0.48578333333333334,4.4924829826659565,5.7477833333333335
2023-07-13 00:30:00,1689233101.0,3.473333333333333,2.4483333333333337,3.6466666666666665,25.133333333333336,19.53333333333333,27.71666666666667,22.53333333333333,35.61328183333333,-119.689556,,0.2460537269858996,24.887279606347438,67.84577777777777,4.015881076580692,4.5233174131095515,0.48263333333333336,4.946456725408937,5.8558
2023-07-13 01:30:00,1689236701.0,4.251666666666666,2.918333333333333,4.43,24.15,21.95,26.55,25.4,35.61322833333333,-119.68958666666668,,1.0490964504620781,23.10090354953792,93.32408333333332,4.497981773851343,4.8550386325728185,0.4787416666666667,5.41727510401622,6.055116666666667
2023-07-13 02:30:00,1689240301.0,4.1433333333333335,2.8349999999999995,4.373333333333333,22.75,23.4,24.416666666666668,27.8,35.613225500000006,-119.6896145,,0.7651012192160187,21.984898780783983,96.954,4.422355417133591,4.7320597500878625,0.47928333333333334,5.400717197015613,5.875533333333333
2023-07-13 03:30:00,1689243901.0,4.171666666666667,2.7916666666666665,4.366666666666667,21.183333333333334,24.516666666666666,22.55,29.516666666666666,35.613234166666665,-119.6896005,,0.08816480918863534,21.095168524144697,102.27536111111111,4.418007697833868,4.699904843099457,0.4791416666666667,5.424819438683681,5.79535
2023-07-13 04:30:00,1689247501.0,5.1,3.471666666666667,5.366666666666667,19.933333333333334,28.96666666666667,21.366666666666664,34.916666666666664,35.61320533333333,-119.68957516666666,,1.3341248753134747,18.59920845801986,147.73,4.932513345990184,5.02815385223931,0.47450000000000003,5.89304850712468,5.899833333333333
2023-07-13 05:30:00,1689251101.0,5.801666666666667,3.790000000000001,6.151666666666666,18.8,31.65,20.016666666666666,38.016666666666666,35.61318383333333,-119.68959816666666,,1.587264298573863,17.212735701426137,183.62275,5.23103296057153,5.305499285388748,0.4709916666666667,6.1897526576023445,6.036616666666667
2023-07-13 06:30:00,1689254701.0,8.351666666666667,5.4383333333333335,8.955,18.28333333333333,32.71666666666667,19.75,38.45,35.6132375,-119.68961833333331,,1.5987286404798238,16.684604692853508,273.23869444444443,6.701588215358907,6.686860296203067,0.4582416666666667,7.49732586545748,7.2719499999999995
2023-07-13 07:30:00,1689258301.0,28.07,17.265,29.6125,20.0,34.224999999999994,22.225,39.125,35.6132375,-119.68962475,,3.742147799639602,16.257852200360396,960.6957499999999,11.578875408433776,13.19376171397827,0.35965,17.160177588751687,17.397275
2023-07-13 08:30:00,1689261901.0,18.706666666666667,12.586666666666666,19.50333333333333,25.766666666666666,26.116666666666664,27.03333333333333,30.96666666666667,35.61322033333334,-119.6896235,,4.867987760520972,20.898678906145694,488.55577777777773,11.444239058339102,11.16741139659069,0.4064666666666667,13.212276346235772,13.21755
2023-07-13 09:30:00,1689265501.0,10.093333333333334,7.171666666666667,10.426666666666668,30.71666666666667,18.9,30.766666666666666,23.55,35.613218833333335,-119.68959416666668,,4.360450673062887,26.356215993603783,190.76399999999998,11.172467940635666,9.277662657722775,0.44953333333333334,8.621885218998646,9.352033333333333
2023-07-13 10:30:00,1689269101.0,5.0200000000000005,3.328333333333333,5.233333333333333,34.733333333333334,15.2,33.61666666666667,19.73333333333333,35.61319666666667,-119.6896375,,4.478854363782658,30.254478969550675,76.304,4.835784716605293,5.575299074997837,0.47490000000000004,5.421749523607925,7.0284
2023-07-13 11:30:00,1689272701.0,3.751666666666667,2.23,3.9,37.05,13.75,34.916666666666664,18.53333333333333,35.613221333333335,-119.68956266666667,,4.869108696384855,32.18089130361514,51.58541666666667,3.820914753967558,4.927763492539082,0.4812416666666667,4.467811667851956,6.492116666666667
2023-07-13 12:30:00,1689276301.0,3.2016666666666667,1.9166666666666667,3.345,38.15,13.1,36.266666666666666,17.366666666666664,35.61322333333333,-119.68952816666666,,5.032441490433937,33.11755850956606,41.941833333333335,3.4303636898917538,4.647878675294976,0.48399166666666665,4.069642100225412,6.2613666666666665
2023-07-13 13:30:00,1689279901.0,2.8616666666666664,1.7566666666666666,3.0500000000000003,38.73333333333333,12.883333333333333,37.23333333333333,16.883333333333336,35.6132355,-119.68956866666667,,5.245994896468714,33.48733843686461,36.86780555555555,3.206078468160656,4.466898070711538,0.4856916666666667,3.855361178159943,6.102983333333333
2023-07-13 14:30:00,1689283501.0,3.7116666666666656,2.4366666666666665,3.8716666666666666,39.31666666666667,12.45,38.41666666666666,15.7,35.613250666666666,-119.6895865,,5.205346503028794,34.11132016363788,46.21024999999998,3.8078632617645365,4.961271339532953,0.4814416666666667,4.317901904434253,6.581816666666667
2023-07-13 15:30:00,1689287101.0,4.3,3.0283333333333338,4.413333333333333,39.28333333333333,12.35,38.88333333333333,15.3,35.613194,-119.6896805,,5.063566211238436,34.21976712209489,53.105,4.284703417674447,5.294858665701913,0.47850000000000004,4.683079120488278,6.89625
2023-07-13 16:30:00,1689290701.0,4.34,2.9916666666666667,4.58,38.48333333333333,12.033333333333331,39.06666666666667,14.25,35.61316766666667,-119.6896325,,4.0744065327704995,34.408926800562824,52.22466666666666,4.293250633661113,5.330862108694257,0.4783,4.731049054863715,6.943966666666666
2023-07-13 17:30:00,1689294301.0,4.116666666666666,2.8166666666666664,4.296666666666667,36.56666666666667,12.683333333333332,38.6,14.483333333333334,35.613245,-119.68958783333332,,3.3400032603506817,33.226663406315986,52.21305555555554,4.182191488355553,5.177915555800491,0.4794166666666667,4.693209768988003,6.772583333333333
2023-07-13 18:30:00,1689297901.0,4.7,3.4633333333333334,4.836666666666667,34.550000000000004,13.733333333333334,37.6,15.333333333333334,35.613245166666665,-119.68957916666666,,2.8912894691347173,31.658710530865285,64.54666666666667,4.734738658299516,5.459258227932192,0.4765,5.2057188496815785,6.986666666666666
2023-07-13 19:30:00,1689301501.0,4.096666666666667,2.8433333333333333,4.273333333333333,32.78333333333333,15.4,36.083333333333336,17.3,35.6132565,-119.68959416666668,,3.1140871168543343,29.669246216478996,63.08866666666667,4.2954949002588005,5.049914009429221,0.4795166666666667,4.965318297490654,6.531266666666666
2023-07-13 20:30:00,1689305101.0,4.976666666666667,3.478333333333333,5.2283333333333335,30.2,18.416666666666668,33.083333333333336,21.4,35.61322716666667,-119.68954466666666,,3.5698053019991662,26.63019469800083,91.65361111111112,4.9479965739339145,5.412739624314992,0.4751166666666667,5.665709900236973,6.73245
2023-07-13 21:30:00,1689308701.0,11.216666666666669,3.4516666666666667,23.39333333333333,27.71666666666667,24.0,30.48333333333333,28.1,35.61318166666667,-119.689635,,5.30209366304329,22.414573003623378,269.20000000000005,7.155626915079429,9.082665225620225,0.4439166666666667,11.563187069154294,9.502666666666668
2023-07-13 22:30:00,1689312301.0,4.8133333333333335,3.3350000000000004,5.053333333333334,26.066666666666663,26.08333333333333,28.55,30.53333333333333,35.613200666666664,-119.68959033333334,,5.1047730378906095,20.961893628776053,125.54777777777775,4.777722156203632,4.991681484891138,0.4759333333333333,5.671731728997443,5.995850000000001
2023-07-13 23:30:00,1689315901.0,3.0700000000000003,2.058333333333333,3.3166666666666664,24.766666666666666,26.55,27.316666666666663,30.683333333333334,35.61324483333333,-119.6895525,,4.251995589975238,20.514671076691428,81.50850000000001,3.6514355141201076,3.995880134988238,0.48465,4.751988601883347,5.04965
2023-07-14 00:30:00,1689319501.0,2.315,1.53,2.428333333333333,23.9,27.566666666666663,26.15,32.1,35.61324883333333,-119.68962466666666,,4.047543393575318,19.85245660642468,63.81683333333332,3.16849802246781,3.5295965679113155,0.488425,4.32520113484198,4.570633333333333
2023-07-14 01:30:00,1689323101.0,2.2516666666666665,1.3133333333333332,2.453333333333333,23.08333333333333,30.066666666666663,25.33333333333333,35.15,35.61322216666667,-119.68959683333333,,4.584829479906333,18.498503853426996,67.7001111111111,3.0373501910832674,3.3866574856732923,0.4887416666666667,4.276482467284792,4.325200000000001
2023-07-14 02:30:00,1689326701.0,2.4233333333333333,1.393333333333333,2.6566666666666667,22.433333333333334,33.233333333333334,24.7,38.81666666666666,35.613224833333334,-119.68958283333332,,5.457996557992147,16.975336775341187,80.53544444444445,3.0782107056547874,3.34658245220952,0.48788333333333334,4.324704424437268,4.1453
2023-07-14 03:30:00,1689330301.0,3.773333333333333,2.07,4.196666666666666,21.5,37.53333333333333,23.316666666666663,44.76666666666667,35.613254,-119.68955866666666,,6.395923972446381,15.104076027553619,141.62577777777776,3.6868538395082915,3.917285998354706,0.48113333333333336,4.8963052697364375,4.4818
2023-07-14 04:30:00,1689333901.0,6.923333333333333,4.444999999999999,7.453333333333333,20.48333333333333,40.78333333333333,22.08333333333333,48.93333333333334,35.6132425,-119.689583,,6.695798422469459,13.787534910863872,282.3566111111111,5.466740152089702,5.540588379474132,0.4653833333333333,6.332303638224561,5.8435500000000005
2023-07-14 05:30:00,1689337501.0,4.053333333333334,2.305,4.461666666666667,19.53333333333333,40.766666666666666,20.85,48.9,35.61320683333333,-119.68960816666667,,5.8365023604063895,13.696830972926943,165.2408888888889,3.779488633419236,3.934978224811501,0.47973333333333334,4.944977599857606,4.352566666666666
2023-07-14 06:30:00,1689341101.0,5.305000000000001,2.978333333333333,5.916666666666667,19.416666666666668,44.03333333333333,21.6,50.56666666666666,35.613202333333334,-119.68959833333334,,6.851012369403727,12.565654297262942,233.59683333333334,4.292750969318593,4.495074920152929,0.473475,5.39892134307304,4.725766666666667
2023-07-14 07:30:00,1689344701.0,4.505,2.433333333333333,5.006666666666667,21.883333333333336,37.91666666666666,25.35,40.43333333333333,35.613281,-119.68965783333334,,6.884889201135277,14.99844413219806,170.81458333333327,4.045233699429528,4.310314654323603,0.47747500000000004,5.225569397454805,4.8296833333333336
2023-07-14 08:30:00,1689348301.0,2.533333333333333,1.445,2.7533333333333334,27.3,27.866666666666664,28.916666666666668,32.516666666666666,35.61321783333333,-119.689621,,7.116133128216057,20.183866871783945,70.59555555555555,3.174987687217341,3.6388978016114812,0.48733333333333334,4.353474542050929,4.658666666666667
2023-07-14 09:30:00,1689351901.0,2.3916666666666666,1.3833333333333335,2.5316666666666667,31.15,22.45,31.0,28.816666666666663,35.613217166666665,-119.68960416666664,,7.207179482940055,23.942820517059943,53.69291666666666,3.095597878874904,3.7925062241837977,0.48804166666666665,4.163582641259168,5.045416666666666
2023-07-14 10:30:00,1689355501.0,2.0383333333333336,1.1383333333333334,2.2166666666666663,34.666666666666664,19.45,33.333333333333336,26.46666666666667,35.613238833333334,-119.68957016666668,,8.003787115391606,26.662879551275058,39.645583333333335,2.8082765237208065,3.723737086344607,0.48980833333333335,3.8226437482893125,5.1166833333333335
2023-07-14 11:30:00,1689359101.0,1.5133333333333334,0.6433333333333333,1.6316666666666666,37.3,17.150000000000002,35.25,23.666666666666668,35.61326466666667,-119.68962966666668,,8.283298098900392,29.016701901099605,25.95366666666667,2.3396210359699423,3.528789174991843,0.49243333333333333,3.321731519887744,5.039183333333333
2023-07-14 12:30:00,1689362701.0,1.4633333333333332,0.5316666666666666,1.625,38.15,15.783333333333331,36.35,21.35,35.61324366666667,-119.68958416666668,,7.740359149284287,30.40964085071571,23.09627777777777,2.2354930460894957,3.559566509561128,0.4926833333333333,3.193682614631223,5.12935
2023-07-14 13:30:00,1689366301.0,1.29,0.48,1.425,38.46666666666666,14.716666666666669,37.266666666666666,19.316666666666663,35.613261,-119.68958133333332,,6.966412427618129,31.50025423904853,18.984500000000004,2.109679959566802,3.5084157009377694,0.49355,3.0197019829494893,5.129883333333333
2023-07-14 14:30:00,1689369901.0,1.3433333333333335,0.58,1.4416666666666669,38.86666666666667,14.216666666666669,38.36666666666667,18.05,35.613259,-119.68955216666666,,6.776961189288926,32.08970547737774,19.097722222222227,2.1483932898955684,3.559764477366762,0.49328333333333335,3.004422339924078,5.200116666666666
2023-07-14 15:30:00,1689373501.0,1.515,0.7599999999999999,1.6,38.9,13.85,39.15,16.900000000000002,35.613226000000004,-119.6895575,,6.422722118331632,32.477277881668364,20.98275,2.277521489130391,3.6716110261409085,0.492425,3.084774082432502,5.32055
2023-07-14 16:30:00,1689376972.2857144,1.5085714285714285,0.8371428571428571,1.637142857142857,38.02857142857143,13.528571428571428,39.32857142857143,15.742857142857144,35.61325214285714,-119.689572,,5.4011879170347745,32.62738351153666,20.408816326530612,2.3079705753199735,3.6818333416859086,0.49245714285714287,3.1100368794533066,5.3445285714285715
2023-07-14 17:30:00,1689380658.0,1.98,1.2028571428571428,2.0557142857142856,36.67142857142857,13.428571428571429,39.15714285714286,15.028571428571428,35.61326057142857,-119.68958271428572,,4.234154616731681,32.43727395469689,26.588571428571427,2.668835145885283,3.9499895709528676,0.4901,3.4197415251129692,5.598171428571429
2023-07-14 18:30:00,1689384301.0,2.523333333333333,1.6283333333333332,2.5933333333333333,35.06666666666667,15.033333333333331,38.25,16.683333333333334,35.613216333333334,-119.68956383333334,,4.585491772255701,30.48117489441097,37.9341111111111,3.129457799823755,4.18509149670692,0.4873833333333334,3.9042267883234176,5.7443
2023-07-14 19:30:00,1689387901.0,3.5033333333333334,2.3716666666666666,3.6566666666666663,33.333333333333336,16.516666666666666,36.66666666666666,18.53333333333333,35.613255833333334,-119.689584,,4.55041027132607,28.782923062007264,57.863388888888885,3.8711508422819447,4.669814919118776,0.4824833333333334,4.632630997458141,6.127816666666667
2023-07-14 20:30:00,1689391501.0,4.226666666666667,2.498333333333333,4.68,30.65,20.45,33.56666666666667,23.666666666666668,35.613247,-119.689555,,5.437583991494037,25.21241600850596,86.43533333333333,4.257662911284554,4.905541250469056,0.4788666666666667,5.232475158844245,6.169616666666666
2023-07-14 21:30:00,1689395101.0,14.541666666666666,8.778333333333334,15.513333333333334,28.016666666666666,25.066666666666663,30.95,29.08333333333333,35.61326416666667,-119.68959533333332,,6.18379272566125,21.832873941005417,364.51111111111106,9.949911551280756,9.994653078211263,0.4272916666666666,10.87573816532184,11.141
2023-07-14 22:30:00,1689398701.0,6.461666666666666,4.391666666666667,6.783333333333334,26.1,26.4,29.066666666666663,29.883333333333336,35.613229833333335,-119.689574,,5.3068500296680625,20.79314997033194,170.58799999999997,5.784680847322633,5.900631011617896,0.4676916666666666,6.55527094930515,6.826066666666666
2023-07-14 23:30:00,1689402301.0,6.696666666666666,4.723333333333334,6.963333333333334,24.21666666666667,29.366666666666664,26.21666666666667,35.083333333333336,35.61327033333333,-119.6895635,,5.2262090666438565,18.99045760002281,196.65877777777774,5.922933222442831,5.9046027096901055,0.46651666666666664,6.652952054697579,6.6960999999999995
2023-07-15 00:30:00,1689405901.0,3.658333333333333,2.3433333333333333,3.891666666666667,23.21666666666667,28.4,25.33333333333333,33.06666666666667,35.61322083333334,-119.68959316666668,,3.885371181258423,19.331295485408244,103.89666666666666,3.9614959504818072,4.245623946431553,0.48170833333333335,5.050243090301633,5.198333333333333
2023-07-15 01:30:00,1689409501.0,3.3433333333333333,2.143333333333333,3.5933333333333333,22.866666666666664,28.883333333333336,25.133333333333336,33.28333333333333,35.61324833333333,-119.68954083333334,,3.824304294233811,19.04236237243285,96.56661111111111,3.7659214654159645,4.048538063326502,0.48328333333333334,4.892031575536602,4.993449999999999
2023-07-15 02:30:00,1689413101.0,2.94,1.955,3.1133333333333333,22.8,30.133333333333336,25.28333333333333,34.550000000000004,35.61326533333334,-119.68957516666666,,4.3711525673162654,18.428847432683735,88.59200000000001,3.5267425682858624,3.7690482731972628,0.4853,4.658340050090517,4.677466666666666
2023-07-15 03:30:00,1689416701.0,2.813333333333333,1.8333333333333333,2.9683333333333333,22.266666666666666,31.133333333333336,24.366666666666664,36.28333333333333,35.613252,-119.68957916666666,,4.375058473396218,17.891608193270446,87.58844444444445,3.4223482650252315,3.6551568055943324,0.48593333333333333,4.575305805494837,4.526599999999999
2023-07-15 04:30:00,1689420301.0,3.233333333333333,2.045,3.4516666666666667,21.633333333333336,33.06666666666667,23.55,38.56666666666667,35.6132615,-119.68958766666668,,4.6847798168618064,16.94855351647153,106.91555555555556,3.613398656445348,3.8071021117495043,0.48383333333333334,4.762761625466756,4.580666666666666
2023-07-15 05:30:00,1689423901.0,3.575,2.2916666666666665,3.9416666666666655,21.15,34.68333333333333,23.21666666666667,40.03333333333333,35.613239,-119.689565,,4.94509950629412,16.20490049370588,123.99291666666666,3.787109193304902,3.928820198656097,0.48212499999999997,4.940526351966595,4.620916666666667
2023-07-15 06:30:00,1689427501.0,5.62,3.5016666666666665,6.161666666666666,21.23333333333333,36.86666666666667,23.35,42.7,35.61319533333333,-119.68959566666666,,5.899118500250525,15.334214833082806,207.1906666666667,4.852127005784318,4.979521909283477,0.4719,5.87866858963284,5.498733333333333
2023-07-15 07:30:00,1689431101.0,5.364999999999999,3.2016666666666667,5.926666666666667,23.683333333333334,36.266666666666666,27.9,38.11666666666667,35.61324883333333,-119.6896145,,7.830503434205496,15.852829899127837,194.57066666666663,4.655214081797969,4.8625975008163955,0.473175,5.7206944043442896,5.417133333333332
2023-07-15 08:30:00,1689434701.0,9.343333333333334,5.968333333333334,9.785,29.666666666666668,27.45,31.866666666666664,31.666666666666668,35.61324616666667,-119.68958933333332,,8.917776110629903,20.748890556036763,256.4745,7.370728614313347,7.468341053189524,0.4532833333333333,7.940448787023279,8.235283333333333
2023-07-15 09:30:00,1689438266.2857144,5.342857142857143,3.6571428571428575,5.498571428571429,33.628571428571426,22.357142857142858,33.67142857142857,28.8,35.61322071428572,-119.68959471428572,,9.208651844825905,24.41991958374552,119.45102040816327,5.075676123802253,5.448267501832552,0.4732857142857143,5.7779249885410415,6.587928571428572
2023-07-15 10:30:00,1689441901.0,4.95,3.301666666666667,5.191666666666666,36.85,20.016666666666666,35.86666666666667,27.15,35.613216333333334,-119.68960216666666,,10.216287777400243,26.63371222259976,99.0825,4.766738685302008,5.32901972590582,0.47525,5.465371190040398,6.582583333333334
2023-07-15 11:30:00,1689445501.0,4.773333333333333,3.275,4.891666666666667,39.13333333333333,17.016666666666666,37.98333333333333,22.5,35.61326016666667,-119.68957783333332,,9.639399167039223,29.49393416629411,81.22622222222222,4.654333158810213,5.3591301683136425,0.4761333333333333,5.211058049941915,6.745716666666667
2023-07-15 12:30:00,1689449101.0,5.543333333333333,4.043333333333333,5.66,40.8,15.666666666666666,39.66666666666666,20.516666666666666,35.61322333333333,-119.68959683333333,,9.735396584956302,31.064603415043695,86.84555555555555,5.231920326984243,5.8481413961887,0.47228333333333333,5.596504062100531,7.260866666666667
2023-07-15 13:30:00,1689452701.0,6.325,4.646666666666667,6.44,41.35,14.883333333333333,40.53333333333333,19.166666666666668,35.61323816666667,-119.68958916666668,,9.405654749660982,31.94434525033902,94.13708333333334,5.775408858971414,6.31931762560795,0.468375,6.013377526270388,7.7339166666666666
2023-07-15 14:30:00,1689456301.0,7.390000000000001,5.640000000000001,7.551666666666667,41.53333333333333,14.433333333333332,41.43333333333333,17.933333333333334,35.61323216666667,-119.68959166666669,,9.093387096443172,32.43994623689016,106.66233333333334,6.597303074951457,6.934742089174495,0.46305,6.670782212348514,8.325966666666666
2023-07-15 15:30:00,1689459901.0,8.003333333333334,6.128333333333333,8.191666666666666,41.016666666666666,14.633333333333333,41.8,17.716666666666665,35.6132525,-119.6895895,,8.89154917227573,32.125117494390935,117.11544444444445,7.0519413977390535,7.2694228065091515,0.45998333333333336,7.075543771727936,8.6279
2023-07-15 16:30:00,1689463501.0,6.831666666666667,5.23,6.973333333333334,40.31666666666666,15.55,42.0,18.33333333333333,35.61322783333333,-119.68955866666666,,9.240798482255371,31.07586818441129,106.23241666666668,6.229337789921067,6.574232349667704,0.4658416666666667,6.417381871607455,7.940716666666667
2023-07-15 17:30:00,1689467101.0,7.511666666666667,5.885000000000001,7.669999999999999,38.28333333333333,16.8,41.38333333333333,18.95,35.61321366666667,-119.68957783333332,,8.767606193943369,29.515727139389963,126.19600000000001,6.789465287684724,6.901079608222984,0.46244166666666664,6.947954768963902,8.188066666666668
2023-07-15 18:30:00,1689471000.2857144,10.012857142857143,7.832857142857143,10.214285714285714,36.91428571428571,18.67142857142857,40.55714285714286,20.67142857142857,35.613253,-119.68960157142858,,9.230457582552473,27.683828131733236,186.9543469387755,11.920493582216679,9.277111686272171,0.44993571428571427,8.493537861660041,9.329614285714285
2023-07-15 19:30:00,1689474900.0,13.156666666666666,10.548333333333334,13.415,35.050000000000004,21.55,38.75,24.366666666666664,35.61325333333333,-119.6895865,,9.839318847227744,25.21068115277226,283.52616666666665,12.384265438122906,9.940900170773816,0.4342166666666667,10.375658212780698,10.719716666666667
2023-07-15 20:30:00,1689478500.0,22.58333333333333,17.585,23.025,32.61666666666667,26.383333333333336,35.75,31.1,35.613225500000006,-119.689607,,10.835900794829673,21.780765871836994,595.8236111111111,14.234220047868039,12.33441659759441,0.38708333333333333,15.41449705410824,15.210749999999997
2023-07-15 21:30:00,1689481800.0,22.478,17.398,23.118,30.42,30.2,33.8,34.8,35.613253799999995,-119.6895904,,10.991810304583959,19.428189695416044,678.8356,13.539368642366957,11.896803004840544,0.38760999999999995,15.062404999626107,14.83156
2023-07-15 22:30:00,1689485400.142857,29.27285714285714,22.514285714285712,29.867142857142856,28.785714285714285,31.61428571428572,31.67142857142857,36.85714285714285,35.61327685714286,-119.68956857142858,,10.26492470730472,18.520789578409563,925.4404693877552,15.496275813430776,13.841769464677828,0.35363571428571433,18.475149919416125,18.244671428571426
2023-07-15 23:30:00,1689489300.0,31.345,23.445,31.94666666666667,26.883333333333336,32.68333333333334,29.4,38.35,35.61328066666667,-119.68953066666666,,9.105005468127128,17.778327865206208,1024.4590833333334,15.569319029893508,14.36720500178068,0.343275,19.325804170069404,19.231316666666665
2023-07-16 00:30:00,1689492900.0,18.13833333333333,14.01,18.58833333333333,25.816666666666663,33.76666666666667,28.5,39.016666666666666,35.613262666666664,-119.68958783333332,,8.655561125488358,17.161105541178305,612.4710555555555,11.470182306286853,10.180133944520456,0.4093083333333334,12.47643271854838,12.271766666666664
2023-07-16 01:30:00,1689496500.0,15.126666666666669,12.038333333333334,15.438333333333333,24.883333333333336,35.233333333333334,27.28333333333333,41.18333333333333,35.6132215,-119.68963383333332,,8.464023139782393,16.419310193550942,532.962888888889,10.460018762808984,9.095846694138862,0.42436666666666667,10.85052728404481,10.581033333333334
2023-07-16 02:30:00,1689500100.0,15.410000000000002,12.3,15.803333333333333,24.183333333333334,36.23333333333333,26.55,42.016666666666666,35.613248166666665,-119.68961833333331,,8.259236545773096,15.924096787560238,558.3556666666666,10.433818758251576,9.077059169984846,0.42295,10.951850870158328,10.643366666666669
2023-07-16 03:30:00,1689503700.0,15.936666666666667,12.608333333333334,16.268333333333334,23.78333333333333,36.81666666666667,26.03333333333333,43.01666666666666,35.613245666666664,-119.68960066666666,,8.140597371469914,15.642735961863417,586.7349444444445,10.460933115961515,9.177528587156743,0.42031666666666667,11.139492717980435,10.867650000000001
2023-07-16 04:30:00,1689507300.0,15.476666666666668,12.211666666666666,15.826666666666668,23.33333333333333,39.5,25.433333333333334,46.48333333333333,35.61322716666667,-119.68956,,8.779525847482988,14.55380748585034,611.3283333333334,9.90025144647352,8.750861172971572,0.42261666666666664,10.678861052553074,10.400366666666667
2023-07-16 05:30:00,1689510900.0,12.573333333333332,9.868333333333334,12.840000000000002,23.316666666666663,37.51666666666667,25.71666666666667,42.78333333333333,35.61322916666666,-119.68959816666666,,8.003953176352502,15.312713490314161,471.7095555555556,9.06697737850973,8.06619119120354,0.4371333333333333,9.371729378151995,9.059216666666664
2023-07-16 06:30:00,1689514500.0,11.753333333333332,8.366666666666667,12.351666666666668,23.71666666666667,36.46666666666667,26.23333333333333,41.46666666666667,35.613236666666666,-119.68963766666668,,7.94088758505933,15.77577908160734,428.60488888888887,8.329953150367242,7.924813107262155,0.44123333333333337,8.968659926228886,8.722066666666665
2023-07-16 07:30:00,1689518100.0,13.46,10.121666666666666,13.906666666666666,25.666666666666668,36.23333333333333,27.98333333333333,42.25,35.61322083333334,-119.68962883333334,,9.570667000770442,16.095999665896226,487.7006666666666,9.310531742147447,8.47580611851872,0.4327,9.84422117779583,9.629366666666668
2023-07-16 08:30:00,1689521700.0,14.936666666666667,11.83,15.255,30.016666666666666,31.2,31.58333333333333,37.9,35.6132215,-119.689569,,11.134348869157648,18.882317797509018,466.024,11.065744290341975,9.465397680666733,0.4253166666666667,10.955067179505864,10.825066666666668
2023-07-16 09:30:00,1689525300.0,13.251666666666669,10.563333333333334,13.491666666666667,34.81666666666667,24.133333333333336,35.88333333333333,29.75,35.613221333333335,-119.689584,,11.346310364062054,23.470356302604614,319.806888888889,11.869933700085024,9.695973532946903,0.4337416666666667,10.325134389813122,10.549533333333333
2023-07-16 10:30:00,1689528900.0,9.985,7.731666666666666,10.213333333333331,38.75,18.75,38.71666666666667,23.58333333333333,35.61322283333333,-119.689584,,10.783373916751644,27.966626083248357,187.21875,8.465836237198006,8.201550216955532,0.450075,8.419135915757748,9.30845
2023-07-16 11:30:00,1689532500.0,10.828333333333331,8.615,10.966666666666669,40.083333333333336,17.5,40.06666666666667,22.03333333333333,35.613224833333334,-119.68956383333334,,10.821883232425158,29.261450100908178,189.4958333333333,12.648043524465857,9.652897517987542,0.44585833333333336,8.889664073443676,9.853233333333332
2023-07-16 12:30:00,1689536100.0,12.45,10.261666666666668,12.561666666666667,42.43333333333334,15.716666666666669,41.96666666666667,19.83333333333333,35.61326733333333,-119.68956383333334,,11.078106377648075,31.35522695568526,195.6725,13.908953333255873,10.342213134790997,0.43775,9.829090649677134,10.848083333333333
2023-07-16 13:30:00,1689539700.0,12.411666666666669,10.655,12.48,42.91666666666666,15.65,43.083333333333336,19.366666666666667,35.613260333333336,-119.68959816666666,,11.396754757230214,31.519911909436445,194.24258333333339,14.230920419289259,10.33747023560317,0.4379416666666667,9.851323430865197,10.833816666666667
2023-07-16 14:30:00,1689543300.0,13.578333333333331,11.436666666666667,13.726666666666668,43.5,15.183333333333332,44.26666666666667,18.28333333333333,35.613248166666665,-119.68957016666668,,11.399891585565427,32.10010841443457,206.16436111111105,14.615831542600583,10.746730520187807,0.4321083333333333,10.527483813615206,11.480149999999998
2023-07-16 15:30:00,1689546900.0,13.835,11.913333333333334,13.931666666666668,42.6,15.666666666666666,44.31666666666666,18.183333333333334,35.61323616666667,-119.6896235,,11.162067601413149,31.437932398586852,216.74833333333333,14.729122622152143,10.774564422713066,0.43082499999999996,10.74767758651742,11.572533333333332
2023-07-16 16:30:00,1689550500.0,14.078333333333331,11.766666666666666,14.201666666666668,41.43333333333333,16.683333333333334,44.1,18.966666666666665,35.61322283333333,-119.689608,,11.183262520123906,30.250070813209426,234.87352777777775,14.275195500776281,10.741674351320864,0.4296083333333333,10.878714421981272,11.612649999999999
2023-07-16 17:30:00,1689554100.0,6.196666666666666,4.608333333333333,6.373333333333334,39.5,14.816666666666668,43.38333333333333,15.633333333333333,35.613238833333334,-119.68955883333332,,7.880707505310875,31.619292494689127,91.81394444444445,5.736469432732957,6.250356450942439,0.46901666666666664,6.018085128658493,7.6728499999999995
2023-07-16 18:30:00,1689557700.0,3.045,1.971666666666667,3.216666666666667,37.583333333333336,13.75,41.61666666666667,14.383333333333333,35.613238,-119.68956733333331,,5.2868676186476025,32.29646571468573,41.86875,3.410685193767629,4.5322451715510255,0.484775,4.0768443875694285,6.12465
2023-07-16 19:30:00,1689561300.0,6.543333333333333,4.466666666666667,6.785,35.43333333333333,14.183333333333332,39.28333333333333,15.066666666666668,35.61324816666667,-119.68956883333334,,4.04336160572684,31.38997172760649,92.80627777777777,5.894044586076017,6.4716155335263945,0.46728333333333333,6.27410181974679,7.90695
2023-07-16 20:30:00,1689564900.0,4.655,3.2416666666666667,4.918333333333333,33.31666666666667,13.566666666666668,37.31666666666667,14.45,35.6132715,-119.6895955,,1.751640178037844,31.565026488628824,63.15283333333334,4.649856813156054,5.44123803212578,0.476725,5.2096922792219615,6.977433333333334
2023-07-16 21:30:00,1689568500.0,4.890000000000001,3.4250000000000003,5.0633333333333335,31.8,16.083333333333332,35.550000000000004,17.683333333333334,35.61325383333334,-119.68955983333336,,2.9426832336149022,28.857316766385097,78.64750000000001,4.869121938280831,5.464558233596215,0.47555,5.489850944687666,6.885716666666667
2023-07-16 22:30:00,1689572100.1666667,4.145,3.155,4.278333333333333,30.366666666666664,17.333333333333332,33.78333333333333,19.28333333333333,35.613200666666664,-119.68958166666664,,2.8463803598343156,27.520286306832347,71.84666666666665,4.482606354391211,4.993839066574166,0.479275,5.170200164637453,6.392066666666667
2023-07-16 23:30:00,1689575700.0,4.3133333333333335,3.158333333333333,4.426666666666667,28.85,18.53333333333333,32.11666666666667,20.683333333333334,35.61326366666667,-119.68955233333334,,2.5584708587520057,26.291529141247995,79.94044444444444,4.575171970084251,5.036458506615518,0.4784333333333333,5.31320180064542,6.3776
2023-07-17 00:30:00,1689579300.0,4.12,3.0683333333333334,4.22,28.433333333333334,17.916666666666668,31.95,19.58333333333333,35.613245666666664,-119.6895765,,1.7438622717129195,26.689471061620413,73.81666666666668,4.46884682317601,4.954765279848989,0.4794,5.204724687896242,6.329483333333333
2023-07-17 01:30:00,1689582900.1666667,3.94,2.9516666666666667,4.08,28.05,17.5,31.366666666666664,19.183333333333334,35.61324666666667,-119.68961066666668,,1.1040657442504407,26.94593425574956,68.95,4.355942227145466,4.871935328068767,0.4803,5.113433494053652,6.2713
2023-07-17 02:30:00,1689586500.0,4.076666666666667,3.0716666666666668,4.211666666666667,27.816666666666663,17.48333333333333,31.23333333333333,19.23333333333333,35.61322533333333,-119.68961183333332,,0.9015389355304744,26.915127731136188,71.27372222222222,4.461029502173409,4.949143690062863,0.47961666666666664,5.201335768290491,6.3437833333333336
2023-07-17 03:30:00,1689590100.0,4.45,3.341666666666667,4.601666666666667,26.71666666666667,19.316666666666663,29.066666666666663,22.35,35.61327716666667,-119.6896005,,1.3927418849196895,25.323924781746978,85.95916666666665,4.726561999705109,5.079269529234991,0.47775,5.486804266254085,6.382083333333334
2023-07-17 04:30:00,1689593700.0,4.944999999999999,3.7116666666666656,5.125,25.08333333333333,24.1,27.133333333333336,28.83333333333333,35.6132075,-119.68956383333334,,3.143662790054427,21.9396705432789,119.1745,5.02095264478234,5.150651494161611,0.47527500000000006,5.821559997051416,6.232899999999999
2023-07-17 05:30:00,1689597300.0,5.986666666666667,4.325,6.256666666666667,24.633333333333336,25.516666666666666,27.08333333333333,29.46666666666667,35.613217166666665,-119.68962366666666,,3.5730364486115644,21.060296884721772,152.7597777777778,5.6223452379605945,5.672755931984933,0.4700666666666667,6.382329330521524,6.6541500000000005
2023-07-17 06:30:00,1689600900.0,7.330000000000001,4.633333333333334,7.966666666666666,25.4,23.433333333333334,28.21666666666667,26.266666666666666,35.613247,-119.68961083333332,,3.0132551020715357,22.386744897928462,171.76633333333336,6.299487715456088,6.514190276975151,0.46335,7.123667087178048,7.529766666666667
2023-07-17 07:30:00,1689604500.0,7.236666666666667,4.776666666666666,7.75,26.08333333333333,26.05,28.15,31.26666666666667,35.613218,-119.68961216666666,,5.100551071269014,20.982782262064315,188.5151666666667,6.230832549773975,6.349444043960911,0.46381666666666665,7.0038012098151485,7.258816666666666
2023-07-17 08:30:00,1689608700.0,9.7475,6.945,10.1875,28.475,27.7,30.4,33.35,35.6131945,-119.6895695,,8.033588230976575,20.441411769023425,270.00575000000003,7.889963498886696,7.683802245105716,0.4512625,8.289587867459442,8.4242
2023-07-17 09:30:00,1689611640.0,8.848,6.756,9.134,32.46,21.36,33.64,26.0,35.6132064,-119.6895816,,7.565719171180212,24.894280828819788,188.99328,7.660396502423009,7.452954843995705,0.45576,7.911792208750212,8.495360000000002
2023-07-17 10:30:00,1689615300.0,9.135,7.09,9.275,36.43333333333333,17.816666666666666,37.083333333333336,21.883333333333336,35.6132405,-119.6895725,,8.147292389460882,28.28604094387245,162.75525,7.930457809119673,7.765939069565766,0.454325,7.962726286852418,8.945783333333335
2023-07-17 11:30:00,1689618900.0,10.106666666666667,7.920000000000001,10.346666666666666,38.88333333333333,15.6,39.36666666666667,18.866666666666667,35.613278,-119.6895725,,8.15121133457899,30.732121998754344,157.66400000000002,12.766393877679834,9.63206574921242,0.4494666666666667,8.477329156939657,9.639466666666667
2023-07-17 12:30:00,1689622500.0,9.835,7.718333333333334,10.055,40.1,14.566666666666668,40.93333333333333,17.4,35.613236666666666,-119.68958166666664,,8.102890074355413,31.997109925644587,143.2631666666667,8.446740222438542,8.297465276848246,0.450825,8.245660697185487,9.586033333333333
2023-07-17 13:30:00,1689626100.0,6.925,5.315,7.095,41.55,13.416666666666666,43.083333333333336,15.183333333333332,35.61322466666667,-119.68958016666666,,8.0263628904164,33.523637109583596,92.91041666666666,6.266572699086432,6.718196856809774,0.46537500000000004,6.344117964692999,8.170583333333333
2023-07-17 14:30:00,1689629700.0,5.881666666666667,4.316666666666666,6.066666666666666,40.333333333333336,13.566666666666668,42.81666666666666,14.95,35.61320533333333,-119.68960583333336,,7.241479439752969,33.091853893580364,79.79461111111112,5.4639138851260185,6.127798136482404,0.4705916666666667,5.72918262441688,7.6152999999999995
2023-07-17 15:30:00,1689633300.0,3.765,2.4966666666666666,4.03,39.38333333333333,11.816666666666668,42.55,12.333333333333334,35.613214,-119.6895675,,4.507273322703197,34.876060010630134,44.48975000000001,3.831694641376255,5.018353005857717,0.481175,4.325373873918986,6.663383333333333
2023-07-17 16:30:00,1689636900.0,3.705,2.355,3.901666666666667,38.91666666666666,11.583333333333334,42.43333333333333,12.05,35.61323166666667,-119.68956733333334,,3.864318150102215,35.05234851656444,42.916250000000005,3.752127736396014,4.994803818940481,0.481475,4.249019556295686,6.6520166666666665
2023-07-17 17:30:00,1689640500.0,3.33,2.111666666666667,3.478333333333333,36.65,12.016666666666666,40.13333333333333,12.733333333333334,35.613223,-119.68957383333333,,2.641060729629807,34.00893927037019,40.015499999999996,3.5521105701123785,4.7662860253115085,0.48335,4.129547202159548,6.420183333333333
2023-07-17 18:30:00,1689644100.0,4.448333333333333,2.81,4.786666666666666,35.166666666666664,12.483333333333334,39.083333333333336,13.3,35.613233666666666,-119.68958783333332,,2.029047754262177,33.137618912404484,55.53002777777778,4.343391646301034,5.372147310164484,0.4777583333333333,4.92520239079961,6.96205
2023-07-17 19:30:00,1689647700.0,5.153333333333333,3.81,5.291666666666667,32.766666666666666,15.75,36.083333333333336,17.716666666666665,35.613222,-119.68960549999998,,3.4192630669954673,29.3474035996712,81.165,5.108180939768707,5.6262770024774165,0.47423333333333334,5.628281415294206,7.050983333333333
2023-07-17 20:30:00,1689651300.0,5.965,4.361666666666667,6.168333333333333,30.266666666666666,18.9,33.45,21.55,35.61320883333333,-119.68957766666666,,3.992847029851031,26.273819636815634,112.73849999999999,5.679391267600608,5.945123852088854,0.470175,6.256327179703421,7.205299999999999
2023-07-17 21:30:00,1689654900.0,6.316666666666666,4.666666666666667,6.528333333333333,28.700000000000003,20.73333333333333,31.95,23.416666666666668,35.61323566666667,-119.68961316666666,,4.025195590598245,24.67480440940176,130.96555555555554,5.932330874994679,6.063122950287292,0.4684166666666667,6.518678006965089,7.232333333333333
2023-07-17 22:30:00,1689658500.0,7.541666666666667,5.466666666666666,7.805,28.266666666666666,21.7,31.48333333333333,24.7,35.613259666666664,-119.68960566666664,,4.316494421919173,23.950172244747492,163.65416666666667,6.705174282840411,6.707186776670834,0.46229166666666666,7.2143664556261,7.787166666666667
2023-07-17 23:30:00,1689661200.0,8.63,6.173333333333333,8.89,27.33333333333333,24.266666666666666,30.3,27.73333333333333,35.61324666666667,-119.689588,,5.138423020929019,22.19491031240431,209.42133333333334,7.329675656764152,7.205964173548008,0.45685000000000003,7.780814994308324,8.134933333333333
2023-07-18 00:30:00,1689665101.0,7.821666666666666,5.658333333333334,8.035,26.883333333333336,23.116666666666664,29.9,25.933333333333334,35.6132335,-119.6896005,,4.064778792558477,22.81855454077486,180.81086111111108,6.86636802483698,6.802989627957502,0.46089166666666664,7.3693887044404045,7.81235
2023-07-18 01:30:00,1689668701.0,6.658333333333334,4.806666666666667,6.830000000000001,26.016666666666666,21.816666666666663,28.566666666666663,24.866666666666664,35.613252,-119.68965016666664,,2.520233751814446,23.49643291485222,145.2626388888889,6.134981405922226,6.207772596776967,0.46670833333333334,6.74554680671057,7.317916666666667
2023-07-18 02:30:00,1689672301.0,6.496666666666666,4.665,6.718333333333334,25.61666666666667,21.866666666666664,28.383333333333336,24.933333333333334,35.61322016666667,-119.68957633333332,,2.2191455450135096,23.39752112165316,142.0604444444444,6.022057160972901,6.115138618877747,0.46751666666666664,6.673283416243226,7.2296
2023-07-18 03:30:00,1689675901.0,8.6,6.233333333333333,8.924999999999999,24.933333333333334,25.98333333333333,27.383333333333336,30.133333333333336,35.613255833333334,-119.68955366666668,,4.0859494845325495,20.847383848800785,223.45666666666665,7.306914745300643,7.115362344022545,0.457,7.801128937356518,7.973416666666666
2023-07-18 04:30:00,1689679501.0,9.765,7.12,10.136666666666668,24.3,26.933333333333334,26.766666666666666,31.05,35.6132335,-119.6895445,,4.058295655976995,20.241704344023006,263.004,8.043864626132926,7.726561037408223,0.451175,8.42974753045378,8.498466666666667
2023-07-18 05:30:00,1689683101.0,10.963333333333331,7.796666666666667,11.288333333333334,24.08333333333333,29.5,26.75,33.88333333333333,35.61323266666667,-119.68955366666668,,5.176319553465,18.90701377986833,323.4183333333333,9.199662955250448,8.420733785556312,0.4451833333333333,8.90836995187375,8.903433333333332
2023-07-18 06:30:00,1689686701.0,13.526666666666666,9.271666666666668,13.991666666666664,24.25,31.566666666666663,26.816666666666663,36.36666666666667,35.61323383333333,-119.689598,,6.299691339238539,17.95030866076146,426.9917777777777,9.3648962647463,8.991724145387128,0.4323666666666666,10.088935621718573,10.0607
2023-07-18 07:30:00,1689690301.0,13.688333333333333,9.305,14.325,25.6,31.016666666666666,28.7,34.833333333333336,35.61321833333333,-119.68953333333332,,7.216706113737006,18.383293886262997,424.56647222222216,9.472114628245745,9.09995361384645,0.4315583333333333,10.214350406448592,10.191516666666665
2023-07-18 08:30:00,1689693901.0,10.378333333333332,7.308333333333334,10.75,30.7,22.933333333333334,33.21666666666667,26.21666666666667,35.613239166666666,-119.68960566666664,,7.1433092261043365,23.556690773895664,238.00977777777774,10.360899612884598,8.93740348652274,0.44810833333333333,8.709485867764046,9.157399999999999
2023-07-18 09:30:00,1689697501.0,9.046666666666669,6.364999999999999,9.405,35.1,19.45,35.583333333333336,24.1,35.613234166666665,-119.68958016666666,,8.35787411957416,26.742125880425842,175.9576666666667,7.606271231402366,7.646271378219071,0.45476666666666665,7.897010613070359,8.761016666666668
2023-07-18 10:30:00,1689701101.0,7.016666666666667,4.951666666666667,7.283333333333334,37.91666666666666,14.966666666666669,37.38333333333333,18.883333333333336,35.61324366666667,-119.68960083333332,,6.777812107050688,31.138854559615968,105.01611111111113,6.240933037225092,6.70285745435244,0.46491666666666664,6.541720132648935,8.086500000000001
2023-07-18 11:30:00,1689704701.0,14.525,5.468333333333334,12.273333333333332,39.71666666666667,14.05,39.05,17.55,35.61325133333333,-119.68957033333334,,7.271570590097321,32.44509607656935,204.07625000000002,10.3055957232211,11.158923179598172,0.42737499999999995,9.42463800337654,12.068750000000001
2023-07-18 12:30:00,1689708301.0,7.203333333333333,5.338333333333334,7.418333333333333,41.63333333333333,12.633333333333333,40.73333333333333,15.583333333333334,35.613236,-119.68957666666668,,7.208098098505138,34.42523523482819,91.0021111111111,6.383713968098016,6.9076595651479105,0.46398333333333336,6.442240510006613,8.3819
2023-07-18 13:30:00,1689711901.0,7.45,5.468333333333334,7.691666666666666,42.1,11.983333333333334,41.85,14.35,35.613257,-119.68959433333332,,6.796144817300745,35.30385518269926,89.27583333333334,6.520714025600748,7.073665685244112,0.46275,6.529455979504954,8.565416666666668
2023-07-18 14:30:00,1689715501.0,8.891666666666667,2.16,3.4516666666666667,41.53333333333333,10.25,42.61666666666667,11.083333333333334,35.61324366666667,-119.68957266666666,,4.111376722736798,37.42195661059653,91.13958333333335,5.884792200254453,7.955087941753913,0.4555416666666667,5.0442839004701945,9.462416666666666
2023-07-18 15:30:00,1689719101.0,3.0583333333333336,1.9366666666666663,3.216666666666667,39.93333333333333,11.05,41.95,12.216666666666669,35.613261,-119.6895165,,3.969992473708134,35.9633408596252,33.794583333333335,3.2692779007606125,4.655798801770342,0.4847083333333333,3.764801851175548,6.361083333333333
2023-07-18 16:30:00,1689722701.0,2.0316666666666667,1.1133333333333333,2.151666666666667,39.15,10.816666666666668,41.88333333333333,11.516666666666666,35.6132475,-119.68956233333334,,3.0705207551219926,36.07947924487801,21.975861111111115,2.5085318368161964,4.091210402180765,0.4898416666666667,3.115362878766758,5.847049999999999
2023-07-18 17:30:00,1689726301.0,2.2416666666666667,1.305,2.353333333333333,37.333333333333336,11.2,40.516666666666666,11.983333333333334,35.6132525,-119.68956633333332,,2.1756329313822196,35.15770040195112,25.106666666666666,2.72543811869599,4.192264448552348,0.4887916666666667,3.3536687506586667,5.923666666666667
2023-07-18 18:30:00,1689729901.0,2.1866666666666665,1.3883333333333334,2.2716666666666665,35.266666666666666,10.683333333333332,38.78333333333333,11.266666666666666,35.613233666666666,-119.68957383333333,,-0.05990903335026825,35.32657570001693,23.360888888888883,2.7464433022204333,4.18369613134986,0.48906666666666665,3.3523397831645996,5.938983333333334
2023-07-18 19:30:00,1689733501.0,1.9433333333333331,1.231666666666667,2.065,33.416666666666664,10.7,36.86666666666667,11.416666666666666,35.613254000000005,-119.68960083333332,,-1.4501178020050398,34.8667844686717,20.793666666666663,2.61451860479018,4.046786890716058,0.49028333333333335,3.2833045004357633,5.8110333333333335
2023-07-18 20:30:00,1689737101.0,2.103333333333333,1.32,2.208333333333333,31.516666666666666,11.933333333333332,34.9,13.366666666666667,35.613231,-119.68958533333334,,-1.423898159900319,32.940564826566984,25.09977777777777,2.804784999598488,4.08330897713974,0.4894833333333333,3.556274640665089,5.7894
2023-07-18 21:30:00,1689740701.0,5.43,3.655,5.678333333333334,29.166666666666668,22.15,32.0,26.23333333333333,35.613217,-119.68962366666666,,5.359912496937386,23.80675416972928,120.27449999999999,5.170724332987302,5.50594744145217,0.47285,5.951816473781039,6.65085
2023-07-18 22:30:00,1689744301.0,6.135000000000001,4.165,6.454999999999999,27.45,24.383333333333336,30.166666666666668,28.23333333333333,35.61321316666667,-119.68960450000002,,5.305801460435205,22.144198539564794,149.59175000000005,5.612980418187474,5.804507030457325,0.469325,6.3848756628176435,6.827616666666667
2023-07-18 23:30:00,1689747901.0,4.9,3.391666666666667,5.043333333333333,26.53333333333333,22.23333333333333,29.433333333333334,25.066666666666663,35.61318983333333,-119.6896135,,3.2182545952265045,23.315078738106827,108.94333333333333,4.8963905863114965,5.2057256445262725,0.4755,5.713127856303011,6.368166666666667
2023-07-19 00:30:00,1689751501.0,3.591666666666667,2.5816666666666666,3.703333333333333,26.05,20.35,28.916666666666668,22.866666666666664,35.61324116666667,-119.68959683333333,,1.5714199833711702,24.47858001662883,73.09041666666667,4.097855490342139,4.554434124738881,0.48204166666666665,4.99305938733159,5.847916666666666
2023-07-19 01:30:00,1689755101.0,2.928333333333333,2.08,3.0283333333333338,26.0,18.78333333333333,28.9,20.966666666666665,35.61320033333333,-119.68959016666668,,0.4158728524400281,25.584127147559972,55.00386111111109,3.644283781757049,4.25053074197351,0.48535833333333334,4.581476266740664,5.63615
2023-07-19 02:30:00,1689758701.0,2.8633333333333333,2.04,3.0,25.383333333333336,19.23333333333333,27.616666666666664,22.266666666666666,35.6132475,-119.68956516666668,,0.23763591954310725,25.14569741379023,55.07144444444444,3.611965706607907,4.194802015654213,0.48568333333333336,4.581086631134241,5.5641
2023-07-19 03:30:00,1689762301.0,2.6533333333333333,1.9166666666666667,2.81,23.96666666666667,20.166666666666668,26.23333333333333,23.28333333333333,35.6132285,-119.68957916666666,,-0.2760847755239045,24.242751442190574,53.50888888888889,3.4998729227480863,4.037135681561898,0.4867333333333333,4.5250092156904795,5.375566666666667
2023-07-19 04:30:00,1689765901.0,3.09,2.2333333333333334,3.215,23.616666666666664,19.98333333333333,26.0,22.96666666666667,35.613231,-119.689574,,-0.69082490312793,24.307491569794593,61.748499999999986,3.799738081729742,4.28941887709988,0.48455,4.771816982129772,5.618216666666667
2023-07-19 05:30:00,1689769501.0,2.83,1.903333333333333,3.0033333333333334,23.23333333333333,20.566666666666663,25.183333333333334,24.166666666666668,35.613215333333336,-119.68957766666666,,-0.6131504833233787,23.846483816656708,58.203666666666656,3.5746121240893514,4.1188165921216005,0.48585,4.630072958847368,5.433433333333333
2023-07-19 06:30:00,1689773101.0,4.005,2.608333333333333,4.32,22.616666666666664,22.15,24.5,25.98333333333333,35.61320833333333,-119.6895575,,-0.10628737279188602,22.72295403945855,88.71074999999999,4.301588364188507,4.708381015874842,0.47997500000000004,5.330327209513646,5.9098500000000005
2023-07-19 07:30:00,1689776701.0,3.655,2.215,3.93,24.166666666666668,20.78333333333333,27.45,22.48333333333333,35.61322966666666,-119.6895765,,0.3051755963398438,23.861491070326824,75.96308333333332,4.007872408946546,4.5712496292699525,0.481725,5.054189432488613,5.844016666666667
2023-07-19 08:30:00,1689780301.0,26.325,16.886666666666667,27.201666666666668,29.1,18.883333333333333,31.366666666666664,22.05,35.6132405,-119.68956016666664,,3.0267801986251563,26.073219801374844,497.10375,13.896461988953693,14.284221098117708,0.368375,17.796758968227024,17.793916666666668
2023-07-19 09:30:00,1689783901.0,39.193333333333335,25.14833333333333,40.498333333333335,32.666666666666664,17.916666666666668,32.833333333333336,22.933333333333334,35.613227333333334,-119.68960583333336,,5.180681338239407,27.485985328427258,702.213888888889,16.736482668849632,18.354588122316343,0.3040333333333333,25.166929930917433,24.56761666666667
2023-07-19 10:30:00,1689787501.0,46.855,29.866666666666664,48.03833333333333,35.46666666666667,16.233333333333334,34.733333333333334,21.4,35.6132285,-119.689589,,6.010318241889653,29.456348424777016,760.6128333333334,18.412623721845655,20.895631616309792,0.265725,29.62993013389262,28.694766666666666
2023-07-19 11:30:00,1689791101.0,43.403333333333336,28.176666666666662,44.39166666666667,38.65,14.55,37.23333333333333,19.0,35.6132405,-119.6895865,,6.944640843431702,31.705359156568296,631.5185,18.48405649987776,20.01004660844331,0.2829833333333333,27.816772070060928,27.042983333333336
2023-07-19 12:30:00,1689794701.0,30.781666666666663,19.976666666666667,31.421666666666667,40.38333333333333,13.016666666666666,38.8,16.900000000000002,35.61325266666667,-119.68957783333332,,6.676203605615368,33.70712972771796,400.67469444444436,16.438387671027783,16.281108222399023,0.3460916666666667,20.40604847735284,20.610049999999998
2023-07-19 13:30:00,1689798301.0,29.796666666666667,19.62,30.376666666666665,41.0,13.883333333333333,39.76666666666667,18.25,35.61322333333333,-119.68956616666668,,8.100903556934977,32.89909644306502,413.67705555555557,16.289633872876497,15.885402479528942,0.35101666666666664,19.794758354558482,20.024183333333333
2023-07-19 14:30:00,1689801901.0,26.39,17.176666666666666,26.91333333333333,41.23333333333333,13.7,40.88333333333333,17.216666666666665,35.613243833333335,-119.68961466666669,,8.087333151053757,33.14600018227957,361.543,15.528487492415666,14.854468924120088,0.36805,17.74462728516584,18.2683
2023-07-19 15:30:00,1689805501.0,25.18,16.718333333333334,25.68166666666667,41.73333333333333,13.3,41.76666666666667,16.266666666666666,35.613255833333334,-119.68961316666666,,8.04037272376502,33.6929606095683,334.894,15.64236955595571,14.523843328769122,0.3741,17.08006975953478,17.6731
2023-07-19 16:30:00,1689809101.0,23.195000000000004,15.248333333333331,23.69666666666667,41.15,14.766666666666666,41.85,18.166666666666668,35.613238833333334,-119.68956116666668,,9.13108937579789,32.01891062420211,342.5128333333334,14.776902720154446,13.756113240526957,0.38402499999999995,15.865056714337046,16.516233333333336
2023-07-19 17:30:00,1689812701.0,20.231666666666666,13.741666666666667,20.641666666666666,39.28333333333333,14.533333333333331,41.516666666666666,16.683333333333334,35.613246333333336,-119.6895665,,7.426542488325387,31.856790845007943,294.0335555555555,14.479191403271525,12.8671822772467,0.39884166666666665,14.252551599643034,14.995133333333332
2023-07-19 18:30:00,1689816301.0,14.696666666666667,9.616666666666667,15.143333333333333,36.96666666666667,13.5,40.11666666666667,14.583333333333334,35.613234166666665,-119.68957533333332,,4.540811980541354,32.42585468612531,198.405,13.212164455366,11.270235997039372,0.42651666666666666,11.008883178349159,12.204766666666668
2023-07-19 19:30:00,1689819901.0,14.24,9.405,14.655,34.81666666666667,14.1,38.5,15.333333333333334,35.61321066666667,-119.6895815,,3.4740493921296585,31.342617274537012,200.784,12.946011351849988,11.065740279682633,0.4288,10.824410424551179,11.9163
2023-07-19 20:30:00,1689823501.0,16.69333333333333,11.008333333333333,17.23,32.083333333333336,20.433333333333334,35.15,24.03333333333333,35.61320633333333,-119.68959416666668,,6.606633025890208,25.476700307443128,341.1004444444444,11.968526055162434,11.14991106517979,0.41653333333333337,12.209248164522197,12.6537
2023-07-19 21:30:00,1689827101.0,8.503333333333332,5.583333333333333,8.751666666666667,29.71666666666667,16.166666666666668,32.583333333333336,17.95,35.6132705,-119.68955733333333,,1.3445036950803786,28.37216297158629,137.47055555555553,7.229383221154217,7.483342441331414,0.45748333333333335,7.619293863114752,8.757566666666666
2023-07-19 22:30:00,1689830700.8333333,3.415,2.21,3.5716666666666668,28.116666666666664,13.9,31.2,15.183333333333332,35.6132285,-119.68959183333334,,-2.0084558693273182,30.12512253599398,47.4685,3.8202647395512463,4.732883093199765,0.482925,4.59960892836785,6.3043
2023-07-19 23:30:00,1689834301.0,2.356666666666667,1.4400000000000002,2.4683333333333333,27.25,12.633333333333333,30.266666666666666,14.066666666666668,35.6132355,-119.68954466666666,,-3.976008581279786,31.226008581279785,29.772555555555556,3.05748219709948,4.195000891956249,0.48821666666666663,3.8972461332425397,5.861633333333334
2023-07-20 00:30:00,1689837901.0,3.82,2.365,4.075,26.016666666666666,14.116666666666667,28.35,16.45,35.61322466666667,-119.689607,,-3.4621096516111036,29.47877631827777,53.925666666666665,4.090038258735508,4.950243920704274,0.48090000000000005,4.9206880638615935,6.496483333333333
2023-07-20 01:30:00,1689841501.0,4.510000000000001,2.908333333333333,4.695,24.5,17.583333333333332,26.633333333333336,20.95,35.6132465,-119.68958516666667,,-1.7146075612574028,26.214607561257402,79.30083333333334,4.627194903044144,5.187378842114843,0.47745,5.479862847747514,6.560616666666667
2023-07-20 02:30:00,1689845101.0,6.095,3.84,6.364999999999999,23.366666666666664,21.633333333333336,25.25,25.83333333333333,35.61323816666667,-119.6895915,,0.194161399482902,23.172505267183762,131.8551666666667,5.587180408499496,5.900360055067701,0.469525,6.426493850629797,7.040566666666666
2023-07-20 03:30:00,1689848701.0,7.081666666666667,4.488333333333333,7.555,22.23333333333333,23.166666666666668,24.08333333333333,27.25,35.61323166666667,-119.68955233333334,,0.19170455827888033,22.041628775054452,164.05861111111113,6.19549241093851,6.3866649486836256,0.4645916666666667,7.028798671090671,7.4233
2023-07-20 04:30:00,1689852301.0,9.006666666666666,5.441666666666666,9.56,21.33333333333333,26.133333333333336,23.133333333333336,31.21666666666667,35.613205666666666,-119.68959433333332,,1.1010607112389645,20.232272622094364,235.37422222222224,7.197492770168816,7.336522442703683,0.4549666666666667,7.9703738718074115,8.172133333333333
2023-07-20 05:30:00,1689855901.0,15.418333333333337,9.2,16.296666666666667,20.816666666666663,31.4,22.65,37.53333333333333,35.61323166666667,-119.68961566666668,,3.234286291550532,17.58238037511613,484.13566666666674,8.861826619346605,9.592682507565726,0.42290833333333333,11.007303484418234,11.058533333333333
2023-07-20 06:30:00,1689859501.0,22.29833333333333,13.14,23.49666666666667,20.6,36.41666666666666,22.666666666666668,42.91666666666666,35.613228666666664,-119.68956633333332,,5.160199123377967,15.439800876622034,812.0309722222219,9.59239180106874,11.18151206258407,0.38850833333333334,13.902682170584512,14.209716666666665
2023-07-20 07:30:00,1689863101.0,23.293333333333333,13.95,24.285,22.96666666666667,34.666666666666664,26.383333333333336,37.96666666666667,35.6132215,-119.689617,,6.538134658978748,16.42853200768792,807.5022222222221,10.21806834503739,11.674066173901846,0.38353333333333334,14.525644027867058,14.875866666666667
2023-07-20 08:30:00,1689866701.0,25.085,15.736666666666666,25.83666666666667,27.166666666666668,26.316666666666663,28.9,31.066666666666663,35.613223,-119.6896105,,6.168960824573714,20.997705842092955,660.1535833333332,12.22632917361295,13.112844339803486,0.37457499999999994,16.35134508209361,16.517283333333335
2023-07-20 09:30:00,1689870301.0,23.876666666666665,15.053333333333336,24.596666666666668,30.2,22.7,30.683333333333334,28.75,35.61322083333334,-119.68961083333332,,6.576641521369173,23.623358478630827,542.0003333333333,12.631385759714048,13.124178838909927,0.38061666666666666,15.998053725269427,16.196366666666666
2023-07-20 10:30:00,1689873901.0,24.40333333333333,15.511666666666663,25.008333333333336,33.516666666666666,19.7,33.0,26.066666666666663,35.613227333333334,-119.68959283333334,,7.250329782924878,26.266336883741786,480.7456666666666,13.417247038191785,13.605015787877122,0.37798333333333334,16.441190467836474,16.725233333333332
2023-07-20 11:30:00,1689877501.0,22.19666666666667,13.93,22.831666666666667,36.46666666666667,17.05,35.26666666666667,22.9,35.613220500000004,-119.68960683333334,,7.527502390634135,28.939164276032535,378.45316666666673,13.451610047552382,13.205918504273596,0.3890166666666666,15.26074227897395,15.803016666666668
2023-07-20 12:30:00,1689881101.0,20.656666666666663,13.296666666666669,21.116666666666667,38.3,15.216666666666669,37.016666666666666,20.28333333333333,35.61326966666667,-119.68957783333332,,7.323176184463105,30.976823815536893,314.3256111111111,13.860150897981036,12.925689405238787,0.39671666666666666,14.405246446338712,15.15805
2023-07-20 13:30:00,1689884658.0,20.897142857142857,13.804285714285712,21.285714285714285,38.82857142857143,14.985714285714286,37.885714285714286,19.728571428571428,35.613267,-119.689596,,7.51722450739409,31.31134692117734,313.15861224489794,14.226389495916335,13.02435198939378,0.3955142857142857,14.575423610377985,15.302728571428574
2023-07-20 14:30:00,1689888300.6666667,18.635,12.138333333333334,18.99833333333333,39.1,13.95,39.11666666666667,17.3,35.613255333333335,-119.689583,,6.6840534872261514,32.41594651277385,259.95825,13.906649728912555,12.436794519013903,0.406825,13.223250004813313,14.21445
2023-07-20 15:30:00,1689891901.0,16.051666666666666,10.31,16.435,39.583333333333336,13.366666666666667,40.0,16.116666666666667,35.613243833333335,-119.689574,,6.440083256244944,33.14325007708839,214.55727777777778,13.477343307799625,11.702182994569185,0.4197416666666667,11.668899375371625,12.9207
2023-07-20 16:30:00,1689895501.0,14.655,9.513333333333334,14.975,39.083333333333336,12.766666666666666,40.15,15.05,35.61321683333333,-119.68959566666666,,5.386516472803624,33.69681686052971,187.0955,13.432548834781198,11.335231367284615,0.426725,10.852434990822736,12.245433333333333
2023-07-20 17:30:00,1689899101.0,15.11,9.818333333333332,15.541666666666666,37.833333333333336,13.85,39.8,16.099999999999998,35.61322283333333,-119.68958566666667,,5.587219286292851,32.246114047040486,209.27349999999998,13.187825969999214,11.360528910766117,0.42445,11.212710807253611,12.389949999999999
2023-07-20 18:30:00,1689902701.0,13.468333333333334,8.616666666666667,13.79,36.2,14.416666666666666,39.28333333333333,16.066666666666666,35.61324583333333,-119.689589,,4.880842843796986,31.319157156203016,194.16847222222222,12.569910574734557,10.794194641678242,0.4326583333333333,10.259906353440257,11.488116666666667
2023-07-20 19:30:00,1689906301.0,15.311666666666667,9.948333333333332,15.738333333333337,34.583333333333336,16.583333333333332,37.91666666666666,18.73333333333333,35.61322783333333,-119.6895815,,5.611363401676068,28.971969931657267,253.91847222222222,12.449392202164884,11.132568966949819,0.42344166666666666,11.421640607281564,12.262483333333336
2023-07-20 20:30:00,1689909901.0,19.385,12.275,20.02833333333333,31.916666666666668,20.183333333333334,35.166666666666664,23.28333333333333,35.6132465,-119.68955233333332,,6.290498616293302,25.626168050373366,391.2539166666667,12.239947308071487,12.006383102461971,0.40307499999999996,13.668118617184867,14.074616666666667
2023-07-20 21:30:00,1689913501.0,28.163333333333338,18.055000000000003,29.13166666666667,29.85,26.35,32.96666666666667,30.850000000000005,35.613162333333335,-119.689621,,8.468512778448952,21.381487221551048,742.1038333333335,13.231580382272087,14.058463632103443,0.3591833333333333,18.024430252871703,18.115183333333334
2023-07-20 22:30:00,1689917101.0,24.723333333333333,15.463333333333331,25.543333333333333,28.25,29.23333333333333,31.15,34.11666666666667,35.6131935,-119.68955466666668,,8.635799634326963,19.614200365673035,722.7454444444444,11.76456133200828,12.691728405590649,0.37638333333333335,15.828688548343438,16.081300000000002
2023-07-20 23:30:00,1689920701.0,23.575,14.768333333333333,24.445,26.73333333333333,30.366666666666664,29.133333333333336,35.93333333333334,35.61329033333333,-119.68954583333334,,7.888108715264064,18.845224618069267,715.8941666666666,11.34103348299503,12.217354875045753,0.382125,15.166958588082437,15.387833333333333
2023-07-21 00:30:00,1689924300.8333333,37.755,21.44833333333333,39.961666666666666,24.98333333333333,32.583333333333336,27.3,38.4,35.61323866666667,-119.68957783333332,,7.401306324933427,17.582027008399905,1230.1837500000001,12.809900452897352,16.35424660702825,0.311225,21.944639549003718,22.57301666666667
2023-07-21 01:30:00,1689928200.857143,25.254285714285714,15.411428571428573,26.195714285714285,23.514285714285712,34.142857142857146,25.6,40.51428571428572,35.61325614285714,-119.68959371428572,,6.797972134056398,16.716313580229315,862.2534693877552,10.925691496752783,12.334298124969362,0.3737285714285714,15.561119739755759,15.940085714285715
2023-07-21 02:30:00,1689931501.0,23.955,14.89,24.816666666666663,22.4,37.73333333333333,24.28333333333333,45.1,35.6132475,-119.68958783333332,,7.273717510682673,15.126282489317326,903.9019999999998,10.399047318600992,11.552557257038398,0.38022500000000004,14.529827961944678,14.959266666666668
2023-07-21 03:30:00,1689935101.0,24.561666666666667,15.05,25.576666666666668,21.58333333333333,39.48333333333333,23.45,46.66666666666666,35.61323466666666,-119.68956883333334,,7.208741538649479,14.37459179468385,969.7764722222221,10.199720536387339,11.553852874318011,0.37719166666666665,14.602206947283825,15.125983333333334
2023-07-21 04:30:00,1689938701.0,24.47,15.126666666666669,25.346666666666668,21.03333333333333,39.23333333333333,22.916666666666668,45.86666666666667,35.613215333333336,-119.68953583333332,,6.624280249617407,14.409053083715925,960.0396666666664,10.285335314513528,11.55212611164427,0.37765,14.587862308243727,15.099566666666668
2023-07-21 05:30:00,1689942301.0,23.82,14.223333333333334,25.111666666666665,20.48333333333333,40.516666666666666,22.15,47.81666666666666,35.613204333333336,-119.68957616666668,,6.6002646703721295,13.8830686629612,965.107,9.626236869800097,11.215483776900193,0.3809,14.15275859193294,14.652483333333333
2023-07-21 06:30:00,1689945901.0,24.70833333333333,14.605,25.97,20.4,40.2,22.33333333333333,46.46666666666667,35.613205,-119.68957783333332,,6.4113746006429935,13.988625399357005,993.2749999999999,9.764843932491857,11.523001819693153,0.37645833333333334,14.565921094603635,15.141333333333332
2023-07-21 07:30:00,1689949501.0,25.405,14.648333333333332,27.028333333333336,22.83333333333333,36.38333333333333,26.816666666666663,37.96666666666667,35.613222666666665,-119.68956266666667,,7.125312600524201,15.708020732809128,924.3185833333333,10.103569007962042,12.142944115575384,0.372975,15.389033103169933,15.828016666666667
2023-07-21 08:30:00,1689953101.0,22.615,13.965000000000002,23.481666666666666,29.2,26.616666666666664,31.45,30.433333333333334,35.6132245,-119.68959533333332,,8.06446801797147,21.13553198202853,601.9359166666666,11.551364113794731,12.319412417687563,0.386925,14.974785976719186,15.207383333333333
2023-07-21 09:30:00,1689956701.0,22.703333333333333,14.256666666666666,23.455,32.88333333333333,23.5,32.85,30.58333333333333,35.613254000000005,-119.68961966666666,,9.328501446674489,23.554831886658846,533.5283333333333,12.305416009950802,12.677479962123856,0.38648333333333335,15.228345987783372,15.518233333333335
2023-07-21 10:30:00,1689960301.0,22.613333333333333,14.041666666666666,23.328333333333333,35.983333333333334,19.75,35.2,26.08333333333333,35.61322983333333,-119.68958783333332,,9.30680987038394,26.676523462949394,446.61333333333334,12.899341907863471,13.047788866189013,0.38693333333333335,15.3475913651783,15.790183333333331
2023-07-21 11:30:00,1689963901.0,22.441666666666663,14.386666666666668,22.97666666666667,38.65,17.416666666666668,37.1,23.883333333333336,35.613228666666664,-119.689616,,9.597653858759031,29.052346141240967,390.8590277777777,13.716138005334857,13.242539225494726,0.3877916666666667,15.343091724765468,15.899249999999999
2023-07-21 12:30:00,1689967501.0,21.26333333333333,14.156666666666666,21.81833333333333,40.06666666666667,15.816666666666665,38.766666666666666,20.933333333333334,35.6132565,-119.68960450000002,,9.295238740386893,30.771427926279777,336.31505555555543,14.24192205061016,13.049056462955031,0.3936833333333334,14.788780153639038,15.422516666666667
2023-07-21 13:30:00,1689971101.0,18.74333333333333,12.733333333333334,19.136666666666667,40.583333333333336,13.733333333333334,39.91666666666666,17.266666666666666,35.61326416666667,-119.68954866666668,,7.615561449695618,32.96777188363772,257.4084444444444,14.409395672686687,12.49319643335636,0.4062833333333334,13.336922755591427,14.289199999999997
2023-07-21 14:30:00,1689974701.1666667,17.028333333333332,11.46,17.365,40.8,12.75,40.766666666666666,15.433333333333332,35.61324833333333,-119.68958283333332,,6.69769869321102,34.10230130678897,217.11124999999998,14.236938019504144,12.068782010294232,0.41485833333333333,12.27031480758225,13.480983333333334
2023-07-21 15:30:00,1689978301.0,15.083333333333334,9.98,15.371666666666668,40.583333333333336,12.016666666666666,41.23333333333333,14.016666666666666,35.6132405,-119.68957416666666,,5.671063464920472,34.912269868412864,181.25138888888887,13.917075431595013,11.546913290988783,0.42458333333333337,11.055993775057695,12.531916666666667
2023-07-21 16:30:00,1689981901.0,14.765,9.435,15.02,39.833333333333336,12.083333333333334,41.13333333333333,13.766666666666666,35.61323183333334,-119.689579,,5.173702204737054,34.65963112859628,178.4104166666667,13.569472419606038,11.441683409822978,0.42617499999999997,10.82832244311729,12.360716666666667
2023-07-21 17:30:00,1689985501.0,14.041666666666666,8.94,14.331666666666663,38.3,12.916666666666666,40.88333333333333,14.45,35.61328583333333,-119.68956866666667,,4.946566526837462,33.35343347316253,181.37152777777777,13.121431202770664,11.130196934600043,0.4297916666666666,10.482597729720545,11.91375
2023-07-21 18:30:00,1689989101.0,18.226666666666667,11.58,18.668333333333333,36.53333333333333,16.233333333333334,39.766666666666666,18.35,35.61325683333333,-119.68955883333332,,6.862997010977326,29.670336322356007,295.87955555555556,12.993749389200927,12.068517372691318,0.4088666666666667,13.002615786729315,13.808033333333334
2023-07-21 19:30:00,1689992701.0,18.906666666666663,12.133333333333333,19.45,34.78333333333333,17.98333333333333,38.15,20.23333333333333,35.61323466666667,-119.68954366666668,,6.949356242146581,27.83397709118675,340.0048888888888,12.77840226941731,12.092424215838031,0.40546666666666664,13.430565718620475,14.012883333333331
2023-07-21 20:30:00,1689996600.4285717,18.65714285714285,11.897142857142857,19.31714285714286,31.685714285714287,20.7,34.714285714285715,24.042857142857144,35.61323614285714,-119.68958171428572,,6.467590345398717,25.21812394031557,386.202857142857,12.050776926077553,11.72711565379293,0.4067142857142858,13.261796499277832,13.652214285714283
2023-07-21 21:30:00,1690000500.0,19.673333333333336,12.238333333333337,20.46333333333333,29.0,25.53333333333333,32.06666666666667,29.516666666666666,35.6132615,-119.68959666666666,,7.284601162601489,21.71539883739851,502.3257777777778,11.158898641246312,11.527388760712508,0.40163333333333334,13.52923646085539,13.7698
2023-07-21 22:30:00,1690004100.0,19.456666666666667,12.363333333333337,20.106666666666666,27.183333333333334,26.616666666666664,29.96666666666667,30.916666666666668,35.61323016666667,-119.68957766666666,,6.347705220153466,20.83562811317987,517.8716111111111,11.080200929566594,11.345588030911234,0.40271666666666667,13.376086054738444,13.56505
2023-07-21 23:30:00,1690007700.0,19.475,12.365,20.19833333333333,26.2,26.75,28.916666666666668,30.78333333333333,35.6132565,-119.68954483333331,,5.5820179434348915,20.617982056565108,520.9562500000001,11.030538195346224,11.337087626892604,0.402625,13.413905016593365,13.56325
2023-07-22 00:30:00,1690011300.0,18.505,11.69,19.216666666666665,25.46666666666667,27.116666666666664,28.21666666666667,30.95,35.6132305,-119.68959816666666,,5.152276118392508,20.31439054827416,501.7939166666666,10.698097732941685,10.999081446815612,0.40747500000000003,12.879668006430242,13.027683333333332
2023-07-22 01:30:00,1690014900.0,20.565,13.176666666666668,21.325,24.53333333333333,28.58333333333333,26.866666666666664,33.5,35.613260833333335,-119.68958033333332,,5.109956990249,19.423376343084332,587.81625,11.051569727399919,11.47856602174292,0.397175,13.882696049281016,13.974216666666667
2023-07-22 02:30:00,1690018500.0,21.69,13.648333333333332,22.421666666666667,24.133333333333336,29.73333333333333,26.516666666666666,34.46666666666667,35.6132495,-119.6895625,,5.332970015142855,18.80036331819048,644.9159999999999,10.973332617587154,11.703371341767514,0.39155,14.305476465633603,14.461466666666666
2023-07-22 03:30:00,1690022100.0,18.881666666666664,11.909999999999998,19.655,23.899999999999995,29.96666666666667,26.316666666666663,34.550000000000004,35.61321566666667,-119.68951033333332,,5.2438071914764315,18.656192808523564,565.820611111111,10.315197069694637,10.812696051007437,0.4055916666666667,12.876647445183666,12.981299999999997
2023-07-22 04:30:00,1690025700.0,18.915000000000003,11.79,19.673333333333336,23.23333333333333,31.666666666666668,24.95,38.18333333333333,35.61322716666667,-119.689556,,5.4603427741543635,17.772990559178968,598.9750000000001,9.972721729272983,10.642520447258098,0.405425,12.722648718088289,12.854133333333337
2023-07-22 05:30:00,1690029300.0,19.16333333333333,11.8,19.97,22.15,32.63333333333333,24.05,38.25,35.61324716666667,-119.689556,,4.94771315542518,17.202286844574818,625.3634444444443,9.773445635315278,10.616479504288861,0.40418333333333334,12.762352090601812,12.9011
2023-07-22 06:30:00,1690032900.0,20.89333333333333,12.643333333333333,21.82166666666667,21.816666666666663,40.3,23.366666666666664,49.11666666666667,35.613261666666666,-119.68957866666666,,7.717753307924985,14.098913358741678,842.0013333333332,9.09075480224305,10.33608927524281,0.39553333333333335,12.763797933273064,13.149033333333332
2023-07-22 07:30:00,1690036500.1666667,21.08833333333333,12.796666666666669,21.985,23.916666666666668,36.48333333333333,26.6,41.45,35.61325166666666,-119.68957,,8.124663221770255,15.792003444896412,769.3726944444443,9.64646401240712,10.801350230534183,0.3945583333333333,13.252618855923416,13.574849999999998
2023-07-22 08:30:00,1690040100.0,21.508333333333336,13.473333333333334,22.26333333333333,29.33333333333333,27.933333333333334,30.683333333333334,33.76666666666667,35.61322066666667,-119.68959683333333,,8.89170654903834,20.44162678429499,600.7994444444446,11.269505743062858,11.838425510149726,0.3924583333333333,14.276446163632764,14.520000000000003
2023-07-22 09:30:00,1690043700.0,19.28,12.14,19.905,34.65,20.73333333333333,35.300000000000004,25.53333333333333,35.6132385,-119.689589,,8.934233517046344,25.715766482953654,399.73866666666663,12.159250789412896,11.915625944899954,0.4036,13.490343885747805,13.973266666666667
2023-07-22 10:30:00,1690047300.1666667,19.5,12.221666666666666,19.953333333333333,38.6,16.033333333333335,38.15,20.15,35.6132315,-119.68959683333333,,8.3299930707657,30.2700069292343,312.65000000000003,13.235947979476343,12.482360292111837,0.4025,13.649193630579468,14.487166666666667
2023-07-22 11:30:00,1690050900.0,15.871666666666668,10.14,16.136666666666667,40.76666666666667,13.383333333333333,40.11666666666667,16.533333333333335,35.613232333333336,-119.68959533333332,,7.380020113185907,33.386646553480766,212.41580555555555,13.449681957144858,11.644913561584715,0.42064166666666664,11.48402134720179,12.825683333333334
2023-07-22 12:30:00,1690054500.1666667,16.959999999999997,11.463333333333331,17.263333333333332,41.86666666666667,13.433333333333332,41.13333333333333,16.75,35.6132475,-119.68958916666668,,8.291122142777715,33.57554452388895,227.82933333333327,14.120999748860779,11.97517725518036,0.4152,12.203682771526017,13.387366666666665
2023-07-22 13:30:00,1690058100.0,16.861666666666668,11.633333333333333,17.255,42.6,13.083333333333334,42.28333333333333,16.016666666666666,35.613236666666666,-119.68957516666669,,8.470968350043263,34.12903164995674,220.60680555555558,14.389296795397973,11.982009834382758,0.4156916666666667,12.180358595934388,13.365983333333334
2023-07-22 14:30:00,1690061700.1666667,18.59,12.57,18.94,42.18333333333333,13.616666666666667,42.43333333333334,16.5,35.61325083333333,-119.6895675,,8.738098809189346,33.445234524143984,253.13383333333334,14.429347290446417,12.45830247480897,0.40704999999999997,13.17218260865134,14.219383333333333
2023-07-22 15:30:00,1690065300.0,18.71333333333333,12.771666666666668,19.075,41.63333333333333,14.166666666666666,42.56666666666667,17.05,35.613246833333335,-119.68954483333331,,8.895101290277843,32.73823204305549,265.1055555555555,14.3793420972512,12.437948452333158,0.4064333333333333,13.285527222162434,14.236766666666668
2023-07-22 16:30:00,1690068900.1666667,18.065,12.385,18.433333333333334,40.93333333333334,13.716666666666669,42.7,15.8,35.61321783333333,-119.689542,,7.871045963791301,33.062287369542034,247.7915833333334,14.363654319858236,12.285811745396344,0.409675,12.93696870616468,13.937883333333335
2023-07-22 17:30:00,1690072500.0,16.598333333333333,10.736666666666666,16.996666666666666,39.3,13.233333333333334,42.25,14.466666666666669,35.6132285,-119.689593,,6.073854639864108,33.22614536013589,219.65127777777778,13.654193190361816,11.8848926160639,0.41700833333333337,12.01427375803371,13.2163
2023-07-22 18:30:00,1690076100.1666667,17.50166666666667,11.226666666666668,17.900000000000002,37.45,15.533333333333331,41.0,17.133333333333333,35.6132285,-119.68958533333334,,6.950093599187595,30.499906400812407,271.85922222222223,13.124929769619756,11.91927892655358,0.4124916666666667,12.579445320525938,13.490533333333335
2023-07-22 19:30:00,1690079700.0,17.298333333333332,10.68,17.90833333333333,35.61666666666667,16.95,39.25,18.85,35.61321566666667,-119.6896005,,6.7583731845764214,28.858293482090247,293.20674999999994,12.41032958503042,11.706206302514625,0.41350833333333337,12.47338402529882,13.264383333333335
2023-07-22 20:30:00,1690083300.1666667,18.99,11.881666666666666,19.76333333333333,32.95,20.95,36.21666666666667,24.33333333333333,35.61324066666666,-119.6895905,,7.686202156681848,25.263797843318155,397.84049999999996,11.953972001042544,11.803209857386719,0.40505,13.389200475871665,13.80405
2023-07-22 21:30:00,1690086900.0,29.526666666666667,20.418333333333333,30.275,30.8,23.433333333333334,34.11666666666667,26.83333333333333,35.6132215,-119.68957133333332,,7.5427892862821,23.2572107137179,691.9082222222222,14.9828828263498,14.788428356001015,0.35236666666666666,19.273592828150896,19.072033333333334
2023-07-22 22:30:00,1690090500.1666667,17.396666666666665,10.896666666666668,17.886666666666667,29.183333333333334,24.2,32.23333333333333,27.78333333333333,35.613218333333336,-119.68959033333334,,6.656293075104219,22.527040258229114,420.99933333333325,10.960518728973314,10.966945080692447,0.4130166666666667,12.348130529459425,12.699266666666666
2023-07-22 23:30:00,1690094100.0,16.333333333333332,10.333333333333334,17.166666666666668,28.83333333333333,24.0,31.83333333333333,26.83333333333333,35.613245666666664,-119.6895625,,6.24125650464745,22.59207682868588,392.0,10.835884389303654,10.660312121347577,0.41833333333333333,11.908870259888838,12.163333333333332
2023-07-23 00:30:00,1690097700.0,14.666666666666666,9.166666666666666,15.0,28.666666666666668,23.33333333333333,32.0,26.0,35.613239166666666,-119.68959683333333,,5.693337653376132,22.973329013290535,342.2222222222221,10.518251262104341,10.217186676795016,0.42666666666666664,10.902354346094361,11.353333333333333
2023-07-23 01:30:00,1690101300.0,14.5,9.166666666666666,15.333333333333334,28.166666666666668,25.166666666666668,30.666666666666668,29.5,35.613225166666666,-119.68954216666668,,6.36844048167539,21.79822618499128,364.9166666666667,10.219802419344482,9.971190882922718,0.4275,10.879150224710344,11.110833333333332
2023-07-23 02:30:00,1690104900.0,12.833333333333334,8.333333333333334,13.5,27.666666666666668,24.83333333333333,30.5,28.166666666666668,35.61323483333333,-119.689583,,5.752566763296777,21.91409990336989,318.6944444444444,10.06170207506263,9.492682412156642,0.43583333333333335,10.016112002546487,10.2725
2023-07-23 03:30:00,1690108500.0,11.333333333333334,7.0,12.0,27.5,24.666666666666668,30.166666666666668,28.33333333333333,35.613209833333336,-119.68957133333332,,5.514560577497618,21.98543942250238,279.5555555555556,9.49566513945308,9.047871577981766,0.44333333333333336,9.162790374374199,9.506666666666666
2023-07-23 04:30:00,1690112100.0,10.833333333333334,7.0,11.666666666666666,26.5,25.5,28.666666666666668,30.0,35.61319733333334,-119.68957516666669,,5.147334185950591,21.35266581404941,276.25,9.429846322969663,8.805246563354098,0.44583333333333336,8.985489879076635,9.175833333333333
2023-07-23 05:30:00,1690115700.0,11.0,6.833333333333333,11.333333333333334,26.0,25.0,28.33333333333333,28.166666666666668,35.613186500000005,-119.68957266666666,,4.439700553568766,21.560299446431234,275.0,9.351465976318423,8.909710252372331,0.445,8.926578956272216,9.305
2023-07-23 06:30:00,1690119300.0,10.333333333333334,6.333333333333333,11.166666666666666,25.166666666666668,24.5,28.166666666666668,27.83333333333333,35.61321,-119.689574,,3.4473159888188305,21.71935067784784,253.16666666666669,9.22239762593449,8.757228192900767,0.44833333333333336,8.728144650254858,9.000833333333334
2023-07-23 07:30:00,1690122900.0,11.5,7.166666666666667,12.333333333333334,27.5,24.33333333333333,31.5,26.0,35.61322833333333,-119.68959066666666,,5.31837235131613,22.18162764868387,279.83333333333326,9.635825303827293,9.134643753893242,0.4425,9.319171337023876,9.621666666666668
2023-07-23 08:30:00,1690126500.0,13.0,8.333333333333334,13.5,33.166666666666664,19.0,36.0,20.83333333333333,35.61322216666667,-119.68959783333332,,6.436505469098956,26.73016119756771,247.0,11.324282214157515,10.16327452059113,0.435,10.106964751297582,10.855
2023-07-23 09:30:00,1690130100.0,15.166666666666666,9.333333333333334,15.666666666666666,37.833333333333336,17.0,38.66666666666666,20.33333333333333,35.613218833333335,-119.68960433333332,,8.581895161036458,29.25143817229688,257.8333333333333,12.078531388652689,11.043631623945696,0.42416666666666664,11.167068900486356,12.151666666666667
2023-07-23 10:30:00,1690133700.0,15.5,10.166666666666666,16.0,40.16666666666666,15.833333333333334,40.0,20.166666666666668,35.61322083333334,-119.68958016666666,,9.390359247476344,30.776307419190314,245.41666666666669,12.933543672753583,11.270250515088922,0.4225,11.405655563321616,12.424166666666668
2023-07-23 11:30:00,1690137300.0,15.833333333333334,10.833333333333334,16.166666666666668,41.66666666666666,15.166666666666666,40.66666666666666,19.5,35.613254000000005,-119.68961216666666,,9.936756670664094,31.72990999600256,240.13888888888889,13.532682700535956,11.443794866911873,0.42083333333333334,11.586891996688014,12.654166666666669
2023-07-23 12:30:00,1690140900.0,17.5,11.5,17.833333333333332,40.333333333333336,17.5,40.5,22.33333333333333,35.61321266666667,-119.6895865,,11.022872260135467,29.31046107319787,306.25,12.98764605909276,11.710005180396855,0.4125,12.480937700267368,13.3225
2023-07-23 13:30:00,1690144500.0,17.833333333333332,12.0,18.33333333333333,40.833333333333336,18.0,41.333333333333336,22.83333333333333,35.61324883333334,-119.6895905,,11.851545472405016,28.98178786092832,321.0,13.166406523935862,11.7597089404725,0.4108333333333334,12.733809891843658,13.453333333333333
2023-07-23 14:30:00,1690147801.0,17.4,11.6,17.4,40.8,17.8,41.8,22.0,35.6132216,-119.6895784,,11.655251506642939,29.144748493357056,309.71999999999997,13.035945612500067,11.647326966985915,0.413,12.342692530304586,13.245000000000001
2023-07-23 15:30:00,1690151101.0,48.5,35.0,49.5,40.66666666666666,16.166666666666668,42.5,19.33333333333333,35.613255,-119.689617,,10.09900691798371,30.56765974868295,784.0833333333334,21.800903629936563,21.409919129071355,0.2575,31.07686787141038,29.555833333333336
2023-07-23 16:30:00,1690154701.0,11.833333333333334,7.666666666666667,12.166666666666666,39.5,15.833333333333334,42.5,17.333333333333332,35.61323933333333,-119.6895585,,8.860542209266407,30.639457790733594,187.36111111111111,12.102960874876228,10.139689221733818,0.44083333333333335,9.24781382027347,10.517500000000002
2023-07-23 17:30:00,1690158301.0,11.333333333333334,7.166666666666667,11.833333333333334,38.833333333333336,15.833333333333334,41.333333333333336,18.166666666666668,35.61322783333333,-119.68958166666664,,8.330454120049218,30.502879213284118,179.44444444444446,11.856056971619012,9.98552177263994,0.44333333333333336,8.993887484525606,10.2575
2023-07-23 18:30:00,1690161901.0,9.333333333333334,6.0,9.833333333333334,36.0,16.333333333333332,39.16666666666666,18.666666666666668,35.613232333333336,-119.68954966666666,,6.5260591320597605,29.47394086794024,152.44444444444446,7.63431813489488,7.940723790876917,0.45333333333333337,7.9582737089973605,9.175
2023-07-23 19:30:00,1690165501.0,9.666666666666666,5.833333333333333,10.0,33.833333333333336,15.666666666666666,37.333333333333336,17.166666666666668,35.61325216666666,-119.68955733333333,,4.194946590895378,29.63838674243796,151.44444444444443,7.755485884587516,8.155953486104853,0.45166666666666666,8.094696369191263,9.405
2023-07-23 20:30:00,1690169101.0,8.833333333333334,5.833333333333333,9.166666666666666,32.166666666666664,15.0,35.666666666666664,16.333333333333332,35.61324233333333,-119.68958166666664,,2.25235487236832,29.914311794298342,132.5,7.437201811045396,7.718204821210999,0.45583333333333337,7.7416213939090595,9.028333333333332
2023-07-23 21:30:00,1690172701.0,8.5,5.0,9.166666666666666,30.5,16.5,33.833333333333336,18.83333333333333,35.613265500000004,-119.6895575,,2.2597280761687712,28.24027192383123,140.25,6.9919615640402455,7.467144564134498,0.4575,7.610220901656422,8.7275
2023-07-23 22:30:00,1690176301.0,8.0,5.0,8.5,28.666666666666668,19.666666666666668,31.5,22.5,35.61320066666667,-119.68959183333334,,3.2469881934555347,25.419678473211132,157.33333333333334,6.755122021867429,7.051140560486323,0.46,7.404284694650526,8.198333333333334
2023-07-23 23:30:00,1690179901.0,8.166666666666666,5.166666666666667,8.5,27.83333333333333,19.5,30.83333333333333,21.83333333333333,35.61322966666666,-119.68957033333334,,2.4421892801219145,25.391144053211413,159.25,6.900550561022874,7.151589295730577,0.45916666666666667,7.486298800210545,8.299166666666666
2023-07-24 00:30:00,1690183501.0,7.666666666666667,5.0,8.0,27.0,20.5,30.0,23.33333333333333,35.613245,-119.68957916666666,,2.4595859939418387,24.54041400605816,157.16666666666669,6.625073451723248,6.828744752888676,0.46166666666666667,7.251008741961741,7.954166666666667
2023-07-24 01:30:00,1690187101.0,5.5,3.333333333333333,5.5,26.0,22.666666666666668,28.5,25.83333333333333,35.61326233333333,-119.689616,,3.045836612184735,22.954163387815264,124.66666666666667,5.109011284307919,5.522911194713367,0.4725,5.937515959523183,6.6433333333333335
2023-07-24 02:30:00,1690190701.0,3.1666666666666665,1.8333333333333333,3.333333333333333,26.0,22.0,29.0,25.0,35.61325083333333,-119.6895725,,2.624264353672743,23.375735646327257,69.66666666666666,3.6381994383816076,4.245618923948641,0.48416666666666663,4.708912065397779,5.486666666666666
2023-07-24 03:30:00,1690194301.0,3.0,1.8333333333333333,3.1666666666666665,26.0,21.83333333333333,28.666666666666668,24.666666666666668,35.6132365,-119.68957766666666,,2.5171057339964507,23.482894266003548,65.49999999999999,3.5735904408166705,4.159502413443812,0.485,4.6347621565787005,5.414166666666667
2023-07-24 04:30:00,1690197901.0,4.166666666666667,2.333333333333333,4.5,24.0,26.166666666666668,25.33333333333333,32.0,35.613259,-119.68960566666664,,3.391631617122258,20.608368382877742,109.02777777777779,4.180540465045091,4.626161851953061,0.47916666666666663,5.299607478888531,5.6525
2023-07-24 05:30:00,1690201501.0,4.166666666666667,2.0,4.333333333333333,22.166666666666668,29.83333333333333,24.166666666666668,36.16666666666666,35.613238,-119.689583,,3.680119042737109,18.48654762392956,124.30555555555554,3.9960327712755475,4.468507379819371,0.47916666666666663,5.173260454708889,5.340833333333334
2023-07-24 06:30:00,1690205101.0,5.333333333333333,2.6666666666666665,6.0,22.0,29.5,24.166666666666668,33.833333333333336,35.6132155,-119.68961483333334,,3.376391079696698,18.6236089203033,157.33333333333331,4.676907062798208,5.135817964680586,0.4733333333333334,5.899026622357901,5.975833333333333
2023-07-24 07:30:00,1690208701.0,4.0,2.0,4.5,23.83333333333333,26.5,27.0,29.33333333333333,35.61322716666667,-119.68957516666669,,3.4291739388977622,20.404159394435567,106.0,3.988370444481186,4.5185470043390925,0.48,5.2165938713751405,5.5375
2023-07-24 08:30:00,1690212301.0,6.166666666666667,3.333333333333333,6.166666666666667,28.0,21.5,30.666666666666668,24.33333333333333,35.61323616666667,-119.68958683333334,,3.9627698102511357,24.037230189748865,132.58333333333334,5.366754286925085,5.946204472799524,0.4691666666666666,6.18473285082926,7.089166666666667
2023-07-24 09:30:00,1690215901.0,7.333333333333333,4.333333333333333,7.666666666666667,30.83333333333333,16.666666666666668,32.0,20.166666666666668,35.6132455,-119.68957766666666,,2.6694262946295875,28.16390703870374,122.22222222222223,6.246869581727406,6.807000091642995,0.4633333333333334,6.862233358786034,8.106666666666666
2023-07-24 10:30:00,1690219501.0,7.5,4.333333333333333,7.833333333333333,32.166666666666664,15.333333333333334,33.0,18.83333333333333,35.61326716666667,-119.68957,,2.5616533993957784,29.605013267270884,115.0,6.305396076253917,6.957611613475241,0.4625,6.8691526742728115,8.306666666666667
2023-07-24 11:30:00,1690223101.0,5.5,3.0,5.666666666666667,36.5,12.166666666666666,35.333333333333336,15.166666666666666,35.61324066666667,-119.68958666666668,,2.700172637772162,33.79982736222784,66.91666666666666,4.842838349053765,5.974376274005294,0.4725,5.350916247118143,7.535833333333334
2023-07-24 12:30:00,1690226701.0,6.166666666666667,3.333333333333333,6.333333333333333,36.333333333333336,13.0,35.833333333333336,16.5,35.613261,-119.68958033333332,,3.5084591800887805,32.82487415324456,80.16666666666667,5.277361272645821,6.311676203654894,0.4691666666666666,5.789502614911305,7.811666666666667
2023-07-24 13:30:00,1690230301.0,6.166666666666667,3.333333333333333,6.5,37.16666666666666,13.333333333333334,37.16666666666666,16.666666666666668,35.61327933333333,-119.68960566666664,,4.51920659495739,32.64746007170927,82.22222222222223,5.267821132205684,6.297343978915468,0.4691666666666666,5.8257871640877905,7.783333333333333
2023-07-24 14:30:00,1690233901.0,7.666666666666667,4.5,8.5,38.0,13.333333333333334,38.16666666666666,16.666666666666668,35.61328116666667,-119.68956733333331,,5.169489459981091,32.830510540018906,102.22222222222223,6.340583167249226,7.136887584786341,0.46166666666666667,6.845552606472851,8.563333333333333
2023-07-24 15:30:00,1690237501.0,7.166666666666667,4.0,7.666666666666667,38.333333333333336,12.833333333333334,39.0,15.833333333333334,35.61325383333333,-119.6895865,,4.879503343764665,33.45382998956867,91.97222222222223,5.925089830397211,6.878538053271856,0.4641666666666666,6.394161455753607,8.345833333333333
2023-07-24 16:30:00,1690241101.0,6.166666666666667,3.1666666666666665,6.166666666666667,37.66666666666666,12.666666666666666,39.0,15.0,35.613224833333334,-119.6895815,,4.17499673308043,33.49166993358622,78.11111111111111,5.186009504317026,6.326008428394321,0.4691666666666666,5.651754815866285,7.84
2023-07-24 17:30:00,1690244701.0,6.666666666666667,3.6666666666666665,6.833333333333333,36.5,13.833333333333334,38.66666666666666,16.333333333333332,35.61326733333333,-119.68957383333333,,4.524576857262822,31.975423142737178,92.22222222222223,5.625517952596432,6.555693510429953,0.4666666666666666,6.125131230759244,8.000833333333333
2023-07-24 18:30:00,1690248301.0,6.5,4.0,6.666666666666667,34.833333333333336,15.333333333333334,37.833333333333336,17.5,35.61324166666667,-119.68956516666668,,4.683390836881897,30.149942496451438,99.66666666666667,5.71428374394255,6.397915876227993,0.4675,6.219210287168055,7.786666666666666
2023-07-24 19:30:00,1690251901.0,6.833333333333333,4.0,7.0,33.166666666666664,17.0,36.333333333333336,19.33333333333333,35.61322283333333,-119.68956133333334,,4.829893034177318,28.336773632489347,116.16666666666666,5.874967421936929,6.512819998279944,0.4658333333333334,6.469511914159557,7.818333333333333
2023-07-24 20:30:00,1690255501.0,7.333333333333333,4.5,7.833333333333333,31.0,20.0,33.666666666666664,23.33333333333333,35.6132585,-119.689569,,5.404823243067997,25.595176756932002,146.66666666666666,6.258904866514936,6.663677844248732,0.4633333333333334,6.958197237283251,7.823333333333333
2023-07-24 21:30:00,1690259101.0,11.0,6.5,11.666666666666666,28.83333333333333,23.166666666666668,32.0,26.83333333333333,35.613269333333335,-119.6896045,,5.729341755950001,23.103991577383326,254.83333333333334,9.54320978303015,9.104316896546669,0.445,8.95621111666539,9.460833333333333
2023-07-24 22:30:00,1690262701.0,10.833333333333334,6.166666666666667,11.333333333333334,27.83333333333333,27.0,30.83333333333333,30.83333333333333,35.613263499999995,-119.6895675,,7.1100929710495135,20.723240362283814,292.5,8.610172090090648,8.646022945393275,0.44583333333333336,8.662679420017467,9.048333333333334
2023-07-24 23:30:00,1690266301.0,6.0,3.333333333333333,6.666666666666667,27.0,25.83333333333333,29.83333333333333,29.5,35.61323733333333,-119.689541,,5.758857583523168,21.241142416476833,154.99999999999997,5.218183058953823,5.666602928312441,0.47,6.26374957748771,6.634166666666667
2023-07-25 00:30:00,1690269901.0,3.6666666666666665,2.333333333333333,4.166666666666667,26.0,28.0,28.5,33.166666666666664,35.613229833333335,-119.689621,,6.071725623478728,19.928274376521273,102.66666666666666,3.937815946842598,4.267486747262591,0.48166666666666663,5.069653035433474,5.236666666666666
2023-07-25 01:30:00,1690273501.0,3.0,1.8333333333333333,3.0,25.0,28.33333333333333,27.33333333333333,33.0,35.61327283333333,-119.68957266666666,,5.384593324557416,19.615406675442586,84.99999999999999,3.510787941304047,3.880024031025,0.485,4.596828609538678,4.861666666666666
2023-07-25 02:30:00,1690277101.0,2.6666666666666665,1.6666666666666667,2.833333333333333,24.166666666666668,26.33333333333333,26.83333333333333,30.166666666666668,35.61325016666667,-119.68958933333332,,3.6237711742191325,20.542895492447535,70.2222222222222,3.3631088807340896,3.779452133712475,0.48666666666666664,4.510630949341365,4.858333333333333
2023-07-25 03:30:00,1690280701.0,2.6666666666666665,1.1666666666666667,2.833333333333333,23.0,28.83333333333333,25.33333333333333,33.666666666666664,35.613231,-119.689564,,3.914540955497204,19.085459044502795,76.88888888888887,3.152185679478178,3.671960448166778,0.48666666666666664,4.426762816519059,4.645833333333334
2023-07-25 04:30:00,1690284301.0,3.333333333333333,1.6666666666666667,3.333333333333333,21.83333333333333,33.166666666666664,23.666666666666668,39.0,35.61321066666667,-119.689565,,4.903339117989865,16.929994215343463,110.55555555555554,3.501186364540473,3.8587720180524014,0.48333333333333334,4.67279092771812,4.6241666666666665
2023-07-25 05:30:00,1690287901.0,4.0,2.333333333333333,4.5,20.83333333333333,35.0,22.666666666666668,41.66666666666666,35.613231500000005,-119.68958766666668,,4.796392583130681,16.036940750202646,140.0,3.9400565332606243,4.153075273483722,0.48,5.139307406434214,4.8149999999999995
2023-07-25 06:30:00,1690291501.0,5.0,2.5,5.833333333333333,20.0,37.16666666666666,21.666666666666668,44.333333333333336,35.613233,-119.68961833333331,,4.9207652708701755,15.079234729129825,185.8333333333333,4.272571851710792,4.6196115499247,0.475,5.564958451599638,5.150833333333334
2023-07-25 07:30:00,1690295101.0,3.1666666666666665,1.8333333333333333,3.8333333333333335,22.166666666666668,34.0,24.83333333333333,37.16666666666666,35.61324233333334,-119.68957266666666,,5.553114748362177,16.61355191830449,107.66666666666666,3.4838977583742325,3.729658833329294,0.48416666666666663,4.786447714773477,4.466666666666667
2023-07-25 08:30:00,1690298701.0,2.5,1.3333333333333333,3.0,26.5,27.83333333333333,27.666666666666668,33.166666666666664,35.61321,-119.68954866666668,,6.413548750978094,20.086451249021906,69.58333333333331,3.130119075935068,3.6216744995105152,0.4875,4.411962296492029,4.644166666666667
2023-07-25 09:30:00,1690302301.0,2.0,1.0,2.1666666666666665,31.166666666666668,20.33333333333333,31.166666666666668,25.666666666666668,35.61326116666667,-119.68957916666666,,5.7806269111387625,25.386039755527904,40.66666666666666,2.7947127506630762,3.6643016875239827,0.49,3.8955746433835214,5.0216666666666665
2023-07-25 10:30:00,1690305901.0,2.0,1.0,2.0,34.0,17.5,32.833333333333336,23.666666666666668,35.613282500000004,-119.68955966666664,,5.919824385909747,28.08017561409025,35.0,2.7308331209369365,3.786125597809106,0.49,3.685555885949147,5.2625
2023-07-25 11:30:00,1690309501.0,1.6666666666666667,1.0,1.8333333333333333,36.0,15.166666666666666,34.333333333333336,20.5,35.61325133333333,-119.689594,,5.452524211993509,30.54747578800649,25.27777777777778,2.517523135804133,3.6998859252360075,0.49166666666666664,3.3995911772392606,5.2875
2023-07-25 12:30:00,1690313101.0,1.0,0.0,1.0,37.66666666666666,13.166666666666666,36.16666666666666,17.333333333333332,35.6132365,-119.68961483333334,,4.728919940222431,32.937746726444225,13.166666666666666,1.7665734257427337,3.4127487821743996,0.495,2.6728760813172405,5.110833333333334
2023-07-25 13:30:00,1690316701.0,1.0,0.0,1.0,39.333333333333336,12.0,37.833333333333336,15.5,35.61325083333333,-119.68958033333332,,4.68936222749009,34.64397110584325,12.0,1.6885181511353022,3.4629115687623915,0.495,2.5101446144718054,5.21
2023-07-25 14:30:00,1690320301.0,1.0,0.0,1.0,39.333333333333336,12.0,38.333333333333336,15.333333333333334,35.613254500000004,-119.6895815,,4.68936222749009,34.64397110584325,12.0,1.6885181511353022,3.4629115687623915,0.495,2.5101446144718054,5.21
2023-07-25 15:30:00,1690323901.0,1.0,0.0,1.0,38.16666666666666,13.5,38.66666666666666,16.833333333333332,35.613234166666665,-119.689546,,5.478580395687244,32.68808627097941,13.5,1.7703180519967971,3.3984165574349734,0.495,2.683923557914415,5.0825
2023-07-25 16:30:00,1690327501.0,1.0,0.0,1.0,38.0,13.166666666666666,39.0,16.0,35.613240166666664,-119.68956116666668,,4.988600458698759,33.011399541301245,13.166666666666666,1.760826658214393,3.4127487821743996,0.495,2.6618986448325055,5.110833333333334
2023-07-25 17:30:00,1690331281.0,2.4,1.2,2.6,36.2,14.4,38.8,16.8,35.6132378,-119.6895768,,4.8642360539142295,31.335763946085773,34.56,2.8830970466554007,4.143293582784669,0.488,3.733814974183538,5.734
2023-07-25 18:30:00,1690334701.0,3.0,2.0,3.1666666666666665,35.0,14.833333333333334,38.0,16.666666666666668,35.6132795,-119.68956883333333,,4.341029526979795,30.658970473020204,44.5,3.468991223759942,4.460479132971765,0.485,4.2079925637896505,6.009166666666666
2023-07-25 19:30:00,1690338301.0,3.333333333333333,2.0,3.6666666666666665,33.333333333333336,16.833333333333332,36.333333333333336,19.166666666666668,35.61323866666667,-119.68958033333332,,4.822648009589839,28.510685323743495,56.1111111111111,3.663277138574253,4.56105103028429,0.48333333333333334,4.550242871737743,6.012499999999999
2023-07-25 20:30:00,1690341901.0,7.5,4.833333333333333,8.166666666666666,30.83333333333333,20.0,33.666666666666664,23.33333333333333,35.61320833333333,-119.68960166666666,,5.267819792171888,25.56551354116144,150.0,6.453710984197945,6.756960467123274,0.4625,7.137994831951342,7.91
2023-07-25 21:30:00,1690345501.0,6.0,3.8333333333333335,6.333333333333333,28.166666666666668,24.0,31.166666666666668,27.83333333333333,35.6132165,-119.68959683333333,,5.6806393602136485,22.486027306453018,144.0,5.436423415037361,5.745430164379286,0.47,6.26216569883099,6.79
2023-07-25 22:30:00,1690349101.0,5.5,3.5,5.833333333333333,26.33333333333333,25.83333333333333,28.666666666666668,30.33333333333333,35.61321950000001,-119.68962083333334,,5.192806582718205,21.140526750615123,142.08333333333331,5.100465492762036,5.386755059688817,0.4725,6.0097740548414045,6.374166666666667
2023-07-25 23:30:00,1690352701.0,8.166666666666666,5.666666666666667,8.333333333333334,25.0,25.33333333333333,27.33333333333333,29.0,35.61327933333333,-119.68955233333334,,3.7816013371190236,21.218398662880976,206.88888888888883,6.9532451418762715,6.900775362790617,0.45916666666666667,7.498361596977121,7.803333333333333
2023-07-26 00:30:00,1690356301.0,6.0,4.0,6.5,24.0,24.33333333333333,26.666666666666668,27.83333333333333,35.61323866666667,-119.689555,,2.3654892814592183,21.63451071854078,145.99999999999997,5.542434742241395,5.731097939639859,0.47,6.427702118976527,6.761666666666667
2023-07-26 01:30:00,1690359901.0,3.5,2.0,4.0,24.0,25.5,26.5,29.5,35.61321,-119.6896095,,3.0260737496815637,20.973926250318435,89.25,3.8154255845547036,4.281695809933748,0.4825,5.013748359873789,5.3625
2023-07-26 02:30:00,1690363501.0,3.5,2.0,3.8333333333333335,23.0,27.83333333333333,25.0,32.666666666666664,35.61326016666666,-119.689556,,3.4127150618955007,19.5872849381045,97.41666666666666,3.7875687000653153,4.181370236757763,0.4825,4.966284207636758,5.164166666666667
2023-07-26 03:30:00,1690367101.0,3.8333333333333335,2.1666666666666665,4.166666666666667,23.0,30.5,25.0,35.833333333333336,35.6132325,-119.68955116666666,,4.717683614396244,18.282316385603757,116.91666666666667,3.915221157663923,4.253277684591436,0.48083333333333333,5.08161646894046,5.110833333333333
2023-07-26 04:30:00,1690370701.0,4.166666666666667,2.6666666666666665,4.333333333333333,22.0,34.166666666666664,24.0,40.333333333333336,35.613237,-119.6895675,,5.477189789509195,16.522810210490803,142.36111111111111,4.134592803630266,4.2821884582068295,0.47916666666666663,5.1763768255755975,4.9725
2023-07-26 05:30:00,1690374301.0,4.5,2.6666666666666665,4.833333333333333,21.0,36.66666666666666,22.666666666666668,43.66666666666666,35.613265166666665,-119.68959533333332,,5.613471227164895,15.386528772835105,164.99999999999994,4.179564432264822,4.3612620184102155,0.4775,5.279796925443672,4.933333333333334
2023-07-26 06:30:00,1690377901.0,5.0,3.0,5.833333333333333,21.0,39.833333333333336,23.0,46.66666666666666,35.61320166666667,-119.68954966666666,,6.815610892546971,14.184389107453029,199.16666666666669,4.357267979960138,4.504953752009289,0.475,5.5252032609245445,4.924166666666666
2023-07-26 07:30:00,1690381501.0,4.5,2.5,5.0,22.666666666666668,36.833333333333336,25.666666666666668,40.5,35.613202333333334,-119.68958416666668,,7.157361828638819,15.509304838027848,165.75,4.096819022013285,4.354095906040501,0.4775,5.261171429025816,4.919166666666666
2023-07-26 08:30:00,1690385101.0,2.6666666666666665,1.6666666666666667,2.6666666666666665,26.666666666666668,28.83333333333333,28.83333333333333,33.833333333333336,35.6132425,-119.68957,,7.071019427582208,19.59564723908446,76.88888888888887,3.3005017721575585,3.671960448166778,0.48666666666666664,4.392315337434024,4.645833333333334
2023-07-26 09:30:00,1690388701.0,2.0,1.1666666666666667,2.0,32.166666666666664,21.83333333333333,32.333333333333336,27.83333333333333,35.613255833333334,-119.6896275,,7.64429071336061,24.522375953306053,43.66666666666666,2.8473389322987743,3.5998066761965646,0.49,3.884163020791407,4.894166666666667
2023-07-26 10:30:00,1690392301.0,2.0,1.0,2.0,35.166666666666664,18.5,34.166666666666664,24.666666666666668,35.613233,-119.68956633333332,,7.674913498541643,27.491753168125022,37.0,2.725098754043368,3.7431289235908274,0.49,3.6901371325631427,5.1775
2023-07-26 11:30:00,1690395901.0,1.6666666666666667,1.0,2.0,36.333333333333336,17.666666666666668,35.5,23.666666666666668,35.613248,-119.68959166666669,,7.9420364197137365,28.3912969136196,29.444444444444446,2.5603445015574753,3.59239423969031,0.49166666666666664,3.560996711881172,5.074999999999999
2023-07-26 12:30:00,1690399501.0,1.0,0.3333333333333333,1.1666666666666667,38.5,16.666666666666668,37.0,22.5,35.613231000000006,-119.68956116666668,,8.823066570997831,29.67693342900217,16.666666666666668,1.9811952828487183,3.2622604224104235,0.495,2.985198644274564,4.813333333333333
2023-07-26 13:30:00,1690403101.0,1.6666666666666667,1.0,1.8333333333333333,38.5,16.0,38.0,22.0,35.613225166666666,-119.68957533333332,,8.219630852977419,30.280369147022583,26.666666666666668,2.4965592603893443,3.6640553633874418,0.49166666666666664,3.37142210788698,5.216666666666667
2023-07-26 14:30:00,1690406701.0,2.5,1.5,2.6666666666666665,39.833333333333336,15.5,39.66666666666666,19.666666666666668,35.61325766666667,-119.6895915,,8.809842477140323,31.023490856193014,38.75,3.0038155994830404,4.151966814869287,0.4875,3.7761286023204246,5.6925
2023-07-26 15:30:00,1690410301.0,3.6666666666666665,2.1666666666666665,3.6666666666666665,40.833333333333336,14.5,40.5,18.166666666666668,35.6132425,-119.68958266666664,,8.611841085964818,32.221492247368516,53.166666666666664,3.713064734888523,4.847941849209356,0.48166666666666663,4.303273130975454,6.384166666666666
2023-07-26 16:30:00,1690413901.0,5.166666666666667,3.6666666666666665,5.333333333333333,40.16666666666666,15.833333333333334,41.0,19.83333333333333,35.61325516666667,-119.68958683333334,,9.390359247476344,30.776307419190314,81.80555555555556,4.942903871424301,5.6301565561225235,0.4741666666666666,5.396320618877173,7.050833333333333
2023-07-26 17:30:00,1690417501.0,6.833333333333333,5.0,7.166666666666667,38.333333333333336,17.5,40.5,21.0,35.613257833333336,-119.68956516666668,,9.41393278672984,28.919400546603498,119.58333333333333,6.169200507221002,6.4913216611708044,0.4658333333333334,6.545050867665908,7.775833333333333
2023-07-26 18:30:00,1690421101.0,8.0,5.833333333333333,8.333333333333334,36.5,20.166666666666668,39.16666666666666,23.83333333333333,35.613257000000004,-119.68955616666666,,10.041326418622491,26.45867358137751,161.33333333333334,6.948448717591191,7.029642223377184,0.46,7.292618413410751,8.155833333333334
2023-07-26 19:30:00,1690424701.0,9.333333333333334,7.0,10.0,34.666666666666664,21.83333333333333,37.833333333333336,25.33333333333333,35.61325933333333,-119.68956766666668,,9.71705467870338,24.949611987963284,203.77777777777774,7.9004179390368305,7.704242082676384,0.45333333333333337,8.203781591589099,8.7075
2023-07-26 20:30:00,1690428301.0,1.0,0.5,1.0,32.166666666666664,14.833333333333334,35.833333333333336,15.5,35.61323616666667,-119.68962233333332,,2.095416807353392,30.071249859313273,14.833333333333334,2.099679908587384,3.341087658477268,0.495,3.0548670405517058,4.969166666666666
2023-07-26 21:30:00,1690431901.0,0.3333333333333333,0.1666666666666666,0.3333333333333333,30.0,18.666666666666668,33.166666666666664,21.33333333333333,35.613247333333334,-119.6896185,,3.5983098359647196,26.40169016403528,6.222222222222222,1.8073767277263162,2.8031365824757004,0.49833333333333335,2.9423641151039126,4.296666666666667
2023-07-26 22:30:00,1690435501.0,0.3333333333333333,0.0,0.5,28.666666666666668,20.5,32.0,23.0,35.613231000000006,-119.6895675,,3.836403616658077,24.83026305000859,6.833333333333333,1.7861636954989537,2.724309346408856,0.49833333333333335,3.0537959375709036,4.140833333333333
2023-07-26 23:30:00,1690439101.0,1.0,0.1666666666666666,1.0,27.666666666666668,21.666666666666668,30.5,24.83333333333333,35.61322966666666,-119.6895855,,3.795744702351444,23.870921964315222,21.666666666666668,2.1354746941567586,3.0472770513190293,0.495,3.3855991776725665,4.388333333333333
2023-07-27 00:30:00,1690442701.0,1.3333333333333333,0.8333333333333334,1.5,26.166666666666668,23.0,28.83333333333333,26.666666666666668,35.61324883333334,-119.68957266666666,,3.392197370287097,22.77446929637957,30.666666666666664,2.538627563062823,3.176513398110407,0.49333333333333335,3.746508605993033,4.448333333333333
2023-07-27 01:30:00,1690446301.0,1.3333333333333333,1.0,1.5,25.166666666666668,24.166666666666668,27.666666666666668,27.666666666666668,35.613255833333334,-119.689602,,3.25305479367364,21.913611872993027,32.22222222222222,2.6117039538303475,3.126350611522415,0.49333333333333335,3.809967434502389,4.349166666666667
2023-07-27 02:30:00,1690449901.0,2.0,1.0,2.0,24.33333333333333,25.83333333333333,27.166666666666668,29.83333333333333,35.613272333333335,-119.68960183333331,,3.4933342692082867,20.839999064125042,51.66666666666666,2.8653645385264976,3.4278199793234494,0.49,4.071995186152279,4.554166666666667
2023-07-27 03:30:00,1690453501.0,2.5,1.5,2.5,23.5,26.666666666666668,25.33333333333333,31.83333333333333,35.61325766666667,-119.689645,,3.2336140635347568,20.266385936465245,66.66666666666667,3.241631637311003,3.671837286098507,0.4875,4.381400707538077,4.743333333333333
2023-07-27 04:30:00,1690457101.0,2.1666666666666665,1.0,2.333333333333333,22.0,28.33333333333333,23.83333333333333,34.0,35.61326283333333,-119.68961066666668,,2.805379642204282,19.194620357795717,61.38888888888887,2.9255385550252546,3.4136109166522934,0.48916666666666664,4.221325753568609,4.428333333333334
2023-07-27 05:30:00,1690460701.0,2.6666666666666665,1.1666666666666667,2.833333333333333,21.0,29.83333333333333,22.33333333333333,36.0,35.61317833333333,-119.689593,,2.670076219209153,18.329923780790846,79.55555555555554,3.15652989101262,3.628963773948499,0.48666666666666664,4.453163725495146,4.560833333333333
2023-07-27 06:30:00,1690464301.0,3.6666666666666665,1.8333333333333333,4.333333333333333,20.0,37.66666666666666,21.0,46.0,35.613231666666664,-119.689612,,5.112838605887921,14.887161394112079,138.11111111111106,3.5722368719255435,3.8518522298192295,0.48166666666666663,4.901308915448466,4.415000000000001
2023-07-27 07:30:00,1690467901.0,3.1666666666666665,1.3333333333333333,3.5,21.166666666666668,37.0,23.83333333333333,41.66666666666666,35.61322966666666,-119.68962983333334,,5.892205795077349,15.27446087158932,117.16666666666666,3.2297764665998248,3.600668810674458,0.48416666666666663,4.546930361649046,4.211666666666667
2023-07-27 08:30:00,1690471501.0,2.833333333333333,1.8333333333333333,3.1666666666666665,26.5,26.666666666666668,28.166666666666668,31.166666666666668,35.61321516666667,-119.6895905,,5.792685411594125,20.707314588405875,75.55555555555556,3.456927662003821,3.85840253184759,0.48583333333333334,4.599096600689112,4.916666666666666
2023-07-27 09:30:00,1690475101.0,3.0,2.0,3.0,31.0,18.666666666666668,31.33333333333333,23.5,35.613248666666664,-119.68959966666668,,4.414031637347191,26.58596836265281,56.0,3.571788553889193,4.295658548468362,0.485,4.434689517325137,5.683333333333334
2023-07-27 10:30:00,1690478701.0,2.333333333333333,1.6666666666666667,2.833333333333333,34.166666666666664,15.333333333333334,33.5,19.666666666666668,35.61323616666667,-119.68958916666666,,4.153370589078166,30.0132960775885,35.77777777777777,3.0837919836750216,4.065850304364459,0.48833333333333334,3.9794662571524215,5.619999999999999
2023-07-27 11:30:00,1690482301.0,1.6666666666666667,1.0,2.0,37.0,12.333333333333334,35.333333333333336,16.0,35.613255833333334,-119.689593,,3.2791948888168845,33.72080511118312,20.555555555555557,2.4120604725355563,3.8217098355211307,0.49166666666666664,3.2017392660361566,5.528333333333333
2023-07-27 12:30:00,1690485901.0,1.6666666666666667,0.6666666666666666,1.8333333333333333,38.66666666666666,11.833333333333334,37.0,15.333333333333334,35.613254500000004,-119.68956766666666,,3.9765489608129987,34.69011770585366,19.722222222222225,2.2360969918650526,3.8432081726302703,0.49166666666666664,2.9970285089886755,5.570833333333333
2023-07-27 13:30:00,1690489501.0,1.6666666666666667,0.8333333333333334,1.8333333333333333,39.833333333333336,12.0,38.833333333333336,14.833333333333334,35.613255333333335,-119.68958033333332,,5.074146870550208,34.75918646278313,20.0,2.2850547743720186,3.836042060260557,0.49166666666666664,3.0016627386940815,5.556666666666667
2023-07-27 14:30:00,1690493101.0,2.0,1.0,2.0,40.333333333333336,12.0,39.66666666666666,14.833333333333334,35.613232,-119.68956866666667,,5.458764495548031,34.874568837785304,24.0,2.4847534237679287,4.02260730600964,0.49,3.130053636709965,5.73
2023-07-27 15:30:00,1690496701.0,2.333333333333333,1.1666666666666667,2.6666666666666665,41.0,12.0,40.833333333333336,14.5,35.61325266666667,-119.68956516666668,,5.97132837756658,35.02867162243342,27.999999999999996,2.68143090970567,4.209172551758722,0.48833333333333334,3.3846150287109893,5.903333333333333
2023-07-27 16:30:00,1690500301.0,1.8333333333333333,1.0,1.8333333333333333,41.0,11.666666666666666,41.333333333333336,13.5,35.613259666666664,-119.689578,,5.563966699936016,35.43603330006398,21.388888888888886,2.384917011635613,3.9436569078745247,0.49083333333333334,2.9932983444141197,5.671666666666667
2023-07-27 17:30:00,1690503901.0,1.8333333333333333,1.0,2.0,39.16666666666666,12.5,41.0,14.333333333333334,35.61322416666667,-119.68958383333332,,5.1470390988685955,34.01962756779806,22.916666666666664,2.4530105486013816,3.907826346025959,0.49083333333333334,3.1797615650793407,5.600833333333333
2023-07-27 18:30:00,1690507501.0,1.6666666666666667,1.0,1.8333333333333333,36.833333333333336,14.166666666666666,39.66666666666666,15.833333333333334,35.6132825,-119.68956366666669,,5.128070030727345,31.705263302605992,23.61111111111111,2.4773525346856813,3.742882599454286,0.49166666666666664,3.308606386034139,5.3725000000000005
2023-07-27 19:30:00,1690511101.0,2.0,1.1666666666666667,2.1666666666666665,34.5,16.333333333333332,37.66666666666666,18.5,35.61326016666667,-119.68962083333334,,5.32543989569545,29.17456010430455,32.666666666666664,2.768405291418139,3.836288384397098,0.49,3.691922538374137,5.361666666666666
2023-07-27 20:30:00,1690514701.0,4.0,2.333333333333333,4.5,31.5,20.166666666666668,34.833333333333336,23.33333333333333,35.61328366666667,-119.68964733333333,,5.935848531760007,25.56415146823999,80.66666666666667,4.094517031792034,4.7908592743881915,0.48,5.08966150605244,6.075833333333334
2023-07-27 21:30:00,1690518301.0,5.5,3.8333333333333335,6.0,29.166666666666668,29.5,32.0,35.333333333333336,35.61330866666667,-119.68955866666666,,9.559821313505038,19.60684535316163,162.25,5.099189897780544,5.229100587555128,0.4725,5.975186864695398,6.0625
2023-07-27 22:30:00,1690521901.0,5.166666666666667,3.0,5.333333333333333,27.5,33.166666666666664,30.166666666666668,38.833333333333336,35.613191,-119.68955716666666,,9.862188117909167,17.637811882090833,171.36111111111111,4.578265223734617,4.884880869672356,0.4741666666666666,5.54550429810198,5.577500000000001
2023-07-27 23:30:00,1690525501.0,5.333333333333333,3.333333333333333,5.5,26.666666666666668,29.83333333333333,29.5,34.166666666666664,35.613269833333334,-119.68956633333332,,7.570206284371085,19.096460382295582,159.1111111111111,4.868694830723064,5.121485739941161,0.4733333333333334,5.777855366352631,5.9475
2023-07-28 00:30:00,1690529101.0,4.833333333333333,3.0,5.0,25.5,28.33333333333333,27.666666666666668,32.666666666666664,35.613243833333335,-119.689545,,5.814051799399819,19.68594820060018,136.9444444444444,4.614231311016567,4.906132882644955,0.47583333333333333,5.577035000115725,5.8149999999999995
2023-07-28 01:30:00,1690532701.0,5.333333333333333,3.0,6.0,24.33333333333333,29.83333333333333,27.0,34.5,35.61326733333333,-119.6896185,,5.554271354749303,18.779061978584025,159.1111111111111,4.768044154746527,5.121485739941161,0.4733333333333334,5.900054209970346,5.9475
2023-07-28 02:30:00,1690536301.0,5.833333333333333,3.5,6.0,23.5,32.833333333333336,25.33333333333333,39.0,35.61325016666667,-119.68958683333334,,6.216551076932624,17.283448923067375,191.52777777777777,5.046252408276498,5.2723435859099474,0.4708333333333334,5.9742557832703795,5.952499999999999
2023-07-28 03:30:00,1690539901.0,5.5,3.0,6.166666666666667,21.666666666666668,37.5,23.0,45.333333333333336,35.6132265,-119.68955216666669,,6.53117458900834,15.135492077658327,206.25,4.597022303126751,4.885127193808897,0.4725,5.74834960426957,5.3825
2023-07-28 04:30:00,1690543501.0,7.833333333333333,5.0,8.166666666666666,21.0,37.833333333333336,23.166666666666668,43.5,35.613219666666666,-119.68958416666668,,6.066669726554635,14.933330273445364,296.36111111111114,6.0971779961719434,6.17675168931305,0.4608333333333334,6.847863850499327,6.567499999999999
2023-07-28 05:30:00,1690547101.0,7.166666666666667,4.333333333333333,7.5,20.33333333333333,41.0,21.83333333333333,49.333333333333336,35.61321,-119.68961983333332,,6.638207731794063,13.695125601539266,293.83333333333337,5.491248517269002,5.667465062790336,0.4641666666666666,6.3370018949697835,5.951666666666666
2023-07-28 06:30:00,1690550701.0,8.333333333333334,4.666666666666667,9.0,19.166666666666668,45.5,20.5,54.66666666666666,35.613232833333335,-119.68958016666666,,7.102341643449898,12.064325023216771,379.1666666666667,5.745678787264042,6.12695838892987,0.45833333333333337,6.626023805564703,6.175833333333333
2023-07-28 07:30:00,1690554301.0,7.666666666666667,4.833333333333333,8.333333333333334,21.166666666666668,38.66666666666666,24.33333333333333,41.66666666666666,35.61322533333333,-119.68958016666666,,6.531606043561751,14.635060623104916,296.4444444444444,5.939857238937323,6.047638504589944,0.46166666666666667,6.8000381039950195,6.41
2023-07-28 08:30:00,1690557901.0,6.666666666666667,4.333333333333333,6.833333333333333,25.83333333333333,25.83333333333333,27.166666666666668,30.0,35.61323733333333,-119.6895865,,4.768124095496533,21.065209237836797,172.2222222222222,5.859192033197479,6.039733419810608,0.4666666666666666,6.608555575120646,6.980833333333333
2023-07-28 09:30:00,1690561501.0,6.166666666666667,4.0,6.666666666666667,28.5,20.33333333333333,28.83333333333333,25.166666666666668,35.613229,-119.6895575,,3.5827554922523785,24.917244507747622,125.38888888888887,5.630762636067008,5.996367259387517,0.4691666666666666,6.4190956823873275,7.188333333333334
2023-07-28 10:30:00,1690565101.0,5.666666666666667,3.1666666666666665,6.166666666666667,32.333333333333336,15.833333333333334,31.5,20.0,35.613224,-119.6895955,,3.1478476825629826,29.185485650770353,89.72222222222223,5.089383388016107,5.910004424746147,0.4716666666666666,5.868499384374456,7.310833333333333
2023-07-28 11:30:00,1690568701.0,5.166666666666667,3.0,5.333333333333333,35.666666666666664,13.833333333333334,33.833333333333336,18.5,35.613246333333336,-119.68958666666668,,3.8707120436145948,31.79595462305207,71.47222222222223,4.743930474353662,5.716149904559082,0.4741666666666666,5.32581967400534,7.220833333333333
2023-07-28 12:30:00,1690572600.5714283,3.7142857142857135,2.0,4.0,37.57142857142857,13.0,35.714285714285715,17.0,35.61321271428572,-119.68957828571428,,4.472279094235635,33.09914947719294,48.28571428571428,3.691093026137325,4.939089038500929,0.4814285714285715,4.3783770358993035,6.536428571428571
2023-07-28 13:30:00,1690576500.0,3.6666666666666665,2.0,4.0,38.66666666666666,12.0,36.833333333333336,16.0,35.6132475,-119.68959016666668,,4.176056042782054,34.490610623884606,44.0,3.620926503718714,4.955433534755053,0.48166666666666663,4.251606920784367,6.596666666666667
2023-07-28 14:30:00,1690580100.0,4.0,2.0,4.166666666666667,38.16666666666666,12.166666666666666,37.833333333333336,15.833333333333334,35.61327383333333,-119.68961066666668,,3.987338562833101,34.179328103833555,48.666666666666664,3.7811199751707902,5.134832668134423,0.48,4.399668068087002,6.755833333333333
2023-07-28 15:30:00,1690583700.0,4.0,2.0,4.166666666666667,38.333333333333336,13.0,38.16666666666666,15.666666666666666,35.613235,-119.68958133333332,,5.0649008547693235,33.26843247856401,52.0,3.801753251773385,5.099002106285857,0.48,4.458446518097385,6.6850000000000005
2023-07-28 16:30:00,1690587300.0,4.333333333333333,2.333333333333333,4.5,37.833333333333336,13.333333333333334,38.333333333333336,16.0,35.6132405,-119.689612,,5.039468908764347,32.79386442456899,57.77777777777778,4.088041309965042,5.271235127295514,0.47833333333333333,4.714418342346742,6.83
2023-07-28 17:30:00,1690590900.0,4.333333333333333,2.833333333333333,4.833333333333333,35.666666666666664,14.666666666666666,38.0,17.5,35.61324416666667,-119.68958666666668,,4.706564439378353,30.96010222728831,63.55555555555555,4.33656763519801,5.213906228337809,0.47833333333333333,5.036028872627157,6.716666666666667
2023-07-28 18:30:00,1690594500.0,4.166666666666667,2.833333333333333,4.5,34.166666666666664,15.833333333333334,37.0,18.0,35.613248666666664,-119.68958016666666,,4.612230563821146,29.554436102845518,65.97222222222223,4.303743049255833,5.070460818875275,0.47916666666666663,5.0144109854791505,6.530833333333334
2023-07-28 19:30:00,1690598100.0,4.5,3.0,4.833333333333333,32.166666666666664,17.5,35.0,20.666666666666668,35.613256,-119.68959066666666,,4.438212250579651,27.72845441608701,78.75,4.5446632860808105,5.185364940927226,0.4775,5.312384218463144,6.5625
2023-07-28 20:30:00,1690601700.0,5.5,3.5,5.666666666666667,29.33333333333333,21.5,32.333333333333336,25.33333333333333,35.613229,-119.6895535,,5.069677055755464,24.263656277577866,118.25,5.14793213985627,5.573073981301359,0.4725,5.930732127420962,6.7425
2023-07-28 21:30:00,1690605300.0,10.166666666666666,6.333333333333333,10.5,27.5,27.666666666666668,30.5,32.333333333333336,35.613221,-119.6895905,,7.181993847459289,20.31800615254071,281.27777777777777,8.748623090316679,8.369700294174406,0.44916666666666666,8.351216686784651,8.645
2023-07-28 22:30:00,1690608900.0,7.5,5.166666666666667,7.666666666666667,26.5,28.666666666666668,29.0,34.0,35.61322916666666,-119.689588,,6.843095110258229,19.65690488974177,215.0,6.380877431112659,6.38432262389819,0.4625,7.002629757851551,7.173333333333334
2023-07-28 23:30:00,1690612500.0,7.166666666666667,4.5,7.5,24.83333333333333,28.5,27.0,33.666666666666664,35.6132685,-119.6895395,,5.325896854291653,19.507436479041676,204.25,6.032816442618201,6.204923490518821,0.4641666666666666,6.837314894854192,7.014166666666666
2023-07-29 00:30:00,1690616100.0,5.166666666666667,3.333333333333333,6.0,24.0,28.83333333333333,27.0,33.0,35.613245166666665,-119.68960966666668,,4.776017207774877,19.223982792225122,148.9722222222222,4.864654689834695,5.071199791284899,0.4741666666666666,5.965797238253947,5.945833333333334
2023-07-29 01:30:00,1690619700.0,6.166666666666667,4.0,6.333333333333333,24.0,29.666666666666668,26.666666666666668,34.666666666666664,35.61322083333334,-119.68960833333334,,5.185420584564978,18.81457941543502,182.94444444444446,5.452202706110961,5.59506496668358,0.4691666666666666,6.284822417963096,6.395
2023-07-29 02:30:00,1690623300.0,5.833333333333333,4.0,6.166666666666667,23.166666666666668,32.166666666666664,25.0,38.333333333333336,35.613219,-119.6895485,,5.628354295179032,17.538312371487635,187.63888888888886,5.260269212907125,5.301008035388801,0.4708333333333334,6.133071114771925,6.009166666666666
2023-07-29 03:30:00,1690626900.0,5.333333333333333,3.333333333333333,5.5,21.5,34.833333333333336,23.166666666666668,41.66666666666666,35.61321,-119.68955366666668,,5.315628922279136,16.184371077720865,185.77777777777777,4.763670098226008,4.9065023688497655,0.4733333333333334,5.719103559241027,5.522499999999999
2023-07-29 04:30:00,1690630500.0,5.333333333333333,3.1666666666666665,5.666666666666667,21.0,37.5,23.0,43.66666666666666,35.613193333333335,-119.68959066666666,,5.938459135423972,15.061540864576028,200.0,4.611376095629396,4.791844570934355,0.4733333333333334,5.639094598254329,5.2958333333333325
2023-07-29 05:30:00,1690634100.0,6.666666666666667,4.166666666666667,7.0,20.33333333333333,38.66666666666666,22.166666666666668,45.833333333333336,35.61324366666667,-119.6895765,,5.7878803020523435,14.545453031280985,257.7777777777777,5.376453483495409,5.4879427673426955,0.4666666666666666,6.251696488303234,5.890000000000001
2023-07-29 06:30:00,1690637700.0,6.666666666666667,3.6666666666666665,7.0,20.166666666666668,39.833333333333336,22.33333333333333,46.16666666666666,35.613225166666666,-119.68959033333331,,6.069254856362624,14.097411810304044,265.5555555555556,5.138857889521037,5.437779980754703,0.4666666666666666,6.11071550711241,5.7908333333333335
2023-07-29 07:30:00,1690641300.0,6.166666666666667,3.6666666666666665,6.5,22.666666666666668,34.833333333333336,26.5,36.66666666666666,35.61322666666667,-119.689612,,6.3436739278079575,16.32299273885871,214.80555555555557,5.15875846879489,5.372915483222473,0.4691666666666666,6.113964498777837,5.955833333333333
2023-07-29 08:30:00,1690644900.0,3.8333333333333335,2.5,4.166666666666667,27.5,20.166666666666668,29.0,22.166666666666668,35.6132335,-119.68959816666668,,2.6414327205655095,24.85856727943449,77.30555555555556,4.145325582440597,4.697576651513651,0.48083333333333333,5.105149029193468,5.989166666666667
2023-07-29 09:30:00,1690648500.0,4.5,2.6666666666666665,4.833333333333333,30.666666666666668,15.333333333333334,30.666666666666668,18.666666666666668,35.61323866666667,-119.68960333333332,,1.3662322871532355,29.300434379513433,69.0,4.432546901277313,5.278524401733497,0.4775,5.226218692107513,6.746666666666666
2023-07-29 10:30:00,1690652100.0,3.0,2.0,3.333333333333333,34.166666666666664,12.166666666666666,32.833333333333336,15.166666666666666,35.61327116666667,-119.68959183333334,,0.8950211739651719,33.271645492701495,36.5,3.4147015601668858,4.575136930887174,0.485,4.096572140831292,6.235833333333334
2023-07-29 11:30:00,1690655400.0,2.2,1.2,2.4,36.6,11.2,34.8,14.8,35.6132372,-119.6895904,,1.6144528743223177,34.985547125677684,24.64,2.680967233645113,4.168943792833712,0.489,3.364381459747622,5.902
2023-07-29 12:30:00,1690658701.0,2.0,1.0,2.0,38.333333333333336,11.0,36.333333333333336,13.666666666666666,35.61323466666666,-119.68956616666668,,2.6858806368029926,35.647452696530344,22.0,2.476095172276814,4.065603980227919,0.49,3.097979707751028,5.8149999999999995
2023-07-29 13:30:00,1690662301.0,2.0,1.0,2.1666666666666665,39.333333333333336,11.0,37.66666666666666,13.833333333333334,35.613241,-119.6896005,,3.4482691678483683,35.88506416548497,22.0,2.457555515960888,4.065603980227919,0.49,3.1065458815836244,5.8149999999999995
2023-07-29 14:30:00,1690665901.0,2.5,1.1666666666666667,2.6666666666666665,40.0,11.166666666666666,38.833333333333336,13.5,35.61324316666667,-119.68959433333332,,4.170633022590819,35.82936697740918,27.916666666666664,2.7368419984389876,4.338285736481829,0.4875,3.373013907586004,6.060833333333333
2023-07-29 15:30:00,1690669501.0,2.0,1.0,2.333333333333333,40.0,11.833333333333334,39.333333333333336,14.333333333333334,35.61324816666667,-119.689584,,5.001205485178334,34.99879451482167,23.666666666666668,2.4836683843292935,4.029773418379353,0.49,3.2133528357941,5.744166666666667
2023-07-29 16:30:00,1690673101.0,2.1666666666666665,1.0,2.333333333333333,39.0,11.833333333333334,39.5,14.166666666666666,35.61323166666667,-119.68957,,4.232824989298209,34.76717501070179,25.63888888888889,2.5748606236832963,4.123056041253895,0.48916666666666664,3.2845442404355287,5.8308333333333335
2023-07-29 17:30:00,1690676701.0,2.833333333333333,1.3333333333333333,2.833333333333333,37.0,13.833333333333334,38.833333333333336,16.0,35.613251166666664,-119.68959933333332,,4.916681866032259,32.083318133967744,39.19444444444444,3.0914717420214055,4.410193184315502,0.48583333333333334,3.846268709803489,6.007499999999999
2023-07-29 18:30:00,1690680301.0,4.0,2.6666666666666665,4.666666666666667,35.333333333333336,14.333333333333334,38.0,16.333333333333332,35.613232833333335,-119.68959166666669,,4.114648393411848,31.218684939921488,57.333333333333336,4.131813319813097,5.041673207328152,0.48,4.886811207165949,6.571666666666666
2023-07-29 19:30:00,1690683901.0,4.0,2.333333333333333,4.333333333333333,33.666666666666664,16.833333333333332,36.833333333333336,19.5,35.61324116666667,-119.68959416666668,,5.090739823488327,28.575926843178337,67.33333333333333,4.061280733436077,4.934181521782454,0.48,4.904733635512171,6.359166666666667
2023-07-29 20:30:00,1690687501.0,4.833333333333333,3.1666666666666665,5.166666666666667,31.0,19.83333333333333,33.833333333333336,23.33333333333333,35.613275333333334,-119.68958266666668,,5.2842261632243,25.7157738367757,95.86111111111109,4.752398135760886,5.271604613500325,0.47583333333333333,5.568877947823218,6.5375
2023-07-29 21:30:00,1690691101.0,5.333333333333333,3.5,5.5,29.0,23.83333333333333,32.0,27.666666666666668,35.61323483333333,-119.689546,,6.280148919083909,22.71985108091609,127.11111111111109,5.047376217951718,5.379465785250833,0.4733333333333334,5.857672679791468,6.4575000000000005
2023-07-29 22:30:00,1690694701.0,5.5,3.1666666666666665,6.0,27.83333333333333,28.83333333333333,30.666666666666668,33.666666666666664,35.61319183333333,-119.68955466666668,,8.074046993552065,19.759286339781262,158.58333333333331,4.881256416706003,5.25776503703398,0.4725,5.904587602726648,6.119166666666667
2023-07-29 23:30:00,1690698301.0,5.166666666666667,3.333333333333333,5.833333333333333,26.666666666666668,29.0,29.666666666666668,33.333333333333336,35.6132335,-119.6895675,,7.155268433376654,19.511398233290013,149.83333333333334,4.831277732580367,5.064033678915186,0.4741666666666666,5.862682173115757,5.931666666666667
2023-07-30 00:30:00,1690701901.0,7.5,5.0,7.833333333333333,25.666666666666668,30.166666666666668,28.5,34.833333333333336,35.613233,-119.68961466666669,,6.868528656897008,18.79813800976966,226.25,6.271070688362812,6.319827612570772,0.4625,6.9831948666099,7.045833333333333
2023-07-30 01:30:00,1690705501.0,8.833333333333334,5.833333333333333,9.333333333333334,24.666666666666668,30.5,26.5,36.0,35.613212000000004,-119.68960566666668,,6.162596240235022,18.504070426431646,269.4166666666667,7.056636846717559,7.051756370827676,0.45583333333333337,7.7073739147666815,7.710833333333333
2023-07-30 02:30:00,1690709101.0,11.333333333333334,7.5,12.0,22.83333333333333,33.5,24.666666666666668,39.5,35.6132425,-119.689541,,5.924117634122219,16.90921569921111,379.6666666666667,8.237010617080704,8.11022138332359,0.44333333333333336,8.888920931209144,8.755833333333333
2023-07-30 03:30:00,1690712701.0,8.666666666666666,5.166666666666667,9.0,21.5,35.0,23.33333333333333,40.833333333333336,35.6131955,-119.68959566666666,,5.384420964895422,16.115579035104577,303.3333333333333,6.567236824956345,6.7649887139708795,0.45666666666666667,7.326075420537575,7.241666666666667
2023-07-30 04:30:00,1690716301.0,8.833333333333334,5.5,9.166666666666666,20.666666666666668,36.16666666666666,22.5,42.0,35.613201833333335,-119.68963483333334,,5.12015257092492,15.546514095741749,319.4722222222222,6.697372875181773,6.80810855025743,0.45583333333333337,7.3968175385172525,7.229166666666668
2023-07-30 05:30:00,1690719901.0,9.5,5.666666666666667,10.0,20.0,33.166666666666664,22.5,37.16666666666666,35.613190833333334,-119.6895855,,3.2961024911747585,16.703897508825243,315.0833333333333,7.1450716923647875,7.310229064410432,0.4525,7.897854420258826,7.8308333333333335
2023-07-30 06:30:00,1690723501.0,15.0,9.166666666666666,15.833333333333334,20.0,32.333333333333336,21.666666666666668,36.66666666666666,35.613203500000004,-119.68959166666666,,2.935932755048848,17.06406724495115,485.00000000000006,8.770329052767675,9.364623268426001,0.425,10.768681058944079,10.761666666666667
2023-07-30 07:30:00,1690727101.0,9.166666666666666,5.333333333333333,9.666666666666666,21.0,29.83333333333333,24.166666666666668,31.666666666666668,35.613226833333336,-119.6895675,,2.670076219209153,18.329923780790846,273.4722222222222,7.056357785119785,7.266986066055612,0.45416666666666666,7.857780975495145,7.940833333333334
2023-07-30 08:30:00,1690730701.0,11.0,7.166666666666667,11.666666666666666,26.166666666666668,19.666666666666668,27.5,22.5,35.61322083333334,-119.6895915,,1.1909909384308375,24.97567572823583,216.33333333333334,10.628671660400562,9.475838671788587,0.445,9.228140029103212,9.758333333333333
2023-07-30 09:30:00,1690734301.0,8.333333333333334,5.5,9.0,30.5,17.166666666666668,29.83333333333333,22.5,35.613208,-119.68958666666668,,2.817726066882134,27.682273933117866,143.05555555555557,7.100776679024621,7.345197491781104,0.45833333333333337,7.626945068408536,8.584166666666667
2023-07-30 10:30:00,1690737901.0,6.666666666666667,4.166666666666667,6.666666666666667,33.333333333333336,15.0,32.166666666666664,19.83333333333333,35.613231500000005,-119.68958916666666,,3.1788171451232325,30.154516188210103,100.0,5.871287476659162,6.505530723841961,0.4666666666666666,6.315931777093936,7.901666666666666
2023-07-30 11:30:00,1690741501.0,4.5,2.6666666666666665,4.833333333333333,36.16666666666666,12.5,34.5,16.0,35.613237500000004,-119.68958,,2.823578887131983,33.34308777953468,56.25,4.294903470184191,5.40034831201862,0.4775,4.8919962514081465,6.9875
2023-07-30 12:30:00,1690745101.0,4.0,2.333333333333333,4.166666666666667,38.66666666666666,11.166666666666666,36.66666666666666,14.5,35.6132225,-119.68957883333331,,3.1528109121579693,35.51385575450869,44.666666666666664,3.8629363739799647,5.177829342352702,0.48,4.350195730114095,6.840833333333333
2023-07-30 13:30:00,1690748701.0,3.6666666666666665,2.1666666666666665,3.8333333333333335,39.0,11.666666666666666,37.833333333333336,15.166666666666666,35.61324116666666,-119.68958783333332,,4.03039737284339,34.96960262715661,42.77777777777777,3.6659433393010086,4.9697657594944795,0.48166666666666663,4.195039460085141,6.625
2023-07-30 14:30:00,1690752301.0,3.6666666666666665,2.0,4.0,39.833333333333336,12.0,38.5,15.0,35.61325083333333,-119.68956866666667,,5.074146870550208,34.75918646278313,44.0,3.5999708496425598,4.955433534755053,0.48166666666666663,4.211577572027415,6.596666666666667
2023-07-30 15:30:00,1690755901.0,3.5,2.0,3.8333333333333335,39.5,12.0,38.833333333333336,14.666666666666666,35.613236666666666,-119.6895905,,4.81764233945421,34.68235766054579,42.0,3.5329686678320185,4.862150911880512,0.4825,4.142506367199275,6.51
2023-07-30 16:30:00,1690759501.0,5.833333333333333,3.6666666666666665,5.833333333333333,38.333333333333336,12.333333333333334,39.0,15.166666666666666,35.61326366666667,-119.68956099999998,,4.310246236385494,34.02308709694784,71.94444444444444,5.2105519852544075,6.153775407384664,0.4708333333333334,5.531732640920714,7.694999999999999
2023-08-01 17:30:00,1690935901.0,50.5,32.333333333333336,52.5,34.666666666666664,11.0,37.5,12.333333333333334,35.61323933333333,-119.68953333333332,,-0.1154241141987049,34.78209078086537,555.5,19.919720599192203,22.575025831756363,0.2475,32.77380201041415,31.035000000000004
2023-08-01 18:30:00,1690939501.0,8.0,4.333333333333333,9.0,32.666666666666664,11.0,36.0,12.166666666666666,35.613247,-119.68957283333332,,-1.6473148740079468,34.31398154067461,88.0,6.4888234762327635,7.423778403711407,0.46,7.0576719158999,8.935
2023-08-01 19:30:00,1690943101.0,4.166666666666667,2.333333333333333,4.5,30.5,12.333333333333334,33.333333333333336,14.166666666666666,35.613257,-119.68959033333331,,-1.764148250611668,32.26414825061167,51.38888888888889,4.118629938688047,5.220949178639251,0.47916666666666663,4.851009274506307,6.828333333333333
2023-08-01 20:30:00,1690946701.0,7.833333333333333,4.333333333333333,8.166666666666666,26.666666666666668,15.0,28.666666666666668,17.833333333333332,35.613264,-119.6895755,,-2.126771724084674,28.79343839075134,117.5,6.535628669624812,7.15850908396375,0.4608333333333334,7.182721728593915,8.508333333333333
2023-08-01 21:30:00,1690950301.0,5.666666666666667,3.333333333333333,5.666666666666667,25.0,14.5,27.5,16.5,35.6132105,-119.6895765,,-3.911245815379668,28.91124581537967,82.16666666666667,5.264059979879757,5.967333323703852,0.4716666666666666,5.939421523271702,7.424166666666666
2023-08-01 22:30:00,1690953901.0,4.666666666666667,2.6666666666666665,4.833333333333333,24.5,12.166666666666666,27.0,14.166666666666666,35.613211166666666,-119.689579,,-6.622460501768301,31.122460501768302,56.77777777777778,4.561957397731503,5.507963159632588,0.4766666666666666,5.290943563879392,7.1025
2023-08-01 23:30:00,1690957501.0,5.333333333333333,3.1666666666666665,5.666666666666667,22.83333333333333,13.333333333333334,25.166666666666668,16.333333333333332,35.61324233333334,-119.689569,,-6.7365772640672335,29.56991059740056,71.11111111111111,5.085189593796258,5.830930864542761,0.4733333333333334,5.858485592609407,7.35
2023-08-02 00:30:00,1690961101.0,4.166666666666667,2.1666666666666665,4.166666666666667,22.0,14.166666666666666,24.166666666666668,17.0,35.613264,-119.68957516666669,,-6.606120480565653,28.606120480565654,59.02777777777778,4.229016410661422,5.142121942572407,0.47916666666666663,5.1089471796594985,6.6725
2023-08-02 01:30:00,1690964701.0,4.5,2.6666666666666665,4.666666666666667,21.666666666666668,18.33333333333333,23.0,22.33333333333333,35.61329333333333,-119.689579,,-3.4637224284321135,25.13038909509878,82.49999999999997,4.569672156509537,5.149534379078661,0.4775,5.5196647514325266,6.491666666666667
2023-08-02 02:30:00,1690968301.0,4.166666666666667,2.333333333333333,4.666666666666667,20.5,18.83333333333333,22.166666666666668,22.166666666666668,35.6132515,-119.689547,,-4.061416655936628,24.56141665593663,78.47222222222221,4.321397986586856,4.941470796220439,0.47916666666666663,5.437534582904794,6.275833333333334
2023-08-02 03:30:00,1690971901.0,4.833333333333333,2.6666666666666665,5.0,20.0,20.83333333333333,21.83333333333333,25.0,35.613232333333336,-119.689593,,-3.1232681190217404,23.12326811902174,100.69444444444441,4.70232721383276,5.228607939282046,0.47583333333333333,5.729479110847754,6.452500000000001
2023-08-02 04:30:00,1690975501.0,5.333333333333333,3.0,6.0,19.83333333333333,21.33333333333333,21.5,25.33333333333333,35.613237833333336,-119.68956366666669,,-2.9429950739878725,22.776328407321202,113.77777777777774,5.020966378530664,5.486957470796531,0.4733333333333334,6.142012796298738,6.67
2023-08-02 05:30:00,1690979101.0,6.0,3.333333333333333,6.166666666666667,18.83333333333333,24.666666666666668,19.83333333333333,30.0,35.613204333333336,-119.68959816666666,,-1.8202129536181089,20.65354628695144,148.0,5.345006961435036,5.716765714900433,0.47,6.337968667420563,6.7333333333333325
2023-08-02 06:30:00,1690982701.0,7.5,4.333333333333333,7.833333333333333,17.833333333333332,28.5,18.33333333333333,35.166666666666664,35.61321516666667,-119.68956883333334,,-0.7034480159892071,18.53678134932254,213.75,6.167414133613825,6.391488736267903,0.4625,7.089033414019587,7.1875
2023-08-02 07:30:00,1690986301.0,8.333333333333334,5.0,8.666666666666666,17.833333333333332,29.33333333333333,19.33333333333333,34.5,35.6132025,-119.6895725,,-0.3074368634209134,18.140770196754247,244.44444444444443,6.686594591682733,6.822071288792045,0.45833333333333337,7.507379965342935,7.550000000000001
2023-08-02 08:30:00,1690989901.0,8.5,5.0,8.833333333333334,22.0,27.33333333333333,22.83333333333333,33.666666666666664,35.6131815,-119.689612,,2.29912773763565,19.70087226236435,232.3333333333333,6.78605602225817,7.0013472601031435,0.4575,7.5684422287337645,7.806666666666667
2023-08-02 09:30:00,1690993501.0,7.5,4.333333333333333,8.166666666666666,25.666666666666668,21.83333333333333,25.0,28.666666666666668,35.613225166666666,-119.68958533333334,,2.2393764461457235,23.427290220520945,163.74999999999997,6.292961730979435,6.678133231056429,0.4625,7.172028300329564,7.754166666666667
2023-08-02 10:30:00,1690997101.0,7.5,4.333333333333333,7.833333333333333,28.83333333333333,18.0,27.666666666666668,24.666666666666668,35.61325133333333,-119.6895765,,2.1341910639616426,26.699142269371684,135.0,6.329274925781348,6.842953815559831,0.4625,7.012680405412702,8.08
2023-08-02 11:30:00,1691001000.7142856,7.0,4.0,7.428571428571429,33.285714285714285,14.571428571428571,31.142857142857142,20.0,35.613280571428575,-119.68957385714285,,2.7313313227279523,30.55438296298633,102.0,5.9505825207490695,6.710523115684591,0.465,6.542861814333342,8.111428571428572
2023-08-02 12:30:00,1691004900.0,7.0,4.0,7.333333333333333,35.0,13.833333333333334,32.666666666666664,19.166666666666668,35.61325633333333,-119.68956366666669,,3.347299111001897,31.652700888998105,96.83333333333334,5.919393899665873,6.7422587561790355,0.465,6.432473834734389,8.174166666666666
2023-08-02 13:30:00,1691008500.0,7.0,4.166666666666667,7.333333333333333,36.0,13.0,34.166666666666664,18.166666666666668,35.613240999999995,-119.6895815,,3.248797783568051,32.75120221643195,91.0,5.957932082241811,6.778089318027601,0.465,6.385835901389667,8.245000000000001
2023-08-02 14:30:00,1691012280.0,5.6,3.4,6.0,37.0,12.0,35.4,15.4,35.6132362,-119.6895616,,2.8914890101539026,34.108510989846096,67.19999999999999,5.024248235569196,6.0375119600997325,0.47200000000000003,5.499807996540367,7.602
2023-08-02 15:30:00,1691015700.0,6.666666666666667,3.8333333333333335,6.833333333333333,36.5,11.666666666666666,36.0,15.0,35.61323266666667,-119.68956383333334,,2.1096414618942143,34.39035853810579,77.77777777777777,5.656599717171789,6.648852971236224,0.4666666666666666,6.020642070182877,8.185
2023-08-02 16:30:00,1691019300.0,10.0,6.5,10.333333333333334,34.666666666666664,13.833333333333334,35.5,17.0,35.6132065,-119.68956983333334,,3.0854855371594168,31.581181129507247,138.33333333333334,8.15511028952186,8.421345967920779,0.45,8.294923854248184,9.734166666666667
2023-08-02 17:30:00,1691022600.6,9.0,5.8,9.2,32.4,14.0,34.6,16.6,35.6132292,-119.6895798,,1.4703945963216156,30.929605403678384,126.0,7.4989487404747255,7.8544841183038185,0.455,7.743152221819563,9.2
2023-08-02 18:30:00,1691025901.0,6.5,4.333333333333333,6.833333333333333,30.666666666666668,13.833333333333334,33.5,16.0,35.61323483333334,-119.68961333333333,,-0.06185835673838728,30.728525023405055,89.91666666666667,5.90199882157877,6.462410887555412,0.4675,6.389943528269974,7.914166666666667
2023-08-02 19:30:00,1691029501.0,4.833333333333333,3.0,5.333333333333333,29.0,13.666666666666666,31.33333333333333,15.833333333333334,35.61322016666667,-119.68959033333331,,-1.5415487960369267,30.541548796036928,66.05555555555554,4.709230443572278,5.536750771179711,0.47583333333333333,5.4585671650144905,7.0616666666666665
2023-08-02 20:30:00,1691033101.0,12.666666666666666,8.0,13.0,26.33333333333333,21.33333333333333,28.5,26.33333333333333,35.613224833333334,-119.68960433333332,,2.468159814543176,23.86517351879015,270.2222222222222,10.477513149119666,9.8128150377006,0.43666666666666665,9.973498832127849,10.483333333333334
2023-08-02 21:30:00,1691036701.0,8.0,5.166666666666667,8.166666666666666,24.5,26.83333333333333,26.666666666666668,32.166666666666664,35.6132335,-119.68958533333334,,4.176039685885009,20.32396031411499,214.66666666666663,6.65434677907621,6.742997728588659,0.46,7.30950998290336,7.589166666666667
2023-08-02 22:30:00,1691040301.0,7.0,4.0,7.0,23.166666666666668,31.0,25.166666666666668,37.0,35.61329766666667,-119.68954483333331,,5.095876627254017,18.07079003941265,217.0,5.7113793201062455,6.0041491820985815,0.465,6.54443124015582,6.715
2023-08-02 23:30:00,1691043901.0,6.666666666666667,4.0,7.0,22.0,33.0,24.166666666666668,39.0,35.61322083333334,-119.68958516666667,,4.97697357852587,17.02302642147413,220.0,5.530523631997282,5.731590587912942,0.4666666666666666,6.447379073064232,6.371666666666666
2023-08-03 00:30:00,1691047501.0,8.166666666666666,5.0,8.333333333333334,22.0,33.833333333333336,23.666666666666668,40.0,35.613236,-119.68961316666667,,5.33583122551422,16.66416877448578,276.30555555555554,6.386003646900692,6.535303631935247,0.45916666666666667,7.113787265566538,7.080833333333333
2023-08-03 01:30:00,1691051101.0,7.5,4.833333333333333,8.166666666666666,21.0,35.5,22.5,42.16666666666666,35.613253166666674,-119.689555,,5.147343202981877,15.852656797018124,266.25,6.032480273524453,6.090512016739951,0.4625,6.9024908896686945,6.5925
2023-08-03 02:30:00,1691054701.0,5.333333333333333,3.1666666666666665,5.833333333333333,20.0,36.0,22.0,42.5,35.6132455,-119.68957883333331,,4.4635522525286015,15.5364477474714,192.0,4.673993672232488,4.856339582261774,0.4733333333333334,5.760127051706953,5.423333333333334
2023-08-03 03:30:00,1691058301.0,4.5,3.0,5.0,20.0,36.0,21.33333333333333,42.5,35.61324883333334,-119.68956866666667,,4.4635522525286015,15.5364477474714,162.0,4.335114462379194,4.389926467889067,0.4775,5.42161271837362,4.99
2023-08-03 04:30:00,1691061901.0,5.333333333333333,3.5,5.666666666666667,19.166666666666668,37.333333333333336,20.166666666666668,45.5,35.61320033333333,-119.68958033333332,,4.243969695985178,14.92269697068149,199.11111111111111,4.758699810177285,4.799010683304068,0.4733333333333334,5.733262919843163,5.31
2023-08-03 05:30:00,1691065501.0,8.5,4.833333333333333,8.666666666666666,18.0,43.5,18.83333333333333,53.5,35.6132075,-119.68953316666666,,5.390574066272466,12.609425933727534,369.75,5.975078624490307,6.3062343602409685,0.4575,6.722469747226114,6.432499999999999
2023-08-03 06:30:00,1691069101.0,10.5,6.0,11.5,17.0,49.333333333333336,17.5,61.333333333333336,35.61322033333333,-119.68956633333332,,6.298819464842579,10.701180535157421,518.0,4.9520330793967595,6.1725818896917835,0.4475,7.386482949498532,6.976666666666666
2023-08-03 07:30:00,1691072701.0,9.666666666666666,5.833333333333333,10.0,17.666666666666668,47.5,18.83333333333333,57.16666666666666,35.613203,-119.68962716666664,,6.360251142726608,11.30641552394006,459.16666666666663,6.458014349077822,6.787226023489643,0.45166666666666666,7.050772244398734,6.699166666666666
2023-08-03 08:30:00,1691076301.0,7.666666666666667,4.666666666666667,8.5,22.166666666666668,36.333333333333336,22.0,45.833333333333336,35.61324366666667,-119.68959666666666,,6.514976516269396,15.651690150397272,278.5555555555556,5.97704917681145,6.147964077765927,0.46166666666666667,6.919149200469895,6.6083333333333325
2023-08-03 09:30:00,1691079901.0,7.0,4.166666666666667,7.333333333333333,26.5,27.166666666666668,25.666666666666668,37.16666666666666,35.613246833333335,-119.68958533333334,,6.061651616976855,20.438348383023147,190.16666666666669,5.872446779429664,6.168969766601984,0.465,6.715432241949081,7.0408333333333335
2023-08-03 10:30:00,1691083501.0,7.166666666666667,4.5,7.5,30.166666666666668,22.166666666666668,27.83333333333333,31.83333333333333,35.61321066666667,-119.6895855,,6.203338479553802,23.963328187112864,158.86111111111111,6.157543938529285,6.47723576056792,0.4641666666666666,6.851152371452582,7.5525
2023-08-03 11:30:00,1691087101.0,7.333333333333333,5.0,7.666666666666667,32.166666666666664,20.0,29.33333333333333,29.666666666666668,35.613231500000005,-119.68958683333334,,6.363412015388613,25.803254651278053,146.66666666666666,6.430793142643672,6.663677844248732,0.4633333333333334,6.968777183676233,7.823333333333333
2023-08-03 12:30:00,1691090701.0,7.166666666666667,5.0,7.5,34.166666666666664,18.666666666666668,31.33333333333333,27.33333333333333,35.61317716666667,-119.68963616666666,,6.993346873041901,27.173319793624763,133.7777777777778,6.356270147911591,6.627724120331896,0.4641666666666666,6.832959009109896,7.85
2023-08-03 13:30:00,1691094301.0,7.166666666666667,5.0,7.666666666666667,34.833333333333336,18.0,31.83333333333333,26.33333333333333,35.61323216666667,-119.68960066666666,,7.0033694497277805,27.829963883605554,129.0,6.354761628110843,6.6563885698107494,0.4641666666666666,6.850435192895778,7.906666666666667
2023-08-03 14:30:00,1691097901.0,7.0,4.5,7.0,35.166666666666664,17.0,33.0,24.666666666666668,35.613276166666665,-119.68956383333334,,6.439484554019378,28.727182112647284,119.0,6.101925575859663,6.606102621154486,0.465,6.5295795963847105,7.905
2023-08-03 15:30:00,1691101501.0,7.0,5.0,7.0,34.666666666666664,17.166666666666668,33.5,23.666666666666668,35.613250666666666,-119.68957516666669,,6.178774887511864,28.4878917791548,120.16666666666667,6.296411600296761,6.598936508784773,0.465,6.633104812226097,7.890833333333333
2023-08-03 16:30:00,1691105101.0,6.666666666666667,4.333333333333333,7.0,33.666666666666664,17.833333333333332,33.833333333333336,23.166666666666668,35.613236666666666,-119.6895765,,5.923476247367563,27.7431904192991,118.88888888888889,5.917093798265306,6.383706813556838,0.4666666666666666,6.495072392558626,7.660833333333334
2023-08-03 17:30:00,1691108701.0,6.333333333333333,4.0,6.833333333333333,32.166666666666664,18.5,33.166666666666664,23.166666666666668,35.613261666666666,-119.6895765,,5.235773860255558,26.930892806411105,117.16666666666666,5.670439524567509,6.1684771183289016,0.4683333333333334,6.382241110120736,7.430833333333333
2023-08-03 18:30:00,1691112301.0,7.0,4.333333333333333,7.0,30.33333333333333,18.666666666666668,32.666666666666664,22.0,35.61324833333333,-119.68956633333332,,3.870281254035086,26.463052079298244,130.66666666666669,6.092794688013702,6.534441497457355,0.465,6.661384662278486,7.763333333333334
2023-08-03 19:30:00,1691115901.0,6.5,4.0,6.833333333333333,28.83333333333333,21.666666666666668,31.0,26.166666666666668,35.613238,-119.68959533333332,,4.765416777036904,24.067916556296424,140.83333333333334,5.735184808624194,6.125603606178894,0.4675,6.511270346033245,7.248333333333333
2023-08-03 20:30:00,1691119501.0,7.0,4.5,7.5,26.33333333333333,26.5,28.5,31.666666666666668,35.613277333333336,-119.68957,,5.560086659264361,20.773246674068968,185.5,6.0209648173395,6.197634216080837,0.465,6.837396495956739,7.0975
2023-08-03 21:30:00,1691123101.0,8.166666666666666,5.166666666666667,8.666666666666666,24.33333333333333,33.166666666666664,26.33333333333333,40.0,35.61325566666667,-119.689565,,7.092736369468487,17.240596963864842,270.8611111111111,6.456422251788933,6.5639680814140995,0.45916666666666667,7.21881123449247,7.137499999999999
2023-08-03 22:30:00,1691126701.0,8.166666666666666,5.0,9.166666666666666,23.33333333333333,37.0,25.5,43.66666666666666,35.613249833333334,-119.68955466666668,,7.814753566533688,15.51857976679964,302.16666666666663,6.225126940547842,6.399147496910698,0.45916666666666667,7.150788482483548,6.811666666666666
2023-08-03 23:30:00,1691130301.0,9.0,5.833333333333333,9.666666666666666,22.33333333333333,37.5,24.0,44.833333333333336,35.613231,-119.6895725,,7.123719463103574,15.209613870229756,337.5,6.793878939142732,6.844062274174265,0.455,7.499861186606013,7.202499999999999
2023-08-04 00:30:00,1691133901.0,8.666666666666666,5.666666666666667,9.333333333333334,21.33333333333333,37.66666666666666,22.5,45.333333333333336,35.61323166666667,-119.68958416666668,,6.299221794719749,15.03411153861358,326.44444444444434,6.623074732644333,6.65033091605547,0.45666666666666667,7.356815025061529,7.015000000000001
2023-08-04 01:30:00,1691137501.0,6.666666666666667,4.166666666666667,7.0,20.0,37.66666666666666,21.166666666666668,45.333333333333336,35.6132405,-119.68959666666666,,5.112838605887921,14.887161394112079,251.11111111111106,5.422160638839322,5.5309394415609745,0.4666666666666666,6.305497582115132,5.9750000000000005
2023-08-04 02:30:00,1691141101.0,5.833333333333333,3.6666666666666665,6.166666666666667,19.33333333333333,40.0,20.5,48.333333333333336,35.613244333333334,-119.6895485,,5.382822173877573,13.950511159455756,233.33333333333331,4.876889048199955,4.964200754012283,0.4708333333333334,5.820601631927902,5.343333333333333
2023-08-04 03:30:00,1691144701.0,6.0,3.0,6.0,18.166666666666668,43.0,19.0,52.833333333333336,35.613187333333336,-119.68956383333334,,5.374769635712231,12.791897030954438,258.0,4.560506745395024,4.928493354231987,0.47,5.545208290815458,5.175
2023-08-04 04:30:00,1691148301.0,7.0,4.166666666666667,7.166666666666667,17.333333333333332,47.333333333333336,18.0,57.333333333333336,35.613196,-119.68960716666668,,6.004243172303599,11.329090161029733,331.33333333333337,5.093905509825822,5.301870169866694,0.465,5.885930581796313,5.326666666666666
2023-08-04 05:30:00,1691151901.0,5.833333333333333,3.333333333333333,6.0,17.0,49.5,17.833333333333332,60.0,35.61327883333333,-119.68957783333332,,6.347807819450159,10.652192180549841,288.75,4.356474567164258,4.555732348938633,0.4708333333333334,5.252887737500977,4.535833333333333
2023-08-04 06:30:00,1691155501.0,7.833333333333333,4.0,8.166666666666666,16.166666666666668,51.333333333333336,17.0,62.833333333333336,35.6132055,-119.68961966666666,,6.107442170637456,10.059224496029213,402.11111111111114,5.054312361040764,5.596296587366285,0.4608333333333334,5.916371447882762,5.419999999999999
2023-08-04 07:30:00,1691159101.0,8.666666666666666,5.0,9.166666666666666,17.666666666666668,48.333333333333336,19.5,55.16666666666666,35.613242,-119.6895905,,6.613197810003518,11.05346885666315,418.88888888888886,5.816164251196611,6.191699724393828,0.45666666666666667,6.576105896751909,6.108333333333333
2023-08-04 08:30:00,1691162701.0,19.0,11.833333333333334,19.83333333333333,21.83333333333333,39.66666666666666,22.5,48.833333333333336,35.6132195,-119.6896185,,7.500221217790656,14.333112115542672,753.6666666666665,8.938765444362398,9.819536284479675,0.405,12.001102804296506,12.218333333333334
2023-08-04 09:30:00,1691166301.0,21.666666666666668,13.666666666666666,22.5,25.5,32.166666666666664,24.83333333333333,43.5,35.61323433333333,-119.68960066666666,,7.663276484903439,17.836723515096562,696.9444444444445,10.709143458208366,11.437880769451134,0.39166666666666666,14.045833828250576,14.2425
2023-08-04 10:30:00,1691169901.0,20.166666666666668,13.0,20.83333333333333,29.5,25.33333333333333,27.0,36.66666666666666,35.61325933333333,-119.68960683333334,,7.592482921843904,21.907517078156097,510.8888888888888,11.627047687907044,11.700730459546579,0.39916666666666667,13.839289487675936,14.043333333333337
2023-08-04 11:30:00,1691173501.0,21.0,14.166666666666666,21.5,32.166666666666664,21.0,29.33333333333333,30.83333333333333,35.613243000000004,-119.689593,,7.074338742538297,25.09232792412837,441.0,13.038759502325245,12.417655548812082,0.395,14.612928002537467,14.844999999999999
2023-08-04 12:30:00,1691177101.0,18.5,12.166666666666666,19.0,34.0,18.166666666666668,31.166666666666668,27.0,35.613234,-119.68961983333334,,6.4623032188549745,27.537696781145026,336.08333333333337,12.840583405849468,11.947574026157579,0.4075,13.254541475314467,13.785833333333333
2023-08-04 13:30:00,1691180701.0,15.166666666666666,10.0,15.333333333333334,34.833333333333336,16.333333333333332,32.5,23.5,35.61325716666666,-119.68960583333336,,5.592361981918574,29.24097135141476,247.7222222222222,12.588639101981872,11.114397676372729,0.42416666666666664,11.29082779575998,12.208333333333332
2023-08-04 14:30:00,1691184301.0,14.333333333333334,9.166666666666666,14.833333333333334,35.0,16.333333333333332,33.0,22.666666666666668,35.6132725,-119.689602,,5.725797770159592,29.27420222984041,234.11111111111111,12.223729303590014,10.857451927882934,0.42833333333333334,10.845327354835675,11.775
2023-08-04 15:30:00,1691187901.0,13.833333333333334,9.0,14.333333333333334,34.666666666666664,17.0,33.833333333333336,23.0,35.613250666666666,-119.68957483333332,,6.037310616150313,28.62935605051635,235.16666666666669,12.071468392096582,10.632518426362022,0.43083333333333335,10.589434552829559,11.458333333333334
2023-08-04 16:30:00,1691191501.0,12.166666666666666,8.0,12.333333333333334,34.0,17.166666666666668,34.333333333333336,22.5,35.613259,-119.68958283333336,,5.641702112159151,28.35829788784085,208.86111111111111,11.732867972169998,10.100935416275671,0.43916666666666665,9.58239840234698,10.5775
2023-08-04 17:30:00,1691195101.0,15.666666666666666,10.333333333333334,16.166666666666668,32.666666666666664,19.166666666666668,34.0,23.666666666666668,35.61323766666667,-119.689612,,6.155123507065622,26.511543159601043,300.27777777777777,12.014808817228714,10.96780940265172,0.42166666666666663,11.65934535064136,12.2275
2023-08-04 18:30:00,1691198701.0,15.0,10.0,15.333333333333334,31.33333333333333,21.0,33.5,25.0,35.613257833333336,-119.689523,,6.385808207032071,24.947525126301258,315.0,11.540192834361907,10.567646159685546,0.425,11.228703012600683,11.725000000000001
2023-08-04 19:30:00,1691202301.0,15.833333333333334,10.5,16.333333333333332,29.83333333333333,23.33333333333333,32.166666666666664,28.0,35.613247333333334,-119.689593,,6.6707554866343255,23.162577846699,369.4444444444444,11.216280197705153,10.576910724680731,0.42083333333333334,11.648745187772219,11.96
2023-08-04 20:30:00,1691205901.0,19.666666666666668,12.0,20.0,27.0,27.166666666666668,29.666666666666668,32.333333333333336,35.61330916666667,-119.6895575,,6.48866045961018,20.51133954038982,534.2777777777778,10.69028961509624,11.351956366278362,0.4016666666666666,13.27520253199279,13.627500000000001
2023-08-04 21:30:00,1691209501.0,21.5,13.666666666666666,22.33333333333333,24.83333333333333,31.33333333333333,27.0,37.16666666666666,35.613246333333336,-119.68957,,6.699117452433795,18.134215880899532,673.6666666666665,10.834757291965083,11.474949185286963,0.3925,14.081057562463089,14.226666666666667
2023-08-04 22:30:00,1691213101.0,19.166666666666668,11.833333333333334,19.83333333333333,23.33333333333333,34.666666666666664,25.33333333333333,41.5,35.6132565,-119.68957283333332,,6.860894653259971,16.47243868007336,664.4444444444445,9.557834893833219,10.401670827380375,0.4041666666666666,12.51052776625027,12.73
2023-08-04 23:30:00,1691216701.0,15.833333333333334,10.0,16.666666666666668,22.0,34.666666666666664,24.0,40.5,35.61326733333333,-119.68958266666668,,5.686958632932378,16.313041367067623,548.8888888888889,8.901730175061454,9.373887833421186,0.42083333333333334,11.003955431083696,10.996666666666666
2023-08-05 00:30:00,1691220301.0,15.333333333333334,9.666666666666666,15.833333333333334,22.0,33.666666666666664,23.83333333333333,39.5,35.61325016666667,-119.68953983333334,,5.2646896824974085,16.73531031750259,516.2222222222222,8.907980430147633,9.325869462967857,0.42333333333333334,10.751793866570685,10.821666666666665
2023-08-05 01:30:00,1691223901.0,16.0,10.5,16.833333333333332,21.666666666666668,34.5,23.33333333333333,40.66666666666666,35.61324066666666,-119.68954083333334,,5.32390118379514,16.342765482871528,552.0,9.236175698547136,9.442968496225904,0.42,11.172784204136379,11.0975
2023-08-05 02:30:00,1691227501.0,16.166666666666668,10.0,16.833333333333332,21.0,36.0,22.83333333333333,42.333333333333336,35.6132615,-119.6895155,,5.348746145630848,15.651253854369152,582.0,8.632400435407654,9.335134027963042,0.41916666666666663,10.986364171783258,11.056666666666668
2023-08-05 03:30:00,1691231101.0,17.0,10.666666666666666,17.833333333333332,20.33333333333333,38.0,21.666666666666668,46.16666666666666,35.61327216666667,-119.68956766666666,,5.536601905806546,14.796731427526783,646.0,8.66567059757079,9.379781619171741,0.415,11.27662459118046,11.32
2023-08-05 04:30:00,1691234701.0,18.5,11.5,18.83333333333333,19.5,41.66666666666666,20.5,51.16666666666666,35.61319116666667,-119.68959033333331,,6.122821943217453,13.377178056782547,770.8333333333331,8.513008752822458,9.453070678104702,0.4075,11.458023084216292,11.788333333333334
2023-08-05 05:30:00,1691238301.0,19.83333333333333,12.5,20.83333333333333,19.0,46.5,20.0,56.5,35.61323933333333,-119.6895715,,7.26841778477164,11.73158221522836,922.2499999999998,8.441938288183842,9.351129995592391,0.4008333333333334,11.710441541895715,12.07083333333333
2023-08-05 06:30:00,1691241901.0,22.5,13.333333333333334,23.666666666666668,18.166666666666668,47.833333333333336,19.666666666666668,57.833333333333336,35.61321383333333,-119.689589,,6.919816712363281,11.246849954303386,1076.25,8.457090233940466,10.031824285905676,0.3875,12.594183658927427,13.344166666666666
2023-08-05 07:30:00,1691245501.0,21.5,13.0,22.5,19.666666666666668,48.0,21.5,56.16666666666666,35.6132215,-119.68957516666669,,8.344457703996742,11.322208962669926,1032.0,8.38535659058915,9.705797874611163,0.3925,12.135831009576785,12.809999999999999
2023-08-05 08:30:00,1691249101.0,22.0,13.833333333333334,22.83333333333333,24.5,37.333333333333336,25.666666666666668,46.16666666666666,35.61324183333333,-119.68960066666666,,8.982209553973385,15.517790446026615,821.3333333333334,10.113825926180839,10.992222162537553,0.39,13.641907458552852,13.976666666666667
2023-08-05 09:30:00,1691252701.0,19.5,12.333333333333334,20.166666666666668,29.33333333333333,29.0,29.166666666666668,37.833333333333336,35.6132195,-119.68959433333332,,9.44852842327123,19.8848049100621,565.5,10.754964115347322,11.105960572406063,0.4025,13.14381418845628,13.385000000000002
2023-08-05 10:30:00,1691256301.0,18.666666666666668,12.5,19.166666666666668,33.166666666666664,22.83333333333333,32.166666666666664,31.0,35.613201833333335,-119.689579,,9.137291221962737,24.029375444703927,426.2222222222222,12.141412951988181,11.503600808866313,0.4066666666666666,13.162165684483881,13.475833333333334
2023-08-05 11:30:00,1691259901.0,16.5,10.666666666666666,16.833333333333332,36.333333333333336,19.666666666666668,34.333333333333336,27.166666666666668,35.61325083333333,-119.689625,,9.530045708412347,26.80328762492099,324.5,12.065260750238616,11.171680611821245,0.4175,11.928749435852234,12.618333333333332
2023-08-05 12:30:00,1691263501.0,16.0,10.333333333333334,16.666666666666668,37.0,17.333333333333332,35.0,24.0,35.613222666666665,-119.68960316666666,,8.198826669840102,28.801173330159898,277.3333333333333,12.46537450698797,11.265194346221978,0.42,11.783300723352978,12.556666666666667
2023-08-05 13:30:00,1691267101.0,15.666666666666666,10.0,16.0,37.16666666666666,15.833333333333334,35.666666666666664,21.33333333333333,35.613218999999994,-119.68957266666666,,7.0040466829632555,30.1626199837034,248.05555555555554,12.660073795981596,11.321639664786883,0.42166666666666663,11.502179851991116,12.510833333333334
2023-08-05 14:30:00,1691270701.0,14.333333333333334,9.166666666666666,14.833333333333334,37.0,14.833333333333334,36.66666666666666,19.5,35.61324233333334,-119.68953583333332,,5.9231335865607715,31.076866413439227,212.61111111111111,12.655513537699644,11.016675545843757,0.42833333333333334,10.787004876919555,11.9025
2023-08-05 15:30:00,1691274301.0,14.333333333333334,9.166666666666666,14.666666666666666,37.0,14.833333333333334,36.833333333333336,19.166666666666668,35.613226000000004,-119.6895765,,5.9231335865607715,31.076866413439227,212.61111111111111,12.655513537699644,11.016675545843757,0.42833333333333334,10.743024376919555,11.9025
2023-08-05 16:30:00,1691278200.857143,13.285714285714286,8.857142857142858,14.0,35.857142857142854,14.428571428571429,37.0,18.0,35.613238714285714,-119.689561,,4.622350461914981,31.234792395227874,191.69387755102042,12.771170110219108,10.736623136715853,0.43357142857142855,10.329445347242133,11.392142857142858
2023-08-05 17:30:00,1691282100.0,14.666666666666666,9.833333333333334,14.666666666666666,33.833333333333336,16.5,36.16666666666666,19.666666666666668,35.613238833333334,-119.6895715,,4.937137070699933,28.896196262633403,242.0,12.526275116289774,10.942538714172095,0.42666666666666664,11.014547387094996,11.934166666666666
2023-08-05 18:30:00,1691285700.0,15.166666666666666,10.166666666666666,15.666666666666666,32.5,18.33333333333333,35.666666666666664,21.166666666666668,35.61322016666667,-119.68955883333332,,5.376524454970979,27.12347554502902,278.0555555555555,12.188219038274594,10.902099519091633,0.42416666666666664,11.434723389897796,12.038333333333334
2023-08-05 19:30:00,1691289300.0,15.0,10.0,15.833333333333334,30.83333333333333,21.166666666666668,33.333333333333336,24.83333333333333,35.61323933333333,-119.68958516666667,,6.087060339141695,24.746272994191635,317.5,11.492401847109983,10.549954646578788,0.425,11.366752734126695,11.710833333333333
2023-08-05 20:30:00,1691292900.0,18.5,11.833333333333334,19.0,27.83333333333333,25.5,30.166666666666668,30.83333333333333,35.613187833333335,-119.68960083333332,,6.277399737189206,21.555933596144122,471.75,11.11467540348117,11.169147449460226,0.4075,12.919142405696556,13.162500000000001
2023-08-05 21:30:00,1691296500.0,19.83333333333333,12.166666666666666,21.0,25.666666666666668,28.33333333333333,28.166666666666668,33.5,35.613203,-119.6895955,,5.957178588688872,19.709488077977795,561.9444444444442,10.56568707345939,11.279504924229014,0.4008333333333334,13.518632879505065,13.614999999999998
2023-08-05 22:30:00,1691300100.0,71.16666666666667,48.0,74.0,24.33333333333333,31.166666666666668,26.5,37.333333333333336,35.613269333333335,-119.68954216666668,,6.187042819236728,18.1462905140966,2218.027777777778,24.557533054875655,26.806607308385605,0.14416666666666664,40.0990417840186,40.0675
2023-08-05 23:30:00,1691303700.0,30.33333333333333,20.166666666666668,31.5,23.0,33.166666666666664,24.666666666666668,40.0,35.61324366666667,-119.68961333333334,,5.925386282833956,17.074613717166045,1006.0555555555553,13.333315308731128,14.003967475104469,0.3483333333333334,18.523248403307974,18.664166666666667
2023-08-06 00:30:00,1691307300.0,27.33333333333333,16.833333333333332,29.0,22.0,34.666666666666664,23.666666666666668,41.333333333333336,35.61325016666667,-119.6895955,,5.686958632932378,16.313041367067623,947.5555555555553,11.421973467190515,12.919739162580377,0.36333333333333334,16.742226264417027,16.976666666666663
2023-08-06 01:30:00,1691310900.0,20.666666666666668,13.166666666666666,21.166666666666668,21.33333333333333,37.66666666666666,23.0,45.16666666666666,35.61325266666667,-119.68957883333331,,6.299221794719749,15.03411153861358,778.4444444444443,9.794108984085481,10.545725938740365,0.39666666666666667,12.967665525061529,13.255000000000003
2023-08-06 02:30:00,1691314500.0,19.5,12.166666666666666,20.33333333333333,21.0,38.66666666666666,23.0,45.333333333333336,35.61325433333334,-119.6895665,,6.382881673594462,14.617118326405539,753.9999999999998,9.18434101790735,10.0798528122141,0.4025,12.357487666610872,12.563333333333334
2023-08-06 03:30:00,1691318100.0,19.83333333333333,12.666666666666666,20.5,21.0,38.5,22.666666666666668,45.833333333333336,35.6132095,-119.68960816666667,,6.320124269805725,14.679875730194276,763.5833333333331,9.493938776447724,10.200322624716776,0.4008333333333334,12.53722369821132,12.750833333333329
2023-08-06 04:30:00,1691321700.0,20.0,12.833333333333334,20.666666666666668,20.166666666666668,41.16666666666666,21.83333333333333,50.0,35.61322583333333,-119.68961083333332,,6.547430615299624,13.619236051367043,823.3333333333331,9.255700255524859,9.96864756470661,0.4,12.339958701196103,12.610833333333336
2023-08-06 05:30:00,1691325300.0,22.666666666666668,14.5,23.666666666666668,20.0,44.0,21.0,53.0,35.613208666666665,-119.689584,,7.368693699148992,12.631306300851008,997.3333333333334,9.65955431442276,10.490118237059072,0.38666666666666666,13.281895548335598,13.756666666666668
2023-08-06 06:30:00,1691328900.0,23.666666666666668,14.5,25.166666666666668,19.33333333333333,48.833333333333336,20.33333333333333,60.16666666666666,35.6131575,-119.68961216666666,,8.292926524257508,11.04040680907582,1155.7222222222224,9.021249060509376,10.285399255150844,0.38166666666666665,13.0991790368438,13.865833333333335
2023-08-06 07:30:00,1691332500.0,24.0,15.0,25.0,21.166666666666668,46.333333333333336,23.83333333333333,53.0,35.6131885,-119.68958133333332,,9.191376389628305,11.975290277038363,1112.0,9.582892098853334,10.653550251148133,0.38,13.480160811239369,14.251666666666665
2023-08-06 08:30:00,1691336100.0,22.5,14.166666666666666,23.0,26.666666666666668,35.0,27.5,43.0,35.6132115,-119.68958383333334,,9.93553007861778,16.731136588048887,787.5,10.57061253010741,11.394070795126044,0.3875,14.028521542840762,14.435000000000002
2023-08-06 09:30:00,1691339700.0,29.0,19.5,29.83333333333333,31.666666666666668,27.5,31.166666666666668,36.66666666666666,35.61321066666667,-119.6895955,,10.65150028680066,21.01516637986601,797.5,13.96987363688003,14.194365723150566,0.355,18.399950057245626,18.4525
2023-08-06 10:30:00,1691343300.0,21.33333333333333,14.333333333333334,22.166666666666668,35.166666666666664,22.33333333333333,34.166666666666664,30.83333333333333,35.61322416666667,-119.68961833333331,,10.470660355178225,24.69600631148844,476.44444444444423,12.943101918192545,12.378901743353936,0.39333333333333337,14.705431075761274,14.904999999999998
2023-08-06 11:30:00,1691346900.0,19.666666666666668,13.0,20.5,36.833333333333336,19.166666666666668,35.0,26.666666666666668,35.613229,-119.68954966666666,,9.55426942625327,27.279063907080065,376.9444444444445,13.035177158489336,12.201148995402747,0.4016666666666666,13.889074755874843,14.307500000000001
2023-08-06 12:30:00,1691350500.0,20.0,13.166666666666666,20.5,37.0,18.33333333333333,36.0,24.83333333333333,35.613226,-119.6895995,,9.028555589424414,27.971444410575586,366.6666666666666,13.237081744267156,12.392384860332456,0.4,14.015155510714582,14.551666666666666
2023-08-06 13:30:00,1691354100.0,20.0,13.666666666666666,20.5,38.0,17.833333333333332,37.5,23.666666666666668,35.613231166666665,-119.68958416666663,,9.426161629320802,28.573838370679198,356.66666666666663,13.723985919850906,12.44545939965273,0.4,14.094184407718862,14.594166666666666
2023-08-06 14:30:00,1691357700.0,19.33333333333333,13.0,19.83333333333333,38.16666666666666,17.5,38.333333333333336,22.666666666666668,35.61325133333333,-119.68960583333336,,9.279748436825432,28.886918229841225,338.33333333333326,13.498378893158069,12.275285827074406,0.4033333333333334,13.683809379603105,14.275833333333331
2023-08-06 15:30:00,1691361300.0,19.666666666666668,13.333333333333334,20.33333333333333,37.66666666666666,16.5,38.0,20.83333333333333,35.6132475,-119.68957533333332,,8.007856412252805,29.65881025441385,324.5,13.839569343784762,12.484213205110875,0.4016666666666666,13.987280609918063,14.534166666666668
2023-08-06 16:30:00,1691364600.0,18.4,12.4,18.6,37.0,17.4,38.6,20.8,35.613268399999995,-119.6895768,,8.255439397577206,28.744560602422794,320.15999999999997,13.293110429759789,11.998121496629889,0.408,13.1119302941331,13.799
2023-08-08 17:30:00,1691540701.0,7.5,5.0,7.5,34.0,14.0,37.16666666666666,15.5,35.61323933333333,-119.68956766666668,,2.730507589106485,31.269492410893516,105.0,6.527782369676681,7.014940512432947,0.4625,6.7919960426031984,8.42
2023-08-08 18:30:00,1691544301.0,6.5,4.166666666666667,7.0,32.5,13.833333333333334,35.833333333333336,15.166666666666666,35.61324366666667,-119.68956916666666,,1.3819545520192267,31.118045447980773,89.91666666666667,5.808898597746813,6.462410887555412,0.4675,6.347344402296602,7.914166666666667
2023-08-08 19:30:00,1691547901.0,7.666666666666667,5.166666666666667,8.166666666666666,30.5,17.5,33.166666666666664,20.666666666666668,35.613254500000004,-119.68957016666668,,3.0895661699712984,27.4104338300287,134.16666666666669,6.694276561192238,6.957734775543512,0.46166666666666667,7.223841210671032,8.209166666666667
2023-08-08 20:30:00,1691551501.0,8.333333333333334,5.833333333333333,8.5,27.0,24.0,29.166666666666668,28.666666666666668,35.61326483333333,-119.68958666666668,,4.699009618481591,22.30099038151841,200.0,7.100972413813857,7.051386884622865,0.45833333333333337,7.585695657234018,8.003333333333334
2023-08-08 21:30:00,1691555101.0,8.5,5.666666666666667,9.0,24.83333333333333,26.5,27.166666666666668,31.0,35.6132055,-119.68956883333334,,4.281904992923118,20.55142834041021,225.25,7.037614504664092,7.037177821951708,0.4575,7.694101049193574,7.8774999999999995
2023-08-08 22:30:00,1691558701.0,8.666666666666666,5.833333333333333,9.0,24.0,27.0,26.166666666666668,31.0,35.61325,-119.68955616666666,,3.8371620106147195,20.16283798938528,233.99999999999997,7.152282301765103,7.108962107717111,0.45666666666666667,7.748895804214716,7.921666666666667
2023-08-08 23:30:00,1691562301.0,8.666666666666666,5.5,8.833333333333334,23.0,27.33333333333333,25.5,31.666666666666668,35.613242500000005,-119.68958016666666,,3.155790964826699,19.8442090351733,236.88888888888883,7.0246442316053885,7.094629882977685,0.45666666666666667,7.657358608326223,7.8933333333333335
2023-08-09 00:30:00,1691565901.0,9.0,6.0,9.333333333333334,23.0,27.83333333333333,25.0,32.5,35.613226,-119.6896005,,3.4127150618955007,19.5872849381045,250.49999999999994,7.314746117263576,7.259696791617627,0.455,7.904811290970092,8.024166666666666
2023-08-09 01:30:00,1691569501.0,9.0,6.0,9.166666666666666,22.33333333333333,28.166666666666668,24.666666666666668,32.833333333333336,35.61324416666667,-119.68957,,3.008707927765786,19.32462540556754,253.5,7.307663340627528,7.245364566878202,0.455,7.861466355677997,7.995833333333333
2023-08-09 02:30:00,1691573101.0,9.333333333333334,6.0,9.5,21.5,31.83333333333333,23.166666666666668,38.333333333333336,35.61324033333333,-119.689594,,4.024782277743056,17.475217722256943,297.1111111111111,7.265254698599394,7.274275340493595,0.45333333333333337,7.843903569466104,7.8575
2023-08-09 03:30:00,1691576701.0,10.166666666666666,6.833333333333333,11.166666666666666,20.166666666666668,36.333333333333336,21.0,44.16666666666666,35.6131955,-119.68961066666668,,4.743223281775257,15.42344338489141,369.3888888888889,7.503311424163288,7.449741612622989,0.44916666666666666,8.29407544980785,7.908333333333332
2023-08-09 04:30:00,1691580301.0,11.333333333333334,7.333333333333333,12.166666666666666,19.33333333333333,41.0,21.0,48.5,35.613221,-119.68955216666666,,5.739294353936967,13.594038979396363,464.6666666666667,6.935120619960586,7.31410329351948,0.44333333333333336,8.450918481727161,8.118333333333332
2023-08-09 05:30:00,1691583901.0,10.5,6.666666666666667,11.0,20.0,39.0,21.0,46.0,35.61324366666667,-119.689616,,5.614226835482823,14.385773164517177,409.5,6.9189915245829345,7.26945570231078,0.4475,8.0851285435742,7.8549999999999995
2023-08-09 06:30:00,1691587501.0,10.666666666666666,6.666666666666667,11.5,19.166666666666668,39.16666666666666,20.666666666666668,46.66666666666666,35.613252,-119.68963233333334,,4.930632223040066,14.236034443626602,417.77777777777766,6.847494748795187,7.303153338901982,0.44666666666666666,8.234547162863006,7.9275
2023-08-09 07:30:00,1691591101.0,11.0,7.0,11.666666666666666,19.83333333333333,40.333333333333336,21.83333333333333,46.5,35.61322666666667,-119.68958283333332,,5.951158236223882,13.882175097109446,443.6666666666667,6.864830581829573,7.282091046550594,0.445,8.273865643668183,8.001666666666667
2023-08-09 08:30:00,1691594701.0,11.333333333333334,7.166666666666667,12.0,24.0,32.666666666666664,25.33333333333333,38.333333333333336,35.61325266666667,-119.689598,,6.579681836700234,17.420318163299765,370.22222222222223,8.160271360957921,8.198678948857381,0.44333333333333336,8.860980742209534,8.826666666666666
2023-08-09 09:30:00,1691598301.0,9.833333333333334,6.333333333333333,10.333333333333334,28.666666666666668,24.0,28.33333333333333,30.83333333333333,35.613217166666665,-119.68957533333332,,6.101123626035551,22.565543040631116,236.0,7.84549386058967,7.890930490493736,0.45083333333333336,8.361139935261884,8.783333333333335
2023-08-09 10:30:00,1691601901.0,9.0,6.0,9.5,31.666666666666668,19.83333333333333,30.0,27.0,35.61322916666666,-119.68959666666666,,5.8315522913194355,25.83511437534723,178.49999999999994,7.489102110371988,7.603670185363859,0.455,7.941884548155123,8.704166666666666
2023-08-09 11:30:00,1691605501.0,9.666666666666666,6.333333333333333,9.833333333333334,33.666666666666664,19.0,31.5,27.0,35.61323816666667,-119.68960566666664,,6.844366215497114,26.82230045116955,183.66666666666666,7.877698693024044,8.01263123871059,0.45166666666666666,8.160595707189671,9.121666666666666
2023-08-09 12:30:00,1691609101.0,10.0,6.833333333333333,10.166666666666666,35.333333333333336,17.5,33.333333333333336,24.33333333333333,35.61325183333333,-119.6895905,,6.996113426548957,28.337219906784377,175.0,8.214009179294813,8.263691495787091,0.45,8.350869400099802,9.4225
2023-08-09 13:30:00,1691612701.0,9.166666666666666,6.0,10.0,37.333333333333336,16.5,35.166666666666664,23.33333333333333,35.6132185,-119.68959566666666,,7.741188952584137,29.592144380749197,151.25,7.541393898766227,7.840275055632663,0.45416666666666666,7.932055275059997,9.074166666666667
2023-08-09 14:30:00,1691616301.0,10.0,6.666666666666667,10.333333333333334,38.16666666666666,15.0,36.333333333333336,20.666666666666668,35.613235833333334,-119.689565,,7.007948972094497,31.15871769457216,150.0,8.149081333440929,8.371183181332789,0.45,8.246218571981215,9.635
2023-08-09 15:30:00,1691619901.0,10.833333333333334,7.0,11.0,38.66666666666666,14.333333333333334,37.16666666666666,19.5,35.613186500000005,-119.6896335,,6.738927912030101,31.927738754636557,155.2777777777778,12.248243521591,9.990577941506885,0.44583333333333336,8.618386143903814,10.125
2023-08-09 16:30:00,1691623501.0,10.666666666666666,7.0,11.166666666666666,37.66666666666666,15.333333333333334,37.16666666666666,20.0,35.61326016666666,-119.68958283333332,,6.932903538695681,30.733763127970974,163.55555555555554,11.994093827058716,9.833039713168375,0.44666666666666666,8.682325464340044,9.953333333333333
2023-08-09 17:30:00,1691627041.0,9.8,6.8,10.2,35.0,17.2,36.4,21.6,35.6131958,-119.6895844,,6.475419936226213,28.524580063773787,168.56,8.130022269379905,8.164651350603126,0.451,8.323052453554963,9.344000000000001
2023-08-09 18:30:00,1691630701.0,8.0,5.0,8.333333333333334,31.166666666666668,21.0,33.5,25.33333333333333,35.613234166666665,-119.68958033333332,,6.248056489137741,24.918610177528926,168.0,6.689831507901884,6.9938116615286186,0.46,7.287111583310556,8.085
2023-08-09 19:30:00,1691634301.0,7.5,5.0,7.833333333333333,28.83333333333333,22.0,31.166666666666668,25.666666666666668,35.6132445,-119.68958666666668,,4.984609613036643,23.848723720296686,165.0,6.4982325244349175,6.670967118686716,0.4625,7.117254670555821,7.74
2023-08-09 20:30:00,1691637901.0,7.0,4.333333333333333,7.166666666666667,26.666666666666668,24.83333333333333,29.0,29.5,35.613243833333335,-119.689597,,4.907620062546237,21.75904660412043,173.83333333333331,6.004421811818714,6.269295339777968,0.465,6.751107916982079,7.239166666666668
2023-08-09 21:30:00,1691641501.0,7.0,4.833333333333333,7.166666666666667,25.33333333333333,28.166666666666668,27.666666666666668,33.166666666666664,35.6132125,-119.68956883333334,,5.585695196076972,19.747638137256356,197.16666666666669,6.103321750536488,6.125973092383705,0.465,6.7822206024422345,6.955833333333333
2023-08-09 22:30:00,1691645101.0,8.0,5.333333333333333,8.5,24.33333333333333,31.33333333333333,26.666666666666668,37.16666666666666,35.61331966666666,-119.68955733333333,,6.264449257127915,18.068884076205414,250.66666666666663,6.540703019882807,6.549512694606404,0.46,7.26302614396345,7.206666666666667
2023-08-09 23:30:00,1691648701.0,8.166666666666666,5.5,8.833333333333334,24.0,31.166666666666668,26.5,35.666666666666664,35.613217,-119.68958916666666,,5.897382812850465,18.102617187149534,254.52777777777777,6.672638587714516,6.6499614298506575,0.45916666666666667,7.414715987686783,7.307499999999999
2023-08-10 00:30:00,1691652301.0,8.666666666666666,5.833333333333333,9.0,23.33333333333333,35.666666666666664,25.5,42.333333333333336,35.6132165,-119.68962116666668,,7.276428514030914,16.056904819302414,309.1111111111111,6.768479500106609,6.736324264492028,0.45666666666666667,7.372922846127822,7.1850000000000005
2023-08-10 01:30:00,1691655901.0,8.833333333333334,5.833333333333333,9.333333333333334,23.0,38.333333333333336,25.0,45.16666666666666,35.613229,-119.68957016666668,,8.03932917217697,14.96067082782303,338.61111111111114,6.690853354422066,6.714949089451158,0.45583333333333337,7.336506848919884,7.045
2023-08-10 02:30:00,1691659501.0,8.833333333333334,5.833333333333333,9.333333333333334,23.0,38.833333333333336,25.0,45.833333333333336,35.613241333333335,-119.68960316666666,,8.23030503336873,14.76969496663127,343.0277777777778,6.6647590994537165,6.693450752342019,0.45583333333333337,7.307588380866154,7.0024999999999995
2023-08-10 03:30:00,1691663101.0,9.166666666666666,6.0,9.5,22.166666666666668,40.0,24.0,48.16666666666666,35.61321933333333,-119.68961583333332,,7.921496527213161,14.245170139453506,366.66666666666663,6.7772853842359275,6.82985321150311,0.45416666666666666,7.3542387735720975,7.076666666666666
2023-08-10 04:30:00,1691666701.0,8.166666666666666,5.333333333333333,8.666666666666666,22.0,34.833333333333336,24.0,39.833333333333336,35.6132165,-119.68958033333332,,5.756287519334647,16.24371248066535,284.47222222222223,6.465195588969223,6.492306957716968,0.45916666666666667,7.209786166299749,6.995833333333332
2023-08-10 05:30:00,1691670301.0,8.333333333333334,5.666666666666667,8.666666666666666,22.0,34.5,23.83333333333333,40.833333333333336,35.613247,-119.689593,,5.617334524480463,16.382665475519538,287.5,6.662457214323917,6.599921805330937,0.45833333333333337,7.302525722865475,7.110833333333334
2023-08-10 06:30:00,1691673901.0,9.166666666666666,5.833333333333333,9.666666666666666,21.5,39.333333333333336,22.5,48.333333333333336,35.613223,-119.6896145,,7.078577545383345,14.421422454616655,360.55555555555554,6.756472447019643,6.858517660981962,0.45416666666666666,7.420964321985458,7.133333333333333
2023-08-10 07:30:00,1691677501.0,9.5,6.0,10.166666666666666,21.166666666666668,42.333333333333336,22.33333333333333,51.833333333333336,35.613207,-119.68960683333334,,7.856723985873237,13.30994268079343,402.1666666666667,6.756585905946266,6.916092884076209,0.4525,7.424423379693171,7.051666666666667
2023-08-10 08:30:00,1691681101.0,9.666666666666666,6.166666666666667,10.0,24.0,36.5,25.33333333333333,44.333333333333336,35.61326416666667,-119.689589,,8.205164551708286,15.794835448291714,352.8333333333333,7.175819993604349,7.260189439890709,0.45166666666666666,7.743710006946925,7.634166666666666
2023-08-10 09:30:00,1691684701.0,9.666666666666666,6.5,10.333333333333334,27.0,30.83333333333333,27.0,40.16666666666666,35.613255833333334,-119.689555,,8.343735233531023,18.65626476646898,298.0555555555555,7.563553884999345,7.503837260460957,0.45166666666666666,8.134442552633386,8.115833333333333
2023-08-10 10:30:00,1691688301.0,9.0,6.166666666666667,9.166666666666666,27.666666666666668,29.5,27.666666666666668,38.833333333333336,35.613276,-119.6895955,,8.267555238977685,19.399111427688982,265.5,7.254252178070092,7.188035667920496,0.455,7.724841068816284,7.882499999999999
2023-08-10 11:30:00,1691691901.0,8.0,5.5,8.333333333333334,28.0,29.666666666666668,28.0,39.16666666666666,35.61318966666666,-119.68955983333336,,8.63814374257405,19.36185625742595,237.33333333333334,6.6330096224714765,6.621173818303535,0.46,7.239703191157798,7.348333333333333
2023-08-10 12:30:00,1691695501.0,8.333333333333334,5.666666666666667,8.5,27.166666666666668,30.666666666666668,27.83333333333333,40.0,35.61318283333333,-119.68957266666666,,8.408094986424794,18.75857168024187,255.55555555555557,6.7828619828405925,6.764742389834339,0.45833333333333337,7.3354862566172665,7.436666666666667
2023-08-10 13:30:00,1691699101.0,10.166666666666666,6.666666666666667,10.833333333333334,25.166666666666668,39.0,26.0,51.66666666666666,35.6132355,-119.689598,,10.226423540821392,14.940243125845276,396.5,7.082568986709103,7.1666774029148606,0.44916666666666666,7.927104177127975,7.681666666666666
2023-08-10 14:30:00,1691702701.0,12.166666666666666,7.833333333333333,12.5,25.83333333333333,39.16666666666666,27.5,47.0,35.61324116666667,-119.68956883333334,,10.88503571890042,14.948297614432908,476.52777777777766,7.522862186538446,7.7656556861836155,0.43916666666666665,8.732102906429855,8.7075
2023-08-10 15:30:00,1691706301.0,14.5,9.5,15.166666666666666,25.33333333333333,45.66666666666666,26.33333333333333,60.16666666666666,35.61322783333333,-119.68953833333336,,12.764573396961143,12.568759936372185,662.1666666666665,7.396432599921562,7.795134770791484,0.4275,9.377172479469948,9.368333333333334
2023-08-10 16:30:00,1691709901.0,20.0,12.833333333333334,21.0,22.83333333333333,60.333333333333336,23.0,79.83333333333333,35.61323166666667,-119.68958166666664,,14.74411526831088,8.089218065022449,1206.6666666666667,7.308580717142831,7.934123557429437,0.4,10.06132100526819,10.981666666666666
2023-08-10 17:30:00,1691713501.0,15.833333333333334,9.833333333333334,16.333333333333332,20.166666666666668,67.5,20.666666666666668,87.66666666666667,35.6132355,-119.68957266666666,,13.956485917420375,6.210180749246293,1068.75,4.888968156568838,5.888659751389859,0.42083333333333334,7.56078244725675,8.205833333333334
2023-08-10 18:30:00,1691717101.0,18.5,11.333333333333334,19.5,20.33333333333333,69.33333333333333,21.5,86.16666666666667,35.61324633333333,-119.68958433333334,,14.52999053838264,5.803342794950689,1282.6666666666665,5.525441893232512,6.516279502382871,0.4075,8.320570713145498,9.436666666666667
2023-08-10 19:30:00,1691720701.0,13.666666666666666,8.333333333333334,14.166666666666666,21.0,62.833333333333336,22.83333333333333,75.83333333333333,35.6132245,-119.68954216666668,,13.643583958261717,7.356416041738283,858.7222222222222,4.566797933760354,5.715963172305612,0.43166666666666664,7.283337739446756,7.475833333333332
2023-08-10 20:30:00,1691724301.0,8.833333333333334,5.666666666666667,9.0,21.0,60.833333333333336,22.666666666666668,72.16666666666667,35.613261,-119.68961216666666,,13.146712284041364,7.853287715958636,537.3611111111112,5.33791733578395,5.747523919539884,0.45583333333333337,5.697133466728154,5.132499999999999
2023-08-10 21:30:00,1691727901.0,6.5,4.5,6.5,21.0,57.833333333333336,22.666666666666668,67.0,35.613255833333334,-119.68958283333332,,12.373745317641733,8.626254682358267,375.9166666666667,4.537567701798272,4.570557221951142,0.4675,5.050521540043944,4.174166666666666
2023-08-10 22:30:00,1691731501.0,20.5,12.5,21.5,20.5,66.0,21.5,82.83333333333333,35.6132215,-119.68955233333334,,13.92717941655841,6.57282058344159,1353.0,6.4714514301109185,7.486779560893543,0.3975,9.403440101782117,10.76
2023-08-10 23:30:00,1691735101.0,31.666666666666668,18.83333333333333,32.666666666666664,20.0,68.16666666666667,21.5,84.5,35.6132335,-119.68957633333332,,13.949112206002084,6.050887793997916,2158.6111111111113,9.723191915320285,10.699862920268963,0.3416666666666666,12.689874641630277,16.3825
2023-08-11 00:30:00,1691738701.0,36.16666666666666,21.5,37.333333333333336,21.0,68.5,22.0,84.66666666666667,35.61322916666666,-119.68959666666666,,14.979398754426992,6.020601245573008,2477.416666666666,11.18951378225356,12.051986935900345,0.3191666666666667,14.117918945222732,18.69416666666666
2023-08-11 01:30:00,1691742301.0,36.0,21.666666666666668,37.5,21.0,66.33333333333333,22.33333333333333,81.33333333333333,35.61325716666666,-119.68952833333331,,14.480549418559562,6.519450581440438,2388.0,11.406010509332244,12.230587456590245,0.32,14.644382360323704,18.791666666666664
2023-08-11 02:30:00,1691745901.0,38.333333333333336,22.83333333333333,39.66666666666666,21.0,65.83333333333333,22.33333333333333,81.66666666666667,35.6132165,-119.68958016666666,,14.363397458347851,6.636602541652149,2523.611111111111,12.018632579377645,13.00311009168195,0.30833333333333335,15.448500958495647,20.0475
2023-08-11 03:30:00,1691749501.0,25.666666666666668,15.666666666666666,26.5,21.0,62.5,23.0,74.83333333333333,35.61322666666667,-119.68958916666666,,13.56174784391554,7.438252156084459,1604.1666666666667,8.462015665787575,9.4513649767722,0.37166666666666665,11.651086083900704,13.744166666666668
2023-08-11 04:30:00,1691753101.0,7.5,4.666666666666667,7.833333333333333,21.0,55.66666666666666,23.0,66.0,35.6132145,-119.68955216666666,,11.793214833148339,9.206785166851661,417.49999999999994,4.9542489194388715,5.223412420004662,0.4625,5.586637951710262,4.878333333333334
2023-08-11 05:30:00,1691756701.0,7.333333333333333,4.833333333333333,7.666666666666667,21.0,55.66666666666666,22.83333333333333,66.16666666666667,35.61326533333333,-119.68956366666669,,11.793214833148339,9.206785166851661,408.2222222222221,4.976277876642703,5.13012979713012,0.4633333333333334,5.568343673932485,4.791666666666667
2023-08-11 06:30:00,1691760301.0,8.5,5.5,8.5,21.0,57.66666666666666,22.0,69.33333333333333,35.6131795,-119.68962083333332,,12.329775337533517,8.670224662466483,490.1666666666666,5.392706550097183,5.697114808815352,0.4575,5.775739872298676,5.2283333333333335
2023-08-11 07:30:00,1691763901.0,9.0,6.0,9.5,21.33333333333333,56.16666666666666,22.666666666666668,67.5,35.61322216666667,-119.68957016666668,,12.23974435828308,9.093588975050249,505.4999999999999,5.789488810305258,6.0414576887663936,0.455,6.239283718391587,5.615833333333334
2023-08-11 08:30:00,1691767501.0,9.166666666666666,5.833333333333333,9.333333333333334,22.83333333333333,50.333333333333336,24.5,59.66666666666666,35.613259,-119.68955233333332,,11.961566428110636,10.871766905222692,461.38888888888886,6.115258760138517,6.385554244580895,0.45416666666666666,6.582668467367116,6.198333333333332
2023-08-11 09:30:00,1691771101.0,6.0,4.0,6.5,26.33333333333333,38.833333333333336,26.666666666666668,48.5,35.61324883333334,-119.6895575,,11.201839297809823,15.131494035523506,233.0,5.043408985387969,5.107646163474816,0.47,5.9231077344634695,5.529166666666667
2023-08-11 10:30:00,1691774701.0,7.333333333333333,4.666666666666667,7.333333333333333,28.666666666666668,33.666666666666664,28.33333333333333,44.333333333333336,35.61323483333333,-119.68961083333332,,11.1069996804671,17.559666986199566,246.88888888888886,5.919082361311174,6.076056629932254,0.4633333333333334,6.578908442264748,6.661666666666667
2023-08-11 11:30:00,1691778600.4285717,8.714285714285714,6.0,8.714285714285714,31.285714285714285,29.285714285714285,30.142857142857142,40.85714285714285,35.61324257142857,-119.68958714285714,,11.273471211026429,20.012243074687856,255.20408163265304,7.058226554071392,7.037336173182342,0.45642857142857146,7.470544724807053,7.752142857142857
2023-08-11 12:30:00,1691782500.0,8.166666666666666,5.666666666666667,8.5,34.0,24.83333333333333,32.333333333333336,35.0,35.613262,-119.68958016666666,,11.092189803293104,22.907810196706897,202.80555555555551,6.860943611082229,6.922273699899757,0.45916666666666667,7.34638555040777,7.845833333333333
2023-08-11 13:30:00,1691786100.0,8.0,5.5,8.0,35.166666666666664,21.83333333333333,33.666666666666664,30.5,35.61324116666667,-119.68960433333332,,10.131205429332333,25.03546123733433,174.66666666666663,6.803596257924509,6.957981099680053,0.46,7.174886917470646,8.014166666666668
2023-08-11 14:30:00,1691789700.0,7.833333333333333,5.5,8.333333333333334,35.0,20.5,34.166666666666664,27.666666666666668,35.61328,-119.68958266666668,,9.054271089662967,25.94572891033703,160.58333333333331,6.77025307780154,6.922027375763216,0.4608333333333334,7.245071309349972,8.040833333333333
2023-08-11 15:30:00,1691793300.0,7.5,5.166666666666667,7.5,35.666666666666664,21.0,34.833333333333336,28.33333333333333,35.61324116666667,-119.68957016666668,,9.962022586656952,25.704644080009714,157.5,6.492201527392982,6.713963792904995,0.4625,6.889795565716446,7.825
2023-08-11 16:30:00,1691796900.0,7.5,5.5,7.833333333333333,34.333333333333336,21.83333333333333,35.0,28.666666666666668,35.613232333333336,-119.68956633333332,,9.440879778142914,24.89245355519042,163.74999999999997,6.617597232301133,6.678133231056429,0.4625,7.065365294773755,7.754166666666667
2023-08-11 17:30:00,1691800500.0,7.833333333333333,5.5,8.0,32.666666666666664,23.166666666666668,34.333333333333336,28.33333333333333,35.61323433333333,-119.68957016666668,,8.935175898683148,23.731490767983516,181.47222222222223,6.736219992319404,6.8073695778478065,0.4608333333333334,7.193438560356322,7.814166666666666
2023-08-11 18:30:00,1691804100.0,7.333333333333333,5.0,7.5,30.5,25.0,33.166666666666664,29.33333333333333,35.613255,-119.689575,,8.242461902348124,22.257538097651874,183.33333333333331,6.330801019509868,6.448694473157338,0.4633333333333334,6.914172582645005,7.398333333333333
2023-08-11 19:30:00,1691807700.0,7.333333333333333,5.0,7.5,29.166666666666668,27.666666666666668,31.5,32.666666666666664,35.61328433333333,-119.68968183333334,,8.607131520492961,20.559535146173708,202.88888888888889,6.262409465181846,6.3340366752419275,0.4633333333333334,6.879734258764387,7.171666666666667
2023-08-11 20:30:00,1691811300.0,9.0,6.333333333333333,9.166666666666666,27.33333333333333,31.666666666666668,29.5,37.833333333333336,35.6132565,-119.6896935,,9.027771447500601,18.305561885832727,285.0,7.2230350699026316,7.0948762071142255,0.455,7.6660233065165,7.698333333333332
2023-08-11 21:30:00,1691814900.0,4.833333333333333,3.1666666666666665,5.0,25.83333333333333,35.666666666666664,28.5,42.0,35.6132635,-119.68955866666666,,9.482951575223845,16.350381758109485,172.38888888888886,4.466192866844819,4.590823938377577,0.47583333333333333,5.396940940514977,5.191666666666666
2023-08-11 22:30:00,1691818500.0,2.1666666666666665,1.3333333333333333,2.333333333333333,25.0,38.16666666666666,27.0,44.66666666666666,35.61326533333334,-119.68946583333332,,9.754966542458957,15.245033457541043,82.69444444444441,2.8439903261084236,2.990810286839218,0.48916666666666664,4.042106172832156,3.5925000000000002
2023-08-11 23:30:00,1691822100.0,2.1666666666666665,1.1666666666666667,2.333333333333333,24.0,38.5,26.666666666666668,44.66666666666666,35.613217666666664,-119.68957783333332,,8.9942216529867,15.0057783470133,83.41666666666666,2.782488308524424,2.9764780620997913,0.48916666666666664,4.021277527826097,3.564166666666666
2023-08-12 00:30:00,1691825700.0,2.333333333333333,1.5,2.6666666666666665,23.83333333333333,38.0,25.83333333333333,44.16666666666666,35.613273166666666,-119.68957516666666,,8.652166136970644,15.181167196362685,88.66666666666666,2.974166448594615,3.091259022083472,0.48833333333333334,4.198565964219183,3.6933333333333325
2023-08-12 01:30:00,1691829300.0,3.0,2.0,3.0,22.83333333333333,39.66666666666666,24.666666666666668,46.5,35.613272333333335,-119.68958416666668,,8.394771546824973,14.438561786508355,118.99999999999997,3.341770290757106,3.3927283898845064,0.485,4.402425435653436,3.898333333333334
2023-08-12 02:30:00,1691832900.0,2.5,1.8333333333333333,2.833333333333333,22.0,40.66666666666666,23.83333333333333,48.0,35.61324316666667,-119.68956466666668,,8.015364661816337,13.984635338183663,101.66666666666664,3.1030520211039616,3.069883847042604,0.4875,4.266578328624426,3.5533333333333337
2023-08-12 03:30:00,1691836500.0,2.5,1.6666666666666667,2.6666666666666665,21.33333333333333,41.66666666666666,22.5,49.833333333333336,35.6132,-119.68958166666664,,7.773554651320776,13.559778682012553,104.16666666666664,3.0196272504583908,3.026887172824325,0.4875,4.171960905896804,3.4683333333333337
2023-08-12 04:30:00,1691840100.0,2.1666666666666665,1.1666666666666667,2.5,20.5,43.66666666666666,22.0,52.16666666666666,35.613249333333336,-119.68956366666669,,7.710060398552137,12.789939601447863,94.61111111111109,2.6847173712317947,2.7543285786386846,0.48916666666666664,3.9620773097591853,3.125000000000001
2023-08-12 05:30:00,1691843700.0,2.5,1.6666666666666667,3.0,20.0,44.833333333333336,21.166666666666668,53.833333333333336,35.613243000000004,-119.68961716666666,,7.643807212109147,12.356192787890853,112.08333333333334,2.9429602403190414,2.8907310377997746,0.4875,4.16876537498105,3.199166666666666
2023-08-12 06:30:00,1691847300.0,4.166666666666667,2.0,4.166666666666667,19.5,47.0,20.5,56.66666666666666,35.61322883333333,-119.689569,,7.881822092743374,11.618177907256626,195.83333333333334,3.4801804293530934,3.7303978057389178,0.47916666666666663,4.553838743502084,3.881666666666667
2023-08-12 07:30:00,1691850900.0,4.5,2.833333333333333,4.833333333333333,21.0,50.66666666666666,22.666666666666668,59.16666666666666,35.6132195,-119.68958283333332,,10.373557116170595,10.626442883829405,227.99999999999994,3.7352115331581643,3.759308579354311,0.4775,4.692027739932082,3.743333333333334
2023-08-12 08:30:00,1691854500.0,3.8333333333333335,2.0,4.0,26.0,37.5,26.83333333333333,45.5,35.613234166666665,-119.68962616666666,,10.379670450329625,15.620329549670375,143.75,3.64170451922387,3.952300965063484,0.48083333333333333,4.764597972928478,4.515833333333333
2023-08-12 09:30:00,1691858100.0,7.166666666666667,4.5,7.333333333333333,30.5,28.0,29.83333333333333,36.833333333333336,35.613230333333334,-119.68960566666668,,9.925181499824872,20.574818500175127,200.66666666666669,5.986828510009378,6.22642182762796,0.4641666666666666,6.687771492945066,7.056666666666667
2023-08-12 10:30:00,1691861700.0,4.166666666666667,3.0,4.333333333333333,33.0,23.83333333333333,31.166666666666668,33.833333333333336,35.61327683333334,-119.689546,,9.635977808561579,23.364022191438423,99.30555555555554,4.359319089357269,4.7264874251290445,0.47916666666666663,5.176370012743666,5.850833333333334
2023-08-12 11:30:00,1691865300.0,3.1666666666666665,2.1666666666666665,3.333333333333333,35.166666666666664,21.5,32.833333333333336,30.33333333333333,35.613247666666666,-119.68956133333334,,9.90107352373802,25.265593142928644,68.08333333333333,3.644572254839786,4.26711726105778,0.48416666666666663,4.528551617865153,5.529166666666667
2023-08-12 12:30:00,1691868900.0,2.5,1.5,2.5,36.5,19.666666666666668,34.166666666666664,28.33333333333333,35.61324966666667,-119.68962216666668,,9.666266713758755,26.833733286241245,49.16666666666667,3.1062785118735503,3.972814005626459,0.4875,4.000625056485413,5.338333333333333
2023-08-12 13:30:00,1691872500.0,2.5,1.5,2.6666666666666665,38.0,18.5,36.16666666666666,26.0,35.61329583333333,-119.68957533333332,,9.973779852359016,28.026220147640984,46.25,3.07607874092695,4.022976792214451,0.4875,3.9665473205351454,5.4375
2023-08-12 14:30:00,1691876100.0,4.166666666666667,2.6666666666666665,4.166666666666667,38.0,18.33333333333333,37.0,25.5,35.613235333333336,-119.68953816666664,,9.838527480080945,28.161472519919055,76.38888888888887,4.196552731736619,4.962969133329578,0.47916666666666663,4.872655040102593,6.318333333333333
2023-08-12 15:30:00,1691879700.0,5.833333333333333,4.333333333333333,6.0,37.333333333333336,19.33333333333333,37.16666666666666,25.5,35.61327116666667,-119.68958283333332,,10.091024601304618,27.242308732028718,112.77777777777774,5.509775015869188,5.852798687856713,0.4708333333333334,5.994339857430022,7.1
2023-08-12 16:30:00,1691883300.0,8.5,6.166666666666667,8.666666666666666,35.666666666666664,20.5,36.66666666666666,25.83333333333333,35.61321266666667,-119.68955466666668,,9.602230944428591,26.064435722238073,174.25,7.278645901173959,7.295157867261382,0.4575,7.549360889983804,8.3875
2023-08-12 17:30:00,1691886900.0,5.666666666666667,4.166666666666667,5.833333333333333,33.5,21.666666666666668,36.0,25.666666666666668,35.613219666666666,-119.689579,,8.63675329820335,24.863246701796648,122.77777777777779,5.406624851902141,5.6591904918061875,0.4716666666666666,6.011971066268567,6.8149999999999995
2023-08-12 18:30:00,1691890500.0,6.833333333333333,4.833333333333333,7.0,32.166666666666664,24.166666666666668,35.333333333333336,28.0,35.613290166666665,-119.68958416666668,,9.143684404219007,23.022982262447655,165.13888888888889,6.079167320158499,6.204677166382279,0.4658333333333334,6.648018126880236,7.2091666666666665
2023-08-12 19:30:00,1691894100.0,9.166666666666666,6.5,9.166666666666666,30.666666666666668,27.5,33.833333333333336,32.666666666666664,35.61321366666667,-119.68962849999998,,9.798370173714773,20.868296492951895,252.08333333333331,7.492020608816845,7.367311639231596,0.45416666666666666,7.818568069134304,8.139166666666666
2023-08-12 20:30:00,1691897700.0,7.666666666666667,5.5,8.166666666666666,28.83333333333333,30.166666666666668,31.83333333333333,34.833333333333336,35.61319983333333,-119.68962216666668,,9.605494504418452,19.227838828914877,231.2777777777778,6.485218357039699,6.413110235445314,0.46166666666666667,7.115204828533151,7.1325
2023-08-12 21:30:00,1691901300.0,5.333333333333333,3.6666666666666665,5.333333333333333,27.5,29.83333333333333,30.166666666666668,34.5,35.61323466666666,-119.68960066666666,,8.289584994534387,19.210415005465613,159.1111111111111,4.985219226042553,5.121485739941161,0.4733333333333334,5.773939394118167,5.9475
2023-08-12 22:30:00,1691904900.0,5.0,3.5,5.166666666666667,26.0,33.166666666666664,29.0,38.16666666666666,35.613242,-119.6895995,,8.550869313487992,17.449130686512007,165.83333333333331,4.723779433107108,4.791598246797815,0.475,5.595014048423525,5.490833333333333
2023-08-12 23:30:00,1691908500.0,5.0,3.0,5.0,25.5,34.833333333333336,28.0,40.16666666666666,35.61322716666667,-119.68958783333332,,8.838048587175559,16.661951412824443,174.16666666666669,4.4887956851400155,4.719937123100683,0.475,5.421097442245073,5.349166666666666
2023-08-13 00:30:00,1691912100.0,4.833333333333333,3.1666666666666665,5.0,25.0,35.666666666666664,27.666666666666668,41.333333333333336,35.61320283333333,-119.68963366666668,,8.747721023437448,16.25227897656255,172.38888888888886,4.473847345231398,4.590823938377577,0.47583333333333333,5.411562473385077,5.191666666666666
2023-08-13 01:30:00,1691915700.0,5.0,3.333333333333333,5.166666666666667,24.33333333333333,36.833333333333336,26.666666666666668,43.66666666666666,35.613297,-119.68963083333334,,8.634654766277416,15.698678567055913,184.16666666666669,4.559434959882911,4.633943774664125,0.475,5.471671683663619,5.179166666666666
2023-08-13 02:30:00,1691919300.0,4.166666666666667,3.0,4.5,23.666666666666668,38.0,25.5,44.833333333333336,35.613237833333336,-119.68963733333334,,8.503911288277935,15.162755378388733,158.33333333333334,4.131268446855875,4.117367873703428,0.47916666666666663,5.123026783472142,4.6466666666666665
2023-08-13 03:30:00,1691922900.0,4.333333333333333,3.0,4.333333333333333,22.83333333333333,39.16666666666666,24.666666666666668,46.333333333333336,35.613251166666664,-119.68959816666666,,8.207585704599916,14.625747628733412,169.72222222222217,4.154580468504791,4.160487709989977,0.47833333333333333,5.065978585059575,4.634166666666667
2023-08-13 04:30:00,1691926500.0,4.0,2.833333333333333,4.0,22.0,40.66666666666666,24.0,48.333333333333336,35.613223500000004,-119.68960466666664,,8.015364661816337,13.984635338183663,162.66666666666663,3.945323250745422,3.9094274529134756,0.48,4.875328328624427,4.333333333333334
2023-08-13 05:30:00,1691930100.0,4.5,3.0,4.666666666666667,21.5,42.0,22.5,50.5,35.613258333333334,-119.68960450000002,,8.04084551433253,13.45915448566747,189.0,4.120709647579313,4.131946422579395,0.4775,5.075078737992664,4.4799999999999995
2023-08-13 06:30:00,1691933700.0,5.666666666666667,3.5,6.166666666666667,21.0,44.0,22.0,53.0,35.613254000000005,-119.68960966666668,,8.274821188080576,12.725178811919424,249.33333333333334,4.58580056226576,4.698931434264626,0.4716666666666666,5.559377007668427,4.916666666666666
2023-08-13 07:30:00,1691937300.0,6.833333333333333,4.333333333333333,7.333333333333333,22.5,43.16666666666666,25.83333333333333,46.833333333333336,35.61323616666667,-119.689607,,9.348560439514971,13.151439560485029,294.9722222222222,5.272199147439658,5.387740356234981,0.4658333333333334,6.117149299142186,5.594166666666667
2023-08-13 08:30:00,1691940900.0,4.166666666666667,2.833333333333333,4.166666666666667,27.83333333333333,31.0,30.0,35.666666666666664,35.6132365,-119.6896095,,9.145837804051075,18.687495529282252,129.16666666666669,4.2224144148506735,4.418344593231379,0.47916666666666663,5.133273437162519,5.241666666666667
2023-08-13 09:30:00,1691944500.0,3.6666666666666665,2.6666666666666665,3.6666666666666665,31.166666666666668,25.0,31.666666666666668,31.33333333333333,35.613248666666664,-119.689597,,8.804968784671967,22.3616978819947,91.66666666666666,4.050504924281815,4.396476769917428,0.48166666666666663,4.904587462573864,5.491666666666667
2023-08-13 10:30:00,1691948100.0,6.333333333333333,4.333333333333333,6.5,33.666666666666664,21.83333333333333,33.0,29.5,35.6132415,-119.68961316666666,,8.888351330055263,24.7783153366114,138.27777777777774,5.727514377487186,6.025154870934639,0.4683333333333334,6.328199825063206,7.147500000000001
2023-08-13 11:30:00,1691951700.0,3.333333333333333,2.0,3.333333333333333,36.16666666666666,19.33333333333333,35.166666666666664,25.666666666666668,35.613223999999995,-119.68963616666667,,9.139617640671297,27.02704902599536,64.44444444444443,3.6351207199265128,4.453559344738593,0.48333333333333334,4.460173309796351,5.8
2023-08-13 12:30:00,1691955300.0,2.6666666666666665,1.5,2.833333333333333,37.333333333333336,18.0,37.0,24.33333333333333,35.613246833333335,-119.68960833333334,,9.025987355010203,28.307345978323134,48.0,3.1496332032843055,4.137757752198132,0.48666666666666664,4.043255733352785,5.566666666666666
2023-08-13 13:30:00,1691958900.0,3.6666666666666665,2.1666666666666665,3.6666666666666665,38.16666666666666,18.0,37.5,24.33333333333333,35.6132935,-119.68964766666666,,9.699384750787658,28.467281915879,66.0,3.7993224253558577,4.69745348944538,0.48166666666666663,4.544881234744979,6.086666666666667
2023-08-13 14:30:00,1691962500.0,3.5,2.0,3.6666666666666665,38.16666666666666,18.5,38.0,24.33333333333333,35.61324866666667,-119.689644,,10.108863424481493,28.057803242185166,64.75,3.670854536924576,4.582672529461699,0.4825,4.500443581374997,5.9575
2023-08-13 15:30:00,1691966100.0,3.333333333333333,2.1666666666666665,3.8333333333333335,37.16666666666666,19.5,38.5,24.33333333333333,35.613241333333335,-119.68957266666666,,10.08355771283427,27.083108953832387,65.0,3.6838600115548723,4.446393232368878,0.48333333333333334,4.597401525527292,5.785833333333333
2023-08-13 16:30:00,1691969700.0,5.0,3.6666666666666665,5.0,36.0,20.666666666666668,38.0,25.33333333333333,35.61325433333334,-119.689565,,9.997163283413,26.002836716586998,103.33333333333334,4.931182924756987,5.329056674526301,0.475,5.51733787391639,6.553333333333333
2023-08-13 17:30:00,1691973300.0,9.833333333333334,7.333333333333333,10.166666666666666,34.333333333333336,22.33333333333333,37.66666666666666,26.33333333333333,35.61325333333333,-119.68958783333332,,9.77848538401704,24.554847949316297,219.6111111111111,8.210576892327087,7.962591614190869,0.45083333333333336,8.390805408201162,8.925
2023-08-13 18:30:00,1691976900.0,13.666666666666666,10.5,13.833333333333334,32.666666666666664,28.666666666666668,36.333333333333336,33.666666666666664,35.61320216666667,-119.689608,,12.134542427871597,20.532124238795067,391.77777777777777,10.875135896059666,9.342723359191003,0.43166666666666664,10.288313218188378,10.379999999999999
2023-08-13 19:30:00,1691980500.0,12.666666666666666,9.833333333333334,13.166666666666666,31.666666666666668,28.83333333333333,35.0,33.0,35.6132225,-119.68953833333336,,11.365278553658266,20.3013881130084,365.2222222222222,10.569993487861398,9.01669694789649,0.43666666666666665,9.868531767028445,9.845833333333335
2023-08-13 20:30:00,1691984100.0,14.5,10.833333333333334,15.0,30.166666666666668,31.83333333333333,33.333333333333336,37.0,35.61321183333333,-119.68960066666666,,11.568255435465232,18.598411231201435,461.58333333333326,10.361876969320516,9.263530358652398,0.4275,10.613299244868045,10.544166666666666
2023-08-13 21:30:00,1691987700.0,13.0,9.666666666666666,13.833333333333334,28.83333333333333,35.0,31.83333333333333,41.0,35.613260833333335,-119.68960683333334,,11.840844058497161,16.992489274836167,455.0,9.332228311290969,8.464889262342362,0.435,9.729492254343928,9.495
2023-08-13 22:30:00,1691991300.0,10.5,7.5,10.833333333333334,27.5,36.16666666666666,30.166666666666668,41.66666666666666,35.61322383333333,-119.68962233333332,,11.162538274194919,16.33746172580508,379.7499999999999,8.089206767545242,7.570211425125667,0.4475,8.239917942000835,8.095833333333333
2023-08-13 23:30:00,1691994900.0,6.5,4.5,6.833333333333333,26.5,33.5,29.5,38.0,35.61326716666667,-119.68961583333332,,9.136539775448535,17.363460224551467,217.75,5.598815806420512,5.6168096279292605,0.4675,6.365920047752176,6.2425
2023-08-14 00:30:00,1691998500.0,6.666666666666667,4.5,6.833333333333333,25.33333333333333,37.5,27.5,45.16666666666666,35.613266,-119.68964266666669,,9.788062448480133,15.545270884853196,250.0,5.508288798359167,5.538105553930687,0.4666666666666666,6.237934191508825,5.989166666666666
2023-08-14 01:30:00,1692002100.0,9.166666666666666,7.0,9.5,24.0,45.0,26.0,54.66666666666666,35.61321616666667,-119.68959933333332,,11.33042346938213,12.66957653061787,412.5,6.8591156896013805,6.614869840411716,0.45416666666666666,7.17867680514712,6.651666666666666
2023-08-14 02:30:00,1692005700.0,10.833333333333334,7.5,11.0,24.0,41.16666666666666,26.5,48.0,35.61323616666667,-119.68956883333333,,9.991847255571317,14.008152744428683,445.9722222222222,7.204727828375662,7.142244331318846,0.44583333333333336,8.046712529401006,7.844166666666668
2023-08-14 03:30:00,1692009300.0,6.166666666666667,4.333333333333333,6.5,25.0,37.16666666666666,27.83333333333333,41.833333333333336,35.61323333333333,-119.689621,,9.35925995730138,15.64074004269862,229.1944444444444,5.299142495985908,5.27258991004649,0.4691666666666666,6.090778876260515,5.7575
2023-08-14 04:30:00,1692012900.0,7.833333333333333,5.833333333333333,8.0,24.666666666666668,39.16666666666666,27.0,46.0,35.613233,-119.68960933333334,,9.844199734026178,14.82246693264049,306.8055555555555,6.315967797829491,6.119422790355345,0.4608333333333334,6.816184199847354,6.4541666666666675
2023-08-14 05:30:00,1692016500.0,13.0,9.166666666666666,13.5,23.83333333333333,41.0,25.83333333333333,48.66666666666666,35.61323166666667,-119.68959183333334,,9.781612928480198,14.05172040485313,533.0,8.012074075672311,7.827994790499074,0.435,9.189899269032807,8.985
2023-08-14 06:30:00,1692020100.0,9.333333333333334,6.5,10.0,22.166666666666668,48.66666666666666,23.166666666666668,61.0,35.6132055,-119.689607,,10.840235039162742,11.326431627503926,454.2222222222222,6.515592117406986,6.550497991152568,0.45333333333333337,7.007010539830822,6.426666666666668
2023-08-14 07:30:00,1692023700.0,11.166666666666666,7.666666666666667,12.0,23.166666666666668,47.66666666666666,25.666666666666668,55.0,35.61322416666667,-119.68961833333331,,11.442059939150456,11.724606727516212,532.2777777777776,6.340928293480805,6.5550536195512015,0.44416666666666665,7.891321883955246,7.465000000000001
2023-08-14 08:30:00,1692027300.0,9.333333333333334,6.5,9.833333333333334,27.166666666666668,35.666666666666664,28.83333333333333,42.16666666666666,35.613243000000004,-119.6896375,,10.658744516019356,16.50792215064731,332.8888888888889,7.206044148876739,7.109454755990193,0.45333333333333337,7.712800814456629,7.531666666666666
2023-08-14 09:30:00,1692030900.0,10.5,8.0,10.833333333333334,30.5,30.33333333333333,31.5,38.0,35.6132535,-119.68962983333334,,11.12730645483756,19.37269354516244,318.49999999999994,9.462196665570989,8.189414383862196,0.4475,8.587592135948354,8.591666666666667
2023-08-14 10:30:00,1692034500.0,10.333333333333334,7.666666666666667,10.5,33.5,26.0,33.666666666666664,34.166666666666664,35.6132475,-119.68962716666664,,11.363546909218137,22.136453090781863,268.6666666666667,10.117549828732836,8.598004574939946,0.44833333333333336,8.5356851219906,8.873333333333335
2023-08-14 11:30:00,1692038100.0,9.666666666666666,7.666666666666667,10.0,36.0,23.0,35.5,30.5,35.6132165,-119.68959933333332,,11.607219199612876,24.392780800387122,222.33333333333331,8.226161661880985,7.840644541837474,0.45166666666666666,8.320380437834569,8.781666666666666
2023-08-14 12:30:00,1692041700.0,8.166666666666666,6.166666666666667,8.333333333333334,38.5,19.33333333333333,38.0,25.5,35.61324316666667,-119.68961583333332,,11.04166297968403,27.45833702031597,157.88888888888883,7.128676440600444,7.158755408100291,0.45916666666666667,7.323976464369935,8.313333333333333
2023-08-14 13:30:00,1692045300.0,6.833333333333333,5.0,6.833333333333333,40.0,17.166666666666668,39.5,23.0,35.613282166666664,-119.68963883333332,,10.465858533467557,29.534141466532443,117.30555555555556,6.145604986369468,6.505653885910231,0.4658333333333334,6.400634425625828,7.804166666666666
2023-08-14 14:30:00,1692048900.0,6.0,4.666666666666667,6.0,40.66666666666666,16.5,40.833333333333336,21.166666666666668,35.613258333333334,-119.68957383333333,,10.404857457784699,30.261809208881957,99.0,5.663820869871657,6.067905221016376,0.47,5.920223003413939,7.4275
2023-08-14 15:30:00,1692052500.0,5.333333333333333,3.8333333333333335,5.333333333333333,40.16666666666666,16.333333333333332,41.333333333333336,19.83333333333333,35.613262666666664,-119.68957766666666,,9.853974136339806,30.31269253032685,87.1111111111111,5.078720938555515,5.701940841887925,0.4733333333333334,5.478248478313606,7.095
2023-08-14 16:30:00,1692056100.0,4.166666666666667,3.0,4.666666666666667,39.66666666666666,16.0,41.16666666666666,19.166666666666668,35.613287,-119.68953583333332,,9.148486748005467,30.51817991866119,66.66666666666667,4.281043470610631,5.0632947065055625,0.47916666666666663,4.927751077049647,6.516666666666667
2023-08-14 17:30:00,1692059700.0,4.0,3.0,4.166666666666667,37.833333333333336,17.666666666666668,40.833333333333336,20.0,35.613260833333335,-119.68962716666664,,9.152071598095125,28.68126173523821,70.66666666666667,4.253453962341789,4.8983509599338895,0.48,4.882166873861558,6.288333333333333
2023-08-14 18:30:00,1692063300.0,3.8333333333333335,2.833333333333333,3.8333333333333335,36.16666666666666,18.166666666666668,39.833333333333336,20.166666666666668,35.61320383333334,-119.68961466666669,,8.218392736809193,27.948273929857464,69.6388888888889,4.149241098361316,4.783569999950208,0.48083333333333333,4.796955880894476,6.159166666666667
2023-08-14 19:30:00,1692066900.0,1.6666666666666667,1.3333333333333333,1.8333333333333333,33.333333333333336,15.833333333333334,36.833333333333336,17.166666666666668,35.61321266666666,-119.68964616666666,,3.946857920037664,29.38647541329567,26.38888888888889,2.700082093778985,3.6712214757571546,0.49166666666666664,3.5752952671983955,5.230833333333333
2023-08-14 20:30:00,1692070500.0,1.0,0.6666666666666666,1.0,30.666666666666668,16.333333333333332,34.166666666666664,18.0,35.6132405,-119.68965266666667,,2.2509874358099258,28.415679230856743,16.333333333333332,2.2207556239225017,3.27659264714985,0.495,3.2124105870620854,4.841666666666667
2023-08-14 21:30:00,1692074100.0,1.1666666666666667,1.0,1.1666666666666667,29.5,17.0,33.0,18.666666666666668,35.61328133333333,-119.6895955,,1.8727593071216173,27.62724069287838,19.833333333333336,2.445515258673549,3.341210820545539,0.49416666666666664,3.411307998744661,4.871666666666666
2023-08-14 22:30:00,1692077700.0,1.0,0.6666666666666666,1.1666666666666667,28.83333333333333,17.0,32.333333333333336,18.83333333333333,35.613256,-119.68962333333332,,1.334232345868618,27.49910098746471,17.0,2.2608014174645565,3.2479281976709973,0.495,3.3406753248586307,4.785
2023-08-14 23:30:00,1692081300.0,1.6666666666666667,1.0,1.8333333333333333,28.0,18.33333333333333,31.83333333333333,20.5,35.6132415,-119.68961066666668,,1.712738954580637,26.287261045419363,30.55555555555555,2.6910681739660607,3.563729790211458,0.49166666666666664,3.7762244742297852,5.0183333333333335
2023-08-15 00:30:00,1692084900.0,1.0,0.8333333333333334,1.1666666666666667,28.0,17.333333333333332,31.83333333333333,19.166666666666668,35.61327983333333,-119.68960433333332,,0.9303842363637335,27.069615763636268,17.333333333333332,2.341284745044031,3.233595972931571,0.495,3.40704875774036,4.756666666666667
2023-08-15 01:30:00,1692088500.0,1.1666666666666667,1.0,1.3333333333333333,27.33333333333333,19.0,29.83333333333333,22.5,35.61322166666667,-119.68955133333333,,1.6675555711654646,25.665777762167863,22.166666666666668,2.50266745385244,3.255217472108981,0.49416666666666664,3.589111151659882,4.701666666666666
2023-08-15 02:30:00,1692092100.0,2.5,1.5,2.6666666666666665,24.83333333333333,29.0,26.166666666666668,36.66666666666666,35.6132525,-119.6895815,,5.576749362776966,19.256583970556363,72.5,3.1947332787270657,3.5715117129225233,0.4875,4.376537955276368,4.545
2023-08-15 03:30:00,1692095700.0,2.833333333333333,2.0,3.0,24.0,32.5,25.666666666666668,39.0,35.61323683333333,-119.6896235,,6.5052542215725255,17.494745778427475,92.08333333333333,3.4474413290228036,3.60758859890763,0.48583333333333334,4.555078688279167,4.4208333333333325
2023-08-15 04:30:00,1692099300.0,3.333333333333333,2.0,3.333333333333333,23.166666666666668,33.5,25.166666666666668,39.66666666666666,35.61327816666667,-119.6895955,,6.216388710750653,16.950277955916015,111.66666666666666,3.6058304689686347,3.844439793312975,0.48333333333333334,4.697051889283076,4.595833333333333
2023-08-15 05:30:00,1692102900.0,4.333333333333333,2.5,4.333333333333333,22.666666666666668,32.166666666666664,24.666666666666668,37.66666666666666,35.61322666666667,-119.68960833333334,,5.191993920522066,17.474672746144602,139.38888888888886,4.178221975377858,4.461464429517928,0.47833333333333333,5.213265905451927,5.229166666666666
2023-08-15 06:30:00,1692106500.0,4.666666666666667,2.1666666666666665,5.5,22.0,27.166666666666668,24.166666666666668,30.666666666666668,35.6132265,-119.68962733333332,,2.2131627368381444,19.786837263161857,126.77777777777779,4.305980775451105,4.863013046358406,0.4766666666666666,5.638762858231011,5.8275
2023-08-15 07:30:00,1692110100.0,2.333333333333333,1.0,2.6666666666666665,24.0,24.0,27.166666666666668,25.666666666666668,35.61321383333333,-119.6896225,,2.171601343353347,21.82839865664665,55.99999999999999,3.0111600800890383,3.693212461139376,0.48833333333333334,4.307546979017413,4.883333333333333
2023-08-15 08:30:00,1692113700.0,2.833333333333333,1.8333333333333333,3.0,29.33333333333333,21.166666666666668,31.166666666666668,25.33333333333333,35.613262166666665,-119.68964116666666,,4.845197540579339,24.48813579275399,59.97222222222222,3.4663350417576435,4.094884240048123,0.48583333333333334,4.469991082596122,5.384166666666666
2023-08-15 09:30:00,1692117300.0,7.166666666666667,5.333333333333333,7.5,32.666666666666664,23.83333333333333,33.333333333333336,31.0,35.61323816666667,-119.68961833333331,,9.356639659029774,23.31002700763689,170.80555555555551,6.3977416232361675,6.405574636870789,0.4641666666666666,6.912734283589665,7.4108333333333345
2023-08-15 10:30:00,1692120900.0,7.5,5.5,7.833333333333333,35.333333333333336,21.5,35.666666666666664,28.33333333333333,35.61327,-119.68958416666668,,10.03884322803333,25.294490105300007,161.25,6.611584793861317,6.692465455795855,0.4625,7.0416410612357705,7.782500000000001
2023-08-15 11:30:00,1692124500.0,7.333333333333333,5.0,7.333333333333333,38.833333333333336,18.5,37.66666666666666,25.0,35.613241,-119.68958666666668,,10.64903807581066,28.184295257522678,135.66666666666666,6.358006327586979,6.72817285557615,0.4633333333333334,6.687665248599714,7.950833333333334
2023-08-15 12:30:00,1692128100.0,7.5,5.5,7.666666666666667,40.66666666666666,17.0,39.66666666666666,22.83333333333333,35.613191666666665,-119.68957,,10.85357177582576,29.813094890840897,127.5,6.601332993184368,6.88595048977811,0.4625,6.8128468981844,8.165
2023-08-15 13:30:00,1692131700.0,7.5,5.666666666666667,7.5,41.66666666666666,16.166666666666668,40.66666666666666,21.5,35.613212,-119.68960450000002,,10.894880006914127,30.77178665975253,121.25000000000001,6.652630088099928,6.921781051626676,0.4625,6.744995684203837,8.235833333333334
2023-08-15 14:30:00,1692135300.0,8.5,6.0,8.833333333333334,40.66666666666666,16.833333333333332,41.0,21.83333333333333,35.61327583333334,-119.68958266666668,,10.705308248357255,29.961358418309402,143.08333333333331,7.207084073365655,7.452812339395071,0.4575,7.399149840593246,8.699166666666667
2023-08-15 15:30:00,1692138900.0,7.5,5.5,7.666666666666667,40.0,17.5,41.333333333333336,21.5,35.61330266666667,-119.689583,,10.754878742021152,29.245121257978848,131.25,6.607614437647691,6.864452152668971,0.4625,6.843204642347059,8.1225
2023-08-15 16:30:00,1692142500.0,7.0,5.0,7.166666666666667,39.5,18.0,41.833333333333336,21.83333333333333,35.613188666666666,-119.68956216666668,,10.77598107970815,28.72401892029185,126.0,6.216446768514818,6.563105946936207,0.465,6.553330548062942,7.82
2023-08-15 17:30:00,1692146100.0,6.833333333333333,4.833333333333333,6.833333333333333,38.0,18.5,41.833333333333336,20.666666666666668,35.61321566666667,-119.68960166666666,,9.973779852359016,28.026220147640984,126.41666666666666,6.103074046175589,6.448324986952526,0.4658333333333334,6.456185653868478,7.690833333333333
2023-08-15 18:30:00,1692149700.0,7.166666666666667,5.0,7.666666666666667,36.5,21.0,40.16666666666666,24.0,35.61327816666667,-119.6896145,,10.6485812816341,25.8514187183659,150.5,6.285369917546857,6.527398547155912,0.4641666666666666,6.824185999958591,7.651666666666667
2023-08-15 19:30:00,1692153300.0,7.5,5.5,7.5,34.333333333333336,22.83333333333333,38.0,25.83333333333333,35.613286333333335,-119.689603,,10.109489670551374,24.22384366278196,171.24999999999997,6.593696080485229,6.63513655683815,0.4625,6.968466418967989,7.669166666666667
2023-08-15 20:30:00,1692156900.0,2.833333333333333,2.0,3.0,32.0,20.5,35.333333333333336,23.166666666666668,35.613222666666665,-119.68961833333331,,6.585415955730587,25.41458404426941,58.08333333333333,3.4936544236295255,4.123548689526976,0.48583333333333334,4.418420233623288,5.440833333333333
2023-08-15 21:30:00,1692160500.0,1.1666666666666667,1.0,1.3333333333333333,29.5,20.666666666666668,33.0,23.33333333333333,35.613262666666664,-119.6895905,,4.640210207361139,24.85978979263886,24.111111111111114,2.4856454653835076,3.1835563484118494,0.49416666666666664,3.5771382943801706,4.56
2023-08-15 22:30:00,1692164100.0,0.8333333333333334,0.1666666666666666,1.0,29.0,18.0,32.0,20.0,35.61328,-119.68955616666666,,2.269730827254397,26.730269172745604,15.0,2.0169044219832872,3.111648900578177,0.49583333333333335,3.21531232501981,4.613333333333333
2023-08-15 23:30:00,1692167700.0,0.5,0.1666666666666666,0.5,29.0,17.5,32.0,19.166666666666668,35.61322766666667,-119.6895865,,1.8743767006609007,27.1256232993391,8.75,1.8714371859063124,2.946581991938234,0.4975,2.998711309929936,4.4825
2023-08-16 00:30:00,1692171300.0,1.0,1.0,1.0,28.166666666666668,18.83333333333333,31.83333333333333,21.33333333333333,35.613261,-119.6896005,,2.2261613373590605,25.94050532930761,18.83333333333333,2.421283356205316,3.169100961604153,0.495,3.4421465975373398,4.629166666666666
2023-08-16 01:30:00,1692174900.0,2.1666666666666665,1.5,2.1666666666666665,28.0,21.666666666666668,31.0,24.5,35.61325816666666,-119.68958433333334,,4.0728690189921455,23.927130981007856,46.94444444444444,3.0936487918774738,3.7002554114408186,0.48916666666666664,4.116842894975424,4.994999999999999
2023-08-16 02:30:00,1692178500.0,3.0,2.0,3.1666666666666665,27.33333333333333,23.83333333333333,30.33333333333333,27.5,35.61325516666667,-119.6895995,,4.879454549371566,22.453878783961763,71.49999999999999,3.6044139187281905,4.073509065007254,0.485,4.641154044401988,5.244166666666667
2023-08-16 03:30:00,1692182100.0,5.666666666666667,4.0,6.166666666666667,25.5,31.166666666666668,27.0,40.0,35.61325883333333,-119.68960183333331,,7.200467175767257,18.29953282423274,176.61111111111111,5.210731944037398,5.250722086732538,0.4716666666666666,6.098739673722324,6.0075
2023-08-16 04:30:00,1692185700.0,7.666666666666667,5.166666666666667,8.0,23.666666666666668,38.833333333333336,25.5,47.66666666666666,35.613185333333334,-119.68961333333334,,8.824942358957022,14.841724307709645,297.72222222222223,6.036346400936145,6.04047239222023,0.46166666666666667,6.720097106228254,6.395833333333333
2023-08-16 05:30:00,1692189300.0,8.333333333333334,6.0,8.5,23.0,41.833333333333336,25.0,50.333333333333336,35.613208166666666,-119.6896705,,9.332580454432868,13.667419545567132,348.61111111111114,6.4147501145736525,6.284612861063559,0.45833333333333337,6.895658733114482,6.487500000000001
2023-08-16 06:30:00,1692192900.0,10.166666666666666,6.166666666666667,10.5,23.0,41.5,25.0,49.0,35.6132495,-119.6895815,,9.213615063525452,13.786384936474548,421.91666666666663,6.317365795537669,6.901304706313491,0.44916666666666666,7.623197579913024,7.469166666666666
2023-08-16 07:30:00,1692196500.0,8.833333333333334,6.166666666666667,9.333333333333334,23.5,39.0,26.0,45.0,35.6132615,-119.68959166666669,,8.7396993965386,14.7603006034614,344.5,6.777242755975072,6.686284639972306,0.45583333333333337,7.346909850491636,6.988333333333333
2023-08-16 08:30:00,1692200100.0,8.166666666666666,5.666666666666667,8.333333333333334,28.5,28.5,30.666666666666668,33.5,35.613248,-119.68963483333332,,8.474981425807155,20.025018574192845,232.74999999999997,6.796097338933015,6.764619227766068,0.45916666666666667,7.32258323997991,7.534166666666666
2023-08-16 09:30:00,1692203700.0,6.5,4.833333333333333,6.666666666666667,33.666666666666664,21.666666666666668,34.0,27.5,35.61322966666667,-119.68959416666668,,8.774798188328804,24.891868478337862,140.83333333333334,5.9844351732227805,6.125603606178894,0.4675,6.48710724638309,7.248333333333333
2023-08-16 10:30:00,1692207300.0,8.0,5.666666666666667,8.166666666666666,36.333333333333336,20.166666666666668,36.0,27.0,35.61319533333333,-119.68961216666666,,9.904700999651238,26.428632333682096,161.33333333333334,6.8880848311147655,7.029642223377184,0.46,7.224591017757686,8.155833333333334
2023-08-16 11:30:00,1692210900.0,8.833333333333334,6.333333333333333,9.0,36.0,20.83333333333333,36.5,27.33333333333333,35.613245,-119.68958033333332,,10.117349799666563,25.882650200333437,184.02777777777774,7.461619232749724,7.467390888271039,0.45583333333333337,7.714647193969482,8.5325
2023-08-16 12:30:00,1692214500.0,10.0,7.333333333333333,10.0,35.5,22.166666666666668,36.333333333333336,29.0,35.613251166666664,-119.68961333333334,,10.634781447864846,24.865218552135154,221.66666666666669,8.26623772597059,8.063040349435123,0.45,8.349160064667453,9.025833333333333
2023-08-16 13:30:00,1692218100.0,11.166666666666666,8.0,11.5,33.0,25.666666666666668,34.833333333333336,32.166666666666664,35.613273,-119.68956133333334,,10.746032482861922,22.25396751713808,286.6111111111111,10.210171745004782,8.890333349643257,0.44416666666666665,9.009637863787633,9.334999999999999
2023-08-16 14:30:00,1692221700.0,11.5,8.333333333333334,11.5,32.666666666666664,26.33333333333333,35.5,31.33333333333333,35.6133125,-119.68955333333334,,10.849747773726985,21.81691889293968,302.83333333333326,10.237576103861095,8.922345596612145,0.4425,9.099069457439592,9.451666666666668
2023-08-16 15:30:00,1692225300.0,10.0,7.333333333333333,10.333333333333334,37.16666666666666,21.166666666666668,38.5,26.0,35.61318766666667,-119.6895625,,11.316966171762529,25.849700494904127,211.66666666666669,8.276594486027697,8.106037023653402,0.45,8.410557922471337,9.110833333333334
2023-08-16 16:30:00,1692228900.0,11.666666666666666,8.5,12.0,37.66666666666666,22.33333333333333,39.0,27.83333333333333,35.61324316666667,-119.6895725,,12.544979744967629,25.12168692169903,260.5555555555555,11.227103253744957,9.398331060872296,0.44166666666666665,9.304002638351433,9.878333333333334
2023-08-16 17:30:00,1692232500.0,12.833333333333334,9.666666666666666,13.333333333333334,35.5,24.33333333333333,38.5,29.0,35.613245666666664,-119.6895955,,12.044366896637415,23.455633103362587,312.2777777777777,11.319365802255696,9.545756951476916,0.43583333333333335,10.037215519819975,10.315000000000001
2023-08-16 18:30:00,1692236100.0,10.5,8.333333333333334,11.166666666666666,34.5,23.666666666666668,38.0,27.0,35.613231500000005,-119.68960583333336,,10.786638819843816,23.713361180156184,248.5,11.024010306921504,8.897074908132517,0.4475,8.902205676292649,9.158333333333333
2023-08-16 19:30:00,1692239700.0,14.666666666666666,11.0,15.0,33.333333333333336,27.666666666666668,36.16666666666666,33.0,35.6132985,-119.6895585,,12.16421901563897,21.169114317694365,405.77777777777777,11.191464400123078,9.757207336019308,0.42666666666666664,10.87065480585899,10.985
2023-08-16 20:30:00,1692243300.0,15.5,11.166666666666666,15.666666666666666,30.666666666666668,31.83333333333333,33.0,38.0,35.613268,-119.68958916666668,,12.002462498165642,18.664204168501026,493.4166666666666,10.400322500500215,9.571865256840155,0.4225,10.963864768114103,11.064166666666669
2023-08-16 21:30:00,1692246900.0,18.33333333333333,13.833333333333334,18.83333333333333,28.5,33.833333333333336,31.166666666666668,40.16666666666666,35.613292,-119.68957383333333,,11.035610206245112,17.46438979375489,620.2777777777777,11.358610069021399,10.233182644424364,0.4083333333333334,12.478159229747163,12.367499999999996
2023-08-16 22:30:00,1692250500.0,17.166666666666668,12.833333333333334,17.333333333333332,27.33333333333333,35.333333333333336,29.666666666666668,41.5,35.61319616666667,-119.68962483333333,,10.664415537119929,16.6689177962134,606.5555555555557,10.657340699644418,9.71423497857783,0.4141666666666666,11.661885873787854,11.633333333333333
2023-08-16 23:30:00,1692254100.0,11.166666666666666,8.333333333333334,11.833333333333334,26.5,35.5,29.166666666666668,41.333333333333336,35.61329466666667,-119.68955633333331,,10.00086334601662,16.499136653983378,396.41666666666663,8.627463531964343,7.846534076344535,0.44416666666666665,8.777594759013688,8.499166666666667
2023-08-17 00:30:00,1692257700.0,6.0,4.5,6.166666666666667,26.0,29.666666666666668,29.33333333333333,32.833333333333336,35.613248166666665,-119.689603,,6.912692107198285,19.087307892801714,178.0,5.559125021617245,5.5017823438090385,0.47,6.262860869733155,6.308333333333334
2023-08-17 01:30:00,1692261300.0,3.8333333333333335,2.5,4.0,25.83333333333333,28.5,28.5,33.333333333333336,35.613231166666665,-119.6896645,,6.185360180038406,19.647973153294924,109.25,4.053655821326051,4.339271033027994,0.48083333333333333,5.0743613873134645,5.280833333333333
2023-08-17 02:30:00,1692264900.0,6.666666666666667,4.666666666666667,7.0,24.33333333333333,33.0,26.0,40.0,35.6132585,-119.68960433333332,,7.019131784734857,17.314201548598472,220.0,5.758636096576642,5.731590587912942,0.4666666666666666,6.518078791925571,6.371666666666666
2023-08-17 03:30:00,1692268200.5,4.0,3.0,4.25,23.5,34.25,25.25,40.5,35.61322725,-119.6896285,,6.831107883010098,16.668892116989902,137.0,4.186975394088597,4.185322779147431,0.48,5.162531812207474,4.87875
2023-08-17 04:30:00,1692271501.0,7.833333333333333,5.833333333333333,8.333333333333334,23.0,38.833333333333336,25.5,46.5,35.61325516666667,-119.68960333333332,,8.23030503336873,14.76969496663127,304.19444444444446,6.345935237295558,6.133755015094771,0.4608333333333334,6.94872154753282,6.4825
2023-08-17 05:30:00,1692275101.0,6.166666666666667,4.166666666666667,6.166666666666667,23.0,35.833333333333336,25.166666666666668,41.0,35.613216333333334,-119.68960183333331,,7.050129449236445,15.949870550763556,220.97222222222226,5.305846263320061,5.3299188090041945,0.4691666666666666,6.064772915724769,5.870833333333334
2023-08-17 06:30:00,1692278701.0,5.5,3.6666666666666665,5.666666666666667,23.0,37.333333333333336,24.666666666666668,43.66666666666666,35.61326666666667,-119.68956116666668,,7.650686778618467,15.349313221381532,205.33333333333334,4.84236836195119,4.89229330617861,0.4725,5.715191476212299,5.3966666666666665
2023-08-17 07:30:00,1692282301.0,7.166666666666667,5.0,7.666666666666667,24.166666666666668,37.5,27.5,41.0,35.613252,-119.68963116666669,,8.752338917317449,15.41432774934922,268.75,5.869001566289722,5.817953422554311,0.4641666666666666,6.613505099253745,6.2491666666666665
2023-08-17 08:30:00,1692285901.0,11.0,8.0,11.166666666666666,29.166666666666668,33.5,31.5,38.66666666666666,35.61323066666667,-119.68960583333336,,11.469314810918222,17.697351855748444,368.5,8.801391049980172,8.007443083927672,0.445,8.597231087363683,8.5825
2023-08-17 09:30:00,1692289501.0,11.333333333333334,8.333333333333334,11.666666666666666,33.5,27.166666666666668,34.333333333333336,34.333333333333336,35.6132055,-119.689598,,12.028871912793766,21.471128087206232,307.8888888888889,10.14778656555554,8.782498881380395,0.44333333333333336,9.063824378720744,9.294166666666666
2023-08-17 10:30:00,1692293101.0,9.666666666666666,7.333333333333333,10.0,37.16666666666666,22.666666666666668,36.333333333333336,30.33333333333333,35.61320966666667,-119.6896385,,12.355904891964416,24.810761774702243,219.11111111111111,8.096696558674996,7.8549767665769,0.45166666666666666,8.240575743924165,8.809999999999999
2023-08-17 11:30:00,1692296701.0,10.333333333333334,8.0,10.666666666666666,39.5,20.33333333333333,38.5,27.83333333333333,35.61326233333333,-119.68964133333331,,12.623553016422496,26.8764469835775,210.1111111111111,11.676429438097603,9.199516020569718,0.44833333333333336,8.619945156671104,9.355
2023-08-17 12:30:00,1692300301.0,10.166666666666666,8.0,10.166666666666666,41.0,18.666666666666668,40.333333333333336,24.83333333333333,35.61320883333333,-119.68960433333332,,12.53961435363926,28.46038564636074,189.77777777777777,12.142648780532914,9.325042001939337,0.44916666666666666,8.423383853220567,9.41
2023-08-17 13:30:00,1692303901.0,9.833333333333334,7.5,10.0,42.16666666666666,17.0,41.5,22.33333333333333,35.613214166666666,-119.68965166666668,,12.05429593631604,30.11237073035062,167.16666666666669,8.300623594237598,8.19190721002169,0.45083333333333336,8.183813595903018,9.378333333333334
2023-08-17 14:30:00,1692307501.0,8.833333333333334,6.666666666666667,8.833333333333334,41.66666666666666,16.333333333333332,42.0,20.5,35.6130765,-119.68957,,11.049460655679905,30.617206010986752,144.27777777777777,7.586577277290223,7.660875922253294,0.45583333333333337,7.538501708948947,8.915
2023-08-17 15:30:00,1692311101.0,7.5,5.666666666666667,7.666666666666667,41.0,15.5,42.16666666666666,18.666666666666668,35.613206166666664,-119.6895775,,9.734285401517957,31.26571459848204,116.25,6.66480431544436,6.950445501105529,0.4625,6.7877526824317735,8.2925
2023-08-17 16:30:00,1692314701.0,6.833333333333333,5.0,7.0,39.16666666666666,15.833333333333334,41.5,18.666666666666668,35.61323616666667,-119.6895015,,8.595532059032172,30.571134607634484,108.19444444444444,6.162172282609254,6.562982784867936,0.4658333333333334,6.430727912452111,7.9174999999999995
2023-08-17 17:30:00,1692318301.0,3.0,2.0,3.0,37.66666666666666,14.333333333333334,41.333333333333336,15.666666666666666,35.61321566666667,-119.68959933333332,,5.95238299797384,31.71428366869282,43.0,3.4146936677752193,4.481977470080904,0.485,4.050600019167017,6.051666666666667
2023-08-17 18:30:00,1692321901.0,0.3333333333333333,0.0,0.3333333333333333,35.333333333333336,13.666666666666666,39.16666666666666,14.833333333333334,35.61325216666667,-119.68959816666666,,3.436909027941859,31.896424305391477,4.555555555555555,1.537166971277216,3.0181199535670946,0.49833333333333335,2.4718914544737602,4.721666666666667
2023-08-17 19:30:00,1692325501.0,6.166666666666667,4.0,6.166666666666667,32.333333333333336,17.5,35.5,20.166666666666668,35.61323466666666,-119.68961216666666,,4.572986396209506,27.760346937123828,107.91666666666667,5.607683878779673,6.11819116967264,0.4691666666666666,6.15358502811692,7.429166666666667
2023-08-17 20:30:00,1692329101.0,1.0,0.0,1.0,29.0,21.0,32.166666666666664,24.5,35.613248666666664,-119.68959316666668,,4.455899176954726,24.544100823045273,21.0,2.051712302036329,3.075941500797882,0.495,3.309067581030863,4.445
2023-08-17 21:30:00,1692332701.0,0.8333333333333334,0.0,1.0,27.33333333333333,20.33333333333333,30.166666666666668,23.33333333333333,35.613229,-119.6895955,,2.6199413586952836,24.713391974638046,16.944444444444443,2.0031444249681316,3.0113233274021933,0.49583333333333335,3.3060516977017995,4.415
2023-08-17 22:30:00,1692336301.0,0.5,0.0,0.6666666666666666,26.0,19.5,29.0,21.666666666666668,35.61322916666666,-119.68962483333333,,0.9354056597152977,25.064594340284703,9.75,1.8795710004214192,2.860588643501676,0.4975,3.1690044157409476,4.3125
2023-08-17 23:30:00,1692339901.0,0.8333333333333334,0.0,1.0,25.166666666666668,19.33333333333333,28.0,21.83333333333333,35.613249833333334,-119.68957016666668,,0.13124790416769042,25.035418762498978,16.111111111111107,2.024483612174238,3.0543200016204723,0.49583333333333335,3.3357720258253103,4.5
2023-08-18 00:30:00,1692343501.0,0.6666666666666666,0.0,0.6666666666666666,24.666666666666668,18.666666666666668,27.5,21.166666666666668,35.61327116666667,-119.68962733333336,,-0.7619769752349111,25.42864364190158,12.444444444444445,1.9567163774576075,2.989701828224783,0.49666666666666665,3.20961844345784,4.47
2023-08-18 01:30:00,1692347101.0,1.1666666666666667,0.6666666666666666,1.3333333333333333,23.83333333333333,26.0,26.0,31.0,35.61325083333333,-119.68961066666668,,3.159177222570884,20.674156110762446,30.333333333333336,2.431104524026323,2.954240752581029,0.49416666666666664,3.721209917450299,4.1066666666666665
2023-08-18 02:30:00,1692350701.0,2.0,1.0,2.0,23.0,29.0,25.0,33.833333333333336,35.613247,-119.68959683333333,,3.9966772051953203,19.00332279480468,58.0,2.845125445939963,3.291663844298899,0.49,4.082528760693926,4.285
2023-08-18 03:30:00,1692354301.0,2.0,1.0,2.1666666666666665,22.33333333333333,30.83333333333333,25.0,36.0,35.61325516666667,-119.68959683333333,,4.294597603809156,18.038735729524173,61.66666666666666,2.8257029562933536,3.2128366082320547,0.49,4.117889377331196,4.129166666666666
2023-08-18 04:30:00,1692357901.0,3.0,2.0,3.0,22.0,32.666666666666664,24.5,38.0,35.61325816666667,-119.68957883333331,,4.831183301782159,17.168816698217842,98.0,3.5213488240802047,3.693705109412458,0.485,4.609750052847518,4.493333333333333
2023-08-18 05:30:00,1692361501.0,3.8333333333333335,2.333333333333333,4.166666666666667,22.0,34.0,24.0,39.333333333333336,35.613242,-119.68962216666668,,5.4066636411301525,16.59333635886985,130.33333333333334,3.900456562220571,4.1027893248274605,0.48083333333333333,5.041239369064961,4.8133333333333335
2023-08-18 06:30:00,1692365101.0,3.8333333333333335,2.1666666666666665,4.333333333333333,21.83333333333333,34.5,23.666666666666668,40.16666666666666,35.6132235,-119.68962233333332,,5.470623553741554,16.362709779591775,132.25,3.825849754056973,4.0812909877183206,0.48083333333333333,5.045264229653637,4.770833333333333
2023-08-18 07:30:00,1692368701.0,5.5,3.1666666666666665,5.666666666666667,22.0,34.333333333333336,25.0,38.5,35.613223833333336,-119.68956633333332,,5.5474124905168045,16.452587509483195,188.83333333333334,4.7697264821278225,5.021283328833447,0.4725,5.763165666490763,5.651666666666666
2023-08-18 08:30:00,1692372301.0,2.833333333333333,1.3333333333333333,3.0,26.5,26.83333333333333,29.166666666666668,30.0,35.6132255,-119.68958166666664,,5.882832373408471,20.61716762659153,76.02777777777776,3.2666133810196425,3.8512364194778765,0.48583333333333334,4.468482513207697,4.9025
2023-08-18 09:30:00,1692375901.0,2.0,1.0,2.0,31.666666666666668,19.166666666666668,32.0,24.0,35.613355166666665,-119.68962483333333,,5.337858777379652,26.328807889287017,38.333333333333336,2.781406943504215,3.7144644741119746,0.49,3.8080533190903285,5.120833333333334
2023-08-18 10:30:00,1692379501.0,1.1666666666666667,0.8333333333333334,1.3333333333333333,35.0,16.0,34.0,21.0,35.61325466666667,-119.6896375,,5.428091623887959,29.57190837611204,18.666666666666668,2.2790200931234343,3.3842074947638174,0.49416666666666664,3.216184893232466,4.956666666666667
2023-08-18 11:30:00,1692383101.0,9.0,6.5,9.166666666666666,37.5,14.5,35.833333333333336,19.5,35.613261666666666,-119.689612,,5.988589114819982,31.51141088518002,130.5,7.675561101363314,7.832985781194679,0.455,7.709676287440114,9.157499999999999
2023-08-18 12:30:00,1692386701.0,3.0,1.8333333333333333,3.0,39.0,14.833333333333334,37.333333333333336,20.0,35.61324283333333,-119.6896235,,7.502733266560916,31.497266733439083,44.5,3.3408752248223927,4.460479132971765,0.485,4.010545540914705,6.009166666666666
2023-08-18 13:30:00,1692390301.0,2.1666666666666665,1.3333333333333333,2.333333333333333,39.5,13.666666666666666,38.66666666666666,18.0,35.61322583333333,-119.68963983333332,,6.698087001182819,32.80191299881718,29.611111111111107,2.757574745625475,4.04422880518705,0.48916666666666664,3.480701592028402,5.675
2023-08-18 14:30:00,1692393901.0,2.0,1.0,2.0,39.333333333333336,13.0,38.833333333333336,16.833333333333332,35.61325716666666,-119.68952183333332,,5.8421416126159675,33.49119172071737,26.0,2.541045466852907,3.9796106317913607,0.49,3.2531173123691213,5.645
2023-08-18 15:30:00,1692397501.0,2.0,1.0,2.0,38.0,13.166666666666666,39.0,16.0,35.61323133333334,-119.68957783333332,,4.988600458698759,33.011399541301245,26.333333333333332,2.5698736147390364,3.972444519421648,0.49,3.310773811499172,5.630833333333333
2023-08-18 16:30:00,1692401101.0,2.0,1.0,2.0,37.333333333333336,13.166666666666666,39.0,16.0,35.61327166666667,-119.68956366666669,,4.469167086574369,32.86416624675897,26.333333333333332,2.58136150583741,3.972444519421648,0.49,3.3327179034176364,5.630833333333333
2023-08-18 17:30:00,1692404701.0,3.0,2.1666666666666665,3.1666666666666665,35.5,14.0,38.333333333333336,16.0,35.613236666666666,-119.689598,,3.910373258697516,31.589626741302485,42.0,3.5058234609134313,4.496309694820329,0.485,4.170934094929388,6.08
2023-08-18 18:30:00,1692408301.0,2.6666666666666665,1.8333333333333333,2.833333333333333,33.833333333333336,16.333333333333332,37.16666666666666,18.5,35.6132925,-119.689584,,4.791393595037815,29.041939738295522,43.55555555555555,3.3087429999652906,4.209418875895263,0.48666666666666664,4.1344955644741095,5.708333333333333
2023-08-18 19:30:00,1692411901.0,3.1666666666666665,2.0,3.1666666666666665,31.33333333333333,17.333333333333332,34.833333333333336,19.83333333333333,35.6132415,-119.68960183333331,,3.628010838503099,27.70532249483023,54.888888888888886,3.628282654038606,4.446270070300608,0.48416666666666663,4.461263174958574,5.883333333333333
2023-08-18 20:30:00,1692415501.0,2.5,1.6666666666666667,2.6666666666666665,28.666666666666668,21.33333333333333,31.33333333333333,25.0,35.61323116666667,-119.689617,,4.40499004123499,24.261676625431676,53.33333333333332,3.279894002472756,3.901152881929328,0.4875,4.314086097382454,5.196666666666667
2023-08-18 21:30:00,1692419101.0,2.333333333333333,1.5,2.333333333333333,27.0,21.5,30.0,24.166666666666668,35.61327616666667,-119.68962233333332,,3.1319557214649643,23.868044278535034,50.16666666666666,3.172955840159362,3.800704146685073,0.48833333333333334,4.21282074326097,5.095833333333333
2023-08-18 22:30:00,1692422701.0,2.6666666666666665,1.6666666666666667,2.833333333333333,26.0,23.0,28.83333333333333,26.33333333333333,35.61323933333333,-119.689617,,3.252522393503546,22.747477606496453,61.33333333333333,3.3731178143426837,3.9227743811067377,0.48666666666666664,4.469407861761616,5.141666666666667
2023-08-18 23:30:00,1692426301.0,3.0,2.0,3.1666666666666665,25.0,25.83333333333333,28.0,29.5,35.61322466666667,-119.68957033333334,,4.06004505365904,20.93995494634096,77.49999999999999,3.6103645573197314,3.987515716570697,0.485,4.691293794932505,5.074166666666667
2023-08-19 00:30:00,1692429901.0,3.1666666666666665,2.0,3.333333333333333,24.5,27.0,27.33333333333333,30.83333333333333,35.613237500000004,-119.68957016666668,,4.264468104888228,20.235531895111773,85.5,3.6617879454914295,4.030635552857246,0.48416666666666663,4.762852619756856,5.0616666666666665
2023-08-19 01:30:00,1692433501.0,4.0,2.6666666666666665,4.166666666666667,23.83333333333333,29.0,26.166666666666668,34.166666666666664,35.61326450000001,-119.68958533333334,,4.715084500066546,19.118248833266783,116.0,4.188216851888756,4.411055318793395,0.48,5.203433672476752,5.324999999999999
2023-08-19 02:30:00,1692437101.0,4.166666666666667,3.0,4.833333333333333,23.0,30.0,25.666666666666668,35.166666666666664,35.613249333333336,-119.68958283333332,,4.480902267629907,18.519097732370092,125.00000000000001,4.359528953412637,4.461341267449658,0.47916666666666663,5.455971116674364,5.326666666666666
2023-08-19 03:30:00,1692440701.0,4.833333333333333,3.0,5.0,22.83333333333333,30.33333333333333,24.666666666666668,36.0,35.613260333333336,-119.68962866666668,,4.494672337562872,18.338660995770457,146.6111111111111,4.590897832844463,4.820139534208397,0.47583333333333333,5.585358393651828,5.645
2023-08-19 04:30:00,1692444301.0,4.833333333333333,3.1666666666666665,5.0,21.5,33.666666666666664,22.666666666666668,41.333333333333336,35.6132505,-119.68958666666668,,4.82576867036252,16.67423132963748,162.7222222222222,4.5693801587477,4.676817286814134,0.47583333333333333,5.541153762159063,5.361666666666666
2023-08-19 05:30:00,1692447901.0,9.0,6.166666666666667,9.166666666666666,20.0,37.66666666666666,21.0,45.833333333333336,35.6132665,-119.68955883333332,,5.112838605887921,14.887161394112079,338.9999999999999,6.93066563259435,6.836896161804552,0.455,7.4537716376706875,7.1883333333333335
2023-08-19 06:30:00,1692451501.0,5.833333333333333,3.333333333333333,6.333333333333333,19.5,38.66666666666666,21.166666666666668,45.66666666666666,35.613245,-119.6895715,,5.043894749700867,14.456105250299133,225.5555555555555,4.803582259703193,5.021529652969988,0.4708333333333334,5.866673094068556,5.456666666666667
2023-08-19 07:30:00,1692455101.0,5.5,3.333333333333333,5.5,20.5,36.333333333333336,22.5,41.66666666666666,35.613212,-119.6895715,,5.038624981981809,15.461375018018192,199.83333333333334,4.775397271314033,4.935289980396889,0.4725,5.696787783189515,5.4816666666666665
2023-08-19 08:30:00,1692458701.0,5.333333333333333,3.1666666666666665,5.833333333333333,24.5,30.666666666666668,27.0,34.833333333333336,35.613245666666664,-119.6896045,,6.0971480839191114,18.402851916080888,163.55555555555554,4.80473237581285,5.085655178092594,0.4733333333333334,5.858539797427111,5.876666666666667
2023-08-19 09:30:00,1692462301.0,8.166666666666666,5.666666666666667,8.666666666666666,30.0,23.5,30.33333333333333,29.666666666666668,35.613237,-119.68961216666666,,6.914157381489743,23.085842618510256,191.91666666666666,6.952425833024081,6.979602598857462,0.45916666666666667,7.5127340086093755,7.9591666666666665
2023-08-19 10:30:00,1692465901.0,17.5,12.833333333333334,17.833333333333332,33.0,21.666666666666668,31.5,30.33333333333333,35.61326333333333,-119.68962733333336,,8.222528903216878,24.777471096783124,379.1666666666667,12.856689150297157,11.267717352727905,0.4125,12.739328208655484,12.968333333333334
2023-08-19 11:30:00,1692469501.0,11.5,7.833333333333333,11.833333333333334,34.833333333333336,20.166666666666668,33.5,28.33333333333333,35.61321316666667,-119.68959533333332,,8.674378324922008,26.158955008411326,231.91666666666669,11.153418057550692,9.57693158156219,0.4425,9.238173952014684,9.975833333333334
2023-08-19 12:30:00,1692473101.0,7.666666666666667,5.0,7.666666666666667,36.333333333333336,19.0,35.166666666666664,26.33333333333333,35.61322783333333,-119.68958166666664,,9.017214104692421,27.316119228640915,145.66666666666669,6.523713205045099,6.893239764216094,0.46166666666666667,6.913390308472339,8.081666666666667
2023-08-19 13:30:00,1692476701.0,7.5,4.833333333333333,7.5,38.66666666666666,18.0,37.0,25.166666666666668,35.613222,-119.68958416666668,,10.103229398412186,28.56343726825447,135.0,6.371936712811055,6.842953815559831,0.4625,6.732432285894214,8.08
2023-08-19 14:30:00,1692480301.0,7.0,4.5,7.0,38.5,19.0,37.66666666666666,26.5,35.61321433333333,-119.68958016666666,,10.779670580673015,27.720329419326987,133.0,6.032786971483997,6.520109272717928,0.465,6.4670959423552485,7.734999999999999
2023-08-19 15:30:00,1692483901.0,6.833333333333333,4.166666666666667,7.0,37.833333333333336,20.166666666666668,37.5,27.33333333333333,35.61329283333333,-119.689602,,11.133775210510745,26.69955812282259,137.80555555555557,5.833907065655951,6.376663863255395,0.4658333333333334,6.407961564255708,7.549166666666666
2023-08-19 16:30:00,1692487501.0,8.166666666666666,5.0,8.833333333333334,36.833333333333336,21.0,36.833333333333336,28.33333333333333,35.613282500000004,-119.6895715,,10.923098838030347,25.910234495302987,171.5,6.678795754936249,7.087094284403159,0.45916666666666667,7.300853420116557,8.171666666666667
2023-08-19 17:30:00,1692491101.0,8.833333333333334,4.833333333333333,9.333333333333334,29.166666666666668,37.333333333333336,29.666666666666668,51.16666666666666,35.6132495,-119.68957883333331,,13.119195576818408,16.04747108984826,329.7777777777778,6.31179884818265,6.757945763669437,0.45583333333333337,7.118145044133524,7.13
2023-08-19 18:30:00,1692494701.0,15.5,9.333333333333334,16.333333333333332,24.0,58.833333333333336,26.166666666666668,72.0,35.61325,-119.68961483333334,,15.447221343497297,8.552778656502703,911.9166666666667,5.5459228137814565,6.705840133545357,0.4225,8.400843794032202,8.769166666666667
2023-08-19 19:30:00,1692498301.0,8.833333333333334,5.833333333333333,9.333333333333334,24.166666666666668,57.16666666666666,26.0,68.33333333333333,35.613266833333334,-119.68959433333332,,15.155110227133893,9.011556439532775,504.9722222222222,5.610882372644622,5.905178391673575,0.45583333333333337,6.061788899138273,5.444166666666668
2023-08-19 20:30:00,1692501901.0,8.166666666666666,5.5,8.5,23.0,53.5,25.166666666666668,63.0,35.613243833333335,-119.6897685,,13.046129601768794,9.953870398231206,436.91666666666663,5.543443894663271,5.689702372309096,0.45916666666666667,6.0471527109030925,5.409166666666666
2023-08-19 21:30:00,1692505501.0,7.833333333333333,5.5,8.166666666666666,22.5,52.833333333333336,24.666666666666668,62.5,35.61323683333333,-119.68960183333331,,12.391554299893722,10.108445700106278,413.8611111111111,5.498518030764474,5.531801576038866,0.4608333333333334,6.000554621963504,5.2924999999999995
2023-08-19 22:30:00,1692509101.0,11.0,7.0,11.166666666666666,21.5,59.833333333333336,23.0,74.33333333333333,35.61325516666667,-119.68959416666668,,13.362609505727706,8.137390494272294,658.1666666666667,4.292191059895986,5.212184013059907,0.445,6.56458307522884,6.344166666666666
2023-08-19 23:30:00,1692512701.0,14.666666666666666,10.0,15.333333333333334,21.166666666666668,69.0,22.5,85.16666666666667,35.61322716666667,-119.68956633333332,,15.251836443694417,5.914830222972251,1012.0,4.961012067730292,5.369712085543322,0.42666666666666664,7.200842959077547,7.471666666666667
2023-08-20 00:30:00,1692516301.0,17.5,11.666666666666666,18.0,20.83333333333333,70.83333333333333,22.0,88.66666666666667,35.61323683333333,-119.6896005,,15.341533181152426,5.491800152180902,1239.5833333333333,5.704250322599855,6.048720986234294,0.4125,7.842140546585169,8.789166666666667
2023-08-20 01:30:00,1692519901.0,14.666666666666666,9.833333333333334,15.0,20.0,69.66666666666667,21.666666666666668,85.16666666666667,35.61321016666667,-119.6896235,,14.285333324846246,5.7146666751537545,1021.7777777777778,4.763004810005122,5.298946033116289,0.42666666666666664,7.019671712512836,7.414999999999999
2023-08-20 02:30:00,1692523501.0,16.5,11.0,17.0,20.0,71.0,21.166666666666668,87.5,35.613242500000005,-119.68958783333332,,14.578891407942692,5.421108592057308,1171.5,5.293683084992253,5.722694574939778,0.4175,7.502859712114002,8.254999999999999
2023-08-20 03:30:00,1692527101.0,23.0,15.833333333333334,23.666666666666668,20.33333333333333,71.0,21.666666666666668,86.66666666666667,35.6132465,-119.68961983333332,,14.898622439935052,5.434710893398277,1633.0,8.170913637082576,7.726871413160192,0.385,9.736388050981905,11.635000000000002
2023-08-20 04:30:00,1692530701.0,27.33333333333333,18.83333333333333,28.0,21.0,68.33333333333333,22.0,84.66666666666667,35.613262666666664,-119.68961083333332,,14.94152217866388,6.058477821336121,1867.7777777777774,10.111638387752976,9.34605351501526,0.36333333333333334,11.600938067852379,14.114999999999998
2023-08-20 05:30:00,1692534301.0,24.166666666666668,16.666666666666668,24.83333333333333,21.0,69.0,22.0,85.0,35.6131255,-119.68958416666668,,15.092544168099126,5.907455831900874,1667.5,8.81977655818799,8.298893618327003,0.37916666666666665,10.42498289377933,12.411666666666669
2023-08-20 06:30:00,1692537901.0,22.83333333333333,15.5,23.666666666666668,21.0,69.0,22.0,84.5,35.6133285,-119.689602,,15.092544168099126,5.907455831900874,1575.4999999999998,8.115431976515904,7.8877804207433275,0.38583333333333336,9.977073060445997,11.71833333333333
2023-08-20 07:30:00,1692541501.0,22.5,15.333333333333334,23.166666666666668,21.166666666666668,66.5,22.33333333333333,81.33333333333333,35.61323483333334,-119.6896275,,14.678013191405016,6.488653475261652,1496.25,8.235244883957456,8.050374817948779,0.3875,10.190026036753245,11.7575
2023-08-20 08:30:00,1692545101.0,21.0,14.5,21.83333333333333,22.166666666666668,64.0,23.5,77.33333333333333,35.61323466666667,-119.6896055,,15.031920477298288,7.13474618936838,1344.0,8.02429971471685,7.853245167268517,0.395,10.076745523697966,11.19
2023-08-20 09:30:00,1692548701.0,16.666666666666668,11.833333333333334,17.333333333333332,23.666666666666668,56.66666666666666,25.0,69.0,35.613230333333334,-119.68957516666669,,14.551998012413577,9.11466865425309,944.4444444444443,7.396681392856538,7.295553851818928,0.41666666666666663,9.338857884208602,9.560000000000002
2023-08-20 10:30:00,1692552301.0,24.33333333333333,16.5,25.166666666666668,24.0,54.5,25.0,68.83333333333333,35.61322583333333,-119.68956633333332,,14.258649065850614,9.741350934149386,1326.1666666666665,9.892621289624623,9.889444408312908,0.37833333333333335,12.61044899938824,13.73083333333333
2023-08-20 11:30:00,1692555901.0,28.5,20.0,29.33333333333333,24.0,56.0,25.0,71.5,35.613231,-119.68956116666668,,14.679194708103942,9.320805291896058,1596.0,11.686150789526623,11.014949532801069,0.3575,14.156355716879936,15.77
2023-08-20 12:30:00,1692559501.0,43.16666666666666,30.0,43.833333333333336,24.0,57.333333333333336,25.0,73.66666666666667,35.61325633333333,-119.68960816666667,,15.044775238519161,8.955224761480839,2474.8888888888882,16.789099918908363,15.395662601367423,0.28416666666666673,19.61070399143017,23.283333333333328
2023-08-20 13:30:00,1692563101.0,63.0,42.833333333333336,64.83333333333333,24.0,57.5,25.0,74.83333333333333,35.61327933333333,-119.68962083333334,,15.089945690839834,8.910054309160166,3622.5,23.340012121330176,21.49327990231783,0.185,27.479072942266505,33.582499999999996
2023-08-20 14:30:00,1692566701.0,34.5,23.83333333333333,35.333333333333336,24.0,55.66666666666666,24.83333333333333,71.66666666666667,35.61326833333334,-119.68958283333336,,14.586604088162037,9.413395911837963,1920.4999999999998,13.622893218126343,12.900341948141122,0.3275,16.552698899778605,18.918333333333337
2023-08-20 15:30:00,1692570301.0,31.5,20.666666666666668,32.666666666666664,22.666666666666668,64.5,23.166666666666668,83.5,35.61327683333334,-119.6896145,,15.62693152469924,7.039735141967428,2031.75,11.251413647319524,11.03768705891968,0.3425,13.668760838569083,16.607499999999998
2023-08-20 16:30:00,1692573901.0,25.83333333333333,17.166666666666668,26.83333333333333,22.0,70.83333333333333,22.666666666666668,89.16666666666667,35.6131815,-119.6895955,,16.46005480286478,5.539945197135221,1829.8611111111106,8.903888970282638,8.618178471132257,0.37083333333333335,10.663832975761153,13.122499999999999
2023-08-20 17:30:00,1692577501.0,23.166666666666668,15.5,23.83333333333333,22.0,71.5,22.166666666666668,89.66666666666667,35.61323983333333,-119.68961583333332,,16.607488901015188,5.392511098984812,1656.4166666666667,7.895909174643298,7.725186023537877,0.38416666666666666,9.630041884940672,11.679166666666667
2023-08-20 18:30:00,1692581101.0,22.33333333333333,14.833333333333334,22.83333333333333,21.166666666666668,72.0,22.0,89.0,35.613260333333336,-119.68961333333334,,15.916769126992719,5.249897539673949,1607.9999999999995,7.446213213673021,7.415165735727806,0.38833333333333336,9.231588687661041,11.203333333333331
2023-08-20 19:30:00,1692584701.0,26.33333333333333,17.0,27.166666666666668,21.0,73.5,22.0,91.5,35.613175000000005,-119.6896335,,16.07963519263079,4.920364807369211,1935.4999999999995,8.557256161681268,8.489281710518007,0.36833333333333335,10.266858568015273,13.15583333333333
2023-08-20 20:30:00,1692588301.0,15.5,10.5,16.0,20.33333333333333,74.83333333333333,21.0,93.16666666666669,35.61325516666667,-119.68960833333334,,15.718413205693597,4.614920127639731,1159.9166666666665,4.6325291285650305,5.007454875296589,0.4225,6.7692633760828596,7.409166666666667
2023-08-20 21:30:00,1692591901.0,8.166666666666666,5.333333333333333,8.166666666666666,20.0,76.66666666666667,21.0,94.16666666666669,35.61327483333333,-119.68961966666666,,15.77479947708654,4.225200522913459,626.1111111111111,4.096856363334036,4.69361275291897,0.45916666666666667,4.197305549574519,3.4399999999999986
2023-08-20 22:30:00,1692595501.0,8.5,5.833333333333333,8.666666666666666,20.0,77.83333333333333,21.0,94.66666666666669,35.613208,-119.68960583333336,,16.01132238145006,3.9886776185499393,661.5833333333333,4.259779633999574,4.8300152120800615,0.4575,4.291240771698462,3.514166666666666
2023-08-20 23:30:00,1692599101.0,7.666666666666667,5.333333333333333,7.666666666666667,20.0,77.83333333333333,20.83333333333333,93.83333333333331,35.613222666666665,-119.68959033333334,,16.01132238145006,3.9886776185499393,596.7222222222222,3.950289704904877,4.363602097707355,0.46166666666666667,4.013139077254018,3.080833333333333
2023-08-21 00:30:00,1692602701.0,4.0,3.0,4.0,19.0,76.66666666666667,20.0,92.0,35.61326616666667,-119.68960816666667,,14.806598675251735,4.193401324748265,306.6666666666667,2.593009356706628,2.3615471810554367,0.48,3.03745155302221,1.2733333333333325
2023-08-21 01:30:00,1692606301.0,5.0,3.8333333333333335,5.0,19.0,77.5,20.0,92.66666666666669,35.613255833333334,-119.68961216666666,,14.974599322133155,4.025400677866845,387.5,3.0163373081554914,2.885412356454119,0.475,3.3079298734353584,1.7224999999999997
2023-08-21 02:30:00,1692609901.0,7.666666666666667,5.0,7.666666666666667,19.0,78.5,20.0,93.5,35.61322283333333,-119.68961583333332,,15.174115531027095,3.8258844689729052,601.8333333333334,3.7863695382861837,4.334937648228502,0.46166666666666667,3.907446034424205,3.0241666666666664
2023-08-21 03:30:00,1692613501.0,10.0,6.666666666666667,10.5,18.83333333333333,78.83333333333333,19.83333333333333,94.33333333333331,35.613219,-119.689621,,15.078203294897294,3.755130038436034,788.3333333333333,4.7228298818590515,5.626562143732655,0.45,4.703851820348046,4.2091666666666665
2023-08-21 04:30:00,1692617101.0,9.333333333333334,6.5,9.5,18.0,79.0,19.0,93.83333333333331,35.61324,-119.68963883333332,,14.301218982136724,3.6987810178632756,737.3333333333334,4.556350884443648,5.246265539864776,0.45333333333333337,4.460500414087937,3.8483333333333327
2023-08-21 05:30:00,1692620701.0,14.666666666666666,9.5,14.666666666666666,18.0,80.0,19.166666666666668,94.83333333333331,35.61325716666667,-119.68961333333334,,14.49594729129245,3.5040527087075493,1173.3333333333333,3.441385265914273,4.202072220497294,0.42666666666666664,5.739095805469434,6.536666666666666
2023-08-21 06:30:00,1692624301.0,19.33333333333333,12.333333333333334,19.666666666666668,18.166666666666668,79.5,19.5,94.5,35.6132735,-119.68959183333334,,14.560952389665017,3.605714277001651,1536.9999999999995,5.237571688856483,5.694042951360428,0.4033333333333334,7.163558693679511,9.005833333333332
2023-08-21 07:30:00,1692627901.0,20.0,13.0,20.5,19.0,79.16666666666667,20.166666666666668,92.33333333333331,35.613201833333335,-119.68961733333332,,15.305888210643475,3.6941117893565245,1583.3333333333335,5.703556742717355,5.9349825763657815,0.4,7.477646829912269,9.380833333333332
2023-08-21 08:30:00,1692631501.0,7.333333333333333,5.0,7.333333333333333,21.5,68.66666666666667,23.166666666666668,79.33333333333333,35.61325216666667,-119.68959666666666,,15.49477859179985,6.00522140820015,503.55555555555554,4.30950589443114,4.571173032292494,0.4633333333333334,4.584448007879847,3.6866666666666656
2023-08-21 09:30:00,1692635101.0,5.5,4.0,5.833333333333333,25.0,54.66666666666666,25.33333333333333,67.16666666666667,35.6132395,-119.68958383333332,,15.234484070370536,9.765515929629464,300.66666666666663,4.238863923282484,4.1470176197284445,0.4725,4.926769875966904,3.923333333333334
2023-08-21 10:30:00,1692638701.0,6.5,4.833333333333333,6.5,27.33333333333333,45.16666666666666,26.83333333333333,59.0,35.613210333333335,-119.68959433333332,,14.410487146758886,12.922846186574443,293.58333333333326,5.235040593606574,5.115181762049341,0.4675,5.784000985814386,5.250833333333334
2023-08-21 11:30:00,1692642301.0,9.0,6.166666666666667,9.0,30.666666666666668,37.833333333333336,29.166666666666668,53.5,35.6132455,-119.68960166666666,,14.65336410666743,16.01330255999924,340.5,6.829009961274756,6.829730049434839,0.455,7.222691679883367,7.174166666666666
2023-08-21 12:30:00,1692645901.0,8.5,6.166666666666667,8.666666666666666,33.333333333333336,32.0,31.0,47.5,35.61331166666667,-119.68959666666666,,14.397221904345887,18.93611142898745,272.0,6.908967662782855,6.800696113751175,0.4575,7.309751977622757,7.41
2023-08-21 13:30:00,1692649501.0,8.666666666666666,6.666666666666667,8.666666666666666,33.166666666666664,31.33333333333333,31.5,45.16666666666666,35.6132495,-119.689588,,13.927458703744197,19.239207962922467,271.5555555555555,7.185803601699563,6.922643186104569,0.45666666666666667,7.447250283137703,7.553333333333334
2023-08-21 14:30:00,1692653101.0,7.666666666666667,5.5,7.666666666666667,31.666666666666668,31.666666666666668,31.666666666666668,41.333333333333336,35.613173833333335,-119.6896475,,12.790275371036353,18.876391295630313,242.7777777777778,6.397425678656758,6.348615224117895,0.46166666666666667,6.871602123236483,7.005
2023-08-21 15:30:00,1692656701.0,9.333333333333334,6.166666666666667,9.5,31.166666666666668,31.666666666666668,31.33333333333333,41.66666666666666,35.613231000000006,-119.68956516666668,,12.35655638922241,18.81011027744426,295.5555555555556,7.237842550387007,7.281441452863309,0.45333333333333337,7.69298478947443,7.871666666666666
2023-08-21 16:30:00,1692660301.0,5.5,3.6666666666666665,5.833333333333333,27.666666666666668,39.16666666666666,29.166666666666668,48.833333333333336,35.61326183333333,-119.68956,,12.519621512116416,15.147045154550252,215.41666666666663,4.734971876349258,4.813466070111766,0.4725,5.607218199030368,5.240833333333335
2023-08-21 17:30:00,1692663901.0,6.5,4.166666666666667,6.666666666666667,25.166666666666668,44.0,27.0,53.0,35.61317316666666,-119.68962466666666,,12.046796734977978,13.11986993168869,286.0,5.052403391856905,5.165344548637333,0.4675,5.8058040591046565,5.35
2023-08-21 18:30:00,1692667501.0,7.333333333333333,5.0,7.666666666666667,25.0,43.66666666666666,27.0,51.66666666666666,35.6132325,-119.68956,,11.78063241862766,13.21936758137234,320.2222222222221,5.6298563746287735,5.646089887749466,0.4633333333333334,6.292632686458412,5.811666666666667
2023-08-21 19:30:00,1692671101.0,7.833333333333333,5.166666666666667,8.333333333333334,23.5,46.833333333333336,25.0,56.5,35.61325466666667,-119.689602,,11.479508873835668,12.020491126164332,366.86111111111114,5.689213035678,5.78978162134854,0.4608333333333334,6.363308468860867,5.802499999999999
2023-08-21 20:30:00,1692674701.0,8.0,5.166666666666667,8.166666666666666,22.0,50.833333333333336,23.33333333333333,61.16666666666666,35.61321183333333,-119.68957916666666,,11.34420000985904,10.65579999014096,406.6666666666667,5.529750427686837,5.711077547349966,0.46,6.088761602069421,5.549166666666666
2023-08-21 21:30:00,1692678301.0,8.0,5.333333333333333,8.666666666666666,21.0,53.0,23.0,62.5,35.61327816666667,-119.68957916666666,,11.050741434620514,9.949258565379486,424.0,5.477958322600196,5.617918086543695,0.46,6.114238322306812,5.365
2023-08-21 22:30:00,1692681901.0,8.0,5.0,8.5,21.0,54.5,22.166666666666668,64.16666666666667,35.61325133333333,-119.68957266666666,,11.47232653431268,9.52767346568732,436.0,5.2680021083909425,5.553423075216276,0.46,5.909685963653565,5.2375
2023-08-21 23:30:00,1692685501.0,7.833333333333333,5.0,8.166666666666666,20.666666666666668,56.0,22.0,66.5,35.6132405,-119.68961333333334,,11.573074976437983,9.093591690228685,438.66666666666663,5.144004464368823,5.395645441014317,0.4608333333333334,5.717483480379913,5.0233333333333325
2023-08-22 00:30:00,1692689101.0,8.166666666666666,5.333333333333333,8.333333333333334,20.0,57.0,22.0,67.83333333333333,35.61323083333333,-119.6896745,,11.218522065555835,8.781477934444165,465.49999999999994,5.295607368421235,5.53921401254512,0.45916666666666667,5.758515850883305,5.1116666666666655
2023-08-22 01:30:00,1692692701.0,9.833333333333334,6.166666666666667,10.0,20.0,58.5,21.5,70.0,35.61319233333334,-119.68962966666668,,11.611376521332453,8.388623478667547,575.25,5.907073692887874,6.407545229963116,0.45083333333333336,6.238491974202286,5.850833333333334
2023-08-22 02:30:00,1692696301.0,12.0,7.666666666666667,12.666666666666666,19.83333333333333,61.333333333333336,20.666666666666668,73.5,35.61323483333333,-119.68962716666664,,12.17272546653067,7.660607866802659,736.0,4.444624687921543,5.36129529328684,0.44,6.949155355041464,6.736666666666666
2023-08-22 03:30:00,1692699901.0,12.5,7.833333333333333,12.833333333333334,19.0,64.33333333333333,19.83333333333333,77.83333333333333,35.6132755,-119.68958666666668,,12.111304767511973,6.888695232488027,804.1666666666666,4.145084481227508,5.197015506459076,0.4375,6.736868029797622,6.741666666666666
2023-08-22 04:30:00,1692703501.0,15.166666666666666,9.166666666666666,15.5,19.0,66.0,19.666666666666668,78.83333333333333,35.61327433333333,-119.68961466666669,,12.500843395243734,6.499156604756266,1001.0,4.630883736316564,5.842326770558843,0.42416666666666664,7.425034535490644,7.986666666666666
2023-08-22 05:30:00,1692707101.0,15.5,9.5,16.333333333333332,19.0,66.0,20.0,77.83333333333333,35.613278,-119.6895665,,12.500843395243734,6.499156604756266,1023.0,4.833047766493413,5.945105069954763,0.4225,7.691710702157312,8.16
2023-08-22 06:30:00,1692710701.0,17.166666666666668,10.333333333333334,18.0,19.0,66.0,20.0,78.66666666666667,35.613263499999995,-119.68962466666666,,12.500843395243734,6.499156604756266,1133.0,5.2573691076216935,6.458996566934356,0.4141666666666666,8.222762368823979,9.026666666666667
2023-08-22 07:30:00,1692714301.0,21.666666666666668,12.333333333333334,22.666666666666668,19.33333333333333,66.0,20.5,78.16666666666667,35.6132075,-119.68960933333334,,12.817841933869525,6.515491399463803,1430.0,6.230089623928817,7.846503608779258,0.39166666666666666,9.655361282016385,11.366666666666667
2023-08-22 08:30:00,1692717901.0,22.166666666666668,12.166666666666666,23.33333333333333,21.33333333333333,60.333333333333336,21.83333333333333,75.0,35.61328433333333,-119.68962483333333,,13.333733417262552,7.9995999160707765,1337.388888888889,6.572211402383707,8.60218250350291,0.38916666666666666,10.56637851859795,12.108333333333334
2023-08-22 09:30:00,1692721501.0,22.5,12.5,23.5,24.0,52.16666666666666,23.166666666666668,70.5,35.613254000000005,-119.68961966666666,,13.583770682334524,10.416229317665476,1173.7499999999998,7.542685366127352,9.57184494512997,0.3875,11.759810183807186,12.975833333333334
2023-08-22 10:30:00,1692725101.0,23.0,13.5,24.166666666666668,26.5,45.333333333333336,25.166666666666668,63.66666666666666,35.61327433333333,-119.689602,,13.71147970533926,12.78852029466074,1042.6666666666667,8.876654890757662,10.451364431600926,0.385,13.002451736389546,13.816666666666666
2023-08-22 11:30:00,1692728701.0,19.666666666666668,12.166666666666666,20.5,28.33333333333333,39.833333333333336,26.5,58.0,35.61322983333333,-119.68956483333334,,13.372653844656547,14.960679488676782,783.388888888889,9.15857193524999,10.007401370164754,0.4016666666666666,12.173799835858034,12.550833333333333
2023-08-22 12:30:00,1692732301.0,17.666666666666668,10.833333333333334,18.33333333333333,30.0,36.16666666666666,28.5,52.5,35.61322066666667,-119.68960683333334,,13.368567005147685,16.631432994852315,638.9444444444443,9.097635908550462,9.779944862137919,0.4116666666666666,11.51493377659267,11.822500000000002
2023-08-22 13:30:00,1692735901.0,15.833333333333334,10.0,16.333333333333332,31.666666666666668,33.0,29.666666666666668,48.833333333333336,35.61321233333334,-119.689597,,13.42235241435763,18.24431425230904,522.5,9.360195776131757,9.550802964488767,0.42083333333333334,10.873453670893102,11.138333333333335
2023-08-22 14:30:00,1692739501.0,13.166666666666666,8.666666666666666,13.666666666666666,32.0,31.666666666666668,30.666666666666668,45.333333333333336,35.613184,-119.68957766666666,,13.079361126896874,18.920638873103126,416.94444444444446,9.18566341120713,8.870108674175482,0.43416666666666665,9.695217331547202,9.864999999999998
2023-08-22 15:30:00,1692743101.0,13.0,8.833333333333334,13.333333333333334,32.166666666666664,31.33333333333333,31.666666666666668,43.833333333333336,35.61326666666667,-119.68951783333334,,13.061661361268829,19.105005305397835,407.33333333333326,9.395411529450827,8.854102550691039,0.435,9.631626694267592,9.806666666666667
2023-08-22 16:30:00,1692746701.0,12.5,8.5,13.0,31.33333333333333,32.166666666666664,31.666666666666668,42.833333333333336,35.61326483333333,-119.68954466666666,,12.740326732880886,18.59300660045244,402.0833333333333,9.110879397192694,8.61147753606337,0.4375,9.3882816005821,9.475833333333334
2023-08-22 17:30:00,1692750301.0,12.833333333333334,8.833333333333334,13.0,30.0,34.333333333333336,31.666666666666668,42.833333333333336,35.613243000000004,-119.6895715,,12.572152688768398,17.427847311231602,440.61111111111114,8.906631491163099,8.484266165071435,0.43583333333333335,9.37215046430322,9.465
2023-08-22 18:30:00,1692753901.0,11.166666666666666,7.833333333333333,11.666666666666666,28.83333333333333,35.5,31.0,42.66666666666666,35.61319783333334,-119.68960066666666,,12.056273647511716,16.777059685821612,396.41666666666663,8.326649951883898,7.846534076344535,0.44416666666666665,8.606618776579422,8.499166666666667
2023-08-22 19:30:00,1692757501.0,13.166666666666666,9.333333333333334,13.333333333333334,27.666666666666668,38.66666666666666,29.83333333333333,46.333333333333336,35.61322466666667,-119.68962233333332,,12.323765356335137,15.34290131033153,509.111111111111,8.502028799147183,8.127065123691647,0.43416666666666665,9.31076757111537,9.27
2023-08-22 20:30:00,1692761101.0,29.83333333333333,20.166666666666668,30.83333333333333,26.0,46.333333333333336,28.0,56.5,35.6132215,-119.68963383333332,,13.592972282602402,12.407027717397598,1382.2777777777776,12.358412835067798,12.452170490576709,0.35083333333333333,16.19085131236035,17.284999999999997
2023-08-22 21:30:00,1692764701.0,43.66666666666666,27.5,44.833333333333336,24.5,52.66666666666666,26.5,64.0,35.613263499999995,-119.689621,,14.192853159676012,10.307146840323988,2299.777777777777,15.083349515318266,16.04519241745053,0.28166666666666673,20.538243524588705,23.939999999999998
2023-08-22 22:30:00,1692768301.0,52.5,31.666666666666668,54.5,24.0,56.833333333333336,25.83333333333333,69.0,35.613249833333334,-119.689621,,14.908567544203708,9.091432455796292,2983.75,16.78780239127464,18.32652952377342,0.2375,22.935787215824085,28.179166666666667
2023-08-22 23:30:00,1692771901.0,40.66666666666666,25.5,42.16666666666666,23.0,58.16666666666666,25.0,70.16666666666667,35.61322416666667,-119.6895995,,14.333668761788545,8.666331238211455,2365.4444444444434,13.89798239262162,14.536367790364245,0.2966666666666667,18.20203677104103,21.912499999999994
2023-08-23 00:30:00,1692775501.0,14.0,9.333333333333334,15.0,22.166666666666668,55.833333333333336,24.0,66.5,35.613263499999995,-119.689607,,12.925539716010153,9.241126950656515,781.6666666666667,6.057426734735454,6.561785022185367,0.43,8.358933549226634,8.244166666666667
2023-08-23 01:30:00,1692779101.0,20.5,13.166666666666666,21.33333333333333,21.5,59.833333333333336,22.666666666666668,73.33333333333333,35.613179,-119.68962466666666,,13.362609505727706,8.137390494272294,1226.5833333333335,7.517647332790185,8.141365545843588,0.3975,10.281255825228836,11.284166666666666
2023-08-23 02:30:00,1692783000.4285717,21.857142857142858,13.857142857142858,22.428571428571427,21.0,61.85714285714285,22.285714285714285,73.42857142857143,35.613242,-119.68961771428572,,13.402830234918227,7.597169765081773,1352.020408163265,7.65900906578014,8.344994534230626,0.3907142857142857,10.411558659355979,11.817857142857143
2023-08-23 03:30:00,1692786900.0,22.5,14.333333333333334,23.666666666666668,20.5,62.5,21.83333333333333,75.0,35.61327983333333,-119.68959166666669,,13.089488502235765,7.410511497764235,1406.25,7.862643883956894,8.474971132510973,0.3875,10.725643051505392,12.0975
2023-08-23 04:30:00,1692790500.0,22.166666666666668,14.5,23.166666666666668,20.0,61.66666666666666,22.0,71.83333333333333,35.613246333333336,-119.6896095,,12.412410125491292,7.5875898745087085,1366.9444444444443,8.083316164848812,8.460650398648845,0.38916666666666666,10.747798120111378,11.995000000000001
2023-08-23 05:30:00,1692794100.0,21.5,13.666666666666666,22.666666666666668,20.0,62.5,21.5,74.66666666666667,35.613215333333336,-119.68960066666666,,12.617178799458356,7.382821200541644,1343.75,7.497026191765661,8.166636234323217,0.3925,10.366406263141005,11.5775
2023-08-23 06:30:00,1692797700.0,19.5,12.0,20.33333333333333,20.0,63.333333333333336,21.666666666666668,72.83333333333333,35.61320683333333,-119.689598,,12.819557167962804,7.180442832037196,1235.0,6.462355999003965,7.461508872413914,0.4025,9.38803075898468,10.466666666666667
2023-08-23 07:30:00,1692801300.0,16.5,10.5,17.333333333333332,21.33333333333333,58.0,23.666666666666668,65.66666666666667,35.61322233333333,-119.6895855,,12.729613466599734,8.603719866733595,957.0,6.305740634302792,7.102632597266902,0.4175,8.984392279902423,9.36
2023-08-23 08:30:00,1692804900.0,15.833333333333334,10.0,16.5,24.5,48.16666666666666,25.33333333333333,59.0,35.6132565,-119.6895765,,12.819761252662719,11.680238747337281,762.6388888888888,7.212026909895478,7.940875271773789,0.42083333333333334,9.663515981936165,9.849166666666669
2023-08-23 09:30:00,1692808500.0,14.166666666666666,9.166666666666666,14.5,27.33333333333333,39.833333333333336,27.33333333333333,52.16666666666666,35.61322083333334,-119.6895955,,12.479661598105258,14.85367173522807,564.3055555555555,8.029997949197808,8.311559430132094,0.42916666666666664,9.596072009121958,9.690833333333332
2023-08-23 10:30:00,1692812100.0,11.833333333333334,8.166666666666666,12.166666666666666,30.33333333333333,33.333333333333336,29.5,45.5,35.613201833333335,-119.68959066666666,,12.41292314614763,17.9204101871857,394.4444444444445,8.803173946392487,8.282080345524227,0.44083333333333335,8.977571415582393,9.030000000000001
2023-08-23 11:30:00,1692815700.0,11.333333333333334,7.5,11.333333333333334,33.0,28.83333333333333,31.33333333333333,40.16666666666666,35.61319916666667,-119.68961583333332,,12.508465068169379,20.49153493183062,326.7777777777777,9.253399793429496,8.605583750312816,0.44333333333333336,8.768673770266279,9.1525
2023-08-23 12:30:00,1692819300.0,9.333333333333334,6.5,9.5,35.166666666666664,24.5,33.0,36.0,35.613224,-119.68960083333332,,11.868328675023582,23.29833799164308,228.66666666666669,7.616573467040084,7.589584284760973,0.45333333333333337,7.920165477378207,8.480833333333333
2023-08-23 13:30:00,1692822900.0,8.5,5.833333333333333,8.5,36.16666666666666,23.166666666666668,34.5,33.166666666666664,35.6133005,-119.68959166666669,,11.855551665781025,24.311115000885632,196.91666666666669,7.075339539193639,7.180500069345971,0.4575,7.407730570256335,8.160833333333333
2023-08-23 14:30:00,1692826500.0,8.166666666666666,5.5,8.166666666666666,36.833333333333336,22.166666666666668,35.166666666666664,31.33333333333333,35.6132685,-119.68959566666666,,11.740277489234895,25.09305584409844,181.02777777777777,6.838478200078626,7.036931497815167,0.45916666666666667,7.202009538939147,8.072499999999998
2023-08-23 15:30:00,1692830100.0,8.666666666666666,6.0,8.666666666666666,36.333333333333336,22.166666666666668,35.666666666666664,30.166666666666668,35.613217,-119.68949116666666,,11.325827100179916,25.00750623315342,192.11111111111111,7.229693898182506,7.316779366438792,0.45666666666666667,7.518358192936558,8.3325
2023-08-23 16:30:00,1692833700.0,9.833333333333334,6.833333333333333,9.833333333333334,34.833333333333336,23.5,35.833333333333336,30.0,35.613161166666664,-119.68958683333334,,10.958884938847671,23.874448394485665,231.08333333333334,7.97470544928712,7.912428827602876,0.45083333333333336,8.179385837940673,8.825833333333334
2023-08-23 17:30:00,1692837300.0,10.333333333333334,8.0,10.833333333333334,32.666666666666664,26.0,35.0,31.166666666666668,35.613260833333335,-119.68962366666666,,10.658081489768554,22.00858517689811,268.6666666666667,10.328645641613921,8.598004574939946,0.44833333333333336,8.699752606146241,8.873333333333335
2023-08-23 18:30:00,1692840900.0,11.333333333333334,8.0,11.5,31.5,28.0,34.333333333333336,32.666666666666664,35.613269333333335,-119.689659,,10.780211065767256,20.719788934232746,317.33333333333337,9.71116828609688,8.694041315846604,0.44333333333333336,8.969492331208482,9.223333333333333
2023-08-23 19:30:00,1692844500.0,11.666666666666666,8.166666666666666,12.0,29.83333333333333,31.33333333333333,32.333333333333336,37.0,35.61325983333334,-119.689621,,11.039768911268203,18.793564422065124,365.5555555555555,9.148793884764556,8.442989353107365,0.44166666666666665,9.039148333397705,9.113333333333333
2023-08-23 20:30:00,1692848100.0,16.5,11.833333333333334,17.0,27.83333333333333,37.0,30.0,44.66666666666666,35.61323983333333,-119.68961833333331,,11.801924551318809,16.03140878201452,610.5,9.867749475859435,9.331763248718412,0.4175,11.173219407568876,11.145
2023-08-23 21:30:00,1692851700.0,11.166666666666666,8.166666666666666,11.666666666666666,26.0,38.66666666666666,29.0,44.66666666666666,35.61323733333334,-119.689598,,10.840098845299945,15.159901154700055,431.77777777777766,8.01941143908649,7.510395327316134,0.44416666666666665,8.507055796644485,8.23
2023-08-23 22:30:00,1692855300.0,8.333333333333334,5.333333333333333,8.333333333333334,25.83333333333333,33.333333333333336,28.5,37.833333333333336,35.61321083333333,-119.68958033333332,,8.479158185068531,17.354175148264797,277.7777777777778,6.554304388993288,6.6500845919189295,0.45833333333333337,7.143909451154947,7.21
2023-08-23 23:30:00,1692858600.0,7.0,4.8,7.0,25.0,32.0,28.0,36.2,35.6131402,-119.6895658,,7.151439584460439,17.84856041553956,224.0,5.955867334428909,5.961152507880303,0.465,6.6081958099867375,6.63
2023-08-24 00:30:00,1692862500.0,6.833333333333333,4.833333333333333,7.0,24.5,32.333333333333336,27.0,36.833333333333336,35.6132755,-119.68961966666666,,6.866824169518598,17.633175830481402,220.94444444444446,5.902649927981889,5.853537660266335,0.4658333333333334,6.589730019142004,6.515
2023-08-24 01:30:00,1692866100.0,5.333333333333333,3.6666666666666665,5.333333333333333,24.33333333333333,29.0,27.5,32.0,35.61322766666667,-119.689616,,5.145974714085008,19.18735861924832,154.66666666666666,5.042391663221916,5.157316301789725,0.4733333333333334,5.859505509311372,6.018333333333333
2023-08-24 02:30:00,1692869700.0,10.0,7.0,10.333333333333334,23.166666666666668,42.333333333333336,24.33333333333333,53.833333333333336,35.613230333333334,-119.68959183333334,,9.659662418900446,13.507004247766222,423.33333333333337,7.269098148271046,7.1959407526998325,0.45,7.649566899233512,7.3116666666666665
2023-08-24 03:30:00,1692873300.0,9.0,6.166666666666667,9.0,21.33333333333333,42.0,22.83333333333333,49.333333333333336,35.61321433333333,-119.689631,,7.890696942747201,13.442636390586127,378.0,6.684876291536093,6.6505772401920105,0.455,7.124431477771205,6.819999999999999
2023-08-24 04:30:00,1692876900.0,8.833333333333334,5.833333333333333,9.0,21.83333333333333,39.66666666666666,24.33333333333333,44.66666666666666,35.613194166666666,-119.68965016666668,,7.500221217790656,14.333112115542672,350.3888888888888,6.63049824285897,6.6576201904934535,0.45583333333333337,7.189060193185397,6.9316666666666675
2023-08-24 05:30:00,1692880500.0,7.5,5.0,7.666666666666667,21.5,39.333333333333336,23.0,46.5,35.6132355,-119.68959283333334,,7.078577545383345,14.421422454616655,295.0,5.915260573552118,5.925691432236549,0.4625,6.59612943309657,6.266666666666667
2023-08-24 06:30:00,1692884100.0,8.833333333333334,5.0,9.833333333333334,20.33333333333333,42.5,21.666666666666668,51.16666666666666,35.61321183333333,-119.68962483333333,,7.162538365124119,13.17079496820921,375.4166666666667,6.175342927432202,6.535796280208331,0.45583333333333337,7.114411122219862,6.690833333333334
2023-08-24 07:30:00,1692887700.0,10.166666666666666,6.5,11.333333333333334,21.666666666666668,45.5,24.5,50.833333333333336,35.61329833333333,-119.68962966666668,,9.37665021056309,12.290016456103578,462.5833333333333,5.954977506045581,6.476708391751298,0.44916666666666666,7.639416660666288,7.129166666666666
2023-08-24 08:30:00,1692891300.0,7.666666666666667,5.333333333333333,8.0,27.5,32.0,29.0,37.0,35.61321816666667,-119.68958666666668,,9.328320569475297,18.171679430524705,245.33333333333334,6.364099827145151,6.334282999378469,0.46166666666666667,6.999617382636306,6.976666666666667
2023-08-24 09:30:00,1692894900.0,9.833333333333334,6.666666666666667,10.5,31.33333333333333,27.83333333333333,31.33333333333333,36.333333333333336,35.6132045,-119.68955733333333,,10.548027927582378,20.78530540575095,273.6944444444444,7.778494140197164,7.726109905990334,0.45083333333333336,8.269819587521773,8.457500000000001
2023-08-24 10:30:00,1692898500.0,9.833333333333334,6.833333333333333,10.166666666666666,34.166666666666664,23.666666666666668,33.333333333333336,32.0,35.61321183333333,-119.6895725,,10.507789299985347,23.658877366681317,232.72222222222226,7.977120240033974,7.905262715233163,0.45083333333333336,8.27957699619327,8.811666666666667
2023-08-24 11:30:00,1692902100.0,10.833333333333334,7.666666666666667,11.166666666666666,36.333333333333336,22.0,34.833333333333336,31.0,35.613230333333334,-119.6895775,,11.211813774640897,25.12151955869244,238.33333333333334,10.865925655262902,9.176768338596016,0.44583333333333336,8.840016027080468,9.473333333333333
2023-08-24 12:30:00,1692905700.0,11.166666666666666,7.833333333333333,11.333333333333334,38.0,20.33333333333333,36.0,29.0,35.613271833333336,-119.6895865,,11.394659876659164,26.605340123340838,227.0555555555555,11.304639623388436,9.456461769059514,0.44416666666666665,8.9582971808858,9.788333333333334
2023-08-24 13:30:00,1692909300.0,10.833333333333334,7.833333333333333,10.833333333333334,38.833333333333336,18.5,38.0,25.666666666666668,35.61321566666667,-119.6895995,,10.64903807581066,28.184295257522678,200.41666666666669,11.820319785570721,9.548290113837934,0.44583333333333336,8.758185665266382,9.770833333333334
2023-08-24 14:30:00,1692912900.0,10.166666666666666,7.166666666666667,10.166666666666666,38.16666666666666,18.0,38.0,24.0,35.613224,-119.68960966666668,,9.699384750787658,28.467281915879,183.0,11.611073707107899,9.39580805436637,0.44916666666666666,8.360360234744979,9.466666666666665
2023-08-24 15:30:00,1692916500.0,9.666666666666666,6.833333333333333,10.166666666666666,37.5,17.833333333333332,38.0,22.33333333333333,35.61323083333333,-119.68966183333332,,9.022565883221286,28.477434116778714,172.38888888888886,8.03665296491484,8.062794025298581,0.45166666666666666,8.225837509155172,9.220833333333333
2023-08-24 16:30:00,1692920100.0,6.833333333333333,4.666666666666667,7.0,35.5,18.5,37.333333333333336,22.33333333333333,35.613261666666666,-119.6896235,,7.945608358069027,27.554391641930973,126.41666666666666,6.077180650388778,6.448324986952526,0.4658333333333334,6.541964556511683,7.690833333333333
2023-08-24 17:30:00,1692923700.0,4.0,3.0,4.5,32.333333333333336,20.666666666666668,35.0,24.5,35.613271166666664,-119.68961733333332,,6.978153491091956,25.35517984224138,82.66666666666667,4.331389829860391,4.769360937279052,0.48,5.188714097439484,6.033333333333333
2023-08-24 18:30:00,1692927300.0,4.166666666666667,2.833333333333333,4.166666666666667,30.0,23.83333333333333,32.833333333333336,28.0,35.613301666666665,-119.68959666666666,,7.119878132738358,22.880121867261643,99.30555555555554,4.33436759829613,4.7264874251290445,0.47916666666666663,5.175987135426612,5.850833333333334
2023-08-24 19:30:00,1692930900.0,3.5,2.1666666666666665,3.8333333333333335,27.83333333333333,25.0,30.5,29.666666666666668,35.61322216666667,-119.68957033333334,,5.990202895821489,21.84313043751184,87.5,3.83946721364637,4.303194147042887,0.4825,4.913776143535256,5.405
2023-08-24 20:30:00,1692934500.0,4.0,2.6666666666666665,4.333333333333333,25.83333333333333,29.166666666666668,28.33333333333333,34.5,35.61322416666666,-119.689565,,6.521294742581287,19.312038590752042,116.66666666666667,4.163008501207986,4.403889206423682,0.48,5.203134332318543,5.310833333333333
2023-08-24 21:30:00,1692938100.0,4.0,2.833333333333333,4.166666666666667,24.5,32.166666666666664,26.5,37.833333333333336,35.61322666666667,-119.68957533333332,,6.791454486718616,17.708545513281383,128.66666666666666,4.16924707842568,4.274899183768846,0.48,5.149524584397337,5.055833333333333
2023-08-24 22:30:00,1692941700.0,4.5,3.0,4.833333333333333,23.166666666666668,35.333333333333336,25.166666666666668,41.333333333333336,35.613258333333334,-119.68956883333333,,6.992044495398781,16.174622171267888,159.0,4.327152601915071,4.418590917367919,0.4775,5.34564778772772,5.046666666666666
2023-08-24 23:30:00,1692945300.0,5.0,3.0,5.0,22.5,37.16666666666666,24.666666666666668,43.5,35.613265500000004,-119.689588,,7.141220374751892,15.358779625248108,185.8333333333333,4.438883908574457,4.6196115499247,0.475,5.388964741647481,5.150833333333334
2023-08-25 00:30:00,1692948900.0,5.833333333333333,3.8333333333333335,6.166666666666667,21.666666666666668,40.0,23.166666666666668,47.5,35.61326516666667,-119.68964266666666,,7.473706781072303,14.192959885594366,233.33333333333331,4.920679821995439,4.964200754012283,0.4708333333333334,5.812990679771358,5.343333333333333
2023-08-25 01:30:00,1692952500.0,8.5,5.666666666666667,9.166666666666666,20.666666666666668,42.66666666666666,22.33333333333333,50.333333333333336,35.613282,-119.68958916666666,,7.52074065878349,13.145926007883178,362.6666666666666,6.313849212491535,6.342064922089534,0.4575,7.011421750007068,6.503333333333334
2023-08-25 02:30:00,1692956100.0,5.833333333333333,3.8333333333333335,6.166666666666667,21.0,38.833333333333336,22.83333333333333,44.16666666666666,35.61323466666666,-119.68962466666666,,6.445400535306149,14.554599464693851,226.52777777777777,4.972576068457426,5.014363540600275,0.4708333333333334,5.876773859761412,5.442499999999999
2023-08-25 03:30:00,1692959700.0,5.833333333333333,3.6666666666666665,5.833333333333333,20.0,40.833333333333336,21.666666666666668,48.0,35.613239166666666,-119.6896235,,6.279450945633246,13.720549054366753,238.19444444444446,4.837608142731997,4.928370192163717,0.4708333333333334,5.682855568401127,5.272499999999999
2023-08-25 04:30:00,1692963300.0,6.666666666666667,4.666666666666667,7.0,19.666666666666668,43.16666666666666,21.0,51.5,35.61322466666667,-119.68958533333334,,6.787498023798011,12.879168642868656,287.7777777777777,5.368928630538051,5.29445773336044,0.4666666666666666,6.114331012405373,5.5075
2023-08-25 05:30:00,1692966900.0,8.0,5.0,8.5,19.0,44.16666666666666,20.5,52.5,35.61325333333333,-119.68958916666666,,6.517223929455172,12.482776070544828,353.33333333333326,5.846424661394676,5.997722042138492,0.46,6.615266939451121,6.115833333333335
2023-08-25 06:30:00,1692970500.0,7.666666666666667,4.833333333333333,8.166666666666666,19.0,46.333333333333336,20.0,56.0,35.613259666666664,-119.68962733333336,,7.215878275849659,11.784121724150342,355.22222222222223,5.5734283839937016,5.717997335583139,0.46166666666666667,6.342533201423016,5.758333333333333
2023-08-25 07:30:00,1692974100.0,9.5,5.833333333333333,10.0,20.0,46.16666666666666,21.83333333333333,52.833333333333336,35.61326533333334,-119.6896515,,8.074737700923958,11.925262299076042,438.58333333333326,6.476273349884056,6.751272299572807,0.4525,7.10653138115881,6.725833333333334
2023-08-25 08:30:00,1692977700.0,15.833333333333334,9.333333333333334,16.5,24.5,37.16666666666666,24.83333333333333,46.833333333333336,35.61320033333333,-119.68958783333332,,8.915845093281343,15.584154906718657,588.4722222222221,8.143342261138997,9.108515136819818,0.42083333333333334,10.586560105793488,10.784166666666668
2023-08-25 09:30:00,1692981300.0,15.666666666666666,9.5,16.166666666666668,27.33333333333333,31.5,26.5,42.5,35.61321233333334,-119.68962616666666,,8.949475263887264,18.383858069446063,493.5,9.161960982699457,9.658637432751629,0.42166666666666663,10.922383141755551,11.179166666666667
2023-08-25 10:30:00,1692984900.0,13.666666666666666,8.333333333333334,14.0,30.666666666666668,27.166666666666668,28.666666666666668,38.333333333333336,35.6132405,-119.6896235,,9.616394599161138,21.05027206750553,371.27777777777777,9.549160217496286,9.501946977151825,0.43166666666666664,10.089972078020551,10.5075
2023-08-25 11:30:00,1692988500.0,12.833333333333334,8.166666666666666,13.0,33.666666666666664,23.0,31.166666666666668,33.666666666666664,35.6132965,-119.68962983333334,,9.662472801412768,24.004193865253896,295.1666666666667,10.460267372882592,9.687289056330979,0.43583333333333335,9.788493933740963,10.428333333333335
2023-08-25 12:30:00,1692992100.0,12.833333333333334,8.166666666666666,12.833333333333334,35.0,21.83333333333333,32.666666666666664,32.166666666666664,35.61324966666667,-119.68961733333332,,9.993170055943862,25.006829944056136,280.1944444444444,10.72836059190423,9.811129648078285,0.43583333333333335,9.750580405759154,10.5275
2023-08-25 13:30:00,1692995700.0,12.0,7.166666666666667,12.166666666666666,36.0,20.0,33.833333333333336,29.0,35.61320366666667,-119.68963366666668,,9.507705711465404,26.492294288534595,240.0,10.634847849153276,9.748790543762826,0.44,9.274641815687271,10.25
2023-08-25 14:30:00,1692999300.0,11.0,7.0,11.333333333333334,36.0,19.666666666666668,35.0,27.33333333333333,35.613255333333335,-119.68954966666666,,9.257556938931256,26.742443061068744,216.33333333333334,10.836125682033687,9.475838671788587,0.445,8.848330392182463,9.758333333333333
2023-08-25 15:30:00,1693002900.0,11.0,7.166666666666667,11.333333333333334,35.666666666666664,19.33333333333333,35.166666666666664,25.83333333333333,35.61321833333333,-119.68961216666666,,8.731636289094302,26.93503037757236,212.66666666666663,11.014751483427016,9.511221698002103,0.445,8.889750267435483,9.786666666666669
2023-08-25 16:30:00,1693006500.0,13.5,9.333333333333334,13.833333333333334,33.0,21.5,34.5,26.83333333333333,35.61324366666667,-119.68957116666668,,8.108703018321128,24.89129698167887,290.25,11.390964010852525,10.052069273083639,0.4325,10.392618840626302,10.9025
2023-08-25 17:30:00,1693010100.0,15.166666666666666,11.0,15.166666666666666,31.0,21.166666666666668,33.333333333333336,25.166666666666668,35.61324833333333,-119.68960083333332,,6.224969269503602,24.775030730496397,321.02777777777777,12.16100597915769,10.601343796276748,0.42416666666666664,11.387156955945738,11.7975
2023-08-25 18:30:00,1693013700.0,17.833333333333332,12.666666666666666,18.0,30.0,24.5,32.833333333333336,28.666666666666668,35.61322533333333,-119.68960833333334,,7.523808442348262,22.476191557651738,436.91666666666663,12.078460631238173,11.069739929308936,0.4108333333333334,12.712679231672912,12.900833333333335
2023-08-25 19:30:00,1693017300.0,13.0,9.0,14.0,28.166666666666668,28.83333333333333,30.666666666666668,34.166666666666664,35.613239166666666,-119.68958133333332,,8.36051061249412,19.806156054172547,374.83333333333326,9.819801967263443,9.119475247292408,0.435,10.066721416551296,10.019166666666667
2023-08-25 20:30:00,1693020900.0,14.5,9.5,14.666666666666666,26.33333333333333,32.833333333333336,28.666666666666668,38.66666666666666,35.613222666666665,-119.68959183333334,,8.692747234714718,17.640586098618613,476.08333333333337,9.181005116021794,9.15738128001185,0.4275,10.298894209436918,10.459166666666665
2023-08-25 21:30:00,1693024500.0,16.166666666666668,10.5,16.666666666666668,24.666666666666668,37.0,27.33333333333333,42.833333333333336,35.613227,-119.68963116666669,,8.996955040901549,15.66971162576512,598.1666666666667,8.926690648824735,9.228984949322493,0.41916666666666663,10.876480836827756,10.971666666666668
2023-08-25 22:30:00,1693028100.0,14.5,10.5,14.666666666666666,24.0,33.166666666666664,26.33333333333333,38.16666666666666,35.6132445,-119.6895815,,6.800969192657098,17.1990308073429,480.91666666666663,9.781502473382773,9.121998253798335,0.4275,10.488848768047859,10.430833333333332
2023-08-25 23:30:00,1693031700.0,9.0,6.333333333333333,9.333333333333334,23.33333333333333,30.83333333333333,25.5,35.333333333333336,35.613285166666664,-119.68961466666669,,5.1630841805146295,18.1702491528187,277.49999999999994,7.302534884047211,7.130706768962791,0.455,7.826451222183111,7.769166666666667
2023-08-26 00:30:00,1693035300.0,7.166666666666667,4.5,7.5,23.0,30.0,25.0,34.5,35.613242500000005,-119.6896145,,4.480902267629907,18.519097732370092,215.0,5.998047724702042,6.140428479191403,0.4641666666666666,6.824051116674365,6.886666666666667
2023-08-26 01:30:00,1693038600.4,8.2,5.4,8.6,22.2,31.8,24.2,37.2,35.613234,-119.6896302,,4.620262689280187,17.579737310719814,260.76,6.637427885421104,6.641386727420656,0.45899999999999996,7.347483451998387,7.270999999999999
2023-08-26 02:30:00,1693041901.0,10.166666666666666,6.666666666666667,10.333333333333334,21.0,36.5,22.166666666666668,44.5,35.61321,-119.689588,,5.547691324200441,15.452308675799559,371.0833333333333,7.377903432181406,7.432050099516231,0.44916666666666666,8.021189974699473,7.894166666666666
2023-08-26 03:30:00,1693045501.0,22.666666666666668,13.5,24.5,20.0,43.5,21.33333333333333,52.16666666666666,35.613216333333334,-119.68967066666666,,7.201409005436557,12.798590994563444,986.0,9.0064527364645,10.543192776379346,0.38666666666666666,13.395132602397279,13.799166666666668
2023-08-26 04:30:00,1693049101.0,22.33333333333333,13.0,23.666666666666668,19.83333333333333,49.66666666666666,21.0,60.0,35.61324583333333,-119.68961183333332,,9.002542917967086,10.830790415366243,1109.2222222222217,8.096935970353847,9.78582849203338,0.38833333333333336,12.265243393011458,13.101666666666667
2023-08-26 05:30:00,1693052701.0,24.166666666666668,14.5,25.166666666666668,19.0,54.833333333333336,21.0,65.83333333333333,35.61323,-119.6895815,,9.704461441512972,9.295538558487028,1325.138888888889,8.413844432339841,9.802672232401434,0.37916666666666665,12.268939352182972,13.615833333333335
2023-08-26 06:30:00,1693056301.0,25.166666666666668,14.833333333333334,26.83333333333333,19.0,57.0,20.0,68.33333333333333,35.613263499999995,-119.6895815,,10.284038526751818,8.715961473248182,1434.5,8.339492151120565,9.881017460201337,0.37416666666666665,12.460521120809336,13.951666666666668
2023-08-26 07:30:00,1693059901.0,26.0,15.333333333333334,27.83333333333333,20.0,54.833333333333336,22.33333333333333,62.16666666666666,35.61322966666666,-119.689644,,10.634667385124576,9.365332614875424,1425.6666666666667,8.768302594740423,10.367952879078986,0.37,13.143141064414454,14.569166666666668
2023-08-26 08:30:00,1693063501.0,23.666666666666668,14.666666666666666,24.5,24.166666666666668,42.5,25.166666666666668,52.0,35.61323983333333,-119.689649,,10.619658687969187,13.547007978697481,1005.8333333333334,9.83140309614354,10.957676753207648,0.38166666666666665,13.740086456497657,14.404166666666669
2023-08-26 09:30:00,1693067101.0,26.33333333333333,17.333333333333332,27.166666666666668,28.0,33.833333333333336,27.33333333333333,45.333333333333336,35.61327133333334,-119.68962716666668,,10.597788467317493,17.402211532682507,890.9444444444443,12.196448409529065,12.699861829926412,0.36833333333333335,16.230573130978847,16.527499999999996
2023-08-26 10:30:00,1693070701.0,40.0,27.5,41.0,31.5,27.0,30.0,38.16666666666666,35.613259,-119.689602,,10.234101756574573,21.265898243425426,1080.0,17.19265728692072,17.639124142536158,0.3,24.430143728105143,24.215
2023-08-26 11:30:00,1693074301.0,30.166666666666668,21.166666666666668,31.166666666666668,34.833333333333336,22.83333333333333,32.333333333333336,33.333333333333336,35.61315966666667,-119.6896425,,10.525927663468744,24.307405669864593,688.8055555555554,15.561188867700471,15.049452138025508,0.3491666666666666,19.71500664230193,19.455833333333334
2023-08-26 12:30:00,1693077901.0,17.5,11.666666666666666,18.166666666666668,36.0,21.0,33.833333333333336,30.33333333333333,35.613162499999994,-119.68959033333331,,10.236691472126616,25.763308527873384,367.5,12.254581604767226,11.338483405154937,0.4125,12.5839530404135,13.024999999999999
2023-08-26 13:30:00,1693081501.0,13.166666666666666,8.666666666666666,13.5,36.66666666666666,19.5,35.166666666666664,27.33333333333333,35.61321216666666,-119.68959183333334,,9.675445491659529,26.991221175007126,256.75,11.529843284562613,10.161589130968816,0.43416666666666665,10.088827005746744,10.899166666666666
2023-08-26 14:30:00,1693085101.0,12.666666666666666,8.333333333333334,13.0,37.5,18.166666666666668,36.16666666666666,25.5,35.6132195,-119.6895865,,9.297708617464984,28.202291382535016,230.11111111111111,11.738489509259503,10.148953786729003,0.43666666666666665,9.803765496583946,10.752500000000001
2023-08-26 15:30:00,1693088701.0,21.0,15.166666666666666,21.33333333333333,36.16666666666666,17.833333333333332,36.0,23.33333333333333,35.613254000000005,-119.68958766666668,,7.945596672723402,28.221069993943253,374.5,14.461134235351988,12.753794297840486,0.395,14.815618398226047,15.114166666666666
2023-08-26 16:30:00,1693092301.0,15.0,10.833333333333334,15.5,34.5,19.0,35.833333333333336,23.83333333333333,35.61320933333334,-119.68958166666664,,7.523816893132431,26.97618310686757,285.0,12.629164325705341,10.779944316966644,0.425,11.399591907869803,11.895
2023-08-26 17:30:00,1693095901.0,11.666666666666666,8.166666666666666,12.0,32.666666666666664,20.166666666666668,35.166666666666664,24.0,35.613245,-119.6895915,,6.895037635718717,25.77162903094795,235.27777777777777,11.27580061041473,9.62832073126015,0.44166666666666665,9.427169538784868,10.0625
2023-08-26 18:30:00,1693099501.0,13.333333333333334,9.0,13.5,31.166666666666668,21.666666666666668,34.0,25.166666666666668,35.6132165,-119.68962616666666,,6.702553719693923,24.464112946972744,288.8888888888889,11.106442526271616,9.982988610278921,0.43333333333333335,10.259468269599896,10.801666666666666
2023-08-26 19:30:00,1693103101.0,13.0,8.666666666666666,13.333333333333334,29.33333333333333,25.166666666666668,32.166666666666664,29.83333333333333,35.613242500000005,-119.68966416666666,,7.354812407706677,21.97852092562665,327.1666666666667,10.245885431709961,9.508688535641085,0.435,10.001528305681827,10.330833333333333
2023-08-26 20:30:00,1693106701.0,15.333333333333334,9.666666666666666,16.5,27.0,30.0,29.5,35.833333333333336,35.61329833333333,-119.68961083333332,,7.939940643399481,19.06005935660052,460.0,9.568893155832896,9.715082751316533,0.42333333333333334,11.112402406647524,11.133333333333333
2023-08-26 21:30:00,1693110301.0,13.166666666666666,8.833333333333334,13.666666666666666,24.83333333333333,35.5,27.166666666666668,42.0,35.6132435,-119.68960583333336,,8.531379757196937,16.30195357613639,467.41666666666663,8.550434756766576,8.463203872720047,0.43416666666666665,9.597183016485237,9.539166666666667
2023-08-26 22:30:00,1693113901.0,12.5,8.166666666666666,13.0,23.83333333333333,36.16666666666666,26.166666666666668,41.833333333333336,35.613228,-119.68959783333332,,7.9225748222806,15.910758511052729,452.0833333333332,8.09161850954168,8.186881221501178,0.4375,9.204025235903837,9.135833333333334
2023-08-26 23:30:00,1693117501.0,10.833333333333334,7.333333333333333,11.333333333333334,23.0,34.666666666666664,25.666666666666668,40.16666666666666,35.61324883333333,-119.68956783333331,,6.567478746060966,16.432521253939033,375.55555555555554,8.04213367471953,7.832213342482408,0.44583333333333336,8.550984123638054,8.396666666666667
2023-08-27 00:30:00,1693121101.0,12.333333333333334,8.0,12.666666666666666,23.0,35.833333333333336,25.33333333333333,41.5,35.613243000000004,-119.68959433333332,,7.050129449236445,15.949870550763556,441.9444444444445,8.038353818234711,8.170875098016735,0.43833333333333335,9.107479221280325,9.0775
2023-08-27 01:30:00,1693124701.0,13.5,8.5,13.833333333333334,22.33333333333333,37.5,24.33333333333333,43.833333333333336,35.613236666666666,-119.68958783333332,,7.123719463103574,15.209613870229756,506.25,7.910281087491449,8.35368401483487,0.4325,9.510976269939347,9.5425
2023-08-27 02:30:00,1693128301.0,17.333333333333332,11.166666666666666,18.33333333333333,21.166666666666668,41.5,22.5,50.66666666666666,35.613257,-119.689565,,7.564725199066799,13.601941467599868,719.3333333333333,8.534963669719762,9.111038143325743,0.41333333333333333,11.165715004511178,11.195833333333333
2023-08-27 03:30:00,1693131901.0,35.666666666666664,23.0,37.16666666666666,20.0,47.333333333333336,21.33333333333333,57.0,35.613243833333335,-119.68960450000002,,8.442882121210591,11.557117878789409,1688.2222222222222,13.25846995932736,14.144641651364736,0.3216666666666667,18.586133868880474,20.233333333333334
2023-08-27 04:30:00,1693135501.0,25.666666666666668,15.666666666666666,27.0,20.0,47.333333333333336,22.0,53.16666666666666,35.613228,-119.68958916666666,,8.442882121210591,11.557117878789409,1214.888888888889,9.676462314648676,11.061292669487178,0.37166666666666665,14.092049368880481,15.033333333333335
2023-08-27 05:30:00,1693139101.0,19.166666666666668,11.166666666666666,20.5,19.666666666666668,47.833333333333336,21.33333333333333,55.333333333333336,35.61324616666666,-119.68960933333334,,8.293124242238097,11.373542424428571,916.8055555555557,7.476463179274378,9.004041291946491,0.4041666666666666,11.191172421991446,11.610833333333332
2023-08-27 06:30:00,1693142701.0,20.33333333333333,12.0,21.166666666666668,19.0,47.333333333333336,21.0,55.16666666666666,35.613233,-119.68960816666667,,7.528646988452236,11.471353011547764,962.4444444444442,7.922333240328471,9.416839879152478,0.3983333333333334,11.641337410877664,12.259999999999998
2023-08-27 07:30:00,1693146301.0,21.33333333333333,12.333333333333334,22.5,19.666666666666668,47.16666666666666,21.33333333333333,54.5,35.613260833333335,-119.68959166666669,,8.086198764671185,11.580467901995483,1006.2222222222218,8.026442146051716,9.742866290446994,0.39333333333333337,12.118362878038443,12.794166666666666
2023-08-27 08:30:00,1693149901.0,23.166666666666668,13.666666666666666,24.166666666666668,23.666666666666668,39.0,24.166666666666668,47.16666666666666,35.61325516666667,-119.6895805,,8.888418114739663,14.778248551927005,903.5,9.574681557417994,11.175031079355689,0.38416666666666666,13.892466334408478,14.441666666666666
2023-08-27 09:30:00,1693153501.0,22.83333333333333,13.666666666666666,23.83333333333333,28.0,30.166666666666668,27.666666666666668,39.5,35.61320383333334,-119.68962866666668,,8.885677351054754,19.114322648945247,688.8055555555554,10.78099892058497,12.009902974617944,0.38583333333333336,14.713290314988807,15.019166666666663
2023-08-27 10:30:00,1693157101.0,14.166666666666666,8.666666666666666,14.5,31.5,21.666666666666668,29.83333333333333,29.666666666666668,35.613245666666664,-119.68961233333332,,6.979047627888341,24.52095237211166,306.94444444444446,10.68124139050131,10.239934358768718,0.42916666666666664,10.603233306714474,11.235
2023-08-27 11:30:00,1693160701.0,10.333333333333334,6.666666666666667,11.0,32.5,17.666666666666668,31.166666666666668,24.0,35.61321016666667,-119.689635,,4.843720108164119,27.65627989183588,182.55555555555557,11.094555647979707,9.482580230277845,0.44833333333333336,8.68804463163666,9.581666666666667
2023-08-27 12:30:00,1693164301.0,12.833333333333334,8.166666666666666,13.333333333333334,34.5,17.0,33.0,24.166666666666668,35.613203,-119.689571,,5.903219476667418,28.596780523332583,218.16666666666669,11.735394007668264,10.324183528174267,0.43583333333333335,9.99169104046094,10.938333333333333
2023-08-27 13:30:00,1693167901.0,13.333333333333334,8.333333333333334,13.833333333333334,35.666666666666664,17.0,34.5,24.0,35.6131745,-119.68958016666666,,6.841509335585074,28.82515733108159,226.66666666666669,11.766466157964961,10.478350977268146,0.43333333333333335,10.21616590923694,11.198333333333334
2023-08-27 14:30:00,1693171501.0,14.5,9.5,14.666666666666666,36.0,16.5,35.5,22.166666666666668,35.61322533333333,-119.68957266666666,,6.67384992011557,29.326150079884428,239.25,12.413712401760854,10.891149564474134,0.4275,10.860348863643786,11.8475
2023-08-27 15:30:00,1693175101.0,22.5,16.0,23.166666666666668,36.0,16.5,36.16666666666666,21.0,35.61329516666667,-119.68960583333336,,6.67384992011557,29.326150079884428,371.25,14.924117199772414,13.357828749976182,0.3875,15.803079363643784,16.0075
2023-08-27 16:30:00,1693178701.0,14.166666666666666,9.5,14.333333333333334,34.666666666666664,17.166666666666668,36.0,21.0,35.61325266666667,-119.68961216666666,,6.178774887511864,28.4878917791548,243.19444444444446,12.300644724962186,10.717605212651183,0.42916666666666664,10.738212673337209,11.6175
2023-08-28 17:30:00,1693268701.0,11.666666666666666,7.833333333333333,12.166666666666666,33.5,16.833333333333332,36.16666666666666,19.666666666666668,35.6132705,-119.689602,,4.956702250266687,28.543297749733313,196.38888888888886,11.802713531278528,9.98215099339531,0.44166666666666665,9.42728799570872,10.345833333333333
2023-08-28 18:30:00,1693272301.0,12.0,8.0,12.833333333333334,32.0,18.666666666666668,35.333333333333336,21.5,35.61330783333333,-119.68958916666666,,5.229176420582724,26.770823579417275,224.0,11.371918787936641,9.890322648616891,0.44,9.724244641252913,10.363333333333333
2023-08-28 19:30:00,1693275901.0,13.333333333333334,8.666666666666666,14.0,30.33333333333333,21.0,33.5,24.666666666666668,35.61318516666667,-119.68956133333334,,5.559069707180305,24.774263626153022,280.0,10.975653770970588,10.053754662705954,0.43333333333333335,10.378537759700608,10.858333333333334
2023-08-28 20:30:00,1693279501.0,14.5,9.333333333333334,15.166666666666666,27.666666666666668,26.666666666666668,30.166666666666668,31.83333333333333,35.61323433333333,-119.68958299999998,,6.786699036659462,20.879967630007208,386.6666666666667,10.068694452257901,9.811967264961895,0.4275,10.78904431785417,10.983333333333334
2023-08-28 21:30:00,1693283101.0,14.833333333333334,9.5,15.666666666666666,25.5,30.5,27.83333333333333,36.16666666666666,35.61325516666667,-119.68957016666668,,6.884586594272127,18.61541340572787,452.4166666666667,9.444296564295474,9.507840762902381,0.42583333333333334,10.791026356436767,10.830833333333334
2023-08-28 22:30:00,1693286701.0,12.833333333333334,8.166666666666666,13.833333333333334,23.83333333333333,32.333333333333336,26.166666666666668,38.0,35.613241333333335,-119.6895815,,6.285019589459486,17.54831374387384,414.9444444444445,8.603226388599534,8.69656432235253,0.43583333333333335,9.726577285782922,9.635
2023-08-28 23:30:00,1693290301.0,13.0,8.5,14.0,23.0,33.5,25.0,39.66666666666666,35.61324883333334,-119.68958166666664,,6.070258994807479,16.929741005192522,435.5,8.606522341057625,8.624112880303183,0.435,9.784244611363091,9.622499999999999
2023-08-29 00:30:00,1693293901.0,13.0,8.333333333333334,14.0,22.0,35.0,24.83333333333333,40.16666666666666,35.613232833333335,-119.68963866666668,,5.82532384978749,16.17467615021251,455.0,8.243506004026115,8.464889262342362,0.435,9.667167409210546,9.495
2023-08-29 01:30:00,1693297800.5714283,81.14285714285714,50.85714285714285,86.14285714285714,22.0,35.42857142857143,24.0,41.0,35.61325071428571,-119.68956957142858,,6.001520772834423,15.998479227165577,2874.7755102040815,24.713677202688146,29.430217719433497,0.0942857142857143,43.49793655850473,44.89285714285714
2023-08-29 02:30:00,1693301700.0,118.33333333333331,74.83333333333333,126.16666666666669,21.33333333333333,36.16666666666666,23.166666666666668,42.66666666666666,35.613163,-119.689621,,5.710465693089493,15.622867640243836,4279.722222222221,34.408208629498574,40.818991279705344,-0.09166666666666658,100.25582736445256,64.16916666666665
2023-08-29 03:30:00,1693305300.0,206.5,127.5,222.33333333333331,20.5,39.0,21.5,47.16666666666666,35.6132395,-119.68961083333332,,6.061001219521609,14.438998780478391,8053.5,55.71561324028666,67.70309574711095,-0.5325,204.6559630402147,109.775
2023-08-29 04:30:00,1693308900.0,135.5,82.33333333333333,146.83333333333334,20.0,39.66666666666666,21.666666666666668,46.16666666666666,35.61324116666667,-119.68958033333332,,5.859263189465716,14.140736810534284,5374.833333333332,37.223572921258786,45.74055192335324,-0.1775,118.7221349522203,72.79833333333333
2023-08-29 05:30:00,1693312500.0,16.166666666666668,10.0,17.333333333333332,19.166666666666668,41.16666666666666,20.83333333333333,48.833333333333336,35.613248166666665,-119.6895765,,5.648033717296117,13.518632949370552,665.5277777777777,7.925222046500588,8.786697121653544,0.41916666666666663,10.667746250438075,10.617500000000003
2023-08-29 06:30:00,1693316100.0,10.666666666666666,6.166666666666667,11.5,19.0,40.833333333333336,21.33333333333333,45.333333333333336,35.613208666666665,-119.68967683333334,,5.380844885894222,13.619155114105778,435.55555555555554,6.250770967906528,7.126238207834401,0.44666666666666666,8.035491819883887,7.785833333333333
2023-08-29 07:30:00,1693319700.0,12.0,6.0,13.166666666666666,21.0,36.833333333333336,23.666666666666668,39.66666666666666,35.61325716666666,-119.68962866666668,,5.678987381696118,15.321012618303882,442.0,6.505719978813168,7.961947719980268,0.44,8.825134316330134,8.819166666666666
2023-08-29 08:30:00,1693323300.0,7.833333333333333,4.0,8.5,26.33333333333333,26.5,27.33333333333333,31.166666666666668,35.6132135,-119.68963733333334,,5.560086659264361,20.773246674068968,207.58333333333331,6.144167516406924,6.664047330453544,0.4608333333333334,7.142456079290072,7.530833333333334
2023-08-29 09:30:00,1693326900.0,8.0,4.5,8.5,30.0,21.83333333333333,29.33333333333333,28.5,35.61323016666667,-119.68963366666668,,5.845180678823447,24.154819321176554,174.66666666666663,6.496061277694745,6.957981099680053,0.46,7.26693593058055,8.014166666666668
2023-08-29 10:30:00,1693330500.0,7.666666666666667,4.666666666666667,8.166666666666666,32.166666666666664,18.83333333333333,31.0,25.666666666666668,35.613245,-119.68959433333332,,5.493166016496754,26.67350065016991,144.38888888888886,6.4612394629966925,6.900405876585808,0.46166666666666667,7.102287831485615,8.095833333333333
2023-08-29 11:30:00,1693334100.0,7.333333333333333,4.666666666666667,7.666666666666667,35.0,15.833333333333334,33.5,21.5,35.613208166666666,-119.6895815,,5.277177080358389,29.72282291964161,116.11111111111111,6.313425240684374,6.842830653491561,0.4633333333333334,6.776784581365634,8.1775
2023-08-29 12:30:00,1693337700.0,6.5,3.6666666666666665,6.833333333333333,37.0,13.5,35.333333333333336,18.0,35.613252,-119.68959933333332,,4.566873664654383,32.43312633534562,87.75,5.542042012715011,6.476743112294837,0.4675,6.056440134934416,7.9425
2023-08-29 13:30:00,1693341300.0,4.833333333333333,2.6666666666666665,5.333333333333333,37.66666666666666,12.5,36.16666666666666,16.166666666666668,35.613230333333334,-119.689621,,3.986053422425323,33.680613244241336,60.416666666666664,4.413821423845958,5.586913557767703,0.47583333333333333,5.045943110238538,7.160833333333333
2023-08-29 14:30:00,1693344900.0,3.5,2.0,3.8333333333333335,37.5,11.333333333333334,37.0,14.166666666666666,35.61316883333333,-119.68964616666666,,2.469635216735227,35.03036478326477,39.66666666666667,3.5446867229667216,4.890815361359365,0.4825,4.1506820082745355,6.566666666666666
2023-08-29 15:30:00,1693348500.0,3.6666666666666665,1.8333333333333333,3.8333333333333335,36.66666666666666,11.5,37.0,13.666666666666666,35.61324183333333,-119.68956133333334,,2.0357828980154187,34.63088376865124,42.166666666666664,3.5767973799042228,4.976931871864192,0.48166666666666663,4.203614023802247,6.639166666666666
2023-08-29 16:30:00,1693352100.0,4.166666666666667,2.5,4.666666666666667,34.666666666666664,11.5,37.0,13.0,35.61324583333333,-119.6896095,,0.49888618959560055,34.16778047707106,47.91666666666667,4.083862909668136,5.256779740487817,0.47916666666666663,4.717418411022565,6.899166666666667
2023-08-29 17:30:00,1693355700.0,4.833333333333333,3.0,5.0,33.333333333333336,13.0,36.333333333333336,14.833333333333334,35.613262666666664,-119.6895665,,1.1688838964600652,32.16444943687327,62.83333333333333,4.625422035880291,5.565415220658563,0.47583333333333333,5.19288429591343,7.118333333333333
2023-08-29 18:30:00,1693359300.0,5.166666666666667,3.0,5.166666666666667,31.666666666666668,15.833333333333334,35.166666666666664,18.0,35.613176333333335,-119.68957383333333,,2.6148326111937465,29.05183405547292,81.80555555555556,4.82662463114832,5.6301565561225235,0.4741666666666666,5.495263469092372,7.050833333333333
2023-08-29 19:30:00,1693362900.0,6.666666666666667,4.0,6.666666666666667,29.5,18.166666666666668,32.333333333333336,21.666666666666668,35.61324833333333,-119.68964766666666,,2.806307261798266,26.693692738201733,121.11111111111113,5.8494422407641675,6.369374588817411,0.4666666666666666,6.471572897664643,7.6325
2023-08-29 20:30:00,1693366500.0,5.166666666666667,3.0,5.666666666666667,26.5,25.166666666666668,29.166666666666668,30.5,35.61322083333334,-119.689649,,4.958154636808658,21.541845363191342,130.0277777777778,4.799317051810778,5.2288542634185875,0.4741666666666666,5.833867102644984,6.2575
2023-08-29 21:30:00,1693370100.0,54.333333333333336,32.833333333333336,57.333333333333336,24.33333333333333,27.83333333333333,26.83333333333333,32.833333333333336,35.61324633333333,-119.68962483333333,,4.556574600679945,19.776758732653384,1512.2777777777776,17.51513649025062,21.970133451026868,0.22833333333333333,31.75063232598692,31.5975
2023-08-29 22:30:00,1693373700.0,9.833333333333334,5.5,11.0,23.166666666666668,25.166666666666668,25.0,29.83333333333333,35.6132445,-119.68961066666668,,2.133399685332374,21.033266981334293,247.47222222222226,7.55067444363538,7.840767703905745,0.45083333333333336,8.483520928189883,8.684166666666666
2023-08-29 23:30:00,1693377300.0,24.5,14.166666666666666,26.33333333333333,22.0,25.5,24.0,29.5,35.61327933333333,-119.68961183333332,,1.3268193538199886,20.67318064618001,624.75,11.221737683325415,13.019156838586762,0.3775,16.325576220284724,16.2825
2023-08-30 00:30:00,1693380900.0,121.5,75.16666666666667,130.0,21.166666666666668,31.0,22.5,37.833333333333336,35.6132395,-119.68962583333332,,3.3572285690032038,17.809438097663463,3766.5,32.977889494948464,42.34382203027607,-0.1075,103.21833352552359,66.255
2023-08-30 01:30:00,1693384500.0,115.5,71.66666666666667,122.83333333333331,20.0,34.833333333333336,22.166666666666668,41.333333333333336,35.61318966666666,-119.68961866666666,,3.993041830843647,16.006958169156352,4023.2500000000005,32.45156315950582,40.086907839694106,-0.0775,97.32968801368808,62.80916666666667
2023-08-30 02:30:00,1693388100.0,43.833333333333336,26.0,46.5,20.0,36.833333333333336,21.5,44.0,35.61323616666667,-119.689617,,4.791443094897373,15.208556905102627,1614.527777777778,14.448629956734923,17.7772753122905,0.2808333333333333,24.3794074143039,25.372500000000002
2023-08-30 03:30:00,1693391700.0,141.66666666666666,83.16666666666667,154.66666666666666,19.0,41.16666666666666,20.166666666666668,50.0,35.61325016666667,-119.6896135,,5.498099867305461,13.501900132694539,5831.9444444444425,37.08505868852775,47.48272684421691,-0.2083333333333333,125.78540672021515,75.87749999999998
2023-08-30 04:30:00,1693395300.0,16.833333333333332,9.333333333333334,17.666666666666668,18.0,44.16666666666666,19.33333333333333,53.16666666666666,35.613244333333334,-119.68960316666666,,5.6100359632437184,12.389964036756282,743.4722222222221,6.95342042373397,8.673806484523737,0.41583333333333333,10.41051239562529,10.709166666666668
2023-08-30 05:30:00,1693398900.0,16.0,9.0,17.5,18.0,46.333333333333336,19.0,55.5,35.61321683333333,-119.68955216666666,,6.303614627122987,11.696385372877014,741.3333333333334,6.598156433277676,8.186871065646084,0.42,10.033720468203626,10.091666666666665
2023-08-30 06:30:00,1693402500.0,46.5,26.83333333333333,50.833333333333336,17.5,47.66666666666666,18.666666666666668,57.16666666666666,35.61322983333333,-119.68961333333334,,6.258557700441452,11.241442299558548,2216.4999999999995,14.200056414520688,17.449553355518578,0.2675,23.40179788201356,25.838333333333335
2023-08-30 07:30:00,1693406100.0,321.6666666666667,191.66666666666663,354.3333333333333,19.666666666666668,43.833333333333336,22.33333333333333,47.5,35.613162833333334,-119.689673,,7.011137485448092,12.655529181218576,14099.722222222224,83.74472099704461,102.69994430830486,-1.1083333333333334,263.76666666666665,169.25083333333336
2023-08-30 08:30:00,1693409700.0,72.83333333333333,45.16666666666666,77.5,26.166666666666668,30.666666666666668,27.33333333333333,35.833333333333336,35.6132425,-119.68963116666669,,7.5418608622164545,18.62480580445021,2233.5555555555557,22.239208071309534,27.373573344685465,0.13583333333333336,40.88945362404287,40.97666666666667
2023-08-30 09:30:00,1693413300.0,17.5,10.5,18.666666666666668,30.5,24.33333333333333,29.666666666666668,32.5,35.61321016666667,-119.6896235,,7.844436557181914,22.655563442818085,425.83333333333326,10.673333010016481,10.984653143019777,0.4125,12.463080191125398,12.741666666666667
2023-08-30 10:30:00,1693416900.0,28.83333333333333,17.333333333333332,30.166666666666668,32.5,19.5,31.0,27.0,35.6132125,-119.689626,,6.269030094771904,26.230969905228097,562.2499999999999,13.59973897470174,14.992169202576992,0.35583333333333333,18.974210969081753,19.04583333333333
2023-08-30 11:30:00,1693420500.0,37.66666666666666,22.33333333333333,39.16666666666666,33.666666666666664,17.166666666666668,32.166666666666664,23.5,35.613236666666666,-119.68959533333332,,5.373066549753721,28.29360011691294,646.611111111111,15.284043829459387,17.963475320063445,0.3116666666666667,24.106709568886046,23.837499999999995
2023-08-30 12:30:00,1693423920.0,53.0,30.8,55.2,34.8,16.6,33.0,23.4,35.6132292,-119.6896194,,5.799694414347337,29.00030558565266,879.8000000000001,17.416211537060533,22.751428236838684,0.235,32.85721685459757,31.859
2023-08-30 13:30:00,1693427700.0,100.83333333333331,58.16666666666666,105.0,34.833333333333336,16.833333333333332,34.333333333333336,21.83333333333333,35.61321183333333,-119.68960816666667,,6.02853640829348,28.804796925039856,1697.3611111111106,24.36363135407695,37.47534608180354,-0.004166666666666572,82.7776235943902,56.71249999999999
2023-08-30 14:30:00,1693431300.0,92.16666666666669,53.16666666666666,96.5,36.0,16.0,35.0,21.5,35.613205666666666,-119.68958916666666,,6.2264362776773385,29.773563722322663,1474.666666666667,23.094827232765837,34.89156786304346,0.03916666666666657,55.521610742133866,52.27666666666668
2023-08-30 15:30:00,1693434900.0,86.0,49.66666666666666,89.16666666666667,36.0,16.0,35.666666666666664,20.83333333333333,35.6132865,-119.689551,,6.2264362776773385,29.773563722322663,1376.0,22.232764382145625,32.990169324218954,0.07,51.74965357546719,49.07
2023-08-30 16:30:00,1693438500.0,77.5,44.833333333333336,80.66666666666667,34.333333333333336,17.0,35.833333333333336,20.666666666666668,35.61321383333333,-119.68957633333332,,5.76911175196111,28.564221581372227,1317.5,20.954033862982108,30.263173610982488,0.1125,46.7207643895142,44.565000000000005
2023-08-30 17:30:00,1693442100.0,71.83333333333333,41.66666666666666,75.33333333333333,33.0,17.833333333333332,35.166666666666664,21.0,35.613223833333336,-119.68957633333332,,5.383625620656165,27.616374379343835,1281.0277777777776,20.10390727021347,28.42748495571808,0.14083333333333337,43.46273240782389,41.5475
2023-08-30 18:30:00,1693445700.0,68.66666666666667,39.833333333333336,71.83333333333333,31.666666666666668,18.666666666666668,34.333333333333336,21.5,35.613242,-119.68962233333332,,4.957525568167375,26.709141098499295,1281.777777777778,19.54147634798778,27.362633545923064,0.15666666666666665,41.42530376103414,39.830000000000005
2023-08-30 19:30:00,1693449300.0,68.0,39.16666666666666,71.66666666666667,29.5,21.83333333333333,32.0,25.83333333333333,35.6132455,-119.689631,,5.429642872134754,24.070357127865247,1484.6666666666663,19.094365286597117,26.82093819810282,0.16,40.30384526259159,39.214166666666664
2023-08-30 20:30:00,1693452900.0,74.5,42.333333333333336,79.0,26.666666666666668,28.0,29.33333333333333,32.666666666666664,35.613254000000005,-119.68962216666668,,6.643210009907038,20.02345665675963,2086.0,19.80638256277249,28.170529051373187,0.1275,41.93022211617323,42.07
2023-08-30 21:30:00,1693456500.0,137.83333333333334,79.0,148.16666666666666,24.83333333333333,33.333333333333336,27.33333333333333,39.5,35.613259,-119.68962366666666,,7.60383444056214,17.22949889277119,4594.444444444445,32.90307668814173,47.13227751718148,-0.1891666666666667,120.7327472019167,74.55000000000001
2023-08-30 22:30:00,1693460100.0,201.0,114.5,216.66666666666663,24.0,31.33333333333333,26.666666666666668,35.5,35.613271,-119.68962483333333,,5.974609456409394,18.025390543590607,6297.999999999999,44.10925100287614,66.82106340998915,-0.505,194.5645789228081,107.56666666666668
2023-08-30 23:30:00,1693463700.0,81.83333333333333,46.333333333333336,86.83333333333333,23.5,31.33333333333333,25.33333333333333,37.5,35.61324066666666,-119.68959933333332,,5.5397582187339305,17.96024178126607,2564.1111111111104,21.131310220231278,30.07782137594824,0.09083333333333336,44.54442879530586,45.6
2023-08-31 00:30:00,1693467300.0,118.16666666666669,68.66666666666667,126.33333333333331,21.83333333333333,36.66666666666666,23.33333333333333,43.833333333333336,35.61320883333334,-119.68960716666668,,6.352403815475483,15.480929517857845,4332.777777777777,30.209489198808583,40.714527590687126,-0.09083333333333343,100.19723307344867,64.04
2023-08-31 01:30:00,1693470900.0,106.5,61.66666666666666,113.33333333333331,21.0,37.5,23.166666666666668,43.333333333333336,35.613224,-119.6896285,,5.938459135423972,15.061540864576028,3993.75,27.645863532974452,37.02882954629617,-0.0325,88.40359177743173,57.9025
2023-08-31 02:30:00,1693474500.0,116.66666666666669,66.66666666666667,125.16666666666669,20.0,40.66666666666666,22.0,47.66666666666666,35.6132175,-119.68961066666668,,6.2200788010691985,13.7799211989308,4744.444444444444,29.83936481189908,39.82742892884329,-0.08333333333333343,98.84310257090067,62.920000000000016
2023-08-31 03:30:00,1693478100.0,90.83333333333331,52.0,98.16666666666669,20.0,36.66666666666666,22.5,40.333333333333336,35.61326233333333,-119.68957766666666,,4.726393479001909,15.27360652099809,3330.555555555554,23.704532073567947,32.286707040221785,0.04583333333333343,47.4354350855131,49.82666666666666
2023-08-31 04:30:00,1693481700.0,26.0,15.166666666666666,27.666666666666668,20.5,31.83333333333333,23.33333333333333,34.333333333333336,35.61323183333334,-119.68957233333332,,3.1522812271860627,17.347718772813938,827.6666666666665,10.78693112233321,12.809381687811593,0.37,16.348966450943493,16.524166666666666
2023-08-31 05:30:00,1693485300.0,24.83333333333333,14.666666666666666,26.5,20.5,32.833333333333336,22.0,38.66666666666666,35.61325566666667,-119.6896555,,3.5909750851028353,16.909024914897167,815.361111111111,10.564489242459373,12.343508561285326,0.37583333333333335,15.683419727386758,15.832499999999996
2023-08-31 06:30:00,1693488900.0,161.83333333333334,93.16666666666669,176.5,19.33333333333333,38.0,21.0,45.0,35.6132045,-119.689593,,4.645586550788578,14.68774678254475,6149.666666666667,39.447904675164665,54.0369527066984,-0.3091666666666667,148.50351941556949,86.63333333333333
2023-08-31 07:30:00,1693492500.0,234.33333333333331,139.5,255.33333333333331,20.166666666666668,39.16666666666666,22.33333333333333,44.833333333333336,35.61326533333334,-119.689645,,5.824839885436036,14.341826781230631,9178.055555555553,59.10270815457356,76.26739223356338,-0.6716666666666665,243.17161402337763,124.23416666666665
2023-08-31 08:30:00,1693496100.0,126.83333333333331,73.33333333333333,135.33333333333334,26.0,30.166666666666668,27.166666666666668,36.16666666666666,35.61321516666667,-119.68963616666667,,7.15684270092631,18.843157299073688,3826.1388888888887,30.5039017469035,44.076732386144556,-0.13416666666666657,108.77464461438693,69.09916666666665
2023-08-31 09:30:00,1693499700.0,95.83333333333331,56.333333333333336,100.83333333333331,31.166666666666668,23.83333333333333,30.83333333333333,31.166666666666668,35.613238833333334,-119.6895965,,8.098911375545356,23.067755291121312,2284.027777777777,24.687323254762184,35.19062804038093,0.02083333333333343,54.887499075923174,53.5175
2023-08-31 10:30:00,1693503300.0,116.66666666666669,73.83333333333333,120.83333333333331,35.166666666666664,20.166666666666668,33.5,26.83333333333333,35.61322533333333,-119.68962233333332,,8.947891353095992,26.218775313570674,2352.7777777777783,31.73046164142969,42.003485040974525,-0.08333333333333343,97.94151873482913,64.66250000000001
2023-08-31 11:30:00,1693506900.0,50.5,30.666666666666668,52.5,37.16666666666666,16.5,35.666666666666664,21.83333333333333,35.6132295,-119.6895855,,7.607830138998227,29.55883652766843,833.25,18.064266197848816,21.99120589923335,0.2475,31.57457441074005,30.567500000000003
2023-08-31 12:30:00,1693510500.0,23.83333333333333,14.666666666666666,24.666666666666668,39.66666666666666,13.0,37.833333333333336,16.166666666666668,35.61323733333334,-119.689603,,6.101076871417559,33.565589795249096,309.83333333333326,14.547310247279821,14.140463722801773,0.38083333333333336,16.248198466813356,16.99833333333333
2023-08-31 13:30:00,1693514100.0,30.166666666666668,18.5,31.166666666666668,40.0,13.666666666666666,38.333333333333336,17.333333333333332,35.613308,-119.6895345,,7.088678521174844,32.91132147882516,412.27777777777777,15.40837733415042,16.0224853588972,0.3491666666666666,19.933886523942576,20.235
2023-08-31 14:30:00,1693517700.0,28.0,17.5,29.0,40.0,13.0,39.5,16.0,35.613236666666666,-119.689602,,6.359939684021052,33.64006031597895,364.0,15.432592995559563,15.425192465250758,0.36,18.759747490325548,19.165
2023-08-31 15:30:00,1693521300.0,7.333333333333333,4.5,7.5,39.0,10.666666666666666,39.833333333333336,11.666666666666666,35.61323116666667,-119.68961466666669,,2.759169522921234,36.24083047707877,78.22222222222221,6.131351131621982,7.064980136952668,0.4633333333333334,6.2898742920936375,8.616666666666667
2023-08-31 16:30:00,1693524900.0,5.0,3.0,5.166666666666667,37.333333333333336,9.166666666666666,40.333333333333336,9.166666666666666,35.61318266666667,-119.689532,,-0.6064307910209469,37.939764124354284,45.83333333333333,4.496103029743057,5.8235184280365075,0.475,4.783743568947197,7.530833333333334
2023-08-31 17:30:00,1693528500.0,4.666666666666667,2.833333333333333,4.833333333333333,35.0,10.0,38.0,10.333333333333334,35.61336516666667,-119.68973916666666,,-1.1698866795811145,36.16988667958111,46.66666666666667,4.3683961386447026,5.60112262043886,0.4766666666666666,4.774032412948525,7.286666666666667
2023-08-31 18:30:00,1693532100.0,7.0,4.5,7.5,32.166666666666664,10.166666666666666,35.333333333333336,10.833333333333334,35.613263499999995,-119.68963866666668,,-3.0949330149772014,35.261599681643865,71.16666666666666,6.096713175413557,6.899913228312725,0.465,6.413817565315421,8.485833333333334
2023-08-31 19:30:00,1693535700.0,4.5,3.1666666666666665,5.0,29.5,12.5,32.5,14.333333333333334,35.61321066666667,-119.68957266666666,,-2.36106260470188,31.86106260470188,56.25,4.598662190862266,5.40034831201862,0.4775,5.242435229540751,6.9875
2023-08-31 20:30:00,1693539300.0,5.833333333333333,3.8333333333333335,6.333333333333333,26.83333333333333,16.166666666666668,29.83333333333333,18.83333333333333,35.613245666666664,-119.68960433333332,,-0.9728831333193602,27.80621646665269,94.30555555555556,5.495102625363171,5.9889548228812615,0.4708333333333334,6.232106718049572,7.369166666666667
2023-08-31 21:30:00,1693542900.0,8.333333333333334,5.0,8.666666666666666,25.0,19.33333333333333,27.5,22.666666666666668,35.613275,-119.68959183333334,,-0.005772707264270289,25.00577270726427,161.1111111111111,6.948652319648197,7.252038030974833,0.45833333333333337,7.608686062835656,8.4
2023-08-31 22:30:00,1693546500.0,10.166666666666666,6.166666666666667,10.5,24.0,22.0,26.33333333333333,25.33333333333333,35.613252833333334,-119.689607,,0.9555374797302989,23.0444625202697,223.66666666666666,9.588556867132404,8.971211739804177,0.44916666666666666,8.601653172591442,9.126666666666665
2023-08-31 23:30:00,1693550100.0,10.333333333333334,6.333333333333333,11.166666666666666,23.0,23.166666666666668,25.83333333333333,26.166666666666668,35.613255333333335,-119.68961216666666,,0.8361397861151872,22.163860213884814,239.3888888888889,9.410694665321932,8.898760297754832,0.44833333333333336,8.824174504364187,9.114166666666666
2023-09-01 00:30:00,1693553700.0,10.5,6.666666666666667,10.833333333333334,21.166666666666668,29.83333333333333,22.5,37.16666666666666,35.6132515,-119.68960683333334,,2.8144059635009158,18.35226070316575,313.24999999999994,8.375931248481393,8.24248892318247,0.4475,8.572727091351402,8.634166666666667
2023-09-01 01:30:00,1693557300.0,9.833333333333334,6.0,10.0,19.5,34.166666666666664,20.83333333333333,41.16666666666666,35.6132585,-119.68960333333332,,3.277797204901098,16.2222027950989,335.97222222222223,7.336303193148604,7.4537976359412355,0.45083333333333336,7.947709867698963,7.919166666666667
2023-09-01 02:30:00,1693560900.0,38.833333333333336,23.0,40.66666666666666,19.0,35.333333333333336,20.666666666666668,40.66666666666666,35.6132595,-119.68960183333331,,3.312686086320241,15.687313913679759,1372.1111111111113,13.36639995892866,16.394824439312544,0.30583333333333335,22.114608616807864,22.900000000000002
2023-09-01 03:30:00,1693564500.0,117.66666666666669,69.0,124.5,20.0,34.166666666666664,21.666666666666668,39.833333333333336,35.613185333333334,-119.68960316666666,,3.7178826244035954,16.282117375596403,4020.2777777777783,30.01619793745173,40.82573283819461,-0.08833333333333343,99.57641117134172,63.992500000000014
2023-09-01 04:30:00,1693568100.0,102.83333333333331,60.333333333333336,108.66666666666669,19.83333333333333,35.666666666666664,21.33333333333333,41.833333333333336,35.61323733333333,-119.68958666666668,,4.183101042717385,15.650232290615943,3667.7222222222213,27.107697619132118,36.092874897115394,-0.014166666666666572,84.76160400577845,56.15166666666666
2023-09-01 05:30:00,1693571700.0,60.833333333333336,36.16666666666666,63.833333333333336,19.166666666666668,35.666666666666664,21.0,41.833333333333336,35.61323683333333,-119.6896105,,3.59334005388451,15.573326612782157,2169.722222222222,18.308717125381605,23.142809173229658,0.19583333333333333,32.826015403873335,34.31166666666667
2023-09-01 06:30:00,1693575300.0,76.83333333333333,45.16666666666666,80.83333333333333,19.5,36.66666666666666,20.666666666666668,44.333333333333336,35.61325816666667,-119.6896235,,4.282707812127227,15.217292187872772,2817.2222222222213,21.580638848740776,27.970018465593203,0.11583333333333336,40.230111342665104,42.54666666666667
2023-09-01 07:30:00,1693578900.0,40.5,23.5,43.16666666666666,18.5,39.0,19.5,47.333333333333336,35.61325383333333,-119.68962716666664,,4.273346497121468,14.226653502878532,1579.5,13.187709735403473,16.519502647943458,0.2975,22.304398381970465,23.455000000000002
2023-09-01 08:30:00,1693582500.0,40.833333333333336,23.83333333333333,43.0,23.5,29.0,24.5,34.166666666666664,35.613217,-119.68959416666668,,4.427760131461105,19.072239868538894,1184.1666666666667,14.060407220691635,17.68377173374486,0.29583333333333334,24.256231486606694,24.478333333333335
2023-09-01 09:30:00,1693586100.0,46.333333333333336,27.33333333333333,48.5,28.5,21.83333333333333,27.666666666666668,29.0,35.61325333333333,-119.689593,,4.598163390629354,23.901836609370648,1011.611111111111,15.95066505610256,20.14034873736811,0.2683333333333333,28.42671017734068,27.9475
2023-09-01 10:30:00,1693589700.0,44.0,26.666666666666668,46.16666666666666,31.5,19.0,29.33333333333333,27.0,35.61323166666667,-119.68955233333332,,5.075937556706958,26.424062443293042,836.0,16.42353016163249,19.721656364411565,0.28,27.702233294597605,26.975
2023-09-01 11:30:00,1693593300.0,47.16666666666666,28.166666666666668,49.0,34.333333333333336,17.333333333333332,31.5,25.33333333333333,35.6132715,-119.68959566666666,,6.050225359568209,28.283107973765127,817.5555555555553,16.96344155130629,20.87496533974037,0.2641666666666667,29.508320793821674,28.763333333333332
2023-09-01 12:30:00,1693596900.0,41.5,25.166666666666668,43.333333333333336,35.666666666666664,15.5,33.333333333333336,22.166666666666668,35.613266,-119.689584,,5.50142646880891,30.165240197857756,643.25,16.605903333962658,19.322340894184094,0.2925,26.604321688524017,25.972500000000004
2023-09-01 13:30:00,1693600500.0,33.666666666666664,20.166666666666668,35.0,36.5,13.833333333333334,34.666666666666664,18.83333333333333,35.613227333333334,-119.689612,,4.524576857262822,31.975423142737178,465.72222222222223,15.473323760599841,17.083965989447584,0.3316666666666667,22.072233230759245,22.040833333333335
2023-09-01 14:30:00,1693604100.0,30.5,18.33333333333333,31.5,36.333333333333336,15.0,35.166666666666664,20.33333333333333,35.613237833333336,-119.68964,,5.557236820169524,30.77609651316381,457.5,14.790237177512825,15.983731553439053,0.3475,20.095270414055193,20.295
2023-09-01 15:30:00,1693607700.0,19.0,11.5,19.33333333333333,34.666666666666664,16.166666666666668,34.666666666666664,20.666666666666668,35.613255333333335,-119.68958033333332,,5.311052063031231,29.355614603635434,307.1666666666667,12.68283194470327,12.314039632532552,0.405,13.376494799297028,14.215833333333332
2023-09-01 16:30:00,1693611300.0,17.333333333333332,10.333333333333334,17.666666666666668,31.666666666666668,18.166666666666668,34.166666666666664,21.33333333333333,35.61324416666667,-119.68958033333332,,4.568075679357034,27.098590987309635,314.8888888888889,11.764300901566665,11.587849978271862,0.41333333333333333,12.431902425700633,13.179166666666667
2023-09-01 17:30:00,1693614900.0,20.0,12.0,20.83333333333333,29.5,20.166666666666668,32.5,23.166666666666668,35.613278,-119.6895805,,4.289758106781199,25.2102418932188,403.33333333333337,11.819422965880573,12.197778216158117,0.4,14.009776250842322,14.395833333333332
2023-09-01 18:30:00,1693618500.0,18.5,11.0,19.0,28.166666666666668,25.33333333333333,30.83333333333333,29.666666666666668,35.613250666666666,-119.68959016666668,,6.464387215584188,21.70227945108248,468.6666666666666,10.56398100931349,11.186838962566984,0.4075,12.781297330438981,13.17666666666667
2023-09-01 19:30:00,1693622100.0,16.333333333333332,10.0,17.333333333333332,25.83333333333333,31.83333333333333,28.166666666666668,38.0,35.613206166666664,-119.68963233333334,,7.800593328344501,18.032740004988828,519.9444444444443,9.289613582576816,9.828811005329952,0.41833333333333333,11.404282109214229,11.497499999999999
2023-09-01 20:30:00,1693625700.0,13.333333333333334,7.833333333333333,14.0,22.5,40.5,24.33333333333333,48.16666666666666,35.61320766666667,-119.68959916666668,,8.403298181126006,14.096701818873994,540.0,7.057550746950236,7.9838476292152665,0.43333333333333335,9.183060437476229,9.200833333333334
2023-09-01 21:30:00,1693629300.0,16.333333333333332,9.5,17.166666666666668,21.166666666666668,46.0,23.0,55.16666666666666,35.6132585,-119.68961583333332,,9.084122133413358,12.08254453325331,751.3333333333333,6.987468376672073,8.325032391255519,0.41833333333333333,10.04369414846366,10.293333333333333
2023-09-01 22:30:00,1693632900.0,17.333333333333332,10.0,18.166666666666668,20.0,50.16666666666666,22.0,60.0,35.613232333333336,-119.68959033333331,,9.30466349338825,10.69533650661175,869.5555555555553,6.683743963650903,8.191079461774326,0.41333333333333333,10.01950018326729,10.459166666666668
2023-09-01 23:30:00,1693636500.0,18.666666666666668,10.833333333333334,19.666666666666668,20.0,53.16666666666666,21.0,63.5,35.613242500000005,-119.6896235,,10.171543044800947,9.828456955199053,992.4444444444443,6.753956011426279,8.283745423436358,0.4066666666666666,10.262907234470713,10.8975
2023-09-02 00:30:00,1693640100.0,18.666666666666668,10.833333333333334,19.666666666666668,20.0,53.5,21.0,63.5,35.613263499999995,-119.68963883333332,,10.265182039692156,9.734817960307844,998.6666666666667,6.719115933997374,8.248362397222841,0.4066666666666666,10.22342936007517,10.869166666666667
2023-09-02 01:30:00,1693643700.0,18.83333333333333,10.833333333333334,19.83333333333333,20.0,54.0,21.0,64.16666666666667,35.61324,-119.689612,,10.40468053857491,9.59531946142509,1016.9999999999998,6.644320418255765,8.246677007600525,0.4058333333333334,10.212174468177487,10.91333333333333
2023-09-02 02:30:00,1693647300.0,18.33333333333333,10.666666666666666,19.33333333333333,20.0,54.0,21.0,64.0,35.613261,-119.68961333333334,,10.40468053857491,9.59531946142509,989.9999999999998,6.595156231266695,8.092509558506645,0.4083333333333334,10.039335134844151,10.65333333333333
2023-09-02 03:30:00,1693650900.0,18.0,10.333333333333334,18.83333333333333,19.5,54.333333333333336,21.0,64.66666666666667,35.613283833333334,-119.68962733333336,,10.032480568568678,9.467519431431322,978.0,6.364139556016987,7.954348232897213,0.41,9.808738668047848,10.451666666666664
2023-09-02 04:30:00,1693654500.0,17.666666666666668,10.333333333333334,18.666666666666668,19.0,56.0,20.33333333333333,66.16666666666667,35.61324366666667,-119.68961083333332,,10.019000071964046,8.980999928035954,989.3333333333334,6.226222065938735,7.6746548024337145,0.4116666666666666,9.570083827725739,10.136666666666667
2023-09-02 05:30:00,1693658100.0,20.666666666666668,12.166666666666666,21.83333333333333,18.666666666666668,57.16666666666666,19.5,69.0,35.613202,-119.6895995,,10.016157643799913,8.650509022866755,1181.4444444444443,7.012318227195742,8.475818905249678,0.39666666666666667,10.617368294815979,11.597500000000002
2023-09-02 06:30:00,1693661700.0,19.33333333333333,11.5,20.166666666666668,18.0,58.16666666666666,19.0,70.66666666666667,35.61321833333333,-119.68959033333331,,9.651156186338323,8.348843813661677,1124.5555555555552,6.604934945218217,7.958556629025454,0.4033333333333334,9.931594493702645,10.819166666666664
2023-09-02 07:30:00,1693665300.0,7.0,4.333333333333333,7.166666666666667,18.83333333333333,58.16666666666666,20.166666666666668,69.33333333333333,35.61318983333334,-119.68960183333331,,10.431973072777042,8.401360260556286,407.16666666666663,4.585016883541688,4.83607286583534,0.465,5.199510896019244,4.405833333333334
2023-09-02 08:30:00,1693668900.0,8.5,5.666666666666667,9.166666666666666,20.666666666666668,53.833333333333336,21.0,66.66666666666667,35.61322533333333,-119.68961466666669,,10.976954166500855,9.689712500165813,457.58333333333337,5.6844909053622175,5.8619353933187535,0.4575,6.262250596504453,5.554166666666666
2023-09-02 09:30:00,1693672500.0,4.833333333333333,3.1666666666666665,5.0,22.666666666666668,45.833333333333336,22.33333333333333,59.833333333333336,35.613237833333336,-119.68961566666668,,10.395280654643635,12.271386012023033,221.52777777777777,4.1314738180541974,4.153691083825074,0.47583333333333333,5.026445009054496,4.327499999999999
2023-09-02 10:30:00,1693676100.0,7.833333333333333,5.0,8.333333333333334,24.83333333333333,39.16666666666666,24.0,53.833333333333336,35.61327433333333,-119.68965533333332,,9.99292132249883,14.840412010834498,306.8055555555555,6.001028343783982,6.119422790355345,0.4608333333333334,6.758848944891417,6.4541666666666675
2023-09-02 11:30:00,1693679700.0,8.833333333333334,5.5,9.333333333333334,26.83333333333333,35.333333333333336,25.5,49.833333333333336,35.6132445,-119.68960433333332,,10.224099286442229,16.6092340468911,312.11111111111114,6.68277932801879,6.843939112105995,0.45583333333333337,7.378043874393654,7.3
2023-09-02 12:30:00,1693683300.0,9.833333333333334,6.5,10.5,29.666666666666668,30.666666666666668,27.5,45.66666666666666,35.61324633333333,-119.6896235,,10.571735316834632,19.094931349832038,301.5555555555556,7.602790182275509,7.604285995705211,0.45083333333333336,8.154947369049205,8.216666666666667
2023-09-02 13:30:00,1693686900.0,10.666666666666666,7.0,10.833333333333334,31.33333333333333,28.0,28.33333333333333,42.66666666666666,35.61325083333333,-119.68960816666667,,10.637738766040354,20.695594567292975,298.66666666666663,9.150052221774693,8.488484717054767,0.44666666666666666,8.52926166557362,8.876666666666667
2023-09-02 14:30:00,1693690500.0,13.333333333333334,8.666666666666666,13.666666666666666,30.83333333333333,28.83333333333333,29.33333333333333,41.333333333333336,35.61323683333334,-119.6895435,,10.650370668151284,20.182962665182046,384.4444444444444,9.581801273007326,9.222253546688327,0.43333333333333335,9.912649306604383,10.192499999999999
2023-09-02 15:30:00,1693694100.0,13.666666666666666,9.166666666666666,14.166666666666666,30.0,29.83333333333333,29.0,42.16666666666666,35.61327283333333,-119.68954583333334,,10.445835350167295,19.554164649832707,407.7222222222221,9.676337286543227,9.218882767443699,0.43166666666666664,10.133832360317205,10.280833333333334
2023-09-02 16:30:00,1693697700.0,12.833333333333334,8.333333333333334,13.5,27.166666666666668,34.833333333333336,28.33333333333333,43.66666666666666,35.61328616666666,-119.689598,,10.303803720042806,16.862862946623864,447.0277777777778,8.414968380926396,8.431191625751161,0.43583333333333335,9.436081845624118,9.4225
2023-09-02 17:30:00,1693701300.0,9.666666666666666,6.333333333333333,10.166666666666666,25.666666666666668,40.333333333333336,27.166666666666668,50.16666666666666,35.613249333333336,-119.689616,,11.178705667519733,14.487960999146935,389.8888888888889,7.012015274040119,7.095368855387307,0.45166666666666666,7.556272551026365,7.308333333333333
2023-09-02 18:30:00,1693704900.0,6.166666666666667,3.8333333333333335,6.333333333333333,23.166666666666668,47.0,24.666666666666668,57.833333333333336,35.61321383333333,-119.6895905,,11.229174357468128,11.93749230919854,289.83333333333337,4.710169902125388,4.849789280233414,0.4691666666666666,5.506089333760122,4.921666666666667
2023-09-02 19:30:00,1693708500.0,12.833333333333334,7.666666666666667,13.666666666666666,21.5,52.0,22.83333333333333,63.0,35.61327933333333,-119.68961316666666,,11.22576487870402,10.27423512129598,667.3333333333334,5.501695691314975,6.608965775755086,0.43583333333333335,8.05984034148335,7.963333333333334
2023-09-02 20:30:00,1693712100.0,20.166666666666668,11.833333333333334,21.0,20.166666666666668,54.833333333333336,22.0,65.33333333333333,35.61325216666667,-119.68960966666668,,10.789677242081181,9.376989424585487,1105.8055555555557,7.086281002740028,8.56933263965041,0.39916666666666667,10.617346504080393,11.535833333333334
2023-09-02 21:30:00,1693715700.0,20.83333333333333,12.166666666666666,21.666666666666668,20.0,56.0,21.166666666666668,66.83333333333333,35.61323683333333,-119.68962866666668,,10.951526260191882,9.048473739808118,1166.6666666666665,7.117961350394472,8.651048646694939,0.39583333333333337,10.714479828397778,11.78333333333333
2023-09-02 22:30:00,1693719300.0,21.5,12.333333333333334,22.666666666666668,20.0,56.833333333333336,21.0,66.83333333333333,35.61324833333333,-119.68963116666669,,11.174310916879996,8.825689083120004,1221.9166666666667,7.071388991277051,8.768147679952989,0.3925,10.905895405317878,12.059166666666666
2023-09-02 23:30:00,1693722900.0,18.166666666666668,11.0,18.666666666666668,20.0,57.0,21.0,66.66666666666667,35.61323866666667,-119.68963233333334,,11.218522065555835,8.781477934444165,1035.5,6.539350244855841,7.722673172887045,0.4091666666666666,9.563674184216639,10.311666666666667
2023-09-03 00:30:00,1693726500.0,15.0,9.0,15.833333333333334,19.166666666666668,57.66666666666666,21.0,67.83333333333333,35.613217666666664,-119.689612,,10.614440620141895,8.552226046524773,864.9999999999999,5.447098654012766,6.675513276198786,0.425,8.377963073347809,8.608333333333334
2023-09-03 01:30:00,1693730100.0,15.333333333333334,9.333333333333334,16.333333333333332,19.166666666666668,57.833333333333336,21.0,67.5,35.6132435,-119.68959033333331,,10.657822019534601,8.508844647132067,886.7777777777778,5.621651091510772,6.760600062487946,0.42333333333333334,8.551863545035273,8.7675
2023-09-03 02:30:00,1693733700.0,17.166666666666668,10.5,18.166666666666668,20.0,57.0,21.0,67.66666666666667,35.61328433333333,-119.6896325,,11.218522065555835,8.781477934444165,978.5000000000001,6.313980941739603,7.414338274699289,0.4141666666666666,9.335305684216639,9.791666666666668
2023-09-03 03:30:00,1693737300.0,23.166666666666668,13.333333333333334,24.33333333333333,20.0,57.16666666666666,21.0,68.16666666666667,35.613255333333335,-119.68960066666666,,11.26261943873522,8.73738056126478,1324.3611111111109,7.5344126118240595,9.246656150719067,0.38416666666666666,11.489003950118523,12.8975
2023-09-03 04:30:00,1693740900.0,27.0,15.333333333333334,28.33333333333333,19.166666666666668,58.0,21.0,69.33333333333333,35.61327483333333,-119.6895635,,10.701093352723566,8.465573313943102,1566.0,8.387569944759926,10.34014902823834,0.365,12.800242223236642,14.82
2023-09-03 05:30:00,1693744500.0,24.33333333333333,14.0,25.33333333333333,19.0,58.0,21.0,68.66666666666667,35.61322783333333,-119.689546,,10.545008539054194,8.454991460945806,1411.333333333333,7.775981245137874,9.517922633070988,0.37833333333333335,11.765381041019584,13.43333333333333
2023-09-03 06:30:00,1693748100.0,19.5,11.833333333333334,20.5,19.0,58.0,20.0,69.0,35.6132265,-119.689617,,10.545008539054194,8.454991460945806,1131.0,6.846951820312821,8.027637291830171,0.4025,10.089052374352923,10.92
2023-09-03 07:30:00,1693751700.0,20.33333333333333,12.0,21.5,19.0,56.5,20.0,67.16666666666667,35.613235,-119.6895675,,10.152036338451772,8.847963661548228,1148.833333333333,7.004957643818891,8.443806658280788,0.3983333333333334,10.580106785325203,11.48083333333333
2023-09-03 08:30:00,1693755300.0,17.666666666666668,10.166666666666666,18.666666666666668,19.666666666666668,54.5,20.666666666666668,64.83333333333333,35.613268,-119.68959433333332,,10.233227913474032,9.433438753192636,962.8333333333334,6.276283065287285,7.833878420394536,0.4116666666666666,9.707633654574577,10.264166666666668
2023-09-03 09:30:00,1693758900.0,18.33333333333333,10.833333333333334,19.33333333333333,20.33333333333333,52.66666666666666,21.33333333333333,63.333333333333336,35.613248166666665,-119.68961833333331,,10.338645727593201,9.994687605740127,965.5555555555551,6.85782022292525,8.23404166336071,0.4083333333333334,10.220014664066564,10.766666666666666
2023-09-03 10:30:00,1693762500.0,16.0,9.833333333333334,17.0,21.83333333333333,47.5,22.666666666666668,58.5,35.613229833333335,-119.68961333333334,,10.17081818356197,11.662515149771359,760.0,7.10662928985968,8.06303047389878,0.42,9.876836921199294,9.9925
2023-09-03 11:30:00,1693766100.0,15.0,8.833333333333334,15.666666666666666,23.5,42.66666666666666,23.5,54.333333333333336,35.6131985,-119.68960166666666,,10.077341417375784,13.422658582624216,639.9999999999999,7.1968959724779396,8.267749455807007,0.425,9.729384363536607,9.883333333333335
2023-09-03 12:30:00,1693769700.0,14.333333333333334,8.666666666666666,14.833333333333334,26.166666666666668,36.5,25.166666666666668,49.333333333333336,35.6132195,-119.68958883333332,,10.122256733109614,16.044409933557056,523.1666666666667,8.089775203942061,8.716778841965215,0.42833333333333334,9.903496510272856,10.060833333333335
2023-09-03 13:30:00,1693773300.0,15.166666666666666,9.166666666666666,15.5,27.0,35.0,25.83333333333333,48.0,35.61322033333334,-119.68956983333334,,10.228778828724247,16.771221171275755,530.8333333333333,8.510732580270318,9.132948208415833,0.42416666666666664,10.360964049636213,10.621666666666666
2023-09-03 14:30:00,1693776900.0,14.666666666666666,9.0,15.0,27.5,33.666666666666664,26.5,45.833333333333336,35.61328433333333,-119.689588,,10.085932536640895,17.414067463359103,493.7777777777777,8.698408455275525,9.12031286417602,0.42666666666666664,10.237356254169681,10.475000000000001
2023-09-03 15:30:00,1693780500.0,13.5,8.5,14.333333333333334,27.33333333333333,32.833333333333336,27.166666666666668,43.5,35.61326333333333,-119.68962483333333,,9.565885044815365,17.76744828851796,443.25000000000006,8.705525886961361,8.849046381824094,0.4325,9.898109454734417,9.939166666666665
2023-09-03 16:30:00,1693784100.0,14.333333333333334,8.666666666666666,14.5,26.0,35.166666666666664,26.5,45.0,35.613248166666665,-119.68961583333332,,9.419604265739334,16.580395734260666,504.05555555555554,8.277569086591997,8.85831094681928,0.42833333333333334,9.922630134134142,10.174166666666668
2023-09-03 17:30:00,1693787700.0,13.666666666666666,8.5,14.333333333333334,24.83333333333333,37.833333333333336,26.33333333333333,45.5,35.613259666666664,-119.68962966666668,,9.475986735346913,15.357346597986416,517.0555555555555,7.882755110021247,8.369690138319314,0.43166666666666664,9.592043213218531,9.600833333333332
2023-09-03 18:30:00,1693791300.0,13.0,8.0,13.833333333333334,24.0,39.0,26.0,45.5,35.61318966666666,-119.6896135,,9.185824674482781,14.814175325517219,507.0,7.4736927945976745,8.04029294778017,0.435,9.232671366958938,9.155
2023-09-03 19:30:00,1693794900.0,12.5,7.5,13.0,23.0,42.0,24.666666666666668,50.0,35.61324666666667,-119.68966283333332,,9.39174988603963,13.60825011396037,525.0,6.7738948337308145,7.567678262764648,0.4375,8.664591078265005,8.64
2023-09-03 20:30:00,1693798500.0,12.666666666666666,7.833333333333333,13.5,22.0,44.16666666666666,23.83333333333333,52.333333333333336,35.613252,-119.6895875,,9.2368110735605,12.7631889264395,559.4444444444443,6.6671614842262965,7.389077742074754,0.43666666666666665,8.705799477281122,8.5425
2023-09-03 21:30:00,1693802100.0,16.5,10.166666666666666,17.166666666666668,20.83333333333333,50.833333333333336,22.33333333333333,60.66666666666666,35.61324183333333,-119.68960033333332,,10.269240740534844,10.564092592798485,838.75,6.860904969124487,7.863367660857497,0.4175,9.668107531024868,9.969166666666666
2023-09-03 22:30:00,1693805700.0,12.666666666666666,7.833333333333333,13.0,20.0,49.16666666666666,22.166666666666668,56.833333333333336,35.61322166666667,-119.68959683333333,,9.005525435638917,10.994474564361083,622.7777777777776,5.980217136661392,6.858332348872013,0.43666666666666665,8.174890805281711,8.1175
2023-09-03 23:30:00,1693809300.0,8.166666666666666,5.0,9.0,20.0,48.0,21.33333333333333,56.833333333333336,35.61321616666667,-119.68959933333332,,8.649669685782749,11.350330314217251,392.0,5.681025934147741,5.92618408050963,0.45916666666666667,6.499611218978118,5.876666666666666
2023-09-04 00:30:00,1693812900.0,8.666666666666666,5.0,9.0,19.166666666666668,50.16666666666666,20.666666666666668,59.333333333333336,35.61323983333333,-119.6896045,,8.537601404865422,10.629065261801246,434.77777777777766,5.70031963601555,6.1128724883269845,0.45666666666666667,6.386393837296469,5.952500000000001
2023-09-04 01:30:00,1693816500.0,8.0,5.0,8.666666666666666,18.33333333333333,53.0,19.5,63.0,35.613214500000005,-119.68963116666669,,8.580255009323581,9.753078324009747,424.0,5.367849588563784,5.617918086543695,0.46,6.086428947354615,5.365
2023-09-04 02:30:00,1693820100.0,7.833333333333333,5.0,8.166666666666666,18.0,54.0,19.5,62.833333333333336,35.6132265,-119.6896095,,8.54737581638125,9.45262418361875,423.0,5.271090333984622,5.481638789450875,0.4608333333333334,5.884238533800911,5.1933333333333325
2023-09-04 03:30:00,1693823700.0,8.0,5.166666666666667,8.5,16.833333333333332,56.66666666666666,17.666666666666668,68.66666666666667,35.61325566666667,-119.68965383333334,,8.172022360080355,8.661310973252977,453.33333333333326,5.228680056537572,5.460263614410007,0.46,5.827041395280124,5.053333333333334
2023-09-04 04:30:00,1693827300.0,8.5,5.166666666666667,8.666666666666666,16.0,60.0,17.333333333333332,70.33333333333333,35.613198000000004,-119.68962083333332,,8.233385365706331,7.766614634293669,510.0,5.149938141381058,5.596789235639367,0.4575,5.6331672883943025,5.029999999999999
2023-09-04 05:30:00,1693830900.0,7.666666666666667,5.0,8.333333333333334,16.0,60.0,17.0,71.16666666666667,35.613231,-119.689621,,8.233385365706331,7.766614634293669,460.0,4.899871359419093,5.130376121266661,0.46166666666666667,5.519214455060969,4.596666666666666
2023-09-04 06:30:00,1693834500.0,14.833333333333334,8.833333333333334,16.0,15.333333333333334,61.66666666666666,16.0,74.33333333333333,35.61323816666667,-119.68959183333334,,8.008755818668892,7.324577514664442,914.7222222222222,4.863544396825688,6.199527811938635,0.42583333333333334,8.004896549037426,8.181666666666668
2023-09-04 07:30:00,1693838100.0,11.0,6.833333333333333,11.833333333333334,16.666666666666668,60.333333333333336,18.0,69.33333333333333,35.613235,-119.68961433333334,,8.942782029370486,7.723884637296182,663.6666666666667,4.05999463726678,5.159109473739633,0.445,6.711211895336797,6.301666666666667
2023-09-04 08:30:00,1693841700.0,5.5,3.333333333333333,6.0,20.83333333333333,48.0,20.5,62.0,35.61323683333333,-119.68956733333331,,9.412553715205874,11.420779618127455,264.0,4.306802102674629,4.433662114516969,0.4725,5.2721309100420966,4.49
2023-09-04 09:30:00,1693845300.0,7.5,5.0,7.5,24.83333333333333,38.0,22.666666666666668,54.333333333333336,35.61318966666666,-119.689616,,9.541474200306178,15.29185913302715,285.0,5.948770671846945,5.983020331194254,0.4625,6.567202439236235,6.38
2023-09-04 10:30:00,1693848720.0,4.2,2.4,4.4,28.0,31.4,24.6,47.8,35.6132406,-119.68958419999998,,9.481122743377401,18.5188772566226,131.88,4.05975121948031,4.4198024481189755,0.479,5.1128666970411984,5.225
2023-09-04 11:30:00,1693852500.0,3.0,2.0,3.1666666666666665,29.666666666666668,27.0,25.83333333333333,42.16666666666666,35.61323933333333,-119.68959433333332,,8.672905282519613,20.993761384147057,81.0,3.540731818604585,3.937352929982705,0.485,4.580899322022571,4.975
2023-09-04 12:30:00,1693856100.0,2.5,1.6666666666666667,2.6666666666666665,31.166666666666668,24.5,27.666666666666668,37.66666666666666,35.61334216666666,-119.68961966666666,,8.506011095854538,22.660655570812132,61.25,3.234236906610322,3.764996746904778,0.4875,4.282164495092781,4.9275
2023-09-04 13:30:00,1693859700.0,2.333333333333333,1.3333333333333333,2.5,31.0,24.0,28.0,36.0,35.61325383333334,-119.68951933333334,,8.061686328439489,22.93831367156051,55.99999999999999,3.049974575930857,3.693212461139376,0.48833333333333334,4.155190082116274,4.883333333333333
2023-09-04 14:30:00,1693863300.0,2.1666666666666665,1.3333333333333333,2.5,31.0,23.166666666666668,28.83333333333333,34.166666666666664,35.6131915,-119.689612,,7.5422777456456425,23.45772225435436,50.19444444444444,2.9889873152215656,3.6357604001134005,0.48916666666666664,4.120405396488708,4.8675
2023-09-04 15:30:00,1693866900.0,2.0,1.0,2.1666666666666665,29.83333333333333,22.83333333333333,29.0,31.166666666666668,35.613198000000004,-119.68958783333332,,6.35564244151908,23.477690891814248,45.66666666666666,2.8144966396315976,3.5568100019782856,0.49,3.972203183077996,4.809166666666667
2023-09-04 16:30:00,1693870500.0,2.333333333333333,1.1666666666666667,2.333333333333333,28.166666666666668,24.83333333333333,29.0,31.166666666666668,35.61315616666666,-119.68965916666669,,6.17485075082666,21.991815915840007,57.94444444444443,3.0168453841507206,3.6573818992908107,0.48833333333333334,4.153201891566569,4.8125
2023-09-04 17:30:00,1693874100.0,2.5,1.6666666666666667,2.6666666666666665,26.83333333333333,27.166666666666668,28.83333333333333,32.5,35.61321016666667,-119.68964,,6.346337516871714,20.486995816461615,67.91666666666667,3.2601931930192545,3.6503389489893676,0.4875,4.378307932527112,4.700833333333333
2023-09-04 18:30:00,1693877700.0,3.333333333333333,2.0,3.333333333333333,25.666666666666668,28.83333333333333,27.83333333333333,33.833333333333336,35.61323683333333,-119.689668,,6.21077987203453,19.455886794632136,96.11111111111109,3.6789756926020156,4.045090939664943,0.48333333333333334,4.740312208912087,4.9925
2023-09-04 19:30:00,1693881300.0,4.0,2.5,4.666666666666667,24.166666666666668,31.83333333333333,26.166666666666668,37.66666666666666,35.61320316666667,-119.689608,,6.3493241239512885,17.81734254271538,127.33333333333331,4.05551824001914,4.289231408508272,0.48,5.238995648739405,5.0841666666666665
2023-09-04 20:30:00,1693884900.0,36.16666666666666,20.166666666666668,38.833333333333336,22.166666666666668,36.833333333333336,24.5,43.16666666666666,35.613221833333334,-119.689607,,6.713963107056759,15.452703559609908,1332.1388888888887,11.860109571555105,15.413374426184367,0.3191666666666667,20.522346342253947,21.385833333333327
2023-09-04 21:30:00,1693888500.0,21.0,11.833333333333334,22.666666666666668,20.666666666666668,40.0,22.666666666666668,46.5,35.61327416666666,-119.68953983333334,,6.577855291815618,14.08881137485105,840.0,8.513132790157911,10.40082305464167,0.395,12.910395952924741,13.23
2023-09-04 22:30:00,1693892100.0,10.5,6.5,11.166666666666666,19.666666666666668,42.333333333333336,21.33333333333333,49.833333333333336,35.613339,-119.68948866666666,,6.503618049980246,13.163048616686421,444.5,6.312267059424859,6.91562544017562,0.4475,7.874548245023206,7.571666666666666
2023-09-04 23:30:00,1693895700.0,31.5,18.666666666666668,33.5,19.0,45.66666666666666,20.166666666666668,53.66666666666666,35.61322916666666,-119.6895915,,7.0040370665383715,11.995962933461628,1438.4999999999998,10.966023192168958,13.036828039983336,0.3425,16.945994529841414,18.208333333333332
2023-09-05 00:30:00,1693899300.0,49.5,31.166666666666668,53.16666666666666,18.33333333333333,44.16666666666666,20.0,51.833333333333336,35.61323383333333,-119.68956133333334,,5.912468582935212,12.420864750398117,2186.2499999999995,16.830818486576327,18.746079825323765,0.2525,25.806423138339746,27.695833333333336
2023-09-05 01:30:00,1693902900.0,12.166666666666666,7.666666666666667,12.833333333333334,18.0,44.66666666666666,19.666666666666668,52.0,35.613232333333336,-119.68961316666666,,5.772719071438981,12.227280928561019,543.4444444444443,6.498460409020235,7.181835753660602,0.43916666666666665,8.480983479675592,8.24
2023-09-05 02:30:00,1693906500.0,4.0,3.0,4.666666666666667,17.5,46.66666666666666,18.5,55.0,35.61326483333333,-119.68962083333334,,5.951134244965777,11.548865755034223,186.66666666666663,3.8349183050041042,3.651447407603803,0.48,4.8885230679391025,3.8233333333333337
2023-09-05 03:30:00,1693910100.0,9.333333333333334,5.666666666666667,9.833333333333334,16.666666666666668,51.16666666666666,17.666666666666668,61.833333333333336,35.61322783333333,-119.68960450000002,,6.522044217842754,10.144622448823913,477.5555555555555,6.083737001928151,6.443006305606871,0.45333333333333337,6.703849591915494,6.214166666666667
2023-09-05 04:30:00,1693913700.0,6.333333333333333,3.6666666666666665,6.333333333333333,16.0,54.66666666666666,17.0,65.83333333333333,35.613294,-119.68958283333332,,6.867915353567321,9.132084646432679,346.2222222222222,4.369966760767184,4.613430734101151,0.4683333333333334,5.114120930263958,4.356666666666667
2023-09-05 05:30:00,1693917300.0,6.166666666666667,4.0,6.833333333333333,16.0,51.66666666666666,17.0,60.833333333333336,35.6132495,-119.68961966666666,,6.047222923131363,9.952777076868637,318.6111111111111,4.600374882485419,4.649138133881446,0.4691666666666666,5.484427190576713,4.525
2023-09-05 06:30:00,1693920900.0,7.166666666666667,4.333333333333333,7.833333333333333,16.333333333333332,53.0,17.833333333333332,60.333333333333336,35.61325683333333,-119.68955733333333,,6.726156154414228,9.607177178919105,379.83333333333337,4.915139559197688,5.151504972170989,0.4641666666666666,5.74969299172236,4.931666666666667
2023-09-05 07:30:00,1693924500.0,6.666666666666667,4.0,7.166666666666667,18.166666666666668,49.16666666666666,20.166666666666668,55.5,35.61322916666666,-119.68964116666666,,7.321712633469415,10.844954033197252,327.7777777777777,4.842603091727653,5.036477688050768,0.4666666666666666,5.7190176271412945,4.9975000000000005
2023-09-05 08:30:00,1693928100.0,6.666666666666667,4.0,7.0,23.5,38.833333333333336,23.83333333333333,47.0,35.61322216666667,-119.68962366666666,,8.676298527620396,14.823701472379604,258.8888888888889,5.279973769352492,5.480776654972981,0.4666666666666666,6.164246117007683,5.875833333333333
2023-09-05 09:30:00,1693931700.0,7.833333333333333,5.333333333333333,8.333333333333334,27.83333333333333,30.5,26.666666666666668,41.5,35.61322066666667,-119.68955733333333,,8.904509044181218,18.92882428915211,238.91666666666666,6.4795427751676336,6.492060633580428,0.4608333333333334,7.161035824805236,7.190833333333333
2023-09-05 10:30:00,1693935300.0,7.166666666666667,5.0,7.333333333333333,30.5,26.666666666666668,27.83333333333333,38.833333333333336,35.61323766666666,-119.68956766666668,,9.19798468604917,21.302015313950832,191.11111111111111,6.217664874784477,6.283750726585666,0.4641666666666666,6.80768867600727,7.17
2023-09-05 11:30:00,1693938600.0,7.0,5.0,7.4,33.0,24.2,30.2,35.6,35.6132332,-119.6896164,,9.863872819188321,23.136127180811677,169.4,6.194577558275097,6.2965265667828785,0.465,6.788840596590285,7.293
2023-09-05 12:30:00,1693941901.0,8.0,5.5,8.333333333333334,34.0,22.33333333333333,30.83333333333333,34.166666666666664,35.61322466666667,-119.6896235,,9.501512350722646,24.498487649277354,178.66666666666663,6.8063487657447,6.936482762570914,0.46,7.287427571955423,7.971666666666668
2023-09-05 13:30:00,1693945501.0,7.333333333333333,5.0,7.5,34.833333333333336,22.0,32.166666666666664,32.333333333333336,35.61321566666667,-119.68963366666668,,9.9687779212481,24.864555412085238,161.33333333333331,6.353376444594007,6.577684495812174,0.4633333333333334,6.849067901049914,7.653333333333333
2023-09-05 14:30:00,1693949101.0,7.5,5.333333333333333,7.833333333333333,34.0,22.166666666666668,32.5,32.166666666666664,35.61319733333333,-119.68961333333333,,9.389969167696577,24.610030832303423,166.25,6.551568933533703,6.663801006317002,0.4625,7.042737591327667,7.725833333333333
2023-09-05 15:30:00,1693952701.0,7.0,5.0,7.166666666666667,33.5,22.0,33.0,30.33333333333333,35.613232833333335,-119.68967200000002,,8.86284918217321,24.63715081782679,154.0,6.239928267823648,6.391119250063092,0.465,6.737353630658642,7.48
2023-09-05 16:30:00,1693956301.0,7.0,5.0,7.833333333333333,31.666666666666668,23.83333333333333,33.0,29.666666666666668,35.613249833333334,-119.68960316666666,,8.518282663875059,23.14838400279161,166.83333333333331,6.220699254355923,6.312292013996247,0.465,6.940330236405264,7.324166666666667
2023-09-05 17:30:00,1693959901.0,10.666666666666666,7.0,11.166666666666666,30.33333333333333,25.83333333333333,32.833333333333336,30.33333333333333,35.6132325,-119.68962233333332,,8.585820065291562,21.747513268041764,275.5555555555555,9.514272680863915,8.718474387442622,0.44666666666666666,8.727492602213474,9.060833333333333
2023-09-05 18:30:00,1693963501.0,14.5,10.0,14.833333333333334,29.33333333333333,27.666666666666668,31.83333333333333,32.166666666666664,35.6132135,-119.68960433333332,,8.749572837740557,20.58376049559277,401.1666666666667,10.417033349439782,9.705818186321348,0.4275,10.718321751122033,10.898333333333333
2023-09-05 19:30:00,1693967101.0,8.0,5.166666666666667,8.5,27.5,29.666666666666668,30.166666666666668,34.5,35.61325716666666,-119.689635,,8.206951290847403,19.293048709152597,237.33333333333334,6.512962622557451,6.621173818303535,0.46,7.2368903079084355,7.348333333333333
2023-09-05 20:30:00,1693970701.0,6.666666666666667,4.333333333333333,6.833333333333333,25.5,32.666666666666664,28.0,38.333333333333336,35.6132325,-119.68963116666669,,7.889935581047614,17.610064418952387,217.77777777777777,5.63425864806206,5.745922812652369,0.4666666666666666,6.407863446583857,6.4
2023-09-05 21:30:00,1693974301.0,7.166666666666667,4.5,7.833333333333333,23.666666666666668,36.833333333333336,25.83333333333333,43.0,35.613250666666666,-119.689593,,8.04386729637394,15.622799370292729,263.97222222222223,5.714338171225428,5.846617872033164,0.4641666666666666,6.61220525234235,6.305833333333333
2023-09-05 22:30:00,1693977901.0,6.666666666666667,4.0,6.666666666666667,22.83333333333333,37.16666666666666,25.0,42.5,35.61329916666667,-119.68958783333332,,7.43709846313903,15.396234870194299,247.77777777777771,5.355916767971763,5.552437778670114,0.4666666666666666,6.165503577352744,6.0175
2023-09-05 23:30:00,1693981501.0,6.0,4.0,6.0,22.0,37.333333333333336,24.33333333333333,42.66666666666666,35.6132475,-119.689631,,6.762523839405115,15.237476160594884,224.0,5.139252570920096,5.172141174802234,0.47,5.927834840596457,5.656666666666666
2023-09-06 00:30:00,1693985101.0,5.833333333333333,3.8333333333333335,6.0,22.0,38.66666666666666,24.0,44.5,35.613230333333334,-119.68958033333332,,7.275072110300052,14.724927889699948,225.5555555555555,4.970730921615207,5.021529652969988,0.4708333333333334,5.82421896142434,5.456666666666667
2023-09-06 01:30:00,1693988701.0,6.0,3.8333333333333335,6.166666666666667,22.0,39.16666666666666,24.0,45.0,35.613235,-119.68960583333336,,7.463259962331827,14.536740037668173,234.99999999999994,5.003970673243415,5.09331393873539,0.47,5.86138532123249,5.500833333333334
2023-09-06 02:30:00,1693992301.0,6.166666666666667,4.0,6.166666666666667,21.166666666666668,40.0,23.5,45.66666666666666,35.61322666666667,-119.68961583333332,,7.025826378450899,14.140840288215768,246.66666666666669,5.092002028225238,5.150765999761365,0.4691666666666666,5.879143407590124,5.516666666666667
2023-09-06 03:30:00,1693995901.0,6.0,4.0,6.0,21.0,40.66666666666666,23.0,47.0,35.61326916666667,-119.689579,,7.117900362181729,13.882099637818271,243.99999999999994,5.013644056671733,5.028818927407972,0.47,5.7910342236806525,5.373333333333334
2023-09-06 04:30:00,1693999501.0,6.5,4.166666666666667,6.666666666666667,20.666666666666668,41.66666666666666,22.666666666666668,48.16666666666666,35.61327433333333,-119.6895725,,7.173424012552388,13.49324265411428,270.83333333333326,5.190404999300878,5.265670121813317,0.4675,5.9927253017695135,5.548333333333334
2023-09-06 05:30:00,1694003101.0,7.0,4.833333333333333,7.5,20.0,43.833333333333336,21.666666666666668,51.66666666666666,35.613204333333336,-119.68959266666668,,7.313119501441777,12.686880498558223,306.83333333333337,5.497267385490598,5.45235852963067,0.465,6.257578769853387,5.624166666666666
2023-09-06 06:30:00,1694006701.0,8.0,5.0,8.333333333333334,19.0,47.16666666666666,20.33333333333333,55.833333333333336,35.61322916666666,-119.68956633333332,,7.4769265853716895,11.52307341462831,377.33333333333326,5.686436118576759,5.868732019483655,0.46,6.381608402396887,5.860833333333334
2023-09-06 07:30:00,1694010301.0,9.166666666666666,5.333333333333333,9.166666666666666,19.33333333333333,46.833333333333336,20.83333333333333,54.833333333333336,35.61324183333333,-119.6895865,,7.677400138950059,11.65593319438327,429.30555555555554,6.1580974134249615,6.536042604344871,0.45416666666666666,6.743317887798423,6.495833333333333
2023-09-06 08:30:00,1694013901.0,11.666666666666666,7.333333333333333,11.833333333333334,23.166666666666668,40.16666666666666,24.166666666666668,48.16666666666666,35.613234166666665,-119.68960566666668,,8.878427949632112,14.288238717034556,468.611111111111,7.066240189767571,7.50533915844919,0.44166666666666665,8.39437964800813,8.3625
2023-09-06 09:30:00,1694017501.0,16.666666666666668,11.0,17.5,27.83333333333333,31.83333333333333,27.5,41.66666666666666,35.61325133333333,-119.68960933333334,,9.54052529354226,18.29280803979107,530.5555555555555,9.971800039157957,9.93158930472587,0.41666666666666663,11.623114233547641,11.670833333333334
2023-09-06 10:30:00,1694021101.0,9.666666666666666,6.5,10.0,30.83333333333333,25.0,29.5,34.666666666666664,35.61322466666667,-119.6896325,,8.523743212100486,22.309590121232844,241.66666666666666,7.77836610913457,7.754651193400917,0.45166666666666666,8.19394842622776,8.611666666666666
2023-09-06 11:30:00,1694024701.0,7.333333333333333,5.0,7.833333333333333,32.166666666666664,23.33333333333333,30.166666666666668,33.0,35.61325333333333,-119.68964916666664,,8.623465592722681,23.543201073943983,171.11111111111106,6.356036042161308,6.520355596854469,0.4633333333333334,6.990210626780612,7.54
2023-09-06 12:30:00,1694028301.0,7.166666666666667,5.0,7.5,34.0,21.33333333333333,31.5,30.83333333333333,35.61323483333333,-119.68962483333333,,8.820902370229236,25.179097629770766,152.88888888888886,6.312964733879535,6.513066322416487,0.4641666666666666,6.844728307521632,7.623333333333334
2023-09-06 13:30:00,1694031901.0,6.666666666666667,4.5,7.166666666666667,35.666666666666664,20.0,33.166666666666664,28.666666666666668,35.61321683333333,-119.689626,,9.234614315271203,26.432052351395463,133.33333333333334,5.925303862647251,6.290547352750567,0.4666666666666666,6.5360774547243,7.476666666666667
2023-09-06 14:30:00,1694035501.0,6.166666666666667,4.0,6.5,36.0,19.166666666666668,33.833333333333336,27.166666666666668,35.6132515,-119.6895955,,8.875229216455326,27.124770783544676,118.19444444444446,5.5403603146990115,6.0465300459755085,0.4691666666666666,6.165582815885928,7.2875
2023-09-06 15:30:00,1694039101.0,6.833333333333333,4.833333333333333,7.0,35.166666666666664,19.33333333333333,34.166666666666664,27.166666666666668,35.613291333333336,-119.68961333333334,,8.323513524612338,26.843153142054327,132.1111111111111,6.1344587187831685,6.412494425103961,0.4658333333333334,6.588575537359909,7.62
2023-09-06 16:30:00,1694042701.0,7.5,5.0,8.0,32.333333333333336,21.5,34.0,26.5,35.613229,-119.68959416666668,,7.556694144905017,24.77663918842832,161.25,6.46386658578038,6.692465455795855,0.4625,7.077230615439078,7.782500000000001
2023-09-06 17:30:00,1694046301.0,7.0,4.833333333333333,7.166666666666667,30.83333333333333,21.666666666666668,33.5,25.166666666666668,35.613281666666666,-119.68958916666666,,6.42599986532622,24.40733346800711,151.66666666666669,6.219768325861756,6.4054514748025175,0.465,6.77850663126115,7.508333333333333
2023-09-06 18:30:00,1694049901.0,7.0,5.0,7.666666666666667,29.666666666666668,23.83333333333333,32.5,27.166666666666668,35.6132285,-119.68958416666663,,6.840025637865864,22.826641028800804,166.83333333333331,6.245803278947397,6.312292013996247,0.465,6.944303274477775,7.324166666666667
2023-09-06 19:30:00,1694053501.0,6.333333333333333,4.166666666666667,6.333333333333333,27.5,26.83333333333333,30.0,31.666666666666668,35.61323866666667,-119.68959283333334,,6.735502822392304,20.764497177607694,169.9444444444444,5.623541173804509,5.8101714998432445,0.4683333333333334,6.337993158268928,6.7225
2023-09-06 20:30:00,1694057101.0,5.5,3.5,5.833333333333333,25.166666666666668,31.166666666666668,27.5,36.66666666666666,35.6132845,-119.68958266666668,,6.910978558298602,18.255688108368066,171.41666666666669,4.967217921634052,5.157439463857997,0.4725,5.909992393931166,5.920833333333333
2023-09-06 21:30:00,1694060701.0,5.833333333333333,4.0,6.166666666666667,24.0,33.833333333333336,26.33333333333333,39.333333333333336,35.6132445,-119.68961483333334,,7.091479538597578,16.90852046140242,197.36111111111111,5.194961344591538,5.229346911691669,0.4708333333333334,6.058818579315643,5.8675
2023-09-06 22:30:00,1694064301.0,6.0,4.0,6.5,23.166666666666668,35.333333333333336,25.666666666666668,40.66666666666666,35.613250666666666,-119.689626,,6.992044495398781,16.174622171267888,212.0,5.204948802713062,5.258134523238792,0.47,6.12338728772772,5.826666666666666
2023-09-06 23:30:00,1694067901.0,6.0,4.0,6.333333333333333,22.33333333333333,36.333333333333336,24.5,42.0,35.61326533333333,-119.689627,,6.662551476764092,15.670781856569237,218.0,5.174852421813371,5.215137849020513,0.47,6.052857659751351,5.741666666666666
2023-09-07 00:30:00,1694071501.0,5.833333333333333,4.0,6.0,21.666666666666668,36.66666666666666,23.666666666666668,42.66666666666666,35.6132255,-119.689589,,6.204639025714543,15.462027640952126,213.88888888888883,5.113263431267325,5.1075230014065465,0.4708333333333334,5.944626069865129,5.626666666666667
2023-09-07 01:30:00,1694075101.0,5.166666666666667,3.1666666666666665,5.333333333333333,20.666666666666668,37.0,22.33333333333333,43.16666666666666,35.61323266666667,-119.6896005,,5.448282170994476,15.218384495672192,191.16666666666669,4.57786826659488,4.720060285168954,0.4741666666666666,5.55978931961153,5.251666666666667
2023-09-07 02:30:00,1694078701.0,4.833333333333333,3.0,5.0,20.0,37.833333333333336,21.33333333333333,44.333333333333336,35.61323483333333,-119.68956366666669,,5.176362263808853,14.823637736191147,182.86111111111111,4.383449025157132,4.4976644775713055,0.47583333333333333,5.387446755329307,5.007499999999999
2023-09-07 03:30:00,1694082301.0,4.833333333333333,3.0,5.166666666666667,19.0,39.66666666666666,20.83333333333333,46.66666666666666,35.613221333333335,-119.68963366666668,,4.963677082188291,14.03632291781171,191.72222222222217,4.327128291309656,4.418837241504461,0.47583333333333333,5.37233071224948,4.851666666666667
2023-09-07 04:30:00,1694085901.0,5.333333333333333,3.5,5.666666666666667,18.83333333333333,42.0,20.0,49.0,35.6132145,-119.689616,,5.637313384080748,13.19601994925258,224.0,4.583332561498182,4.598359536952101,0.4733333333333334,5.530685598703547,4.913333333333333
2023-09-07 05:30:00,1694089501.0,5.833333333333333,3.6666666666666665,6.5,18.0,44.0,19.33333333333333,52.333333333333336,35.613261666666666,-119.68962983333334,,5.555446429026573,12.444553570973426,256.66666666666663,4.719717671500921,4.792214057139168,0.4708333333333334,5.729530402121408,5.003333333333333
2023-09-07 06:30:00,1694093101.0,6.666666666666667,4.166666666666667,7.666666666666667,17.666666666666668,46.833333333333336,18.666666666666668,55.5,35.613222,-119.68962333333332,,6.155055002043368,11.511611664623299,312.22222222222223,5.022155883530105,5.136803261226751,0.4666666666666666,6.024493584891772,5.195833333333333
2023-09-07 07:30:00,1694096701.0,7.5,4.5,8.0,18.33333333333333,47.0,19.83333333333333,53.833333333333336,35.613216333333334,-119.68964633333331,,6.815888119186943,11.517445214146385,352.5,5.370520594711238,5.596050263229745,0.4625,6.19881541294798,5.615
2023-09-07 08:30:00,1694100301.0,8.833333333333334,5.5,9.166666666666666,22.166666666666668,39.66666666666666,22.83333333333333,48.833333333333336,35.61327466666666,-119.68961833333331,,7.7984452456976285,14.36822142096904,350.3888888888888,6.502343121053769,6.6576201904934535,0.45583333333333337,7.170759230310068,6.9316666666666675
2023-09-07 09:30:00,1694103901.0,6.333333333333333,4.0,6.666666666666667,26.0,32.333333333333336,25.5,42.66666666666666,35.613231,-119.68960183333331,,8.175186427428326,17.824813572571674,204.77777777777777,5.4003141375440835,5.573689791642711,0.4683333333333334,6.268042421814311,6.255
2023-09-07 10:30:00,1694107501.0,5.333333333333333,3.5,5.833333333333333,29.33333333333333,26.666666666666668,27.83333333333333,37.5,35.61324583333333,-119.689602,,8.205573354218332,21.127759979114998,142.22222222222223,4.983329503982978,5.25764187496571,0.4733333333333334,5.903682658321653,6.216666666666667
2023-09-07 11:30:00,1694111101.0,4.833333333333333,3.1666666666666665,5.5,31.83333333333333,22.666666666666668,29.5,33.5,35.6132585,-119.68957883333331,,7.917510751273003,23.915822582060326,109.55555555555556,4.710860609297148,5.149780703215201,0.47583333333333333,5.652428610457538,6.296666666666666
2023-09-07 12:30:00,1694114701.0,5.0,3.0,5.0,33.666666666666664,20.5,31.33333333333333,29.666666666666668,35.613201833333335,-119.68961716666666,,7.9576158432656525,25.70905082340101,102.5,4.714102156359353,5.336222786896014,0.475,5.463195938127843,6.5675
2023-09-07 13:30:00,1694118301.0,6.0,4.0,6.0,34.166666666666664,19.666666666666668,32.5,28.0,35.613262666666664,-119.6896005,,7.757753395862701,26.408913270803964,118.0,5.493818197799911,5.931749085991827,0.47,6.058503339379564,7.158333333333333
2023-09-07 14:30:00,1694121901.0,5.833333333333333,3.8333333333333335,6.166666666666667,35.5,19.0,34.0,26.33333333333333,35.6132895,-119.6895955,,8.338634699130893,27.161365300869107,110.83333333333333,5.350856549564154,5.867130912596139,0.4708333333333334,5.998435131462566,7.128333333333333
2023-09-07 15:30:00,1694125501.0,5.5,3.5,6.166666666666667,35.333333333333336,19.166666666666668,34.5,25.83333333333333,35.613163,-119.68959166666669,,8.331713281728797,27.00162005160454,105.41666666666667,5.091074867111312,5.673399554477343,0.4725,5.886363459315371,6.940833333333334
2023-09-07 16:30:00,1694129101.0,6.833333333333333,4.666666666666667,7.166666666666667,32.833333333333336,20.666666666666668,34.333333333333336,25.5,35.61327933333333,-119.689607,,7.390272220165076,25.44306111316826,141.22222222222223,6.083514388502163,6.355165526146255,0.4658333333333334,6.672036064732286,7.506666666666666
2023-09-07 17:30:00,1694132701.0,7.0,4.833333333333333,7.166666666666667,31.666666666666668,22.0,34.166666666666664,25.33333333333333,35.613182,-119.68964,,7.340645808208911,24.326020858457756,154.0,6.201496353451272,6.391119250063092,0.465,6.755201039859547,7.48
2023-09-07 18:30:00,1694136301.0,6.166666666666667,4.0,7.0,30.33333333333333,22.83333333333333,33.5,25.83333333333333,35.61325383333334,-119.6895815,,6.773262237229189,23.56007109610414,140.80555555555554,5.561284537769474,5.888875573841819,0.4691666666666666,6.453296795845574,6.975833333333334
2023-09-07 19:30:00,1694139901.0,6.833333333333333,4.833333333333333,7.166666666666667,28.166666666666668,25.666666666666668,31.166666666666668,29.5,35.61328,-119.6896655,,6.654619348914389,21.512047317752277,175.38888888888889,6.0873945284686055,6.140182155054861,0.4658333333333334,6.75893965384247,7.081666666666666
2023-09-07 20:30:00,1694143501.0,6.166666666666667,4.166666666666667,6.666666666666667,25.83333333333333,27.83333333333333,28.5,32.833333333333336,35.613250666666666,-119.68959933333332,,5.842408949918081,19.990924383415248,171.63888888888886,5.551732037253251,5.673892202750425,0.4691666666666666,6.413742296011531,6.550833333333333
2023-09-07 21:30:00,1694147101.0,7.5,4.833333333333333,7.666666666666667,24.0,33.0,26.33333333333333,38.66666666666666,35.61323616666667,-119.68960466666664,,6.727536139795843,17.272463860204155,247.5,6.111873446821251,6.198003702285648,0.4625,6.830410835550259,6.805
2023-09-07 22:30:00,1694150701.0,8.833333333333334,5.666666666666667,9.0,22.666666666666668,37.0,25.0,43.5,35.61322333333333,-119.68961583333332,,7.223394386545877,15.443272280120791,326.83333333333337,6.6998109117416655,6.772277988408864,0.45583333333333337,7.301112036220624,7.158333333333333
2023-09-07 23:30:00,1694154301.0,9.166666666666666,5.666666666666667,9.666666666666666,22.0,38.833333333333336,24.33333333333333,44.833333333333336,35.61325033333333,-119.68960166666666,,7.338038946779664,14.661961053220336,355.97222222222223,6.716731810952954,6.8800159980911015,0.45416666666666666,7.414743310967103,7.175833333333333
2023-09-08 00:30:00,1694157901.0,8.833333333333334,5.666666666666667,9.333333333333334,22.0,40.0,24.0,46.333333333333336,35.613231500000005,-119.68959066666666,,7.772243349742695,14.227756650257305,353.33333333333337,6.548680645823454,6.643287965754027,0.45583333333333337,7.225944632242368,6.903333333333333
2023-09-08 01:30:00,1694161501.0,10.833333333333334,6.5,11.333333333333334,21.166666666666668,41.5,23.0,47.833333333333336,35.61324,-119.68958033333332,,7.564725199066799,13.601941467599868,449.58333333333337,6.400156087572777,7.10686130510533,0.44583333333333336,7.982728421177846,7.815833333333334
2023-09-08 02:30:00,1694165101.0,11.833333333333334,7.666666666666667,12.666666666666666,20.83333333333333,41.16666666666666,22.33333333333333,48.0,35.61324883333334,-119.68962366666666,,7.14683223522819,13.68650109810514,487.1388888888888,7.084962323543047,7.450579229506602,0.44083333333333335,8.647159955724007,8.364166666666668
2023-09-08 03:30:00,1694168701.0,9.333333333333334,6.0,10.0,19.666666666666668,44.333333333333336,20.83333333333333,53.333333333333336,35.61324333333334,-119.689611,,7.176904027838997,12.48976263882767,413.7777777777778,6.601612303375662,6.736816912765109,0.45333333333333337,7.255396418132317,6.795
2023-09-08 04:30:00,1694172301.0,8.5,5.333333333333333,9.0,18.33333333333333,47.333333333333336,20.0,56.66666666666666,35.613214666666664,-119.689612,,6.918987279553309,11.414346053780019,402.33333333333337,5.94782628433305,6.141413775737566,0.4575,6.640110121106464,6.1066666666666665
2023-09-08 05:30:00,1694175901.0,10.666666666666666,6.5,11.5,18.0,49.333333333333336,19.0,58.5,35.613218833333335,-119.68963233333334,,7.218087729197901,10.7819122708021,526.2222222222222,5.293534515048424,6.223971039389743,0.44666666666666666,7.467749838311732,7.063333333333333
2023-09-08 06:30:00,1694179501.0,10.5,6.166666666666667,11.166666666666666,17.0,48.5,18.33333333333333,57.0,35.61324883333334,-119.689627,,6.051662029747588,10.948337970252412,509.25,5.180931633731908,6.261039455225574,0.4475,7.392277947233002,7.047499999999999
2023-09-08 07:30:00,1694183101.0,10.5,6.0,11.166666666666666,18.0,47.66666666666666,19.83333333333333,54.16666666666666,35.61326666666667,-119.68960433333332,,6.71631660799888,11.28368339200112,500.4999999999999,5.191440711633993,6.349497020759364,0.4475,7.415841476205978,7.118333333333334
2023-09-08 08:30:00,1694186701.0,8.5,5.333333333333333,9.166666666666666,22.83333333333333,37.333333333333336,24.166666666666668,44.0,35.61321266666667,-119.68959816666666,,7.502686358903254,15.330646974430074,317.33333333333337,6.447357755703526,6.571380517920354,0.4575,7.232598382990018,6.956666666666666
2023-09-08 09:30:00,1694190301.0,7.5,5.0,7.833333333333333,28.166666666666668,28.5,27.5,36.5,35.61319366666667,-119.68962716666664,,8.188960045613323,19.977706621053343,213.75,6.3058172393648,6.391488736267903,0.4625,6.988370922078346,7.1875
2023-09-08 10:30:00,1694193901.0,7.0,4.833333333333333,7.333333333333333,31.33333333333333,24.0,29.666666666666668,33.5,35.613189,-119.68959816666668,,8.341538739468046,22.991794593865283,168.0,6.157901101528272,6.305125901626534,0.465,6.785490625013203,7.3100000000000005
2023-09-08 11:30:00,1694197501.0,6.666666666666667,4.666666666666667,7.0,33.833333333333336,21.166666666666668,31.666666666666668,30.0,35.61314516666667,-119.68958566666667,,8.567104278947811,25.266229054385526,141.11111111111111,5.994544710113758,6.240384566162575,0.4666666666666666,6.572193700824996,7.3774999999999995
2023-09-08 12:30:00,1694201101.0,5.833333333333333,3.8333333333333335,6.166666666666667,35.666666666666664,18.5,33.833333333333336,25.83333333333333,35.6132635,-119.6895815,,8.08093176851996,27.585734898146704,107.91666666666666,5.352079305112575,5.888629249705279,0.4708333333333334,5.985621396908854,7.170833333333333
2023-09-08 13:30:00,1694204701.0,5.0,3.333333333333333,5.5,37.5,17.0,35.666666666666664,23.166666666666668,35.613260333333336,-119.6895815,,8.314325426332765,29.185674573667235,85.0,4.79564179887259,5.48671114665999,0.475,5.473561671183582,6.865
2023-09-08 14:30:00,1694208301.0,4.666666666666667,3.0,4.666666666666667,37.16666666666666,16.666666666666668,36.5,21.83333333333333,35.61324,-119.68955983333336,,7.755405758103347,29.41126090856331,77.77777777777779,4.535194792694099,5.314478125650333,0.4766666666666666,5.12944655151611,6.72
2023-09-08 15:30:00,1694211901.0,3.6666666666666665,2.1666666666666665,4.0,37.16666666666666,16.0,37.0,20.666666666666668,35.61326483333333,-119.68958933333332,,7.157067497577961,30.009599169088695,58.666666666666664,3.7970772164758224,4.783446837881938,0.48166666666666663,4.584645311041514,6.256666666666667
2023-09-08 16:30:00,1694215501.0,3.8333333333333335,2.6666666666666665,4.0,35.0,16.833333333333332,37.0,20.166666666666668,35.61321383333333,-119.68957133333332,,6.162440753707205,28.837559246292795,64.52777777777777,4.096862967837128,4.840898898907914,0.48083333333333333,4.802015851699228,6.2725
2023-09-08 17:30:00,1694219101.0,3.0,2.0,3.6666666666666665,33.666666666666664,17.0,37.0,19.166666666666668,35.61322783333333,-119.689631,,5.2325149393454815,28.434151727321183,51.0,3.5210617179388666,4.367319672165493,0.485,4.481402724104869,5.825
2023-09-08 18:30:00,1694222701.0,3.333333333333333,2.1666666666666665,3.333333333333333,32.5,18.0,35.666666666666664,20.0,35.613287500000006,-119.6896235,,5.112303226503897,27.387696773496103,59.99999999999999,3.7464448842587315,4.510888243696297,0.48333333333333334,4.554003843121153,5.913333333333333
2023-09-08 19:30:00,1694226301.0,3.6666666666666665,2.333333333333333,4.0,30.33333333333333,19.0,33.166666666666664,21.33333333333333,35.61321266666667,-119.68960183333331,,4.122594153892147,26.21073917944118,69.66666666666666,3.9790501166008116,4.6544568152271015,0.48166666666666663,4.906851133811882,6.001666666666667
2023-09-08 20:30:00,1694229901.0,6.166666666666667,4.166666666666667,6.5,27.83333333333333,19.0,30.666666666666668,21.666666666666668,35.61324233333334,-119.68959033333331,,2.0770875411704224,25.756245792162908,117.16666666666667,5.721538903321285,6.053696158345222,0.4691666666666666,6.415145358398664,7.301666666666667
2023-09-08 21:30:00,1694233501.0,9.666666666666666,6.833333333333333,10.166666666666666,26.166666666666668,18.83333333333333,29.0,21.5,35.61322666666667,-119.6895485,,0.5892020023748854,25.57746466429178,182.0555555555555,8.177232497858583,8.019797351080303,0.45166666666666666,8.53943432292885,9.135833333333334
2023-09-08 22:30:00,1694237101.0,2.6666666666666665,1.5,2.6666666666666665,25.33333333333333,17.5,28.166666666666668,19.666666666666668,35.613229,-119.68964633333331,,-1.101716041334919,26.435049374668246,46.666666666666664,3.3230225626208343,4.159256089307271,0.48666666666666664,4.3214311027179875,5.609166666666667
2023-09-08 23:30:00,1694240701.0,2.0,1.0,2.0,25.0,17.166666666666668,28.0,18.83333333333333,35.613235,-119.68964633333331,,-1.6347480752292844,26.634748075229286,34.333333333333336,2.860828095598343,3.800457822548532,0.49,3.928693075956935,5.2908333333333335
2023-09-09 00:30:00,1694244301.0,2.833333333333333,1.6666666666666667,3.1666666666666665,24.83333333333333,18.5,27.83333333333333,21.166666666666668,35.613240999999995,-119.689598,,-0.7485193183286222,25.58185265166195,52.416666666666664,3.465880758736638,4.2095420379635335,0.48583333333333334,4.554378185238348,5.610833333333333
2023-09-09 01:30:00,1694247901.0,2.1666666666666665,1.3333333333333333,2.333333333333333,23.5,23.666666666666668,25.5,27.83333333333333,35.613237500000004,-119.68961466666669,,1.5543023006463055,21.945697699353694,51.27777777777778,3.0807700751625835,3.614262063004261,0.48916666666666664,4.259836155573005,4.825
2023-09-09 02:30:00,1694251501.0,1.3333333333333333,0.6666666666666666,1.5,23.0,24.166666666666668,25.5,26.83333333333333,35.61326416666667,-119.6896375,,1.4246728967627285,21.57532710323727,32.22222222222222,2.512682938449959,3.126350611522415,0.49333333333333335,3.8033377447744297,4.349166666666667
2023-09-09 03:30:00,1694255101.0,2.333333333333333,1.3333333333333333,2.5,23.0,27.166666666666668,25.5,31.5,35.613211166666666,-119.68962983333334,,3.0692248813228122,19.93077511867719,63.388888888888886,3.1164047961375654,3.557056326114826,0.48833333333333334,4.335344206209218,4.614166666666666
2023-09-09 04:30:00,1694258701.0,3.1666666666666665,2.0,3.1666666666666665,23.0,27.666666666666668,25.166666666666668,32.0,35.613219666666666,-119.68960566666664,,3.3275307722190575,19.672469227780944,87.61111111111111,3.667836423393884,4.001971103378393,0.48416666666666663,4.74377811332829,5.005
2023-09-09 05:30:00,1694262301.0,4.0,2.6666666666666665,4.166666666666667,21.5,35.333333333333336,22.666666666666668,44.0,35.613150999999995,-119.689622,,5.521140731973253,15.978859268026747,141.33333333333334,4.049828286513927,4.1387430487442955,0.48,5.086258044782156,4.786666666666666
2023-09-09 06:30:00,1694265901.0,10.0,7.166666666666667,10.5,20.33333333333333,39.16666666666666,21.83333333333333,47.833333333333336,35.613221,-119.68963866666668,,5.973838523743686,14.359494809589641,391.6666666666666,7.541332019069474,7.332096887724383,0.45,7.975542815094332,7.580833333333334
2023-09-09 07:30:00,1694269501.0,7.5,4.666666666666667,8.333333333333334,21.0,38.66666666666666,23.166666666666668,44.16666666666666,35.6132305,-119.689621,,6.382881673594462,14.617118326405539,289.99999999999994,5.825288669763194,5.9543558817154025,0.4625,6.758228666610874,6.323333333333334
2023-09-09 08:30:00,1694273101.0,9.0,6.0,9.5,25.83333333333333,29.0,26.5,34.666666666666664,35.61323166666667,-119.68960433333332,,6.4379521501001555,19.395381183233173,261.0,7.233200588751986,7.209534005029635,0.455,7.842601702307378,7.924999999999999
2023-09-09 09:30:00,1694276701.0,7.833333333333333,5.5,8.333333333333334,30.0,22.166666666666668,29.83333333333333,28.33333333333333,35.613232833333335,-119.68958816666668,,6.064611492338473,23.93538850766153,173.63888888888889,6.79786055893623,6.850366252066085,0.4608333333333334,7.361143196208158,7.899166666666666
2023-09-09 10:30:00,1694280301.0,19.666666666666668,14.0,20.5,31.666666666666668,20.5,30.83333333333333,27.666666666666668,35.61329833333333,-119.68959916666668,,6.310791661534181,25.355875005132486,403.1666666666667,13.319286858968233,12.059616890548682,0.4016666666666666,14.126947488276706,14.194166666666668
2023-09-09 11:30:00,1694283901.0,11.666666666666666,8.666666666666666,11.833333333333334,32.333333333333336,20.33333333333333,31.33333333333333,27.666666666666668,35.61330733333333,-119.68952416666669,,6.7409523694454805,25.592380963887855,237.22222222222214,11.582149609670337,9.610629218153392,0.44166666666666665,9.474163486221485,10.048333333333332
2023-09-09 12:30:00,1694287501.0,8.166666666666666,5.666666666666667,8.5,34.666666666666664,17.666666666666668,33.166666666666664,24.5,35.613248166666665,-119.68956516666668,,6.596004115395874,28.07066255127079,144.27777777777777,7.024492635305936,7.230416531797422,0.45916666666666667,7.377249185815392,8.454999999999998
2023-09-09 13:30:00,1694291101.0,6.333333333333333,4.333333333333333,6.333333333333333,36.16666666666666,16.833333333333332,34.833333333333336,22.666666666666668,35.613248166666665,-119.689579,,7.0993054389911,29.06736122767556,106.6111111111111,5.747305054989358,6.240138242026033,0.4683333333333334,6.160900391654662,7.5725
2023-09-09 14:30:00,1694294701.0,3.8333333333333335,2.333333333333333,4.0,36.0,16.666666666666668,35.666666666666664,21.666666666666668,35.613224,-119.68957516666666,,6.820327805060324,29.179672194939677,63.88888888888889,3.954718395818441,4.848065011277627,0.48083333333333333,4.709245839271828,6.286666666666666
2023-09-09 15:30:00,1694298301.0,5.166666666666667,3.1666666666666665,5.333333333333333,36.833333333333336,16.5,37.0,21.166666666666668,35.61326616666667,-119.68958283333332,,7.341062328591516,29.49227100474182,85.25,4.811161989886898,5.60149210664367,0.4741666666666666,5.4369350359735975,6.994166666666667
2023-09-09 16:30:00,1694301901.0,4.5,3.0,4.666666666666667,35.0,18.666666666666668,36.66666666666666,22.83333333333333,35.6132705,-119.68954716666669,,7.671154777408906,27.328845222591095,84.0,4.502637255490307,5.135202154339234,0.4775,5.217483421489356,6.463333333333333
2023-09-09 17:30:00,1694305501.0,5.0,3.6666666666666665,5.333333333333333,32.833333333333336,21.666666666666668,35.5,25.666666666666668,35.613288833333336,-119.68960566666664,,8.08442418858452,24.748909144748815,108.33333333333334,4.964052791205457,5.286060000308021,0.475,5.695176001005869,6.468333333333333
2023-09-09 18:30:00,1694309101.0,6.0,4.0,6.333333333333333,31.83333333333333,23.5,34.666666666666664,27.666666666666668,35.61328566666666,-119.68959416666668,,8.449788017526362,23.383545315806966,141.0,5.463806632342086,5.766928501488425,0.47,6.207742755496183,6.8325
2023-09-09 19:30:00,1694312701.0,10.0,6.666666666666667,10.666666666666666,30.166666666666668,26.33333333333333,33.0,31.0,35.613218333333336,-119.6896145,,8.728120928232611,21.43854573843406,263.33333333333326,7.91956003262627,7.883887540192295,0.45,8.42101049417324,8.671666666666667
2023-09-09 20:30:00,1694316301.0,9.5,6.833333333333333,9.833333333333334,28.666666666666668,27.166666666666668,32.166666666666664,30.83333333333333,35.613254833333336,-119.6895965,,7.911156735941474,20.755509930725193,258.08333333333337,7.777603721079625,7.5682091097201045,0.4525,8.156788783394925,8.340833333333332
2023-09-09 21:30:00,1694319901.0,7.333333333333333,5.0,7.666666666666667,27.83333333333333,28.666666666666668,31.166666666666668,32.666666666666664,35.61325916666667,-119.68962983333334,,7.988686561409216,19.84464677192411,210.22222222222223,6.242859299655217,6.2910400010236485,0.4633333333333334,6.922446200061003,7.086666666666666
2023-09-09 22:30:00,1694323501.0,6.166666666666667,4.333333333333333,6.833333333333333,26.83333333333333,31.0,29.83333333333333,35.5,35.613267666666665,-119.68959316666668,,8.278799172872068,18.55453416046126,191.16666666666669,5.504376915013001,5.537736067725875,0.4691666666666666,6.376017398455706,6.281666666666666
2023-09-09 23:30:00,1694327101.0,4.833333333333333,3.5,4.833333333333333,26.0,25.166666666666668,28.83333333333333,28.33333333333333,35.613234166666665,-119.68962866666668,,4.534797199668581,21.46520280033142,121.63888888888889,4.866916549133067,5.042289017669504,0.47583333333333333,5.65820258458576,6.0841666666666665
2023-09-10 00:30:00,1694330701.0,5.5,3.5,5.5,25.33333333333333,28.166666666666668,27.5,32.833333333333336,35.6132215,-119.68963366666668,,5.585695196076972,19.747638137256356,154.91666666666669,5.052373154667148,5.286429486512834,0.4725,5.897649185775568,6.175833333333333
2023-09-10 01:30:00,1694334301.0,7.166666666666667,4.666666666666667,7.5,24.666666666666668,31.83333333333333,27.0,36.833333333333336,35.613235333333336,-119.68963883333332,,6.784831548398025,17.881835118268643,228.13888888888886,5.973731020088261,6.061601243124558,0.4641666666666666,6.751304287356776,6.730833333333334
2023-09-10 02:30:00,1694337901.0,7.5,4.833333333333333,7.666666666666667,24.0,27.666666666666668,27.0,31.0,35.61323733333333,-119.68961066666668,,4.184910657545582,19.815089342454417,207.5,6.319188858860513,6.427319298116469,0.4625,7.030594305799233,7.258333333333333
2023-09-10 03:30:00,1694341501.0,5.666666666666667,3.6666666666666665,5.666666666666667,24.0,28.83333333333333,27.0,33.0,35.6132865,-119.68960933333334,,4.776017207774877,19.223982792225122,163.38888888888886,5.171685442966367,5.351047659908522,0.4716666666666666,6.00553182158728,6.2058333333333335
2023-09-10 04:30:00,1694345101.0,5.0,3.1666666666666665,5.0,23.83333333333333,31.33333333333333,25.5,36.5,35.61324316666667,-119.68962849999998,,5.829671250272271,18.00366208306106,156.66666666666663,4.674204255915251,4.870425482864659,0.475,5.589191192154331,5.6466666666666665
2023-09-10 05:30:00,1694348701.0,5.5,3.8333333333333335,6.0,23.0,33.5,25.0,39.333333333333336,35.613221,-119.6895815,,6.070258994807479,16.929741005192522,184.25,5.039318181243631,5.057113890682013,0.4725,5.976880528029758,5.7225
2023-09-10 06:30:00,1694352301.0,11.333333333333334,7.666666666666667,11.833333333333334,23.0,34.5,25.0,40.333333333333336,35.613226000000004,-119.689593,,6.497361039931749,16.50263896006825,391.0,8.202880580842866,8.004072304683042,0.44333333333333336,8.807720514807881,8.670833333333334
2023-09-10 07:30:00,1694355901.0,8.166666666666666,5.333333333333333,8.166666666666666,23.0,38.16666666666666,24.5,45.66666666666666,35.6132095,-119.68958416666668,,7.975181766076303,15.024818233923696,311.69444444444434,6.296866878295772,6.348984710322706,0.45916666666666667,6.887256210405756,6.7125
2023-09-10 08:30:00,1694359501.0,4.666666666666667,3.1666666666666665,5.166666666666667,23.5,35.833333333333336,25.33333333333333,42.5,35.61323483333333,-119.68964516666666,,7.49194091131296,16.00805908868704,167.22222222222226,4.426840362643454,4.490375203133322,0.4766666666666666,5.45775607146704,5.090833333333332
2023-09-10 09:30:00,1694363101.0,5.833333333333333,4.166666666666667,6.333333333333333,26.0,30.166666666666668,27.5,35.833333333333336,35.6132285,-119.68961833333331,,7.15684270092631,18.843157299073688,175.97222222222223,5.358503353921723,5.387001383825358,0.4708333333333334,6.212840278896382,6.179166666666666
2023-09-10 10:30:00,1694366701.0,4.166666666666667,2.833333333333333,4.5,28.83333333333333,25.0,29.166666666666668,31.666666666666668,35.613273166666666,-119.68960466666664,,6.83521871563017,21.99811461770316,104.16666666666667,4.331707627899245,4.676324638541052,0.47916666666666663,5.286726836367001,5.751666666666667
2023-09-10 11:30:00,1694370301.0,3.6666666666666665,2.5,3.8333333333333335,33.333333333333336,20.0,32.833333333333336,26.166666666666668,35.61323683333334,-119.68958416666668,,7.321239514102132,26.012093819231204,73.33333333333333,3.9982101792857327,4.6114601410088225,0.48166666666666663,4.8301643342336575,5.916666666666666
2023-09-10 12:30:00,1694373901.0,3.0,2.0,3.0,35.833333333333336,18.0,33.833333333333336,25.666666666666668,35.61324366666667,-119.68960966666668,,7.812853607933179,28.020479725400158,54.0,3.497251810478318,4.324322997947214,0.485,4.279385640287185,5.74
2023-09-10 13:30:00,1694377501.0,3.0,2.0,3.0,34.666666666666664,18.0,33.5,24.83333333333333,35.61323866666667,-119.689593,,6.86839872130023,27.798267945366433,54.0,3.51458990467596,4.324322997947214,0.485,4.312504750618751,5.74
2023-09-10 14:30:00,1694381101.0,2.5,1.5,2.833333333333333,35.5,18.0,34.833333333333336,23.666666666666668,35.613211166666666,-119.68956366666669,,7.543090338104342,27.956909661895658,45.0,3.1084198938633554,4.04447512932359,0.4875,4.063575313262085,5.48
2023-09-10 15:30:00,1694384701.0,3.333333333333333,2.1666666666666665,3.5,35.166666666666664,18.0,35.0,23.666666666666668,35.61325016666667,-119.689565,,7.273262293146986,27.89340437351968,59.99999999999999,3.706987003113359,4.510888243696297,0.48333333333333334,4.522612165290839,5.913333333333333
2023-09-10 16:30:00,1694388301.0,4.166666666666667,3.0,4.5,32.833333333333336,20.5,35.0,24.666666666666668,35.61329133333333,-119.689584,,7.271707820860042,25.56162551247329,85.41666666666667,4.392075650893638,4.869809672523307,0.47916666666666663,5.20332256541111,6.134166666666667
2023-09-10 17:30:00,1694391901.0,5.0,3.5,5.333333333333333,31.83333333333333,22.666666666666668,34.5,26.666666666666668,35.61329766666666,-119.68956866666667,,7.917510751273003,23.915822582060326,113.33333333333334,4.901378642383072,5.243063326089743,0.475,5.693805388235316,6.383333333333333
2023-09-10 18:30:00,1694395501.0,5.333333333333333,3.6666666666666665,5.666666666666667,30.666666666666668,24.5,33.833333333333336,28.166666666666668,35.613233666666666,-119.68960566666664,,8.085151641358951,22.581515025307716,130.66666666666666,5.076578990268295,5.350801335771981,0.4733333333333334,5.885091756083062,6.400833333333333
2023-09-10 19:30:00,1694399101.0,5.166666666666667,3.333333333333333,5.333333333333333,29.166666666666668,26.166666666666668,32.166666666666664,30.166666666666668,35.6132565,-119.68962866666668,,7.7852756842690765,21.38139098239759,135.19444444444446,4.8715441853270285,5.1858575892003085,0.4741666666666666,5.72908553825496,6.172499999999999
2023-09-10 20:30:00,1694402701.0,6.166666666666667,4.166666666666667,6.333333333333333,27.5,29.83333333333333,30.666666666666668,34.166666666666664,35.613218333333336,-119.6896285,,8.289584994534387,19.210415005465613,183.9722222222222,5.472334010919907,5.587898854313868,0.4691666666666666,6.237281088562612,6.380833333333333
2023-09-10 21:30:00,1694406301.0,14.5,9.833333333333334,15.166666666666666,26.33333333333333,33.333333333333336,29.33333333333333,38.16666666666666,35.613214666666664,-119.6896095,,8.916662576383338,17.41667075694999,483.33333333333337,9.341239418688847,9.104306740691575,0.4275,10.450754140371902,10.416666666666666
2023-09-10 22:30:00,1694409901.0,7.666666666666667,5.0,7.833333333333333,25.5,34.333333333333336,28.166666666666668,39.66666666666666,35.613272333333335,-119.68964,,8.623970881316671,16.876029118683327,263.22222222222223,6.160554938554852,6.233957426202485,0.46166666666666667,6.83651938095297,6.778333333333332
2023-09-10 23:30:00,1694413501.0,25.666666666666668,19.83333333333333,26.0,24.666666666666668,35.0,27.33333333333333,39.66666666666666,35.61320116666667,-119.68961983333332,,8.175093411896668,16.49157325477,898.3333333333334,13.887879892010032,12.370464639387272,0.37166666666666665,16.182700447389315,16.081666666666667
2023-09-11 00:30:00,1694417101.0,17.666666666666668,14.0,18.0,24.0,32.0,26.666666666666668,36.0,35.6132235,-119.68958283333332,,6.279930330836056,17.720069669163944,565.3333333333334,11.760316565533383,10.222232689806868,0.4116666666666666,12.455311989632131,12.176666666666666
2023-09-11 01:30:00,1694420701.0,8.166666666666666,6.166666666666667,8.333333333333334,23.166666666666668,32.0,25.0,37.0,35.613198000000004,-119.68958266666664,,5.553341888643674,17.613324778022992,261.3333333333333,6.895788841189505,6.614130868002092,0.45916666666666667,7.376733401775786,7.236666666666666
2023-09-11 02:30:00,1694424301.0,5.5,3.8333333333333335,5.666666666666667,21.0,37.16666666666666,22.33333333333333,44.833333333333336,35.6132585,-119.68958916666666,,5.8092374274639695,15.19076257253603,204.41666666666663,4.9286451908876,4.899459418548323,0.4725,5.783901257234847,5.4108333333333345
2023-09-11 03:30:00,1694427901.0,5.166666666666667,3.6666666666666665,5.5,20.0,37.833333333333336,22.0,43.833333333333336,35.61321833333333,-119.68964116666666,,5.176362263808853,14.823637736191147,195.47222222222226,4.74203528316756,4.684229723320389,0.4741666666666666,5.666690533107085,5.180833333333333
2023-09-11 04:30:00,1694431501.0,4.333333333333333,3.0,4.5,20.0,38.16666666666666,21.83333333333333,43.5,35.613231166666665,-119.68960183333331,,5.30267086509423,14.69732913490577,165.38888888888883,4.2110028463049645,4.203484384208256,0.47833333333333333,5.193215029301796,4.719166666666667
2023-09-11 05:30:00,1694435101.0,5.166666666666667,3.333333333333333,5.666666666666667,19.166666666666668,39.0,21.0,45.333333333333336,35.613235,-119.68954216666668,,4.8693965254010205,14.297270141265647,201.5,4.581030056571932,4.634066936732396,0.4741666666666666,5.617992633002011,5.081666666666667
2023-09-11 06:30:00,1694438521.0,8.2,4.6,8.8,19.0,40.2,20.8,47.2,35.613218,-119.6896148,,5.155709898745876,13.844290101254124,329.64,5.962794129312189,6.280214663987114,0.45899999999999996,6.880703430438781,6.556999999999999
2023-09-11 07:30:00,1694442301.0,7.0,4.333333333333333,7.833333333333333,19.83333333333333,38.5,21.83333333333333,42.833333333333336,35.61325716666666,-119.68961716666666,,5.279285461144433,14.554047872188896,269.5,5.557320247761106,5.68167412546149,0.465,6.548473209652017,6.0775
2023-09-11 08:30:00,1694445901.0,7.0,4.166666666666667,7.5,22.0,32.166666666666664,23.166666666666668,37.66666666666666,35.613231,-119.68959566666666,,4.610012151134171,17.38998784886583,225.16666666666666,5.7410494436348305,5.95398639551059,0.465,6.682379541041491,6.615833333333333
2023-09-11 09:30:00,1694449501.0,6.833333333333333,4.833333333333333,7.0,26.666666666666668,25.666666666666668,27.33333333333333,31.166666666666668,35.613234166666665,-119.689598,,5.38251883421085,21.28414783245582,175.38888888888889,6.105176406382839,6.140182155054861,0.4658333333333334,6.74892597682951,7.081666666666666
2023-09-11 10:30:00,1694453101.0,10.5,7.666666666666667,10.833333333333334,32.666666666666664,17.166666666666668,31.0,23.0,35.613185333333334,-119.68960183333331,,4.566762870498552,28.099903796168114,180.25,11.877224130865581,9.587043919296079,0.4475,8.84250012184105,9.710833333333333
2023-09-11 11:30:00,1694456701.0,6.666666666666667,4.166666666666667,7.166666666666667,32.0,16.333333333333332,31.0,21.666666666666668,35.6132675,-119.6895875,,3.321375144973394,28.678624855026605,108.88888888888889,5.889952056233089,6.448201824884256,0.4666666666666666,6.5282041046211585,7.788333333333333
2023-09-11 12:30:00,1694460301.0,3.8333333333333335,2.1666666666666665,4.0,32.166666666666664,15.666666666666666,32.166666666666664,19.666666666666668,35.6132585,-119.68959283333334,,2.8650555422108934,29.30161112445577,60.05555555555556,3.9422834628789625,4.891061685495906,0.48083333333333333,4.754156528733294,6.371666666666666
2023-09-11 13:30:00,1694463901.0,4.0,2.5,4.0,31.5,16.0,32.0,19.83333333333333,35.613255333333335,-119.68955233333332,,2.629071764414419,28.87092823558558,64.0,4.151410517493245,4.970012083631021,0.48,4.8783132429836185,6.43
2023-09-11 14:30:00,1694467501.0,3.6666666666666665,2.1666666666666665,4.0,31.0,16.0,32.166666666666664,19.166666666666668,35.61325633333333,-119.68960333333332,,2.2285993671347577,28.77140063286524,58.666666666666664,3.8936877690449374,4.783446837881938,0.48166666666666663,4.769190135475865,6.256666666666667
2023-09-11 15:30:00,1694471101.0,3.5,2.1666666666666665,3.5,32.666666666666664,15.333333333333334,33.166666666666664,18.5,35.61324066666667,-119.68957533333332,,2.9598158316984327,29.706850834968233,53.66666666666667,3.789534183100472,4.718828664486249,0.4825,4.52441583100383,6.226666666666667
2023-09-11 16:30:00,1694474701.0,3.0,2.0,3.333333333333333,31.83333333333333,14.333333333333334,33.166666666666664,16.666666666666668,35.61327816666667,-119.68953566666666,,1.3515629337166404,30.48177039961669,43.0,3.510860626861918,4.481977470080904,0.485,4.3222584943299305,6.051666666666667
2023-09-11 17:30:00,1694478301.0,3.0,2.0,3.0,31.0,15.0,33.0,17.333333333333332,35.61319566666667,-119.68961233333332,,1.3250388839762175,29.674961116023784,45.0,3.536420858879996,4.453313020602051,0.485,4.296046770384468,5.995
2023-09-11 18:30:00,1694481901.0,3.1666666666666665,2.1666666666666665,3.6666666666666665,29.666666666666668,17.5,31.666666666666668,20.33333333333333,35.613245666666664,-119.6896435,,2.4146257380018996,27.25204092866477,55.416666666666664,3.716886712312392,4.439103957930895,0.48416666666666663,4.674533813869017,5.869166666666667
2023-09-11 19:30:00,1694485501.0,5.0,3.0,5.0,27.166666666666668,21.83333333333333,29.33333333333333,26.666666666666668,35.613260333333336,-119.689607,,3.48868566031057,23.6779810063561,109.16666666666664,4.785952634799641,5.278893887938309,0.475,5.636563343536335,6.4541666666666675
2023-09-11 20:30:00,1694489101.0,13.666666666666666,9.166666666666666,14.5,24.83333333333333,29.33333333333333,27.0,35.333333333333336,35.613232833333335,-119.6896005,,5.741868933172006,19.09146440016132,400.8888888888888,9.625846972439799,9.271957306763973,0.43166666666666664,10.359329260295645,10.323333333333334
2023-09-11 21:30:00,1694492701.0,6.666666666666667,4.666666666666667,7.0,22.83333333333333,30.166666666666668,25.0,35.166666666666664,35.61322216666667,-119.68961833333331,,4.415838559793055,18.417494773540273,201.11111111111111,5.877596989838225,5.853414498198065,0.4666666666666666,6.6503766042450145,6.6125
2023-09-11 22:30:00,1694496301.0,4.166666666666667,3.1666666666666665,4.666666666666667,22.33333333333333,26.5,24.83333333333333,29.666666666666668,35.61325216666666,-119.68959166666669,,2.149161394888091,20.18417193844524,110.41666666666667,4.506755242711111,4.611829627213634,0.47916666666666663,5.518382211778307,5.624166666666667
2023-09-11 23:30:00,1694499901.0,4.666666666666667,3.0,4.833333333333333,22.0,26.0,24.5,29.5,35.613229,-119.68961083333332,,1.5979821474694775,20.402017852530523,121.33333333333334,4.645589570277052,4.913175832946397,0.4766666666666666,5.625153886538627,5.926666666666667
2023-09-12 00:30:00,1694503501.0,3.0,2.0,3.1666666666666665,21.666666666666668,26.33333333333333,23.5,30.33333333333333,35.6132215,-119.68960683333334,,1.4917568109808717,20.174909855685797,78.99999999999999,3.642013918206067,3.9660173794615576,0.485,4.761443410379022,5.031666666666666
2023-09-12 01:30:00,1694507101.0,4.0,2.6666666666666665,4.166666666666667,20.83333333333333,29.83333333333333,22.666666666666668,34.5,35.613227,-119.6896285,,2.525733833036647,18.307599500296682,119.33333333333331,4.201028402484798,4.37522475694483,0.48,5.247271114343949,5.254166666666666
2023-09-12 02:30:00,1694510701.0,3.0,2.0,3.1666666666666665,20.0,30.83333333333333,22.0,36.333333333333336,35.613211666666665,-119.68960066666666,,2.2663986788028665,17.733601321197135,92.49999999999999,3.5801070746035197,3.772532345479303,0.485,4.730428358284817,4.649166666666667
2023-09-12 03:30:00,1694514301.0,3.333333333333333,2.1666666666666665,3.333333333333333,19.666666666666668,32.833333333333336,21.33333333333333,38.333333333333336,35.61321783333333,-119.68961966666666,,2.8609680453157393,16.805698621350928,109.44444444444444,3.718197082064635,3.873104242791827,0.48333333333333334,4.806653871489105,4.652499999999999
2023-09-12 04:30:00,1694517901.0,3.333333333333333,2.1666666666666665,3.333333333333333,18.83333333333333,35.0,20.166666666666668,41.833333333333336,35.61325016666667,-119.6896185,,3.0312241210423494,15.80210921229098,116.66666666666666,3.6717739315523055,3.7799447819855567,0.48333333333333334,4.762762236672516,4.468333333333333
2023-09-12 05:30:00,1694521501.0,3.6666666666666665,2.333333333333333,4.0,18.0,36.66666666666666,19.166666666666668,44.16666666666666,35.613217666666664,-119.68956983333334,,2.9510632515436233,15.048936748456377,134.4444444444444,3.8067850249363087,3.8948489040375085,0.48166666666666663,4.965646764644262,4.5
2023-09-12 06:30:00,1694525101.0,5.666666666666667,3.0,5.833333333333333,16.5,44.16666666666666,17.333333333333332,54.66666666666666,35.613261666666666,-119.68956016666664,,4.248635660584095,12.251364339415904,250.27777777777774,4.42332501333629,4.691765321894914,0.4716666666666666,5.439778515871548,4.902500000000001
2023-09-12 07:30:00,1694528701.0,5.833333333333333,3.5,6.5,17.333333333333332,41.833333333333336,19.166666666666668,47.333333333333336,35.61320316666667,-119.6895725,,4.227442638475995,13.105890694857337,244.02777777777777,4.754190595808818,4.885373517945438,0.4708333333333334,5.820992594277489,5.1875
2023-09-12 08:30:00,1694532301.0,6.333333333333333,4.166666666666667,6.833333333333333,22.33333333333333,31.666666666666668,22.83333333333333,38.833333333333336,35.61321833333333,-119.689593,,4.6762675461006245,17.657065787232703,200.55555555555554,5.523369713892417,5.602354241121564,0.4683333333333334,6.434339999429032,6.3116666666666665
2023-09-12 09:30:00,1694535901.0,7.5,4.833333333333333,7.5,27.666666666666668,24.5,26.83333333333333,31.83333333333333,35.61320916666667,-119.68960583333336,,5.557330035091026,22.10933663157564,183.75,6.381066753941187,6.5634754331410186,0.4625,6.988539057086738,7.5275
2023-09-12 10:30:00,1694539501.0,6.0,4.166666666666667,6.333333333333333,31.5,19.33333333333333,29.33333333333333,27.0,35.613180666666665,-119.68958266666668,,5.326285303659628,26.173714696340372,115.99999999999997,5.598013634324898,5.946081310731254,0.47,6.243924373846676,7.186666666666667
2023-09-12 11:30:00,1694543101.0,5.0,3.5,5.333333333333333,34.666666666666664,16.5,32.0,23.666666666666668,35.61317433333333,-119.68962583333332,,5.605438967858441,29.061227698808224,82.5,4.900543607830202,5.508209483769129,0.475,5.525159440086526,6.9075
2023-09-12 12:30:00,1694546701.0,4.5,3.0,4.666666666666667,36.833333333333336,16.0,34.166666666666664,22.33333333333333,35.61323983333333,-119.68960333333332,,6.891257515656683,29.942075817676653,72.0,4.466066728654443,5.249859952254644,0.4775,5.080523693906019,6.6899999999999995
2023-09-12 13:30:00,1694550301.0,4.0,2.333333333333333,4.0,36.66666666666666,15.5,35.0,21.166666666666668,35.61326733333333,-119.68958383333334,,6.29642181237421,30.370244854292448,62.0,4.001982007500583,4.99151042074016,0.48,4.672516762848357,6.4725
2023-09-12 14:30:00,1694553901.0,3.8333333333333335,2.0,4.0,36.833333333333336,14.833333333333334,35.333333333333336,19.83333333333333,35.61324183333333,-119.68962983333334,,5.791387317068652,31.041946016264685,56.861111111111114,3.7936085021143784,4.926892247344471,0.48083333333333333,4.542588434342307,6.4425
2023-09-12 15:30:00,1694557501.0,3.6666666666666665,2.1666666666666665,4.166666666666667,35.833333333333336,15.0,36.0,19.166666666666668,35.61319533333333,-119.68957883333331,,5.161224163965126,30.67210916936821,55.0,3.8044319309132613,4.826443512100217,0.48166666666666663,4.620720666403187,6.341666666666667
2023-09-12 16:30:00,1694561101.0,4.5,3.0,4.666666666666667,33.5,16.333333333333332,35.166666666666664,19.5,35.6132615,-119.6895955,,4.5242693295759375,28.975730670424063,73.5,4.520550017724735,5.235527727515218,0.4775,5.192985173687987,6.661666666666666
2023-09-12 17:30:00,1694564701.0,4.5,3.333333333333333,4.5,31.83333333333333,18.166666666666668,34.833333333333336,20.666666666666668,35.613285166666664,-119.68962216666668,,4.703482848860914,27.129850484472414,81.75,4.6749533703999155,5.156700491448373,0.4775,5.307558610909444,6.505833333333333
2023-09-12 18:30:00,1694568301.0,4.166666666666667,3.0,4.666666666666667,30.5,19.33333333333333,33.666666666666664,22.166666666666668,35.61324833333333,-119.68965933333334,,4.50753506247907,25.99246493752093,80.55555555555554,4.429938031527852,4.9199724591113,0.47916666666666663,5.291767770539291,6.233333333333334
2023-09-12 19:30:00,1694571901.0,5.666666666666667,4.0,6.166666666666667,28.0,24.5,30.5,29.166666666666668,35.61326016666667,-119.68961466666669,,5.838424916086342,22.161575083913657,138.83333333333334,5.3622514801239225,5.537366581521064,0.4716666666666666,6.19045819810159,6.574166666666667
2023-09-12 20:30:00,1694575501.0,2.5,1.0,2.5,26.0,20.5,29.33333333333333,22.33333333333333,35.61326716666667,-119.68959166666669,,1.6327542621534932,24.367245737846506,51.25,3.0657141928350127,3.9369834437778937,0.4875,4.2114693434941435,5.2675
2023-09-12 21:30:00,1694579101.0,0.6666666666666666,0.1666666666666666,0.8333333333333334,25.166666666666668,18.5,28.166666666666668,20.666666666666668,35.613271833333336,-119.68955516666666,,-0.4758276475264939,25.64249431419316,12.333333333333332,2.010359392458681,2.9968679405944965,0.49666666666666665,3.263074386596376,4.484166666666667
2023-09-12 22:30:00,1694582701.0,1.0,0.1666666666666666,1.0,24.166666666666668,21.0,26.83333333333333,24.0,35.61323433333333,-119.6895905,,0.44871902633962446,23.717947640327044,21.0,2.17888083624005,3.075941500797882,0.495,3.46072426317607,4.445
2023-09-12 23:30:00,1694586301.0,2.0,1.0,2.0,23.33333333333333,23.5,25.5,27.5,35.61327883333333,-119.6895905,,1.3153259476413277,22.018007385692,47.0,2.8939578560647976,3.528145552499433,0.49,4.090365625214307,4.7524999999999995
2023-09-13 00:30:00,1694589901.0,2.1666666666666665,1.0,2.5,21.83333333333333,27.33333333333333,23.666666666666668,32.5,35.6132585,-119.6895955,,2.1563038428295043,19.677029490503823,59.22222222222221,2.940284723821986,3.456607590870572,0.48916666666666664,4.277297382535728,4.513333333333334
2023-09-13 01:30:00,1694593501.0,2.1666666666666665,1.1666666666666667,2.833333333333333,21.0,29.5,22.666666666666668,34.833333333333336,35.613198000000004,-119.68961966666666,,2.5117194021955247,18.488280597804476,63.916666666666664,2.9822414203567673,3.363448130064301,0.48916666666666664,4.389193944861427,4.329166666666667
2023-09-13 02:30:00,1694597101.0,2.6666666666666665,1.5,3.0,20.0,31.33333333333333,21.5,37.833333333333336,35.61327,-119.689565,,2.492720555035116,17.507279444964883,83.55555555555554,3.264222761224998,3.5644687626210807,0.48666666666666664,4.547492771906322,4.433333333333334
2023-09-13 03:30:00,1694600701.0,2.5,1.1666666666666667,2.833333333333333,19.5,33.5,21.166666666666668,39.0,35.613259666666664,-119.689588,,2.9988428793235196,16.50115712067648,83.75,3.0419112280984475,3.3780266789402686,0.4875,4.389691622596349,4.1625
2023-09-13 04:30:00,1694604301.0,2.5,1.3333333333333333,3.0,18.83333333333333,35.5,20.0,42.0,35.6132335,-119.6895815,,3.232017642814215,15.601315690519113,88.75,3.0670965103448653,3.2920333305037106,0.4875,4.4254425222046265,3.9924999999999997
2023-09-13 05:30:00,1694607901.0,2.833333333333333,2.0,3.1666666666666665,18.0,37.0,19.83333333333333,43.66666666666666,35.61326016666666,-119.68959166666669,,3.079048822846284,14.920951177153716,104.83333333333333,3.3992021887874717,3.414103564925375,0.48583333333333334,4.591263507036812,4.038333333333333
2023-09-13 06:30:00,1694611501.0,4.166666666666667,2.1666666666666665,4.5,18.0,37.66666666666666,19.166666666666668,44.833333333333336,35.613227333333334,-119.689579,,3.3319877189070297,14.66801228109297,156.94444444444443,3.8767540098918865,4.131700098442854,0.47916666666666663,5.085194056700172,4.675000000000001
2023-09-13 07:30:00,1694615101.0,4.833333333333333,2.0,5.5,18.166666666666668,39.0,19.666666666666668,45.333333333333336,35.61320833333333,-119.68962216666668,,3.9752595326437294,14.191407134022938,188.5,3.9815992474191506,4.447501690983313,0.47583333333333333,5.330191606523819,4.908333333333333
2023-09-13 08:30:00,1694618701.0,4.833333333333333,2.5,5.166666666666667,22.666666666666668,35.0,23.0,43.66666666666666,35.6132125,-119.68960583333336,,6.41303656099346,16.25363010567321,169.16666666666666,4.265729054420167,4.619488387856428,0.47583333333333333,5.405404374826814,5.248333333333333
2023-09-13 09:30:00,1694622301.0,4.5,3.1666666666666665,4.833333333333333,26.83333333333333,28.5,26.666666666666668,37.66666666666666,35.61320533333333,-119.68959416666668,,7.044356735402756,19.78897659793057,128.25,4.536625633812134,4.712401524526158,0.4775,5.482570644247968,5.6274999999999995
2023-09-13 10:30:00,1694625901.0,4.333333333333333,3.0,4.666666666666667,31.33333333333333,22.33333333333333,29.166666666666668,32.0,35.6132425,-119.6895955,,7.283605710588749,24.04972762274458,96.77777777777776,4.463067021944705,4.884265059331004,0.47833333333333333,5.330426557034391,6.065
2023-09-13 11:30:00,1694629501.0,4.666666666666667,3.0,4.666666666666667,34.0,19.5,31.5,28.166666666666668,35.613203166666665,-119.68961583333332,,7.496468229345859,26.503531770654142,91.0,4.582188695675902,5.192654215365209,0.4766666666666666,5.292329614306395,6.479166666666666
2023-09-13 12:30:00,1694633101.0,3.1666666666666665,2.1666666666666665,3.333333333333333,36.0,17.166666666666668,33.666666666666664,24.83333333333333,35.61328566666666,-119.6896055,,7.252127723496216,28.747872276503784,54.361111111111114,3.619116605132466,4.4534361826703215,0.48416666666666663,4.393136900070824,5.8975
2023-09-13 13:30:00,1694636701.0,3.0,2.0,3.333333333333333,36.5,16.666666666666668,34.666666666666664,23.33333333333333,35.613268500000004,-119.68961083333332,,7.221175544580436,29.278824455419564,50.0,3.473851619659964,4.38165189690492,0.485,4.296799166690903,5.8533333333333335
2023-09-13 14:30:00,1694640301.0,3.0,2.0,3.333333333333333,36.0,16.666666666666668,35.0,22.666666666666668,35.6132645,-119.689626,,6.820327805060324,29.179672194939677,50.0,3.4815879837350296,4.38165189690492,0.485,4.311577117049605,5.8533333333333335
2023-09-13 15:30:00,1694643901.0,3.0,2.0,3.333333333333333,36.0,16.0,35.5,20.83333333333333,35.61326966666667,-119.689607,,6.2264362776773385,29.773563722322663,48.0,3.4726406788667092,4.410316346383772,0.485,4.281561742133864,5.91
2023-09-13 16:30:00,1694647501.0,3.6666666666666665,2.6666666666666665,4.0,33.666666666666664,17.0,35.166666666666664,20.5,35.61326783333333,-119.68960333333332,,5.2325149393454815,28.434151727321183,62.33333333333333,4.049078100946959,4.740450163663659,0.48166666666666663,4.814190390771536,6.171666666666667
2023-09-13 17:30:00,1694651101.0,3.8333333333333335,2.6666666666666665,3.8333333333333335,31.666666666666668,19.0,34.666666666666664,21.666666666666668,35.61327033333333,-119.68958916666666,,5.212065850472122,26.454600816194546,72.83333333333334,4.153254536538526,4.747739438101643,0.48083333333333333,4.914712097218583,6.088333333333333
2023-09-13 18:30:00,1694654701.0,3.333333333333333,2.0,3.5,30.33333333333333,20.5,33.5,23.33333333333333,35.61316033333333,-119.68953333333332,,5.211679407759362,25.121653925573966,68.33333333333333,3.716627949781393,4.4033965581506,0.48333333333333334,4.683963667304013,5.700833333333333
2023-09-13 19:30:00,1694658301.0,3.8333333333333335,2.333333333333333,4.0,28.0,22.666666666666668,30.83333333333333,26.33333333333333,35.61326533333334,-119.689561,,4.718152862245068,23.28184713775493,86.8888888888889,4.056173404835804,4.590084965967954,0.48083333333333333,5.038620379269814,5.776666666666666
2023-09-13 20:30:00,1694661901.0,3.0,1.8333333333333333,3.0,25.5,25.0,28.0,29.166666666666668,35.613214666666664,-119.68958133333332,,4.0165425098797956,21.483457490120205,75.0,3.551988783698708,4.023346278419263,0.485,4.610908711966681,5.145
2023-09-13 21:30:00,1694665501.0,2.333333333333333,1.5,3.0,24.166666666666668,25.0,27.0,28.33333333333333,35.61327816666667,-119.68960433333332,,2.8875048728113217,21.279161793855344,58.33333333333333,3.189011620018904,3.6502157869210974,0.48833333333333334,4.478278222091752,4.798333333333333
2023-09-13 22:30:00,1694669101.0,3.333333333333333,2.0,3.8333333333333335,23.666666666666668,27.0,26.0,31.5,35.61328116666667,-119.689631,,3.552224192868193,20.114442473798476,89.99999999999999,3.733131161075466,4.123918175731788,0.48333333333333334,4.937805650377655,5.1483333333333325
2023-09-13 23:30:00,1694672701.0,3.1666666666666665,2.0,3.5,23.0,28.83333333333333,25.5,33.5,35.6131985,-119.68958916666666,,3.914540955497204,19.085459044502795,91.30555555555554,3.647340005229489,3.9518083167904017,0.48416666666666663,4.815953399852393,4.905833333333334
2023-09-14 00:30:00,1694676301.0,3.1666666666666665,2.0,3.5,22.33333333333333,29.5,24.5,34.5,35.61322033333334,-119.68959666666666,,3.66451315779346,18.668820175539867,93.41666666666666,3.641963753045654,3.9231438673115493,0.48416666666666663,4.819035951243679,4.849166666666666
2023-09-14 01:30:00,1694679901.0,3.6666666666666665,2.1666666666666665,4.0,21.5,31.83333333333333,23.33333333333333,37.16666666666666,35.61316966666667,-119.68963633333334,,4.024782277743056,17.475217722256943,116.7222222222222,3.840160774301453,4.102666162759189,0.48166666666666663,5.0145493472438805,4.910833333333334
2023-09-14 02:30:00,1694683501.0,4.0,2.6666666666666665,4.0,20.5,33.666666666666664,22.33333333333333,39.66666666666666,35.6132355,-119.689598,,3.947613020462902,16.552386979537097,134.66666666666666,4.105957608630369,4.210404172441427,0.48,5.110765587408853,4.928333333333333
2023-09-14 03:30:00,1694687101.0,4.166666666666667,2.833333333333333,4.666666666666667,19.5,36.16666666666666,20.666666666666668,44.0,35.61329883333334,-119.68959683333333,,4.086681351760249,15.413318648239752,150.69444444444443,4.161333985044561,4.196195109770272,0.47916666666666663,5.271918443154848,4.8025
2023-09-14 04:30:00,1694690701.0,5.5,3.6666666666666665,5.666666666666667,18.0,41.16666666666666,20.0,48.66666666666666,35.613223833333336,-119.6896145,,4.5982904776068985,13.401709522393102,226.41666666666663,4.736775334127721,4.727472721675208,0.4725,5.624712757653966,5.070833333333335
2023-09-14 05:30:00,1694694301.0,5.666666666666667,3.8333333333333335,6.0,18.0,41.66666666666666,19.5,49.0,35.61324166666667,-119.6896185,,4.7713489996168565,13.228651000383143,236.11111111111106,4.830432320606391,4.799257007440611,0.4716666666666666,5.7309712800610075,5.115
2023-09-14 06:30:00,1694697901.0,6.833333333333333,3.8333333333333335,7.333333333333333,18.0,43.16666666666666,19.0,51.333333333333336,35.61323866666667,-119.68959316666668,,5.279725984239395,12.720274015760605,294.9722222222222,5.117717305371276,5.387740356234981,0.4658333333333334,6.095838505424549,5.594166666666667
2023-09-14 07:30:00,1694701501.0,8.333333333333334,4.833333333333333,9.166666666666666,18.5,43.833333333333336,20.666666666666668,50.16666666666666,35.6132245,-119.68962483333333,,5.953909821911802,12.546090178088198,365.2777777777778,5.903746903202435,6.198619512627001,0.45833333333333337,6.814139359364978,6.3175
2023-09-14 08:30:00,1694705101.0,7.166666666666667,4.333333333333333,7.333333333333333,23.5,35.166666666666664,25.166666666666668,41.333333333333336,35.613224,-119.68960566666664,,7.216902598660086,16.283097401339916,252.02777777777777,5.724425986702571,5.9182789957302955,0.4641666666666666,6.531736341789873,6.4475
2023-09-14 09:30:00,1694708701.0,6.166666666666667,4.0,6.666666666666667,28.33333333333333,26.666666666666668,28.166666666666668,34.333333333333336,35.61323016666667,-119.68960316666666,,7.354410347085845,20.978922986247483,164.44444444444446,5.493775615123193,5.724054989338416,0.4691666666666666,6.357447659138494,6.65
2023-09-14 10:30:00,1694712301.0,7.166666666666667,4.833333333333333,7.333333333333333,32.166666666666664,23.0,30.166666666666668,32.5,35.613291333333336,-119.68958783333332,,8.410776394080523,23.755890272586143,164.83333333333334,6.236987272367319,6.441405198719354,0.4641666666666666,6.805932846102944,7.481666666666667
2023-09-14 11:30:00,1694715901.0,7.833333333333333,5.666666666666667,8.166666666666666,34.666666666666664,20.166666666666668,32.5,29.0,35.61323933333333,-119.6895725,,8.537598657201594,26.129068009465072,157.97222222222223,6.844505787634863,6.936359600502643,0.4608333333333334,7.23900078888752,8.069166666666666
2023-09-14 12:30:00,1694719501.0,7.0,5.0,7.333333333333333,36.0,18.5,34.0,26.5,35.613245666666664,-119.68959416666668,,8.351530565003188,27.648469434996812,129.5,6.263442020035059,6.541607609827068,0.465,6.7044771699997705,7.7775
2023-09-14 13:30:00,1694723101.0,6.333333333333333,4.333333333333333,7.0,37.333333333333336,17.166666666666668,35.333333333333336,24.0,35.6132195,-119.689593,,8.324424905924278,29.008908427409057,108.72222222222223,5.728236248650223,6.225806017286607,0.4683333333333334,6.311138816809228,7.5441666666666665
2023-09-14 14:30:00,1694726701.0,6.0,4.166666666666667,6.5,37.16666666666666,15.166666666666666,35.5,20.666666666666668,35.61328133333333,-119.689551,,6.377376767212359,30.789289899454296,91.0,5.527085324669662,6.125234119974082,0.47,6.0234981988489675,7.5408333333333335
2023-09-14 15:30:00,1694730301.0,7.5,5.0,7.5,35.666666666666664,15.0,35.833333333333336,18.83333333333333,35.613300333333335,-119.68956616666668,,5.029185255125324,30.63748141154134,112.5,6.501025585926039,6.971943838214668,0.4625,6.777603357979643,8.335
2023-09-14 16:30:00,1694733901.0,6.333333333333333,4.333333333333333,6.333333333333333,32.833333333333336,16.5,35.0,19.83333333333333,35.613252,-119.68957766666666,,4.134620696213027,28.69871263712031,104.5,5.799698485904596,6.25447046676546,0.4683333333333334,6.250240439092345,7.600833333333333
2023-09-14 17:30:00,1694737501.0,4.833333333333333,3.5,5.333333333333333,31.666666666666668,17.333333333333332,35.0,19.166666666666668,35.61322583333334,-119.68956366666669,,3.8974097292755574,27.76925693739111,83.77777777777777,4.8781602514804945,5.379096299046022,0.47583333333333333,5.604450249391528,6.75
2023-09-14 18:30:00,1694741101.0,6.0,4.5,6.5,30.33333333333333,19.0,33.666666666666664,21.5,35.613187833333335,-119.68957266666666,,4.122594153892147,26.21073917944118,114.0,5.743676699747946,5.96041353547068,0.47,6.373316300478548,7.215
2023-09-14 19:30:00,1694744701.0,8.166666666666666,5.833333333333333,8.5,28.5,22.666666666666668,31.5,26.33333333333333,35.61327,-119.68960666666668,,5.135900927821861,23.36409907217814,185.11111111111111,7.05928096672475,7.015433160706028,0.45916666666666667,7.5488696930964645,8.03
2023-09-14 20:30:00,1694748301.0,7.333333333333333,5.333333333333333,7.666666666666667,26.33333333333333,29.5,29.166666666666668,34.666666666666664,35.61326533333334,-119.68961583333332,,7.118012937922304,19.215320395411027,216.33333333333331,6.3546037658549,6.255209439175083,0.4633333333333334,6.983443502306755,7.015833333333333
2023-09-14 21:30:00,1694751901.0,7.5,5.166666666666667,7.666666666666667,25.166666666666668,32.5,28.0,37.833333333333336,35.61331116666667,-119.6896145,,7.523814664514878,17.64285200215179,243.75,6.2464243432036195,6.219502039394788,0.4625,6.886550492376624,6.8475
2023-09-14 22:30:00,1694755501.0,8.166666666666666,5.333333333333333,8.166666666666666,24.33333333333333,34.0,26.83333333333333,39.5,35.61325083333333,-119.68963383333332,,7.4559309949559065,16.877402338377422,277.66666666666663,6.481610141692167,6.528137519565535,0.45916666666666667,7.076461656614548,7.066666666666666
2023-09-14 23:30:00,1694759101.0,9.333333333333334,6.166666666666667,9.666666666666666,23.166666666666668,37.0,25.166666666666668,43.66666666666666,35.61323466666667,-119.6896235,,7.666929929508143,15.499736737158525,345.33333333333337,7.047011340694286,7.052125857032488,0.45333333333333337,7.605928404150348,7.418333333333333
2023-09-15 00:30:00,1694762701.0,9.166666666666666,6.0,9.833333333333334,22.5,37.833333333333336,25.0,44.0,35.61321,-119.689635,,7.401416447472681,15.09858355252732,346.80555555555554,6.891550550795992,6.9230126723093806,0.45416666666666666,7.567004783802893,7.260833333333332
2023-09-15 01:30:00,1694766301.0,9.5,6.333333333333333,10.0,22.0,38.0,24.0,44.833333333333336,35.61322966666666,-119.68960066666666,,7.020783566806408,14.979216433193592,361.0,7.119876267018727,7.10241180568875,0.4525,7.699387811814194,7.42
2023-09-15 02:30:00,1694769901.0,9.5,6.0,9.666666666666666,21.666666666666668,39.66666666666666,23.33333333333333,46.66666666666666,35.61325266666667,-119.68960816666667,,7.351093980875927,14.315572685790741,376.83333333333326,6.904656845541544,7.03075068199162,0.4525,7.456870433525024,7.278333333333334
2023-09-15 03:30:00,1694773501.0,9.166666666666666,6.166666666666667,9.666666666666666,20.166666666666668,43.16666666666666,21.33333333333333,52.16666666666666,35.61324916666667,-119.68959816666668,,7.239646872057388,12.92701979460928,395.69444444444434,6.678518681583499,6.693697076478561,0.45416666666666666,7.254896549863162,6.807500000000001
2023-09-15 04:30:00,1694777101.0,11.166666666666666,7.5,11.5,20.0,43.66666666666666,21.666666666666668,50.833333333333336,35.613269833333334,-119.68957516666669,,7.257358387291372,12.742641612708628,487.611111111111,6.71970446507674,6.979649934113394,0.44416666666666665,8.081404410561513,7.805000000000001
2023-09-15 05:30:00,1694780701.0,16.5,11.166666666666666,17.166666666666668,20.0,45.833333333333336,21.5,53.5,35.613207499999994,-119.689636,,7.9680454700680485,12.031954529931951,756.25,8.134112240522914,8.394113054060238,0.4175,10.371821484328684,10.394166666666667
2023-09-15 06:30:00,1694784301.0,11.5,7.666666666666667,12.0,20.0,46.0,21.83333333333333,53.16666666666666,35.613261666666666,-119.68964383333334,,8.021476895756312,11.978523104243688,529.0,6.462247277163108,6.8347470500147,0.4425,8.083358814307541,7.78
2023-09-15 07:30:00,1694787901.0,11.833333333333334,7.833333333333333,12.166666666666666,20.33333333333333,45.0,21.83333333333333,52.66666666666666,35.61324833333333,-119.68964116666666,,8.001162663880885,12.332170669452443,532.5,6.6655417378341575,7.043674428051167,0.44083333333333335,8.252410453579465,8.038333333333334
2023-09-15 08:30:00,1694791501.0,9.0,6.166666666666667,9.166666666666666,23.666666666666668,37.66666666666666,25.166666666666668,44.5,35.6132355,-119.68959933333332,,8.373756702671347,15.29290996399532,338.9999999999999,6.899007063799633,6.836896161804552,0.455,7.393297653569579,7.1883333333333335
2023-09-15 09:30:00,1694795101.0,12.0,8.333333333333334,12.333333333333334,28.0,30.33333333333333,28.0,38.66666666666666,35.61326333333333,-119.6896465,,8.967384360492307,19.032615639507693,363.99999999999994,9.31460844250402,8.651916731143832,0.44,9.292672533907522,9.371666666666666
2023-09-15 10:30:00,1694798701.0,12.833333333333334,9.0,13.333333333333334,31.0,26.166666666666668,30.0,36.0,35.61325383333334,-119.68961933333333,,9.34116504648703,21.658834953512972,335.8055555555556,10.388213108422555,9.351150307302577,0.43583333333333335,9.946556734245789,10.159166666666668
2023-09-15 11:30:00,1694802301.0,14.5,10.166666666666666,15.0,33.666666666666664,23.0,31.666666666666668,33.333333333333336,35.61319216666667,-119.68959933333332,,9.662472801412768,24.004193865253896,333.5,11.472981387093053,10.201180553310571,0.4275,10.939065267074296,11.295
2023-09-15 12:30:00,1694805901.0,14.166666666666666,9.833333333333334,14.5,35.0,20.83333333333333,33.166666666666664,29.83333333333333,35.61319866666667,-119.689598,,9.293936433477363,25.706063566522637,295.1388888888888,11.776424510140242,10.328391924302508,0.42916666666666664,10.742490140076988,11.305833333333332
2023-09-15 13:30:00,1694809501.0,13.166666666666666,9.166666666666666,13.333333333333334,35.666666666666664,19.5,34.0,27.5,35.61328066666667,-119.689559,,8.858798751206146,26.80786791546052,256.75,11.848039963590882,10.161589130968816,0.43416666666666665,10.15774702560935,10.899166666666666
2023-09-15 14:30:00,1694813101.0,12.666666666666666,8.833333333333334,12.666666666666666,36.16666666666666,19.166666666666668,35.166666666666664,26.166666666666668,35.6132615,-119.68956766666668,,9.011068778921771,27.155597887744886,242.77777777777777,11.825626992972708,10.042804708088454,0.43666666666666665,9.824863501794617,10.6675
2023-09-15 15:30:00,1694816701.0,11.5,8.166666666666666,11.833333333333334,35.5,19.0,36.0,24.5,35.6132445,-119.68955883333332,,8.338634699130893,27.161365300869107,218.5,11.661120273718156,9.700772173309497,0.4425,9.2941194647959,10.075
2023-09-15 16:30:00,1694820301.0,11.333333333333334,7.833333333333333,11.5,33.0,20.5,35.166666666666664,24.33333333333333,35.61324316666667,-119.689597,,7.408920122451975,25.591079877548026,232.33333333333334,11.064491884548405,9.490159405650715,0.44333333333333336,9.16249868181061,9.860833333333332
2023-09-15 17:30:00,1694823901.0,12.5,8.833333333333334,12.666666666666666,31.666666666666668,23.0,35.0,26.5,35.61323183333334,-119.68963733333334,,7.993282634786896,23.67338403187977,287.5,10.947636089642154,9.58451075693506,0.4375,9.80783249040321,10.254999999999999
2023-09-15 18:30:00,1694827501.0,13.666666666666666,9.5,14.0,30.5,25.33333333333333,33.833333333333336,28.83333333333333,35.613233,-119.689598,,8.437972955103879,22.06202704489612,346.2222222222221,10.682950730237014,9.696553621326164,0.43166666666666664,10.390284192036438,10.663333333333334
2023-09-15 19:30:00,1694831101.0,11.833333333333334,8.0,12.333333333333334,28.5,29.666666666666668,31.166666666666668,35.0,35.61323816666667,-119.689574,,9.069222631044715,19.430777368955283,351.0555555555556,9.238763956547109,8.671293633872903,0.44083333333333335,9.23966087082102,9.341666666666667
2023-09-15 20:30:00,1694834701.0,9.833333333333334,6.666666666666667,10.0,26.5,32.166666666666664,29.166666666666668,37.16666666666666,35.6132235,-119.68961466666669,,8.534667570811054,17.965332429188948,316.30555555555554,7.623988674147574,7.539790984377793,0.45083333333333336,8.040796264311947,8.089166666666667
2023-09-15 21:30:00,1694838301.0,9.333333333333334,6.0,9.666666666666666,25.666666666666668,32.333333333333336,28.166666666666668,37.0,35.61325016666667,-119.68960833333334,,7.884522748331163,17.782143918335507,301.7777777777778,7.19920143531501,7.252777003384455,0.45333333333333337,7.7835990350906314,7.8149999999999995
2023-09-15 22:30:00,1694841901.0,8.833333333333334,5.833333333333333,8.833333333333334,25.0,31.83333333333333,27.5,36.333333333333336,35.61326483333334,-119.68957266666666,,7.075109503054118,17.92489049694588,281.1944444444444,6.9925069762594445,6.9944274718699715,0.45583333333333337,7.50873624010814,7.5975
2023-09-15 23:30:00,1694845501.0,9.166666666666666,6.166666666666667,9.5,24.0,34.0,26.5,39.66666666666666,35.6132425,-119.68960316666666,,7.163316673287889,16.836683326712112,311.66666666666663,7.138613399517953,7.087833256812782,0.45416666666666666,7.6943632069368455,7.586666666666666
2023-09-16 00:30:00,1694849101.0,10.166666666666666,6.833333333333333,10.666666666666666,23.0,36.66666666666666,25.33333333333333,42.833333333333336,35.61322966666666,-119.68961066666668,,7.386453287314585,15.613546712685416,372.77777777777766,7.511426719223726,7.414358586409474,0.44916666666666666,8.093487435079007,7.88
2023-09-16 01:30:00,1694852701.0,10.333333333333334,6.833333333333333,10.833333333333334,22.166666666666668,39.0,24.166666666666668,45.833333333333336,35.61323933333333,-119.68964133333331,,7.549578989936151,14.617087676730517,403.0,7.10963926504525,7.218066552612821,0.44833333333333336,8.01949456806372,7.7683333333333335
2023-09-16 02:30:00,1694856301.0,10.5,6.833333333333333,11.0,21.666666666666668,41.0,23.33333333333333,48.5,35.613247,-119.68955883333332,,7.836207234327488,13.830459432339179,430.5,6.775414078977414,7.057157545029684,0.4475,7.951453501492539,7.685
2023-09-16 03:30:00,1694859901.0,11.0,7.0,11.166666666666666,21.0,42.833333333333336,22.33333333333333,50.833333333333336,35.613248166666665,-119.689621,,7.878982586322563,13.121017413677437,471.1666666666667,6.530474607292308,7.016718349949223,0.445,7.94337436827994,7.789166666666667
2023-09-16 04:30:00,1694863501.0,16.333333333333332,11.0,16.833333333333332,20.0,45.5,21.83333333333333,54.5,35.61321183333333,-119.68959166666669,,7.860666045208914,12.139333954791086,743.1666666666666,8.083835167461334,8.378106930575793,0.41833333333333333,10.278736416042738,10.335833333333333
2023-09-16 05:30:00,1694867101.0,17.666666666666668,11.333333333333334,18.166666666666668,20.0,48.0,21.0,56.833333333333336,35.61321383333333,-119.68963633333334,,8.649669685782749,11.350330314217251,848.0,7.814583047973977,8.5238474315581,0.4116666666666666,10.501526885644784,10.816666666666666
2023-09-16 06:30:00,1694870701.0,25.0,15.166666666666666,26.0,19.0,50.0,20.5,59.66666666666666,35.61322583333333,-119.68961966666666,,8.335036630857616,10.664963369142384,1250.0,9.179667367122025,10.572671860987214,0.375,13.332797197906245,14.46
2023-09-16 07:30:00,1694874301.0,25.33333333333333,15.5,26.33333333333333,19.33333333333333,50.0,20.666666666666668,59.5,35.61325716666667,-119.689583,,8.64178102471329,10.69155230862004,1266.6666666666665,9.369401144123609,10.67545016038313,0.37333333333333335,13.488267635933008,14.633333333333333
2023-09-16 08:30:00,1694877901.0,19.5,12.166666666666666,20.33333333333333,21.83333333333333,44.333333333333336,22.666666666666668,54.0,35.613223500000004,-119.68959166666666,,9.141739782594671,12.691593550738657,864.5,8.546061825064244,9.478341366584328,0.4025,11.71422515575059,12.081666666666667
2023-09-16 09:30:00,1694881501.0,19.83333333333333,12.833333333333334,20.666666666666668,25.33333333333333,37.16666666666666,25.33333333333333,47.833333333333336,35.613185333333334,-119.68964133333331,,9.654816274011505,15.678517059321823,737.1388888888886,9.86026251253633,10.34185472957084,0.4008333333333334,12.681828254149721,12.864166666666666
2023-09-16 10:30:00,1694885101.0,16.833333333333332,10.833333333333334,17.333333333333332,28.166666666666668,32.0,27.166666666666668,43.66666666666666,35.613244333333334,-119.6896565,,9.908366118879917,18.258300547786753,538.6666666666666,9.803643256802712,9.965286941317071,0.41583333333333333,11.551683944789552,11.743333333333332
2023-09-16 11:30:00,1694888701.0,15.166666666666666,10.0,15.666666666666666,30.5,27.33333333333333,29.0,38.16666666666666,35.61324116666666,-119.68961816666666,,9.565494525094914,20.934505474905087,414.5555555555555,10.355069631884149,9.946757811326702,0.42416666666666664,11.031777222725943,11.273333333333333
2023-09-16 12:30:00,1694892301.0,15.0,10.0,15.333333333333334,32.666666666666664,24.33333333333333,30.83333333333333,34.666666666666664,35.613265166666665,-119.68953066666668,,9.665965766870372,23.000700899796293,364.99999999999994,10.96637545096262,10.213815897550386,0.425,11.041123535791662,11.441666666666666
2023-09-16 13:30:00,1694895901.0,15.666666666666666,10.5,16.0,34.0,22.83333333333333,32.666666666666664,32.5,35.613258333333334,-119.68956866666667,,9.831791532689822,24.16820846731018,357.7222222222221,11.471748203224749,10.578596114303046,0.42166666666666663,11.456312594295579,11.915833333333333
2023-09-16 14:30:00,1694899501.0,16.666666666666668,11.333333333333334,17.333333333333332,34.0,22.5,33.5,30.83333333333333,35.613185666666666,-119.68954966666666,,9.612323700837674,24.387676299162326,375.0,11.880909644104078,10.922314038704318,0.41666666666666663,12.137494728010616,12.464166666666667
2023-09-16 15:30:00,1694903101.0,17.0,11.333333333333334,17.333333333333332,33.666666666666664,23.666666666666668,34.166666666666664,30.5,35.61318133333334,-119.68964016666666,,10.089407749057699,23.577258917608965,402.33333333333337,11.584415106375937,10.90125174635293,0.415,12.137141599142808,12.538333333333334
2023-09-16 16:30:00,1694906701.0,16.333333333333332,10.666666666666666,16.833333333333332,31.0,26.83333333333333,33.0,33.0,35.613259,-119.689621,,9.716045462698109,21.28395453730189,438.27777777777766,10.658729570682395,10.35955639853269,0.41833333333333333,11.64935050834136,11.9225
2023-09-16 17:30:00,1694910301.0,13.833333333333334,9.333333333333334,14.833333333333334,29.33333333333333,29.33333333333333,32.166666666666664,34.333333333333336,35.613253500000006,-119.689594,,9.618831027527687,19.71450230580564,405.7777777777777,9.821607975980559,9.32334645646193,0.43083333333333335,10.406118210613588,10.41
2023-09-16 18:30:00,1694913901.0,12.666666666666666,8.5,13.333333333333334,27.666666666666668,29.5,30.33333333333333,35.0,35.61322466666667,-119.68962833333336,,8.267555238977685,19.399111427688982,373.66666666666663,9.417501372109516,8.945930895469457,0.43666666666666665,9.730451402149617,9.789166666666667
2023-09-16 19:30:00,1694917501.0,11.0,7.166666666666667,11.5,25.33333333333333,32.333333333333336,27.83333333333333,37.833333333333336,35.613273166666666,-119.68958383333334,,7.593811370833259,17.73952196250007,355.6666666666667,8.313384973537262,8.131283675674979,0.445,8.6818829281431,8.681666666666667
2023-09-16 20:30:00,1694921101.0,11.666666666666666,7.5,12.166666666666666,23.5,36.5,25.666666666666668,43.0,35.613232333333336,-119.68956766666668,,7.762497483645984,15.737502516354017,425.8333333333333,7.727182474902923,7.894552446797865,0.44166666666666665,8.763775245788382,8.674166666666666
2023-09-16 21:30:00,1694924701.0,12.166666666666666,7.666666666666667,12.666666666666666,22.83333333333333,38.833333333333336,25.0,45.16666666666666,35.61323983333333,-119.68957766666666,,8.081619864945694,14.751713468387635,472.47222222222223,7.394091170804432,7.801038712397132,0.43916666666666665,8.820258841753324,8.735833333333332
2023-09-16 22:30:00,1694928301.0,14.0,9.0,14.333333333333334,22.0,41.333333333333336,24.0,48.833333333333336,35.61324,-119.68961466666669,,8.25499279653876,13.74500720346124,578.6666666666667,7.637234700226621,8.100946662473312,0.43,9.465710558041192,9.476666666666667
2023-09-16 23:30:00,1694931901.0,14.333333333333334,9.166666666666666,15.0,20.666666666666668,44.66666666666666,22.33333333333333,53.5,35.61323216666667,-119.68961566666668,,8.194334686978339,12.47233197968833,640.2222222222221,7.2382848532562365,7.849894699734074,0.42833333333333334,9.420193446973535,9.366666666666667
2023-09-17 00:30:00,1694935501.0,15.5,10.0,16.166666666666668,20.0,48.16666666666666,21.166666666666668,57.66666666666666,35.61323116666667,-119.6895995,,8.70097039031086,11.29902960968914,746.5833333333331,7.193693370908918,7.838096972377871,0.4225,9.615117813216436,9.675833333333333
2023-09-17 01:30:00,1694939101.0,15.833333333333334,10.0,16.5,19.0,50.16666666666666,21.0,59.16666666666666,35.613229,-119.68959816666666,,8.384165283558998,10.615834716441002,794.3055555555554,6.892207842328078,7.728577114492693,0.42083333333333334,9.527795618579706,9.679166666666667
2023-09-17 02:30:00,1694942701.0,15.666666666666666,10.0,16.666666666666668,19.0,51.333333333333336,21.0,60.66666666666666,35.61328583333333,-119.68952433333334,,8.724088025590047,10.275911974409953,804.2222222222223,6.781449256466486,7.553347373047426,0.42166666666666663,9.444545140486905,9.493333333333332
2023-09-17 03:30:00,1694946301.0,15.333333333333334,9.833333333333334,16.0,18.666666666666668,53.0,20.0,63.333333333333336,35.6132425,-119.689622,,8.889168614579884,9.777498052086784,812.6666666666667,6.514665279261706,7.273653942583928,0.42333333333333334,9.060575691156162,9.178333333333335
2023-09-17 04:30:00,1694949901.0,17.0,10.666666666666666,17.833333333333332,18.0,55.833333333333336,19.0,67.16666666666667,35.613231,-119.68960566666664,,9.041979721137496,8.958020278862504,949.1666666666667,6.552831663890389,7.486789716748635,0.415,9.425762283577495,9.804166666666667
2023-09-17 05:30:00,1694953800.7142856,17.0,10.857142857142858,17.857142857142858,18.0,57.0,19.0,67.14285714285714,35.61326171428571,-119.68955428571428,,9.349317866012205,8.650682133987795,969.0,6.562384012003129,7.362949125001329,0.415,9.332436382704058,9.704999999999998
2023-09-17 06:30:00,1694957700.0,18.166666666666668,11.333333333333334,19.166666666666668,17.166666666666668,58.0,18.5,69.0,35.61322666666667,-119.6895855,,8.827652925743749,8.339013740922919,1053.6666666666667,6.638111624787619,7.616524094246496,0.4091666666666666,9.660623708344959,10.226666666666667
2023-09-17 07:30:00,1694961300.0,19.166666666666668,11.666666666666666,20.0,17.5,58.0,18.5,69.0,35.61320633333333,-119.68956633333332,,9.139957048570745,8.360042951429255,1111.6666666666667,6.75329365180976,7.9248589924342525,0.4041666666666666,9.94066361839013,10.746666666666666
2023-09-17 08:30:00,1694964900.0,17.166666666666668,10.5,18.0,19.83333333333333,51.833333333333336,20.5,63.833333333333336,35.613238,-119.689598,,9.637744531423818,10.19558880190951,889.8055555555557,6.872311805399509,7.962775181008786,0.4141666666666666,9.87290033041922,10.230833333333333
2023-09-17 09:30:00,1694968500.0,16.5,10.5,17.166666666666668,22.5,44.5,22.5,58.5,35.61326233333333,-119.689584,,9.802016359964862,12.697983640035138,734.25,7.867230267892188,8.535645158914301,0.4175,10.358815174338242,10.5075
2023-09-17 10:30:00,1694972100.0,16.333333333333332,10.333333333333334,16.833333333333332,24.666666666666668,39.16666666666666,23.666666666666668,53.66666666666666,35.61330283333333,-119.68958916666666,,9.844199734026178,14.82246693264049,639.7222222222221,8.490746832084566,9.050384428632599,0.41833333333333333,10.71154911651402,10.874166666666667
2023-09-17 11:30:00,1694975700.0,16.333333333333332,10.666666666666666,16.833333333333332,27.166666666666668,34.166666666666664,25.666666666666668,48.5,35.61321133333333,-119.6896525,,10.014419280155458,17.15224738651121,558.0555555555554,9.455892266080925,9.581129821835338,0.41833333333333333,11.168843648327766,11.299166666666665
2023-09-17 12:30:00,1694979300.0,16.666666666666668,10.666666666666666,17.166666666666668,29.166666666666668,30.666666666666668,27.33333333333333,43.833333333333336,35.61321433333333,-119.689625,,10.139229363052198,19.02743730361447,511.11111111111114,9.941509197559936,10.055429896473175,0.41666666666666663,11.544826939735165,11.77
2023-09-17 13:30:00,1694982900.0,17.833333333333332,11.166666666666666,18.33333333333333,31.33333333333333,27.33333333333333,29.5,39.5,35.61326583333334,-119.68963366666668,,10.276024681035716,21.057308652297614,487.44444444444434,10.604449241221532,10.76898420649405,0.4108333333333334,12.312140157646716,12.66
2023-09-17 14:30:00,1694986500.0,18.666666666666668,12.166666666666666,19.166666666666668,32.0,26.666666666666668,30.33333333333333,37.833333333333336,35.61323733333333,-119.689617,,10.47297440405037,21.52702559594963,497.7777777777778,11.244127670547757,11.096696007410879,0.4066666666666666,12.863582468547323,13.149999999999999
2023-09-17 15:30:00,1694990100.0,17.166666666666668,11.166666666666666,17.666666666666668,30.83333333333333,28.166666666666668,31.0,37.66666666666666,35.6132665,-119.68960683333334,,10.299184423607686,20.534148909725644,483.5277777777778,10.608729863021196,10.474970042168424,0.4141666666666666,11.987568038492206,12.2425
2023-09-17 16:30:00,1694993700.0,16.5,10.666666666666666,17.333333333333332,28.5,31.33333333333333,30.0,38.0,35.613252,-119.689602,,9.88333281624996,18.61666718375004,516.9999999999999,9.861397518502244,9.933274694348185,0.4175,11.527716906265676,11.626666666666667
2023-09-17 17:30:00,1694997300.0,14.0,9.166666666666666,14.333333333333334,27.666666666666668,31.166666666666668,29.83333333333333,37.16666666666666,35.613205666666666,-119.6896285,,9.080950823274305,18.585715843392364,436.33333333333337,9.336027640794663,9.180128961985552,0.43,10.182786320219938,10.340833333333332
2023-09-17 18:30:00,1695000900.0,11.5,7.5,11.833333333333334,25.83333333333333,33.0,28.0,39.5,35.613238,-119.68960566666664,,8.330730105499601,17.502603227833728,379.5,8.350354034274979,8.214685072341824,0.4425,8.840004007113977,8.885
2023-09-17 19:30:00,1695004500.0,8.666666666666666,5.333333333333333,9.333333333333334,23.0,36.16666666666666,25.0,43.0,35.613235333333336,-119.689616,,7.185479544733518,15.814520455266482,313.44444444444434,6.558642877376899,6.714825927382888,0.45666666666666667,7.3544403722301634,7.1425
2023-09-17 20:30:00,1695008100.0,8.0,5.0,8.0,21.83333333333333,38.5,23.5,45.0,35.613236666666666,-119.6896365,,7.063267716801767,14.77006561653156,308.0,6.111600943206635,6.241369862708739,0.46,6.770882610315287,6.5975
2023-09-17 21:30:00,1695011700.0,7.0,4.666666666666667,7.0,21.0,37.833333333333336,23.0,44.0,35.61324366666667,-119.68961566666668,,6.066669726554635,14.933330273445364,264.83333333333337,5.702375211464913,5.710338574940343,0.465,6.399939322721549,6.134166666666666
2023-09-17 22:30:00,1695015300.0,6.166666666666667,3.8333333333333335,6.166666666666667,20.33333333333333,37.333333333333336,22.166666666666668,43.0,35.6132335,-119.689654,,5.281396231940601,15.051937101392728,230.22222222222226,5.145268880932623,5.2654237976767755,0.4691666666666666,5.987932694152679,5.743333333333333
2023-09-17 23:30:00,1695018900.0,6.166666666666667,4.0,6.5,20.0,38.5,21.83333333333333,44.16666666666666,35.613289333333334,-119.68962483333333,,5.428008016087177,14.571991983912824,237.41666666666669,5.163584384002753,5.215261011088784,0.4691666666666666,6.0564665154083475,5.644166666666667
2023-09-18 00:30:00,1695022500.0,9.333333333333334,6.0,10.0,19.666666666666668,44.16666666666666,21.0,52.5,35.61322016666667,-119.6896375,,7.121832796520163,12.544833870146505,412.2222222222222,6.611350471956078,6.743983025134823,0.45333333333333337,7.266701714380645,6.809166666666668
2023-09-18 01:30:00,1695026100.0,11.833333333333334,7.5,12.333333333333334,19.0,48.5,20.0,57.833333333333336,35.61322066666667,-119.689636,,7.886253123952768,11.113746876047232,573.9166666666667,5.944227332453901,6.672152652809249,0.44083333333333335,7.970639741019959,7.740833333333334
2023-09-18 02:30:00,1695029700.0,12.666666666666666,8.0,13.5,18.0,50.5,19.166666666666668,60.5,35.613240999999995,-119.68962483333333,,7.5604941230424805,10.439505876957519,639.6666666666666,5.899018046173047,6.716800244017948,0.43666666666666665,8.241382392247289,8.004166666666666
2023-09-18 03:30:00,1695033300.0,11.0,7.0,11.333333333333334,18.0,51.0,19.0,60.5,35.613276166666665,-119.68961733333332,,7.705105487957747,10.294894512042253,561.0,5.375808703418241,6.149834207718081,0.445,7.389385037241686,7.095000000000001
2023-09-18 04:30:00,1695036900.0,11.5,7.333333333333333,11.666666666666666,17.166666666666668,52.833333333333336,18.166666666666668,63.16666666666666,35.613229,-119.68961083333332,,7.4526540962439425,9.714012570422724,607.5833333333334,5.291011679289015,6.109395012637622,0.4425,7.407249674466485,7.199166666666667
2023-09-18 05:30:00,1695040500.0,12.666666666666666,8.0,13.0,17.166666666666668,54.0,18.5,63.333333333333336,35.61321066666667,-119.68958016666666,,7.773194835988762,9.393471830677907,684.0,5.453461120951889,6.34527846877603,0.43666666666666665,7.801537777940273,7.706666666666666
2023-09-18 06:30:00,1695044100.0,13.5,8.333333333333334,14.333333333333334,18.0,51.333333333333336,19.0,60.16666666666666,35.613217,-119.68957366666666,,7.800819223290896,10.199180776709104,693.0,5.9083624142209,6.885288426973955,0.4325,8.474635666163612,8.366666666666667
2023-09-18 07:30:00,1695047700.0,12.0,7.5,12.833333333333334,18.0,51.5,19.0,61.5,35.61323616666667,-119.68961616666668,,7.848470493456957,10.151529506543042,618.0,5.518077783695096,6.405094566585564,0.44,7.866075587756305,7.5725
2023-09-18 08:30:00,1695051300.0,11.833333333333334,7.166666666666667,11.833333333333334,18.666666666666668,51.5,19.166666666666668,62.833333333333336,35.613233666666666,-119.68962083333334,,8.464247814814277,10.202418851852391,609.4166666666667,5.3168971518453425,6.353705416887605,0.44083333333333335,7.531505137063363,7.485833333333334
2023-09-18 09:30:00,1695054900.0,10.5,6.5,10.833333333333334,19.83333333333333,47.5,20.5,58.66666666666666,35.613266833333334,-119.6895905,,8.34240460242888,11.490928730904448,498.75,5.5946679023960035,6.367188533866122,0.4475,7.402978759159809,7.132499999999999
2023-09-18 10:30:00,1695058500.0,9.333333333333334,6.0,9.666666666666666,23.666666666666668,38.66666666666666,22.5,51.66666666666666,35.613231166666665,-119.68961966666666,,8.761225763272265,14.905440903394403,360.8888888888888,6.8903224054777645,6.980464733335356,0.45333333333333337,7.470846926990944,7.276666666666667
2023-09-18 11:30:00,1695062100.0,8.333333333333334,5.666666666666667,8.833333333333334,27.666666666666668,30.5,24.83333333333333,45.0,35.61319616666667,-119.689645,,8.76030947234775,18.906357194318918,254.16666666666669,6.784626007573111,6.771908502204052,0.45833333333333337,7.420162304687126,7.450833333333334
2023-09-18 12:30:00,1695065700.0,8.666666666666666,5.833333333333333,8.833333333333334,29.5,27.33333333333333,26.166666666666668,42.0,35.613257,-119.68963366666668,,8.712421124349774,20.787578875650226,236.88888888888883,7.0764534297177715,7.094629882977685,0.45666666666666667,7.573804603858687,7.8933333333333335
2023-09-18 13:30:00,1695069300.0,9.166666666666666,6.166666666666667,9.666666666666666,30.0,26.5,27.33333333333333,40.333333333333336,35.613294,-119.68955483333332,,8.679916865397164,21.320083134602836,242.91666666666666,7.414824734925009,7.410308313449875,0.45416666666666666,7.942433099369389,8.224166666666667
2023-09-18 14:30:00,1695072900.0,10.166666666666666,6.833333333333333,10.666666666666666,30.0,26.166666666666668,28.0,39.5,35.61328833333334,-119.68959816666668,,8.492702029927372,21.507297970072628,266.02777777777777,9.43985524803519,8.528923912135227,0.44916666666666666,8.484922816424243,8.772499999999999
2023-09-18 15:30:00,1695076500.0,11.666666666666666,7.666666666666667,12.166666666666666,29.83333333333333,26.83333333333333,28.83333333333333,37.833333333333336,35.613310500000004,-119.6895725,,8.723188097874745,21.11014523545858,313.0555555555555,9.562972089341296,8.92066020698983,0.44166666666666665,9.227769679227103,9.495833333333334
2023-09-18 16:30:00,1695080100.0,12.833333333333334,8.333333333333334,13.5,27.33333333333333,30.83333333333333,28.0,40.16666666666666,35.613277333333336,-119.68957783333332,,8.632589625032507,18.70074370830082,395.6944444444444,9.040095132979747,8.855787940313354,0.43583333333333335,9.695311249928167,9.7625
2023-09-18 17:30:00,1695083700.0,12.833333333333334,8.166666666666666,13.166666666666666,26.33333333333333,33.0,28.0,40.333333333333336,35.613204833333334,-119.68958416666668,,8.767717999256707,17.56561533407662,423.5,8.558523063003339,8.625798269925498,0.43583333333333335,9.459217827096552,9.578333333333333
2023-09-18 18:30:00,1695087300.0,13.5,8.666666666666666,13.833333333333334,25.0,36.0,26.83333333333333,43.0,35.613222666666665,-119.68960433333332,,8.885553227187163,16.114446772812837,486.0,8.29839136038132,8.512907632795692,0.4325,9.60920484297299,9.67
2023-09-18 19:30:00,1695090900.0,13.333333333333334,8.666666666666666,14.166666666666666,23.33333333333333,39.66666666666666,25.33333333333333,47.5,35.61330366666667,-119.68958916666666,,8.84190976993745,14.491423563395879,528.8888888888888,7.775105842932285,8.072305194749058,0.43333333333333335,9.42383514672968,9.271666666666668
2023-09-18 20:30:00,1695094500.0,12.5,8.0,12.833333333333334,22.0,42.16666666666666,24.0,49.0,35.613256166666666,-119.68964266666666,,8.54977634113087,13.45022365886913,527.0833333333333,7.084595608855841,7.54998674965789,0.4375,8.707778898544504,8.625833333333334
2023-09-18 21:30:00,1695098100.0,9.666666666666666,6.166666666666667,10.166666666666666,21.33333333333333,43.0,23.166666666666668,50.5,35.613277000000004,-119.68965,,8.237264725554946,13.096068607778383,415.66666666666663,6.829401024963316,6.980711057471897,0.45166666666666666,7.418871146490886,7.081666666666666
2023-09-18 22:30:00,1695101700.0,11.0,7.166666666666667,11.666666666666666,20.666666666666668,44.0,22.33333333333333,51.0,35.6132515,-119.68965,,7.972815425456653,12.693851241210016,484.0,6.478514576407215,6.892877758201918,0.445,8.02190866278967,7.69
2023-09-18 23:30:00,1695105300.0,8.833333333333334,5.833333333333333,9.333333333333334,20.0,45.333333333333336,21.33333333333333,53.16666666666666,35.61322466666667,-119.68957916666666,,7.8067156588300355,12.193284341169964,400.4444444444445,6.332846641974587,6.413972369923207,0.45583333333333337,6.94561726638345,6.449999999999999
2023-09-19 00:30:00,1695108900.0,8.0,5.0,8.333333333333334,20.0,46.0,21.0,53.333333333333336,35.61324366666667,-119.68961066666668,,8.021476895756312,11.978523104243688,368.0,5.742237726777599,5.918894806071647,0.46,6.443115980974207,5.96
2023-09-19 01:30:00,1695112500.0,8.5,5.666666666666667,8.833333333333334,19.5,46.333333333333336,21.0,54.16666666666666,35.6132915,-119.6896185,,7.67189276150755,11.82810723849245,393.83333333333337,6.1214683660481235,6.184410449955845,0.4575,6.704730579520037,6.191666666666666
2023-09-19 02:30:00,1695116100.0,11.0,6.833333333333333,11.5,18.83333333333333,49.5,19.83333333333333,58.833333333333336,35.613212,-119.6896195,,8.033575159892955,10.799758173440374,544.5,5.4679765962094224,6.309057825678903,0.445,7.5167918092225925,7.2225
2023-09-19 03:30:00,1695119700.0,13.833333333333334,8.833333333333334,14.5,18.0,51.833333333333336,19.0,62.16666666666666,35.61323116666667,-119.68957916666666,,7.943366017429022,10.056633982570979,717.0277777777778,6.151460688372435,6.934992187049599,0.43083333333333335,8.568840629113453,8.4975
2023-09-19 04:30:00,1695123300.0,12.5,7.833333333333333,13.166666666666666,17.333333333333332,53.16666666666666,18.33333333333333,63.16666666666666,35.613222,-119.68961083333332,,7.699438501351242,9.63389483198209,664.5833333333333,5.4638223775672765,6.382346884611863,0.4375,7.886823162556894,7.690833333333334
2023-09-19 05:30:00,1695126900.0,10.333333333333334,6.666666666666667,10.833333333333334,16.333333333333332,54.333333333333336,17.0,65.33333333333333,35.613217,-119.6896325,,7.088737125851831,9.2445962074815,561.4444444444445,4.779016186692253,5.590447346791084,0.44833333333333336,6.925472258559446,6.465
2023-09-19 06:30:00,1695130500.0,9.833333333333334,6.0,9.833333333333334,16.666666666666668,54.0,17.833333333333332,63.0,35.613251,-119.689589,,7.308600369166848,9.35806629749982,531.0,6.157664242172493,6.601030263945371,0.45083333333333336,6.558776724821735,6.233333333333333
2023-09-19 07:30:00,1695134100.0,9.833333333333334,6.0,10.333333333333334,17.666666666666668,51.66666666666666,18.83333333333333,60.5,35.61327416666666,-119.68960683333334,,7.587934771911002,10.078731894755666,508.0555555555555,6.303106458107618,6.701355837121356,0.45083333333333336,6.861896784432155,6.4316666666666675
2023-09-19 08:30:00,1695137700.0,8.0,5.0,8.666666666666666,19.0,48.16666666666666,20.0,57.16666666666666,35.61321383333333,-119.68959316666668,,7.784861811311488,11.215138188688513,385.33333333333326,5.632172982651891,5.825735345265377,0.46,6.404559992276632,5.775833333333334
2023-09-19 09:30:00,1695141300.0,7.833333333333333,5.0,8.0,21.0,42.333333333333336,21.666666666666668,50.66666666666666,35.61318083333333,-119.68963633333334,,7.706417082248846,13.293582917751154,331.61111111111114,5.876145753899969,5.9832666553307945,0.4608333333333334,6.552676965634059,6.185
2023-09-19 10:30:00,1695144900.0,8.0,5.0,8.166666666666666,23.83333333333333,36.333333333333336,23.666666666666668,46.16666666666666,35.613220166666665,-119.68960833333334,,7.990233998532638,15.84309933480069,290.6666666666667,6.197505311546564,6.334529323515009,0.46,6.895229112509967,6.781666666666666
2023-09-19 11:30:00,1695148500.0,7.833333333333333,5.0,8.0,28.666666666666668,28.5,26.166666666666668,41.16666666666666,35.61318966666666,-119.6895765,,8.617972708462002,20.048693958204666,223.25,6.4218485403868595,6.578053982016986,0.4608333333333334,7.069383756387302,7.360833333333333
2023-09-19 12:30:00,1695152100.0,8.0,5.333333333333333,8.666666666666666,30.5,25.166666666666668,27.5,38.16666666666666,35.6132565,-119.68959166666669,,8.340503122652354,22.159496877347646,201.33333333333334,6.704319746777548,6.81465885228579,0.46,7.381243606909474,7.730833333333333
2023-09-19 13:30:00,1695155700.0,10.833333333333334,7.166666666666667,11.333333333333334,31.33333333333333,24.166666666666668,28.83333333333333,36.0,35.6132175,-119.68956866666667,,8.443733091569289,22.88960024176404,261.8055555555556,9.934079686315627,8.946778668208161,0.44583333333333336,8.862352116722317,9.289166666666667
2023-09-19 14:30:00,1695159300.0,13.333333333333334,8.666666666666666,13.833333333333334,31.83333333333333,23.83333333333333,29.666666666666668,34.5,35.613231,-119.689566,,8.658044524428957,23.17528880890437,317.7777777777777,10.48283714735782,9.752998939891068,0.43333333333333335,10.18866287449891,10.6175
2023-09-19 15:30:00,1695162900.0,13.5,8.833333333333334,14.0,30.83333333333333,24.666666666666668,29.83333333333333,34.166666666666664,35.61322766666667,-119.68957283333332,,8.325474759256243,22.507858574077083,333.0,10.380367061825925,9.715930524055237,0.4325,10.274405401210496,10.633333333333333
2023-09-19 16:30:00,1695166500.0,14.666666666666666,9.333333333333334,15.0,28.166666666666668,28.166666666666668,29.0,35.166666666666664,35.613243,-119.689594,,8.01562922351128,20.15103744315539,413.1111111111111,9.798395392075976,9.704132796699033,0.42666666666666664,10.666259537470903,10.942499999999999
2023-09-19 17:30:00,1695170100.0,15.833333333333334,10.166666666666666,16.666666666666668,26.83333333333333,30.0,29.0,35.833333333333336,35.613208,-119.689584,,7.795958372344509,19.03737496098882,475.0,9.809522524264551,9.869250200410411,0.42083333333333334,11.313282357022679,11.393333333333334
2023-09-19 18:30:00,1695173700.0,15.5,10.166666666666666,16.5,25.666666666666668,32.5,27.83333333333333,38.5,35.61319916666667,-119.68964266666669,,7.960162258444542,17.706504408222127,503.75,9.478375786463609,9.501099204413123,0.4225,11.058268046818682,11.0075
2023-09-19 19:30:00,1695177300.0,17.166666666666668,10.833333333333334,17.666666666666668,24.0,35.833333333333336,26.166666666666668,42.16666666666666,35.61325,-119.68961083333332,,7.933652892121481,16.06634710787852,615.138888888889,9.110106186039552,9.661160439257555,0.4141666666666666,11.420685900222683,11.590833333333332
2023-09-19 20:30:00,1695180960.0,26.4,16.4,27.8,22.4,39.6,24.6,46.2,35.6132142,-119.6896362,,7.9824170244676305,14.417582975532369,1045.44,10.817346403910788,12.10829113631177,0.368,15.559744540577725,16.072
2023-09-19 21:30:00,1695184500.0,22.0,14.166666666666666,22.5,21.33333333333333,40.833333333333336,23.83333333333333,47.5,35.61324233333333,-119.68965016666668,,7.477038455397277,13.856294877936051,898.3333333333334,9.895809538679194,10.620700387295635,0.39,13.243542909174444,13.679166666666667
2023-09-19 22:30:00,1695188100.0,13.0,8.166666666666666,13.833333333333334,21.0,41.66666666666666,23.33333333333333,48.0,35.613231666666664,-119.68961966666666,,7.473508726371426,13.526491273628574,541.6666666666665,7.1642090761088655,7.757228738072043,0.435,9.095622661104578,8.928333333333335
2023-09-19 23:30:00,1695191700.0,15.666666666666666,9.833333333333334,16.0,21.0,42.16666666666666,23.0,49.16666666666666,35.613227333333334,-119.6896855,,7.6484952546198235,13.351504745380176,660.611111111111,7.803547525738677,8.526380593919118,0.42166666666666663,10.123788789345415,10.2725
2023-09-20 00:30:00,1695195300.0,17.833333333333332,10.666666666666666,18.33333333333333,21.0,43.5,22.83333333333333,50.833333333333336,35.613230333333334,-119.689589,,8.106324428123385,12.893675571876615,775.75,7.853266479345969,9.052907435138524,0.4108333333333334,10.914134995074125,11.285833333333333
2023-09-20 01:30:00,1695198900.0,20.0,12.0,21.0,20.166666666666668,44.833333333333336,22.0,52.66666666666666,35.613242,-119.68960583333336,,7.795183489223818,12.371483177442851,896.6666666666667,8.261814725676622,9.579434276357931,0.4,11.860851199451051,12.299166666666666
2023-09-20 02:30:00,1695202500.0,23.666666666666668,13.833333333333334,24.83333333333333,19.5,48.0,21.166666666666668,57.16666666666666,35.61318283333333,-119.689612,,8.191839202508632,11.308160797491368,1136.0,8.631807290425016,10.373856820684633,0.38166666666666665,13.01009495692616,13.936666666666667
2023-09-20 03:30:00,1695206100.0,24.83333333333333,14.5,26.166666666666668,19.0,49.16666666666666,20.83333333333333,58.5,35.613231666666664,-119.6896235,,8.08720365352624,10.91279634647376,1220.9722222222217,8.808283570133552,10.609740276823043,0.37583333333333335,13.375914233021401,14.444166666666664
2023-09-20 04:30:00,1695209700.0,27.83333333333333,16.333333333333332,29.5,20.0,48.333333333333336,21.0,57.0,35.6132405,-119.689603,,8.752114692117177,11.247885307882823,1345.2777777777776,9.723544976925695,11.623202536920099,0.36083333333333334,14.829700707834997,16.075
2023-09-20 05:30:00,1695213300.0,26.33333333333333,15.0,28.0,20.0,48.0,21.0,56.833333333333336,35.61324333333334,-119.68959433333332,,8.649669685782749,11.350330314217251,1263.9999999999998,9.045314280316955,11.196083215851981,0.36833333333333335,14.179197718978116,15.32333333333333
2023-09-20 06:30:00,1695216900.0,24.0,13.833333333333334,25.5,20.0,47.0,22.0,55.333333333333336,35.613234,-119.68960683333334,,8.338522691286174,11.661477308713826,1128.0,8.680399996426491,10.5827841987211,0.38,13.335869604144031,14.195
2023-09-20 07:30:00,1695220500.0,23.5,13.666666666666666,24.83333333333333,20.33333333333333,46.0,22.0,54.833333333333336,35.61326233333333,-119.68958933333332,,8.325133594124228,12.0081997392091,1081.0,8.74352249250098,10.534765828267771,0.3825,13.233850219602388,14.02
2023-09-20 08:30:00,1695224100.0,21.33333333333333,12.333333333333334,22.5,22.83333333333333,41.16666666666666,23.83333333333333,49.66666666666666,35.613254500000004,-119.68960566666664,,8.94409547552446,13.889237857808869,878.2222222222218,8.71617505788645,10.379760762290282,0.39333333333333337,12.810166877514149,13.304166666666667
2023-09-20 09:30:00,1695227700.0,22.0,13.166666666666666,23.166666666666668,27.33333333333333,32.666666666666664,26.666666666666668,43.0,35.61324066666666,-119.689607,,9.490054634269326,17.843278699064,718.6666666666666,10.26836368908476,11.487584529526778,0.39,14.089288712855403,14.373333333333335
2023-09-20 10:30:00,1695231300.0,22.666666666666668,13.0,23.33333333333333,30.0,28.0,27.83333333333333,40.333333333333336,35.61318983333333,-119.68959816666666,,9.497490461462057,20.502509538537943,634.6666666666667,10.68901703858851,12.18850349530784,0.38666666666666666,14.625289137514354,15.116666666666667
2023-09-20 11:30:00,1695234900.0,21.166666666666668,12.833333333333334,21.83333333333333,32.0,24.83333333333333,29.166666666666668,37.16666666666666,35.613232833333335,-119.6896005,,9.40817396186767,22.591826038132332,525.6388888888888,11.428562280261673,12.062139897054609,0.39416666666666667,14.216098944020862,14.605833333333337
2023-09-20 12:30:00,1695238500.0,21.0,12.833333333333334,21.83333333333333,33.666666666666664,23.5,30.83333333333333,35.0,35.61333333333334,-119.68962233333332,,9.983678031942071,23.682988634724595,493.5,11.728037994136807,12.152282852210712,0.395,14.254976491581408,14.6325
2023-09-20 13:30:00,1695242100.0,21.5,13.166666666666666,21.666666666666668,32.833333333333336,24.0,31.33333333333333,34.333333333333336,35.6132735,-119.689575,,9.600170187949287,23.233163145384047,516.0,11.740458725497215,12.253375761984316,0.3925,14.331372498655856,14.850000000000001
2023-09-20 14:30:00,1695245700.0,18.5,11.666666666666666,19.0,32.833333333333336,23.0,32.333333333333336,31.33333333333333,35.6132895,-119.68963616666667,,8.967231201703457,23.86610213162988,425.5,11.555576758468726,11.434520146061596,0.4075,12.945129873328819,13.375
2023-09-20 15:30:00,1695249300.0,17.166666666666668,10.5,17.666666666666668,32.833333333333336,22.166666666666668,32.5,29.666666666666668,35.61324883333334,-119.6896425,,8.420954150131282,24.412379183202056,380.5277777777778,11.198926423409194,11.111864514011712,0.4141666666666666,12.215582630509129,12.752500000000001
2023-09-20 16:30:00,1695252900.0,19.5,12.166666666666666,20.5,29.83333333333333,24.5,31.5,29.83333333333333,35.613200666666664,-119.68965916666669,,7.38343740349986,22.449895929833467,477.75,11.33496239245059,11.58363142628853,0.4025,13.559668744263163,13.767500000000002
2023-09-20 17:30:00,1695256500.0,21.5,13.166666666666666,22.5,27.83333333333333,26.0,30.166666666666668,30.83333333333333,35.6132305,-119.68964133333331,,6.5596633637357336,21.273669969597595,559.0,11.292911118710261,12.04107760470322,0.3925,14.496476740054597,14.68
2023-09-20 18:30:00,1695260100.0,23.666666666666668,13.833333333333334,24.83333333333333,25.83333333333333,30.5,27.83333333333333,36.0,35.613219,-119.68961983333332,,7.173295820468315,18.660037512865014,721.8333333333334,10.62452969752865,12.231465696894226,0.38166666666666665,15.12485252897006,15.424166666666668
2023-09-20 19:30:00,1695263700.0,38.0,22.33333333333333,40.16666666666666,23.666666666666668,36.0,25.5,43.5,35.613227,-119.68959033333334,,7.707322462775779,15.95934420389089,1368.0,13.117867311817273,16.067112638395713,0.31,21.56880862848615,22.410000000000004
2023-09-20 20:30:00,1695267300.0,45.16666666666666,26.0,47.66666666666666,22.0,40.16666666666666,23.33333333333333,49.0,35.61322916666666,-119.6896095,,7.833357137059314,14.166642862940687,1814.1944444444437,14.111639434921933,17.83455824773901,0.2741666666666667,24.038142575556506,25.782499999999995
2023-09-20 21:30:00,1695270900.0,44.16666666666666,25.83333333333333,46.833333333333336,20.5,44.0,21.83333333333333,52.5,35.613257833333336,-119.68964266666669,,7.821798770268729,12.678201229731272,1943.333333333333,14.016611292488218,17.11931854809582,0.27916666666666673,22.85557585411716,24.93666666666666
2023-09-20 22:30:00,1695274500.0,39.333333333333336,22.666666666666668,41.66666666666666,19.5,47.16666666666666,20.666666666666668,57.0,35.613360166666666,-119.68954066666667,,7.93389349167116,11.56610650832884,1855.222222222222,12.444119031164398,15.292894457826602,0.30333333333333334,19.961828509901366,22.154166666666672
2023-09-20 23:30:00,1695278100.0,39.833333333333336,22.83333333333333,42.5,18.166666666666668,51.333333333333336,19.166666666666668,62.66666666666666,35.613288833333336,-119.68956133333334,,7.954716537945912,10.211950128720755,2044.777777777778,12.299299785863179,15.00477407925153,0.30083333333333334,19.36392409474285,22.060000000000002
2023-09-21 00:30:00,1695281700.0,40.16666666666666,22.5,43.5,17.666666666666668,54.5,18.5,65.66666666666667,35.61324183333333,-119.68960066666666,,8.37373342185626,9.292933244810408,2189.083333333333,11.901067295449222,14.771413629619042,0.2991666666666667,18.897178933727055,21.964166666666664
2023-09-21 01:30:00,1695285300.0,36.16666666666666,20.666666666666668,38.16666666666666,17.0,56.833333333333336,18.0,68.33333333333333,35.613232333333336,-119.68961316666666,,8.371118270918867,8.628881729081133,2055.4722222222217,11.036491124824016,13.290392853373405,0.3191666666666667,16.62214355267478,19.685833333333328
2023-09-21 02:30:00,1695288900.0,31.83333333333333,18.33333333333333,33.666666666666664,16.5,58.333333333333336,17.666666666666668,69.83333333333333,35.6132475,-119.68961466666669,,8.287493646231736,8.212506353768264,1856.9444444444443,9.853204228196642,11.795051343265643,0.3408333333333334,14.71509285995976,17.304999999999996
2023-09-21 03:30:00,1695292500.0,31.166666666666668,18.33333333333333,33.0,16.666666666666668,58.16666666666666,17.833333333333332,68.83333333333333,35.613219666666666,-119.689603,,8.401517672065955,8.265148994600713,1812.8611111111109,9.946396983634518,11.607186257580567,0.3441666666666666,14.564570259508839,16.9725
2023-09-21 04:30:00,1695296100.0,29.666666666666668,17.5,31.33333333333333,16.0,58.833333333333336,17.0,69.5,35.6132635,-119.68964616666666,,7.944120784302219,8.055879215697782,1745.3888888888891,9.494100023578387,11.073917857871901,0.3516666666666666,13.864328149610307,16.135833333333334
2023-09-21 05:30:00,1695299700.0,32.333333333333336,19.166666666666668,34.166666666666664,16.0,59.0,17.166666666666668,69.83333333333333,35.61327266666667,-119.68959283333334,,7.985752623289031,8.01424737671097,1907.6666666666667,10.336488439202745,11.878452739932492,0.33833333333333326,14.872483028232864,17.508333333333336
2023-09-21 06:30:00,1695303300.0,36.833333333333336,22.0,39.0,16.0,58.333333333333336,17.333333333333332,69.33333333333333,35.61322466666667,-119.68963116666669,,7.818597559027238,8.18140244097276,2148.6111111111113,11.817078830066656,13.336725834204424,0.3158333333333333,16.77803668043454,19.905
2023-09-21 07:30:00,1695306900.0,46.5,27.666666666666668,49.0,16.666666666666668,56.333333333333336,17.5,67.33333333333333,35.6131995,-119.689635,,7.92944280751675,8.737223859149918,2619.5,14.651181024517298,16.52959467396716,0.2675,20.92748327769405,25.101666666666667
2023-09-21 08:30:00,1695310500.0,54.66666666666666,32.166666666666664,57.5,19.0,49.0,19.5,60.0,35.61319483333333,-119.68961966666666,,8.037192573215211,10.962807426784789,2678.666666666666,16.706952657553273,19.826089585864516,0.2266666666666667,26.12092679268971,29.971666666666664
2023-09-21 09:30:00,1695314100.0,44.66666666666666,26.83333333333333,46.5,21.33333333333333,42.333333333333336,21.166666666666668,53.66666666666666,35.61317433333333,-119.6896475,,8.007021342439666,13.326311990893663,1890.8888888888887,14.702604406092547,17.45040112825728,0.2766666666666667,23.345540204163456,25.33833333333333
2023-09-21 10:30:00,1695317700.0,37.16666666666666,22.5,38.5,23.83333333333333,36.0,23.0,48.0,35.61322983333333,-119.68964,,7.854639834665247,15.978693498668083,1337.9999999999995,13.400988842054788,15.810166889905913,0.3141666666666667,21.06455658487801,21.976666666666663
2023-09-21 11:30:00,1695321300.0,38.16666666666666,22.666666666666668,40.0,27.83333333333333,28.166666666666668,25.83333333333333,39.66666666666666,35.6132755,-119.68960433333332,,7.729950334252083,20.103382999081244,1075.0277777777776,14.00001143067739,16.950002904111294,0.3091666666666667,22.945341182112372,23.162499999999998
2023-09-21 12:30:00,1695324900.0,35.5,21.5,37.333333333333336,29.33333333333333,25.666666666666668,26.5,38.833333333333336,35.61323933333333,-119.68958533333334,,7.643259917008925,21.690073416324402,911.1666666666667,14.053205874338694,16.39314920554532,0.3225,22.016125054477428,21.988333333333333
2023-09-21 13:30:00,1695328500.0,33.5,20.0,34.833333333333336,30.33333333333333,24.33333333333333,27.5,36.0,35.6131845,-119.689612,,7.704219985949616,22.62911334738371,815.1666666666665,13.63295006697615,15.91801151402387,0.3325,20.95315122603256,21.061666666666667
2023-09-21 14:30:00,1695332100.0,31.0,18.83333333333333,32.333333333333336,30.166666666666668,23.33333333333333,27.33333333333333,36.0,35.61323216666667,-119.68963983333332,,6.949887507446946,23.216779159219723,723.3333333333331,13.51421036470092,15.25332334719503,0.345,19.81827058377241,19.846666666666668
2023-09-21 15:30:00,1695335700.0,26.166666666666668,16.0,27.0,29.0,22.33333333333333,28.166666666666668,30.5,35.61325333333333,-119.68961966666666,,5.339836997630292,23.660163002369707,584.3888888888888,12.770074859823541,13.869187084594758,0.36916666666666664,17.24890488119337,17.418333333333333
2023-09-21 16:30:00,1695339300.0,42.833333333333336,26.166666666666668,44.5,26.666666666666668,26.166666666666668,27.5,32.5,35.61332266666667,-119.6895815,,5.660955014351529,21.00571165231514,1120.8055555555557,15.550610381741025,18.601197252935258,0.28583333333333333,25.81555502375955,25.759166666666673
2023-09-21 17:30:00,1695342900.0,55.833333333333336,33.833333333333336,58.0,24.666666666666668,29.166666666666668,26.5,35.333333333333336,35.613177666666665,-119.6896005,,5.515843367870461,19.150823298796208,1628.4722222222224,17.862424074082213,22.29110369345444,0.22083333333333333,31.96665064863307,32.26416666666667
2023-09-21 18:30:00,1695346500.0,59.833333333333336,36.16666666666666,62.5,23.0,32.333333333333336,24.5,39.16666666666666,35.613232333333336,-119.68958783333332,,5.5574951863095245,17.442504813690476,1934.6111111111113,18.57880827017152,23.18830453717706,0.2008333333333333,33.25575203283091,34.075
2023-09-21 19:30:00,1695350100.0,64.16666666666667,38.66666666666666,67.0,20.83333333333333,36.833333333333336,22.166666666666668,45.0,35.61322966666666,-119.68959533333332,,5.531090408264269,15.30224292506906,2363.4722222222226,19.476382962795704,24.04675157544154,0.17916666666666664,34.062560279941145,35.94583333333333
2023-09-21 20:30:00,1695353700.0,63.0,38.16666666666666,66.16666666666667,19.5,41.0,20.666666666666668,49.333333333333336,35.613238,-119.68959416666668,,5.889137888810213,13.610862111189787,2583.0,19.417053704163955,23.24473969988687,0.185,32.364178111695274,34.985
2023-09-21 21:30:00,1695357300.0,63.0,38.16666666666666,65.83333333333333,19.0,43.333333333333336,20.0,51.5,35.61327616666667,-119.68958133333332,,6.240425188252023,12.759574811747978,2730.0,19.47306993079534,22.997058516392258,0.185,31.550005524665977,34.78666666666666
2023-09-21 22:30:00,1695360900.0,61.66666666666666,37.5,64.66666666666667,18.666666666666668,42.833333333333336,19.83333333333333,50.66666666666666,35.61321916666667,-119.689626,,5.770797321573526,12.895869345093143,2641.3888888888887,19.213429128282318,22.639019858128854,0.1916666666666667,31.18858950075483,34.13583333333333
2023-09-21 23:30:00,1695364500.0,64.66666666666667,39.5,67.66666666666667,17.666666666666668,46.66666666666666,18.5,56.833333333333336,35.6132055,-119.6896045,,6.103352857393941,11.563313809272728,3017.7777777777774,20.228337584255133,23.157119751236692,0.17666666666666664,31.319426131035677,35.370000000000005
2023-09-22 00:30:00,1695368100.0,66.16666666666667,40.16666666666666,69.33333333333333,17.0,49.333333333333336,17.666666666666668,59.833333333333336,35.61322416666667,-119.68961466666669,,6.298819464842579,10.701180535157421,3264.2222222222226,20.569210678682403,23.336557888810198,0.16916666666666663,31.075818671720747,35.92333333333334
2023-09-22 01:30:00,1695371700.0,65.5,39.833333333333336,68.5,16.0,50.833333333333336,17.0,61.5,35.61319666666667,-119.68967433333334,,5.811783532737541,10.188216467262459,3329.5833333333335,20.490050734978496,22.97177767205754,0.1725,30.278634403069795,35.44916666666667
2023-09-22 02:30:00,1695375120.0,64.6,39.6,67.6,16.0,52.0,16.8,62.4,35.6132988,-119.6894898,,6.140460035859383,9.859539964140616,3359.2,20.50962226214309,22.57043567194125,0.17700000000000002,29.579532385124587,34.882
2023-09-22 03:30:00,1695378900.0,63.0,38.0,66.16666666666667,15.333333333333334,52.333333333333336,15.666666666666666,64.0,35.613276166666665,-119.68959566666666,,5.615753239310963,9.71758009402237,3297.0,19.616231179052313,22.041716808627328,0.185,28.77234021004662,34.02166666666666
2023-09-22 04:30:00,1695382800.0,59.0,35.0,62.0,15.0,52.8,15.0,64.2,35.6132514,-119.68963,,5.434965466711265,9.565034533288735,3115.2,18.079964843545298,20.758840979177382,0.205,26.890290758055045,31.902
2023-09-22 05:30:00,1695386160.0,61.6,36.8,64.8,14.0,54.6,14.4,66.6,35.6132798,-119.6895888,,4.988359197036803,9.011640802963196,3363.36,19.036386732041827,21.369443372912556,0.192,27.452068459803954,33.101000000000006
2023-09-22 06:30:00,1695389520.0,65.2,38.0,69.0,14.0,56.0,14.6,67.2,35.613244,-119.6896226,,5.352709893289293,8.647290106710706,3651.2000000000003,19.467907310708156,22.330840296291715,0.174,28.37302494062552,34.854
2023-09-22 07:30:00,1695393300.0,58.833333333333336,35.0,62.5,14.833333333333334,52.5,15.166666666666666,62.5,35.61322833333333,-119.68960566666668,,5.198372186542368,9.634961146790966,3088.75,18.092917731945356,20.739296553071586,0.2058333333333333,27.110653735798834,31.840833333333336
2023-09-22 08:30:00,1695397200.0,84.2,48.4,88.8,19.0,45.2,19.2,56.0,35.6132164,-119.6895996,,6.8541169608843555,12.145883039115645,3805.84,23.23774677392565,29.335613411176997,0.07899999999999999,40.15950271420109,45.65200000000001
2023-09-22 09:30:00,1695400560.0,59.4,35.4,62.0,23.6,35.0,22.0,47.0,35.6132308,-119.6896164,,7.235531523234028,16.364468476765975,2079.0,18.142287845085804,22.771628538254237,0.203,32.16856632481737,33.623
2023-09-22 10:30:00,1695404100.0,49.833333333333336,30.166666666666668,52.0,27.166666666666668,28.666666666666668,24.5,40.833333333333336,35.61325516666667,-119.68960433333332,,7.415994074207407,19.75067259245926,1428.5555555555557,16.669369414787916,20.49416884364818,0.2508333333333333,28.980230560357654,29.186666666666667
2023-09-22 11:30:00,1695407700.0,49.333333333333336,30.0,51.333333333333336,29.666666666666668,24.5,26.33333333333333,36.833333333333336,35.613216333333334,-119.6896235,,7.243052264765569,22.423614401901098,1208.6666666666667,16.958103781032143,20.78228922222325,0.2533333333333333,29.566033405364124,29.280833333333337
2023-09-22 12:30:00,1695411300.0,46.833333333333336,28.5,48.66666666666666,30.83333333333333,22.83333333333333,27.666666666666668,34.5,35.61320516666667,-119.68963233333334,,7.190750473256353,23.642582860076978,1069.3611111111109,16.642324811013268,20.188367107821442,0.2658333333333333,28.505114217229988,28.122500000000002
2023-09-22 13:30:00,1695414900.0,42.16666666666666,25.666666666666668,43.833333333333336,32.0,21.166666666666668,28.666666666666668,31.666666666666668,35.613278666666666,-119.68955733333333,,7.052104666443768,24.947895333556232,892.5277777777776,15.957323740642947,18.926386047346156,0.28916666666666674,26.209730530245217,25.837499999999995
2023-09-22 14:30:00,1695418500.0,42.0,25.666666666666668,43.16666666666666,32.0,20.166666666666668,29.33333333333333,29.83333333333333,35.613264666666666,-119.6895905,,6.347022457905101,25.6529775420949,847.0,16.104526645464343,18.981145976288747,0.29,26.167613601526874,25.835833333333333
2023-09-22 15:30:00,1695422100.0,43.0,26.5,44.5,30.166666666666668,21.83333333333333,29.166666666666668,29.83333333333333,35.6132435,-119.68953816666664,,5.983663381040006,24.18300328562666,938.8333333333331,16.21824187161188,19.112565743408922,0.285,26.607614474633678,26.214166666666667
2023-09-22 16:30:00,1695425700.0,43.5,26.5,44.833333333333336,27.5,24.33333333333333,29.0,29.83333333333333,35.6131915,-119.68962216666668,,5.31837235131613,22.18162764868387,1058.4999999999998,15.799382653887571,19.00136049590143,0.2825,26.39245817035721,26.26166666666667
2023-09-22 17:30:00,1695429300.0,39.0,24.166666666666668,40.16666666666666,26.33333333333333,25.0,28.166666666666668,30.0,35.613223,-119.6896225,,4.721735939910548,21.61159739342278,975.0,15.107868969349857,17.543087401629496,0.305,23.947378523025414,23.865000000000002
2023-09-22 18:30:00,1695432900.0,38.833333333333336,23.5,40.0,24.666666666666668,27.166666666666668,26.5,32.333333333333336,35.613235,-119.6896095,,4.494924864638798,20.17174180202787,1054.9722222222224,14.439708399248172,17.261708581543687,0.30583333333333335,23.427722725489247,23.59416666666667
2023-09-22 19:30:00,1695436500.0,36.833333333333336,22.33333333333333,38.833333333333336,22.83333333333333,30.666666666666668,24.666666666666668,36.66666666666666,35.61328066666667,-119.68958016666666,,4.651197380762491,18.18213595257084,1129.5555555555557,13.721060675726447,16.273517009926252,0.3158333333333333,22.06318880010987,22.25666666666667
2023-09-22 20:30:00,1695440100.0,48.16666666666666,29.5,50.16666666666666,21.666666666666668,37.16666666666666,23.5,44.833333333333336,35.6132225,-119.6896225,,6.401337259504616,15.265329407162053,1790.1944444444437,16.104608579077635,19.078010178223924,0.2591666666666667,26.290287536946124,27.597499999999997
2023-09-22 21:30:00,1695443700.0,49.0,30.0,51.333333333333336,20.5,41.5,22.0,49.833333333333336,35.613285166666664,-119.68962083333334,,6.964836936557057,13.535163063442944,2033.5,16.177016096308606,18.874976585938015,0.255,25.723815691535272,27.6625
2023-09-22 22:30:00,1695447300.0,46.0,28.33333333333333,48.0,20.0,41.5,22.0,49.16666666666666,35.613243833333335,-119.6896095,,6.514818498108754,13.485181501891246,1909.0,15.525409284492609,17.949971891374748,0.27,24.318508260080286,26.102500000000003
2023-09-22 23:30:00,1695450900.0,44.66666666666666,27.33333333333333,46.5,20.0,42.16666666666666,21.0,50.16666666666666,35.613196,-119.689602,,6.746869103022513,13.253130896977487,1883.4444444444437,15.035795556425729,17.468092641364038,0.2766666666666667,23.48880505616623,25.3525
2023-09-23 00:30:00,1695454500.0,43.0,26.33333333333333,45.0,19.666666666666668,43.66666666666666,21.0,51.833333333333336,35.613202333333334,-119.68957666666664,,6.955510753132522,12.711155913534146,1877.6666666666663,14.562724220818213,16.794977526423626,0.285,22.460548522512465,24.358333333333334
2023-09-23 01:30:00,1695458100.0,40.833333333333336,24.666666666666668,42.5,19.0,44.0,21.0,52.333333333333336,35.61324866666667,-119.68961966666666,,6.46223550648945,12.53776449351055,1796.6666666666667,13.732171299505652,16.091535554136637,0.29583333333333334,21.296486966593704,23.203333333333333
2023-09-23 02:30:00,1695461700.0,37.333333333333336,22.5,39.0,19.0,44.0,20.5,52.0,35.61323516666667,-119.689631,,6.46223550648945,12.53776449351055,1642.6666666666667,12.79787036938896,15.012363410479491,0.3133333333333333,19.75338063326037,21.383333333333333
2023-09-23 03:30:00,1695465300.0,38.833333333333336,23.5,40.5,19.0,44.0,20.0,52.66666666666666,35.6132605,-119.6895585,,6.46223550648945,12.53776449351055,1708.6666666666667,13.248556380275197,15.474865757761126,0.30583333333333335,20.426936633260375,22.163333333333334
2023-09-23 04:30:00,1695468900.0,38.833333333333336,23.83333333333333,40.5,19.0,44.833333333333336,20.0,53.66666666666666,35.613254500000004,-119.68959183333334,,6.735360397684651,12.264639602315349,1741.027777777778,13.443450564380274,15.386408192227336,0.30583333333333335,20.31328084752989,22.0925
2023-09-23 05:30:00,1695472500.0,39.333333333333336,24.0,41.333333333333336,19.0,44.5,19.83333333333333,53.333333333333336,35.613232333333336,-119.6896285,,6.62665303138214,12.37334696861786,1750.3333333333335,13.492973637761024,15.57595866753473,0.30333333333333334,20.66444108108962,22.38083333333334
2023-09-23 06:30:00,1695476100.0,44.0,26.83333333333333,46.16666666666666,18.0,46.5,19.0,56.66666666666666,35.61321216666667,-119.68965266666667,,6.3557718692643235,11.644228130735677,2046.0,14.631912742715043,16.802556701796494,0.28,22.299010973377428,24.637500000000003
2023-09-23 07:30:00,1695479700.0,47.5,28.666666666666668,49.5,17.333333333333332,47.833333333333336,17.666666666666668,58.833333333333336,35.613233666666666,-119.68963016666667,,6.156574773816907,11.176758559516426,2272.0833333333335,15.328418158049965,17.740196740599576,0.2625,23.37846729068066,26.344166666666666
2023-09-23 08:30:00,1695483300.0,48.5,29.166666666666668,50.833333333333336,20.0,43.333333333333336,20.666666666666668,53.16666666666666,35.613205666666666,-119.68962233333332,,7.145269989607648,12.854730010392352,2101.666666666667,15.634516452997179,18.526202492669796,0.2575,24.96217147506109,27.24666666666667
2023-09-23 09:30:00,1695486900.0,62.16666666666666,36.66666666666666,65.33333333333333,24.33333333333333,34.0,23.166666666666668,46.0,35.61320133333333,-119.6896095,,7.4559309949559065,16.877402338377422,2113.6666666666665,18.4919831839443,23.73083750188091,0.1891666666666667,33.86216582328121,35.14666666666666
2023-09-23 10:30:00,1695490500.0,58.5,36.0,60.5,26.666666666666668,30.0,24.5,42.833333333333336,35.61319866666667,-119.68961716666666,,7.651963563056169,19.0147031036105,1755.0,18.847597461103838,23.024872523088,0.2075,33.10282060532858,33.58
2023-09-23 11:30:00,1695494100.0,52.833333333333336,32.333333333333336,54.833333333333336,29.166666666666668,25.666666666666668,26.33333333333333,38.16666666666666,35.613262166666665,-119.689602,,7.502066820503164,21.664599846163505,1356.0555555555557,17.71630963027541,21.73762077413309,0.2358333333333333,31.19523943401714,31.00166666666667
2023-09-23 12:30:00,1695497700.0,48.0,29.666666666666668,49.833333333333336,31.33333333333333,22.166666666666668,28.5,33.5,35.613171,-119.68958666666668,,7.174012105830655,24.159321227502673,1064.0,17.2531146685985,20.618857208134187,0.26,29.33032161962265,28.785833333333336
2023-09-23 13:30:00,1695501300.0,46.16666666666666,28.5,47.833333333333336,32.0,21.166666666666668,29.5,31.166666666666668,35.61329,-119.689542,,7.052104666443768,24.947895333556232,977.1944444444443,16.979888441711513,20.15972564009718,0.2691666666666667,28.45736886357855,27.917499999999997
2023-09-23 14:30:00,1695504900.0,44.66666666666666,27.666666666666668,46.16666666666666,32.0,20.5,30.0,29.666666666666668,35.6132445,-119.68959283333334,,6.585415955730587,25.41458404426941,915.6666666666665,16.822470868558632,19.767989345242576,0.2766666666666667,27.727327150289945,27.194166666666664
2023-09-23 15:30:00,1695508500.0,44.333333333333336,27.166666666666668,45.66666666666666,31.166666666666668,20.83333333333333,30.166666666666668,28.666666666666668,35.613214666666664,-119.6895815,,6.132442010967228,25.03422465569944,923.611111111111,16.492491606406887,19.62982801963315,0.2783333333333333,27.41348583241836,26.992500000000003
2023-09-23 16:30:00,1695512100.0,44.333333333333336,27.5,45.833333333333336,28.666666666666668,23.5,30.0,29.5,35.61323433333333,-119.68963366666668,,5.7962401252658635,22.870426541400803,1041.8333333333335,16.41057654695468,19.34676380992502,0.2783333333333333,27.09257485032333,26.765833333333337
2023-09-23 17:30:00,1695515700.0,43.66666666666666,26.5,45.333333333333336,27.5,25.166666666666668,29.5,30.0,35.61323,-119.68962716666664,,5.804493259392043,21.695506740607957,1098.9444444444443,15.694837674155133,18.964292080065597,0.28166666666666673,26.393810366637346,26.277499999999996
2023-09-23 18:30:00,1695519300.0,43.5,26.666666666666668,45.16666666666666,26.0,27.166666666666668,27.83333333333333,32.166666666666664,35.61333,-119.68957266666666,,5.6345227029604255,20.365477297039575,1181.75,15.661479299957954,18.700604773086546,0.2825,25.99959575055066,26.020833333333336
2023-09-23 19:30:00,1695522900.0,42.333333333333336,25.83333333333333,44.16666666666666,23.83333333333333,30.166666666666668,25.666666666666668,35.5,35.613208666666665,-119.689635,,5.281907024192609,18.55142630914072,1277.0555555555557,15.074057629579187,18.022433489279187,0.28833333333333333,24.879907157495623,25.15916666666667
2023-09-23 20:30:00,1695526500.0,41.833333333333336,25.166666666666668,43.833333333333336,22.33333333333333,33.166666666666664,24.166666666666668,38.833333333333336,35.613215833333335,-119.689602,,5.341429747042275,16.991903586291052,1387.4722222222222,14.492046358544236,17.549818804263666,0.29083333333333333,24.039963686010644,24.644166666666667
2023-09-23 21:30:00,1695530100.0,33.833333333333336,21.33333333333333,35.333333333333336,21.33333333333333,31.83333333333333,23.166666666666668,36.66666666666666,35.61322766666667,-119.68959433333332,,3.879395679256671,17.453937654076658,1077.0277777777776,13.515274174404137,15.224671723615682,0.3308333333333333,20.40961179800123,20.5975
2023-09-23 22:30:00,1695533700.0,31.83333333333333,19.666666666666668,33.0,20.33333333333333,31.666666666666668,22.166666666666668,37.16666666666666,35.613230333333334,-119.68959166666669,,2.9326113649091146,17.400721968424214,1008.0555555555554,12.750678504685705,14.625693440346923,0.3408333333333334,19.298650751215703,19.571666666666665
2023-09-23 23:30:00,1695537300.0,29.83333333333333,18.5,31.166666666666668,19.166666666666668,32.833333333333336,20.33333333333333,38.66666666666666,35.613189,-119.68956883333334,,2.42282168030085,16.74384498636582,979.5277777777777,12.207019163574547,13.885183052224107,0.35083333333333333,18.20940147280819,18.432499999999997
2023-09-24 00:30:00,1695540900.0,34.833333333333336,21.166666666666668,36.333333333333336,18.83333333333333,35.166666666666664,20.0,41.333333333333336,35.613242,-119.689616,,3.098435792106543,15.734897541226786,1224.9722222222222,12.872445488975462,15.179176359668276,0.3258333333333333,20.24468163798516,20.834166666666672
2023-09-24 01:30:00,1695544500.0,42.0,25.166666666666668,43.333333333333336,18.0,41.16666666666666,19.5,49.16666666666666,35.613235333333336,-119.68963366666668,,4.5982904776068985,13.401709522393102,1728.9999999999995,13.98118119583423,16.752015324837238,0.29,22.3164478409873,24.050833333333333
2023-09-24 02:30:00,1695548100.0,48.16666666666666,28.33333333333333,50.333333333333336,17.833333333333332,41.5,18.5,50.16666666666666,35.6132725,-119.68959666666666,,4.563725262015116,13.269608071318217,1998.9166666666663,15.102588959146148,18.618030837448213,0.2591666666666667,25.145406387559852,27.229166666666664
2023-09-24 03:30:00,1695551700.0,45.833333333333336,27.5,48.0,17.0,43.833333333333336,18.5,52.333333333333336,35.61318516666667,-119.689654,,4.593952500430428,12.406047499569572,2009.027777777778,14.852459583546997,17.650901558182177,0.2708333333333333,23.655358823632763,25.817500000000003
2023-09-24 04:30:00,1695555300.0,41.333333333333336,24.666666666666668,43.333333333333336,16.5,45.833333333333336,17.166666666666668,56.0,35.61322333333333,-119.6896285,,4.77888300326436,11.72111699673564,1894.4444444444446,13.535669327744628,16.051096359056178,0.29333333333333333,21.18730217056664,23.307500000000005
2023-09-24 05:30:00,1695558900.0,47.833333333333336,28.5,49.833333333333336,15.5,51.333333333333336,16.0,63.0,35.613246833333335,-119.68961233333332,,5.491438336218754,10.008561663781247,2455.444444444445,15.090666644126252,17.471453264753578,0.2608333333333333,22.595977721722825,26.220000000000002
2023-09-24 06:30:00,1695562500.0,50.16666666666666,29.83333333333333,52.5,14.833333333333334,53.333333333333336,15.333333333333334,64.0,35.613202333333334,-119.68960316666666,,5.425266184605041,9.408067148728293,2675.555555555555,15.679312578719522,17.978603203243907,0.2491666666666667,23.091560336840978,27.26333333333333
2023-09-24 07:30:00,1695566100.0,51.16666666666666,29.5,53.66666666666666,15.5,51.5,16.333333333333332,61.5,35.6132595,-119.68962216666668,,5.538216432254311,9.96178356774569,2635.083333333333,15.311541121739344,18.481544745606,0.24416666666666673,23.857499975045805,27.93916666666666
2023-09-24 08:30:00,1695569700.0,53.5,31.83333333333333,55.66666666666666,19.33333333333333,43.5,19.166666666666668,54.5,35.61321566666667,-119.6896415,,6.597946159522307,12.735387173811022,2327.25,16.644880822101847,20.050185470501823,0.2325,27.028901606120343,29.8325
2023-09-24 09:30:00,1695573300.0,51.5,31.33333333333333,53.333333333333336,22.666666666666668,35.166666666666664,21.666666666666668,47.66666666666666,35.61320833333334,-119.68959533333332,,6.482107987562018,16.18455867910465,1811.0833333333333,16.819983724094428,20.31809132946421,0.2425,28.269727570790202,29.500833333333336
2023-09-24 10:30:00,1695576900.0,47.333333333333336,29.33333333333333,49.16666666666666,26.666666666666668,29.0,24.33333333333333,41.833333333333336,35.613225166666666,-119.68960566666668,,7.155268433376654,19.511398233290013,1372.6666666666667,16.59861309753723,19.687948571965272,0.2633333333333333,27.672752506449086,27.858333333333338
2023-09-24 11:30:00,1695580500.0,45.5,27.83333333333333,46.833333333333336,30.166666666666668,24.5,26.83333333333333,37.5,35.613306666666666,-119.68963333333332,,7.664165383434887,22.50250128323178,1114.75,16.337267891161158,19.600338779170187,0.2725,27.37743361790995,27.2875
2023-09-24 12:30:00,1695584100.0,42.333333333333336,26.0,43.833333333333336,32.166666666666664,22.0,29.166666666666668,33.166666666666664,35.61327633333334,-119.6895905,,7.7559704822919295,24.410696184374736,931.3333333333334,16.072667906018303,18.889317631510327,0.28833333333333333,26.151392441925573,25.853333333333335
2023-09-24 13:30:00,1695587700.0,40.66666666666666,24.83333333333333,42.0,33.0,21.0,30.83333333333333,30.33333333333333,35.6131605,-119.68954866666668,,7.7624894187654405,25.23751058123456,853.9999999999998,15.785292193175907,18.48157521317128,0.2966666666666667,25.318658377107717,25.071666666666662
2023-09-24 14:30:00,1695591300.0,38.66666666666666,23.666666666666668,40.0,34.0,20.0,32.166666666666664,28.0,35.61320166666667,-119.689607,,7.868228065970294,26.131771934029707,773.3333333333331,15.603361269365982,17.971054495436317,0.3066666666666667,24.355720982303076,24.116666666666664
2023-09-24 15:30:00,1695594900.0,36.66666666666666,22.5,37.833333333333336,33.0,20.0,32.166666666666664,27.0,35.61322616666667,-119.68962733333332,,7.047652142565857,25.95234785743414,733.3333333333331,15.242624650937762,17.3543846990608,0.3166666666666667,23.24664405161777,23.076666666666664
2023-09-24 16:30:00,1695598500.0,35.5,21.83333333333333,36.66666666666666,30.666666666666668,21.166666666666668,31.83333333333333,26.5,35.613296,-119.6895765,,5.949136250440489,24.71753041622618,751.4166666666667,14.836304035736342,16.870820059427786,0.3225,22.51818919750773,22.370833333333334
2023-09-24 17:30:00,1695602100.0,36.66666666666666,22.0,37.833333333333336,29.33333333333333,23.166666666666668,31.33333333333333,27.666666666666668,35.61321816666666,-119.689621,,6.147929390529799,23.18540394280353,849.4444444444442,14.399742241708118,17.0182459500324,0.3166666666666667,22.80187361793051,22.807499999999997
2023-09-24 18:30:00,1695605700.0,34.333333333333336,20.666666666666668,35.833333333333336,27.33333333333333,24.5,29.666666666666668,28.5,35.61325383333334,-119.689603,,5.276178643941859,22.05715468939147,841.1666666666667,13.802846673163675,16.15726574940691,0.3283333333333333,21.51267999362903,21.480833333333337
2023-09-24 19:30:00,1695609300.0,25.83333333333333,16.166666666666668,26.83333333333333,24.666666666666668,28.5,26.83333333333333,33.833333333333336,35.61321483333333,-119.68958516666667,,5.182607559497902,19.484059107168765,736.2499999999999,12.016835627448199,13.111822800248792,0.37083333333333335,16.605540461823576,16.72083333333333
2023-09-24 20:30:00,1695612900.0,20.5,12.833333333333334,21.5,22.5,30.5,24.666666666666668,35.833333333333336,35.613230333333334,-119.68957916666666,,4.283967340351678,18.21603265964832,625.25,10.512277890038488,11.255071852632998,0.3975,13.717283260974703,13.7775
2023-09-24 21:30:00,1695616500.0,18.166666666666668,11.5,19.0,21.83333333333333,30.0,24.0,35.0,35.61318583333334,-119.68957116666668,,3.4706525910606882,18.36268074227264,545.0,10.124102303718502,10.588698296181843,0.4091666666666666,12.574841474129459,12.606666666666666
2023-09-24 22:30:00,1695620100.0,13.833333333333334,8.833333333333334,14.5,21.0,27.33333333333333,23.0,30.666666666666668,35.6132215,-119.68963483333334,,1.4419841554209218,19.558015844579078,378.1111111111111,9.57810114154751,9.535644613743028,0.43083333333333335,10.531745755587513,10.580000000000002
2023-09-24 23:30:00,1695623700.0,13.333333333333334,8.5,14.0,20.5,27.83333333333333,22.33333333333333,32.166666666666664,35.61326866666666,-119.68962849999998,,1.2657029616573103,19.23429703834269,371.1111111111111,9.36032681531214,9.328402625328875,0.43333333333333335,10.249081610958736,10.2775
2023-09-25 00:30:00,1695627300.0,13.166666666666666,8.0,13.666666666666666,19.33333333333333,29.83333333333333,20.666666666666668,35.333333333333336,35.61325566666667,-119.689616,,1.226083198684708,18.10725013464862,392.8055555555555,8.696648922268997,9.06471531834982,0.43416666666666665,9.949541590403788,10.020833333333332
2023-09-25 01:30:00,1695630900.0,17.5,10.833333333333334,18.0,18.83333333333333,35.0,20.33333333333333,41.16666666666666,35.613187833333335,-119.68961833333331,,3.0312241210423494,15.80210921229098,612.5,9.043676562375158,9.852396304187264,0.4125,11.713404903339182,11.835
2023-09-25 02:30:00,1695634500.0,24.0,14.333333333333334,25.0,18.0,38.16666666666666,18.666666666666668,46.5,35.613189,-119.68963516666668,,3.519104964955953,14.480895035044046,915.9999999999998,9.864714655235398,11.520434393379276,0.38,14.503462127958597,14.945833333333333
2023-09-25 03:30:00,1695638100.0,29.83333333333333,17.666666666666668,31.5,17.0,42.333333333333336,18.0,51.16666666666666,35.613247666666666,-119.68964,,4.0961849109557695,12.90381508904423,1262.9444444444443,10.75673374335495,12.8767668051389,0.35083333333333333,16.71292629879469,17.625
2023-09-25 04:30:00,1695641700.0,34.166666666666664,19.83333333333333,35.666666666666664,15.833333333333334,44.833333333333336,16.0,56.333333333333336,35.61322066666667,-119.6896105,,3.8564712802586016,11.976862053074733,1531.8055555555554,11.350193050447166,13.947512000684473,0.3291666666666667,18.08256368791247,19.66583333333333
2023-09-25 05:30:00,1695645300.0,49.833333333333336,28.666666666666668,52.66666666666666,15.0,48.833333333333336,15.5,60.0,35.61320666666666,-119.68962083333334,,4.313734823771354,10.686265176228645,2433.527777777778,14.92188754318106,18.35349575773046,0.2508333333333333,24.106944173783795,27.4725
2023-09-25 06:30:00,1695648900.0,37.5,21.166666666666668,39.833333333333336,15.0,50.333333333333336,15.5,60.5,35.61319833333334,-119.68958516666667,,4.746885996468737,10.253114003531262,1887.5,11.463769834600681,14.391475062120646,0.3125,18.529818962905026,20.931666666666665
2023-09-25 07:30:00,1695652500.0,35.833333333333336,19.83333333333333,38.333333333333336,15.666666666666666,47.66666666666666,16.166666666666668,57.5,35.61320683333333,-119.6896145,,4.579460002047999,11.087206664618666,1708.0555555555554,10.918031573079752,14.160647774849181,0.3208333333333333,18.35140834597413,20.29166666666667
2023-09-25 08:30:00,1695656100.0,17.166666666666668,10.333333333333334,17.666666666666668,18.83333333333333,45.66666666666666,18.5,57.66666666666666,35.613206166666664,-119.6896325,,6.852271960980432,11.981061372352897,783.9444444444443,7.4393585857695435,8.617361165958833,0.4141666666666666,10.435997114324852,10.755000000000003
2023-09-25 09:30:00,1695659700.0,11.333333333333334,7.166666666666667,11.833333333333334,21.33333333333333,40.0,20.33333333333333,54.16666666666666,35.61327483333333,-119.68956883333333,,7.1751299206330055,14.158203412700324,453.33333333333337,6.9982172320310685,7.420252372160029,0.44333333333333336,8.376690055427572,8.203333333333333
2023-09-25 10:30:00,1695663300.0,12.166666666666666,7.833333333333333,12.333333333333334,24.666666666666668,32.833333333333336,22.33333333333333,47.66666666666666,35.613264666666666,-119.68956516666668,,7.236574311523982,17.430092355142687,399.47222222222223,8.447650622687528,8.43793318424042,0.43916666666666665,9.142833550668025,9.245833333333332
2023-09-25 11:30:00,1695666900.0,13.833333333333334,8.5,14.333333333333334,27.166666666666668,28.666666666666668,24.33333333333333,43.333333333333336,35.6132355,-119.689569,,7.415994074207407,19.75067259245926,396.5555555555556,9.287476583226375,9.394112508888963,0.43083333333333335,10.218110227024317,10.466666666666669
2023-09-25 12:30:00,1695670500.0,14.0,8.666666666666666,14.666666666666666,29.166666666666668,25.666666666666668,26.166666666666668,39.333333333333336,35.6132315,-119.6895905,,7.502066820503164,21.664599846163505,359.33333333333337,9.924269683722663,9.763948894508566,0.43,10.489088711794917,10.808333333333334
2023-09-25 13:30:00,1695674100.0,16.0,10.166666666666666,16.5,30.5,23.5,28.166666666666668,35.166666666666664,35.61322,-119.68962849999998,,7.333138529555113,23.166861470444886,376.0,10.932902966780963,10.610608361271932,0.42,11.638173799193815,12.032499999999999
2023-09-25 14:30:00,1695677700.0,16.166666666666668,10.5,17.0,30.83333333333333,22.33333333333333,28.83333333333333,32.666666666666664,35.61322833333333,-119.68963366666668,,6.867327692942454,23.966005640390875,361.0555555555555,11.346346205073601,10.785838102717198,0.41916666666666663,11.909234843561444,12.218333333333334
2023-09-25 15:30:00,1695681300.0,15.0,9.5,15.666666666666666,30.33333333333333,22.666666666666668,29.33333333333333,31.5,35.613275,-119.68959566666666,,6.666512643418068,23.666820689915262,340.0,10.844900710453082,10.390731028617967,0.425,11.18310104391296,11.583333333333334
2023-09-25 16:30:00,1695684900.0,15.666666666666666,10.166666666666666,16.666666666666668,27.83333333333333,25.166666666666668,29.0,31.166666666666668,35.61325716666666,-119.6896325,,6.086494712143787,21.746838621189543,394.27777777777777,10.64594496333092,10.330914930808433,0.42166666666666663,11.594452375826492,11.7175
2023-09-25 17:30:00,1695688500.0,17.833333333333332,11.166666666666666,18.83333333333333,26.83333333333333,26.5,29.0,31.83333333333333,35.6131885,-119.68960666666668,,5.9859034468440395,20.847429886489287,472.5833333333333,10.612195983966696,10.85744177202784,0.4108333333333334,12.605731924094641,12.730833333333333
2023-09-25 18:30:00,1695692100.0,19.5,11.833333333333334,20.33333333333333,25.33333333333333,29.666666666666668,27.666666666666668,35.166666666666664,35.61325266666667,-119.68957,,6.337137284817045,18.996196048516282,578.5,10.20627526791595,11.035194519979031,0.4025,13.125221619007654,13.328333333333333
2023-09-25 19:30:00,1695695700.0,23.5,13.833333333333334,24.83333333333333,23.33333333333333,34.666666666666664,25.33333333333333,41.16666666666666,35.61324266666667,-119.689612,,6.860894653259971,16.47243868007336,814.6666666666666,10.102892607615416,11.737788719527316,0.3825,14.667446655139159,14.983333333333334
2023-09-25 20:30:00,1695699000.6,17.2,10.6,18.0,21.8,35.6,23.2,42.0,35.6131882,-119.6896332,,5.894774794456304,15.905225205543697,612.32,8.923212529287103,9.696206387546608,0.414,11.532175199690151,11.628
2023-09-25 21:30:00,1695702301.0,4.5,3.0,4.5,21.0,33.333333333333336,22.83333333333333,38.333333333333336,35.613262666666664,-119.68961966666666,,4.244531407251117,16.755468592748883,150.0,4.407327277136538,4.5045842658044775,0.4775,5.360508694530928,5.216666666666666
2023-09-25 22:30:00,1695705901.0,4.166666666666667,2.833333333333333,4.5,20.0,33.166666666666664,21.666666666666668,38.333333333333336,35.613217666666664,-119.68965883333334,,3.2961024911747585,16.703897508825243,138.19444444444446,4.244438736085308,4.3251851324251085,0.47916666666666663,5.315044698036604,5.0575
2023-09-25 23:30:00,1695709501.0,3.8333333333333335,2.5,3.8333333333333335,18.83333333333333,35.0,20.166666666666668,41.333333333333336,35.61325083333333,-119.68965266666667,,3.0312241210423494,15.80210921229098,134.16666666666669,3.9651127687173977,4.059792650609181,0.48083333333333333,5.008120403339182,4.7283333333333335
2023-09-26 00:30:00,1695713101.0,4.333333333333333,2.833333333333333,4.333333333333333,18.0,39.5,19.0,47.16666666666666,35.613217166666665,-119.68960683333334,,4.007682481184733,13.992317518815266,171.16666666666666,4.120626875381351,4.14615548525055,0.47833333333333333,5.10055435337655,4.605833333333333
2023-09-26 01:30:00,1695716701.0,5.666666666666667,3.5,5.833333333333333,17.166666666666668,44.833333333333336,18.5,53.333333333333336,35.613248166666665,-119.6896035,,5.069031944501703,12.097634722164965,254.05555555555557,4.578157780015117,4.66310087241606,0.4716666666666666,5.481530950326589,4.845833333333333
2023-09-26 02:30:00,1695720301.0,6.166666666666667,3.8333333333333335,6.666666666666667,16.666666666666668,47.0,17.333333333333332,57.5,35.6132515,-119.68964883333332,,5.292398157040037,11.374268509626631,289.83333333333337,4.754115489932882,4.849789280233414,0.4691666666666666,5.677994898519718,4.921666666666667
2023-09-26 03:30:00,1695723901.0,5.0,3.0,5.333333333333333,15.333333333333334,49.333333333333336,15.666666666666666,60.833333333333336,35.61322166666667,-119.68959283333334,,4.766059354775463,10.567273978557871,246.66666666666669,4.022298231760576,4.096485346935641,0.475,5.010753451080466,4.116666666666665
2023-09-26 04:30:00,1695727501.0,5.333333333333333,3.333333333333333,5.833333333333333,14.5,51.66666666666666,15.0,61.833333333333336,35.61323483333333,-119.68961983333334,,4.659931222839208,9.840068777160791,275.5555555555555,4.1401409545900565,4.182725019508739,0.4733333333333334,5.093618018134514,4.091666666666667
2023-09-26 05:30:00,1695731101.0,5.666666666666667,3.5,6.0,14.666666666666666,53.5,16.166666666666668,61.66666666666666,35.613260333333336,-119.68956616666668,,5.315477840163469,9.351188826503197,303.1666666666667,4.203737017298836,4.2904630291909776,0.4716666666666666,5.067322430398151,4.109166666666667
2023-09-26 06:30:00,1695734701.0,7.166666666666667,4.166666666666667,7.666666666666667,14.166666666666666,51.66666666666666,14.666666666666666,62.0,35.61320033333333,-119.68959316666668,,4.351560375794994,9.815106290871672,370.2777777777777,4.935660403125711,5.208833871128695,0.4641666666666666,5.788925557534059,5.045
2023-09-26 07:30:00,1695738301.0,6.5,3.6666666666666665,7.166666666666667,14.833333333333334,53.333333333333336,15.833333333333334,61.5,35.61321566666667,-119.6896185,,5.425266184605041,9.408067148728293,346.6666666666667,4.4853573751943605,4.764042255933397,0.4675,5.435111447952089,4.556666666666666
2023-09-26 08:30:00,1695741901.0,2.1666666666666665,1.3333333333333333,2.333333333333333,19.33333333333333,45.0,20.166666666666668,53.333333333333336,35.61328566666666,-119.68960966666668,,7.092429448543336,12.240903884789994,97.5,2.7204155435602706,2.696999679680979,0.48916666666666664,3.9165966289659115,3.0116666666666667
2023-09-26 09:30:00,1695745501.0,1.6666666666666667,1.0,1.6666666666666667,22.666666666666668,36.333333333333336,21.166666666666668,49.66666666666666,35.613275333333334,-119.68960316666666,,6.957668581062983,15.708998085603685,60.555555555555564,2.6134523602485995,2.7897896542824383,0.49166666666666664,3.8405040205495924,3.488333333333333
2023-09-26 10:30:00,1695749101.0,2.0,1.1666666666666667,2.0,24.5,32.333333333333336,22.5,46.0,35.61327166666667,-119.68965533333332,,6.866824169518598,17.633175830481402,64.66666666666667,2.8425855395274686,3.148341596904636,0.49,4.03820057469756,4.001666666666667
2023-09-26 11:30:00,1695752701.0,2.0,1.1666666666666667,2.1666666666666665,26.5,28.666666666666668,24.5,41.833333333333336,35.61325016666667,-119.6896565,,6.843095110258229,19.65690488974177,57.333333333333336,2.874052861972829,3.3059960690383257,0.49,4.085328091184884,4.313333333333333
2023-09-26 12:30:00,1695756301.0,2.1666666666666665,1.3333333333333333,2.1666666666666665,28.166666666666668,26.166666666666668,25.666666666666668,38.333333333333336,35.61321066666667,-119.68958033333332,,6.935915104588685,21.230751562077984,56.69444444444444,3.0055883497501124,3.506770377458564,0.48916666666666664,4.112686289377656,4.6125
2023-09-26 13:30:00,1695759901.0,3.5,2.333333333333333,3.5,29.5,23.83333333333333,27.5,34.666666666666664,35.61328583333333,-119.689523,,6.700077927592623,22.799922072407377,83.41666666666666,3.8955461665257176,4.353356933630879,0.4825,4.816812797895522,5.504166666666667
2023-09-26 14:30:00,1695763501.0,4.666666666666667,3.0,4.833333333333333,29.83333333333333,23.0,28.0,33.0,35.61323766666667,-119.689575,,6.461351670949426,23.371981662383902,107.33333333333334,4.60432109113396,5.042165855601234,0.4766666666666666,5.4689065704266495,6.181666666666667
2023-09-26 15:30:00,1695767101.0,5.666666666666667,3.5,5.833333333333333,29.33333333333333,23.5,28.33333333333333,32.5,35.61323483333333,-119.68956133333334,,6.355314103150356,22.978019230182973,133.16666666666669,5.178353139093357,5.580363255739343,0.4716666666666666,5.995338246542506,6.659166666666667
2023-09-26 16:30:00,1695770701.0,6.166666666666667,3.6666666666666665,6.333333333333333,27.83333333333333,25.83333333333333,28.5,32.666666666666664,35.6132115,-119.68962733333336,,6.46611243597337,21.367220897359957,159.30555555555554,5.396520145895336,5.759885551186983,0.4691666666666666,6.239910601350336,6.720833333333333
2023-09-26 17:30:00,1695774301.0,5.0,3.1666666666666665,5.166666666666667,26.166666666666668,26.33333333333333,28.0,31.166666666666668,35.6132705,-119.68963366666668,,5.327176946712303,20.839489719954365,131.66666666666663,4.777778276260179,5.085408853956054,0.475,5.695571433668842,6.071666666666667
2023-09-26 18:30:00,1695777901.0,4.166666666666667,2.5,4.333333333333333,25.166666666666668,26.83333333333333,27.33333333333333,31.666666666666668,35.61322766666667,-119.68960433333332,,4.745185804045846,20.42148086262082,111.80555555555554,4.216985286414149,4.5974974024742075,0.47916666666666663,5.249903700014627,5.595833333333333
2023-09-26 19:30:00,1695781501.0,11.666666666666666,7.166666666666667,12.166666666666666,22.83333333333333,32.0,25.0,38.0,35.61325266666667,-119.6896005,,5.262622280423315,17.570711052910013,373.3333333333333,8.169810612217052,8.372223300680332,0.44166666666666665,9.0089836792078,9.056666666666667
2023-09-26 20:30:00,1695785101.0,17.833333333333332,11.166666666666666,18.5,21.0,37.0,23.0,42.833333333333336,35.61324266666667,-119.689612,,5.744242040624038,15.255757959375963,659.8333333333333,9.000681374846486,9.742876446302086,0.4108333333333334,11.708517233127393,11.838333333333335
2023-09-26 21:30:00,1695788701.0,48.66666666666666,32.666666666666664,50.833333333333336,19.83333333333333,39.16666666666666,21.33333333333333,47.0,35.61330433333333,-119.68964516666666,,5.526811779852378,14.306521553480952,1906.1111111111102,18.1506532432535,19.019879470036706,0.2566666666666667,26.60396188588232,27.687499999999996
2023-09-26 22:30:00,1695792301.0,11.833333333333334,7.666666666666667,12.5,19.0,41.5,20.33333333333333,49.16666666666666,35.61326366666667,-119.68965766666668,,5.614518603352502,13.3854813966475,491.08333333333337,7.004607024661031,7.415196203293085,0.44083333333333335,8.605158612866134,8.335833333333333
2023-09-26 23:30:00,1695795901.0,9.5,6.5,9.666666666666666,19.0,42.5,20.83333333333333,48.66666666666666,35.61319866666667,-119.68961316666667,,5.958882492782555,13.041117507217445,403.75,6.95152613003278,6.908926771706495,0.4525,7.398479473371791,7.0375
2023-09-27 00:30:00,1695799501.0,9.166666666666666,6.333333333333333,9.833333333333334,19.0,47.833333333333336,21.0,56.16666666666666,35.613252,-119.68958033333332,,7.6828491201618885,11.317150879838112,438.47222222222223,6.477307544652248,6.493045930126591,0.45416666666666666,7.024571186971843,6.410833333333333
2023-09-27 01:30:00,1695803101.0,4.333333333333333,2.6666666666666665,4.833333333333333,18.83333333333333,46.5,20.33333333333333,54.333333333333336,35.61328116666667,-119.68964383333334,,7.116331776233038,11.717001557100291,201.5,3.8013980321921164,3.845178765722598,0.47833333333333333,4.885618770258436,4.010833333333333
2023-09-27 02:30:00,1695806701.0,4.166666666666667,2.6666666666666665,4.666666666666667,17.666666666666668,47.333333333333336,18.5,57.16666666666666,35.6131815,-119.68960333333332,,6.309191821464043,11.357474845202624,197.22222222222226,3.7309307635595332,3.716065580999491,0.47916666666666663,4.807682598868688,3.8533333333333335
2023-09-27 03:30:00,1695810301.0,5.666666666666667,3.8333333333333335,6.0,16.333333333333332,50.833333333333336,17.0,62.16666666666666,35.6132305,-119.689593,,6.119404271553412,10.21392906177992,288.0555555555556,4.442979640455903,4.405120827106387,0.4716666666666666,5.262717259734024,4.335833333333333
2023-09-27 04:30:00,1695813901.0,11.166666666666666,7.333333333333333,11.5,16.0,53.66666666666666,16.5,64.66666666666667,35.61319483333333,-119.68960683333334,,6.59887091984457,9.40112908015543,599.2777777777776,5.2158220018626205,5.918159147707914,0.44416666666666665,7.295210796284174,6.955
2023-09-27 05:30:00,1695817501.0,20.5,13.666666666666666,21.83333333333333,15.0,55.5,16.0,66.33333333333333,35.613224,-119.68960833333334,,6.1562923758803265,8.843707624119673,1137.75,8.202745297633554,8.601344886619298,0.3975,11.12493286791166,11.6525
2023-09-27 06:30:00,1695821101.0,17.5,11.166666666666666,18.33333333333333,15.0,56.16666666666666,15.833333333333334,66.83333333333333,35.613259666666664,-119.689603,,6.329615923294855,8.670384076705144,982.9166666666665,6.767809924568432,7.605574139628998,0.4125,9.642642196055636,10.035833333333333
2023-09-27 07:30:00,1695824701.0,10.0,5.833333333333333,10.666666666666666,15.5,56.0,17.0,64.33333333333333,35.613247666666666,-119.68960583333336,,6.753237690306762,8.746762309693239,560.0,6.010223734712055,6.6083195383833555,0.45,6.605055971743058,6.1499999999999995
2023-09-27 08:30:00,1695828301.0,3.5,2.0,3.8333333333333335,19.5,46.16666666666666,20.0,56.16666666666666,35.613235,-119.6896135,,7.6189939075265265,11.881006092473474,161.58333333333331,3.3198898893942506,3.393097876089318,0.4825,4.46365029229281,3.605833333333334
2023-09-27 09:30:00,1695831901.0,2.5,1.3333333333333333,2.833333333333333,23.33333333333333,36.16666666666666,21.83333333333333,48.5,35.61318033333333,-119.68960333333332,,7.480350572907649,15.852982760425679,90.41666666666664,3.0115492364570864,3.2633688810248587,0.4875,4.286996473771211,3.935833333333334
2023-09-27 10:30:00,1695835501.0,2.0,1.0,2.1666666666666665,26.0,29.166666666666668,23.666666666666668,43.0,35.61323,-119.68962333333332,,6.664879525501664,19.335120474498336,58.333333333333336,2.810629221801528,3.2844977319291857,0.49,4.063203972452678,4.270833333333333
2023-09-27 11:30:00,1695839101.0,2.0,1.0,2.0,26.83333333333333,28.0,24.5,40.66666666666666,35.61322916666666,-119.68961833333331,,6.786048354251514,20.047284979081816,56.0,2.815316283627193,3.334660518517178,0.49,4.010052504862709,4.369999999999999
2023-09-27 12:30:00,1695842701.0,2.0,1.0,2.0,28.0,26.166666666666668,26.0,37.833333333333336,35.613258333333334,-119.689607,,6.794307363012655,21.205692636987344,52.333333333333336,2.819615904036783,3.4134877545840228,0.49,3.989784785638829,4.525833333333333
2023-09-27 13:30:00,1695846301.0,2.0,1.0,2.0,28.83333333333333,24.666666666666668,27.166666666666668,35.0,35.613186,-119.68955633333331,,6.639601056524816,22.19373227680851,49.333333333333336,2.8199931439840578,3.477982765911441,0.49,3.9672028936009633,4.653333333333332
2023-09-27 14:30:00,1695849901.0,1.8333333333333333,1.0,2.0,29.5,24.166666666666668,28.33333333333333,33.666666666666664,35.6132405,-119.68957633333332,,6.902591663764893,22.597408336235105,44.30555555555556,2.750327161027671,3.406198480146039,0.49083333333333334,3.9214464415647337,4.609166666666667
2023-09-27 15:30:00,1695853501.0,1.8333333333333333,1.0,2.0,29.0,24.33333333333333,29.0,32.666666666666664,35.61324916666667,-119.68960833333334,,6.581978018420221,22.418021981579777,44.6111111111111,2.7558394679115352,3.399032367776326,0.49083333333333334,3.9344581942438506,4.595000000000001
2023-09-27 16:30:00,1695857101.0,2.0,1.0,2.0,27.166666666666668,26.0,29.0,31.666666666666668,35.613205666666666,-119.68961716666666,,5.993463200907347,21.17320346575932,52.0,2.8307585547816507,3.420653866953736,0.49,4.008480235852834,4.54
2023-09-27 17:30:00,1695860701.0,1.8333333333333333,1.0,2.0,26.0,27.33333333333333,28.5,32.0,35.613237000000005,-119.68965533333332,,5.722902550829409,20.27709744917059,50.1111111111111,2.7701673644430618,3.2700423451214897,0.49083333333333334,4.006506509327713,4.34
2023-09-27 18:30:00,1695864301.0,3.1666666666666665,1.8333333333333333,3.1666666666666665,25.166666666666668,29.0,27.166666666666668,34.166666666666664,35.613295,-119.68957233333332,,5.863868281902814,19.302798384763854,91.83333333333333,3.5582030916582497,3.9446422044206884,0.48416666666666663,4.652321520339641,4.891666666666667
2023-09-27 19:30:00,1695867901.0,3.5,2.0,4.0,23.0,32.666666666666664,25.166666666666668,38.66666666666666,35.61323616666667,-119.68961816666666,,5.705646062708375,17.294353937291625,114.33333333333333,3.6846576167140643,3.973552978036082,0.4825,4.916693439457578,4.753333333333333
2023-09-27 20:30:00,1695871501.0,6.666666666666667,4.0,7.0,20.83333333333333,37.833333333333336,22.666666666666668,44.66666666666666,35.613242,-119.68962216666668,,5.918311620842217,14.91502171249111,252.22222222222226,5.345217480575774,5.52377332919126,0.4666666666666666,6.255365807794076,5.960833333333333
2023-09-27 21:30:00,1695875101.0,23.0,16.166666666666668,23.666666666666668,20.0,39.5,21.83333333333333,45.333333333333336,35.61327616666667,-119.68957633333332,,5.798347309430568,14.201652690569432,908.5,11.239615189220812,11.070567390337455,0.385,14.168440411372794,14.3125
2023-09-27 22:30:00,1695878701.0,3.6666666666666665,2.1666666666666665,3.8333333333333335,19.166666666666668,39.833333333333336,20.5,47.16666666666666,35.613217,-119.68959933333332,,5.173293618903107,13.993373047763562,146.05555555555557,3.639455083210822,3.758692769012958,0.48166666666666663,4.762814756397731,4.230833333333333
2023-09-27 23:30:00,1695882301.0,4.833333333333333,3.5,5.0,18.0,40.5,20.0,46.5,35.613231,-119.68962716666664,,4.364631069893948,13.635368930106052,195.75,4.493013133367863,4.383006679655895,0.47583333333333333,5.393482458550203,4.780833333333333
2023-09-28 00:30:00,1695885901.0,4.333333333333333,3.0,4.666666666666667,18.0,40.16666666666666,19.33333333333333,47.16666666666666,35.613244333333334,-119.68961333333334,,4.246522973661041,13.75347702633896,174.05555555555551,4.160631929720787,4.117491035771698,0.47833333333333333,5.190020745785586,4.549166666666667
2023-09-28 01:30:00,1695889501.0,3.1666666666666665,2.0,3.8333333333333335,17.166666666666668,41.66666666666666,18.33333333333333,49.66666666666666,35.61318966666667,-119.68966416666666,,4.0201907459749435,13.146475920691724,131.9444444444444,3.381452351828565,3.4000176643224904,0.48416666666666663,4.653048067130122,3.8150000000000004
2023-09-28 02:30:00,1695893101.0,13.666666666666666,8.833333333333334,14.833333333333334,16.166666666666668,44.0,17.333333333333332,53.0,35.61323433333333,-119.6896235,,3.8921398041868627,12.274526862479805,601.3333333333333,7.124457280113769,7.715104153369267,0.43166666666666664,9.394764192835423,9.076666666666666
2023-09-28 03:30:00,1695896701.0,62.0,41.0,64.16666666666667,15.833333333333334,46.16666666666666,16.166666666666668,56.0,35.613207499999994,-119.689612,,4.2744723594946725,11.558860973838662,2862.3333333333326,21.66619389344581,22.387967895389618,0.19,30.677154017209503,34.02583333333334
2023-09-28 04:30:00,1695900301.0,8.5,4.666666666666667,9.166666666666666,15.0,47.833333333333336,15.833333333333334,57.66666666666666,35.613254000000005,-119.68959816666666,,4.018381907384947,10.981618092615053,406.58333333333337,5.690503432195895,6.119915438628427,0.4575,6.57787811128904,6.064166666666666
2023-09-28 05:30:00,1695903901.0,3.6666666666666665,1.8333333333333333,3.8333333333333335,14.0,47.66666666666666,15.166666666666666,56.16666666666666,35.61327166666667,-119.6896095,,3.052122821470104,10.947877178529897,174.77777777777774,3.2891287082877088,3.421885487636441,0.48166666666666663,4.448116819458148,3.565000000000001
2023-09-28 06:30:00,1695907501.0,8.833333333333334,6.833333333333333,9.166666666666666,14.5,50.66666666666666,15.833333333333334,59.333333333333336,35.613246333333336,-119.68961716666666,,4.380135110020322,10.119864889979677,447.5555555555555,6.4335907801037155,6.184656774092387,0.45583333333333337,6.769735866091649,5.996666666666668
2023-09-28 07:30:00,1695911101.0,8.166666666666666,6.166666666666667,8.5,15.333333333333334,50.16666666666666,16.333333333333332,58.333333333333336,35.61322666666667,-119.689617,,5.006570168878055,10.32676316445528,409.69444444444434,6.028613377387716,5.83302461970336,0.45916666666666667,6.477929098791204,5.6925
2023-09-28 08:30:00,1695914701.0,2.833333333333333,1.8333333333333333,3.0,19.166666666666668,42.833333333333336,19.83333333333333,51.833333333333336,35.613208166666666,-119.6895905,,6.222707139415631,12.943959527251037,121.3611111111111,3.167894121268154,3.163289631985415,0.48583333333333334,4.306042801291035,3.5424999999999995
2023-09-28 09:30:00,1695918301.0,1.1666666666666667,1.0,1.5,22.5,35.166666666666664,21.83333333333333,46.333333333333336,35.613190333333336,-119.68955983333336,,6.335115395039592,16.164884604960406,41.02777777777778,2.468855556384913,2.5601045722468063,0.49416666666666664,3.7677659649339983,3.3274999999999997
2023-09-28 10:30:00,1695921901.0,1.3333333333333333,0.8333333333333334,1.5,24.5,32.833333333333336,23.0,45.333333333333336,35.61322833333333,-119.68957633333332,,7.090892126814892,17.409107873185107,43.77777777777778,2.47851797934642,2.7537127682973312,0.49333333333333335,3.75920011303465,3.6124999999999994
2023-09-28 11:30:00,1695925501.0,1.0,0.3333333333333333,1.0,27.33333333333333,27.666666666666668,25.166666666666668,40.66666666666666,35.613239666666665,-119.68961833333331,,7.039407589897929,20.2939257434354,27.666666666666668,2.1940452449525423,2.789297006009356,0.495,3.4763217587544917,3.878333333333333
2023-09-28 12:30:00,1695929101.0,1.0,0.8333333333333334,1.3333333333333333,27.83333333333333,26.83333333333333,26.0,38.66666666666666,35.613259166666666,-119.68959166666669,,7.01961886704685,20.813714466286477,26.83333333333333,2.380950138852151,2.825127567857922,0.495,3.6377915548012654,3.9491666666666667
2023-09-28 13:30:00,1695932701.0,1.3333333333333333,1.0,1.6666666666666667,29.33333333333333,24.83333333333333,27.33333333333333,35.5,35.613257833333336,-119.68959433333332,,7.159689505419254,22.173643827914074,33.1111111111111,2.558957825674379,3.0976861620435625,0.49333333333333335,3.7618375474006474,4.2925
2023-09-28 14:30:00,1695936301.0,1.6666666666666667,1.0,2.0,29.33333333333333,23.666666666666668,28.0,32.5,35.61314483333333,-119.68954583333334,,6.458033559740054,22.875299773593277,39.44444444444445,2.689735430997813,3.334414194380637,0.49166666666666664,3.8936654736221152,4.5649999999999995
2023-09-28 15:30:00,1695939901.0,1.3333333333333333,1.0,2.0,28.33333333333333,23.83333333333333,28.83333333333333,30.83333333333333,35.613228666666664,-119.689616,,5.720043111139775,22.613290222193555,31.77777777777777,2.5733400431686704,3.140682836261841,0.49333333333333335,3.8643039965247183,4.3775
2023-09-28 16:30:00,1695943501.0,1.6666666666666667,1.0,2.0,27.33333333333333,26.166666666666668,29.0,31.83333333333333,35.6132515,-119.68961433333334,,6.22774019623216,21.105593137101167,43.611111111111114,2.702402265500038,3.22692250883494,0.49166666666666664,3.9534895265114756,4.352499999999999
2023-09-28 17:30:00,1695947101.0,2.1666666666666665,1.3333333333333333,2.333333333333333,26.0,28.166666666666668,28.666666666666668,33.0,35.613273,-119.68963133333334,,6.157783766535267,19.842216233464733,61.02777777777778,3.009156574264309,3.4207770290220063,0.48916666666666664,4.195836593693494,4.4425
2023-09-28 18:30:00,1695950701.0,3.0,2.0,3.333333333333333,25.166666666666668,30.0,27.5,35.166666666666664,35.61323433333333,-119.68961083333332,,6.355445788620218,18.81122087804645,90.0,3.542764630359348,3.808362907327868,0.485,4.686922206673323,4.72
2023-09-28 19:30:00,1695954600.7142856,5.857142857142857,3.857142857142857,6.428571428571429,22.857142857142858,34.57142857142857,24.857142857142858,41.42857142857143,35.61324471428571,-119.68961128571428,,6.401724791060723,16.455418066082135,202.48979591836732,5.133922893500896,5.210937360179302,0.4707142857142857,6.099292023136105,5.817142857142857
2023-09-28 20:30:00,1695958500.0,267.8333333333333,160.16666666666666,281.6666666666667,20.83333333333333,37.66666666666666,22.5,45.16666666666666,35.61324483333333,-119.68958283333332,,5.854407806807496,14.978925526525833,10088.388888888885,66.45212489101648,86.75583494081403,-0.8391666666666666,293.4156399931552,141.7816666666667
2023-09-28 21:30:00,1695962100.0,64.0,42.833333333333336,66.5,19.83333333333333,41.16666666666666,21.666666666666668,48.0,35.613275,-119.68957766666666,,6.247670919427575,13.585662413905753,2634.666666666666,22.534051423477713,23.53538308496787,0.18,33.277819450177574,35.490833333333335
2023-09-28 22:30:00,1695965700.0,11.333333333333334,8.5,11.833333333333334,19.0,42.0,20.0,49.5,35.61323633333333,-119.6897125,,5.787606361167148,13.212393638832852,476.0,7.609371856201106,7.207954214878933,0.44333333333333336,8.493167714887434,8.033333333333333
2023-09-28 23:30:00,1695969300.0,3.1666666666666665,2.0,3.5,18.166666666666668,43.333333333333336,19.666666666666668,51.16666666666666,35.61322466666667,-119.68969083333332,,5.486131087866592,12.680535578800075,137.22222222222223,3.3230960451996836,3.328356540625358,0.48416666666666663,4.4869958246177895,3.673333333333333
2023-09-29 00:30:00,1695972900.0,3.1666666666666665,2.0,3.333333333333333,17.5,44.16666666666666,18.83333333333333,52.5,35.61331233333333,-119.689602,,5.156318331944311,12.34368166805569,139.8611111111111,3.302023430061291,3.2925259787767933,0.48416666666666663,4.419452847592422,3.602500000000001
2023-09-29 01:30:00,1695976500.0,6.333333333333333,4.666666666666667,6.833333333333333,17.0,47.0,18.0,55.5,35.613196499999994,-119.68964516666666,,5.597164615270423,11.402835384729578,297.66666666666663,5.112518975862768,4.943071903107954,0.4683333333333334,5.86986670575375,5.008333333333333
2023-09-29 02:30:00,1695980100.0,7.0,5.0,7.5,16.166666666666668,47.833333333333336,17.333333333333332,57.0,35.6131965,-119.68962716666664,,5.0876838838364415,11.078982782830227,334.83333333333337,5.390034854121278,5.280371832757554,0.465,6.100653002431968,5.284166666666666
2023-09-29 03:30:00,1695983700.0,5.666666666666667,4.166666666666667,6.0,16.0,48.0,16.666666666666668,56.66666666666666,35.613268,-119.68957516666666,,4.984922775328415,11.015077224671586,272.0,4.698349383922382,4.526944737391511,0.4716666666666666,5.483975178536607,4.576666666666666
2023-09-29 04:30:00,1695987300.0,3.8333333333333335,2.5,4.166666666666667,15.0,48.833333333333336,16.0,58.333333333333336,35.613248,-119.68960533333332,,4.313734823771354,10.686265176228645,187.19444444444446,3.537220410058208,3.4650053239229903,0.48083333333333333,4.591302007117132,3.5524999999999993
2023-09-29 05:30:00,1695990900.0,4.333333333333333,2.833333333333333,4.5,14.5,49.66666666666666,15.333333333333334,59.16666666666666,35.613271,-119.68963633333334,,4.095411470572187,10.404588529427812,215.22222222222217,3.7701498523051407,3.709022630698049,0.47833333333333333,4.724359967364046,3.7416666666666676
2023-09-29 06:30:00,1695994500.0,6.666666666666667,4.0,7.5,14.0,51.66666666666666,14.166666666666666,63.0,35.61334466666667,-119.68962083333334,,4.197363521265615,9.802636478734385,344.4444444444444,4.743007560006296,4.92898600250507,0.4666666666666666,5.70050292907777,4.785
2023-09-29 07:30:00,1695998100.0,7.5,4.166666666666667,8.5,15.0,51.66666666666666,16.333333333333332,59.333333333333336,35.613236666666666,-119.689603,,5.12243034684263,9.87756965315737,387.49999999999994,5.0180653228425784,5.395399116877777,0.4625,6.011369219517801,5.218333333333334
2023-09-29 08:30:00,1696001700.0,6.0,3.5,6.333333333333333,21.166666666666668,38.0,22.5,42.833333333333336,35.613236666666666,-119.68959933333332,,6.278824548949109,14.88784211771756,228.0,4.9321368481003685,5.1434767253233815,0.47,5.914571347249022,5.6
2023-09-29 09:30:00,1696005300.0,4.5,3.0,5.0,26.83333333333333,27.5,26.33333333333333,35.0,35.6132255,-119.6895775,,6.5236328826472585,20.30970045068607,123.75,4.4960358854990226,4.755398198744437,0.4775,5.515113065728396,5.7124999999999995
2023-09-29 10:30:00,1696008900.0,4.666666666666667,3.0,5.0,30.0,23.5,27.83333333333333,32.833333333333336,35.613237500000004,-119.6896185,,6.914157381489743,23.085842618510256,109.66666666666667,4.594903246657381,5.020667518492095,0.4766666666666666,5.507799925276043,6.139166666666666
2023-09-29 11:30:00,1696012500.0,4.333333333333333,2.833333333333333,4.666666666666667,31.666666666666668,20.0,28.83333333333333,28.83333333333333,35.613313,-119.689602,,5.952681525907192,25.713985140759476,86.66666666666666,4.415189560974909,4.984590632506988,0.47833333333333333,5.2730138459991185,6.263333333333334
2023-09-29 12:30:00,1696016100.0,3.8333333333333335,2.833333333333333,4.333333333333333,32.833333333333336,17.833333333333332,30.5,25.166666666666668,35.61326416666667,-119.68960166666666,,5.248622223181043,27.58471111015229,68.36111111111111,4.197537193718047,4.797902224689635,0.48083333333333333,5.013620263120683,6.1875
2023-09-29 13:30:00,1696019700.0,2.6666666666666665,1.8333333333333333,2.833333333333333,33.833333333333336,16.0,32.0,21.5,35.613259,-119.6896185,,4.495917668797784,29.337415664535552,42.666666666666664,3.3038906293537984,4.22375110063469,0.48666666666666664,4.119192390443962,5.736666666666666
2023-09-29 14:30:00,1696023300.0,2.333333333333333,1.3333333333333333,2.333333333333333,33.666666666666664,15.666666666666666,32.333333333333336,21.0,35.613252,-119.68958933333332,,4.062034572230789,29.604632094435875,36.55555555555555,2.9725535499427584,4.051518079625033,0.48833333333333334,3.8231637076378826,5.591666666666667
2023-09-29 15:30:00,1696026900.0,1.1666666666666667,0.8333333333333334,1.1666666666666667,32.333333333333336,16.5,32.0,21.33333333333333,35.613256,-119.6896655,,3.733135633188992,28.600197700144342,19.25,2.330865124572521,3.3627091576546784,0.49416666666666664,3.277401150844054,4.914166666666667
2023-09-29 16:30:00,1696030500.0,1.0,0.1666666666666666,1.0,29.83333333333333,18.5,31.83333333333333,22.33333333333333,35.61328583333333,-119.6895765,,3.3350666692016,26.498266664131727,18.5,2.07995984332556,3.183433186343579,0.495,3.2425571749111484,4.6575
2023-09-29 17:30:00,1696034100.0,5.333333333333333,2.1666666666666665,5.833333333333333,27.5,23.166666666666668,29.83333333333333,27.5,35.613248166666665,-119.6895715,,4.6124685119200715,22.88753148807993,123.55555555555556,4.576928847176757,5.408130234729686,0.4733333333333334,5.758151199977659,6.514166666666666
2023-09-29 18:30:00,1696037700.0,2.1666666666666665,1.0,2.1666666666666665,25.0,26.5,27.166666666666668,32.0,35.61320166666667,-119.68960166666666,,4.423979377134861,20.576020622865137,57.416666666666664,2.9137960136671093,3.4924381527191377,0.48916666666666664,4.125257074972978,4.5841666666666665
2023-09-29 19:30:00,1696041300.0,1.5,0.6666666666666666,1.8333333333333333,23.0,35.0,24.83333333333333,41.833333333333336,35.61322333333333,-119.68960066666666,,6.706825310513717,16.293174689486282,52.5,2.453369671190648,2.753835930365602,0.4925,3.830346198088229,3.5149999999999997
2023-09-29 20:30:00,1696044900.0,1.1666666666666667,0.3333333333333333,1.6666666666666667,21.5,39.0,23.166666666666668,46.66666666666666,35.613246833333335,-119.6895815,,6.954271568089503,14.545728431910497,45.5,2.1605676059269836,2.395283987743404,0.49416666666666664,3.635143663989431,3.001666666666666
2023-09-29 21:30:00,1696048500.0,0.1666666666666666,0.0,0.1666666666666666,20.166666666666668,44.333333333333336,21.5,53.333333333333336,35.61323816666667,-119.6896145,,7.630464329766417,12.536202336900251,7.388888888888887,1.6418352291650584,1.6062726546653352,0.49916666666666665,2.989543850656931,2.0283333333333324
2023-09-29 22:30:00,1696052100.0,0.0,0.0,0.0,19.33333333333333,47.833333333333336,21.0,56.66666666666666,35.613194166666666,-119.689616,,7.988003433998252,11.345329899335077,0.0,1.5360094828652655,1.3625016720268177,0.5,2.8529694958134026,1.644166666666666
2023-09-29 23:30:00,1696055700.0,0.0,0.0,0.0,19.0,48.833333333333336,20.5,57.5,35.61323049999999,-119.689612,,7.987031107668863,11.012968892331138,0.0,1.5191771418695348,1.3195049978085391,0.5,2.8286485773802905,1.5591666666666661
2023-09-30 00:30:00,1696059300.0,0.0,0.0,0.0,18.5,49.333333333333336,20.0,59.16666666666666,35.613222666666665,-119.689611,,7.67761284676338,10.822387153236619,0.0,1.5126648799816373,1.2980066606993996,0.5,2.820124951520155,1.5166666666666657
2023-09-30 01:30:00,1696062900.0,0.0,0.0,0.0,18.0,51.833333333333336,19.166666666666668,61.833333333333336,35.6132915,-119.68961566666668,,7.943366017429022,10.056633982570979,0.0,1.4655007438233332,1.1905149751537025,0.5,2.7496126013356736,1.3041666666666663
2023-09-30 02:30:00,1696066500.0,0.0,0.0,0.0,17.833333333333332,53.333333333333336,19.0,63.5,35.6132565,-119.68962216666668,,8.209244079566655,9.624089253766677,0.0,1.4351028274795086,1.126019963826284,0.5,2.7032948653508537,1.1766666666666659
2023-09-30 03:30:00,1696070100.0,0.0,0.0,0.0,17.0,55.833333333333336,18.0,66.83333333333333,35.613240999999995,-119.68959533333332,,8.109292560160318,8.890707439839682,0.0,1.3854129132892976,1.018528278280587,0.5,2.6279577910439746,0.9641666666666664
2023-09-30 04:30:00,1696073700.0,0.1666666666666666,0.0,0.1666666666666666,16.166666666666668,55.333333333333336,17.166666666666668,65.16666666666667,35.61320633333333,-119.68965166666668,,7.200215675337858,8.96645099132881,9.22222222222222,1.4418110366569352,1.1333092382642675,0.49916666666666665,2.7006731337882695,1.0933333333333328
2023-09-30 05:30:00,1696077300.0,0.1666666666666666,0.0,0.5,16.0,52.333333333333336,17.0,60.833333333333336,35.61325266666666,-119.68962483333333,,6.233170516261314,9.766829483738686,8.72222222222222,1.5098762589433816,1.2622992609191042,0.49916666666666665,2.893229822144024,1.3483333333333327
2023-09-30 06:30:00,1696080900.0,1.0,0.0,1.0,16.0,50.833333333333336,17.0,59.5,35.613219666666666,-119.68960566666668,,5.811783532737541,10.188216467262459,50.833333333333336,1.7635352525714452,1.7932073866192293,0.495,3.1071529864031344,1.9091666666666662
2023-09-30 07:30:00,1696084500.0,1.0,0.1666666666666666,1.0,16.333333333333332,51.833333333333336,17.166666666666668,61.833333333333336,35.61323866666667,-119.68962466666666,,6.402226551615808,9.931106781717524,51.833333333333336,1.7990986565707598,1.7502107124009507,0.495,3.095509718599142,1.8241666666666663
2023-09-30 08:30:00,1696088100.0,0.8333333333333334,0.3333333333333333,1.1666666666666667,17.166666666666668,51.833333333333336,18.0,61.833333333333336,35.61325883333333,-119.68963483333332,,7.1728910077424555,9.993775658924212,43.19444444444445,1.8134008053042603,1.6569280895264094,0.49583333333333335,3.152877388911403,1.7374999999999998
2023-09-30 09:30:00,1696091700.0,0.6666666666666666,0.0,0.6666666666666666,18.83333333333333,46.5,19.33333333333333,56.0,35.61325383333333,-119.68961716666666,,7.116331776233038,11.717001557100291,31.0,1.7538822850658224,1.7929610624826884,0.49666666666666665,3.1116254369251015,2.1041666666666665
2023-09-30 10:30:00,1696095300.0,0.0,0.0,0.0,21.83333333333333,40.16666666666666,21.0,52.66666666666666,35.61324233333333,-119.689621,,7.684021184655364,14.149312148677964,0.0,1.6450922771088519,1.692142841033623,0.5,3.0012925694245913,2.295833333333334
2023-09-30 11:30:00,1696098900.0,0.0,0.0,0.0,22.0,41.333333333333336,21.0,56.833333333333336,35.61320716666667,-119.689612,,8.25499279653876,13.74500720346124,0.0,1.6267458952917537,1.6419800544456304,0.5,2.975384891374526,2.1966666666666663
2023-09-30 12:30:00,1696102500.0,0.1666666666666666,0.0,0.1666666666666666,22.166666666666668,41.5,21.0,56.66666666666666,35.613245,-119.68958266666668,,8.464265597301697,13.70240106936497,6.916666666666664,1.6741064705066777,1.7280965649504587,0.49916666666666665,3.0271784540853037,2.269166666666666
2023-09-30 13:30:00,1696106100.0,0.8333333333333334,0.0,1.0,24.0,35.833333333333336,22.33333333333333,49.66666666666666,35.613279166666665,-119.68961466666669,,7.933652892121481,16.06634710787852,29.861111111111114,1.9576178571158231,2.3448748770188708,0.49583333333333335,3.3902326224449055,3.0974999999999993
2023-09-30 14:30:00,1696109700.0,1.0,0.5,1.3333333333333333,25.33333333333333,30.83333333333333,24.83333333333333,40.833333333333336,35.6132455,-119.6895905,,6.898724393657438,18.43460893967589,30.83333333333333,2.2523425073988728,2.6531408709848066,0.495,3.62137991313722,3.609166666666667
2023-09-30 15:30:00,1696113300.0,4.0,1.8333333333333333,4.5,25.666666666666668,26.666666666666668,25.166666666666668,34.833333333333336,35.613214666666664,-119.6895815,,5.082271087700369,20.584395578966298,106.66666666666667,3.9015117550138827,4.511380891969379,0.48,5.145809763057459,5.523333333333333
2023-09-30 16:30:00,1696116900.0,2.0,1.0,2.5,23.666666666666668,28.83333333333333,24.0,36.833333333333336,35.613211,-119.68959933333332,,4.4889100392746295,19.17775662739204,57.66666666666666,2.840122910631843,3.2988299566686123,0.49,4.202325285650275,4.299166666666666
2023-09-30 17:30:00,1696120500.0,1.5,0.8333333333333334,1.5,21.33333333333333,33.0,22.5,40.5,35.613217166666665,-119.68961966666666,,4.3930758066365385,16.94025752669679,49.5,2.5644403732677072,2.83982927880216,0.4925,3.8360733641151983,3.6849999999999996
2023-09-30 18:30:00,1696124100.0,2.0,1.0,2.0,19.33333333333333,35.5,20.166666666666668,42.833333333333336,35.61321383333333,-119.6896375,,3.6741833175548715,15.659150015778458,71.0,2.7703553000789722,3.0121854618800867,0.49,4.040680804198331,3.7325
2023-09-30 19:30:00,1696127700.0,3.1666666666666665,1.8333333333333333,3.333333333333333,17.5,40.66666666666666,18.33333333333333,49.333333333333336,35.61324883333334,-119.6896195,,3.9739604786645097,13.526039521335491,128.77777777777774,3.345955816403842,3.443014338540769,0.48416666666666663,4.524532769399373,3.9000000000000004
2023-09-30 20:30:00,1696131300.0,3.5,2.1666666666666665,4.0,16.333333333333332,43.0,17.0,51.333333333333336,35.61323616666667,-119.689607,,3.715982521709604,12.617350811623728,150.5,3.5097832596810026,3.529254011113867,0.4825,4.711615516316498,3.875
2023-09-30 21:30:00,1696134900.0,3.333333333333333,2.1666666666666665,3.5,16.0,44.66666666666666,17.0,53.0,35.613245166666665,-119.6896375,,3.954986886968487,12.045013113031512,148.88888888888886,3.408441564968579,3.364310264542195,0.48333333333333334,4.503539499483335,3.6466666666666674
2023-09-30 22:30:00,1696138500.0,3.8333333333333335,2.0,3.8333333333333335,16.0,47.16666666666666,17.0,55.5,35.61320766666667,-119.6896185,,4.73351490753848,11.266485092461519,180.80555555555551,3.4034704937344507,3.536666447620122,0.48083333333333333,4.483972234586481,3.694166666666667
2023-09-30 23:30:00,1696142100.0,4.0,2.1666666666666665,4.166666666666667,16.0,47.66666666666666,17.0,56.0,35.61326483333334,-119.68959316666668,,4.884826301342392,11.115173698657607,190.66666666666663,3.4946905550058274,3.608450733385524,0.48,4.586217666430976,3.738333333333334
2023-10-01 00:30:00,1696145700.0,4.333333333333333,3.0,4.666666666666667,16.0,47.5,17.0,56.5,35.613311833333334,-119.68962466666666,,4.834545759702058,11.165454240297942,205.83333333333331,3.9078407451757604,3.8021820915043194,0.47833333333333333,4.886966536996607,3.925833333333333
2023-10-01 01:30:00,1696149300.0,4.833333333333333,3.0,5.0,16.0,48.16666666666666,16.666666666666668,58.0,35.61320683333333,-119.68961933333333,,5.034740740416497,10.965259259583503,232.8055555555555,4.020811653669083,4.0533655106490905,0.47583333333333333,4.968029336396119,4.129166666666666
2023-10-01 02:30:00,1696152900.0,5.0,3.0,5.333333333333333,16.0,49.0,16.666666666666668,58.16666666666666,35.61325,-119.68960833333334,,5.281567596201733,10.718432403798268,245.0,4.032160063833284,4.110817571675066,0.475,5.020561679240695,4.145
2023-10-01 03:30:00,1696156500.0,5.0,3.0,5.166666666666667,16.0,49.16666666666666,16.0,59.0,35.613217166666665,-119.68961216666666,,5.330487175320708,10.669512824679291,245.8333333333333,4.025149027486258,4.103651459305354,0.475,4.96770363340466,4.130833333333333
2023-10-01 04:30:00,1696160100.0,5.166666666666667,3.1666666666666665,5.833333333333333,15.333333333333334,50.333333333333336,16.0,59.833333333333336,35.6132385,-119.689626,,5.054247998513893,10.279085334819442,260.0555555555556,4.0871502080538145,4.146771295591902,0.4741666666666666,5.124114339998061,4.118333333333332
2023-10-01 05:30:00,1696163700.0,5.0,3.333333333333333,5.666666666666667,15.0,51.0,16.0,61.0,35.613237500000004,-119.6895765,,4.9357433414984095,10.064256658501591,255.0,4.078682009407646,4.024824223238509,0.475,5.069047661513615,3.975
2023-10-01 06:30:00,1696167300.0,5.833333333333333,3.6666666666666665,6.333333333333333,15.0,51.5,15.166666666666666,62.66666666666666,35.613206166666664,-119.68959666666666,,5.0759591503630395,9.92404084963696,300.41666666666663,4.401367428826974,4.469739000502075,0.4708333333333334,5.304680929647558,4.365833333333333
2023-10-01 07:30:00,1696170900.0,6.166666666666667,3.1666666666666665,7.0,15.166666666666666,51.833333333333336,15.333333333333334,62.66666666666666,35.6132515,-119.68961183333332,,5.322977909959231,9.843688756707435,319.6388888888889,4.283655775730583,4.641972021511732,0.4691666666666666,5.384975735522943,4.510833333333333
2023-10-01 08:30:00,1696174500.0,7.666666666666667,4.833333333333333,8.166666666666666,17.5,51.0,16.833333333333332,65.83333333333333,35.613276166666665,-119.68962733333336,,7.243719368233454,10.256280631766547,391.0,5.334193511037576,5.517346189231171,0.46166666666666667,6.0598943324662855,5.361666666666666
2023-10-01 09:30:00,1696178100.0,7.166666666666667,4.5,7.5,19.83333333333333,44.0,18.33333333333333,59.66666666666666,35.61321916666667,-119.68958666666668,,7.217640304130914,12.615693029202415,315.33333333333337,5.41441132301488,5.5384750401354985,0.4641666666666666,6.205270597181919,5.696666666666667
2023-10-01 10:30:00,1696181700.0,5.833333333333333,3.6666666666666665,6.0,22.0,36.833333333333336,19.5,52.833333333333336,35.613248666666664,-119.68960183333331,,6.56614189747152,15.433858102528479,214.86111111111111,4.978600903070576,5.100356889036832,0.4708333333333334,5.874964014602625,5.612499999999999
2023-10-01 11:30:00,1696185300.0,4.333333333333333,3.0,4.833333333333333,25.0,30.0,22.166666666666668,44.5,35.613262666666664,-119.68960316666666,,6.211325506869395,18.788674493130607,130.0,4.398170094175089,4.5546238903242,0.47833333333333333,5.438441087520335,5.413333333333333
2023-10-01 12:30:00,1696188900.0,4.5,3.0,4.833333333333333,26.33333333333333,26.83333333333333,22.666666666666668,42.66666666666666,35.61323933333333,-119.68954716666669,,5.740673607639969,20.59265972569336,120.74999999999997,4.51578971908677,4.784062648223291,0.4775,5.492090466503485,5.769166666666667
2023-10-01 13:30:00,1696192500.0,4.333333333333333,3.0,4.666666666666667,27.166666666666668,25.666666666666668,23.666666666666668,39.5,35.613245166666665,-119.68957533333332,,5.80667631921167,21.359990347454996,111.22222222222221,4.466242244731341,4.7409428119367405,0.47833333333333333,5.418230847533154,5.781666666666666
2023-10-01 14:30:00,1696196100.0,4.5,3.1666666666666665,5.166666666666667,25.166666666666668,27.666666666666668,23.166666666666668,40.333333333333336,35.61322233333333,-119.68956116666668,,5.1845855254646205,19.98208114120205,124.5,4.573848330096537,4.748232086374724,0.4775,5.620664513805156,5.698333333333332
2023-10-01 15:30:00,1696199700.0,4.166666666666667,3.0,4.166666666666667,24.83333333333333,28.166666666666668,24.0,38.5,35.61323566666667,-119.6896005,,5.156491582676834,19.676841750656493,117.36111111111113,4.381519489347393,4.540168503516503,0.47916666666666663,5.278275669401349,5.4825
2023-10-01 16:30:00,1696203300.0,5.0,3.6666666666666665,5.0,23.666666666666668,31.0,24.0,40.16666666666666,35.613228,-119.6896045,,5.530261747106571,18.136404919560096,155.0,4.873626538581639,4.884757707604086,0.475,5.687317134907337,5.675
2023-10-01 17:30:00,1696206900.0,7.833333333333333,5.5,8.333333333333334,22.0,34.833333333333336,23.0,43.0,35.61334216666666,-119.68959033333331,,5.756287519334647,16.24371248066535,272.86111111111114,6.4157079972636275,6.305741711967886,0.4608333333333334,7.112513555188638,6.8225
2023-10-01 18:30:00,1696210500.0,6.166666666666667,4.5,6.666666666666667,20.5,38.5,21.5,46.66666666666666,35.613228,-119.68963366666668,,5.8741130812036735,14.625886918796326,237.41666666666669,5.34750279946266,5.215261011088784,0.4691666666666666,6.177987352628506,5.644166666666667
2023-10-01 19:30:00,1696214100.0,8.166666666666666,5.666666666666667,8.333333333333334,19.166666666666668,43.5,20.5,52.16666666666666,35.613241333333335,-119.6895865,,6.447057202984968,12.7196094636817,355.25,6.180653844879097,6.119669114491885,0.45916666666666667,6.736250830037822,6.259166666666665
2023-10-01 20:30:00,1696217700.0,10.166666666666666,7.166666666666667,10.5,18.666666666666668,45.66666666666666,19.5,55.333333333333336,35.61324366666667,-119.68959933333332,,6.700498022371329,11.966168644295339,464.27777777777766,6.351235273933445,6.459016878644542,0.44916666666666666,7.561722271192735,7.115
2023-10-01 21:30:00,1696221300.0,65.66666666666667,43.5,68.0,17.333333333333332,49.16666666666666,18.33333333333333,59.5,35.61322716666667,-119.68960166666666,,6.556018920033432,10.777314413299901,3228.611111111111,22.988291072205875,23.200081952823083,0.17166666666666663,31.322928172342984,35.6775
2023-10-01 22:30:00,1696224900.0,15.166666666666666,10.666666666666666,15.833333333333334,17.0,50.66666666666666,18.0,59.333333333333336,35.6132395,-119.68960566666668,,6.686702857591747,10.313297142408253,768.4444444444442,7.3728177423978325,7.469945976380581,0.42416666666666664,9.410682365115159,9.290000000000001
2023-10-01 23:30:00,1696228500.0,5.166666666666667,3.5,5.666666666666667,17.0,47.0,18.0,54.833333333333336,35.613231500000005,-119.68961966666666,,5.597164615270423,11.402835384729578,242.83333333333334,4.34391205440843,4.290093542986166,0.4741666666666666,5.295641539087083,4.401666666666667
2023-10-02 00:30:00,1696232100.0,3.5,2.0,4.0,16.166666666666668,44.5,17.666666666666668,51.833333333333336,35.61323166666667,-119.68960583333336,,4.053187462723728,12.11347920394294,155.75,3.3989295096393057,3.464758999786449,0.4825,4.623091469006733,3.7474999999999996
2023-10-02 01:30:00,1696235700.0,4.0,2.333333333333333,4.333333333333333,17.0,44.833333333333336,18.0,52.16666666666666,35.6132895,-119.68961333333334,,4.9174934383957005,12.0825065616043,179.33333333333334,3.653416263678155,3.7302746436706467,0.48,4.77629447453881,3.979166666666666
2023-10-02 02:30:00,1696239300.0,4.666666666666667,3.0,5.0,16.5,47.5,17.333333333333332,56.833333333333336,35.613226833333336,-119.68961366666667,,5.2923461672845,11.2076538327155,221.66666666666669,3.9979942770806085,3.988747337253402,0.4766666666666666,4.98692081647725,4.099166666666666
2023-10-02 03:30:00,1696242900.0,5.833333333333333,4.0,6.166666666666667,16.0,51.333333333333336,16.666666666666668,61.333333333333336,35.61323183333334,-119.6896235,,5.9534527335159675,10.046547266484033,299.44444444444446,4.528669313568328,4.476905112871789,0.4708333333333334,5.316302233539197,4.379999999999999
2023-10-02 04:30:00,1696246500.0,6.666666666666667,4.166666666666667,7.166666666666667,15.0,53.66666666666666,15.333333333333334,65.66666666666667,35.613262166666665,-119.6895765,,5.669986522987731,9.330013477012269,357.7777777777777,4.697853907518199,4.842992654068512,0.4666666666666666,5.502046745790105,4.615
2023-10-02 05:30:00,1696250100.0,7.666666666666667,5.0,8.333333333333334,14.0,56.5,14.0,69.5,35.613269333333335,-119.68962216666668,,5.4808854208371125,8.519114579162888,433.1666666666667,5.109991092375765,5.280864481030637,0.46166666666666667,5.789824272444493,4.894166666666667
2023-10-02 06:30:00,1696253700.0,10.5,6.0,10.666666666666666,13.5,58.5,13.333333333333334,72.0,35.613233666666666,-119.68962733333332,,5.514425610845175,7.985574389154825,614.25,3.7250208946415815,5.199548668820094,0.4475,6.448566286317197,6.1975
2023-10-02 07:30:00,1696257300.0,14.333333333333334,7.666666666666667,15.666666666666666,13.666666666666666,58.66666666666666,14.333333333333334,70.16666666666667,35.613216333333334,-119.68962849999998,,5.711991679627782,7.954674987038884,840.8888888888888,4.414818660873504,6.363807598766401,0.42833333333333334,8.049436264795654,8.176666666666668
2023-10-02 08:30:00,1696260900.0,10.166666666666666,6.5,10.833333333333334,18.166666666666668,46.833333333333336,18.5,56.333333333333336,35.61324583333333,-119.6896185,,6.611848723021495,11.554817943645173,476.13888888888886,5.712526653744864,6.335176286897235,0.44916666666666666,7.455799574780848,7.015833333333332
2023-10-02 09:30:00,1696264500.0,8.5,5.833333333333333,8.666666666666666,22.666666666666668,35.166666666666664,21.5,46.66666666666666,35.613273166666666,-119.6895765,,6.482107987562018,16.18455867910465,298.91666666666663,6.743293384732835,6.6645399787266255,0.4575,7.30427140412354,7.140833333333333
2023-10-02 10:30:00,1696268100.0,8.833333333333334,6.5,9.166666666666666,25.5,29.166666666666668,22.666666666666668,42.0,35.6132825,-119.68961466666669,,6.23408683945806,19.265913160541942,257.6388888888889,7.357345865514199,7.109085269785382,0.45583333333333337,7.816962310368903,7.824166666666667
2023-10-02 11:30:00,1696271700.0,7.333333333333333,5.333333333333333,7.333333333333333,27.5,25.33333333333333,24.33333333333333,38.66666666666666,35.61323683333333,-119.6896055,,5.900006641782396,21.599993358217603,185.77777777777774,6.482411923756485,6.434362248417911,0.4633333333333334,6.989303967688952,7.370000000000001
2023-10-02 12:30:00,1696275300.0,7.166666666666667,5.166666666666667,7.5,27.166666666666668,25.166666666666668,24.666666666666668,37.16666666666666,35.61321683333333,-119.68958166666664,,5.522436106922684,21.644230559743985,180.36111111111111,6.3655552947263505,6.348245737913084,0.4641666666666666,6.989757472461855,7.297499999999999
2023-10-02 13:30:00,1696278900.0,6.833333333333333,5.0,7.0,27.5,24.166666666666668,25.33333333333333,34.833333333333336,35.61321133333333,-119.68957416666667,,5.219385752311679,22.28061424768832,165.13888888888889,6.199798509068392,6.204677166382279,0.4658333333333334,6.787187216237345,7.2091666666666665
2023-10-02 14:30:00,1696282500.0,6.333333333333333,5.0,6.666666666666667,27.166666666666668,24.5,26.0,34.666666666666664,35.613233,-119.689626,,5.135581751734048,22.03108491493262,155.16666666666666,6.003661978453889,5.910497073019229,0.4683333333333334,6.620568677690365,6.920833333333333
2023-10-02 15:30:00,1696286100.0,6.833333333333333,5.166666666666667,6.833333333333333,26.33333333333333,26.0,26.0,34.666666666666664,35.61325933333333,-119.689616,,5.285405236437054,21.047928096896275,177.66666666666666,6.224653492732129,6.125849930315434,0.4658333333333334,6.762033652654289,7.053333333333333
2023-10-02 16:30:00,1696289700.0,6.5,5.166666666666667,6.5,24.33333333333333,28.33333333333333,25.166666666666668,34.666666666666664,35.613243833333335,-119.68964883333332,,4.811799708841864,19.521533624491465,184.16666666666663,6.051345899180514,5.838959111390368,0.4675,6.60752956400492,6.681666666666667
2023-10-02 17:30:00,1696293300.0,7.333333333333333,5.333333333333333,7.333333333333333,23.166666666666668,30.33333333333333,25.0,35.833333333333336,35.61325183333333,-119.6896285,,4.783595984224632,18.383070682442035,222.4444444444444,6.356765628621012,6.219378877326517,0.4633333333333334,6.929675440721237,6.945
2023-10-02 18:30:00,1696296900.0,7.5,5.666666666666667,8.0,22.0,32.5,23.5,39.0,35.613218833333335,-119.6896135,,4.757794228764791,17.24220577123521,243.75,6.465808374159481,6.219502039394788,0.4625,7.119798008571124,6.8475
2023-10-02 19:30:00,1696300500.0,18.166666666666668,13.666666666666666,18.5,20.33333333333333,36.16666666666666,22.0,43.16666666666666,35.61323633333333,-119.68960316666666,,4.824930060247813,15.508403273085516,657.0277777777776,10.788216559387322,9.934112311231797,0.4091666666666666,12.264874245413964,12.0825
2023-10-02 20:30:00,1696304100.0,12.0,8.666666666666666,12.666666666666666,18.666666666666668,41.0,20.5,47.833333333333336,35.61323483333333,-119.68961333333334,,5.139821627768151,13.526845038898518,492.0,7.742179051650583,7.519659892311317,0.44,8.87770276820078,8.465
2023-10-02 21:30:00,1696307700.0,12.166666666666666,8.5,12.5,17.5,41.833333333333336,18.5,50.0,35.61325633333333,-119.6896145,,4.377753295990041,13.12224670400996,508.97222222222223,7.4591035580012015,7.482591476475488,0.43916666666666665,8.771158123383131,8.480833333333333
2023-10-02 22:30:00,1696311300.0,11.666666666666666,8.333333333333334,12.0,16.666666666666668,43.333333333333336,18.0,51.5,35.613246833333335,-119.68962233333332,,4.127813115496216,12.538853551170451,505.55555555555554,7.2090369982840965,7.169200409420786,0.44166666666666665,8.46526953906179,8.093333333333332
2023-10-02 23:30:00,1696314900.0,9.166666666666666,6.5,9.5,16.0,44.833333333333336,17.333333333333332,52.66666666666666,35.61324233333334,-119.6896005,,4.008072945853086,11.991927054146913,410.97222222222223,6.7377775343406485,6.622035952781428,0.45416666666666666,7.21348735495767,6.665833333333333
2023-10-03 00:30:00,1696318500.0,10.333333333333334,7.333333333333333,10.5,16.0,44.833333333333336,17.0,52.333333333333336,35.613244333333334,-119.6896045,,4.008072945853086,11.991927054146913,463.2777777777778,6.512667259099687,6.59886359387629,0.44833333333333336,7.698389493846559,7.2725
2023-10-03 01:30:00,1696322100.0,9.166666666666666,6.833333333333333,9.5,16.0,42.5,16.833333333333332,49.5,35.61325716666666,-119.68961183333332,,3.2484279917492818,12.751572008250719,389.5833333333333,6.998686464238113,6.722361525957412,0.45416666666666666,7.428701203174288,6.864166666666666
2023-10-03 02:30:00,1696325700.0,8.666666666666666,6.166666666666667,8.666666666666666,15.833333333333334,41.833333333333336,16.333333333333332,48.5,35.613252,-119.689588,,2.8742109947125623,12.959122338620771,362.55555555555554,6.634556924952964,6.471178106812641,0.45666666666666667,7.1007605848405,6.660833333333333
2023-10-03 03:30:00,1696329300.0,13.166666666666666,9.0,14.166666666666666,15.333333333333334,41.833333333333336,15.833333333333334,49.833333333333336,35.6132315,-119.689584,,2.4229594166838306,12.910373916649503,550.8055555555555,7.5962809989044295,7.790926374663243,0.43416666666666665,9.40920511256303,9.000833333333333
2023-10-03 04:30:00,1696332900.0,9.0,6.5,9.5,13.833333333333334,49.0,13.833333333333334,61.66666666666666,35.6132405,-119.689602,,3.289751971852508,10.543581361480825,441.0,6.457378019119463,6.349600520664058,0.455,6.936753503140814,6.225
2023-10-03 05:30:00,1696336500.0,9.5,6.833333333333333,10.166666666666666,13.0,48.833333333333336,13.5,58.16666666666666,35.613219,-119.68962216666668,,2.47531861292197,10.52468138707803,463.9166666666667,6.735265635701591,6.636614501657396,0.4525,7.216133995359062,6.4991666666666665
2023-10-03 06:30:00,1696340100.0,12.166666666666666,7.833333333333333,12.833333333333334,13.0,48.0,14.0,57.0,35.61325333333333,-119.68957,,2.233204660573048,10.766795339426952,584.0,6.100671233261572,6.82800549152544,0.43916666666666665,8.293180188892455,7.956666666666666
2023-10-03 07:30:00,1696343700.0,17.833333333333332,11.333333333333334,19.166666666666668,14.166666666666666,47.333333333333336,15.333333333333334,54.66666666666666,35.61320133333333,-119.689598,,3.1055367326432273,11.06112993402344,844.1111111111111,7.772525565138935,8.64600263368309,0.4108333333333334,10.921564122354457,10.96
2023-10-03 08:30:00,1696347240.0,11.0,7.6,11.6,18.8,38.6,18.4,47.4,35.6132446,-119.6896102,,4.394064981925539,14.405935018074462,424.6,7.518199015611065,7.466082782860877,0.445,8.497214827101129,8.149000000000001
2023-10-03 09:30:00,1696350900.0,15.833333333333334,11.166666666666666,16.333333333333332,22.83333333333333,29.83333333333333,21.166666666666668,40.0,35.613290166666665,-119.68957666666664,,4.257008468196916,18.576324865136414,472.36111111111103,10.43892172625904,9.886941713517169,0.42083333333333334,11.489713840903251,11.407500000000002
2023-10-03 10:30:00,1696354500.0,12.666666666666666,9.0,13.0,26.5,24.5,24.33333333333333,35.166666666666664,35.61324483333333,-119.68957266666666,,4.573052822287131,21.92694717771287,310.3333333333333,10.595880946879024,9.476676288672198,0.43666666666666665,10.013888845125473,10.214166666666667
2023-10-03 11:30:00,1696358100.0,9.166666666666666,6.666666666666667,9.333333333333334,29.33333333333333,22.0,26.666666666666668,32.333333333333336,35.613245,-119.68957766666666,,5.400693485189976,23.932639848143353,201.66666666666666,7.7747207402162015,7.603793347432129,0.45416666666666666,8.07404705911317,8.606666666666666
2023-10-03 12:30:00,1696361700.0,7.666666666666667,5.666666666666667,7.833333333333333,30.5,20.166666666666668,27.33333333333333,31.0,35.61327433333333,-119.68963233333334,,5.113082405230783,25.386917594769216,154.61111111111111,6.835459563819713,6.843076977628102,0.46166666666666667,7.231413918700589,7.9825
2023-10-03 13:30:00,1696365300.0,8.666666666666666,6.666666666666667,9.166666666666666,31.33333333333333,19.83333333333333,28.83333333333333,29.166666666666668,35.613276166666665,-119.68959183333334,,5.557920442286417,25.775412891046912,171.88888888888883,7.610193198015376,7.417104939614776,0.45666666666666667,7.915928025368585,8.530833333333334
2023-10-03 14:30:00,1696368900.0,9.0,6.833333333333333,9.0,30.5,20.0,29.0,28.166666666666668,35.613300333333335,-119.68964016666666,,4.993766215611958,25.50623378438804,180.0,7.814513930684062,7.596504072994145,0.455,7.9823260647401195,8.69
2023-10-03 15:30:00,1696372500.0,8.666666666666666,6.833333333333333,9.0,29.0,20.83333333333333,29.0,27.83333333333333,35.61325316666667,-119.6896095,,4.3419401428820334,24.658059857117966,180.55555555555551,7.678832402907137,7.374108265396497,0.45666666666666667,7.9530131736044565,8.445833333333333
2023-10-03 16:30:00,1696376100.0,8.333333333333334,6.333333333333333,8.333333333333334,26.83333333333333,22.5,28.166666666666668,27.5,35.61324883333334,-119.6895815,,3.637947314708982,23.195386018624347,187.5,7.338965711394864,7.115881895950284,0.45833333333333337,7.662657748292839,8.130833333333333
2023-10-03 17:30:00,1696379700.0,8.666666666666666,6.5,9.0,25.83333333333333,24.0,27.666666666666668,28.166666666666668,35.61322333333333,-119.68959166666669,,3.716679567196919,22.11665376613641,208.0,7.49441775153346,7.237952130371948,0.45666666666666667,7.913767572733731,8.176666666666666
2023-10-03 18:30:00,1696383300.0,8.0,6.0,8.666666666666666,24.166666666666668,26.83333333333333,26.166666666666668,31.33333333333333,35.61319666666667,-119.6895945,,3.891385864989642,20.275280801677027,214.66666666666663,6.9716842901282,6.742997728588659,0.46,7.591328490142318,7.589166666666667
2023-10-03 19:30:00,1696386900.0,11.0,8.5,11.5,22.166666666666668,29.83333333333333,24.0,35.166666666666664,35.613229,-119.68956483333334,,3.680119042737109,18.48654762392956,328.16666666666663,9.583541402483837,8.396656372276349,0.445,9.110733649153334,8.894166666666667
2023-10-03 20:30:00,1696390500.0,11.833333333333334,9.166666666666666,12.666666666666666,20.33333333333333,34.0,22.33333333333333,40.16666666666666,35.61323616666667,-119.689603,,3.9415184746712226,16.391814858662105,402.33333333333337,9.17594943099313,8.211314293097194,0.44083333333333335,9.42271390468709,8.973333333333334
2023-10-03 21:30:00,1696394100.0,76.5,48.5,80.33333333333333,19.166666666666668,35.666666666666664,20.33333333333333,42.66666666666666,35.613246833333335,-119.6896285,,3.59334005388451,15.573326612782157,2728.5,23.921358265469202,27.973389244837833,0.1175,41.00871468165111,42.458333333333336
2023-10-03 22:30:00,1696397700.0,25.666666666666668,18.33333333333333,26.666666666666668,17.833333333333332,38.5,18.666666666666668,46.66666666666666,35.61322033333334,-119.68962483333333,,3.493800548602753,14.33953278473058,988.1666666666667,12.331068424755241,11.998942864145352,0.37166666666666665,15.748132348498732,15.784166666666668
2023-10-03 23:30:00,1696401300.0,13.0,9.166666666666666,13.333333333333334,16.5,40.16666666666666,17.333333333333332,48.833333333333336,35.6133195,-119.68969866666669,,2.8999674748361675,13.600032525163833,522.1666666666665,7.988451718301293,7.916452356032865,0.435,9.324956352352007,9.055833333333334
2023-10-04 00:30:00,1696404900.0,10.5,7.333333333333333,10.833333333333334,16.0,41.833333333333336,17.0,50.66666666666666,35.613211166666666,-119.68962983333334,,3.024608808681197,12.975391191318803,439.25,6.9039730144969615,6.968699979495894,0.4475,8.018419187338939,7.614166666666666
2023-10-04 01:30:00,1696408500.0,9.0,6.333333333333333,9.0,16.0,42.0,17.0,48.66666666666666,35.613245666666664,-119.68960566666664,,3.0808579480139446,12.919142051986055,378.0,6.7884298421045,6.6505772401920105,0.455,7.230978977812509,6.819999999999999
2023-10-04 02:30:00,1696412100.0,8.5,6.166666666666667,8.666666666666666,15.833333333333334,42.5,16.833333333333332,50.16666666666666,35.613280333333336,-119.689597,,3.0977566238097,12.735576709523635,361.25,6.547408679564832,6.3492310344592475,0.4575,7.045083023815803,6.5175
2023-10-04 03:30:00,1696415700.0,9.166666666666666,6.333333333333333,9.166666666666666,15.5,42.5,16.833333333333332,49.5,35.6132215,-119.68961333333334,,2.796385270289576,12.703614729710424,389.5833333333333,6.814304762605997,6.722361525957412,0.45416666666666666,7.262314899839769,6.864166666666666
2023-10-04 04:30:00,1696419300.0,9.0,6.666666666666667,9.833333333333334,15.0,43.833333333333336,16.0,52.0,35.61324666666667,-119.68958533333334,,2.779512006615093,12.220487993384907,394.5,6.81668564612038,6.571750004125166,0.455,7.400243641335267,6.664166666666666
2023-10-04 05:30:00,1696422900.0,11.5,8.166666666666666,11.833333333333334,15.0,46.0,15.666666666666666,53.833333333333336,35.61323183333334,-119.68957016666668,,3.4624196937433704,11.53758030625663,529.0,6.733095799099211,6.8347470500147,0.4425,8.190670751747927,7.78
2023-10-04 06:30:00,1696426500.0,12.666666666666666,8.333333333333334,13.5,14.0,47.0,15.0,56.66666666666666,35.61323183333334,-119.68959433333332,,2.8530332063420296,11.14696679365797,595.3333333333333,6.5169405481279465,7.088322019259866,0.43666666666666665,8.656796128172836,8.301666666666666
2023-10-04 07:30:00,1696430100.0,13.666666666666666,8.666666666666666,14.666666666666666,15.166666666666666,46.5,16.5,53.16666666666666,35.61324883333334,-119.6896375,,3.768248150563812,11.398418516102854,635.5,6.673319221985283,7.449731456767897,0.43166666666666664,9.109968842437816,8.864166666666666
2023-10-04 08:30:00,1696433700.0,13.666666666666666,9.166666666666666,14.166666666666666,20.0,37.0,20.166666666666668,45.833333333333336,35.613223999999995,-119.68961983333332,,4.8562329558103725,15.143767044189627,505.66666666666663,8.370295148824496,8.458147703853104,0.43166666666666664,9.808282028432846,9.671666666666667
2023-10-04 09:30:00,1696437300.0,15.166666666666666,10.166666666666666,16.166666666666668,24.666666666666668,29.666666666666668,23.0,40.833333333333336,35.613261,-119.68960033333332,,5.761380146170815,18.905286520495853,449.94444444444446,9.949459651582732,9.699076627832088,0.42416666666666664,11.158464992236846,11.075
2023-10-04 10:30:00,1696440900.0,21.166666666666668,12.666666666666666,22.33333333333333,27.83333333333333,25.0,25.666666666666668,36.0,35.613204333333336,-119.68961716666666,,5.990202895821489,21.84313043751184,529.1666666666667,11.166181872607076,12.044448383947849,0.39416666666666667,14.402457310201921,14.591666666666669
2023-10-04 11:30:00,1696444500.0,17.5,11.0,18.5,30.33333333333333,22.166666666666668,27.83333333333333,32.166666666666664,35.61325466666667,-119.6896135,,6.342050630430915,23.991282702902414,387.9166666666667,11.393544359313239,11.21464281340763,0.4125,12.641208668777981,12.925833333333333
2023-10-04 12:30:00,1696448100.0,12.166666666666666,8.833333333333334,12.666666666666666,31.666666666666668,20.5,29.83333333333333,29.0,35.6132455,-119.68956866666667,,6.310791661534181,25.355875005132486,249.41666666666666,11.520850614816815,9.747105154140511,0.43916666666666665,9.826468404943373,10.294166666666666
2023-10-04 13:30:00,1696451700.0,10.0,7.5,10.5,32.833333333333336,19.0,31.0,27.166666666666668,35.613234166666665,-119.68957916666666,,6.164518950285147,26.66881438304819,190.0,8.464261522285808,8.199196484459673,0.45,8.621341397907349,9.295
2023-10-04 14:30:00,1696455300.0,9.333333333333334,7.0,9.666666666666666,32.833333333333336,19.166666666666668,31.83333333333333,26.666666666666668,35.61328616666667,-119.68957016666668,,6.2912789065993975,26.542054426733937,178.8888888888889,8.000729176002848,7.818899880591794,0.45333333333333337,8.190690637631848,8.934166666666666
2023-10-04 15:30:00,1696458900.0,8.833333333333334,6.833333333333333,9.166666666666666,31.666666666666668,20.33333333333333,32.0,26.5,35.613277333333336,-119.68958783333332,,6.192287533085361,25.47437913358131,179.6111111111111,7.722593355988474,7.488889225380178,0.45583333333333337,7.962432721904753,8.575000000000001
2023-10-04 16:30:00,1696462500.0,9.0,6.833333333333333,9.5,29.5,22.666666666666668,31.83333333333333,27.166666666666668,35.61321916666667,-119.68963116666669,,5.971000302759563,23.528999697240437,204.0,7.748173315837706,7.481846275078735,0.455,8.10086446479086,8.463333333333333
2023-10-04 17:30:00,1696466100.0,9.0,6.833333333333333,9.166666666666666,28.166666666666668,24.166666666666668,30.83333333333333,28.0,35.613201833333335,-119.68960566666664,,5.78068193799265,22.385984728674018,217.5,7.713261515263468,7.417351263751317,0.455,8.009957844750904,8.335833333333333
2023-10-04 18:30:00,1696469700.0,8.833333333333334,6.666666666666667,9.0,26.33333333333333,27.0,28.83333333333333,31.666666666666668,35.613228666666664,-119.68962983333334,,5.830224736485082,20.503108596848246,238.50000000000003,7.501167147153286,7.202244730591652,0.45583333333333337,7.865766518733281,8.008333333333333
2023-10-04 19:30:00,1696473300.0,13.0,9.666666666666666,13.5,23.83333333333333,31.5,25.666666666666668,38.0,35.613224,-119.68960566666668,,5.906446299051156,17.926887034282174,409.5,9.75347686849754,8.83641103758428,0.435,9.971475809082815,9.7925
2023-10-04 20:30:00,1696476900.0,15.833333333333334,11.166666666666666,16.333333333333332,21.5,34.333333333333336,23.33333333333333,41.333333333333336,35.61325016666667,-119.68962466666666,,5.107492594647346,16.392507405352653,543.6111111111112,9.758130084403831,9.409270859634702,0.42083333333333334,11.152881296561802,11.025
2023-10-04 21:30:00,1696480500.0,14.666666666666666,11.166666666666666,15.333333333333334,20.166666666666668,38.5,21.83333333333333,45.66666666666666,35.613247,-119.68964,,5.576720137012656,14.58994652965401,564.6666666666666,9.385813468911916,8.607258984080037,0.42666666666666664,10.431787099380777,10.064166666666665
2023-10-04 22:30:00,1696484100.0,9.666666666666666,7.0,9.833333333333334,19.33333333333333,38.5,21.0,45.16666666666666,35.61324916666667,-119.6896135,,4.8330551812303275,14.500278152103,372.16666666666663,7.418985540435513,7.174196091454152,0.45166666666666666,7.798049210042779,7.4641666666666655
2023-10-04 23:30:00,1696487700.0,11.0,7.833333333333333,11.166666666666666,19.0,38.0,21.0,43.833333333333336,35.6132425,-119.6896095,,4.348496985390009,14.651503014609991,418.0,7.774224107521348,7.529772230045206,0.445,8.461078202860149,8.2
2023-10-05 00:30:00,1696491300.0,15.5,11.333333333333334,16.0,19.0,38.66666666666666,20.5,45.333333333333336,35.613243833333335,-119.6895905,,4.597378652444663,14.402621347555337,599.3333333333331,9.302652349906534,8.846513219463077,0.4225,10.720319606496313,10.483333333333334
2023-10-05 01:30:00,1696494900.0,13.666666666666666,9.833333333333334,14.0,19.0,39.833333333333336,21.0,45.833333333333336,35.613228,-119.68960683333334,,5.023931307971621,13.97606869202838,544.3888888888889,8.429018208610255,8.157391981038216,0.43166666666666664,9.663852016156238,9.430833333333332
2023-10-05 02:30:00,1696498500.0,18.33333333333333,13.166666666666666,18.666666666666668,19.0,40.0,20.5,46.5,35.6132615,-119.689546,,5.0839630425233215,13.916036957476678,733.3333333333331,9.904385948562812,9.578596659474318,0.4083333333333334,11.86992677041347,11.84333333333333
2023-10-05 03:30:00,1696502100.0,12.0,8.833333333333334,12.5,18.166666666666668,41.833333333333336,19.166666666666668,49.66666666666666,35.613194666666665,-119.68958283333332,,4.978899141658784,13.187767525007883,502.0,7.7350427885118105,7.4312023267775285,0.44,8.804926231436916,8.394166666666667
2023-10-05 04:30:00,1696505700.0,11.5,8.333333333333334,11.833333333333334,17.333333333333332,44.66666666666666,18.83333333333333,52.66666666666666,35.61323333333333,-119.68963633333334,,5.166953236787451,12.16638009654588,513.6666666666665,7.067516462951559,6.976279154868765,0.4425,8.294961544603847,7.893333333333334
2023-10-05 05:30:00,1696509300.0,13.5,9.333333333333334,14.0,16.333333333333332,47.5,17.333333333333332,58.0,35.61325083333333,-119.6895585,,5.139754489743827,11.193578843589506,641.25,7.061976215937198,7.292193228429389,0.4325,8.932385345081556,8.692499999999999
2023-10-05 06:30:00,1696512900.0,16.166666666666668,11.0,17.0,16.0,50.66666666666666,17.0,60.833333333333336,35.613272333333335,-119.68959783333334,,5.764286734880294,10.235713265119706,819.111111111111,7.446061716841796,7.778280874568337,0.41916666666666663,9.827341532271209,9.810000000000002
2023-10-05 07:30:00,1696516500.0,16.833333333333332,11.333333333333334,17.833333333333332,16.666666666666668,50.333333333333336,17.666666666666668,59.333333333333336,35.61323216666667,-119.68960316666666,,6.28338075312315,10.383285913543517,847.2777777777777,7.629336192841363,8.01922049957369,0.41583333333333333,10.159691195365511,10.184999999999999
2023-10-05 08:30:00,1696520100.0,16.333333333333332,10.666666666666666,17.166666666666668,20.83333333333333,42.16666666666666,20.83333333333333,53.333333333333336,35.61321266666667,-119.689626,,7.4982481975577135,13.335085135775614,688.7222222222221,8.270565112130695,8.731937192710955,0.41833333333333333,10.629752628330818,10.619166666666665
2023-10-05 09:30:00,1696523700.0,13.5,9.666666666666666,13.666666666666666,26.0,32.5,25.166666666666668,43.0,35.61322766666667,-119.68960566666664,,8.251001246799923,17.748998753200077,438.75,9.546453185300614,8.88442940803761,0.4325,9.970066062160134,9.967500000000001
2023-10-05 10:30:00,1696527300.0,12.0,9.0,12.833333333333334,30.0,25.666666666666668,28.666666666666668,35.333333333333336,35.6132695,-119.68958516666667,,8.207894808829236,21.792105191170762,308.0,10.638848398472952,9.147279098133055,0.44,9.731430765992338,9.768333333333334
2023-10-05 11:30:00,1696530900.0,11.166666666666666,8.5,11.5,33.5,21.166666666666668,31.166666666666668,30.5,35.613238833333334,-119.68957266666666,,8.291785922090115,25.208214077909886,236.36111111111111,11.452665282501165,9.368004203525723,0.44416666666666665,9.21996534363052,9.717500000000001
2023-10-05 12:30:00,1696534500.0,9.0,6.666666666666667,9.5,35.333333333333336,18.83333333333333,33.333333333333336,26.5,35.613233,-119.68962466666666,,8.07302790876087,27.260305424572465,169.49999999999994,7.711463311377105,7.646666859582138,0.455,7.959103131938781,8.789166666666667
2023-10-05 13:30:00,1696538100.0,8.166666666666666,6.166666666666667,8.166666666666666,35.5,17.333333333333332,33.5,24.166666666666668,35.61325716666666,-119.68958533333334,,6.9907562616992,28.5092437383008,141.55555555555554,7.204739175645269,7.244748756536849,0.45916666666666667,7.346719341067989,8.483333333333333
2023-10-05 14:30:00,1696541700.0,6.666666666666667,4.833333333333333,6.666666666666667,35.0,17.0,34.833333333333336,22.33333333333333,35.61332183333334,-119.68966166666668,,6.3054431517509615,28.69455684824904,113.33333333333334,6.091294403715105,6.419537375405404,0.4666666666666666,6.438165163666419,7.7316666666666665
2023-10-05 15:30:00,1696545300.0,5.166666666666667,4.0,5.166666666666667,33.833333333333336,16.666666666666668,34.833333333333336,20.666666666666668,35.61321133333333,-119.68961816666666,,5.081584647503439,28.751748685829895,86.11111111111113,5.171529256852827,5.594325994273958,0.4741666666666666,5.629648565062299,6.98
2023-10-05 16:30:00,1696548900.0,5.333333333333333,4.0,5.333333333333333,31.166666666666668,18.83333333333333,34.0,21.166666666666668,35.61322016666667,-119.68965516666668,,4.677277574068234,26.489389092598433,100.44444444444441,5.273622010288839,5.594449156342227,0.4733333333333334,5.83022025924963,6.8825
2023-10-05 17:30:00,1696552500.0,5.166666666666667,3.8333333333333335,5.333333333333333,29.666666666666668,21.33333333333333,33.0,24.0,35.61325566666667,-119.68962366666666,,5.234151658305658,24.43251500836101,110.2222222222222,5.139192434408625,5.393674847921989,0.4741666666666666,5.832531721164407,6.583333333333334
2023-10-05 18:30:00,1696556100.0,5.5,4.0,5.666666666666667,27.83333333333333,24.5,30.5,28.666666666666668,35.613224333333335,-119.68963,,5.697884538293022,22.135448795040308,134.75,5.3005445247029215,5.444083958646522,0.4725,6.035517055240808,6.487500000000001
2023-10-05 19:30:00,1696559700.0,14.166666666666666,10.0,14.666666666666666,25.0,29.166666666666668,27.166666666666668,34.666666666666664,35.613236,-119.68959166666666,,5.803179115973388,19.19682088402661,413.19444444444446,10.134778342371899,9.443816268964607,0.42916666666666664,10.6229617527598,10.5975
2023-10-05 20:30:00,1696563300.0,10.666666666666666,7.5,11.5,22.83333333333333,31.166666666666668,24.83333333333333,36.833333333333336,35.613227333333334,-119.68961316666666,,4.883186863679228,17.9501464696541,332.44444444444446,8.747578660763622,8.152345968026365,0.44666666666666666,8.809641097501121,8.6075
2023-10-05 21:30:00,1696566900.0,8.0,5.5,8.333333333333334,21.166666666666668,35.5,22.666666666666668,42.5,35.61323733333333,-119.68959166666669,,5.294597818948773,15.872068847717895,284.0,6.448610043412362,6.370359885363575,0.46,7.112885742729582,6.8525
2023-10-05 22:30:00,1696570500.0,6.0,4.166666666666667,6.333333333333333,20.0,36.16666666666666,22.0,42.5,35.61321916666667,-119.68962333333332,,4.529663570074763,15.470336429925236,216.99999999999994,5.264768146352505,5.222303961390226,0.47,6.128197480807987,5.755833333333333
2023-10-05 23:30:00,1696574100.0,5.833333333333333,4.0,5.833333333333333,20.0,35.833333333333336,22.0,41.0,35.613234166666665,-119.68958433333334,,4.397169686863622,15.602830313136378,209.02777777777777,5.1595010095366804,5.143353563255111,0.4708333333333334,5.963719222750326,5.6975
2023-10-06 00:30:00,1696577700.0,7.0,5.5,7.5,20.0,36.66666666666666,22.166666666666668,41.5,35.613248166666665,-119.68963383333332,,4.726393479001909,15.27360652099809,256.66666666666663,6.075521800619227,5.760501361528336,0.465,6.74777302995755,6.233333333333334
2023-10-06 01:30:00,1696581300.0,8.833333333333334,6.5,9.333333333333334,20.0,36.66666666666666,22.0,42.66666666666666,35.613201,-119.6896385,,4.726393479001909,15.27360652099809,323.8888888888888,7.0539184947991025,6.786610213148291,0.45583333333333337,7.59523691884644,7.186666666666667
2023-10-06 02:30:00,1696584900.0,11.833333333333334,8.666666666666666,12.166666666666666,20.0,39.0,21.666666666666668,45.5,35.61321266666667,-119.68963133333334,,5.614226835482823,14.385773164517177,461.5,8.079952686852195,7.680568899894455,0.44083333333333335,8.8609000435742,8.548333333333334
2023-10-06 03:30:00,1696588500.0,10.666666666666666,7.833333333333333,11.0,18.83333333333333,40.833333333333336,20.5,48.66666666666666,35.61322083333334,-119.68960333333332,,5.231042573163632,13.602290760169698,435.55555555555554,7.420668709666221,7.126238207834401,0.44666666666666666,8.191307167120916,7.785833333333333
2023-10-06 04:30:00,1696592100.0,11.166666666666666,8.0,11.666666666666666,17.5,49.333333333333336,18.166666666666668,61.66666666666666,35.6132455,-119.6895865,,6.758489940970936,10.741510059029064,550.8888888888889,6.26609390585583,6.3781384884836205,0.44416666666666665,7.797650171827686,7.323333333333332
2023-10-06 05:30:00,1696595700.0,13.166666666666666,9.166666666666666,13.666666666666666,16.666666666666668,50.16666666666666,18.0,59.66666666666666,35.613235333333336,-119.68958266666668,,6.235229531767548,10.43143713489912,660.5277777777776,6.668396324751698,6.906350719325344,0.43416666666666665,8.551657509547674,8.2925
2023-10-06 06:30:00,1696599300.0,16.333333333333332,11.0,17.166666666666668,16.0,52.16666666666666,17.166666666666668,62.66666666666666,35.61321516666667,-119.689598,,6.186880706978453,9.813119293021547,852.0555555555553,7.253176920656227,7.670446406305475,0.41833333333333333,9.716758983432413,9.769166666666667
2023-10-06 07:30:00,1696602900.0,21.0,14.0,22.5,17.0,49.833333333333336,18.666666666666668,57.0,35.61321566666667,-119.689603,,6.445348900947651,10.55465109905235,1046.5,8.942881048788948,9.357023781342946,0.395,12.08141163624394,12.394166666666667
2023-10-06 08:30:00,1696606500.0,22.5,14.666666666666666,23.83333333333333,22.5,37.833333333333336,23.83333333333333,44.5,35.613232333333336,-119.68959166666669,,7.401416447472681,15.09858355252732,851.25,10.507856351662285,11.093315072311157,0.3875,14.072829894914003,14.194166666666668
2023-10-06 09:30:00,1696610100.0,15.166666666666666,10.666666666666666,15.666666666666666,28.0,27.83333333333333,27.33333333333333,36.5,35.613223999999995,-119.6895675,,7.697844286100641,20.30215571389936,422.1388888888888,10.675910490279586,9.893683272006427,0.42416666666666664,11.168074944822187,11.230833333333333
2023-10-06 10:30:00,1696613700.0,10.833333333333334,8.166666666666666,11.333333333333334,31.0,23.33333333333333,29.5,32.0,35.613237500000004,-119.68961816666666,,7.647464542857253,23.352535457142746,252.77777777777774,10.788237727015048,9.035236233741951,0.44583333333333336,9.067856002305518,9.36
2023-10-06 11:30:00,1696617300.0,9.333333333333334,7.166666666666667,9.833333333333334,33.166666666666664,20.166666666666668,31.33333333333333,28.33333333333333,35.61322966666666,-119.68958933333332,,7.305886568071964,25.860780098594702,188.22222222222226,8.032382886244648,7.775903206373515,0.45333333333333337,8.247654973987371,8.849166666666667
2023-10-06 12:30:00,1696620900.0,8.166666666666666,6.333333333333333,8.5,34.833333333333336,18.33333333333333,33.0,26.166666666666668,35.6132395,-119.68961866666666,,7.271633931729514,27.56169940160382,149.72222222222217,7.262349352303048,7.20175208231857,0.45916666666666667,7.492752691642318,8.398333333333333
2023-10-06 13:30:00,1696624500.0,7.333333333333333,6.166666666666667,7.666666666666667,35.5,17.833333333333332,34.333333333333336,24.5,35.613235333333336,-119.68960433333332,,7.406722321961943,28.093277678038056,130.77777777777777,6.854282582198916,6.756837305055003,0.4633333333333334,7.060740559476619,8.0075
2023-10-06 14:30:00,1696628100.0,8.666666666666666,6.5,8.833333333333334,35.0,18.166666666666668,35.0,23.33333333333333,35.61322283333333,-119.689593,,7.273145024754465,27.726854975245537,157.44444444444446,7.530640935671775,7.488766063311908,0.45666666666666667,7.698581131702257,8.6725
2023-10-06 15:30:00,1696631700.0,9.0,7.0,9.166666666666666,34.0,18.33333333333333,35.0,22.83333333333333,35.613315,-119.68959933333332,,6.595171410715092,27.404828589284907,164.99999999999994,7.866967809044482,7.668165196691277,0.455,7.964418632567211,8.831666666666667
2023-10-06 16:30:00,1696635300.0,11.0,8.333333333333334,11.0,31.666666666666668,19.83333333333333,34.833333333333336,22.83333333333333,35.613202333333334,-119.68964883333332,,5.8315522913194355,25.83511437534723,218.16666666666663,11.594782444725228,9.458147158681829,0.445,9.102995381488457,9.744166666666668
2023-10-06 17:30:00,1696638900.0,12.0,9.166666666666666,12.166666666666666,30.33333333333333,22.166666666666668,33.833333333333336,25.0,35.61319916666667,-119.6896335,,6.342050630430915,23.991282702902414,266.0,11.42124364298065,9.518800873374973,0.44,9.709262585444648,10.065833333333334
2023-10-06 18:30:00,1696642500.0,13.833333333333334,10.333333333333334,14.166666666666666,28.5,25.166666666666668,31.5,29.166666666666668,35.613243833333335,-119.68958783333332,,6.650330584477787,21.849669415522214,348.1388888888889,11.203619717905141,9.765634284130881,0.43083333333333335,10.657773693524543,10.764166666666668
2023-10-06 19:30:00,1696646100.0,18.166666666666668,13.333333333333334,18.83333333333333,25.83333333333333,29.5,28.166666666666668,34.666666666666664,35.6132585,-119.68956116666668,,6.686725387568845,19.146607945764483,535.9166666666667,11.585749107909471,10.641772835502115,0.4091666666666666,12.806783195272756,12.649166666666666
2023-10-06 20:30:00,1696649700.0,17.666666666666668,12.666666666666666,18.5,23.666666666666668,33.333333333333336,26.5,38.5,35.61323183333334,-119.68958016666666,,6.582092296473229,17.084574370193437,588.8888888888889,10.630264864123095,10.080700584952803,0.4116666666666666,12.246213171032148,12.063333333333333
2023-10-06 21:30:00,1696653300.0,19.5,14.0,19.83333333333333,22.166666666666668,35.166666666666664,23.666666666666668,42.0,35.613257833333336,-119.68961716666666,,6.041096529405373,16.125570137261295,685.75,10.927534704624835,10.451374587456018,0.4025,12.889054900032164,12.860833333333334
2023-10-06 22:30:00,1696656900.0,12.0,8.5,12.5,21.0,35.333333333333336,23.0,41.333333333333336,35.613225166666666,-119.68962733333332,,5.079651406530264,15.920348593469736,424.0,8.487178664090443,8.121171337941089,0.44,9.181893984583489,8.946666666666665
2023-10-06 23:30:00,1696660500.0,11.166666666666666,8.166666666666666,11.5,21.0,35.0,23.0,39.5,35.613217,-119.6895855,,4.943416596955306,16.056583403044694,390.8333333333333,8.467435544215721,7.8996086156648095,0.44416666666666665,8.789853806526676,8.541666666666666
2023-10-07 00:30:00,1696664100.0,11.833333333333334,8.833333333333334,12.0,20.5,35.833333333333336,22.166666666666668,42.0,35.61320666666666,-119.689654,,4.839578742912926,15.660421257087073,424.0277777777778,8.669277916606028,8.016707648922857,0.44083333333333335,9.06288086235775,8.8175
2023-10-07 01:30:00,1696667700.0,14.0,10.5,14.5,19.166666666666668,37.833333333333336,20.666666666666668,44.833333333333336,35.61321816666666,-119.68961333333334,,4.434148088726127,14.73251857794054,529.6666666666667,9.112579362193827,8.472468437715232,0.43,10.104646900254675,9.774166666666666
2023-10-07 02:30:00,1696671000.0,12.8,9.4,13.4,18.2,39.2,19.4,46.0,35.6132492,-119.6895978,,4.078014054728435,14.121985945271565,501.76000000000005,8.35438646641198,7.957396152414509,0.436,9.41562328875889,9.034
2023-10-07 03:30:00,1696674601.0,12.4,9.0,13.0,18.0,43.6,18.6,53.0,35.613266800000005,-119.6896056,,5.42368207346414,12.576317926535861,540.64,7.540262451143169,7.367006247120996,0.43799999999999994,8.857030207275315,8.452
2023-10-07 04:30:00,1696677901.0,14.333333333333334,10.333333333333334,15.0,17.0,44.66666666666666,18.166666666666668,53.5,35.61323466666666,-119.68957783333332,,4.8640159941427745,12.135984005857225,640.2222222222221,7.997558251014618,7.849894699734074,0.42833333333333334,9.669994091370578,9.366666666666667
2023-10-07 05:30:00,1696681501.0,14.0,9.666666666666666,14.166666666666666,17.0,45.0,19.0,52.16666666666666,35.61324116666666,-119.68959666666666,,4.970795391518323,12.029204608481677,630.0,7.541578448786421,7.711733374124638,0.43,9.283022090871398,9.165
2023-10-07 06:30:00,1696685101.0,16.833333333333332,11.666666666666666,17.833333333333332,17.0,46.833333333333336,18.0,55.333333333333336,35.613217166666665,-119.68959066666666,,5.545876420036947,11.454123579963053,788.3611111111111,8.26669895942412,8.390742274815608,0.41583333333333333,10.588481587049344,10.4825
2023-10-07 07:30:00,1696688701.0,18.5,12.166666666666666,19.83333333333333,17.333333333333332,47.5,18.83333333333333,55.16666666666666,35.61319533333333,-119.6895955,,6.055177708310747,11.278155625022585,878.75,8.284733371383997,8.833867719368168,0.4075,11.218253434513091,11.2925
2023-10-07 08:30:00,1696692301.0,15.5,10.333333333333334,16.5,22.0,38.5,23.83333333333333,43.66666666666666,35.613232333333336,-119.68962233333332,,7.2118651359714825,14.788134864028518,596.75,8.680243708921804,8.864204732569835,0.4225,10.647929932127266,10.497499999999999
2023-10-07 09:30:00,1696695901.0,17.166666666666668,11.833333333333334,18.0,26.5,31.5,26.0,42.333333333333336,35.6132215,-119.68961083333332,,8.225430258395008,18.274569741604992,540.75,10.470074241976807,10.121139780033264,0.4141666666666666,12.015214718668634,11.959166666666668
2023-10-07 10:30:00,1696699501.0,14.666666666666666,10.5,14.833333333333334,30.666666666666668,25.666666666666668,29.33333333333333,34.666666666666664,35.61326416666667,-119.68961466666669,,8.772309806308737,21.89435686035793,376.44444444444446,11.104618550406387,9.969505493300403,0.42666666666666664,10.91656564823945,11.155000000000001
2023-10-07 11:30:00,1696703101.0,14.833333333333334,10.833333333333334,15.5,34.0,21.33333333333333,32.166666666666664,29.666666666666668,35.613255833333334,-119.68959316666668,,8.820902370229236,25.179097629770766,316.4444444444444,12.188051129230093,10.480873983774071,0.42583333333333334,11.30367919641052,11.61
2023-10-07 12:30:00,1696706701.0,14.666666666666666,10.833333333333334,15.166666666666666,36.5,18.83333333333333,34.833333333333336,25.83333333333333,35.613248166666665,-119.68961466666669,,9.022055868766078,27.477944131233922,276.2222222222221,12.815679005914337,10.694857530677481,0.42666666666666664,11.198199328404058,11.735833333333334
2023-10-07 13:30:00,1696710301.0,12.833333333333334,9.5,13.166666666666666,37.333333333333336,16.833333333333332,36.16666666666666,22.33333333333333,35.613226000000004,-119.68963616666667,,8.035355851185033,29.297977482148305,216.02777777777777,12.814651708185366,10.341875041281025,0.43583333333333335,10.09361140323928,10.9525
2023-10-07 14:30:00,1696713901.0,9.666666666666666,7.333333333333333,10.0,37.5,16.0,36.833333333333336,20.666666666666668,35.61326233333333,-119.6896095,,7.422809796429387,30.077190203570613,154.66666666666666,8.257055307649317,8.141621261365426,0.45166666666666666,8.246473673822559,9.376666666666665
2023-10-07 15:30:00,1696717501.0,8.666666666666666,6.666666666666667,9.333333333333334,36.333333333333336,16.333333333333332,37.0,20.666666666666668,35.613297,-119.689617,,6.792678379533671,29.540654953799667,141.55555555555554,7.600785630125232,7.5675932993787525,0.45666666666666667,7.797698719276392,8.828333333333333
2023-10-07 16:30:00,1696721101.0,8.833333333333334,6.833333333333333,9.0,34.0,18.0,36.5,21.33333333333333,35.61325,-119.6895905,,6.328353694682783,27.671646305317218,159.0,7.7424621508516545,7.589214798556162,0.45583333333333337,7.858747986383273,8.773333333333333
2023-10-07 17:30:00,1696724701.0,9.5,7.0,9.833333333333334,32.0,20.166666666666668,35.5,23.0,35.61323816666667,-119.68962083333334,,6.347022457905101,25.6529775420949,191.58333333333334,8.052841418855923,7.869185829248057,0.4525,8.280340351526883,8.935833333333333
2023-10-07 18:30:00,1696728301.0,9.666666666666666,7.5,10.166666666666666,29.83333333333333,22.83333333333333,33.0,26.33333333333333,35.613273666666664,-119.68958416666668,,6.35564244151908,23.477690891814248,220.72222222222217,8.249135584632947,7.847810654207187,0.45166666666666666,8.491994905300219,8.795833333333334
2023-10-07 19:30:00,1696731901.0,11.666666666666666,8.666666666666666,12.0,27.33333333333333,29.166666666666668,29.83333333333333,34.5,35.61325316666667,-119.68958283333332,,7.8130979665588685,19.52023536677446,340.27777777777777,9.798093764318068,8.672979023495216,0.44166666666666665,9.29350100467428,9.2975
2023-10-07 20:30:00,1696735501.0,16.666666666666668,12.166666666666666,17.166666666666668,25.33333333333333,29.666666666666668,27.83333333333333,34.833333333333336,35.61322083333334,-119.68961316666666,,6.337137284817045,18.996196048516282,494.4444444444445,11.050842836584373,10.161578975113724,0.41666666666666663,11.957242563452098,11.855
2023-10-07 21:30:00,1696739401.0,8.2,6.2,8.6,24.6,25.6,27.4,28.6,35.6132506,-119.6896056,,3.591058951228112,21.008941048771888,209.92,7.161764861218135,6.907966107573985,0.45899999999999996,7.666654879267891,7.797999999999999
2023-10-07 22:30:00,1696742701.0,4.5,3.333333333333333,5.0,23.166666666666668,26.0,25.33333333333333,30.33333333333333,35.61322966666667,-119.6896105,,2.591662104382384,20.575004562284285,117.0,4.69487267559134,4.8198932100718554,0.4775,5.67466476169013,5.84
2023-10-07 23:30:00,1696746301.0,4.833333333333333,3.6666666666666665,5.166666666666667,22.0,29.166666666666668,24.5,33.166666666666664,35.6132335,-119.68962233333332,,3.215314406320043,18.784685593679956,140.97222222222223,4.881860635795004,4.870302320796389,0.47583333333333333,5.7892395772833805,5.744166666666667
2023-10-08 00:30:00,1696749901.0,5.0,3.6666666666666665,5.166666666666667,22.33333333333333,27.0,24.83333333333333,30.166666666666668,35.61321833333333,-119.68962883333334,,2.4119358872806718,19.92139744605266,135.0,4.994224117736895,5.056744404477201,0.475,5.8533049937813075,6.015
2023-10-08 01:30:00,1696753501.0,4.333333333333333,3.1666666666666665,4.333333333333333,21.83333333333333,28.0,23.666666666666668,33.0,35.613242666666665,-119.68965416666668,,2.4951925890583047,19.338140744275023,121.33333333333333,4.54202086042832,4.640617238760757,0.47833333333333333,5.4409791557176845,5.583333333333333
2023-10-08 02:30:00,1696757101.0,9.833333333333334,7.166666666666667,10.166666666666666,19.83333333333333,37.66666666666666,20.83333333333333,47.333333333333336,35.61321816666666,-119.68962616666666,,4.964492872259885,14.868840461073443,370.3888888888888,7.578346092886658,7.303309276177259,0.45083333333333336,7.975186800049121,7.621666666666668
2023-10-08 03:30:00,1696760701.0,7.333333333333333,5.0,7.333333333333333,19.0,36.0,20.666666666666668,41.5,35.61323566666667,-119.68963866666668,,3.577960975877511,15.422039024122489,264.0,6.035518101691084,5.9757310567562705,0.4633333333333334,6.702981037727712,6.463333333333333
2023-10-08 04:30:00,1696764301.0,6.5,4.666666666666667,6.833333333333333,19.0,36.16666666666666,20.5,43.0,35.61323483333333,-119.68960333333332,,3.6436001242830938,15.356399875716907,235.08333333333326,5.627114388505216,5.502151830013851,0.4675,6.416360009990193,6.015833333333333
2023-10-08 05:30:00,1696767901.0,8.833333333333334,6.5,9.166666666666666,19.0,36.16666666666666,20.33333333333333,42.333333333333336,35.613250666666666,-119.6896225,,3.6436001242830938,15.356399875716907,319.4722222222222,7.088453699601347,6.80810855025743,0.45583333333333337,7.596298732212415,7.229166666666668
2023-10-08 06:30:00,1696771501.0,11.0,7.666666666666667,11.333333333333334,19.0,36.833333333333336,20.5,42.5,35.613217166666665,-119.6895765,,3.9035087801501964,15.096491219849803,405.1666666666667,7.829460049425648,7.653612821792512,0.445,8.555809659119925,8.299166666666666
2023-10-08 07:30:00,1696775101.0,12.666666666666666,8.666666666666666,13.333333333333334,18.166666666666668,43.5,19.0,53.833333333333336,35.6132005,-119.689621,,5.541528139067924,12.625138527598743,551.0,7.276529272508878,7.459843794501785,0.43666666666666665,8.913360311764434,8.599166666666667
2023-10-08 08:30:00,1696778701.0,13.333333333333334,9.333333333333334,13.666666666666666,21.166666666666668,39.5,22.166666666666668,48.0,35.61319783333334,-119.68962216666668,,6.842223431854938,14.32444323481173,526.6666666666667,8.225312137240754,8.089996707855814,0.43333333333333335,9.45347884028729,9.285833333333333
2023-10-08 09:30:00,1696782301.0,19.5,13.833333333333334,19.83333333333333,26.5,30.83333333333333,26.666666666666668,38.5,35.61323733333333,-119.68959916666668,,7.9103613135379245,18.589638686462074,601.2499999999999,11.480600743174836,10.911353928231726,0.4025,13.2046448979203,13.229166666666668
2023-10-08 10:30:00,1696785901.0,14.833333333333334,11.0,15.166666666666666,31.83333333333333,20.666666666666668,30.666666666666668,27.666666666666668,35.613260333333336,-119.68959183333334,,6.565897020282493,25.267436313050837,306.5555555555556,12.365142803729816,10.551640036201103,0.42583333333333334,11.326109711816185,11.666666666666668
2023-10-08 11:30:00,1696789501.0,15.5,11.166666666666666,15.666666666666666,34.833333333333336,17.5,33.0,24.166666666666668,35.613206166666664,-119.68958666666668,,6.592627981262493,28.240705352070844,271.25,13.065989512583846,11.093335384021342,0.4225,11.624025135544638,12.2825
2023-10-08 12:30:00,1696793101.0,10.666666666666666,7.666666666666667,11.0,36.833333333333336,15.5,35.0,21.166666666666668,35.613249833333334,-119.689579,,6.4288610673706525,30.40447226596268,165.33333333333331,12.389621682680493,9.815348200061619,0.44666666666666666,8.78097840673079,9.939166666666667
2023-10-08 13:30:00,1696796701.0,21.0,16.0,21.166666666666668,38.16666666666666,14.166666666666666,36.833333333333336,18.666666666666668,35.61326666666667,-119.68958016666666,,6.175934280554206,31.99073238611245,297.5,15.906672192271744,13.14300758618916,0.395,14.979813772976641,15.425833333333333
2023-10-08 14:30:00,1696800301.0,12.666666666666666,9.166666666666666,13.0,38.0,14.333333333333334,37.333333333333336,18.166666666666668,35.613242500000005,-119.68959416666668,,6.214634935896105,31.785365064103896,181.55555555555554,13.261006824170082,10.555858588184435,0.43666666666666665,9.920334390306317,11.078333333333333
2023-10-08 15:30:00,1696803901.0,26.666666666666668,14.333333333333334,28.83333333333333,36.833333333333336,14.666666666666666,37.833333333333336,17.833333333333332,35.61323516666667,-119.68956366666669,,5.628067366580317,31.205265966753018,391.1111111111111,13.070706392155998,14.837164136599505,0.36666666666666664,17.921619155628335,18.330000000000002
2023-10-08 16:30:00,1696807501.0,14.333333333333334,10.0,14.833333333333334,34.5,16.0,37.16666666666666,18.166666666666668,35.613194166666666,-119.68959416666668,,5.028690342263008,29.47130965773699,229.33333333333334,12.86877716571474,10.89283495409645,0.42833333333333334,11.00531642801524,11.803333333333335
2023-10-08 17:30:00,1696811101.0,9.5,7.0,9.5,32.5,17.0,36.5,18.666666666666668,35.61322166666667,-119.689621,,4.292831274811764,28.207168725188236,161.5,8.12256110364151,8.005341964272606,0.4525,8.184891451691769,9.205
2023-10-08 18:30:00,1696814701.0,5.0,3.5,5.0,30.5,17.0,33.666666666666664,19.166666666666668,35.61325016666667,-119.6896145,,2.680049474766822,27.81995052523318,85.0,4.964910398584379,5.48671114665999,0.475,5.573696113867671,6.865
2023-10-08 19:30:00,1696818301.0,3.1666666666666665,2.0,3.1666666666666665,27.666666666666668,18.33333333333333,30.166666666666668,21.0,35.613247333333334,-119.68958016666666,,1.440878280309819,26.22578838635685,58.055555555555536,3.6868966300983868,4.40327339608233,0.48416666666666663,4.59325554375444,5.798333333333334
2023-10-08 20:30:00,1696821901.0,2.6666666666666665,1.8333333333333333,2.6666666666666665,25.83333333333333,18.666666666666668,28.83333333333333,21.0,35.613245,-119.68959683333333,,0.19324446155715594,25.64008887177617,49.77777777777778,3.4467575644772745,4.1090933027192795,0.48666666666666664,4.396389012061642,5.51
2023-10-08 21:30:00,1696825501.0,2.5,1.5,2.6666666666666665,25.0,18.83333333333333,28.33333333333333,21.5,35.61322783333333,-119.68960933333334,,-0.3667579409670335,25.366757940967034,47.08333333333332,3.2656280556703887,4.0086445674750255,0.4875,4.334443379537785,5.409166666666667
2023-10-08 22:30:00,1696829101.0,2.0,1.1666666666666667,2.1666666666666665,24.166666666666668,20.5,27.0,23.5,35.613236666666666,-119.68963616666667,,0.11545018574014301,24.051216480926524,41.0,2.9529626344801647,3.6571355751542693,0.49,4.1091918753666015,5.0075
2023-10-08 23:30:00,1696832701.0,2.0,1.0,2.0,24.0,21.0,27.0,23.0,35.6132145,-119.68964516666666,,0.31031101946744505,23.689688980532555,42.0,2.892639952115602,3.6356372380451303,0.49,4.049010685274486,4.965
2023-10-09 00:30:00,1696836301.0,2.5,1.6666666666666667,2.6666666666666665,23.5,22.0,26.166666666666668,25.5,35.61322916666666,-119.689607,,0.538018870418502,22.9619811295815,55.0,3.345391932829791,3.872488432450475,0.4875,4.450840279837118,5.14
2023-10-09 01:30:00,1696839901.0,2.5,1.8333333333333333,2.5,23.0,22.0,25.83333333333333,25.0,35.613213333333334,-119.68963366666668,,0.12036537416981932,22.87963462583018,55.0,3.414524883758825,3.872488432450475,0.4875,4.447657283129059,5.14
2023-10-09 02:30:00,1696843501.0,3.1666666666666665,2.6666666666666665,3.5,21.33333333333333,25.83333333333333,22.5,32.0,35.613250666666666,-119.68962733333332,,0.9404091052414444,20.392924228091886,81.80555555555554,3.9666367653692634,4.080798339445239,0.48416666666666663,5.000747699828057,5.160833333333334
2023-10-09 03:30:00,1696847101.0,3.6666666666666665,2.833333333333333,4.166666666666667,19.33333333333333,31.666666666666668,20.666666666666668,38.5,35.61324,-119.6896005,,2.0601273996148426,17.273205933718486,116.11111111111111,4.116595378668338,4.109832275128902,0.48166666666666663,5.217875179131907,4.925
2023-10-09 04:30:00,1696850701.0,5.666666666666667,4.0,5.833333333333333,18.0,33.666666666666664,20.0,39.66666666666666,35.613222,-119.689607,,1.7503926688552254,16.249607331144773,190.77777777777777,5.20085666617704,5.143230401186841,0.4716666666666666,6.066057385655301,5.795
2023-10-09 05:30:00,1696854301.0,4.833333333333333,3.333333333333333,5.166666666666667,18.33333333333333,30.0,20.666666666666668,33.833333333333336,35.613233,-119.68963983333332,,0.43620057723755723,17.897132756095772,145.0,4.772173109344044,4.8344717589478226,0.47583333333333333,5.784274309299885,5.673333333333333
2023-10-09 06:30:00,1696857901.0,3.333333333333333,2.0,3.5,19.0,26.33333333333333,20.83333333333333,30.0,35.613246333333336,-119.68964133333331,,-0.7857754667832585,19.78577546678326,87.77777777777776,3.7971533738933063,4.15258262521064,0.48333333333333334,4.958359278215335,5.205
2023-10-09 07:30:00,1696861501.0,5.833333333333333,3.5,6.333333333333333,17.666666666666668,33.5,18.166666666666668,42.833333333333336,35.613248166666665,-119.68961733333332,,1.3879520571333517,16.278714609533317,195.41666666666666,5.0788679182117615,5.243679136431095,0.4708333333333334,6.144717955117992,5.895833333333333
2023-10-09 08:30:00,1696865101.0,7.666666666666667,5.166666666666667,8.166666666666666,20.33333333333333,32.833333333333336,21.5,40.0,35.61323866666667,-119.68959416666668,,3.4449973606108117,16.888335972722516,251.72222222222226,6.337516956592241,6.298452437529903,0.46166666666666667,7.1152124638397405,6.905833333333333
2023-10-09 09:30:00,1696868701.0,8.833333333333334,5.833333333333333,9.166666666666666,23.83333333333333,28.83333333333333,24.0,37.16666666666666,35.61318766666667,-119.68958916666666,,4.632470069859421,19.200863263473906,254.69444444444443,7.138920068631543,7.1234174945248085,0.45583333333333337,7.750814931066504,7.852500000000001
2023-10-09 10:30:00,1696872301.0,6.833333333333333,5.166666666666667,7.333333333333333,28.83333333333333,21.0,28.166666666666668,27.33333333333333,35.61322966666667,-119.6896085,,4.317934296996775,24.515399036336554,143.5,6.319649183490114,6.340833301406828,0.4658333333333334,6.904683714760624,7.4783333333333335
2023-10-09 11:30:00,1696875901.0,6.666666666666667,5.0,7.0,32.5,16.666666666666668,30.5,23.5,35.6132565,-119.68959066666666,,4.01018436939026,28.48981563060974,111.11111111111113,6.194100206978639,6.4338696001448294,0.4666666666666666,6.620075853411477,7.76
2023-10-09 12:30:00,1696879501.0,7.333333333333333,5.666666666666667,8.0,32.166666666666664,17.0,31.166666666666668,23.33333333333333,35.61328966666667,-119.68959033333331,,4.024200674265535,28.142465992401128,124.66666666666666,6.725095583131464,6.792667866903568,0.4633333333333334,7.145645441094559,8.078333333333333
2023-10-09 13:30:00,1696883101.0,3.6666666666666665,2.6666666666666665,3.6666666666666665,31.33333333333333,15.0,32.0,18.5,35.613237500000004,-119.68957133333332,,1.5900734918685047,29.743259841464823,55.0,4.0650290561958675,4.826443512100217,0.48166666666666663,4.712790656781891,6.341666666666667
2023-10-09 14:30:00,1696886701.0,3.333333333333333,2.0,3.8333333333333335,30.33333333333333,16.0,32.0,19.166666666666668,35.613251166666664,-119.68959566666666,,1.6943975827899598,28.638935750543368,53.33333333333333,3.7012428123508845,4.5968815921328545,0.48333333333333334,4.649519932265098,6.083333333333333
2023-10-09 15:30:00,1696890301.0,7.166666666666667,5.333333333333333,7.333333333333333,29.666666666666668,21.0,31.5,25.666666666666668,35.613219666666666,-119.68960183333331,,5.007606299393239,24.65906036727343,150.5,6.503819500612594,6.527398547155912,0.4641666666666666,6.970986332347133,7.651666666666667
2023-10-09 16:30:00,1696893901.0,12.333333333333334,8.666666666666666,12.833333333333334,27.0,27.83333333333333,29.0,33.666666666666664,35.613246833333335,-119.68962583333332,,6.84176553490002,20.15823446509998,343.2777777777777,9.868693528820796,9.02006772714112,0.43833333333333335,9.68611120506255,9.7575
2023-10-09 17:30:00,1696897501.0,12.666666666666666,9.333333333333334,12.833333333333334,25.0,31.5,27.0,37.833333333333336,35.61328316666667,-119.689593,,6.921384494786905,18.078615505213094,399.0,9.61654355702011,8.733632738188362,0.43666666666666665,9.672909575923192,9.619166666666667
2023-10-09 18:30:00,1696901101.0,11.666666666666666,8.0,11.666666666666666,22.5,36.5,24.5,43.66666666666666,35.61325633333333,-119.689616,,6.876869281401877,15.623130718598123,425.8333333333333,8.058058803536094,7.894552446797865,0.44166666666666665,8.734453061641313,8.674166666666666
2023-10-09 19:30:00,1696904701.0,11.166666666666666,8.0,11.5,21.33333333333333,40.0,22.83333333333333,49.0,35.613248166666665,-119.68960316666666,,7.1751299206330055,14.158203412700324,446.66666666666663,7.615004363475346,7.368863222462069,0.44416666666666665,8.416420555427571,8.116666666666667
2023-10-09 20:30:00,1696908301.0,13.0,9.0,13.166666666666666,20.166666666666668,43.66666666666666,21.5,52.5,35.61327483333333,-119.6895945,,7.408268315523259,12.75839835114341,567.6666666666665,7.466954498507871,7.544930580790947,0.435,8.9086812012172,8.758333333333333
2023-10-09 21:30:00,1696911901.0,15.166666666666666,10.5,15.5,19.0,46.66666666666666,20.33333333333333,56.5,35.61324116666667,-119.6896095,,7.320791256460084,11.679208743539917,707.7777777777776,7.763585084246432,7.894542290942773,0.42416666666666664,9.666992802347693,9.63
2023-10-09 22:30:00,1696915501.0,17.5,11.666666666666666,18.0,18.166666666666668,47.5,19.666666666666668,56.66666666666666,35.61322533333333,-119.68960833333334,,6.817797902638338,11.34886876402833,831.25,8.103209051081897,8.525532821180413,0.4125,10.583507136136259,10.772499999999999
2023-10-09 23:30:00,1696919101.0,14.333333333333334,9.5,14.833333333333334,17.666666666666668,49.16666666666666,18.666666666666668,59.16666666666666,35.61322833333333,-119.689644,,6.862320733765456,10.804345932901212,704.7222222222222,6.864991330798967,7.372223845851607,0.42833333333333334,9.050807258011494,8.984166666666667
2023-10-10 00:30:00,1696922701.0,15.5,10.0,16.0,16.333333333333332,50.333333333333336,17.333333333333332,61.833333333333336,35.613236,-119.6895625,,5.97614484280561,10.357188490527722,780.1666666666667,6.8837104279248,7.608107301990016,0.4225,9.395964222472942,9.491666666666667
2023-10-10 01:30:00,1696926301.0,13.833333333333334,9.166666666666666,14.666666666666666,16.0,53.16666666666666,16.833333333333332,64.16666666666667,35.61324066666666,-119.68961966666666,,6.462683932107854,9.537316067892146,735.4722222222222,6.199165390315087,6.793460082195537,0.43083333333333335,8.563378273515372,8.384166666666669
2023-10-10 02:30:00,1696930200.5714283,12.857142857142858,8.571428571428571,13.714285714285714,15.285714285714286,55.42857142857143,15.857142857142858,68.14285714285714,35.613216,-119.68962985714286,,6.404034376342599,8.881679909371687,712.6530612244899,5.633104398993963,6.25236738465863,0.4357142857142857,7.97824688330833,7.684285714285714
2023-10-10 03:30:00,1696934100.0,13.0,8.5,13.5,15.0,57.333333333333336,15.5,69.5,35.61322533333333,-119.68963866666668,,6.628605149915901,8.371394850084098,745.3333333333334,5.33445230011732,6.094226506036789,0.435,7.732768030692249,7.596666666666666
2023-10-10 04:30:00,1696937700.0,12.666666666666666,8.0,13.166666666666666,15.0,57.66666666666666,15.333333333333334,69.5,35.613262166666665,-119.689631,,6.713043254366244,8.286956745633756,730.4444444444443,4.984725940281292,5.956065180427355,0.43666666666666665,7.524543383538287,7.3950000000000005
2023-10-10 05:30:00,1696941300.0,13.5,8.666666666666666,14.0,15.0,58.0,15.5,69.83333333333333,35.61324166666667,-119.68962083333334,,6.79705130327828,8.20294869672172,783.0,5.311625314204422,6.177627902703635,0.4325,7.832077750727838,7.8
2023-10-10 06:30:00,1696944900.0,15.166666666666666,9.5,16.333333333333332,14.5,58.66666666666666,15.0,70.83333333333333,35.61325516666667,-119.6896135,,6.494416445055078,8.005583554944922,889.7777777777776,5.613541816876009,6.620753347256197,0.42416666666666664,8.534151421331455,8.61
2023-10-10 07:30:00,1696948500.0,17.833333333333332,10.166666666666666,19.166666666666668,14.666666666666666,58.833333333333336,15.666666666666666,69.5,35.613218833333335,-119.68958516666667,,6.692203447885769,7.9744632187808975,1049.1944444444443,5.74477361836747,7.425288229316787,0.4108333333333334,9.38284343959435,9.9825
2023-10-10 08:30:00,1696952100.0,14.166666666666666,8.5,15.0,18.666666666666668,49.333333333333336,19.0,61.66666666666666,35.61320666666666,-119.68960833333334,,7.830771739894935,10.835894926771733,698.8888888888889,6.181070072925808,7.303143183046888,0.42916666666666664,8.887840767984715,8.883333333333333
2023-10-10 09:30:00,1696955700.0,10.166666666666666,6.333333333333333,10.833333333333334,22.666666666666668,41.16666666666666,21.666666666666668,56.0,35.61322933333333,-119.68963616666667,,8.794377459298717,13.87228920736795,418.52777777777766,6.477283887793819,6.936687732527009,0.44916666666666666,7.767192427444038,7.4975000000000005
2023-10-10 10:30:00,1696959300.0,5.5,3.5,5.5,25.33333333333333,36.5,23.166666666666668,53.0,35.613247,-119.68961833333331,,9.38513114815287,15.948202185180458,200.75,4.788922352480051,4.928123868027176,0.4725,5.636199351714149,5.4675
2023-10-10 11:30:00,1696962900.0,5.5,3.8333333333333335,5.5,26.83333333333333,33.0,24.666666666666668,49.5,35.613232833333335,-119.68959166666669,,9.204600183732435,17.628733149600894,181.5,5.018373384194441,5.078612227791152,0.4725,5.790422891850701,5.765000000000001
2023-10-10 12:30:00,1696966500.0,4.833333333333333,3.1666666666666665,4.833333333333333,27.33333333333333,32.166666666666664,24.83333333333333,48.333333333333336,35.61318766666667,-119.68956,,9.260497870407006,18.07283546292632,155.4722222222222,4.556595707954725,4.741312298141552,0.47583333333333333,5.433081356321295,5.489166666666666
2023-10-10 13:30:00,1696970100.0,4.0,2.333333333333333,4.0,28.33333333333333,30.83333333333333,26.166666666666668,45.66666666666666,35.613251,-119.68961466666669,,9.498857473221719,18.83447586011161,123.33333333333331,3.9739757877160224,4.332228082726551,0.48,4.975333714381386,5.169166666666667
2023-10-10 14:30:00,1696973700.0,3.6666666666666665,2.5,4.0,28.5,30.166666666666668,26.5,44.66666666666666,35.61324183333333,-119.68962483333333,,9.317605074081232,19.182394925918768,110.61111111111111,3.930785695644712,4.174327286456321,0.48166666666666663,4.968550757500734,5.0525
2023-10-10 15:30:00,1696977300.0,4.833333333333333,3.1666666666666665,5.0,27.666666666666668,31.666666666666668,26.83333333333333,43.833333333333336,35.613278666666666,-119.68959683333333,,9.317484531079964,18.3491821355867,153.05555555555554,4.5671476548621195,4.762810635250691,0.47583333333333333,5.483994402521306,5.531666666666666
2023-10-10 16:30:00,1696980900.0,4.833333333333333,3.1666666666666665,5.0,25.5,34.833333333333336,26.33333333333333,44.5,35.61324416666667,-119.68961966666666,,8.838048587175559,16.661951412824443,168.36111111111111,4.495405818057159,4.626654500226142,0.47583333333333333,5.4307038033561845,5.262499999999999
2023-10-10 17:30:00,1696984500.0,4.0,3.0,4.333333333333333,24.0,38.833333333333336,25.83333333333333,46.5,35.6132285,-119.689612,,9.122199027973222,14.877800972026778,155.33333333333334,4.049308540014237,3.98825468898032,0.48,5.028058743059546,4.489166666666666
2023-10-10 18:30:00,1696988100.0,4.5,3.1666666666666665,5.0,22.5,42.333333333333336,24.33333333333333,51.0,35.6132165,-119.68962083333334,,9.058835597171422,13.441164402828578,190.5,4.163905304674391,4.117614197839968,0.4775,5.162679867242554,4.451666666666666
2023-10-10 19:30:00,1696991700.0,5.666666666666667,4.166666666666667,6.0,22.0,45.0,23.83333333333333,53.5,35.61324066666666,-119.68960316666666,,9.515000629294176,12.484999370705824,255.0,4.787443655201049,4.655934760046348,0.4716666666666666,5.565191572125225,4.831666666666667
2023-10-10 20:30:00,1696995300.0,6.5,5.0,6.833333333333333,21.0,48.66666666666666,23.0,58.0,35.613209166666664,-119.68962616666666,,9.770862723984024,11.229137276015976,316.33333333333326,5.179199170067921,4.9646934022853655,0.4675,5.789067026304085,4.953333333333334
2023-10-10 21:30:00,1696998900.0,4.5,3.333333333333333,4.666666666666667,20.83333333333333,47.5,22.33333333333333,56.66666666666666,35.61324,-119.68966033333334,,9.25676329728734,11.576570036045988,213.75,4.047902192634599,3.8954647143788605,0.4775,4.891882688784265,4.012499999999999
2023-10-10 22:30:00,1697002500.0,4.333333333333333,3.1666666666666665,4.5,19.666666666666668,44.5,21.166666666666668,52.66666666666666,35.613228666666664,-119.68964383333334,,7.231792720702138,12.43487394596453,192.83333333333331,4.057524609426395,3.931172114159156,0.47833333333333333,4.964086249138275,4.180833333333333
2023-10-10 23:30:00,1697006100.0,2.833333333333333,1.8333333333333333,3.0,18.5,39.833333333333336,19.5,46.5,35.613226,-119.68959666666666,,4.575783603684797,13.924216396315202,112.8611111111111,3.2574492881338837,3.2922796546402515,0.48583333333333334,4.420876876755104,3.7974999999999994
2023-10-11 00:30:00,1697009700.0,2.6666666666666665,1.3333333333333333,2.6666666666666665,17.666666666666668,34.5,18.666666666666668,39.66666666666666,35.613233,-119.68960433333332,,1.7991410853720557,15.867525581294611,92.0,3.1565362774539545,3.4283126275965308,0.48666666666666664,4.4024145514537745,4.164166666666667
2023-10-11 01:30:00,1697013300.0,2.833333333333333,1.5,3.0,16.333333333333332,39.16666666666666,17.166666666666668,46.333333333333336,35.613198833333335,-119.6895965,,2.3950328838255013,13.938300449507832,110.97222222222219,3.1678323963253447,3.3209441041191043,0.48583333333333334,4.4197145249928935,3.854166666666667
2023-10-11 02:30:00,1697016900.0,3.0,2.0,3.1666666666666665,16.0,44.5,17.0,52.5,35.613254500000004,-119.68966416666666,,3.9017253052092373,12.098274694790764,133.5,3.2532856723773738,3.184911131162825,0.485,4.3710843446643,3.4875
2023-10-11 03:30:00,1697020500.0,2.6666666666666665,1.6666666666666667,3.1666666666666665,16.0,50.5,17.333333333333332,60.16666666666666,35.613233666666666,-119.68959183333334,,5.716651651082079,10.283348348917922,134.66666666666666,2.843953995229434,2.740365840104069,0.48666666666666664,4.044385912032227,2.8041666666666663
2023-10-11 04:30:00,1697024100.0,2.5,1.5,2.833333333333333,16.166666666666668,53.5,17.166666666666668,64.16666666666667,35.6132615,-119.6896135,,6.70833290887861,9.458333757788058,133.75,2.639516030708684,2.5180931945746914,0.4875,3.7877338117379944,2.4624999999999995
2023-10-11 05:30:00,1697027700.0,3.8333333333333335,2.1666666666666665,4.166666666666667,16.0,52.0,17.0,62.16666666666666,35.613223999999995,-119.689598,,6.140460035859383,9.859539964140616,199.33333333333334,3.2869838057691294,3.328849188898441,0.48083333333333333,4.367375251791257,3.283333333333333
2023-10-11 06:30:00,1697031300.0,4.0,2.5,4.5,16.0,49.66666666666666,17.0,59.333333333333336,35.61322233333333,-119.68961333333334,,5.47637139236258,10.52362860763742,198.66666666666663,3.5452069809153204,3.522457384948966,0.48,4.634630988098563,3.5683333333333342
2023-10-11 07:30:00,1697034900.0,3.6666666666666665,2.0,4.5,16.0,44.16666666666666,17.0,51.833333333333336,35.613247666666666,-119.68959416666668,,3.794670575549169,12.20532942445083,161.9444444444444,3.460388650385424,3.572373847400417,0.48166666666666663,4.783079364369353,3.8625000000000007
2023-10-11 08:30:00,1697038500.0,3.0,2.0,3.6666666666666665,16.666666666666668,41.5,17.166666666666668,49.333333333333336,35.61325216666666,-119.68958133333332,,3.5124540336517316,13.154212633014936,124.5,3.3391561276869517,3.3139011538176613,0.485,4.608895686537554,3.7424999999999997
2023-10-11 09:30:00,1697042100.0,4.0,2.0,4.166666666666667,18.166666666666668,39.16666666666666,18.5,47.66666666666666,35.61328316666667,-119.68957133333332,,4.03605439605923,14.130612270607438,156.66666666666663,3.7111850859401847,3.973922464240894,0.48,4.893501822018523,4.460833333333333
2023-10-11 10:30:00,1697045700.0,3.333333333333333,2.0,3.8333333333333335,20.0,34.0,19.33333333333333,44.0,35.613224833333334,-119.68959683333333,,3.648351022769817,16.351648977230184,113.33333333333333,3.623755094129332,3.8229414562038357,0.48333333333333334,4.873568014820016,4.553333333333333
2023-10-11 11:30:00,1697049300.0,2.1666666666666665,1.1666666666666667,2.833333333333333,22.0,29.5,21.0,38.0,35.6132435,-119.68960316666666,,3.376391079696698,18.6236089203033,63.916666666666664,2.9716824157768236,3.363448130064301,0.48916666666666664,4.369024205691235,4.329166666666667
2023-10-11 12:30:00,1697052900.0,2.0,1.0,2.1666666666666665,22.83333333333333,26.666666666666668,22.33333333333333,34.5,35.6132565,-119.68960833333334,,2.6643369556835754,20.168996377649755,53.333333333333336,2.8746811825805763,3.391989417474883,0.49,4.146718106219281,4.4833333333333325
2023-10-11 13:30:00,1697056500.0,2.5,1.0,2.833333333333333,23.0,26.5,23.0,34.0,35.61322583333334,-119.68959033333331,,2.7181916283575207,20.28180837164248,66.25,3.0612824598040467,3.6790033984682204,0.4875,4.39572918486529,4.7575
2023-10-11 14:30:00,1697060100.0,2.1666666666666665,1.0,2.333333333333333,23.0,26.0,23.0,33.0,35.61326016666666,-119.6895815,,2.449749016606379,20.55025098339362,56.33333333333333,2.941999784576523,3.513936489828277,0.48916666666666664,4.215023776015398,4.626666666666667
2023-10-11 15:30:00,1697063700.0,2.833333333333333,1.0,3.5,22.5,25.166666666666668,23.666666666666668,30.5,35.61327433333333,-119.689588,,1.5677782478889655,20.932221752111033,71.30555555555556,3.2088598713368146,3.922897543175008,0.48583333333333334,4.641382345622337,5.044166666666666
2023-10-11 16:30:00,1697067300.0,3.6666666666666665,1.5,3.8333333333333335,21.5,26.666666666666668,23.0,31.166666666666668,35.613233666666666,-119.6896425,,1.5251331754934663,19.974866824506535,97.77777777777777,3.6993707685407538,4.324815646220296,0.48166666666666663,4.953242534986185,5.35
2023-10-11 17:30:00,1697070900.0,4.666666666666667,2.0,5.0,20.666666666666668,28.33333333333333,22.5,33.166666666666664,35.6131845,-119.68961716666666,,1.657705450795724,19.008961215870944,132.2222222222222,4.229897738576645,4.812850259770414,0.4766666666666666,5.482854282391836,5.7283333333333335
2023-10-11 18:30:00,1697074500.0,4.5,2.0,4.833333333333333,19.666666666666668,30.83333333333333,20.83333333333333,36.66666666666666,35.61324833333333,-119.6895725,,1.9764580470908466,17.69020861957582,138.74999999999997,4.1150160440369,4.612075951350175,0.4775,5.374748486712562,5.429166666666667
2023-10-11 19:30:00,1697078100.0,3.1666666666666665,1.5,3.333333333333333,18.0,35.166666666666664,19.166666666666668,42.333333333333336,35.613238,-119.6896095,,2.3620675872331383,15.637932412766862,111.3611111111111,3.3683069025816783,3.6794960467413027,0.48416666666666663,4.6395913338484345,4.3675
2023-10-11 20:30:00,1697081700.0,3.0,1.1666666666666667,3.1666666666666665,17.0,36.833333333333336,18.0,43.66666666666666,35.61324616666667,-119.6896185,,2.1264690379806854,14.873530962019315,110.5,3.1532048183443404,3.5145523001696293,0.485,4.487580158161089,4.139166666666666
2023-10-11 21:30:00,1697085300.0,3.6666666666666665,1.8333333333333333,4.333333333333333,16.0,36.833333333333336,17.333333333333332,43.333333333333336,35.61322583333333,-119.68964783333332,,1.237363095577897,14.762636904422102,135.05555555555557,3.6311588373238752,3.8876827916677947,0.48166666666666663,4.9955661967431055,4.485833333333333
2023-10-11 22:30:00,1697088900.0,7.666666666666667,4.333333333333333,8.166666666666666,16.0,38.66666666666666,16.833333333333332,45.333333333333336,35.61326283333333,-119.68960933333334,,1.9163152207148217,14.083684779285178,296.4444444444444,5.794754816308021,6.047638504589944,0.46166666666666667,6.752663313885445,6.41
2023-10-11 23:30:00,1697092500.0,4.833333333333333,3.1666666666666665,5.333333333333333,14.333333333333334,41.5,14.666666666666666,51.333333333333336,35.61318883333333,-119.6896145,,1.4084766112331637,12.92485672210017,200.58333333333331,4.35880735548166,4.340010005437616,0.47583333333333333,5.434051496234691,4.695833333333333
2023-10-12 00:30:00,1697096100.0,3.333333333333333,2.0,3.6666666666666665,13.166666666666666,44.833333333333336,13.5,54.0,35.61322916666666,-119.68957116666668,,1.42961654536908,11.737050121297585,149.44444444444443,3.360168062679432,3.357144152172481,0.48333333333333334,4.550013116549222,3.6324999999999994
2023-10-12 01:30:00,1697099700.0,3.6666666666666665,2.0,4.0,12.333333333333334,47.0,12.333333333333334,57.833333333333336,35.61326733333333,-119.68961083333332,,1.3273158536844134,11.006017479648921,172.33333333333331,3.386664908262977,3.4505499371152935,0.48166666666666663,4.572514470114019,3.6216666666666666
2023-10-12 02:30:00,1697103300.0,3.5,2.0,3.5,12.0,48.16666666666666,12.0,59.0,35.613264666666666,-119.689589,,1.3637180568409917,10.636281943159009,168.58333333333331,3.3003955766087065,3.3071045276527604,0.4825,4.3810757136790865,3.435833333333334
2023-10-12 03:30:00,1697106900.0,16.666666666666668,11.0,17.5,12.0,48.16666666666666,11.833333333333334,58.16666666666666,35.61324233333333,-119.68958533333334,,1.3637180568409917,10.636281943159009,802.7777777777777,7.594589662071075,8.197821020263586,0.41666666666666663,10.297273741456864,10.282500000000002
2023-10-12 04:30:00,1697110500.0,4.166666666666667,2.5,4.5,11.0,49.66666666666666,11.0,60.66666666666666,35.61322116666667,-119.68960983333334,,0.8706444974512995,10.1293555025487,206.94444444444443,3.621089697264094,3.615740007823508,0.47916666666666663,4.700863745611413,3.655000000000001
2023-10-12 05:30:00,1697114100.0,5.166666666666667,3.0,5.166666666666667,11.0,51.0,11.0,61.5,35.61322416666667,-119.68958666666668,,1.2393537134601296,9.76064628653987,263.5,4.02108823798536,4.118106846113051,0.4741666666666666,4.931748495515238,4.061666666666667
2023-10-12 06:30:00,1697117700.0,5.5,2.833333333333333,6.166666666666667,11.0,52.0,10.666666666666666,63.5,35.613256666666665,-119.68959316666668,,1.5103223844809655,9.489677615519035,286.0,4.000599913174798,4.261675417643854,0.4725,5.121045645816863,4.15
2023-10-12 07:30:00,1697121300.0,6.5,3.1666666666666665,7.5,11.5,51.0,11.666666666666666,59.5,35.61320833333333,-119.68962083333332,,1.7016468297173026,9.798353170282697,331.5,4.433915748327292,4.864367829109381,0.4675,5.6218998817748895,4.755
2023-10-12 08:30:00,1697124900.0,6.333333333333333,3.0,7.166666666666667,15.666666666666666,42.0,14.5,52.833333333333336,35.61323166666667,-119.68961333333333,,2.779915219196515,12.88675144747015,266.0,4.724101586058503,5.158055274199349,0.4683333333333334,5.967350404014707,5.433333333333334
2023-10-12 09:30:00,1697128500.0,4.5,2.6666666666666665,4.833333333333333,20.5,31.0,19.83333333333333,40.0,35.613238,-119.68960316666666,,2.777285092420327,17.72271490757967,139.5,4.35285322899917,4.604909838980461,0.4775,5.4682182353629365,5.414999999999999
2023-10-12 10:30:00,1697132100.0,2.0,1.0,2.333333333333333,21.33333333333333,29.5,20.166666666666668,39.5,35.613226,-119.6896185,,2.7999942153884345,18.533339117944895,59.0,2.8559729240750746,3.27016550718976,0.49,4.198978037844139,4.2425
2023-10-12 11:30:00,1697135700.0,2.1666666666666665,1.1666666666666667,2.1666666666666665,23.0,26.5,21.5,36.66666666666666,35.6131935,-119.6895995,,2.7181916283575207,20.28180837164248,57.416666666666664,2.9994598086691013,3.4924381527191377,0.48916666666666664,4.19763168486529,4.5841666666666665
2023-10-12 12:30:00,1697139300.0,2.333333333333333,1.5,2.833333333333333,24.83333333333333,24.0,22.83333333333333,34.166666666666664,35.613272333333335,-119.68957916666666,,2.8741244229006453,21.959208910432682,55.99999999999999,3.189077170847926,3.693212461139376,0.48833333333333334,4.417604126362382,4.883333333333333
2023-10-12 13:30:00,1697142900.0,2.333333333333333,1.6666666666666667,3.0,25.5,23.166666666666668,23.5,32.833333333333336,35.61325083333333,-119.689607,,2.9354123227546274,22.564587677245374,54.05555555555555,3.248822202532637,3.7290430229879417,0.48833333333333334,4.470433714375874,4.954166666666666
2023-10-12 14:30:00,1697146500.0,3.0,2.0,3.0,26.0,23.0,24.33333333333333,32.166666666666664,35.61323733333333,-119.68959666666666,,3.252522393503546,22.747477606496453,69.0,3.628244763057597,4.10933962685582,0.485,4.62653969509495,5.3149999999999995
2023-10-12 15:30:00,1697150100.0,3.0,2.0,3.0,25.33333333333333,23.166666666666668,25.0,31.5,35.613291333333336,-119.689584,,2.795562944284209,22.53777038904912,69.5,3.635259403838015,4.102173514486108,0.485,4.643170087904952,5.300833333333333
2023-10-12 16:30:00,1697153400.0,3.0,2.0,3.0,24.0,24.8,24.8,31.2,35.6132308,-119.6895722,,2.633018797495888,21.366981202504114,74.4,3.6350020546459727,4.031945613262918,0.485,4.674343020635179,5.162
2023-10-13 16:30:00,1697241600.0,3.0,2.0,4.0,28.0,17.0,30.0,20.0,35.613293,-119.689629,,0.6606980897485518,27.339301910251447,51.0,3.606487473754987,4.367319672165493,0.485,4.732543425390394,5.825
2023-10-13 17:30:00,1697243700.0,3.0,1.6666666666666667,3.333333333333333,27.0,17.333333333333332,29.0,20.166666666666668,35.61324,-119.6896055,,0.11980431040516783,26.88019568959483,52.0,3.4981979954033755,4.3529874474260675,0.485,4.538749327169051,5.796666666666667
2023-10-13 18:30:00,1697247300.0,7.5,4.333333333333333,8.666666666666666,24.166666666666668,22.166666666666668,25.83333333333333,26.83333333333333,35.61325816666667,-119.68957766666666,,1.1998015171821588,22.96686514948451,166.25,6.3035299390356805,6.663801006317002,0.4625,7.336396434192047,7.725833333333333
2023-10-13 19:30:00,1697250900.0,3.8333333333333335,2.333333333333333,4.0,22.33333333333333,23.666666666666668,25.0,27.166666666666668,35.613254500000004,-119.68960583333332,,0.5714358573201743,21.761897476013154,90.72222222222223,4.114980393824884,4.547088291749675,0.48083333333333333,5.173549070038128,5.691666666666666
2023-10-13 20:30:00,1697254500.0,4.0,2.1666666666666665,4.333333333333333,20.666666666666668,27.5,22.166666666666668,33.0,35.61325466666667,-119.68961716666666,,1.2408702603452408,19.425796406321428,110.0,4.066887838342017,4.4755503301208135,0.48,5.2545748595459685,5.4525
2023-10-13 21:30:00,1697258100.0,4.5,2.6666666666666665,4.833333333333333,19.166666666666668,30.33333333333333,21.0,35.0,35.61322283333333,-119.68960066666666,,1.313213047585551,17.853453619081115,136.49999999999997,4.384484085796408,4.6335742884593145,0.4775,5.511863545584627,5.471666666666667
2023-10-13 22:30:00,1697261700.0,5.166666666666667,3.0,5.333333333333333,19.0,30.0,20.83333333333333,34.166666666666664,35.613238,-119.6896325,,1.014620121668676,17.985379878331322,155.0,4.759221688299708,5.021037004696906,0.4741666666666666,5.803350526793865,5.846666666666667
2023-10-13 23:30:00,1697265300.0,4.333333333333333,2.833333333333333,4.833333333333333,18.0,31.5,18.83333333333333,37.833333333333336,35.6132465,-119.68961583333332,,0.8228062158147497,17.17719378418525,136.5,4.36818686750747,4.4901288789967815,0.47833333333333333,5.509209673490345,5.285833333333333
2023-10-14 00:30:00,1697268900.0,7.333333333333333,4.333333333333333,7.666666666666667,15.833333333333334,37.833333333333336,16.0,48.333333333333336,35.61326716666667,-119.68961966666666,,1.4626403702944377,14.370692963038897,277.44444444444446,5.728614151173476,5.896903820689426,0.4633333333333334,6.635874753154238,6.307499999999999
2023-10-14 01:30:00,1697272500.0,16.0,10.5,16.666666666666668,14.333333333333334,42.333333333333336,15.0,52.16666666666666,35.613249333333336,-119.68957516666669,,1.6863018935673968,12.647031439765938,677.3333333333334,8.074766911678255,8.611467380208278,0.42,10.520661826456298,10.431666666666667
2023-10-14 02:30:00,1697276100.0,6.833333333333333,4.666666666666667,7.166666666666667,14.0,43.833333333333336,14.0,53.16666666666666,35.6132475,-119.689622,,1.8717924627841522,12.128207537215848,299.52777777777777,5.428713243663631,5.359075906756129,0.4658333333333334,6.212388258475183,5.5375
2023-10-14 03:30:00,1697279700.0,4.833333333333333,3.1666666666666665,5.166666666666667,13.5,42.333333333333336,13.833333333333334,50.66666666666666,35.613236,-119.68962216666668,,0.9327104429170069,12.567289557082994,204.61111111111111,4.333183364163146,4.30417944358905,0.47583333333333333,5.363163740321458,4.625
2023-10-14 04:30:00,1697283300.0,4.833333333333333,3.0,5.166666666666667,13.0,42.16666666666666,13.333333333333334,50.66666666666666,35.61327716666667,-119.68959683333333,,0.4258075509966533,12.574192449003347,203.8055555555555,4.280641548187793,4.311345555958765,0.47583333333333333,5.349650607045417,4.639166666666667
2023-10-14 05:30:00,1697286900.0,6.5,4.5,6.666666666666667,13.0,42.0,13.0,50.16666666666666,35.613248166666665,-119.68960066666666,,0.37098286730362556,12.629017132696374,273.0,5.359375696163126,5.25133789707389,0.4675,6.143927899491534,5.52
2023-10-14 06:30:00,1697290500.0,5.0,3.1666666666666665,5.5,12.0,42.66666666666666,12.666666666666666,51.333333333333336,35.61321433333333,-119.68962216666668,,-0.31646804694224,12.31646804694224,213.3333333333333,4.381644701166558,4.383129841724166,0.475,5.469299819546256,4.683333333333334
2023-10-14 07:30:00,1697294100.0,6.5,3.333333333333333,7.333333333333333,12.333333333333334,47.833333333333336,12.333333333333334,58.5,35.613231500000005,-119.689645,,1.572718159683295,10.760615173650038,310.9166666666667,4.648367805366357,5.00052396413393,0.4675,5.79222721600701,5.024166666666666
2023-10-14 08:30:00,1697297700.0,4.666666666666667,2.6666666666666665,4.833333333333333,16.333333333333332,37.16666666666666,17.166666666666668,43.333333333333336,35.61324183333333,-119.68962849999998,,1.65972012092793,14.673613212405403,173.4444444444444,4.258186732105947,4.433046304175617,0.4766666666666666,5.355820777094573,4.977500000000001
2023-10-14 09:30:00,1697301300.0,4.5,2.833333333333333,5.0,18.5,32.5,18.33333333333333,40.833333333333336,35.6132405,-119.68958533333334,,1.6956098232814267,16.804390176718574,146.25,4.393092004296921,4.540414827653043,0.4775,5.535548191558,5.2875
2023-10-14 10:30:00,1697304900.0,6.5,4.166666666666667,6.666666666666667,21.666666666666668,28.666666666666668,20.83333333333333,37.833333333333336,35.61325566666667,-119.68954716666669,,2.6833923663103447,18.983274300356324,186.33333333333334,5.693220193753634,5.824626886650941,0.4675,6.52593501511866,6.653333333333332
2023-10-14 11:30:00,1697308500.0,5.666666666666667,4.166666666666667,6.0,26.166666666666668,22.5,24.0,32.166666666666664,35.61325333333333,-119.6895435,,3.080805423280485,23.085861243386184,127.5,5.488698546244585,5.623359929957622,0.4716666666666666,6.2374423160353265,6.744166666666667
2023-10-14 12:30:00,1697312100.0,4.833333333333333,3.0,5.0,28.666666666666668,20.0,26.0,28.5,35.61322916666666,-119.68962616666666,,3.4853582443928808,25.181308422273787,96.66666666666666,4.720687350107426,5.264438501130612,0.47583333333333333,5.559991415485714,6.523333333333333
2023-10-14 13:30:00,1697315700.0,4.5,3.0,4.833333333333333,29.83333333333333,18.666666666666668,27.666666666666668,26.5,35.6132495,-119.68962083333332,,3.4623000603917817,26.371033272941546,84.0,4.577370619329662,5.135202154339234,0.4775,5.404219087900973,6.463333333333333
2023-10-14 14:30:00,1697319300.0,4.5,3.0,4.666666666666667,30.166666666666668,17.166666666666668,28.83333333333333,23.83333333333333,35.613266833333334,-119.689627,,2.5483947190373537,27.618271947629314,77.25,4.574176161411502,5.199697165666652,0.4775,5.316391144109485,6.590833333333332
2023-10-14 15:30:00,1697322900.0,4.0,3.0,4.0,29.83333333333333,16.5,29.33333333333333,21.83333333333333,35.613254500000004,-119.6896045,,1.7234381362884068,28.10989519704492,66.0,4.368650099573509,4.948513746521881,0.48,5.031122390146834,6.3875
2023-10-14 16:30:00,1697326500.0,4.0,2.6666666666666665,4.166666666666667,28.0,18.0,29.166666666666668,22.0,35.613235333333336,-119.68960833333334,,1.456247523851848,26.543752476148153,72.0,4.274641825452845,4.884018735194463,0.48,5.112905333030784,6.26
2023-10-14 17:30:00,1697330100.0,4.166666666666667,2.833333333333333,4.333333333333333,26.33333333333333,20.33333333333333,28.33333333333333,23.83333333333333,35.6131985,-119.68954716666669,,1.7940677601518955,24.53926557318143,84.72222222222221,4.419348757864731,4.876975784893021,0.47916666666666663,5.298718796731876,6.148333333333333
2023-10-14 18:30:00,1697333700.0,5.666666666666667,3.6666666666666665,6.0,23.666666666666668,23.666666666666668,25.166666666666668,28.666666666666668,35.613233,-119.68956116666668,,1.6946539993418483,21.97201266732482,134.11111111111111,5.308233356217788,5.5731971433696295,0.4716666666666666,6.201098093801685,6.645
2023-10-14 19:30:00,1697337300.0,11.666666666666666,7.0,12.5,21.0,29.166666666666668,22.83333333333333,34.333333333333336,35.61325983333334,-119.68961216666666,,2.3517704448463443,18.648229555153655,340.27777777777777,8.464810644067727,8.672979023495216,0.44166666666666665,9.270165533522345,9.2975
2023-10-14 20:30:00,1697340900.0,9.166666666666666,6.166666666666667,9.833333333333334,19.5,33.333333333333336,21.33333333333333,39.333333333333336,35.613247666666666,-119.68962716666664,,2.9283370166352185,16.57166298336478,305.55555555555554,7.214938658858398,7.116497706291636,0.45416666666666666,7.8993621895259185,7.643333333333333
2023-10-14 21:30:00,1697344500.0,5.333333333333333,3.6666666666666665,5.833333333333333,17.666666666666668,33.333333333333336,18.666666666666668,40.333333333333336,35.613255833333334,-119.6896235,,1.3183659899249656,16.3483006767417,177.77777777777777,4.975967420557124,4.9709973801771845,0.4733333333333334,5.987514166680831,5.6499999999999995
2023-10-14 22:30:00,1697348100.0,5.666666666666667,4.0,6.0,17.0,33.0,18.666666666666668,38.16666666666666,35.613284,-119.68958683333334,,0.593138802431278,16.406861197568723,187.0,5.233872492257969,5.171894850665693,0.4716666666666666,6.153333186530765,5.851666666666667
2023-10-14 23:30:00,1697351700.0,6.0,4.333333333333333,6.5,17.0,33.5,18.666666666666668,39.16666666666666,35.61327033333333,-119.68966416666666,,0.801822992353068,16.198177007646933,201.0,5.455775688946089,5.336961759305637,0.47,6.363270770915944,5.9825
2023-10-15 00:30:00,1697355300.0,6.5,4.666666666666667,6.833333333333333,17.0,33.833333333333336,18.0,39.833333333333336,35.613272333333335,-119.68968966666668,,0.9394177256825289,16.060582274317472,219.91666666666669,5.739304541101281,5.602477403189834,0.4675,6.553976386088901,6.2141666666666655
2023-10-15 01:30:00,1697358900.0,8.166666666666666,6.166666666666667,8.5,16.0,35.666666666666664,17.333333333333332,42.833333333333336,35.6132495,-119.68956,,0.7895426676608431,15.210457332339157,291.2777777777777,6.7934964418172195,6.456476395868403,0.45916666666666667,7.36936275226062,6.924999999999999
2023-10-15 02:30:00,1697362500.0,7.5,5.0,8.166666666666666,15.5,38.833333333333336,16.166666666666668,46.333333333333336,35.61325266666667,-119.68957633333332,,1.5292235387006579,13.970776461299343,291.25,5.988457017378894,5.947189769345688,0.4625,6.849531313878562,6.309166666666666
2023-10-15 03:30:00,1697366100.0,6.166666666666667,4.0,6.333333333333333,14.333333333333334,40.66666666666666,15.0,48.833333333333336,35.6131935,-119.689631,,1.1256647064579957,13.20766862687534,250.77777777777774,5.118047051008318,5.122101550282514,0.4691666666666666,5.993930055955731,5.460000000000001
2023-10-15 04:30:00,1697369700.0,6.0,4.0,6.333333333333333,14.0,43.16666666666666,14.333333333333334,52.16666666666666,35.613243833333335,-119.68959166666669,,1.657244709696601,12.3427552903034,258.99999999999994,4.96023012100573,4.921327241862275,0.47,5.854316223267311,5.1608333333333345
2023-10-15 05:30:00,1697373300.0,17.833333333333332,11.333333333333334,18.83333333333333,13.833333333333334,47.5,14.0,58.0,35.613205,-119.68961566666668,,2.8498639623790973,10.983469370954236,847.0833333333333,7.748985575474886,8.628311120576331,0.4108333333333334,10.819104024544867,10.945833333333333
2023-10-15 06:30:00,1697376900.0,13.0,8.833333333333334,13.666666666666666,13.166666666666666,50.66666666666666,13.333333333333334,62.16666666666666,35.61325716666666,-119.68960583333336,,3.1492464517417833,10.017420214924883,658.6666666666665,6.346839622320044,6.80188703030711,0.435,8.482201972240286,8.163333333333334
2023-10-15 07:30:00,1697380500.0,6.5,3.8333333333333335,7.333333333333333,13.5,51.5,14.333333333333334,60.833333333333336,35.61321316666666,-119.68960683333334,,3.6887740885399913,9.811225911460008,334.75,4.647928342876199,4.842869492000242,0.4675,5.638118873144933,4.7124999999999995
2023-10-15 08:30:00,1697384100.0,6.0,3.5,6.5,18.166666666666668,44.833333333333336,18.83333333333333,53.5,35.613255833333334,-119.6896145,,5.978073598516839,12.188593068149828,269.0,4.668454124788497,4.849666118165143,0.47,5.666295523343745,5.019166666666666
2023-10-15 09:30:00,1697387700.0,5.666666666666667,3.8333333333333335,6.0,21.5,40.5,20.5,54.333333333333336,35.61323166666667,-119.68958383333332,,7.506444335843474,13.993555664156526,229.5,4.850000318271265,4.849419794028602,0.4716666666666666,5.733750149813785,5.214166666666666
2023-10-15 10:30:00,1697391300.0,6.0,4.166666666666667,6.333333333333333,24.166666666666668,34.166666666666664,22.5,48.16666666666666,35.613236666666666,-119.68958783333332,,7.3812400625249985,16.78542660414167,205.0,5.300975250665504,5.308297309826784,0.47,6.135478495972246,5.925833333333333
2023-10-15 11:30:00,1697394900.0,5.166666666666667,3.5,5.166666666666667,27.0,29.0,25.0,41.833333333333336,35.61320883333334,-119.68961966666666,,7.442105219078531,19.55789478092147,149.83333333333334,4.8903576927937555,5.064033678915186,0.4741666666666666,5.708354521500455,5.931666666666667
2023-10-15 12:30:00,1697398500.0,4.166666666666667,3.0,4.666666666666667,28.5,24.5,26.5,35.0,35.61322533333333,-119.68959283333334,,6.259961318304595,22.240038681695406,102.08333333333334,4.406173052363883,4.697822975650192,0.47916666666666663,5.369750998097405,5.794166666666667
2023-10-15 13:30:00,1697402100.0,4.833333333333333,3.1666666666666665,5.0,29.5,23.33333333333333,28.0,32.833333333333336,35.61324066666666,-119.68960583333336,,6.3915656064788875,23.10843439352111,112.77777777777774,4.731038584277009,5.121116253736349,0.47583333333333333,5.576662557130878,6.24
2023-10-15 14:30:00,1697405700.0,5.166666666666667,3.8333333333333335,5.833333333333333,30.0,22.166666666666668,28.83333333333333,30.166666666666668,35.613232833333335,-119.68960083333332,,6.064611492338473,23.93538850766153,114.52777777777779,5.123224066912722,5.357844286073424,0.4741666666666666,5.957079918430381,6.5125
2023-10-15 15:30:00,1697409300.0,5.333333333333333,4.0,5.833333333333333,29.666666666666668,20.83333333333333,29.166666666666668,27.33333333333333,35.613221,-119.689569,,4.893138915924766,24.773527750741902,111.11111111111109,5.274605941037282,5.50845580790567,0.4733333333333334,6.02078754789062,6.7125
2023-10-15 16:30:00,1697412900.0,5.333333333333333,4.166666666666667,5.333333333333333,28.166666666666668,22.0,29.0,27.33333333333333,35.613234166666665,-119.6896055,,4.429622362185964,23.737044304480705,117.33333333333333,5.3406626682532,5.458293021317678,0.4733333333333334,5.95686937239395,6.613333333333333
2023-10-15 17:30:00,1697416500.0,5.666666666666667,4.166666666666667,6.0,26.666666666666668,23.83333333333333,28.83333333333333,28.33333333333333,35.613228,-119.68961833333331,,4.3187754029871925,22.347891263679475,135.05555555555554,5.455707574122589,5.566031030999916,0.4716666666666666,6.213965797942976,6.630833333333333
2023-10-15 18:30:00,1697420100.0,7.833333333333333,5.333333333333333,8.166666666666666,24.5,28.166666666666668,26.33333333333333,34.166666666666664,35.61321216666667,-119.68959066666667,,4.870290487097666,19.629709512902334,220.63888888888889,6.605805456689929,6.592386206756412,0.4608333333333334,7.269570677290719,7.389166666666666
2023-10-15 19:30:00,1697423700.0,10.333333333333334,7.0,11.0,21.83333333333333,34.833333333333336,23.83333333333333,41.5,35.61327116666667,-119.68960316666666,,5.609412635895046,16.22392069743828,359.9444444444445,7.855390724428705,7.66035438028177,0.44833333333333336,8.359639965269483,8.1225
2023-10-15 20:30:00,1697427300.0,12.0,8.5,12.333333333333334,20.166666666666668,37.66666666666666,21.666666666666668,45.66666666666666,35.61321266666667,-119.68961833333331,,5.261173706843942,14.905492959822727,451.9999999999999,8.126729367206671,7.873490154446479,0.44,8.987169612789142,8.748333333333335
2023-10-15 21:30:00,1697430900.0,6.333333333333333,4.333333333333333,6.666666666666667,18.5,37.5,19.666666666666668,45.0,35.61324416666667,-119.68958666666668,,3.7142557028526775,14.785744297147323,237.5,5.396594841164388,5.351540308181604,0.4683333333333334,6.244911979386938,5.815833333333333
2023-10-15 22:30:00,1697434500.0,6.166666666666667,4.666666666666667,6.833333333333333,17.666666666666668,37.833333333333336,19.0,45.0,35.61322916666666,-119.6896335,,3.0974947793885987,14.569171887278069,233.30555555555557,5.461401632793306,5.243925460567636,0.4691666666666666,6.3272217199599705,5.700833333333334
2023-10-15 23:30:00,1697438100.0,5.0,3.8333333333333335,5.333333333333333,17.0,38.66666666666666,18.0,46.16666666666666,35.61326283333333,-119.689612,,2.810377865457516,14.189622134542484,193.3333333333333,4.746194896716987,4.555116538597282,0.475,5.648284148201386,5.023333333333333
2023-10-16 00:30:00,1697441700.0,5.166666666666667,3.5,5.333333333333333,16.5,39.333333333333336,17.333333333333332,47.16666666666666,35.61321016666667,-119.68961466666669,,2.6041055649600695,13.895894435039931,203.22222222222226,4.653152606788147,4.619734711992971,0.4741666666666666,5.585783594607232,5.053333333333333
2023-10-16 01:30:00,1697445300.0,5.5,3.8333333333333335,5.833333333333333,15.833333333333334,43.0,16.5,51.833333333333336,35.6132735,-119.689565,,3.263388163144824,12.569945170188511,236.5,4.741203210560666,4.648645485608363,0.4725,5.639085828666261,4.915
2023-10-16 02:30:00,1697448900.0,5.833333333333333,4.0,6.0,15.0,45.16666666666666,16.0,53.833333333333336,35.61323733333334,-119.68961966666666,,3.203201423094685,11.796798576905315,263.4722222222222,4.815561321201131,4.742051270551176,0.4708333333333334,5.633497888591191,4.904166666666667
2023-10-16 03:30:00,1697452500.0,5.5,4.0,6.0,15.0,45.833333333333336,16.0,53.833333333333336,35.61322466666667,-119.68957116666668,,3.4109103790415203,11.589089620958479,252.08333333333334,4.690075684859229,4.52682157532324,0.4725,5.576352398956819,4.674166666666666
2023-10-16 04:30:00,1697456100.0,6.5,4.666666666666667,7.0,15.0,44.833333333333336,16.5,51.333333333333336,35.613245,-119.689612,,3.098327546052578,11.901672453947421,291.4166666666667,5.2758862012883805,5.129513986788767,0.4675,6.074269782446314,5.279166666666666
2023-10-16 05:30:00,1697459700.0,11.666666666666666,8.5,12.166666666666666,15.5,45.5,16.666666666666668,53.333333333333336,35.613224,-119.68956116666668,,3.7630794604443096,11.73692053955569,530.8333333333333,7.015102063689049,6.939210739032933,0.44166666666666665,8.380211985356334,7.909166666666666
2023-10-16 06:30:00,1697463300.0,9.0,6.5,9.5,15.0,46.16666666666666,15.666666666666666,55.16666666666666,35.61326666666667,-119.68963366666668,,3.513764129754429,11.48623587024557,415.4999999999999,6.618230204154526,6.471424430949182,0.455,7.12360944719099,6.465833333333333
2023-10-16 07:30:00,1697466900.0,9.0,6.0,9.5,15.333333333333334,47.833333333333336,16.833333333333332,54.333333333333336,35.61324366666667,-119.68961716666666,,4.323938719226012,11.009394614107322,430.5,6.329428161721463,6.39976330725205,0.455,6.916546298529601,6.324166666666666
2023-10-16 08:30:00,1697470500.0,8.5,5.833333333333333,9.333333333333334,18.83333333333333,41.333333333333336,19.33333333333333,50.0,35.613228,-119.689584,,5.40639897085044,13.42693436248289,351.33333333333337,6.461978195029215,6.399393821047239,0.4575,7.193004921812463,6.616666666666666
2023-10-16 09:30:00,1697474100.0,8.333333333333334,5.833333333333333,8.833333333333334,21.0,39.5,21.166666666666668,50.5,35.613208,-119.68961683333332,,6.693128855418962,14.306871144581038,329.1666666666667,6.48827902763246,6.384938434239543,0.45833333333333337,7.122169837331542,6.685833333333333
2023-10-16 10:30:00,1697477700.0,9.333333333333334,7.0,9.666666666666666,24.666666666666668,32.666666666666664,23.666666666666668,44.0,35.61320933333334,-119.689664,,7.162135292144116,17.50453137452255,304.8888888888889,7.569039111595784,7.23844477864503,0.45333333333333337,7.95709468590259,7.786666666666667
2023-10-16 11:30:00,1697481300.0,6.666666666666667,4.666666666666667,6.833333333333333,27.33333333333333,27.666666666666668,26.0,38.16666666666666,35.61321133333333,-119.689616,,7.039407589897929,20.2939257434354,184.44444444444446,5.912110747019606,5.960906183743762,0.4666666666666666,6.588553036532269,6.824999999999999
2023-10-16 12:30:00,1697484900.0,6.833333333333333,5.0,7.333333333333333,30.0,23.5,27.83333333333333,33.166666666666664,35.613266,-119.689613,,6.914157381489743,23.085842618510256,160.58333333333331,6.185709882586991,6.233341615861132,0.4658333333333334,6.825469341942709,7.265833333333333
2023-10-16 13:30:00,1697488500.0,7.0,5.0,7.333333333333333,31.666666666666668,20.666666666666668,29.5,29.33333333333333,35.61323483333333,-119.689608,,6.428447575468362,25.238219091198307,144.66666666666669,6.291495445976244,6.4484481490207965,0.465,6.833447778657197,7.593333333333334
2023-10-16 14:30:00,1697492100.0,6.833333333333333,5.0,7.0,31.83333333333333,20.166666666666668,30.0,28.5,35.6132585,-119.6895395,,6.209979967160978,25.623353366172353,137.80555555555557,6.231417326649028,6.376663863255395,0.4658333333333334,6.710984016467796,7.549166666666666
2023-10-16 15:30:00,1697495700.0,8.666666666666666,6.0,8.666666666666666,30.0,22.0,30.0,28.83333333333333,35.61321266666667,-119.68956133333334,,5.95526335011281,24.04473664988719,190.66666666666666,7.318355785830892,7.323945478808505,0.45666666666666667,7.68085098215753,8.346666666666668
2023-10-16 16:30:00,1697499300.0,6.666666666666667,5.0,7.166666666666667,28.166666666666668,22.83333333333333,29.83333333333333,27.666666666666668,35.61323216666667,-119.6896185,,4.962625503695808,23.20404116297086,152.2222222222222,6.16024785291824,6.168723442465444,0.4666666666666666,6.806026981836223,7.235833333333334
2023-10-16 17:30:00,1697502900.0,6.833333333333333,4.833333333333333,7.0,26.5,26.666666666666668,28.5,32.0,35.61322933333333,-119.6896475,,5.792685411594125,20.707314588405875,182.22222222222223,6.077074787556527,6.097185480836582,0.4658333333333334,6.729396767355778,6.996666666666666
2023-10-16 18:30:00,1697506500.0,7.666666666666667,5.0,7.833333333333333,24.666666666666668,30.5,26.33333333333333,37.16666666666666,35.613246833333335,-119.689584,,6.162596240235022,18.504070426431646,233.83333333333334,6.327963678497579,6.398778010705887,0.46166666666666667,7.013089664766682,7.104166666666666
2023-10-16 19:30:00,1697510100.0,7.666666666666667,5.333333333333333,8.333333333333334,22.33333333333333,34.166666666666664,24.0,41.16666666666666,35.613244333333334,-119.68962883333334,,5.770246833303211,16.563086500030117,261.94444444444446,6.323189630139177,6.241123538572198,0.46166666666666667,7.090378343220456,6.7925
2023-10-16 20:30:00,1697513700.0,7.666666666666667,5.166666666666667,7.833333333333333,20.666666666666668,37.16666666666666,22.666666666666668,44.333333333333336,35.613241333333335,-119.689621,,5.513123039098759,15.15354362756791,284.9444444444444,6.140032674681943,6.112133515917362,0.46166666666666667,6.811911008227508,6.5375000000000005
2023-10-16 21:30:00,1697517300.0,8.333333333333334,6.0,9.333333333333334,19.666666666666668,39.5,21.166666666666668,46.66666666666666,35.61323933333333,-119.68967966666666,,5.500005211910265,14.166661454756403,329.1666666666667,6.561926758878554,6.384938434239543,0.45833333333333337,7.3035329434654095,6.685833333333333
2023-10-16 22:30:00,1697520900.0,12.0,8.166666666666666,12.666666666666666,19.0,41.16666666666666,20.666666666666668,48.16666666666666,35.61320883333334,-119.68960566666668,,5.498099867305461,13.501900132694539,493.9999999999999,7.373272708992779,7.501968379204561,0.44,8.77427613185614,8.450833333333334
2023-10-16 23:30:00,1697524500.0,10.5,7.833333333333333,11.0,18.166666666666668,42.5,19.5,50.66666666666666,35.61318333333333,-119.68962983333334,,5.206288145967807,12.96037852069886,446.25,7.200178236610225,6.897933927068862,0.4475,8.068555220806147,7.557499999999999
2023-10-17 00:30:00,1697528100.0,9.666666666666666,6.833333333333333,10.166666666666666,18.0,45.66666666666666,19.666666666666668,53.333333333333336,35.61322116666667,-119.689654,,6.0933139219983445,11.906686078001655,441.44444444444434,6.9445252133533195,6.866053259556487,0.45166666666666666,7.393908731320844,6.855
2023-10-17 01:30:00,1697531700.0,8.666666666666666,6.333333333333333,9.166666666666666,17.333333333333332,48.0,18.166666666666668,59.0,35.61323616666667,-119.689612,,6.207039375098587,11.126293958234745,416.0,6.339228334388193,6.206031949133255,0.45666666666666667,6.831443936249485,6.136666666666667
2023-10-17 02:30:00,1697535300.0,5.833333333333333,4.0,6.166666666666667,16.0,53.5,17.0,64.66666666666667,35.61322366666667,-119.68963233333334,,6.553600265885065,9.446399734114934,312.0833333333333,4.426714208318623,4.383745652065518,0.4708333333333334,5.1871958277616415,4.195833333333333
2023-10-17 03:30:00,1697538900.0,4.0,2.833333333333333,4.5,15.666666666666666,57.0,16.5,69.16666666666667,35.6132335,-119.68960566666668,,7.167380342963945,8.499286323702721,228.0,3.3847051416839116,3.2071484406815873,0.48,4.315933035123042,2.9449999999999994
2023-10-17 04:30:00,1697542500.0,4.5,3.0,4.666666666666667,15.0,60.333333333333336,15.5,73.33333333333333,35.61323566666667,-119.68959166666669,,7.37344821667299,7.62655178332701,271.5,3.4254256944452828,3.3436740619109484,0.4775,4.2082848425575925,2.921666666666666
2023-10-17 05:30:00,1697546100.0,4.666666666666667,3.1666666666666665,5.0,14.666666666666666,62.333333333333336,15.5,74.5,35.61324366666667,-119.68959683333333,,7.536903347717173,7.129763318949493,290.8888888888889,3.4371451236365425,3.3509633363489324,0.4766666666666666,4.2071125745427,2.838333333333333
2023-10-17 06:30:00,1697549700.0,5.833333333333333,3.5,6.0,14.0,62.833333333333336,14.5,76.5,35.61324366666667,-119.68963983333332,,7.023202306700818,6.976797693299182,366.52777777777777,3.7903758997304045,3.9824433593615822,0.4708333333333334,4.484255002508721,3.402499999999999
2023-10-17 07:30:00,1697553300.0,10.5,6.333333333333333,11.333333333333334,14.5,64.0,15.666666666666666,74.5,35.61322216666667,-119.68958266666668,,7.766443386399453,6.733556613600547,672.0,3.2927739739351654,4.615728736297079,0.4475,6.1944876883058,5.7299999999999995
2023-10-17 08:30:00,1697556900.0,4.166666666666667,2.5,4.5,18.5,57.16666666666666,19.5,69.33333333333333,35.613121166666666,-119.68959683333333,,9.860320418483296,8.639679581516704,238.19444444444443,3.2778160876180915,3.2932649511864165,0.47916666666666663,4.224243263909784,3.017500000000001
2023-10-17 09:30:00,1697560500.0,2.833333333333333,1.8333333333333333,3.0,22.5,46.16666666666666,21.33333333333333,63.0,35.613228,-119.689607,,10.352279644061237,12.147720355938763,130.80555555555551,3.045532090526336,3.0199673845911525,0.48583333333333334,4.134789453878708,3.2591666666666668
2023-10-17 10:30:00,1697564100.0,2.1666666666666665,1.3333333333333333,2.5,25.166666666666668,38.5,22.83333333333333,56.333333333333336,35.61325083333333,-119.68960549999998,,10.033237387295165,15.133429279371503,83.41666666666666,2.8352361905431707,2.9764780620997913,0.48916666666666664,4.074756883247967,3.564166666666666
2023-10-17 11:30:00,1697567700.0,2.833333333333333,2.0,2.833333333333333,27.5,32.833333333333336,25.0,49.833333333333336,35.6132935,-119.68954083333334,,9.711366774829198,17.788633225170802,93.02777777777777,3.406061868062996,3.5932563741682033,0.48583333333333334,4.438303599331979,4.392499999999999
2023-10-17 12:30:00,1697571300.0,4.666666666666667,3.333333333333333,5.0,29.0,29.33333333333333,26.0,44.333333333333336,35.613271833333336,-119.68957033333334,,9.331966474073454,19.668033525926546,136.88888888888889,4.616648683991904,4.769853585552134,0.4766666666666666,5.517350501417552,5.6433333333333335
2023-10-17 13:30:00,1697574900.0,6.166666666666667,4.333333333333333,7.0,30.0,27.5,27.5,40.16666666666666,35.61320116666666,-119.68957516666666,,9.229352818566344,20.770647181433656,169.58333333333334,5.576984843255325,5.6882244274898515,0.4691666666666666,6.448153682137583,6.579166666666667
2023-10-17 14:30:00,1697578500.0,7.0,5.0,7.5,31.0,25.0,28.83333333333333,36.16666666666666,35.61324316666667,-119.68959166666669,,8.664362964498357,22.33563703550164,175.0,6.19795652346153,6.262129227408255,0.465,6.8495171493177285,7.225
2023-10-17 15:30:00,1697582100.0,5.5,4.0,5.666666666666667,29.83333333333333,25.5,28.83333333333333,35.333333333333336,35.61316983333334,-119.68964016666666,,7.970840018236849,21.86249331509648,140.25,5.254653644425284,5.401087284428243,0.4725,5.976871658838075,6.4025
2023-10-17 16:30:00,1697585700.0,6.333333333333333,4.5,6.5,27.0,28.166666666666668,28.0,35.5,35.6132525,-119.68958916666666,,7.0155248960911605,19.98447510390884,178.38888888888889,5.7152998161749355,5.75284260088554,0.4683333333333334,6.417696932643671,6.609166666666667
2023-10-17 17:30:00,1697589300.0,8.333333333333334,6.0,8.666666666666666,25.33333333333333,31.666666666666668,27.5,37.5,35.61327216666667,-119.68955233333332,,7.288477371116092,18.044855962217238,263.8888888888889,6.884195414391343,6.721745715616061,0.45833333333333337,7.430441088378812,7.351666666666667
2023-10-17 18:30:00,1697592900.0,11.333333333333334,7.666666666666667,11.666666666666666,23.33333333333333,35.333333333333336,25.166666666666668,42.5,35.61322916666666,-119.68959283333334,,7.139073361917169,16.19425997141616,400.4444444444445,8.082283406197218,7.915614739149253,0.44333333333333336,8.704417022191333,8.6
2023-10-17 19:30:00,1697596500.0,17.5,12.0,18.166666666666668,21.166666666666668,40.833333333333336,23.33333333333333,48.16666666666666,35.613224833333334,-119.689635,,7.327374620766377,13.83929204590029,714.5833333333334,9.17339552816705,9.233193345450733,0.4125,11.346019478936215,11.339166666666667
2023-10-17 20:30:00,1697600100.0,17.166666666666668,11.333333333333334,18.0,19.5,42.66666666666666,20.666666666666668,51.16666666666666,35.613236666666666,-119.68961466666669,,6.467226992212963,13.032773007787037,732.4444444444443,8.509739174191871,8.935808401880479,0.4141666666666666,10.998421357044844,11.010000000000002
2023-10-17 21:30:00,1697603700.0,14.833333333333334,10.666666666666666,15.333333333333334,18.166666666666668,45.833333333333336,19.0,55.5,35.6132025,-119.68964783333332,,6.298015819581615,11.868650847085053,679.8611111111112,8.023510328626973,7.880221557080644,0.42583333333333334,9.722524199575679,9.5275
2023-10-17 22:30:00,1697607300.0,10.5,7.5,10.833333333333334,17.0,47.16666666666666,18.0,56.5,35.61326583333334,-119.68961583333332,,5.648292307846766,11.351707692153234,495.2499999999999,6.2993431918882505,6.402571560079639,0.4475,7.6357021804384075,7.160833333333334
2023-10-17 23:30:00,1697610900.0,17.666666666666668,12.5,18.33333333333333,16.666666666666668,48.66666666666666,17.666666666666668,58.0,35.613235,-119.68962983333334,,5.795389454847577,10.871277211819091,859.7777777777777,8.510204632656583,8.453081379131067,0.4116666666666666,10.712796341629959,10.760000000000002
2023-10-18 00:30:00,1697614500.0,16.166666666666668,11.166666666666666,17.0,16.0,49.833333333333336,17.333333333333332,58.833333333333336,35.61322033333334,-119.689598,,5.5247110411279365,10.475288958872063,805.638888888889,7.658233334213237,7.866738440102126,0.41916666666666663,9.944096146591718,9.880833333333335
2023-10-18 01:30:00,1697618100.0,19.166666666666668,13.0,19.83333333333333,16.333333333333332,50.5,18.0,58.66666666666666,35.613240166666664,-119.68964133333331,,6.0240371687010095,10.309296164632322,967.9166666666667,8.434443749701142,8.720977082238363,0.4041666666666666,11.05398898840137,11.384166666666665
2023-10-18 02:30:00,1697621700.0,16.166666666666668,11.5,17.0,16.333333333333332,51.0,17.666666666666668,60.0,35.61320816666667,-119.68955216666666,,6.166880773203159,10.166452560130173,824.5000000000001,7.764896078017534,7.74289784835482,0.41916666666666663,9.873662411080518,9.781666666666668
2023-10-18 03:30:00,1697625300.0,16.666666666666668,11.666666666666666,17.333333333333332,15.666666666666666,53.16666666666666,16.166666666666668,64.66666666666667,35.613219666666666,-119.68958766666668,,6.153422088773944,9.513244577892722,886.111111111111,7.560468929878965,7.667075627060846,0.41666666666666663,9.779569766154914,9.857500000000002
2023-10-18 04:30:00,1697628900.0,19.83333333333333,12.833333333333334,21.0,14.5,56.5,14.833333333333334,69.33333333333333,35.613252,-119.68958783333332,,5.948271364053141,8.551728635946859,1120.583333333333,7.601081531166755,8.28963920918691,0.4008333333333334,10.628353958912573,11.220833333333331
2023-10-18 05:30:00,1697632500.0,15.5,10.333333333333334,16.166666666666668,14.0,58.333333333333336,15.0,69.66666666666667,35.613255833333334,-119.68961083333332,,5.942441720591107,8.057558279408893,904.1666666666667,6.190277000229493,6.758914672865631,0.4225,8.674637174695395,8.811666666666667
2023-10-18 06:30:00,1697636100.0,15.333333333333334,10.333333333333334,16.166666666666668,14.0,59.16666666666666,14.5,70.66666666666667,35.61324,-119.6895815,,6.148014860860042,7.851985139139958,907.2222222222221,6.11976709924363,6.619067957633883,0.42333333333333334,8.583775134462721,8.654166666666669
2023-10-18 07:30:00,1697639700.0,15.333333333333334,9.5,16.333333333333332,14.333333333333334,58.66666666666666,15.333333333333334,68.16666666666667,35.613192833333336,-119.68961066666668,,6.337944076119989,7.995389257213345,899.5555555555554,5.591481607781953,6.672142496954157,0.42333333333333334,8.536193421159375,8.696666666666667
2023-10-18 08:30:00,1697643300.0,10.333333333333334,6.833333333333333,11.0,18.33333333333333,49.5,19.5,57.16666666666666,35.61313066666667,-119.6896465,,7.573916916901096,10.759416416432233,511.50000000000006,5.561149880592342,6.103501226887066,0.44833333333333336,7.360471965712358,6.8758333333333335
2023-10-18 09:30:00,1697646900.0,6.5,4.666666666666667,6.833333333333333,23.0,38.0,22.166666666666668,49.333333333333336,35.613231166666665,-119.68960816666667,,7.910786600574376,15.089213399425624,247.0,5.5166420284386355,5.423324593947006,0.4675,6.26559170064274,5.859999999999999
2023-10-18 10:30:00,1697650500.0,7.833333333333333,5.666666666666667,8.333333333333334,27.33333333333333,30.666666666666668,25.5,42.833333333333336,35.6132365,-119.6895715,,8.55242409278454,18.780909240548787,240.22222222222223,6.603574624240863,6.484894521210714,0.4608333333333334,7.2217746662831095,7.176666666666666
2023-10-18 11:30:00,1697654100.0,12.5,8.833333333333334,13.0,30.166666666666668,26.5,27.5,38.333333333333336,35.61324316666667,-119.68960066666666,,8.821571966861903,21.345094699804765,331.25,10.264490598130239,9.212988981693142,0.4375,9.781702967323664,9.9575
2023-10-18 12:30:00,1697657700.0,14.333333333333334,10.166666666666666,15.0,31.666666666666668,24.33333333333333,29.166666666666668,35.333333333333336,35.613198833333335,-119.68959033333334,,8.825556677219566,22.8411099894471,348.7777777777777,11.209407400983144,10.00825929875855,0.42833333333333334,10.89738388828728,11.095000000000002
2023-10-18 13:30:00,1697661300.0,13.166666666666666,9.333333333333334,13.5,32.0,23.0,30.0,33.166666666666664,35.613244333333334,-119.6896325,,8.271626349883215,23.728373650116787,302.8333333333333,11.151689898759118,9.790067355726897,0.43416666666666665,10.217317506065644,10.601666666666667
2023-10-18 14:30:00,1697664900.0,12.333333333333334,9.0,12.5,32.0,22.83333333333333,31.0,31.5,35.6133695,-119.689504,,8.16437841874192,23.83562158125808,281.6111111111111,11.146486922677386,9.55081312034386,0.43833333333333335,9.761973397108997,10.182500000000001
2023-10-18 15:30:00,1697668500.0,13.666666666666666,9.666666666666666,13.833333333333334,31.166666666666668,23.666666666666668,31.166666666666668,31.166666666666668,35.613247,-119.68959316666668,,7.995567131591116,23.17109953507555,323.44444444444446,11.119310925816706,9.873468752393745,0.43166666666666664,10.438107423104846,10.805
2023-10-18 16:30:00,1697672100.0,14.0,10.166666666666666,14.333333333333334,29.166666666666668,25.666666666666668,31.0,31.5,35.61323616666667,-119.68963016666667,,7.502066820503164,21.664599846163505,359.33333333333337,10.979967541283411,9.763948894508566,0.43,10.657846711794917,10.808333333333334
2023-10-18 17:30:00,1697675700.0,15.166666666666666,11.333333333333334,15.666666666666666,27.666666666666668,29.0,30.0,34.166666666666664,35.613264,-119.68958033333332,,8.015625047300116,19.651041619366552,439.8333333333333,10.95046963384383,9.76984268025912,0.42416666666666664,11.21110680392475,11.131666666666668
2023-10-18 18:30:00,1697679300.0,14.333333333333334,10.333333333333334,15.166666666666666,25.5,33.0,27.666666666666668,39.66666666666666,35.61322783333333,-119.68957883333331,,8.03934609666833,17.460653903331668,473.0,9.757437773157173,9.088300617207134,0.42833333333333334,10.556440926952405,10.358333333333334
2023-10-18 19:30:00,1697682900.0,15.333333333333334,11.0,16.0,23.166666666666668,36.16666666666666,24.666666666666668,44.0,35.613233,-119.689602,,7.33292054582984,15.833746120836828,554.5555555555554,9.52139052694017,9.060496766366487,0.42333333333333334,10.79617669913434,10.609166666666667
2023-10-18 20:30:00,1697686500.0,27.33333333333333,18.666666666666668,28.166666666666668,20.83333333333333,41.0,22.0,50.0,35.61322016666667,-119.68961316666666,,7.087531407478136,13.745801925855194,1120.6666666666665,12.083674357074566,12.247461664523573,0.36333333333333334,15.949281943564765,16.438333333333333
2023-10-18 21:30:00,1697690100.0,36.16666666666666,24.5,37.66666666666666,20.0,42.16666666666666,21.166666666666668,50.333333333333336,35.613248666666664,-119.68964133333331,,6.746869103022513,13.253130896977487,1525.0277777777771,14.526604066350474,14.847246006768112,0.3191666666666667,19.99677397283289,20.932499999999994
2023-10-18 22:30:00,1697693700.0,22.666666666666668,16.0,23.666666666666668,19.0,43.333333333333336,20.33333333333333,51.833333333333336,35.61323066666667,-119.689603,,6.240425188252023,12.759574811747978,982.2222222222223,10.765426836294909,10.560884289486102,0.38666666666666666,13.638714580221535,13.813333333333333
2023-10-18 23:30:00,1697697300.0,18.166666666666668,12.666666666666666,18.5,18.83333333333333,44.66666666666666,20.0,52.5,35.613205,-119.68961333333334,,6.529722711774315,12.303610621559013,811.4444444444443,9.032021592973022,9.031845142787137,0.4091666666666666,11.228492073242093,11.360000000000001
2023-10-19 00:30:00,1697700600.2,16.6,11.6,16.8,18.0,45.4,19.4,53.6,35.6132272,-119.6896148,,6.008433315322784,11.991566684677217,753.64,8.441213362552043,8.470944477956586,0.41700000000000004,10.426820886615655,10.483
2023-10-19 01:30:00,1697703901.0,15.333333333333334,10.833333333333334,15.833333333333334,17.5,46.5,18.5,55.833333333333336,35.613229,-119.68962466666666,,5.899332007046785,11.600667992953216,713.0,7.967685313837125,7.963622953747491,0.42333333333333334,9.85763730699294,9.730833333333333
2023-10-19 02:30:00,1697707501.0,17.0,12.0,17.5,16.333333333333332,53.333333333333336,16.666666666666668,66.66666666666667,35.61321133333333,-119.68965533333332,,6.817550289072877,9.515783044260456,906.6666666666667,7.739493385478231,7.752162413350004,0.415,9.864325314400954,10.016666666666666
2023-10-19 03:30:00,1697711101.0,16.666666666666668,12.0,17.166666666666668,15.333333333333334,55.833333333333336,16.0,67.83333333333333,35.61323733333334,-119.68960433333332,,6.55426915811807,8.779064175215264,930.5555555555557,7.501774809360002,7.384011417352717,0.41666666666666663,9.499288160355613,9.630833333333335
2023-10-19 04:30:00,1697714701.0,16.833333333333332,12.0,17.5,15.0,55.5,16.0,66.0,35.613246333333336,-119.6895765,,6.1562923758803265,8.843707624119673,934.2499999999999,7.51154975466787,7.4707835932641915,0.41583333333333333,9.630928034578332,9.745833333333334
2023-10-19 05:30:00,1697718301.0,18.166666666666668,12.666666666666666,19.166666666666668,15.0,54.0,15.5,64.0,35.61322716666667,-119.68957783333332,,5.759486777201649,9.240513222798352,981.0000000000001,7.960247438733035,8.041120408808688,0.4091666666666666,10.386403521067798,10.566666666666666
2023-10-19 06:30:00,1697721901.0,18.83333333333333,12.833333333333334,19.83333333333333,15.0,53.5,16.0,63.16666666666666,35.61320683333334,-119.68959433333332,,5.625052000704827,9.374947999295173,1007.583333333333,8.03758206176585,8.299751546920799,0.4058333333333334,10.667848375341048,10.95583333333333
2023-10-19 07:30:00,1697725501.0,19.666666666666668,13.166666666666666,21.0,15.166666666666666,54.833333333333336,16.166666666666668,64.0,35.613229,-119.68965516666668,,6.136339059569987,9.03032760709668,1078.388888888889,8.027740984935818,8.415165190556532,0.4016666666666666,10.886764771344378,11.275833333333335
2023-10-19 08:30:00,1697729101.0,19.0,12.833333333333334,20.166666666666668,18.166666666666668,47.0,19.33333333333333,54.5,35.61324066666666,-119.6896335,,6.663577627414846,11.503089039251822,893.0,8.742490393336375,9.041109707782322,0.405,11.495134266989457,11.595
2023-10-19 09:30:00,1697732701.0,20.33333333333333,13.5,21.5,22.83333333333333,37.5,22.0,48.833333333333336,35.61327033333333,-119.68955883333332,,7.5680162201779995,15.26531711315533,762.4999999999998,10.142221169464598,10.4606391524512,0.3983333333333334,13.072756841503988,13.095833333333331
2023-10-19 10:30:00,1697736301.0,21.5,15.166666666666666,22.0,27.33333333333333,30.0,26.33333333333333,40.833333333333336,35.6132255,-119.6895955,,8.22786757735929,19.105465755974038,645.0,12.127228554738032,11.616481290141028,0.3925,14.336288900665695,14.34
2023-10-19 11:30:00,1697739901.0,25.166666666666668,17.333333333333332,26.166666666666668,31.166666666666668,25.5,29.5,36.0,35.6131725,-119.6896045,,9.09869635481942,22.067970311847247,641.75,13.554271335701547,13.2247134373786,0.37416666666666665,16.720161417478018,16.629166666666666
2023-10-19 12:30:00,1697743501.0,25.83333333333333,17.833333333333332,26.83333333333333,33.5,22.5,31.5,32.333333333333336,35.613219666666666,-119.6896135,,9.196389331151563,24.303610668848435,581.2499999999999,14.253408503657827,13.74871727209208,0.37083333333333335,17.333410371749487,17.230833333333333
2023-10-19 13:30:00,1697747101.0,24.33333333333333,17.5,24.83333333333333,34.0,21.0,32.5,29.33333333333333,35.61321,-119.68962316666666,,8.587769258448018,25.41223074155198,510.9999999999999,14.632143556609257,13.445438542771267,0.37833333333333335,16.607245393586865,16.57833333333333
2023-10-19 14:30:00,1697750701.0,25.83333333333333,18.5,26.5,34.0,21.166666666666668,33.0,28.5,35.6133085,-119.68958266666668,,8.70474078596455,25.29525921403545,546.8055555555554,14.944369719211563,13.890249376946143,0.37083333333333335,17.469736653184732,17.344166666666666
2023-10-19 15:30:00,1697754301.0,25.166666666666668,18.33333333333333,26.0,33.0,21.0,33.166666666666664,26.83333333333333,35.6132735,-119.68959166666669,,7.7624894187654405,25.23751058123456,528.5,14.983673306273385,13.702384291261065,0.37416666666666665,17.231746377107726,17.011666666666667
2023-10-19 16:30:00,1697757901.0,23.666666666666668,17.166666666666668,24.5,31.166666666666668,22.33333333333333,33.0,27.33333333333333,35.61327883333333,-119.68957016666668,,7.144861139901695,24.02180552676497,528.5555555555554,14.255384035353254,13.098349839125369,0.38166666666666665,16.306479094429925,16.118333333333336
2023-10-19 17:30:00,1697761501.0,24.5,17.666666666666668,25.0,29.33333333333333,25.33333333333333,32.0,29.666666666666668,35.61325716666666,-119.6895995,,7.4515194541034075,21.88181387922992,620.6666666666665,13.912851660607314,13.03684835169352,0.3775,16.423824313997933,16.296666666666667
2023-10-19 18:30:00,1697765101.0,25.166666666666668,17.833333333333332,25.83333333333333,27.0,30.666666666666668,29.166666666666668,36.5,35.613255333333335,-119.68959916666668,,8.263753526230603,18.7362464737694,771.7777777777778,13.129570308992342,12.676276531069101,0.37416666666666665,16.230590394587765,16.19
2023-10-19 19:30:00,1697768701.0,26.33333333333333,18.166666666666668,27.0,24.666666666666668,33.166666666666664,26.666666666666668,39.5,35.61323483333333,-119.68959533333332,,7.3844566685520325,17.282209998114634,873.3888888888887,12.77954951774786,12.770627882353445,0.36833333333333335,16.47763746413989,16.584166666666665
2023-10-19 20:30:00,1697772301.0,27.166666666666668,19.166666666666668,28.166666666666668,22.5,35.333333333333336,24.33333333333333,42.5,35.6132355,-119.689621,,6.403817218795554,16.096182781204448,959.888888888889,13.040627274534,12.797583960455388,0.36416666666666664,16.801828518629833,16.833333333333332
2023-10-19 21:30:00,1697775901.0,29.33333333333333,20.166666666666668,30.166666666666668,21.83333333333333,37.16666666666666,23.666666666666668,43.333333333333336,35.61322916666666,-119.68964866666666,,6.549335360861238,15.28399797247209,1090.2222222222217,13.13510027634255,13.27103626235452,0.35333333333333333,17.478258312411064,17.804166666666667
2023-10-19 22:30:00,1697779501.0,30.33333333333333,22.0,31.166666666666668,20.5,38.0,22.166666666666668,45.333333333333336,35.61318716666667,-119.689626,,5.685067531201787,14.814932468798213,1152.6666666666665,14.135746099904622,13.490913595008486,0.3483333333333334,18.04991318671957,18.25333333333333
2023-10-19 23:30:00,1697783101.0,27.83333333333333,19.33333333333333,28.33333333333333,20.0,39.66666666666666,21.666666666666668,47.0,35.61320883333333,-119.689636,,5.859263189465716,14.140736810534284,1104.0555555555552,12.567051936625699,12.543161218471518,0.36083333333333334,16.361310052436426,16.811666666666664
2023-10-20 00:30:00,1697786701.0,28.83333333333333,20.0,29.666666666666668,19.0,41.5,21.0,48.66666666666666,35.613253,-119.68961316666666,,5.614518603352502,13.3854813966475,1196.583333333333,12.678180517930986,12.656889472484934,0.35583333333333333,16.650737279532798,17.17583333333333
2023-10-20 01:30:00,1697790301.0,26.666666666666668,18.5,27.666666666666668,18.666666666666668,44.0,19.666666666666668,53.0,35.6132585,-119.68960566666668,,6.160009254592441,12.506657412074226,1173.3333333333335,11.77686975817757,11.723457829810094,0.36666666666666664,15.324817592665553,15.836666666666666
2023-10-20 02:30:00,1697793901.0,32.333333333333336,22.166666666666668,33.333333333333336,18.0,45.66666666666666,19.0,54.333333333333336,35.613228666666664,-119.68964133333331,,6.0933139219983445,11.906686078001655,1476.5555555555554,13.276799708340166,13.293773788473132,0.33833333333333326,17.56711334243196,18.64166666666667
2023-10-20 03:30:00,1697797501.0,30.33333333333333,21.166666666666668,31.33333333333333,18.0,45.833333333333336,19.0,54.66666666666666,35.613236666666666,-119.68961583333332,,6.1461421535687935,11.853857846431207,1390.2777777777776,12.887450232746755,12.659412478990859,0.3483333333333334,16.7136759094388,17.5875
2023-10-20 04:30:00,1697801101.0,35.666666666666664,24.33333333333333,36.833333333333336,17.166666666666668,47.66666666666666,18.666666666666668,56.16666666666666,35.613205,-119.68958416666668,,5.95334300386337,11.213323662803298,1700.1111111111106,14.134446322761525,14.10925862515122,0.3216666666666667,18.697931212435925,20.205000000000002
2023-10-20 05:30:00,1697804701.0,28.33333333333333,19.5,29.5,17.0,48.0,18.83333333333333,56.333333333333336,35.61323333333333,-119.6895955,,5.90156034008122,11.09843965991878,1359.9999999999998,11.854600253011032,11.812753012227493,0.35833333333333334,15.487787757766725,16.36333333333333
2023-10-20 06:30:00,1697808301.0,23.5,15.833333333333334,24.33333333333333,17.0,46.66666666666666,17.833333333333332,56.16666666666666,35.61324716666667,-119.68962233333332,,5.494426640021854,11.505573359978147,1096.6666666666665,10.151237026713948,10.46399977584074,0.3825,13.425847663042113,13.963333333333335
2023-10-20 07:30:00,1697811901.0,31.666666666666668,20.83333333333333,33.166666666666664,16.0,53.0,17.0,65.5,35.613274999999994,-119.68962849999998,,6.417036768881728,9.582963231118272,1678.3333333333335,11.941894292319372,12.309790612983942,0.3416666666666666,15.982007911144436,17.67166666666667
2023-10-20 08:30:00,1697815501.0,39.0,25.5,40.5,18.83333333333333,48.833333333333336,20.0,57.833333333333336,35.6132295,-119.68959683333333,,7.834071141118883,10.999262192214445,1904.5,14.408740521553142,15.013201027363102,0.305,19.780455465085783,21.839166666666667
2023-10-20 09:30:00,1697819101.0,43.833333333333336,28.0,45.66666666666666,23.666666666666668,40.5,24.33333333333333,50.16666666666666,35.61322416666667,-119.68958933333332,,9.449174816308455,14.217491850358213,1775.25,15.779779382262342,17.388062023941824,0.2808333333333333,23.63439461214706,25.06083333333334
2023-10-20 10:30:00,1697822701.0,31.166666666666668,21.5,32.166666666666664,28.666666666666668,31.33333333333333,28.0,41.16666666666666,35.613206166666664,-119.68964133333334,,10.027929881954075,18.63873678471259,976.5555555555554,14.411829542028233,14.455519867768604,0.3441666666666666,19.195279975618305,19.253333333333334
2023-10-20 11:30:00,1697826301.0,27.166666666666668,19.33333333333333,27.83333333333333,32.166666666666664,25.5,31.166666666666668,34.5,35.613232833333335,-119.689579,,9.944009822001647,22.222656844665018,692.75,14.532677309053913,13.841383233754112,0.36416666666666664,17.792664472567253,17.669166666666666
2023-10-20 12:30:00,1697829901.0,23.0,16.5,23.83333333333333,35.0,21.33333333333333,33.833333333333336,29.5,35.61324416666667,-119.68956516666668,,9.647167168455507,25.352832831544493,490.6666666666666,14.229054354486314,12.998942318974079,0.385,15.88418590295478,15.85666666666667
2023-10-20 13:30:00,1697833501.0,18.666666666666668,13.666666666666666,19.33333333333333,35.833333333333336,18.0,34.666666666666664,24.0,35.61322333333333,-119.6895955,,7.812853607933179,28.020479725400158,336.0,13.951732802737267,12.016654688962296,0.4066666666666666,13.585764973620517,13.886666666666667
2023-10-20 14:30:00,1697837101.0,11.666666666666666,8.0,11.833333333333334,36.0,14.666666666666666,35.833333333333336,18.0,35.613192833333336,-119.68959033333331,,4.96993837727382,31.03006162272618,171.1111111111111,12.540940832044466,10.212140663783163,0.44166666666666665,9.274301470008467,10.53
2023-10-20 15:30:00,1697840701.0,9.0,6.166666666666667,9.0,35.166666666666664,14.166666666666666,36.16666666666666,17.333333333333332,35.61316716666667,-119.68961183333332,,3.8166490147721404,31.350017651894525,127.5,7.590314918254917,7.847318005934105,0.455,7.671213652442018,9.185833333333333
2023-10-20 16:30:00,1697844301.0,7.5,5.333333333333333,7.666666666666667,33.0,15.333333333333334,35.833333333333336,17.666666666666668,35.613230666666674,-119.689607,,3.2251710676400656,29.774828932359934,115.0,6.668393338894253,6.957611613475241,0.4625,6.971008338100945,8.306666666666667
2023-10-20 17:30:00,1697847901.0,3.6666666666666665,2.6666666666666665,4.0,31.166666666666668,16.166666666666668,34.5,18.0,35.61325633333333,-119.68958166666664,,2.507971043734292,28.658695622932377,59.27777777777778,4.080763974069482,4.776280725512224,0.48166666666666663,4.856421472715734,6.2425
2023-10-20 18:30:00,1697851501.0,6.666666666666667,4.333333333333333,7.166666666666667,28.666666666666668,20.166666666666668,31.166666666666668,23.666666666666668,35.613231000000006,-119.6895865,,3.603227733509653,25.063438933157016,134.44444444444446,5.9573206937521,6.283381240380853,0.4666666666666666,6.6940803155299236,7.4625
2023-10-20 19:30:00,1697855101.0,3.6666666666666665,2.333333333333333,3.6666666666666665,26.0,22.0,28.666666666666668,25.0,35.61324883333334,-119.6895865,,2.624264353672743,23.375735646327257,80.66666666666666,4.023110172151261,4.5254667925722645,0.48166666666666663,4.96891556539778,5.746666666666666
2023-10-20 20:30:00,1697858701.0,1.0,0.3333333333333333,1.3333333333333333,25.166666666666668,17.666666666666668,28.33333333333333,19.166666666666668,35.613238,-119.6896425,,-1.1076542914682677,26.274320958134936,17.666666666666668,2.1994789680980347,3.2192637481921444,0.495,3.457826714770029,4.7283333333333335
2023-10-20 21:30:00,1697862301.0,1.1666666666666667,0.5,1.5,24.83333333333333,19.166666666666668,27.83333333333333,21.83333333333333,35.613268833333336,-119.689645,,-0.2620739084622267,25.095407241795556,22.361111111111114,2.351056165320602,3.248051359739268,0.49416666666666664,3.6193184129055096,4.6875
2023-10-20 22:30:00,1697865901.0,1.0,0.0,1.0,24.0,20.166666666666668,27.0,22.83333333333333,35.613217166666665,-119.68965033333332,,-0.24852828785652098,24.24852828785652,20.166666666666668,2.1141122590828485,3.1117720626464473,0.495,3.4185272650596676,4.515833333333333
2023-10-20 23:30:00,1697869501.0,0.6666666666666666,0.0,0.8333333333333334,24.0,21.5,26.5,24.0,35.61322916666666,-119.68962966666668,,0.6362489687622797,23.36375103123772,14.333333333333332,1.9882749267844813,2.86787791793966,0.49666666666666665,3.3433477883845706,4.229166666666666
2023-10-21 00:30:00,1697873101.0,0.8333333333333334,0.3333333333333333,0.8333333333333334,22.83333333333333,19.666666666666668,25.5,22.5,35.61322716666667,-119.68961833333331,,-1.555852706113539,24.38918603944687,16.38888888888889,2.18483324167632,3.0399877768810457,0.49583333333333335,3.4192512673449427,4.471666666666667
2023-10-21 01:30:00,1697876701.0,0.8333333333333334,0.3333333333333333,1.0,22.0,20.5,24.0,23.83333333333333,35.61323316666667,-119.68962733333336,,-1.6801438359509806,23.68014383595098,17.083333333333336,2.2014351932802807,3.00415721503248,0.49583333333333335,3.504146072258359,4.400833333333333
2023-10-21 02:30:00,1697880301.0,3.333333333333333,2.333333333333333,3.8333333333333335,21.0,24.0,23.0,28.166666666666668,35.61321083333333,-119.68960583333336,,-0.3604503144900958,21.360450314490095,80.0,3.934027731560495,4.252908198386624,0.48333333333333334,5.077026570444119,5.403333333333333
2023-10-21 03:30:00,1697883901.0,0.6666666666666666,0.5,0.8333333333333334,21.0,21.33333333333333,23.33333333333333,23.83333333333333,35.61321383333333,-119.68959066666666,,-1.9700565278961932,22.970056527896194,14.222222222222218,2.2147374240411657,2.875044030309373,0.49666666666666665,3.5004222538016574,4.243333333333334
2023-10-21 04:30:00,1697887501.0,0.3333333333333333,0.0,0.5,20.666666666666668,21.83333333333333,22.5,25.5,35.61322916666666,-119.68963116666669,,-1.933779311478136,22.600445978144805,7.277777777777776,1.901151979560447,2.666980447451151,0.49833333333333335,3.2856003411904755,4.0275
2023-10-21 05:30:00,1697891101.0,2.6666666666666665,1.6666666666666667,2.833333333333333,18.5,28.5,19.83333333333333,35.5,35.613259,-119.6896185,,-0.12823490516002553,18.628234905160024,76.0,3.3941863720545813,3.6862926729062035,0.48666666666666664,4.609217318363568,4.674166666666666
2023-10-21 06:30:00,1697894701.0,17.166666666666668,11.5,17.833333333333332,17.833333333333332,46.333333333333336,19.0,57.16666666666666,35.613208166666666,-119.68960566666664,,6.151540255824913,11.68179307750842,795.388888888889,8.166944499562126,8.5465951135318,0.4141666666666666,10.622014569904467,10.698333333333334
2023-10-21 07:30:00,1697898301.0,18.0,11.666666666666666,18.83333333333333,17.0,50.833333333333336,18.0,62.66666666666666,35.61327983333333,-119.68964516666666,,6.73455240742073,10.265447592579271,915.0,7.641877926104365,8.32587000813913,0.41,10.46826022779254,10.749166666666666
2023-10-21 08:30:00,1697901901.0,26.166666666666668,17.5,27.166666666666668,18.5,48.833333333333336,19.0,61.16666666666666,35.613215000000004,-119.68964,,7.528126688232585,10.971873311767414,1277.8055555555557,10.737428456152863,11.056236500620233,0.36916666666666664,14.272282058216472,15.165833333333335
2023-10-21 09:30:00,1697905501.0,17.666666666666668,11.5,17.833333333333332,20.666666666666668,44.0,20.166666666666668,58.0,35.6132585,-119.68961866666666,,7.972815425456653,12.693851241210016,777.3333333333334,8.403363672378578,8.94844374612029,0.4116666666666666,10.86453316278967,11.156666666666666
2023-10-21 10:30:00,1697909101.0,17.0,11.5,17.666666666666668,23.166666666666668,37.333333333333336,21.83333333333333,52.0,35.613247,-119.6895955,,7.798676506309706,15.367990160356962,634.6666666666667,9.39603783248734,9.450547671598773,0.415,11.391846309196584,11.376666666666665
2023-10-21 11:30:00,1697912701.0,11.5,8.0,11.666666666666666,25.166666666666668,32.5,23.5,46.333333333333336,35.613214,-119.689578,,7.523814664514878,17.64285200215179,373.75,8.766110170523639,8.267759611662099,0.4425,8.92425015904329,8.9275
2023-10-21 12:30:00,1697916301.0,11.5,7.833333333333333,11.833333333333334,27.33333333333333,28.666666666666668,25.5,41.16666666666666,35.61327283333333,-119.6895905,,7.559186548842041,19.774146784491286,329.6666666666667,9.332495471996166,8.674664413117533,0.4425,9.1093201741324,9.253333333333334
2023-10-21 13:30:00,1697919901.0,11.5,8.0,11.833333333333334,28.0,27.0,26.33333333333333,39.0,35.61321483333333,-119.68961833333331,,7.2522336536506415,20.74776634634936,310.5,9.75568321569675,8.851579544185112,0.4425,9.204589160441053,9.395
2023-10-21 14:30:00,1697923501.0,10.166666666666666,7.166666666666667,10.5,28.33333333333333,26.5,27.666666666666668,36.66666666666666,35.613203,-119.68961466666669,,7.262623237885634,21.070710095447694,269.41666666666663,9.567376438871428,8.49354088592171,0.44916666666666666,8.52274840524419,8.744166666666667
2023-10-21 15:30:00,1697927101.0,11.333333333333334,7.833333333333333,11.5,28.33333333333333,27.666666666666668,28.0,36.833333333333336,35.61323483333334,-119.68960816666667,,7.894727388865448,20.43860594446788,313.5555555555556,9.567748911875961,8.72942434206012,0.44333333333333336,9.024990243107561,9.251666666666667
2023-10-21 16:30:00,1697930701.0,12.666666666666666,8.833333333333334,13.0,26.5,30.5,28.0,37.5,35.61326866666667,-119.6895865,,7.750565345454105,18.749434654545894,386.3333333333333,9.46031569928249,8.839781816828909,0.43666666666666665,9.663852510782517,9.704166666666666
2023-10-21 17:30:00,1697934301.0,14.666666666666666,10.166666666666666,15.5,25.166666666666668,33.833333333333336,27.166666666666668,40.0,35.6132845,-119.68958266666668,,8.114839423742136,17.05182724292453,496.22222222222223,9.441943799175384,9.10262135106926,0.42666666666666664,10.59932773445502,10.460833333333333
2023-10-21 18:30:00,1697937901.0,15.333333333333334,10.333333333333334,15.666666666666666,23.5,37.66666666666666,25.166666666666668,45.5,35.61322166666667,-119.68966683333332,,8.225644624022863,15.274355375977137,577.5555555555554,8.853806931323994,8.901273148405666,0.42333333333333334,10.46019314058713,10.481666666666667
2023-10-21 19:30:00,1697941501.0,8.333333333333334,5.5,8.5,21.666666666666668,39.0,23.5,46.333333333333336,35.61325716666666,-119.6895815,,7.103113880594321,14.563552786072346,325.0,6.382720712732845,6.406436771348682,0.45833333333333337,6.995127902105419,6.7283333333333335
2023-10-21 20:30:00,1697945101.0,6.666666666666667,4.333333333333333,7.5,20.33333333333333,40.66666666666666,21.83333333333333,48.66666666666666,35.6132355,-119.68962116666668,,6.51939236366062,13.813940969672709,271.1111111111111,5.351499673276537,5.4019494189061374,0.4666666666666666,6.311728407168182,5.720000000000001
2023-10-21 21:30:00,1697948701.0,4.5,3.0,4.833333333333333,19.33333333333333,42.833333333333336,20.666666666666668,51.16666666666666,35.613190833333334,-119.68957766666666,,6.373324850647255,12.960008482686074,192.75,4.10736586381714,4.096115860730828,0.4775,5.1145397057150195,4.409166666666666
2023-10-21 22:30:00,1697952301.0,4.0,2.6666666666666665,4.5,18.33333333333333,44.5,19.5,53.16666666666666,35.613252,-119.68962733333336,,6.021368019384407,12.311965313948921,178.0,3.7811042136081108,3.744606868410073,0.48,4.8739180870464445,4.0075
2023-10-21 23:30:00,1697956200.857143,2.7142857142857144,1.8571428571428568,3.142857142857143,18.0,45.71428571428572,19.0,54.285714285714285,35.61323385714286,-119.689561,,6.108425063850732,11.891574936149269,124.08163265306125,3.0651962348112196,2.972787816112844,0.48642857142857143,4.2465718131180346,3.235714285714285
2023-10-22 00:30:00,1697960100.0,3.0,2.0,3.1666666666666665,17.0,47.5,18.33333333333333,56.333333333333336,35.613232333333336,-119.68962483333333,,5.75007045842364,11.24992954157636,142.5,3.1512177712766505,3.0559211085079885,0.485,4.234274251334835,3.2324999999999995
2023-10-22 01:30:00,1697963700.0,4.166666666666667,3.0,4.666666666666667,16.166666666666668,50.66666666666666,17.0,60.16666666666666,35.6132,-119.68965133333332,,5.918042285213155,10.248624381453514,211.1111111111111,3.738639877124363,3.5727433336052288,0.47916666666666663,4.7194882207594695,3.570000000000001
2023-10-22 02:30:00,1697967300.0,5.666666666666667,3.8333333333333335,5.833333333333333,16.0,51.833333333333336,17.0,62.333333333333336,35.61321783333333,-119.68963233333334,,6.093907708509742,9.906092291490257,293.72222222222223,4.399070272440701,4.362124152888109,0.4716666666666666,5.164518342154974,4.250833333333333
2023-10-22 03:30:00,1697970900.0,6.5,4.5,6.833333333333333,15.833333333333334,53.833333333333336,16.0,64.66666666666667,35.61323616666667,-119.6895855,,6.489165582247939,9.344167751085395,349.9166666666667,4.768067980345317,4.742543918824257,0.4675,5.447316622541646,4.514166666666666
2023-10-22 04:30:00,1697974500.0,7.0,4.833333333333333,7.333333333333333,15.0,55.333333333333336,15.666666666666666,67.16666666666667,35.613266,-119.68964383333334,,6.112674145661636,8.887325854338364,387.33333333333337,4.944462313780331,4.957896776120463,0.465,5.557744292691846,4.6466666666666665
2023-10-22 05:30:00,1697978100.0,5.833333333333333,4.0,6.0,14.0,57.0,14.833333333333334,69.33333333333333,35.6132225,-119.689636,,5.608062197715381,8.39193780228462,332.5,4.2686490739364755,4.233257292301542,0.4708333333333334,4.947326414134094,3.8983333333333325
2023-10-22 06:30:00,1697981700.0,6.333333333333333,4.0,6.666666666666667,13.666666666666666,58.833333333333336,13.5,73.0,35.61322166666667,-119.6896325,,5.753002511797579,7.913664154869087,372.6111111111111,4.295079952735415,4.434277924858321,0.4683333333333334,5.010783197810292,4.0024999999999995
2023-10-22 07:30:00,1697985300.0,13.0,8.166666666666666,13.5,13.166666666666666,59.16666666666666,13.333333333333334,72.5,35.6132285,-119.68960066666666,,5.364723869568003,7.801942797098663,769.1666666666665,4.8644927455132265,5.899619861862452,0.435,7.514815539692025,7.440833333333334
2023-10-22 08:30:00,1697988900.0,7.5,4.666666666666667,7.833333333333333,16.166666666666668,52.66666666666666,17.0,61.833333333333336,35.61325183333333,-119.68959433333332,,6.479810476970218,9.68685618969645,394.99999999999994,5.144999831634846,5.352402442659498,0.4625,5.8408552262524065,5.133333333333334
2023-10-22 09:30:00,1697992500.0,7.5,5.166666666666667,7.666666666666667,20.33333333333333,43.0,19.5,56.66666666666666,35.61322466666667,-119.68961066666668,,7.333685732506574,12.999647600826755,322.5,5.809981045965372,5.76803696010286,0.4625,6.438397855963311,5.955
2023-10-22 10:30:00,1697996100.0,7.0,5.0,7.0,24.0,35.166666666666664,21.83333333333333,50.5,35.613404,-119.689639,,7.657644730377742,16.34235526962226,246.16666666666666,5.9147827929056165,5.824996372855754,0.465,6.530380010216357,6.360833333333334
2023-10-22 11:30:00,1697999700.0,6.166666666666667,4.166666666666667,6.166666666666667,26.5,30.166666666666668,23.666666666666668,45.833333333333336,35.61322716666667,-119.689541,,7.589220014861739,18.910779985138262,186.0277777777778,5.472330170262703,5.573566629574441,0.4691666666666666,6.203820813119483,6.3525
2023-10-22 12:30:00,1698003300.0,5.166666666666667,3.8333333333333335,5.5,28.33333333333333,27.166666666666668,25.33333333333333,41.833333333333336,35.61321083333333,-119.6895855,,7.626764075878419,20.70656925745491,140.36111111111111,5.046612734845684,5.1428609149820295,0.4741666666666666,5.861432659272259,6.0875
2023-10-22 13:30:00,1698006900.0,2.0,1.3333333333333333,2.0,27.666666666666668,29.33333333333333,25.5,43.333333333333336,35.613246833333335,-119.689616,,8.184000124830828,19.48266654183584,58.66666666666666,2.915924961430539,3.2773316195594733,0.49,4.0404282639384945,4.256666666666667
2023-10-22 14:30:00,1698010500.0,12.0,8.5,12.166666666666666,26.33333333333333,31.33333333333333,25.666666666666668,42.333333333333336,35.613215000000004,-119.689621,,8.002463584920577,18.330869748412752,375.99999999999994,9.228387353194117,8.545767652503283,0.44,9.252377680087319,9.286666666666667
2023-10-22 15:30:00,1698014100.0,11.833333333333334,8.666666666666666,12.333333333333334,26.166666666666668,29.0,26.33333333333333,37.66666666666666,35.61324633333333,-119.68962833333332,,6.724917126691802,19.441749539974865,343.1666666666667,9.760028102313141,8.742059686299935,0.44083333333333335,9.437894323313527,9.398333333333333
2023-10-22 16:30:00,1698017700.0,25.0,9.333333333333334,28.666666666666668,25.666666666666668,29.33333333333333,26.5,36.333333333333336,35.613206166666664,-119.68963616666667,,6.460524708764993,19.206141957901675,733.3333333333333,7.312087060054633,12.766419486225207,0.375,15.684191984168462,16.21666666666667
2023-10-22 17:30:00,1698021300.0,0.8333333333333334,0.5,0.8333333333333334,23.83333333333333,34.166666666666664,25.5,41.833333333333336,35.613223999999995,-119.68960316666666,,7.0884354393613815,16.744897893971945,28.47222222222222,2.1702397040606742,2.4165360007160026,0.49583333333333335,3.4602188220776284,3.2391666666666667
2023-10-22 18:30:00,1698024900.0,0.0,0.0,0.1666666666666666,21.83333333333333,39.5,23.166666666666668,47.833333333333336,35.61325983333334,-119.68955233333332,,7.438499829555878,14.39483350377745,0.0,1.6544453435934718,1.7208072905124752,0.5,3.057917830096498,2.3524999999999996
2023-10-22 19:30:00,1698028500.0,0.1666666666666666,0.1666666666666666,0.3333333333333333,19.83333333333333,45.833333333333336,21.166666666666668,55.66666666666666,35.61324266666667,-119.6895865,,7.816268569314407,12.017064764018922,7.638888888888887,1.6797914294888843,1.541777643337917,0.49916666666666665,3.0274792552652166,1.9008333333333325
2023-10-22 20:30:00,1698032100.0,0.0,0.0,0.1666666666666666,18.5,50.833333333333336,20.0,61.16666666666666,35.613235,-119.68961716666666,,8.1181808445735,10.3818191554265,0.0,1.4828929799263038,1.233511649371981,0.5,2.8189835276177684,1.3891666666666662
2023-10-22 21:30:00,1698035700.0,0.3333333333333333,0.0,0.5,18.0,54.333333333333336,19.0,64.83333333333333,35.613248666666664,-119.68962333333332,,8.638394865847328,9.361605134152672,18.11111111111111,1.4961497462177276,1.2695885353570882,0.49833333333333335,2.808235230434927,1.2649999999999997
2023-10-22 22:30:00,1698039300.0,0.0,0.0,0.1666666666666666,17.0,55.0,18.5,65.16666666666667,35.613223500000004,-119.6896195,,7.887923126819992,9.112076873180008,0.0,1.403777908744798,1.054358840129153,0.5,2.700492226590632,1.0349999999999993
2023-10-22 23:30:00,1698042900.0,0.8333333333333334,0.0,0.8333333333333334,17.5,54.0,18.83333333333333,63.5,35.613255,-119.689612,,8.082888695311826,9.417111304688174,45.0,1.632304439655452,1.5637686287201384,0.49583333333333335,2.9254304798153603,1.5533333333333328
2023-10-23 00:30:00,1698046500.0,0.8333333333333334,0.0,0.8333333333333334,17.833333333333332,52.66666666666666,19.0,62.0,35.61326483333334,-119.68962583333332,,8.023900448760111,9.809432884573221,43.888888888888886,1.6636473215013807,1.621097527677844,0.49583333333333335,2.9705792501401094,1.666666666666667
2023-10-23 01:30:00,1698050100.0,1.0,0.0,1.0,17.166666666666668,52.833333333333336,18.166666666666668,62.833333333333336,35.61326116666667,-119.68960316666666,,7.4526540962439425,9.714012570422724,52.833333333333336,1.7061241344994897,1.7072140381826717,0.495,3.020853757799819,1.7391666666666663
2023-10-23 02:30:00,1698053700.0,1.1666666666666667,0.6666666666666666,1.3333333333333333,17.0,53.833333333333336,18.0,64.16666666666667,35.613224,-119.689598,,7.5729782851427565,9.427021714857243,62.805555555555564,1.974178348980144,1.7574999868389343,0.49416666666666664,3.191451208108087,1.7408333333333328
2023-10-23 03:30:00,1698057300.0,1.6666666666666667,1.0,2.0,17.0,54.333333333333336,18.0,65.0,35.61326033333333,-119.6896005,,7.708685340643405,9.291314659356594,90.55555555555556,2.2112069528217244,2.015849518353419,0.49166666666666664,3.4166198114477364,1.9583333333333326
2023-10-23 04:30:00,1698060900.0,2.0,1.0,2.0,17.0,54.0,18.0,65.16666666666667,35.6132215,-119.68960450000002,,7.618337171255944,9.381662828744055,108.0,2.3047042993833227,2.216746988841928,0.49,3.4385948270155,2.1599999999999993
2023-10-23 05:30:00,1698064500.0,2.333333333333333,1.3333333333333333,2.6666666666666665,17.0,55.0,17.0,67.0,35.61322833333333,-119.68961683333332,,7.887923126819992,9.112076873180008,128.33333333333331,2.4818530070489517,2.3603155603727317,0.48833333333333334,3.635331726590632,2.248333333333332
2023-10-23 06:30:00,1698068100.0,4.0,2.833333333333333,4.5,17.0,56.5,17.0,68.66666666666667,35.613248166666665,-119.68965533333332,,8.284298009359397,8.715701990640603,226.0,3.3980829518087656,3.228646777790727,0.48,4.329868294875619,2.9875
2023-10-23 07:30:00,1698071700.0,3.1666666666666665,2.0,3.1666666666666665,16.666666666666668,60.5,17.0,73.0,35.61322083333334,-119.68962616666666,,8.983703725365805,7.682962941300863,191.58333333333331,2.7375052595590024,2.590246966544905,0.48416666666666663,3.624263237673029,2.2141666666666664
2023-10-23 08:30:00,1698075300.0,3.5,2.0,3.6666666666666665,17.5,60.16666666666666,17.5,73.83333333333333,35.61324133333333,-119.689603,,9.68594719138355,7.8140528086164505,210.58333333333331,2.820916098181303,2.791144437033414,0.4825,3.7649037105787126,2.4158333333333344
2023-10-23 09:30:00,1698078900.0,4.333333333333333,2.6666666666666665,4.333333333333333,18.0,57.16666666666666,18.0,72.0,35.613236666666666,-119.68961733333332,,9.392769398002956,8.607230601997044,247.72222222222217,3.3826245247017814,3.3865475740609576,0.47833333333333333,4.2153037516087775,3.1041666666666674
2023-10-23 10:30:00,1698082500.0,5.166666666666667,3.333333333333333,5.333333333333333,18.5,55.16666666666666,18.666666666666668,69.66666666666667,35.613188666666666,-119.68958016666666,,9.329397191562524,9.170602808437476,285.02777777777777,3.9187586107519428,3.9389540368702223,0.4741666666666666,4.713286873399832,3.707500000000001
2023-10-23 11:30:00,1698086100.0,7.5,4.666666666666667,7.666666666666667,20.166666666666668,49.0,19.666666666666668,63.833333333333336,35.61323616666667,-119.68960716666668,,9.10811218888967,11.058554477776998,367.5,5.316894445321682,5.510056914793187,0.4625,5.990594198302016,5.445
2023-10-23 12:30:00,1698089700.0,5.5,4.0,6.0,20.666666666666668,46.833333333333336,20.166666666666668,61.833333333333336,35.61321266666667,-119.68961716666666,,8.894658133516181,11.772008533150487,257.58333333333337,4.608615163980431,4.483824901104962,0.4725,5.449762115526985,4.589166666666666
2023-10-23 13:30:00,1698093300.0,4.5,3.5,4.833333333333333,21.0,45.16666666666666,20.83333333333333,58.5,35.613236,-119.68955116666666,,8.661501975241531,12.338498024758469,203.24999999999994,4.197571698047681,3.9957902875548448,0.4775,5.071785988895925,4.210833333333333
2023-10-23 14:30:00,1698096900.0,5.0,3.5,5.166666666666667,22.666666666666668,41.66666666666666,22.0,55.16666666666666,35.61324666666667,-119.68957016666668,,8.973350612797649,13.693316053869019,208.3333333333333,4.464599671753229,4.426126515942445,0.475,5.330189928716534,4.768333333333334
2023-10-23 15:30:00,1698100500.0,4.166666666666667,3.0,4.166666666666667,23.666666666666668,38.66666666666666,23.166666666666668,51.5,35.613244,-119.6895625,,8.761225763272265,14.905440903394403,161.1111111111111,4.1105004801863405,4.088703424224575,0.47916666666666663,5.0113148158798335,4.590000000000001
2023-10-23 16:30:00,1698104100.0,4.166666666666667,3.333333333333333,4.666666666666667,22.0,42.833333333333336,22.0,54.833333333333336,35.613257,-119.68956483333334,,8.781924195082134,13.218075804917866,178.47222222222226,4.112292060589041,3.909550614981746,0.47916666666666663,5.063658133363182,4.235833333333334
2023-10-23 17:30:00,1698107700.0,4.5,3.333333333333333,4.833333333333333,20.5,46.66666666666666,21.33333333333333,57.833333333333336,35.613252,-119.68959533333332,,8.689749978537444,11.810250021462556,209.99999999999994,4.08195898638262,3.9312952762274267,0.4775,4.979948572717824,4.083333333333334
2023-10-23 18:30:00,1698111300.0,8.166666666666666,6.0,8.5,18.83333333333333,51.66666666666666,19.666666666666668,64.16666666666667,35.61322533333333,-119.68960566666664,,8.66598029654101,10.167353036792319,421.94444444444434,5.859798639508872,5.768529608375942,0.45916666666666667,6.305648479115141,5.5649999999999995
2023-10-23 19:30:00,1698114900.0,6.166666666666667,4.833333333333333,6.166666666666667,17.5,57.5,18.166666666666668,70.66666666666667,35.61325016666667,-119.6896335,,9.011407840991689,8.488592159008311,354.58333333333337,4.618956752637901,4.398324200941486,0.4691666666666666,5.071933508844925,4.029166666666667
2023-10-23 20:30:00,1698118500.0,12.166666666666666,8.166666666666666,12.833333333333334,16.166666666666668,62.66666666666666,16.5,76.83333333333333,35.6132195,-119.6896425,,9.033984719636477,7.132681947030191,762.4444444444443,4.5820879794958636,5.271152338130737,0.43916666666666665,6.982255795679892,6.71
2023-10-23 21:30:00,1698122100.0,15.166666666666666,10.0,15.666666666666666,15.5,64.83333333333333,15.5,80.5,35.61328316666667,-119.68962333333332,,8.906428582338416,6.593571417661584,983.3055555555554,5.309694206708226,5.96616736230615,0.42416666666666664,7.765674307419688,8.085833333333333
2023-10-23 22:30:00,1698125700.0,17.5,11.5,18.166666666666668,14.5,66.83333333333333,15.0,81.66666666666667,35.613231,-119.68962616666666,,8.4045719561419,6.095428043858099,1169.5833333333333,5.924594595649499,6.473317300796485,0.4125,8.387228201392592,9.129166666666666
2023-10-23 23:30:00,1698129300.0,10.833333333333334,7.5,11.0,14.0,64.5,15.0,76.33333333333333,35.613233,-119.68963616666667,,7.406182819029108,6.593817180970892,698.75,4.014426531073608,4.665432496372723,0.44583333333333336,6.257823455896556,5.860833333333333
2023-10-24 00:30:00,1698132900.0,15.666666666666666,10.166666666666666,16.333333333333332,14.0,63.833333333333336,14.333333333333334,77.5,35.61327466666667,-119.689622,,7.2540513652558465,6.7459486347441535,1000.0555555555555,5.4670808056239695,6.226483890040576,0.42166666666666663,8.081108133187382,8.430833333333332
2023-10-24 01:30:00,1698136500.0,15.666666666666666,10.5,16.166666666666668,14.0,64.0,14.0,77.5,35.613306666666666,-119.689756,,7.292215297288853,6.707784702711147,1002.6666666666666,5.684227763394718,6.208792376933818,0.42166666666666663,8.07546281122049,8.416666666666666
2023-10-24 02:30:00,1698140100.0,16.833333333333332,11.166666666666666,17.5,13.5,65.66666666666667,13.333333333333334,81.5,35.61324166666667,-119.68959933333332,,7.193399376967386,6.306600623032614,1105.388888888889,5.860521608384495,6.391601293751952,0.41583333333333333,8.323020712230239,8.881666666666666
2023-10-24 03:30:00,1698143700.0,13.833333333333334,9.833333333333334,14.5,13.0,67.33333333333333,13.0,81.16666666666667,35.613230333333334,-119.68962333333332,,7.083391827051817,5.916608172948183,931.4444444444445,5.031307382529203,5.289681468121106,0.43083333333333335,7.2192814125237295,7.180000000000001
2023-10-24 04:30:00,1698147300.0,10.166666666666666,7.5,10.333333333333334,12.333333333333334,66.33333333333333,12.5,79.83333333333333,35.6131725,-119.68957266666666,,6.229769798231059,6.103563535102275,674.3888888888888,3.8448755440364666,4.265269253406549,0.44916666666666666,5.9491681355933075,5.3583333333333325
2023-10-24 05:30:00,1698150900.0,12.666666666666666,8.833333333333334,13.333333333333334,12.0,67.16666666666667,12.0,82.0,35.613205,-119.68956366666669,,6.093037562327224,5.906962437672776,850.7777777777778,4.4462701465084145,4.947648933342148,0.43666666666666665,6.806961875179713,6.5874999999999995
2023-10-24 06:30:00,1698154500.0,12.166666666666666,8.5,12.666666666666666,12.0,67.66666666666667,11.5,81.83333333333333,35.6132515,-119.68966666666668,,6.20061150109932,5.79938849890068,823.2777777777778,4.201661289546138,4.7404069449279955,0.43916666666666665,6.543037851069456,6.284999999999998
2023-10-24 07:30:00,1698158100.0,16.166666666666668,11.0,17.0,12.166666666666666,67.33333333333333,12.333333333333334,80.83333333333333,35.61322916666666,-119.689645,,6.288055540153967,5.878611126512699,1088.5555555555557,5.628474882109378,6.009129563892537,0.41916666666666663,7.997989884093389,8.393333333333334
2023-10-24 08:30:00,1698161700.0,25.166666666666668,15.5,26.33333333333333,15.0,62.333333333333336,15.0,75.66666666666667,35.6132165,-119.68962333333332,,7.852041984660607,7.147958015339393,1568.7222222222224,8.35098821243766,9.31488904078508,0.37416666666666665,11.660889782408658,13.498333333333335
2023-10-24 09:30:00,1698165300.0,25.666666666666668,16.0,26.5,19.33333333333333,51.16666666666666,18.5,66.5,35.61324,-119.689616,,8.983524889869054,10.349808443464275,1313.2777777777776,9.573549925472614,10.654387868031746,0.37166666666666665,13.458340111271866,14.707500000000003
2023-10-24 10:30:00,1698168900.0,19.0,12.166666666666666,19.666666666666668,23.33333333333333,39.5,21.33333333333333,56.0,35.613226,-119.6896045,,8.779525847482988,14.55380748585034,750.5,9.222565160413387,9.837227797586431,0.405,12.00825220421974,12.232500000000002
2023-10-24 11:30:00,1698172500.0,11.0,7.666666666666667,11.333333333333334,26.5,32.5,23.5,47.66666666666666,35.61324283333334,-119.689579,,8.687170647050323,17.812829352949677,357.5,8.665796019303802,8.11359216256822,0.445,8.691749808081655,8.6675
2023-10-24 12:30:00,1698176100.0,9.833333333333334,7.333333333333333,10.333333333333334,28.33333333333333,29.166666666666668,25.33333333333333,44.0,35.61328433333333,-119.6895725,,8.673725695812289,19.65960763752104,286.8055555555556,8.001916975078231,7.668781007032629,0.45083333333333336,8.34852023776984,8.344166666666666
2023-10-24 13:30:00,1698179700.0,10.166666666666666,7.333333333333333,10.333333333333334,29.166666666666668,27.666666666666668,25.83333333333333,41.333333333333336,35.61321366666667,-119.68954833333332,,8.607131520492961,20.559535146173708,281.27777777777777,9.496817691466985,8.369700294174406,0.44916666666666666,8.442383980986609,8.645
2023-10-24 14:30:00,1698183300.0,10.5,8.0,10.833333333333334,27.83333333333333,28.666666666666668,26.0,41.66666666666666,35.6131845,-119.68956383333334,,7.988686561409216,19.84464677192411,301.0,9.68128390248745,8.366329514929777,0.4475,8.721388311172115,8.733333333333333
2023-10-24 15:30:00,1698186900.0,11.0,8.0,11.333333333333334,26.0,31.5,25.83333333333333,42.333333333333336,35.61320666666666,-119.68960833333334,,7.790857624347527,18.209142375652473,346.5,9.051021094721348,8.219741241208768,0.445,8.814528792905628,8.752500000000001
2023-10-24 16:30:00,1698190200.0,11.0,8.0,11.0,24.4,34.4,25.0,43.4,35.6132576,-119.6895846,,7.686077490672367,16.71392250932763,378.4,8.550624054136968,7.911908913151179,0.445,8.587505647442281,8.506
2023-11-02 17:30:00,1698971101.0,26.0,15.666666666666666,27.5,25.0,19.0,25.166666666666668,24.5,36.78543416666667,-119.77310816666666,,-0.24549521591445045,25.24549521591445,494.0,12.963636383502715,14.171628197031959,0.37,17.706492489867795,17.615
2023-11-02 18:30:00,1698974701.0,22.83333333333333,14.5,23.666666666666668,21.5,24.666666666666668,22.0,31.666666666666668,36.7854405,-119.77312216666668,,0.4407128640664803,21.05928713593352,563.2222222222222,11.941457775082572,12.593722907140958,0.38583333333333336,15.509838056287949,15.486666666666665
2023-11-02 19:30:00,1698978301.0,43.5,29.5,45.66666666666666,18.83333333333333,29.83333333333333,20.33333333333333,36.0,36.785404166666666,-119.773131,,0.7926385273622645,18.040694805971064,1297.7499999999998,17.302254062084245,18.417540563378417,0.2825,26.228795474033653,25.79416666666667
2023-11-02 20:30:00,1698981901.0,38.5,26.33333333333333,39.833333333333336,17.666666666666668,33.0,18.5,39.333333333333336,36.78538116666667,-119.773126,,1.178264182901812,16.488402483764855,1270.5,15.898402792728751,16.539727323411235,0.3075,22.897083195278896,22.925
2023-11-02 21:30:00,1698985501.0,33.0,22.166666666666668,34.166666666666664,16.0,39.0,16.166666666666668,48.833333333333336,36.7853935,-119.7731285,,2.036686907588582,13.963313092411418,1287.0,13.5882337949236,14.20699091153529,0.335,19.033915760101056,19.555
2023-11-02 22:30:00,1698989101.0,33.333333333333336,22.0,34.833333333333336,14.666666666666666,44.16666666666666,14.833333333333334,54.5,36.78543666666667,-119.77319583333332,,2.5836934764413435,12.082973190225323,1472.222222222222,13.036464835038247,13.76133230462171,0.33333333333333326,18.31381331569814,19.28916666666667
2023-11-02 23:30:00,1698992701.0,35.833333333333336,23.33333333333333,37.5,14.0,47.0,14.0,58.5,36.78537383333333,-119.773192,,2.8530332063420296,11.14696679365797,1684.1666666666667,13.390406613108931,14.231413827276214,0.3208333333333333,18.881477461506165,20.348333333333336
2023-11-03 00:30:00,1698996301.0,47.0,30.5,49.333333333333336,13.0,49.333333333333336,13.0,61.5,36.78540233333333,-119.77316416666667,28.8,2.6188368207780104,10.38116317922199,2318.666666666667,16.609296122690193,17.426805673544877,0.265,23.302908962945878,25.956666666666667
2023-11-03 01:30:00,1698999901.0,46.333333333333336,29.83333333333333,48.5,12.333333333333334,52.833333333333336,12.0,66.66666666666667,36.785377,-119.773182,29.7,2.970246695276329,9.363086638057005,2447.944444444445,16.18323987091194,16.84972729951112,0.2683333333333333,22.080247422648515,25.3125
2023-11-03 02:30:00,1699003501.0,51.66666666666666,33.333333333333336,54.16666666666666,12.0,55.333333333333336,11.166666666666666,69.66666666666667,36.78541,-119.77314633333332,26.7,3.314583854173527,8.685416145826473,2858.8888888888887,17.910658844087962,18.228807393244445,0.24166666666666672,23.653583243599805,27.87333333333333
2023-11-03 03:30:00,1699006801.0,51.8,33.0,53.8,12.0,53.4,11.6,65.8,36.7854124,-119.7731996,16.7,2.811420633502373,9.188579366497628,2766.12,17.64519835230106,18.475140265041208,0.24100000000000002,24.033830245479095,28.107
2023-11-03 11:30:00,1699036501.0,77.25,47.0,81.0,20.5,35.75,21.25,41.25,36.78540075,-119.77313225,32.3,4.806165879841603,15.693834120158396,2761.6875,22.75240573500627,28.19579466192527,0.11375,40.95622656872922,42.84125
2023-11-03 12:30:00,1699039501.0,61.5,38.5,64.0,23.5,30.0,23.166666666666668,37.5,36.78543616666666,-119.77316933333331,24.0,4.913677742189729,18.58632225781027,1845.0,19.88575070705948,23.949877217651263,0.1925,34.925796271729176,35.14
2023-11-03 13:30:00,1699043101.0,45.0,29.0,47.0,24.83333333333333,26.0,24.83333333333333,32.166666666666664,36.785422833333335,-119.77316033333334,20.0,4.010038420010261,20.823294913323068,1170.0,17.014669281027828,19.286947712115484,0.275,27.36729965623359,26.900000000000002
2023-11-03 14:30:00,1699046701.0,34.333333333333336,22.5,35.333333333333336,26.166666666666668,21.83333333333333,25.83333333333333,27.166666666666668,36.78539166666667,-119.77314516666668,10.5,2.6559478667607492,23.51071879990592,749.611111111111,15.365696957919232,16.44032995911504,0.3283333333333333,22.098808382350065,21.707500000000003
2023-11-03 15:30:00,1699050301.0,32.333333333333336,21.33333333333333,33.333333333333336,27.0,21.0,26.5,27.0,36.7854125,-119.77312333333332,14.3,2.7993139050439244,24.200686094956076,679.0,15.159949213089249,15.912117728273316,0.33833333333333326,21.107442809016124,20.738333333333337
2023-11-03 16:30:00,1699053901.0,30.666666666666668,20.5,31.666666666666668,26.83333333333333,20.83333333333333,26.166666666666668,27.166666666666668,36.785441,-119.77320000000002,15.3,2.5488527523889912,24.284480580944336,638.8888888888888,14.996879441109147,15.415917744400481,0.3466666666666666,20.25255621632987,19.885833333333334
2023-11-03 17:30:00,1699057501.0,27.5,18.666666666666668,28.5,25.33333333333333,23.33333333333333,24.83333333333333,31.0,36.78542133333334,-119.773131,12.0,2.896802876464386,22.436530456868944,641.6666666666665,14.078957538199575,14.174151203537884,0.3625,18.310810191116886,18.026666666666667
2023-11-03 18:30:00,1699060801.0,30.2,20.6,31.2,22.2,30.2,21.8,40.0,36.7853968,-119.7731446,20.4,3.8828227667394497,18.31717723326055,912.04,13.939672365801435,14.277765088646394,0.349,18.950903713623145,18.847
2023-11-16 12:30:00,1700166901.0,1.0,0.75,1.25,23.5,39.0,24.0,43.5,36.78535925,-119.77303125,0.2,8.7396993965386,14.7603006034614,39.0,2.2475812769551915,2.3020013648688624,0.495,3.548820767158303,2.9149999999999996
2023-11-16 13:30:00,1700169901.0,1.0,0.8333333333333334,1.0,24.666666666666668,35.333333333333336,24.166666666666668,43.16666666666666,36.7854285,-119.7731325,0.0,8.31490197502514,16.351764691641527,35.333333333333336,2.32784776311567,2.4596558370025514,0.495,3.5477049350636713,3.226666666666666
2023-11-16 14:30:00,1700173501.0,0.6666666666666666,0.1666666666666666,0.6666666666666666,25.0,32.5,24.83333333333333,39.66666666666666,36.78542383333333,-119.77313366666664,1.1,7.378341697674304,17.621658302325695,21.666666666666664,1.996032306692737,2.3949145015385924,0.49666666666666665,3.337322681646471,3.2941666666666665
2023-11-16 15:30:00,1700177101.0,1.0,0.1666666666666666,1.0,24.666666666666668,32.0,24.5,40.16666666666666,36.78540916666667,-119.773163,4.4,6.860984588305437,17.80568207836123,32.0,2.1209258308233183,2.6029780843968147,0.495,3.478538059328141,3.51
2023-11-16 16:30:00,1700180701.0,1.0,0.8333333333333334,1.0,22.166666666666668,38.16666666666666,22.33333333333333,47.0,36.785396166666665,-119.7731425,3.2,7.2331589298882175,14.93350773677845,38.16666666666666,2.3047585868166793,2.3378319267174286,0.495,3.536703539720664,2.985833333333334
2023-11-16 17:30:00,1700184301.0,7.666666666666667,5.666666666666667,8.0,19.33333333333333,46.833333333333336,20.0,56.66666666666666,36.78542133333333,-119.77312833333332,6.7,7.677400138950059,11.65593319438327,359.0555555555556,5.858564792002282,5.696498998473999,0.46166666666666667,6.40559930446509,5.715833333333332
2023-11-16 18:30:00,1700187901.0,7.0,4.833333333333333,7.333333333333333,17.833333333333332,52.5,19.0,60.0,36.7853265,-119.77314116666666,7.1,7.977241066506338,9.856092266826995,367.5,5.0781135939341695,5.079720686405587,0.465,5.7144661069419715,4.887499999999999
2023-11-16 19:30:00,1700191501.0,26.33333333333333,16.333333333333332,27.33333333333333,16.833333333333332,58.0,17.5,67.5,36.785424,-119.7731375,7.7,8.515323174892666,8.318010158440666,1527.333333333333,9.146433193376128,10.134592429446501,0.36833333333333335,12.725349811955525,14.473333333333333
2023-11-16 20:30:00,1700195101.0,35.5,22.0,36.833333333333336,16.0,61.66666666666666,16.333333333333332,72.16666666666667,36.78528933333333,-119.77316016666668,10.3,8.638125197442282,7.361874802557718,2189.1666666666665,11.835288805102286,12.571782374485592,0.3225,15.528004260469055,18.928333333333335
2023-11-16 21:30:00,1700198701.0,47.0,28.83333333333333,48.66666666666666,15.0,65.5,15.166666666666666,78.0,36.785467,-119.77315016666668,18.6,8.582783635500979,6.417216364499021,3078.5,15.340046505934593,15.710728902189349,0.265,18.719732488052635,24.582500000000003
2023-11-16 22:30:00,1700202301.0,54.66666666666666,33.5,57.66666666666666,14.166666666666666,69.16666666666667,14.0,82.5,36.7853855,-119.77311083333332,17.1,8.593365134353933,5.573301532312733,3781.111111111111,17.945557028158476,17.685416499946797,0.2266666666666667,20.601500364163954,28.257499999999997
2023-11-16 23:30:00,1700205901.0,61.66666666666666,36.66666666666666,64.83333333333333,13.666666666666666,71.0,13.166666666666666,85.5,36.78540816666666,-119.7731475,20.3,8.500828998263652,5.1658376684030145,4378.333333333333,19.64920847756688,19.649154143086754,0.1916666666666667,22.11796022305488,31.741666666666664
2023-11-17 00:30:00,1700208301.0,59.5,35.5,62.5,13.0,71.5,13.0,86.0,36.7853795,-119.773167,14.7,7.963915305169808,5.036084694830192,4254.25,19.01976616172279,18.92802065769301,0.2025,21.264157578828424,30.5725
2023-11-17 09:30:00,1700243400.0,22.0,15.333333333333334,23.666666666666668,17.333333333333332,56.333333333333336,19.33333333333333,55.66666666666666,36.785409,-119.77312466666666,9.2,8.551966763052981,8.781366570280351,1239.3333333333335,9.132132439439165,8.97538966836714,0.39,11.783504782265705,12.361666666666668
2023-11-17 10:30:00,1700246100.0,19.5,13.833333333333334,20.166666666666668,20.5,45.16666666666666,21.0,50.16666666666666,36.78544166666666,-119.7731055,9.4,8.207086120087016,12.292913879912984,880.7499999999998,9.60396190093502,9.389883801050537,0.4025,11.8781071532628,12.010833333333334
2023-11-17 11:30:00,1700249700.0,12.833333333333334,9.0,13.5,22.5,38.0,23.166666666666668,43.333333333333336,36.78536916666667,-119.7731525,8.3,7.4658324958061,15.0341675041939,487.6666666666667,8.32058351846812,8.09505287672276,0.43583333333333335,9.400654239339097,9.153333333333332
2023-11-17 12:30:00,1700253300.0,10.833333333333334,7.333333333333333,11.166666666666666,24.5,32.666666666666664,24.666666666666668,39.333333333333336,36.78537633333333,-119.77312333333332,,7.01653970131413,17.48346029868587,353.88888888888886,8.391948267852488,8.044511499763503,0.44583333333333336,8.598420848925183,8.566666666666666
2023-11-17 13:30:00,1700256900.0,8.333333333333334,5.833333333333333,8.666666666666666,23.5,32.166666666666664,23.33333333333333,39.66666666666666,36.78541116666667,-119.773141,2.6,5.919201256541395,17.580798743458605,268.05555555555554,6.817810654808751,6.700247378506921,0.45833333333333337,7.414856901767589,7.309166666666667
2023-11-17 14:30:00,1700260500.1666667,8.0,5.666666666666667,8.5,22.166666666666668,34.166666666666664,23.0,40.16666666666666,36.785441,-119.7731145,1.7,5.623724051947374,16.542942614719294,273.3333333333333,6.563359327688656,6.427688784321281,0.46,7.233274870541059,6.965833333333333
2023-11-17 15:30:00,1700264100.0,8.333333333333334,5.833333333333333,8.666666666666666,21.33333333333333,36.5,22.666666666666668,42.16666666666666,36.785431,-119.77313366666668,0.9,5.843140530217489,15.49019280311584,304.1666666666667,6.635260298978103,6.513928456894379,0.45833333333333337,7.2391695273785395,6.940833333333334
2023-11-17 16:30:00,1700267700.1666667,7.0,5.166666666666667,7.0,20.666666666666668,36.833333333333336,22.0,42.333333333333336,36.78542166666667,-119.7731055,2.7,5.383182606671032,15.283484059995637,257.83333333333337,5.937027191611876,5.753335249158622,0.465,6.539598351912737,6.219166666666666
2023-11-17 17:30:00,1700271300.0,7.833333333333333,5.5,7.833333333333333,20.0,40.333333333333336,21.0,45.5,36.7853865,-119.77315533333332,5.9,6.100686653763912,13.899313346236088,315.94444444444446,6.172106567478595,6.0692600037673525,0.4608333333333334,6.724255918714713,6.3549999999999995
2023-11-17 18:30:00,1700274900.1666667,11.333333333333334,7.833333333333333,11.833333333333334,19.666666666666668,42.66666666666666,20.83333333333333,49.66666666666666,36.78535583333333,-119.77314916666668,5.5,6.617757383277141,13.048909283389527,483.5555555555555,7.058991724433427,7.137188162451901,0.44333333333333336,8.319208802564665,7.9766666666666675
2023-11-17 19:30:00,1700278500.0,15.833333333333334,10.666666666666666,16.666666666666668,18.33333333333333,49.0,19.166666666666668,57.0,36.785388833333336,-119.77313233333332,5.0,7.42505947624398,10.908273857089348,775.8333333333334,7.48759239439169,7.852417706239998,0.42083333333333334,9.8139988061845,9.778333333333334
2023-11-17 20:30:00,1700282100.1666667,5.333333333333333,3.8333333333333335,5.666666666666667,17.5,51.0,18.166666666666668,60.0,36.785383333333336,-119.77313466666668,5.7,7.243719368233454,10.256280631766547,272.0,4.340088328130562,4.211389468987591,0.4733333333333334,5.138880832466286,4.148333333333333
2023-11-17 21:30:00,1700285700.0,5.666666666666667,4.0,5.666666666666667,16.5,57.833333333333336,17.166666666666668,68.0,36.78546216666667,-119.77318183333334,3.3,8.160543956136436,8.339456043863564,327.72222222222223,4.176444905787207,4.104144107578435,0.4716666666666666,4.781962341743331,3.7408333333333332
2023-11-17 22:30:00,1700289300.0,8.333333333333334,6.0,8.666666666666666,16.0,59.5,17.0,69.0,36.78541383333334,-119.7731385,0.9,8.11002821657273,7.889971783427271,495.83333333333337,5.456265699928469,5.525004949873965,0.45833333333333337,5.814134268815983,4.985833333333334
2023-11-17 23:30:00,1700292000.0,11.666666666666666,8.333333333333334,12.333333333333334,16.0,60.66666666666666,16.0,71.0,36.785383,-119.77313499999998,5.2,8.396457740353926,7.603542259646074,707.7777777777776,4.991229898127835,5.329283046317955,0.44166666666666665,7.072125028773349,6.62
2023-11-18 12:30:00,1700340300.0,3.5,2.5,3.75,16.0,72.5,17.25,75.75,36.78697675,-119.77807025,3.0,11.055728105373154,4.944271894626846,253.75,2.5138347531068392,2.260852121674641,0.4825,3.1893798840091314,1.3674999999999997
2023-11-18 13:30:00,1700343300.0,1.0,0.8333333333333334,1.0,17.0,65.66666666666667,17.666666666666668,72.66666666666667,36.785458166666665,-119.77314883333334,2.6,10.522367952606555,6.4776320473934454,65.66666666666667,1.6663789017781587,1.1554233857147596,0.495,2.6385726200936723,0.6483333333333325
2023-11-18 14:30:00,1700346900.0,0.3333333333333333,0.0,0.3333333333333333,17.666666666666668,62.333333333333336,18.166666666666668,69.33333333333333,36.78540533333334,-119.77310433333334,2.1,10.372339881326653,7.294326785340015,20.77777777777778,1.3034889603854758,0.9256151416108573,0.49833333333333335,2.4691627640436797,0.585
2023-11-18 15:30:00,1700350500.0,1.5,0.8333333333333334,1.6666666666666667,18.0,59.66666666666666,18.83333333333333,68.0,36.78539983333334,-119.77312733333332,1.4,10.031483882888072,7.968516117111928,89.49999999999999,1.94644075566262,1.6932512996480575,0.4925,3.0624691190239544,1.418333333333334
2023-11-18 16:30:00,1700354100.0,2.1666666666666665,1.3333333333333333,2.1666666666666665,17.333333333333332,61.0,17.833333333333332,70.66666666666667,36.785401666666665,-119.773141,4.3,9.734254107394328,7.599079225939004,132.16666666666666,2.244415372790849,2.0090528921885173,0.48916666666666664,3.222194268261707,1.6516666666666664
2023-11-18 17:30:00,1700357700.0,13.0,8.5,13.833333333333334,17.0,65.0,17.0,75.5,36.785369333333335,-119.77312966666666,2.7,10.3692125283021,6.6307874716979,845.0,4.46799496952068,5.280416903125921,0.435,7.05236104285573,6.944999999999999
2023-11-18 18:30:00,1700360400.0,6.0,4.333333333333333,6.333333333333333,16.0,67.0,16.666666666666668,77.33333333333333,36.78539266666667,-119.77315,3.4,9.87144107524501,6.128558924754991,402.0,3.916271556457065,3.896573172993295,0.47,4.415055858844409,3.135
2023-12-04 11:30:00,1701719100.0,39.0,25.25,40.5,18.5,41.25,17.0,49.0,36.78527625,-119.773077,16.9,5.077316446506681,13.422683553493318,1608.75,14.578606398424006,15.81816487372059,0.305,21.306175475136698,22.48375
2023-12-04 12:30:00,1701722100.0,40.16666666666666,26.0,41.66666666666666,19.33333333333333,36.66666666666666,17.666666666666668,46.333333333333336,36.785383333333336,-119.77313233333332,15.1,4.134790834757816,15.198542498575513,1472.7777777777771,15.148012936842383,16.66440553204215,0.2991666666666667,22.76654224149592,23.479999999999997
2023-12-04 13:30:00,1701725700.0,34.333333333333336,22.33333333333333,35.166666666666664,21.0,33.166666666666664,18.83333333333333,43.66666666666666,36.78536616666667,-119.773173,11.7,4.17295323784101,16.82704676215899,1138.7222222222222,13.997033755234716,15.237307067855495,0.3283333333333333,20.38343852498309,20.74416666666667
2023-12-04 14:30:00,1701729300.0,26.5,17.666666666666668,27.166666666666668,19.83333333333333,33.5,18.5,43.16666666666666,36.78543966666667,-119.77312333333332,10.1,3.2915803029713873,16.541753030361942,887.75,12.2484090418177,12.78663400583789,0.3675,16.501083086429098,16.642500000000002
2023-12-04 15:30:00,1701732900.0,19.5,13.333333333333334,20.33333333333333,18.83333333333333,36.5,18.33333333333333,44.833333333333336,36.785427,-119.77315733333334,6.4,3.6262075001670313,15.207125833166298,711.75,10.222609756258098,10.309842482601953,0.4025,12.824904761114063,12.7475
2023-12-04 16:30:00,1701736500.0,16.833333333333332,11.833333333333334,17.666666666666668,17.0,42.66666666666666,17.0,51.833333333333336,36.7853675,-119.77318816666669,5.3,4.208132789824841,12.791867210175159,718.2222222222221,8.875047353390226,8.833030102484559,0.41583333333333333,11.006194790949422,10.836666666666668
2023-12-04 17:30:00,1701740100.0,25.83333333333333,17.833333333333332,26.5,15.333333333333334,50.5,15.166666666666666,59.333333333333336,36.785390166666666,-119.77323166666667,8.0,5.101786450646897,10.231546882686438,1304.583333333333,10.83760659591308,10.776543070156734,0.37083333333333335,13.925039307963765,14.85083333333333
2023-12-04 18:30:00,1701743700.0,35.5,24.166666666666668,36.66666666666666,14.0,55.833333333333336,14.5,64.66666666666667,36.78536533333333,-119.773131,17.1,5.309759858301877,8.690240141698123,1982.0833333333335,13.59400409941485,13.19098533322212,0.3225,17.046691955227548,19.424166666666668
2023-12-04 19:30:00,1701747300.0,45.66666666666666,30.33333333333333,47.5,13.166666666666666,61.333333333333336,12.833333333333334,72.0,36.78537133333334,-119.773168,19.6,5.884195252692073,7.282471413974593,2800.8888888888882,16.541752736126092,15.741903532274621,0.2716666666666667,19.766554335269205,24.24333333333333
2023-12-04 20:30:00,1701750900.0,50.5,32.5,52.5,12.0,66.83333333333333,11.166666666666666,79.83333333333333,36.785401666666665,-119.77318183333334,19.7,6.020927796814282,5.979072203185718,3375.083333333333,17.561157106263007,16.64836894099243,0.2475,19.914041724953925,26.28916666666667
2023-12-04 21:30:00,1701754500.0,67.83333333333333,43.833333333333336,71.0,11.0,70.16666666666667,10.0,83.66666666666667,36.7853885,-119.77317166666668,25.8,5.768994166746656,5.231005833253344,4759.638888888889,24.11616895587484,21.639010247445036,0.16083333333333336,24.952523169816644,35.01916666666666
2023-12-04 22:30:00,1701758100.0,61.5,40.0,64.16666666666667,10.166666666666666,70.0,9.333333333333334,82.66666666666667,36.78539033333333,-119.77314616666666,20.2,4.935398043317327,5.231268623349339,4305.0,21.93454458641877,19.70391407202934,0.1925,22.870433030570148,31.740000000000002
2023-12-04 23:30:00,1701761700.0,60.333333333333336,39.333333333333336,63.0,9.666666666666666,71.33333333333333,8.0,85.16666666666667,36.78543766666667,-119.77315266666666,18.1,4.726090546605047,4.940576120061619,4303.777777777777,21.62016366388588,19.202657919289567,0.19833333333333333,22.078357491115433,31.020000000000003
2023-12-05 00:30:00,1701763800.0,58.0,38.0,61.0,9.0,71.0,8.0,85.0,36.78611,-119.773552,18.8,4.0183958111279265,4.9816041888720735,4118.0,20.851003246933203,18.518592849731647,0.21,21.559988766877943,29.835
2023-12-05 09:30:00,1701797400.142857,53.57142857142857,33.0,56.57142857142857,13.142857142857142,62.142857142857146,13.428571428571429,62.142857142857146,36.78537428571428,-119.77315514285716,10.8,6.051618288859431,7.091238853997711,3329.081632653061,17.543371716462595,18.0932872828593,0.23214285714285715,22.31178630381015,28.285
2023-12-05 10:30:00,1701801300.1666667,52.333333333333336,32.833333333333336,54.333333333333336,17.0,46.16666666666666,15.833333333333334,55.66666666666666,36.78526433333334,-119.77327366666668,15.6,5.339096801027478,11.660903198972523,2416.055555555555,17.500424244522783,19.407397212907977,0.2383333333333333,26.079512893404427,28.999166666666667
2023-12-05 11:30:00,1701804900.0,47.16666666666666,29.33333333333333,49.0,19.0,41.333333333333336,17.5,52.66666666666666,36.785389,-119.7731095,15.6,5.55641296782707,13.44358703217293,1949.5555555555552,16.008616890414814,18.327387452367216,0.2641666666666667,24.904857846852735,26.72333333333333
2023-12-05 12:30:00,1701808500.0,46.0,29.0,47.5,20.83333333333333,38.333333333333336,18.83333333333333,49.16666666666666,36.78542216666667,-119.77313733333334,14.3,6.108541458344934,14.724791874988394,1763.3333333333335,16.10888004132599,18.286110640403148,0.27,25.024371677909436,26.37166666666667
2023-12-05 13:30:00,1701812100.1666667,43.66666666666666,27.5,45.5,22.0,33.833333333333336,20.166666666666668,45.5,36.78537583333333,-119.7731335,13.7,5.33583122551422,16.66416877448578,1477.3888888888887,15.719012826586031,18.044333398514183,0.28166666666666673,24.96615234889987,25.54083333333333
2023-12-05 14:30:00,1701815700.0,38.0,24.0,39.66666666666666,22.0,32.0,20.666666666666668,42.5,36.785387,-119.7731705,15.7,4.535612576870467,17.464387423129534,1216.0,14.52794173166489,16.491708952957904,0.31,22.4971343052945,22.750000000000004
2023-12-05 15:30:00,1701819300.1666667,35.333333333333336,22.33333333333333,37.0,21.5,32.0,20.666666666666668,41.5,36.785408833333335,-119.77312866666666,14.5,4.099262226561135,17.400737773438866,1130.6666666666667,13.897128185077808,15.669482557790555,0.3233333333333333,21.180012173366684,21.363333333333333
2023-12-05 16:30:00,1701822900.0,38.5,24.5,40.16666666666666,19.0,38.0,18.5,48.333333333333336,36.785387166666666,-119.77317166666668,14.7,4.348496985390009,14.651503014609991,1463.0,14.32803915897703,16.008981930208495,0.3075,21.684301036193474,22.5
2023-12-05 17:30:00,1701826500.1666667,47.333333333333336,30.0,49.5,16.166666666666668,46.333333333333336,16.0,56.5,36.78538666666667,-119.77312733333332,18.6,4.630318127099377,11.53634853956729,2193.1111111111113,16.298665373909536,17.848031208862437,0.2633333333333333,23.983769949061717,26.385000000000005
2023-12-05 18:30:00,1701829800.0,52.2,34.0,54.6,14.4,52.2,14.2,63.0,36.7853814,-119.7731598,20.7,4.714585149009935,9.685414850990066,2724.84,18.317833223106156,18.725853118684967,0.239,24.731757274363886,28.417
2023-12-05 19:30:00,1701833400.142857,54.57142857142857,35.0,56.57142857142857,13.0,57.142857142857146,12.571428571428571,68.85714285714286,36.785385142857145,-119.77316628571428,26.1,4.708038076219079,8.29196192378092,3118.3673469387754,18.7433430269421,18.932367574249795,0.22714285714285715,24.095042792463303,29.23
2023-12-05 20:30:00,1701837300.1666667,74.66666666666667,48.66666666666666,77.83333333333333,12.0,60.833333333333336,11.666666666666666,73.33333333333333,36.785358333333335,-119.77320733333332,29.1,4.665370338542443,7.334629661457557,4542.222222222223,26.128515595126217,24.73669011903982,0.12666666666666665,30.843531013589605,39.365833333333335
2023-12-05 21:30:00,1701840900.0,78.33333333333333,50.66666666666666,82.16666666666667,12.0,63.0,11.0,74.16666666666667,36.7854195,-119.77316416666667,35.2,5.167983235495579,6.832016764504421,4935.0,27.33061186040218,25.63726174200707,0.10833333333333335,31.432926558701304,41.08833333333333
2023-12-05 22:30:00,1701844500.1666667,66.66666666666667,43.66666666666666,69.5,11.166666666666666,62.66666666666666,10.333333333333334,75.33333333333333,36.78543166666667,-119.77317166666666,24.6,4.302779910928167,6.863886755738499,4177.777777777777,23.624444364922574,22.07540428936344,0.16666666666666663,27.21270667070891,35.050000000000004
2023-12-05 23:30:00,1701848100.1666667,65.0,42.16666666666666,67.66666666666667,10.166666666666666,65.16666666666667,9.166666666666666,78.66666666666667,36.78538183333333,-119.7731565,24.8,3.9119458591803595,6.254720807486306,4235.833333333334,22.8808976924131,21.29614009578247,0.175,25.651461313356478,33.97083333333334
2023-12-06 00:30:00,1701851700.0,59.66666666666666,38.66666666666666,62.333333333333336,10.0,66.0,9.0,78.83333333333333,36.7853755,-119.7731855,21.4,3.9343200217826384,6.065679978217362,3937.9999999999995,20.98312480046245,19.563229739913982,0.20166666666666672,23.525256192339874,31.126666666666665
2023-12-06 01:30:00,1701855300.1666667,56.66666666666666,36.333333333333336,58.833333333333336,9.333333333333334,68.0,8.0,81.66666666666667,36.78534966666667,-119.773163,14.1,3.723075035078216,5.610258298255118,3853.3333333333326,19.690143248208084,18.425926888069615,0.2166666666666667,21.690116772453166,29.39666666666666
2023-12-06 02:30:00,1701858900.0,57.5,36.66666666666666,59.833333333333336,9.0,68.33333333333333,8.0,80.66666666666667,36.785400333333335,-119.77316283333332,15.6,3.473777197086066,5.526222802913934,3929.1666666666665,19.858022294925206,18.6474896103459,0.2125,21.876787674785305,29.80166666666667
2023-12-06 03:30:00,1701862500.0,47.16666666666666,30.5,49.16666666666666,9.0,68.0,8.0,79.5,36.78536333333333,-119.77316783333332,14.1,3.4043830319165354,5.595616968083465,3207.3333333333326,16.444677833875026,15.496745355285935,0.2641666666666667,18.523904793559268,24.456666666666663
2023-12-06 04:30:00,1701866100.0,42.5,27.666666666666668,44.5,8.666666666666666,68.16666666666667,7.333333333333333,81.33333333333333,36.78534316666667,-119.7731195,10.6,3.12031718276499,5.546349483901676,2897.0833333333335,14.869400957228406,14.040157650636319,0.2875,16.95684035053751,22.015833333333333
2023-12-06 05:30:00,1701869700.0,48.833333333333336,30.83333333333333,51.16666666666666,8.0,70.5,6.666666666666667,84.33333333333333,36.785359,-119.77312483333333,15.6,2.9575078997123194,5.042492100287681,3442.75,16.538923803892462,15.745264155664163,0.2558333333333333,18.374336766563488,25.110833333333336
2023-12-06 06:30:00,1701872700.0,55.25,34.25,57.5,8.0,71.0,6.5,85.25,36.785347,-119.7731265,19.6,3.057447811411304,4.942552188588696,3922.75,18.42752616721497,17.67067187971532,0.22375,20.14886619415617,28.405
2023-12-06 09:30:00,1701883501.0,77.83333333333333,46.333333333333336,82.66666666666667,13.333333333333334,60.333333333333336,13.666666666666666,62.333333333333336,36.785321,-119.77322133333332,22.9,5.803515493580906,7.529817839752428,4695.944444444444,24.091317678175606,25.76615850262132,0.11083333333333335,31.88584080415422,41.055
2023-12-06 10:30:00,1701887101.0,60.5,36.5,63.16666666666666,17.0,46.16666666666666,17.166666666666668,51.16666666666666,36.78537516666667,-119.77316433333334,17.7,5.339096801027478,11.660903198972523,2793.0833333333326,18.76041657907271,21.925465548107983,0.1975,29.53637058784887,33.24583333333334
2023-12-06 11:30:00,1701890701.0,42.333333333333336,26.166666666666668,44.16666666666666,19.0,38.333333333333336,19.33333333333333,42.66666666666666,36.78534183333333,-119.7731335,12.8,4.473416329607987,14.526583670392013,1622.777777777778,14.764537153379894,17.155549347048044,0.28833333333333333,23.3326253344582,24.465000000000003
2023-12-06 12:30:00,1701894301.0,28.166666666666668,17.833333333333332,29.166666666666668,22.0,29.83333333333333,23.0,33.166666666666664,36.78536033333333,-119.77312566666669,8.9,3.5358651148644036,18.464134885135596,840.3055555555554,12.461809777343142,13.689738791166159,0.35916666666666663,17.719415083203625,17.820833333333336
2023-12-06 13:30:00,1701897901.0,24.166666666666668,15.666666666666666,25.166666666666668,23.666666666666668,25.33333333333333,24.5,29.5,36.78538533333333,-119.77313483333334,8.3,2.650506354396251,21.016160312270415,612.2222222222222,12.422587775986177,12.934070052297601,0.37916666666666665,16.202031640800502,16.123333333333335
2023-12-06 14:30:00,1701901501.0,25.5,15.5,26.83333333333333,24.33333333333333,25.666666666666668,24.166666666666668,33.166666666666664,36.78542,-119.77316033333334,11.8,3.4014761062683276,20.931857227065002,654.5,11.973755511958773,13.30980022366776,0.3725,16.77189770330655,16.788333333333334
2023-12-06 15:30:00,1701905101.0,10.833333333333334,7.0,11.666666666666666,19.5,39.333333333333336,19.5,49.16666666666666,36.78539783333333,-119.77313866666668,7.1,5.289895032373072,14.210104967626929,426.11111111111114,7.0335355661360435,7.336850975493183,0.44583333333333336,8.334343269754424,8.0
2023-12-06 16:30:00,1701908701.0,9.0,6.333333333333333,9.666666666666666,18.0,43.16666666666666,18.666666666666668,50.833333333333336,36.78541516666667,-119.77313116666666,3.5,5.279725984239395,12.720274015760605,388.4999999999999,6.707427702274279,6.600414453604019,0.455,7.30174886653566,6.720833333333333
2023-12-06 17:30:00,1701912301.0,26.0,16.333333333333332,27.0,17.333333333333332,43.5,17.666666666666668,51.333333333333336,36.7853755,-119.77313633333334,13.3,4.786664708850666,12.546668624482667,1131.0,10.386358111559879,11.570975770338531,0.37,14.821876034867895,15.532499999999999
2023-12-06 18:30:00,1701915901.0,44.66666666666666,28.33333333333333,46.66666666666666,17.0,44.66666666666666,17.0,53.5,36.785315833333335,-119.773196,15.6,4.8640159941427745,12.135984005857225,1995.1111111111102,15.613096772106198,17.20271994476267,0.2766666666666667,23.16866364692613,25.139999999999997
2023-12-06 19:30:00,1701919501.0,49.66666666666666,30.83333333333333,51.66666666666666,16.333333333333332,48.16666666666666,16.5,58.0,36.785366,-119.77316266666666,18.2,5.340442815619704,10.99289051771363,2392.277777777777,16.496804244938026,18.372872660459528,0.2516666666666667,24.36264039634618,27.442499999999995
2023-12-06 20:30:00,1701923101.0,33.166666666666664,20.83333333333333,34.833333333333336,15.333333333333334,55.16666666666666,15.333333333333334,65.5,36.78536416666667,-119.773187,14.6,6.379591237072713,8.953742096260621,1829.694444444444,11.604387555142981,12.542303289877722,0.3341666666666667,16.066848611191475,18.267500000000002
2023-12-06 21:30:00,1701926701.0,15.5,10.0,16.333333333333332,14.0,63.0,13.833333333333334,74.16666666666667,36.78543783333333,-119.773169,8.1,7.061901445560903,6.938098554439097,976.5,5.455129667285092,6.263552305876407,0.4225,8.148774977150733,8.415
2023-12-06 22:30:00,1701930301.0,12.666666666666666,8.166666666666666,13.333333333333334,13.0,67.0,13.5,76.5,36.78537716666667,-119.77314783333333,4.7,7.010888194196622,5.989111805803378,848.6666666666666,4.004232262267129,4.965340446448906,0.43666666666666665,6.702706809127648,6.601666666666667
2023-12-06 23:30:00,1701933901.0,8.0,5.333333333333333,8.166666666666666,13.0,69.16666666666667,13.0,78.66666666666667,36.7853875,-119.773126,1.4,7.476585613925327,5.523414386074673,553.3333333333334,4.557599956968657,4.92280518668152,0.46,4.848973749656272,3.990833333333333
2023-12-07 00:30:00,1701937501.0,4.0,2.5,4.0,12.666666666666666,72.83333333333333,12.666666666666666,82.5,36.785370666666665,-119.77315283333331,-1.6,7.915064071937923,4.751602594728743,291.3333333333333,2.5933534888454908,2.526367765558839,0.48,3.222809727807177,1.599166666666667
2023-12-07 01:30:00,1701941101.0,9.333333333333334,5.833333333333333,10.0,12.0,74.66666666666667,11.666666666666666,85.66666666666667,36.785362166666665,-119.77314516666668,6.0,7.637281662046774,4.362718337953226,696.888888888889,4.618628450714496,5.432584461477317,0.45333333333333337,4.886734592978659,4.216666666666666
2023-12-07 02:30:00,1701944701.0,10.0,6.166666666666667,10.833333333333334,11.166666666666666,76.0,10.833333333333334,87.5,36.78542616666667,-119.77314383333334,4.1,7.090564513991098,4.076102152675568,760.0,4.756647079848577,5.748386054017778,0.45,4.998874340192109,4.449999999999999
2023-12-07 03:30:00,1701948301.0,9.666666666666666,6.0,10.0,11.0,75.16666666666667,10.666666666666666,84.83333333333333,36.78538383333333,-119.773135,2.3,6.768375778998328,4.231624221001672,726.6111111111111,4.701953381044541,5.59765137011726,0.45166666666666666,4.8518324756736915,4.347499999999999
2023-12-07 04:30:00,1701951901.0,5.833333333333333,3.8333333333333335,6.333333333333333,11.0,73.5,10.833333333333334,82.5,36.7853615,-119.77316783333332,2.4,6.441952461501289,4.558047538498711,428.75,3.372051204680175,3.5238121676999414,0.4708333333333334,3.913803337386203,2.4958333333333327
2023-12-07 05:30:00,1701955501.0,2.6666666666666665,1.5,2.833333333333333,11.0,72.16666666666667,10.833333333333334,80.33333333333333,36.78538583333333,-119.7731385,4.5,6.176071098189385,4.823928901810615,192.44444444444446,2.0240770943921063,1.8087712320413605,0.48666666666666664,2.8737849424652175,0.9624999999999995
2023-12-07 06:30:00,1701959101.0,4.5,2.833333333333333,4.5,10.5,72.5,10.0,82.83333333333333,36.78538516666666,-119.77311066666668,6.0,5.761472558790122,4.738527441209878,326.25,2.824626639612778,2.820547858921889,0.4775,3.414079071246423,1.8874999999999993
2023-12-07 07:30:00,1701962701.0,5.333333333333333,3.333333333333333,5.5,10.0,74.0,9.166666666666666,84.5,36.785373166666666,-119.7731045,4.3,5.575282790698083,4.424717209301917,394.66666666666663,3.0786655064548034,3.2224659619671776,0.4733333333333334,3.6117007063073485,2.1933333333333334
2023-12-07 08:30:00,1701966301.0,4.5,2.833333333333333,4.833333333333333,11.0,72.33333333333333,10.666666666666666,82.0,36.78535716666666,-119.77312866666666,4.6,6.209542482462975,4.790457517537025,325.5,2.8310327298604787,2.8277139712916024,0.4775,3.5100830068803965,1.9016666666666664
2023-12-07 09:30:00,1701969901.0,2.1666666666666665,1.0,2.5,13.333333333333334,64.33333333333333,13.166666666666666,73.16666666666667,36.78536883333334,-119.77311333333334,4.6,6.735517867609289,6.597815465724045,139.38888888888886,2.0225027365707935,1.8657306447942545,0.48916666666666664,3.122701845097647,1.3683333333333332
2023-12-07 10:30:00,1701973501.0,1.0,0.1666666666666666,1.0,15.166666666666666,54.833333333333336,15.0,62.333333333333336,36.78537133333334,-119.77314366666668,2.0,6.136339059569987,9.03032760709668,54.833333333333336,1.7277656530912346,1.621220689746114,0.495,2.9943005491221566,1.5691666666666668
2023-12-07 11:30:00,1701977101.0,0.0,0.0,0.3333333333333333,16.5,43.0,16.333333333333332,49.16666666666666,36.785334166666665,-119.77311833333331,0.4,3.866828456970294,12.633171543029706,0.0,1.6422222421169095,1.570318930748499,0.5,3.105962213712224,2.0549999999999997
2023-12-07 12:30:00,1701980701.0,0.0,0.0,0.0,17.666666666666668,35.666666666666664,17.333333333333332,40.5,36.78539333333333,-119.77313216666666,0.7,2.2657267598544935,15.400939906812175,0.0,1.739875681860073,1.8856278750158775,0.5,3.1471027134689935,2.6783333333333332
2023-12-07 13:30:00,1701984301.0,0.0,0.0,0.0,18.83333333333333,30.0,18.0,36.16666666666666,36.78539883333333,-119.77311316666668,2.0,0.8700341629720645,17.963299170361264,0.0,1.782281454239877,2.129275695586124,0.5,3.1837240017518464,3.1599999999999997
2023-12-07 14:30:00,1701987901.0,0.0,0.0,0.3333333333333333,18.83333333333333,28.0,18.0,34.333333333333336,36.78539533333333,-119.7731475,2.9,-0.08499919380475536,18.918332527138084,0.0,1.7932945675034886,2.2152690440226817,0.5,3.277057965157759,3.3299999999999996
2023-12-07 15:30:00,1701991501.0,0.0,0.0,0.3333333333333333,18.0,28.83333333333333,18.0,35.0,36.78538833333334,-119.7731665,0.4,-0.3998145595134582,18.39981455951346,0.0,1.7981146132610624,2.1794384821741164,0.5,3.2927919386064364,3.2591666666666668
2023-12-07 16:30:00,1701995101.0,0.1666666666666666,0.0,0.3333333333333333,16.5,28.83333333333333,16.5,34.833333333333336,36.785354,-119.77317316666668,,-1.6963924357958509,18.19639243579585,4.805555555555553,1.8745249888456783,2.2727211050486575,0.49916666666666665,3.3466595544139013,3.345833333333333
2023-12-07 17:30:00,1701998701.0,2.833333333333333,1.6666666666666667,3.0,14.666666666666666,34.333333333333336,14.833333333333334,40.833333333333336,36.7853705,-119.77313483333334,2.7,-0.9150838977360772,15.581750564402743,97.27777777777777,3.3698184730350658,3.5287613628407852,0.48583333333333334,4.623688595074166,4.264999999999999
2023-12-07 18:30:00,1702002301.0,3.5,2.0,3.5,13.666666666666666,39.0,13.666666666666666,45.66666666666666,36.78538783333334,-119.77310816666666,2.6,-0.05296137313035484,13.719628039797021,136.5,3.594298175713517,3.7012407079869827,0.4825,4.747124978064533,4.215
2023-12-07 19:30:00,1702005901.0,3.5,2.333333333333333,3.6666666666666665,12.5,41.333333333333336,12.333333333333334,48.5,36.78538516666666,-119.77316166666668,3.4,-0.30139223991894265,12.801392239918943,144.66666666666669,3.655309623917854,3.6009151348109985,0.4825,4.774857929719094,4.016666666666667
2023-12-07 20:30:00,1702009501.0,2.333333333333333,1.1666666666666667,2.6666666666666665,12.0,45.16666666666666,12.0,52.833333333333336,36.78540916666667,-119.77312733333332,2.6,0.46969982163161045,11.530300178368389,105.38888888888886,2.7528715613202364,2.7831161901858072,0.48833333333333334,4.07890435940433,3.0841666666666674
2023-12-07 21:30:00,1702013101.0,1.5,0.8333333333333334,1.6666666666666667,12.0,48.833333333333336,12.0,57.0,36.78542316666667,-119.773094,-0.3,1.5556679937611038,10.444332006238897,73.25,2.2887108462595944,2.159048603679411,0.4925,3.568837341460803,2.3391666666666664
2023-12-07 22:30:00,1702016701.0,1.6666666666666667,0.8333333333333334,1.8333333333333333,11.666666666666666,55.0,11.166666666666666,65.16666666666667,36.785410500000005,-119.77311083333332,-0.2,2.9181319933609173,8.748534673305748,91.66666666666667,2.1574056365409437,1.9871850688745667,0.49166666666666664,3.3706289800198244,1.901666666666666
2023-12-07 23:30:00,1702020301.0,1.6666666666666667,1.0,1.8333333333333333,11.0,63.66666666666666,10.666666666666666,75.0,36.78537116666666,-119.77317066666669,1.6,4.371147118192046,6.628852881807954,106.1111111111111,1.9507309472333558,1.6145472256494835,0.49166666666666664,3.0080908243811413,1.165
2023-12-08 00:30:00,1702023901.0,2.0,1.0,2.333333333333333,10.5,68.66666666666667,10.0,79.66666666666667,36.78539083333333,-119.77313983333332,3.2,4.978455472938464,5.521544527061536,137.33333333333334,1.8484145183925924,1.5861291003071714,0.49,2.882800772386501,0.9133333333333322
2023-12-08 01:30:00,1702027501.0,2.833333333333333,1.6666666666666667,2.833333333333333,10.0,70.66666666666667,9.166666666666666,82.5,36.7853725,-119.77310916666666,1.9,4.911593056520868,5.088406943479132,200.22222222222223,2.177636119139958,1.96654886624332,0.48583333333333334,2.983460786145261,1.176666666666665
2023-12-08 02:30:00,1702031101.0,3.0,2.0,3.333333333333333,10.0,71.66666666666667,9.0,83.16666666666667,36.78538783333334,-119.77315766666668,1.5,5.11355587427732,4.88644412572268,215.0,2.2923006454019883,2.0168348148995827,0.485,3.1060627081699144,1.178333333333332
2023-12-08 03:30:00,1702034701.0,4.166666666666667,2.5,4.666666666666667,9.0,73.0,8.166666666666666,86.0,36.785394,-119.77312366666666,3.3,4.415108291486431,4.584891708513569,304.1666666666667,2.624123671963721,2.6124842760636673,0.47916666666666663,3.3976416517546797,1.6716666666666669
2023-12-08 04:30:00,1702038301.0,10.5,7.166666666666667,11.333333333333334,9.0,74.83333333333333,8.0,88.16666666666667,36.785364,-119.77315016666668,9.4,4.770405059287843,4.229594940712157,785.75,2.558827111304219,3.465780384357809,0.4475,5.383413564584772,4.809166666666666
2023-12-08 05:30:00,1702041901.0,14.833333333333334,9.5,15.833333333333334,9.0,76.0,7.833333333333333,90.0,36.78536233333333,-119.773135,5.9,4.992515981983538,4.007484018016462,1127.3333333333335,3.78660590198954,4.678057684757446,0.42583333333333334,6.526183892836104,6.963333333333333
2023-12-08 06:30:00,1702045501.0,16.333333333333332,10.166666666666666,17.333333333333332,9.0,76.0,7.0,91.0,36.78538,-119.773149,2.8,4.992515981983538,4.007484018016462,1241.3333333333333,4.158551063963947,5.14056003203908,0.41833333333333333,6.920403226169439,7.743333333333331
2023-12-08 07:30:00,1702049101.0,17.833333333333332,10.833333333333334,19.0,9.166666666666666,75.16666666666667,7.5,90.66666666666669,36.7853705,-119.77315533333336,2.3,4.995378671129581,4.171287995537085,1340.4722222222222,4.6069304990113835,5.691519944854502,0.4108333333333334,7.464558528836721,8.594166666666666
2023-12-08 08:30:00,1702052701.0,16.5,9.833333333333334,17.833333333333332,10.0,72.33333333333333,8.0,88.66666666666667,36.785361,-119.77309933333332,6.3,5.246818024980048,4.753181975019952,1193.5,4.269918890813413,5.581162470085715,0.4175,7.422283665563768,8.141666666666666
2023-12-08 09:30:00,1702056301.0,22.0,13.833333333333334,23.166666666666668,9.5,71.83333333333333,7.166666666666667,90.33333333333331,36.7853725,-119.7731145,6.5,4.665944641730377,4.834055358269623,1580.3333333333333,6.698929179073855,7.330078949438646,0.39,9.259208887237419,11.04416666666667
2023-12-08 10:30:00,1702059901.0,21.166666666666668,13.166666666666666,22.5,9.0,71.83333333333333,7.0,88.5,36.7853965,-119.77314533333332,6.9,4.184879014038162,4.815120985961838,1520.4722222222222,6.29155419405649,7.07313320094885,0.39416666666666667,9.020210895111514,10.610833333333336
2023-12-08 11:30:00,1702063501.0,19.33333333333333,12.166666666666666,20.33333333333333,9.5,68.83333333333333,7.666666666666667,83.66666666666667,36.78539166666667,-119.77312216666668,4.1,4.0560113922761385,5.4439886077238615,1330.7777777777774,5.999177552688371,6.82629979019294,0.4033333333333334,8.779797550383456,9.912499999999998
2023-12-08 12:30:00,1702065901.0,17.5,10.5,18.0,10.0,66.0,8.0,80.5,36.7854305,-119.773102,2.6,3.9343200217826384,6.065679978217362,1155.0,5.2625549869911605,6.561774866330275,0.4125,8.30561835900655,9.2
2023-12-08 13:30:00,1702072201.0,21.0,14.0,21.0,10.0,65.0,10.0,70.0,36.785412,-119.773155,4.5,3.716978242381256,6.283021757618744,1365.0,7.470535160270052,7.747096088627969,0.395,9.727105588179231,11.105
2023-12-08 14:30:00,1702074301.0,16.166666666666668,11.0,16.833333333333332,12.666666666666666,55.0,10.833333333333334,66.0,36.78539216666667,-119.7731615,5.4,3.8505119386265894,8.816154728040077,889.1666666666667,6.920787915993185,7.318301533792629,0.41916666666666663,9.350462017535389,9.441666666666666
2023-12-08 15:30:00,1702077901.0,13.5,9.333333333333334,14.166666666666666,13.166666666666666,49.66666666666666,11.833333333333334,61.0,36.78539333333333,-119.77310833333333,3.5,2.8673461807329303,10.299320485933736,670.4999999999999,6.7466690007929735,7.062203558041537,0.4325,8.814168543481646,8.508333333333335
2023-12-08 16:30:00,1702081501.0,15.0,10.5,15.666666666666666,12.333333333333334,51.66666666666666,10.666666666666666,64.83333333333333,36.785401,-119.77314,6.5,2.654975704351173,9.67835762898216,774.9999999999999,7.098533916665735,7.312407748042075,0.425,9.282791543903611,9.118333333333334
2023-12-08 17:30:00,1702085101.0,25.0,17.0,26.166666666666668,10.333333333333334,59.16666666666666,9.166666666666666,72.83333333333333,36.785408,-119.77315,10.9,2.7003741988822343,7.6329591344511,1479.1666666666665,9.616382488623827,9.599638640115522,0.375,12.404151038390674,13.680833333333334
2023-12-08 18:30:00,1702088701.0,42.66666666666666,28.5,44.833333333333336,9.333333333333334,64.5,8.0,78.0,36.785389,-119.7731525,19.4,2.9737364085213556,6.359596924811978,2751.9999999999995,15.498507382374882,14.48076008868295,0.28666666666666674,18.05470759553525,22.414166666666663
2023-12-08 19:30:00,1702090801.0,43.0,28.0,44.0,9.0,67.0,7.0,81.0,36.785492,-119.773125,17.9,3.194379196987133,5.805620803012867,2881.0,15.076040103469385,14.318165691477503,0.285,17.141363858656554,22.375
