Unnamed: 0,objectId,event,unixtime,m_PM1_CF1,m_PM1_ATM,m_PM1_b,m_PM25_CF1,m_PM25_ATM,m_PM25_b,m_PM4_b,m_PM10_CF1,m_PM10_ATM,m_PM10_b,n_PM03_P,n_PM05_P,n_PM05_b,n_PM1_P,n_PM1_b,n_PM25_P,n_PM25_b,n_PM4_b,tempC_pms,rh_pms,n_PM10_b,typ_size_b,temp_C,tempC_sen5x,rh,rh_sen5x,o3,vocIdx,noxIdx,lat,lon,alt,sats,counter,moos,ver,coreid,published_at,createdAt,updatedAt,date
9,DAhBKHpYit,MOOSPMv3Parser,1750291200,2,2,2,3,3,2,2,3,3,2,522,155,165323,23,18,2,18,18,0,0,18,0,40,41,17,19,25.426,147,1,36.139,-120.368431,165.682007,5,600,58,3,e00fce6876826e255108c6bd,2025-06-19 00:00:04,2025-06-19 00:00:05,2025-06-19 00:00:05,2025-06-19
19,pmkr8MScAO,MOOSPMv3Parser,1750291800,2,2,2,3,3,2,2,3,3,2,480,145,165338,22,17,1,17,17,0,0,17,0,40,41,17,19,28.246,100,1,36.138977,-120.368355,181.095001,7,600,58,3,e00fce6876826e255108c6bd,2025-06-19 00:10:04,2025-06-19 00:10:04,2025-06-19 00:10:04,2025-06-19
29,JyMswwffjC,MOOSPMv3Parser,1750292400,1,1,2,3,3,2,2,3,3,2,462,139,165354,23,17,2,17,17,0,0,17,0,40,41,17,19,27.445,84,1,36.139023,-120.368355,160.679993,7,600,58,3,e00fce6876826e255108c6bd,2025-06-19 00:20:05,2025-06-19 00:20:05,2025-06-19 00:20:05,2025-06-19
39,dV0e5FhjIj,MOOSPMv3Parser,1750293000,2,2,2,3,3,2,2,3,3,2,511,154,165370,24,18,2,18,18,0,0,18,0,40,40,17,20,27.368,76,1,36.13905,-120.368362,171.447006,5,600,58,3,e00fce6876826e255108c6bd,2025-06-19 00:30:04,2025-06-19 00:30:05,2025-06-19 00:30:05,2025-06-19
49,axYIv1rYGU,MOOSPMv3Parser,1750293600,2,2,2,3,3,2,2,4,4,2,539,163,165386,25,18,2,18,18,0,0,18,0,40,40,17,20,29.181,71,1,36.139015,-120.368332,165.822006,8,600,58,3,e00fce6876826e255108c6bd,2025-06-19 00:40:04,2025-06-19 00:40:05,2025-06-19 00:40:05,2025-06-19
59,mgfFOz5xn3,MOOSPMv3Parser,1750294200,2,2,2,3,3,2,2,4,4,2,541,163,165402,27,18,2,18,18,0,0,18,0,40,40,18,20,28.145,62,1,36.139023,-120.368286,200.703003,7,600,58,3,e00fce6876826e255108c6bd,2025-06-19 00:50:04,2025-06-19 00:50:05,2025-06-19 00:50:05,2025-06-19
68,iLC2OYcWmb,MOOSPMv3Parser,1750294800,2,2,2,3,3,2,2,3,3,2,492,149,165418,24,17,1,17,17,0,0,17,0,40,40,18,20,29.632,57,1,36.139023,-120.368286,200.707001,0,600,58,3,e00fce6876826e255108c6bd,2025-06-19 01:00:04,2025-06-19 01:00:04,2025-06-19 01:00:04,2025-06-19
79,chXUrFJ0yY,MOOSPMv3Parser,1750295400,2,2,2,3,3,2,2,4,4,2,536,161,165434,25,18,2,18,18,0,0,18,0,40,39,18,20,29.305,49,1,36.139019,-120.368378,172.656998,8,600,58,3,e00fce6876826e255108c6bd,2025-06-19 01:10:04,2025-06-19 01:10:04,2025-06-19 01:10:04,2025-06-19
89,nyKOU1B3nq,MOOSPMv3Parser,1750296000,2,2,2,3,3,2,2,3,3,2,512,154,165450,23,18,1,18,18,0,0,18,0,40,39,18,21,28.725,50,1,36.139011,-120.368393,178.742004,9,600,58,3,e00fce6876826e255108c6bd,2025-06-19 01:20:05,2025-06-19 01:20:05,2025-06-19 01:20:05,2025-06-19
99,HAF360bvhR,MOOSPMv3Parser,1750296600,2,2,2,3,3,2,2,4,4,2,526,157,165466,24,18,2,19,19,0,0,19,0,39,39,18,21,28.931,47,1,36.138981,-120.368401,162.602997,9,600,58,3,e00fce6876826e255108c6bd,2025-06-19 01:30:04,2025-06-19 01:30:04,2025-06-19 01:30:04,2025-06-19
109,IlVX5CpW97,MOOSPMv3Parser,1750297200,3,3,3,5,5,3,3,5,5,3,719,222,165483,32,21,2,21,21,0,0,21,0,39,39,18,21,28.087,51,1,36.139034,-120.368423,155.238007,9,600,58,3,e00fce6876826e255108c6bd,2025-06-19 01:40:04,2025-06-19 01:40:04,2025-06-19 01:40:04,2025-06-19
119,RWtCfbNytj,MOOSPMv3Parser,1750297800,2,2,2,4,4,2,2,4,4,2,557,170,165499,29,18,2,18,18,0,0,18,0,39,38,18,21,29.529,49,1,36.139015,-120.368279,184.112,8,600,58,3,e00fce6876826e255108c6bd,2025-06-19 01:50:04,2025-06-19 01:50:04,2025-06-19 01:50:04,2025-06-19
127,nkAKNnXIl3,MOOSPMv3Parser,1750298400,2,2,2,3,3,2,2,3,3,2,522,157,165516,24,18,1,18,18,0,0,18,0,39,38,19,21,28.786,42,2,36.139019,-120.368286,179.311996,9,600,58,3,e00fce6876826e255108c6bd,2025-06-19 02:00:04,2025-06-19 02:00:05,2025-06-19 02:00:05,2025-06-19
139,XW64PEUu6X,MOOSPMv3Parser,1750299000,2,2,2,3,3,3,3,4,4,3,568,169,165532,29,19,1,19,19,0,0,19,0,38,38,20,23,29.014,41,2,36.139046,-120.368393,169.858994,7,600,58,3,e00fce6876826e255108c6bd,2025-06-19 02:10:04,2025-06-19 02:10:05,2025-06-19 02:10:05,2025-06-19
149,My5IVnj1gN,MOOSPMv3Parser,1750299600,3,3,4,5,5,4,4,5,5,4,672,205,165556,38,27,2,27,27,0,0,28,0,38,37,20,23,29.452,38,2,36.139072,-120.36837,171.505005,6,600,58,3,e00fce6876826e255108c6bd,2025-06-19 02:20:04,2025-06-19 02:20:05,2025-06-19 02:20:05,2025-06-19
159,956fmgCgQW,MOOSPMv3Parser,1750300200,3,3,3,5,5,4,4,6,6,4,733,224,165580,38,27,4,27,27,0,0,27,0,37,37,21,23,28.407,42,2,36.139065,-120.368324,190.992004,5,600,58,3,e00fce6876826e255108c6bd,2025-06-19 02:30:05,2025-06-19 02:30:05,2025-06-19 02:30:05,2025-06-19
169,fCRMpmVD5c,MOOSPMv3Parser,1750300800,3,3,3,5,5,3,3,5,5,3,693,212,165599,33,23,3,23,23,0,0,23,0,36,36,22,24,29.659,40,2,36.139107,-120.368446,164.953995,6,600,58,3,e00fce6876826e255108c6bd,2025-06-19 02:40:05,2025-06-19 02:40:05,2025-06-19 02:40:05,2025-06-19
179,yD2qBJuP7T,MOOSPMv3Parser,1750301400,3,3,3,5,5,3,3,5,5,3,683,208,165618,32,22,2,22,22,0,0,22,0,36,36,22,24,29.38,38,2,36.139107,-120.368446,164.953995,0,600,58,3,e00fce6876826e255108c6bd,2025-06-19 02:50:04,2025-06-19 02:50:05,2025-06-19 02:50:05,2025-06-19
189,mg70TkxlKw,MOOSPMv3Parser,1750302000,2,2,2,3,3,3,3,4,4,3,549,166,165634,24,19,1,19,19,0,0,19,0,35,35,22,25,29.045,35,2,36.139122,-120.368477,164.395004,7,600,58,3,e00fce6876826e255108c6bd,2025-06-19 03:00:04,2025-06-19 03:00:05,2025-06-19 03:00:05,2025-06-19
199,ERJbmtcPRw,MOOSPMv3Parser,1750302600,2,2,3,4,4,3,3,4,4,3,563,169,165650,28,20,3,20,20,0,0,20,0,35,35,23,25,28.526,38,2,36.138992,-120.368271,155.651993,6,600,58,3,e00fce6876826e255108c6bd,2025-06-19 03:10:05,2025-06-19 03:10:05,2025-06-19 03:10:05,2025-06-19
209,gcmsMVz7ss,MOOSPMv3Parser,1750303200,2,2,3,4,4,3,3,5,5,3,604,183,165667,31,20,3,20,20,0,0,20,0,34,34,23,26,28.784,36,3,36.139149,-120.368401,179.266006,7,600,58,3,e00fce6876826e255108c6bd,2025-06-19 03:20:05,2025-06-19 03:20:05,2025-06-19 03:20:05,2025-06-19
219,dbFud7qh5R,MOOSPMv3Parser,1750303800,3,3,3,4,4,3,3,4,4,3,603,183,165685,29,21,2,21,21,0,0,21,0,34,34,24,26,27.535,45,3,36.138973,-120.36824,163.039993,5,600,58,3,e00fce6876826e255108c6bd,2025-06-19 03:30:04,2025-06-19 03:30:05,2025-06-19 03:30:05,2025-06-19
229,pkORvkZyQK,MOOSPMv3Parser,1750304400,2,2,3,4,4,3,3,4,4,3,582,178,165702,29,21,2,21,21,0,0,21,0,33,33,25,27,25.244,59,3,36.138988,-120.36834,176.796005,5,600,58,3,e00fce6876826e255108c6bd,2025-06-19 03:40:05,2025-06-19 03:40:05,2025-06-19 03:40:05,2025-06-19
239,U1H2xFCws0,MOOSPMv3Parser,1750305000,2,2,3,4,4,3,3,4,4,3,594,183,165722,28,23,2,23,23,0,0,23,0,32,32,26,28,22.183,91,2,36.138893,-120.368187,178.781006,7,600,58,3,e00fce6876826e255108c6bd,2025-06-19 03:50:04,2025-06-19 03:50:05,2025-06-19 03:50:05,2025-06-19
249,agYF33yZUP,MOOSPMv3Parser,1750305600,3,3,3,5,5,4,4,6,6,4,748,227,165745,35,26,3,26,26,0,0,26,0,31,32,29,30,21.16,125,2,36.139091,-120.368446,176.996002,5,600,58,3,e00fce6876826e255108c6bd,2025-06-19 04:00:04,2025-06-19 04:00:05,2025-06-19 04:00:05,2025-06-19
259,Ehyn9rLtNf,MOOSPMv3Parser,1750306200,4,4,4,6,6,4,4,7,7,4,826,256,165772,43,32,3,32,32,0,0,32,0,31,31,29,30,19.658,153,1,36.138966,-120.368279,171.518005,6,600,58,3,e00fce6876826e255108c6bd,2025-06-19 04:10:05,2025-06-19 04:10:05,2025-06-19 04:10:05,2025-06-19
269,FkAZjQ5sJY,MOOSPMv3Parser,1750306800,4,4,4,6,6,4,4,6,6,4,773,236,165800,42,31,3,31,31,0,0,31,0,30,30,31,32,20.187,126,1,36.138966,-120.368279,171.520996,0,600,58,3,e00fce6876826e255108c6bd,2025-06-19 04:20:05,2025-06-19 04:20:05,2025-06-19 04:20:05,2025-06-19
279,E6vJskadBR,MOOSPMv3Parser,1750307400,3,3,3,4,4,3,3,5,5,3,628,190,165822,34,25,3,25,25,0,0,25,0,30,30,29,31,20.565,125,1,36.138794,-120.368095,250.761002,5,600,58,3,e00fce6876826e255108c6bd,2025-06-19 04:30:05,2025-06-19 04:30:05,2025-06-19 04:30:05,2025-06-19
290,8KMGPXejPT,MOOSPMv3Parser,1750308000,3,3,3,4,4,3,3,5,5,3,653,198,165844,34,24,3,25,25,0,0,25,0,30,29,30,32,23.278,71,2,36.139053,-120.36837,189.007004,6,600,58,3,e00fce6876826e255108c6bd,2025-06-19 04:40:09,2025-06-19 04:40:10,2025-06-19 04:40:10,2025-06-19
299,1MO7yE1USx,MOOSPMv3Parser,1750308600,3,3,3,4,4,3,3,5,5,3,618,187,165866,31,25,3,25,25,0,0,25,0,30,29,30,33,22.881,78,2,36.138927,-120.368355,182.330994,7,600,58,3,e00fce6876826e255108c6bd,2025-06-19 04:50:05,2025-06-19 04:50:05,2025-06-19 04:50:05,2025-06-19
309,d4dguPOtqB,MOOSPMv3Parser,1750309200,2,2,3,4,4,3,3,5,5,3,623,191,165888,31,25,3,25,25,0,0,25,0,29,29,30,33,22.104,81,2,36.138985,-120.368355,166.647995,8,600,58,3,e00fce6876826e255108c6bd,2025-06-19 05:00:05,2025-06-19 05:00:05,2025-06-19 05:00:05,2025-06-19
319,VezMIsegfQ,MOOSPMv3Parser,1750309800,3,3,3,5,5,3,3,6,6,3,668,205,165909,36,25,3,25,25,0,0,25,0,29,28,31,34,22.679,82,2,36.139019,-120.368469,190.580994,7,600,58,3,e00fce6876826e255108c6bd,2025-06-19 05:10:05,2025-06-19 05:10:05,2025-06-19 05:10:05,2025-06-19
330,tQERxYAFtK,MOOSPMv3Parser,1750310400,3,3,3,5,5,3,3,5,5,3,645,197,165932,36,25,3,25,25,0,0,25,0,29,28,30,34,22.029,93,2,36.139,-120.368362,177.740997,8,600,58,3,e00fce6876826e255108c6bd,2025-06-19 05:20:10,2025-06-19 05:20:10,2025-06-19 05:20:10,2025-06-19
339,fuOLKHpl8v,MOOSPMv3Parser,1750311000,2,2,3,4,4,3,3,4,4,3,600,183,165951,31,22,2,23,23,0,0,23,0,28,28,31,34,21.464,96,2,36.138981,-120.368408,184.266006,5,600,58,3,e00fce6876826e255108c6bd,2025-06-19 05:30:05,2025-06-19 05:30:05,2025-06-19 05:30:05,2025-06-19
349,yaAv1CN7bB,MOOSPMv3Parser,1750311600,2,2,3,4,4,3,3,4,4,3,592,182,165971,31,23,2,23,23,0,0,23,0,28,28,32,34,21.205,130,2,36.139,-120.368469,194.802994,5,600,58,3,e00fce6876826e255108c6bd,2025-06-19 05:40:05,2025-06-19 05:40:05,2025-06-19 05:40:05,2025-06-19
359,HkmFuoqSQT,MOOSPMv3Parser,1750312200,2,2,3,4,4,3,3,4,4,3,599,184,165991,31,23,2,23,23,0,0,23,0,28,27,31,34,22.525,79,2,36.139,-120.368469,194.804001,0,600,58,3,e00fce6876826e255108c6bd,2025-06-19 05:50:05,2025-06-19 05:50:05,2025-06-19 05:50:05,2025-06-19
369,Adl0ProN3h,MOOSPMv3Parser,1750312800,2,2,3,4,4,3,3,5,5,3,611,187,166009,32,22,2,22,22,0,0,22,0,28,27,32,36,21.964,97,2,36.139008,-120.368423,180.369003,6,600,58,3,e00fce6876826e255108c6bd,2025-06-19 06:00:05,2025-06-19 06:00:05,2025-06-19 06:00:05,2025-06-19
379,1suN7Xd5ma,MOOSPMv3Parser,1750313400,3,3,3,4,4,3,3,5,5,3,640,197,166027,34,22,4,22,22,0,0,22,0,28,27,31,35,22.489,97,2,36.13905,-120.36837,160.378998,5,600,58,3,e00fce6876826e255108c6bd,2025-06-19 06:10:05,2025-06-19 06:10:05,2025-06-19 06:10:05,2025-06-19
389,K82Iczw21F,MOOSPMv3Parser,1750314000,3,3,3,5,5,3,3,5,5,3,645,197,166048,32,24,2,24,24,0,0,24,0,28,27,32,36,21.632,130,2,36.139027,-120.368324,177.434998,5,600,58,3,e00fce6876826e255108c6bd,2025-06-19 06:20:05,2025-06-19 06:20:05,2025-06-19 06:20:05,2025-06-19
399,fksH2DfFIO,MOOSPMv3Parser,1750314600,2,2,3,4,4,3,3,4,4,3,592,180,166067,31,22,2,23,23,0,0,23,0,28,27,34,38,22.541,93,2,36.139,-120.368462,177.246002,6,600,58,3,e00fce6876826e255108c6bd,2025-06-19 06:30:05,2025-06-19 06:30:05,2025-06-19 06:30:05,2025-06-19
409,lkR3vrguqH,MOOSPMv3Parser,1750315200,3,3,3,5,5,4,4,6,6,4,767,234,166092,39,27,3,27,27,0,0,27,0,27,26,34,38,19.896,140,2,36.139034,-120.368385,175.001007,9,600,58,3,e00fce6876826e255108c6bd,2025-06-19 06:40:05,2025-06-19 06:40:05,2025-06-19 06:40:05,2025-06-19
419,dnHjrB5pOp,MOOSPMv3Parser,1750315800,3,3,3,4,4,3,3,5,5,3,660,202,166112,33,23,3,23,23,0,0,23,0,27,26,34,36,19.043,168,2,36.139053,-120.368347,169.815002,6,600,58,3,e00fce6876826e255108c6bd,2025-06-19 06:50:05,2025-06-19 06:50:05,2025-06-19 06:50:05,2025-06-19
429,utO1ajzSU5,MOOSPMv3Parser,1750316400,2,2,3,4,4,3,3,4,4,3,554,168,166130,30,22,2,22,22,0,0,22,0,26,26,34,37,18.475,150,1,36.139004,-120.368431,173.018005,7,600,58,3,e00fce6876826e255108c6bd,2025-06-19 07:00:04,2025-06-19 07:00:05,2025-06-19 07:00:05,2025-06-19
439,MGnssABhyA,MOOSPMv3Parser,1750317000,2,2,3,4,4,3,3,4,4,3,555,168,166147,28,22,3,22,22,0,0,22,0,26,26,34,35,18.858,197,1,36.13908,-120.368225,170.768997,7,600,58,3,e00fce6876826e255108c6bd,2025-06-19 07:10:05,2025-06-19 07:10:05,2025-06-19 07:10:05,2025-06-19
449,QIWFWMFs58,MOOSPMv3Parser,1750317600,3,3,3,5,5,3,3,5,5,3,628,194,166170,36,25,3,25,25,0,0,25,0,26,25,34,37,17.469,290,1,36.139168,-120.368324,170.556,6,600,58,3,e00fce6876826e255108c6bd,2025-06-19 07:20:05,2025-06-19 07:20:05,2025-06-19 07:20:05,2025-06-19
459,qTMafkv6nV,MOOSPMv3Parser,1750318200,3,3,3,5,5,4,4,6,6,4,729,223,166194,36,27,3,27,27,0,0,27,0,25,25,34,37,17.0,332,1,36.139042,-120.368393,183.199005,8,600,58,3,e00fce6876826e255108c6bd,2025-06-19 07:30:05,2025-06-19 07:30:05,2025-06-19 07:30:05,2025-06-19
469,heJ3E68HRS,MOOSPMv3Parser,1750318800,3,3,3,5,5,4,4,6,6,4,725,222,166218,35,27,4,27,27,0,0,27,0,25,25,33,36,16.881,385,1,36.139042,-120.368393,183.199997,0,600,58,3,e00fce6876826e255108c6bd,2025-06-19 07:40:05,2025-06-19 07:40:05,2025-06-19 07:40:05,2025-06-19
479,4m7EDjeJQl,MOOSPMv3Parser,1750319400,3,3,3,5,5,3,3,5,5,3,693,215,166241,35,25,3,26,26,0,0,26,0,25,25,36,39,17.605,375,1,36.138973,-120.368431,152.406998,6,600,58,3,e00fce6876826e255108c6bd,2025-06-19 07:50:05,2025-06-19 07:50:05,2025-06-19 07:50:05,2025-06-19
489,Lkps59mo7o,MOOSPMv3Parser,1750320000,3,3,3,5,5,3,3,6,6,3,737,226,166264,36,25,2,25,25,0,0,25,0,25,24,38,41,16.416,319,1,36.139019,-120.368462,170.091995,6,600,58,3,e00fce6876826e255108c6bd,2025-06-19 08:00:05,2025-06-19 08:00:05,2025-06-19 08:00:05,2025-06-19
499,MK6fo1Q8hK,MOOSPMv3Parser,1750320600,3,3,3,4,4,3,3,5,5,3,668,202,166285,31,23,2,23,23,0,0,23,0,25,24,38,41,16.638,263,1,36.138962,-120.368309,159.335999,6,600,58,3,e00fce6876826e255108c6bd,2025-06-19 08:10:05,2025-06-19 08:10:05,2025-06-19 08:10:05,2025-06-19
509,KgxDdMeV7B,MOOSPMv3Parser,1750321200,3,3,3,5,5,3,3,5,5,3,665,203,166307,32,24,3,24,24,0,0,24,0,25,24,38,41,16.497,312,1,36.13903,-120.368408,173.798996,5,600,58,3,e00fce6876826e255108c6bd,2025-06-19 08:20:05,2025-06-19 08:20:05,2025-06-19 08:20:05,2025-06-19
519,PzLUE4QpZd,MOOSPMv3Parser,1750321800,3,3,3,5,5,3,3,6,6,3,673,206,166329,34,25,3,25,25,0,0,25,0,24,24,38,40,14.846,417,1,36.138981,-120.368378,170.697998,7,600,58,3,e00fce6876826e255108c6bd,2025-06-19 08:30:05,2025-06-19 08:30:05,2025-06-19 08:30:05,2025-06-19
523,uBppul2T1b,MOOSPMv3Parser,1750322400,3,3,3,5,5,3,3,6,6,3,704,216,167188,37,26,3,26,26,0,0,26,0,24,24,41,43,14.998,421,1,36.139057,-120.368622,167.897003,5,597,58,3,e00fce6876826e255108c6bd,2025-06-19 08:40:02,2025-06-19 08:40:02,2025-06-19 08:40:02,2025-06-19
533,Xnls0n8mUj,MOOSPMv3Parser,1750323000,3,3,3,5,5,3,3,6,6,3,702,216,166375,35,25,4,25,25,0,0,25,0,24,23,43,45,14.499,426,1,36.138969,-120.36837,178.317001,4,600,58,3,e00fce6876826e255108c6bd,2025-06-19 08:50:02,2025-06-19 08:50:02,2025-06-19 08:50:02,2025-06-19
543,WtM2r4fLJf,MOOSPMv3Parser,1750323600,3,3,3,5,5,3,3,6,6,3,685,210,166397,37,24,4,24,24,0,0,24,0,24,23,41,43,14.501,423,1,36.138962,-120.368393,179.455002,6,600,58,3,e00fce6876826e255108c6bd,2025-06-19 09:00:02,2025-06-19 09:00:02,2025-06-19 09:00:02,2025-06-19
553,nOhf1Ytuy0,MOOSPMv3Parser,1750324200,3,3,3,5,5,3,3,5,5,3,671,206,166418,35,24,3,24,24,0,0,24,0,24,23,42,44,13.53,464,1,36.138939,-120.368317,191.016998,7,600,58,3,e00fce6876826e255108c6bd,2025-06-19 09:10:02,2025-06-19 09:10:02,2025-06-19 09:10:02,2025-06-19
563,0dxzaCthy7,MOOSPMv3Parser,1750324800,3,3,3,4,4,3,3,5,5,3,659,204,166438,32,23,4,23,23,0,0,23,0,23,23,42,45,14.33,442,1,36.139076,-120.368362,176.292999,6,600,58,3,e00fce6876826e255108c6bd,2025-06-19 09:20:02,2025-06-19 09:20:02,2025-06-19 09:20:02,2025-06-19
573,0sJhH6QPGw,MOOSPMv3Parser,1750325400,3,3,3,4,4,3,3,5,5,3,632,193,166460,29,24,2,24,24,0,0,24,0,23,23,39,42,13.868,455,1,36.139015,-120.368332,172.876999,6,600,58,3,e00fce6876826e255108c6bd,2025-06-19 09:30:02,2025-06-19 09:30:02,2025-06-19 09:30:02,2025-06-19
584,9Sz63oxiV8,MOOSPMv3Parser,1750326000,2,2,3,4,4,3,3,4,4,3,577,174,166480,26,24,2,24,24,0,0,24,0,23,22,40,42,16.123,418,1,36.138916,-120.36853,156.188004,6,600,58,3,e00fce6876826e255108c6bd,2025-06-19 09:40:02,2025-06-19 09:40:02,2025-06-19 09:40:02,2025-06-19
593,Ru6Ha6Riw0,MOOSPMv3Parser,1750326600,3,3,3,4,4,3,3,5,5,3,593,182,166499,30,22,3,22,22,0,0,22,0,23,22,41,43,15.189,409,1,36.139053,-120.36834,172.054993,5,600,58,3,e00fce6876826e255108c6bd,2025-06-19 09:50:02,2025-06-19 09:50:02,2025-06-19 09:50:02,2025-06-19
603,dU6VY0GFUm,MOOSPMv3Parser,1750327200,3,3,3,4,4,3,3,4,4,3,567,174,166517,29,22,2,22,22,0,0,22,0,23,22,40,42,15.896,417,1,36.138969,-120.368286,193.005005,7,600,58,3,e00fce6876826e255108c6bd,2025-06-19 10:00:02,2025-06-19 10:00:02,2025-06-19 10:00:02,2025-06-19
613,Lsmvzkfnz9,MOOSPMv3Parser,1750327800,3,3,3,4,4,3,3,5,5,3,604,186,166535,32,21,2,22,22,0,0,22,0,22,22,41,44,16.333,390,1,36.138916,-120.368179,175.714996,6,600,58,3,e00fce6876826e255108c6bd,2025-06-19 10:10:02,2025-06-19 10:10:02,2025-06-19 10:10:02,2025-06-19
624,CEgAlzER6K,MOOSPMv3Parser,1750328400,2,2,3,4,4,3,3,4,4,3,557,172,166554,30,22,2,22,22,0,0,22,0,22,22,40,43,16.386,348,1,36.138916,-120.368179,175.714996,0,600,58,3,e00fce6876826e255108c6bd,2025-06-19 10:20:02,2025-06-19 10:20:02,2025-06-19 10:20:02,2025-06-19
633,juZlNGtPqC,MOOSPMv3Parser,1750329000,2,2,3,4,4,3,3,5,5,3,552,169,166574,31,23,3,23,23,0,0,23,0,22,22,40,43,17.227,303,1,36.138863,-120.368202,205.610001,5,600,58,3,e00fce6876826e255108c6bd,2025-06-19 10:30:02,2025-06-19 10:30:02,2025-06-19 10:30:02,2025-06-19
643,Kv0O0Bvi2W,MOOSPMv3Parser,1750329600,2,2,3,4,4,3,3,5,5,3,586,178,166592,31,22,3,22,22,0,0,22,0,22,22,40,42,16.748,322,1,36.13903,-120.368362,166.042007,10,600,58,3,e00fce6876826e255108c6bd,2025-06-19 10:40:02,2025-06-19 10:40:02,2025-06-19 10:40:02,2025-06-19
653,jnulG0zpex,MOOSPMv3Parser,1750330200,3,3,3,4,4,3,3,5,5,3,594,182,166612,32,23,3,23,23,0,0,23,0,22,21,41,43,16.368,370,1,36.139004,-120.368233,168.897003,8,600,58,3,e00fce6876826e255108c6bd,2025-06-19 10:50:02,2025-06-19 10:50:02,2025-06-19 10:50:02,2025-06-19
664,eEPGnVzEF3,MOOSPMv3Parser,1750330800,3,3,3,4,4,3,3,5,5,3,588,180,166632,31,23,3,23,23,0,0,23,0,22,21,42,44,15.239,426,1,36.138969,-120.368393,180.968002,8,600,58,3,e00fce6876826e255108c6bd,2025-06-19 11:00:02,2025-06-19 11:00:02,2025-06-19 11:00:02,2025-06-19
673,iTLV0sspkn,MOOSPMv3Parser,1750331400,2,2,3,4,4,3,3,4,4,3,556,171,166651,27,22,2,22,22,0,0,22,0,22,21,40,43,15.311,442,1,36.139053,-120.368324,174.856003,8,600,58,3,e00fce6876826e255108c6bd,2025-06-19 11:10:02,2025-06-19 11:10:02,2025-06-19 11:10:02,2025-06-19
683,ge4MaOs0QE,MOOSPMv3Parser,1750332000,3,3,3,4,4,3,3,5,5,3,586,180,166670,32,23,3,23,23,0,0,23,0,22,21,41,44,16.201,402,1,36.138996,-120.368408,183.307007,7,600,58,3,e00fce6876826e255108c6bd,2025-06-19 11:20:02,2025-06-19 11:20:02,2025-06-19 11:20:02,2025-06-19
693,OV1hW7Hs2J,MOOSPMv3Parser,1750332600,3,3,3,4,4,3,3,5,5,3,576,176,166690,29,23,3,23,23,0,0,23,0,21,21,42,45,15.021,421,1,36.139023,-120.368362,167.121002,8,600,58,3,e00fce6876826e255108c6bd,2025-06-19 11:30:02,2025-06-19 11:30:02,2025-06-19 11:30:02,2025-06-19
703,fELk4CYMrH,MOOSPMv3Parser,1750333200,3,3,3,4,4,3,3,4,4,3,569,173,166709,27,22,2,22,22,0,0,22,0,21,21,43,45,15.553,404,1,36.139008,-120.368446,168.856995,7,600,58,3,e00fce6876826e255108c6bd,2025-06-19 11:40:02,2025-06-19 11:40:02,2025-06-19 11:40:02,2025-06-19
712,XZc5flCkry,MOOSPMv3Parser,1750333800,3,3,3,4,4,3,3,5,5,3,596,184,166728,28,22,2,23,23,0,0,23,0,21,21,42,44,15.308,427,1,36.139008,-120.368446,168.854996,0,600,58,3,e00fce6876826e255108c6bd,2025-06-19 11:50:02,2025-06-19 11:50:02,2025-06-19 11:50:02,2025-06-19
723,4lEfZgKbFg,MOOSPMv3Parser,1750334400,3,3,3,5,5,3,3,5,5,3,594,179,166749,34,24,3,25,25,0,0,25,0,21,21,44,47,16.055,369,1,36.139004,-120.36837,171.261002,7,600,58,3,e00fce6876826e255108c6bd,2025-06-19 12:00:02,2025-06-19 12:00:02,2025-06-19 12:00:02,2025-06-19
733,ZAIasQ117x,MOOSPMv3Parser,1750335000,3,3,3,4,4,3,3,5,5,3,594,180,166770,32,24,2,24,24,0,0,24,0,21,20,44,47,14.755,408,1,36.139023,-120.368439,174.899002,8,600,58,3,e00fce6876826e255108c6bd,2025-06-19 12:10:02,2025-06-19 12:10:02,2025-06-19 12:10:02,2025-06-19
744,0dl04oOutu,MOOSPMv3Parser,1750335600,3,3,3,5,5,3,3,5,5,3,603,185,166792,34,24,3,24,24,0,0,24,0,21,20,45,47,13.365,449,1,36.138985,-120.368332,169.063004,8,600,58,3,e00fce6876826e255108c6bd,2025-06-19 12:20:02,2025-06-19 12:20:02,2025-06-19 12:20:02,2025-06-19
752,TN0IDY0fnq,MOOSPMv3Parser,1750336200,3,3,3,5,5,3,3,5,5,3,622,188,166813,32,24,3,24,24,0,0,24,0,21,20,45,48,12.939,459,1,36.138988,-120.368629,142.841995,6,600,58,3,e00fce6876826e255108c6bd,2025-06-19 12:30:02,2025-06-19 12:30:02,2025-06-19 12:30:02,2025-06-19
763,6WJaiPh7jZ,MOOSPMv3Parser,1750336800,3,3,3,5,5,3,3,5,5,3,602,186,166835,33,25,3,25,25,0,0,25,0,21,20,45,47,12.552,455,1,36.139008,-120.368385,176.634995,7,600,58,3,e00fce6876826e255108c6bd,2025-06-19 12:40:02,2025-06-19 12:40:02,2025-06-19 12:40:02,2025-06-19
773,DUw8xJsxxw,MOOSPMv3Parser,1750337400,3,3,3,4,4,4,4,6,6,4,622,190,166858,30,26,3,26,26,0,0,26,0,21,20,46,49,12.869,437,1,36.139027,-120.368217,187.404999,8,600,58,3,e00fce6876826e255108c6bd,2025-06-19 12:50:02,2025-06-19 12:50:02,2025-06-19 12:50:02,2025-06-19
784,PoR0LMrJEF,MOOSPMv3Parser,1750338000,3,3,3,5,5,3,4,6,6,4,648,199,166881,35,26,5,26,26,0,0,26,0,21,20,44,47,13.466,403,1,36.139023,-120.36837,169.511002,8,600,58,3,e00fce6876826e255108c6bd,2025-06-19 13:00:02,2025-06-19 13:00:02,2025-06-19 13:00:02,2025-06-19
793,OwD70R1w7f,MOOSPMv3Parser,1750338600,3,3,3,5,5,3,3,6,6,3,598,183,166904,34,25,5,25,25,0,0,25,0,21,20,45,48,13.639,396,1,36.138973,-120.368202,183.722,7,600,58,3,e00fce6876826e255108c6bd,2025-06-19 13:10:02,2025-06-19 13:10:02,2025-06-19 13:10:02,2025-06-19
803,mmqg0KoVzm,MOOSPMv3Parser,1750339200,3,3,3,5,5,3,3,5,5,3,617,188,166926,33,25,3,25,25,0,0,25,0,21,20,45,49,13.352,391,1,36.139004,-120.368484,161.681,10,600,58,3,e00fce6876826e255108c6bd,2025-06-19 13:20:02,2025-06-19 13:20:02,2025-06-19 13:20:02,2025-06-19
814,Ff90h6nUJZ,MOOSPMv3Parser,1750339800,3,3,3,5,5,4,4,6,6,4,640,196,166949,34,27,5,27,27,0,0,27,0,21,20,45,48,12.765,406,1,36.13903,-120.368347,173.992004,7,600,58,3,e00fce6876826e255108c6bd,2025-06-19 13:30:02,2025-06-19 13:30:02,2025-06-19 13:30:02,2025-06-19
823,vWEhIP29Zl,MOOSPMv3Parser,1750340400,3,3,4,5,5,4,4,6,6,4,655,201,166974,37,28,5,28,28,0,0,28,0,22,20,46,50,12.369,414,1,36.13903,-120.368347,173.990005,0,600,58,3,e00fce6876826e255108c6bd,2025-06-19 13:40:02,2025-06-19 13:40:02,2025-06-19 13:40:02,2025-06-19
833,stpzpKTBo8,MOOSPMv3Parser,1750341000,3,3,4,5,5,4,4,6,6,4,682,208,166998,36,28,4,28,28,0,0,28,1,23,21,44,51,11.955,414,1,36.139004,-120.368317,182.634995,8,600,58,3,e00fce6876826e255108c6bd,2025-06-19 13:50:02,2025-06-19 13:50:02,2025-06-19 13:50:02,2025-06-19
843,lSlr95jlhh,MOOSPMv3Parser,1750341600,3,3,4,5,5,4,4,6,6,4,655,201,167022,36,28,3,28,29,0,0,29,1,25,21,41,50,11.542,412,1,36.138988,-120.368385,175.307007,7,600,58,3,e00fce6876826e255108c6bd,2025-06-19 14:00:02,2025-06-19 14:00:02,2025-06-19 14:00:02,2025-06-19
854,CFrNmHwzOj,MOOSPMv3Parser,1750342200,2,2,3,4,4,3,3,5,5,3,546,166,167043,29,24,4,24,24,0,0,24,0,27,22,36,48,12.056,384,1,36.139023,-120.368355,168.203003,6,600,58,3,e00fce6876826e255108c6bd,2025-06-19 14:10:02,2025-06-19 14:10:02,2025-06-19 14:10:02,2025-06-19
862,Gy6eDCoeIz,MOOSPMv3Parser,1750342800,2,2,3,3,3,3,3,4,4,3,522,159,167061,31,21,3,22,22,0,0,22,0,28,23,33,43,14.988,275,1,36.139027,-120.368355,180.214996,6,600,58,3,e00fce6876826e255108c6bd,2025-06-19 14:20:02,2025-06-19 14:20:02,2025-06-19 14:20:02,2025-06-19
873,TFzok4UZat,MOOSPMv3Parser,1750343400,2,2,3,3,3,3,3,4,4,3,471,144,167078,26,20,3,20,20,0,0,20,0,29,24,30,40,16.996,156,1,36.139076,-120.36834,171.115005,6,600,58,3,e00fce6876826e255108c6bd,2025-06-19 14:30:02,2025-06-19 14:30:02,2025-06-19 14:30:02,2025-06-19
883,sHMjR6dZbV,MOOSPMv3Parser,1750344000,2,2,2,3,3,3,3,3,3,3,479,144,167094,25,19,2,19,19,0,0,19,0,30,25,27,37,18.072,96,2,36.139004,-120.3685,161.207993,8,600,58,3,e00fce6876826e255108c6bd,2025-06-19 14:40:02,2025-06-19 14:40:02,2025-06-19 14:40:02,2025-06-19
894,4b6mlmBKBG,MOOSPMv3Parser,1750344600,2,2,3,3,3,3,3,4,4,3,521,159,167111,28,21,3,21,21,0,0,21,0,31,26,27,36,18.844,81,3,36.139004,-120.368301,186.641006,6,600,58,3,e00fce6876826e255108c6bd,2025-06-19 14:50:02,2025-06-19 14:50:02,2025-06-19 14:50:02,2025-06-19
903,KnaMjwygJN,MOOSPMv3Parser,1750345200,1,1,2,3,3,2,3,3,3,3,472,145,167127,24,19,3,19,19,0,0,19,0,32,28,26,33,18.243,80,3,36.139046,-120.368408,189.115997,5,600,58,3,e00fce6876826e255108c6bd,2025-06-19 15:00:02,2025-06-19 15:00:02,2025-06-19 15:00:02,2025-06-19
914,OVNHy28vC3,MOOSPMv3Parser,1750345800,2,2,2,3,3,2,2,3,3,2,470,144,167143,25,18,2,18,18,0,0,18,0,33,31,24,29,18.523,74,3,36.139,-120.368263,182.087997,7,600,58,3,e00fce6876826e255108c6bd,2025-06-19 15:10:02,2025-06-19 15:10:02,2025-06-19 15:10:02,2025-06-19
924,KNpKTE59Vl,MOOSPMv3Parser,1750346400,2,2,2,3,3,2,2,3,3,2,482,146,167159,25,18,2,18,18,0,0,18,0,33,32,23,26,19.38,65,3,36.139053,-120.368286,166.210999,6,600,58,3,e00fce6876826e255108c6bd,2025-06-19 15:20:02,2025-06-19 15:20:02,2025-06-19 15:20:02,2025-06-19
934,UA3prhZQXB,MOOSPMv3Parser,1750347000,1,1,2,3,3,2,2,3,3,2,457,139,167175,23,18,2,18,18,0,0,18,0,34,33,24,27,19.898,71,3,36.139053,-120.368286,166.212006,0,600,58,3,e00fce6876826e255108c6bd,2025-06-19 15:30:02,2025-06-19 15:30:02,2025-06-19 15:30:02,2025-06-19
944,eHflPaHFNy,MOOSPMv3Parser,1750347600,1,1,70,3,3,74,74,3,3,74,476,146,167653,23,549,2,551,551,0,0,551,0,34,35,24,25,20.196,67,3,36.138985,-120.368431,171.567001,12,600,58,3,e00fce6876826e255108c6bd,2025-06-19 15:40:02,2025-06-19 15:40:02,2025-06-19 15:40:02,2025-06-19
954,dpMJXwnzfV,MOOSPMv3Parser,1750348200,2,2,30,3,3,31,31,3,3,31,472,143,167855,24,231,2,232,232,0,0,232,0,35,36,23,24,19.716,80,2,36.139065,-120.368401,156.675995,8,600,58,3,e00fce6876826e255108c6bd,2025-06-19 15:50:02,2025-06-19 15:50:02,2025-06-19 15:50:02,2025-06-19
964,D1wEQ5FcEg,MOOSPMv3Parser,1750348800,2,2,73,3,3,77,77,4,4,77,510,152,168355,26,574,2,577,577,0,0,577,0,35,37,23,23,19.854,88,2,36.139099,-120.368378,174.681,6,600,58,3,e00fce6876826e255108c6bd,2025-06-19 16:00:02,2025-06-19 16:00:02,2025-06-19 16:00:02,2025-06-19
974,TaVnAHFExi,MOOSPMv3Parser,1750349400,2,2,222,3,3,236,240,4,4,241,508,156,169855,29,1729,2,1740,1741,0,0,1741,0,35,38,24,23,19.385,99,2,36.139095,-120.368134,191.949005,5,600,58,3,e00fce6876826e255108c6bd,2025-06-19 16:10:02,2025-06-19 16:10:02,2025-06-19 16:10:02,2025-06-19
983,M69pDby3cx,MOOSPMv3Parser,1750350000,2,2,453,3,3,1112,1642,3,3,1903,516,155,171498,23,2920,2,3559,3691,0,0,3721,1,36,39,22,22,18.844,111,1,36.139088,-120.368317,170.248993,9,600,58,3,e00fce6876826e255108c6bd,2025-06-19 16:20:02,2025-06-19 16:20:02,2025-06-19 16:20:02,2025-06-19
994,uvC1TjQbL4,MOOSPMv3Parser,1750350600,2,2,391,3,3,937,1376,3,3,1592,505,151,173006,24,2541,1,3070,3180,0,0,3204,1,37,40,23,22,20.207,101,1,36.139061,-120.36834,172.867996,9,600,58,3,e00fce6876826e255108c6bd,2025-06-19 16:30:02,2025-06-19 16:30:02,2025-06-19 16:30:02,2025-06-19
1004,HotcWNfxec,MOOSPMv3Parser,1750351200,2,2,193,3,3,911,1501,3,3,1791,484,143,173011,23,814,2,1515,1662,0,0,1695,1,38,41,21,21,19.506,115,1,36.13905,-120.368355,179.395996,8,600,58,3,e00fce6876826e255108c6bd,2025-06-19 16:40:02,2025-06-19 16:40:02,2025-06-19 16:40:02,2025-06-19
1014,NHEoJSfe3J,MOOSPMv3Parser,1750351800,2,2,188,3,3,1001,1671,3,3,2000,490,147,173011,22,684,2,1478,1646,0,0,1683,1,38,42,21,20,20.631,111,1,36.139076,-120.368378,180.171005,9,600,58,3,e00fce6876826e255108c6bd,2025-06-19 16:50:02,2025-06-19 16:50:02,2025-06-19 16:50:02,2025-06-19
1023,butbnWx5Gx,MOOSPMv3Parser,1750352400,2,2,177,3,3,994,1668,3,3,1999,505,151,173011,23,590,2,1388,1556,0,0,1594,1,38,43,21,20,22.864,91,1,36.139019,-120.368355,176.240997,9,600,58,3,e00fce6876826e255108c6bd,2025-06-19 17:00:02,2025-06-19 17:00:02,2025-06-19 17:00:02,2025-06-19
1034,9Cnu8q81hB,MOOSPMv3Parser,1750353000,2,2,129,3,3,844,1435,3,3,1725,507,151,173011,24,317,2,1016,1163,0,0,1196,2,38,43,20,19,23.292,95,1,36.139027,-120.368431,154.763,7,600,58,3,e00fce6876826e255108c6bd,2025-06-19 17:10:02,2025-06-19 17:10:02,2025-06-19 17:10:02,2025-06-19
1044,sdLO6DF0Y9,MOOSPMv3Parser,1750353600,2,2,141,3,3,542,871,3,3,1033,498,147,173481,22,719,2,1109,1191,0,0,1209,1,39,44,18,17,22.627,103,1,36.139027,-120.368431,154.759995,0,600,58,3,e00fce6876826e255108c6bd,2025-06-19 17:20:02,2025-06-19 17:20:02,2025-06-19 17:20:02,2025-06-19
1054,tgpOJ4qqSb,MOOSPMv3Parser,1750354200,1,1,2,3,3,2,2,3,3,2,475,141,173498,20,18,1,18,18,0,0,18,0,39,44,18,17,23.916,102,1,36.139053,-120.368462,171.113007,7,600,58,3,e00fce6876826e255108c6bd,2025-06-19 17:30:02,2025-06-19 17:30:02,2025-06-19 17:30:02,2025-06-19
1064,fsvrHThK1f,MOOSPMv3Parser,1750354800,2,2,2,3,3,2,2,3,3,2,483,139,173512,23,15,2,15,15,0,0,15,0,39,44,18,17,25.213,90,1,36.138985,-120.368324,177.425003,8,600,58,3,e00fce6876826e255108c6bd,2025-06-19 17:40:02,2025-06-19 17:40:02,2025-06-19 17:40:02,2025-06-19
1075,zTSvuXcJmo,MOOSPMv3Parser,1750355400,2,2,2,3,3,2,2,3,3,2,461,136,173527,22,16,2,16,16,0,0,16,0,39,44,18,17,25.441,87,1,36.139091,-120.368637,165.438004,8,600,58,3,e00fce6876826e255108c6bd,2025-06-19 17:50:02,2025-06-19 17:50:02,2025-06-19 17:50:02,2025-06-19
1084,iMZogUFMJL,MOOSPMv3Parser,1750356000,2,2,2,3,3,2,2,3,3,2,467,137,173542,24,16,2,16,16,0,0,16,0,39,44,18,17,25.499,92,1,36.139091,-120.368446,162.294006,7,600,58,3,e00fce6876826e255108c6bd,2025-06-19 18:00:02,2025-06-19 18:00:02,2025-06-19 18:00:02,2025-06-19
1094,eujihVDWSg,MOOSPMv3Parser,1750356600,2,2,2,3,3,2,2,3,3,2,489,145,173557,23,17,2,17,17,0,0,17,0,39,44,18,17,25.461,103,1,36.139057,-120.368378,165.875,5,600,58,3,e00fce6876826e255108c6bd,2025-06-19 18:10:02,2025-06-19 18:10:02,2025-06-19 18:10:02,2025-06-19
1104,lQMXN6XQOY,MOOSPMv3Parser,1750357200,2,2,2,3,3,2,2,3,3,2,491,144,173571,22,15,2,15,15,0,0,15,0,40,44,18,17,25.451,97,1,36.139057,-120.3685,181.501999,6,600,58,3,e00fce6876826e255108c6bd,2025-06-19 18:20:02,2025-06-19 18:20:02,2025-06-19 18:20:02,2025-06-19
1115,Js1UwDTbws,MOOSPMv3Parser,1750357800,2,2,2,3,3,2,2,3,3,2,503,149,173586,22,16,2,16,16,0,0,16,0,40,45,19,17,25.617,100,1,36.139053,-120.368286,182.100998,7,600,58,3,e00fce6876826e255108c6bd,2025-06-19 18:30:02,2025-06-19 18:30:02,2025-06-19 18:30:02,2025-06-19
1125,UDeYmHsgnf,MOOSPMv3Parser,1750358400,2,2,2,3,3,2,2,3,3,2,521,153,173601,23,16,2,16,16,0,0,16,0,40,45,18,17,24.801,99,1,36.139084,-120.368225,187.440002,6,600,58,3,e00fce6876826e255108c6bd,2025-06-19 18:40:02,2025-06-19 18:40:02,2025-06-19 18:40:02,2025-06-19
1136,s4TQUSeVHn,MOOSPMv3Parser,1750359000,2,2,2,3,3,2,2,4,4,2,550,158,173617,27,17,3,17,17,0,0,17,0,41,46,18,18,22.679,135,1,36.138969,-120.368233,136.955994,6,600,58,3,e00fce6876826e255108c6bd,2025-06-19 18:50:02,2025-06-19 18:50:03,2025-06-19 18:50:03,2025-06-19
1145,iHChQjV1xW,MOOSPMv3Parser,1750359600,2,2,2,3,3,2,2,3,3,2,524,154,173630,25,15,3,15,15,0,0,15,0,42,46,17,17,22.285,152,1,36.138996,-120.368172,194.421997,5,600,58,3,e00fce6876826e255108c6bd,2025-06-19 19:00:02,2025-06-19 19:00:03,2025-06-19 19:00:03,2025-06-19
1156,EJSCUpK8vf,MOOSPMv3Parser,1750360200,2,2,2,3,3,2,2,3,3,2,535,156,173645,24,15,2,16,16,0,0,16,0,42,46,16,16,23.146,159,1,36.138996,-120.368172,194.421005,0,600,58,3,e00fce6876826e255108c6bd,2025-06-19 19:10:02,2025-06-19 19:10:03,2025-06-19 19:10:03,2025-06-19
1165,EVe9sos7AD,MOOSPMv3Parser,1750360800,2,2,2,3,3,2,2,3,3,2,536,158,173659,22,15,2,15,15,0,0,15,0,42,47,16,16,22.883,168,1,36.139019,-120.368538,171.514999,6,600,58,3,e00fce6876826e255108c6bd,2025-06-19 19:20:02,2025-06-19 19:20:02,2025-06-19 19:20:02,2025-06-19
1175,tmFFWmh6yF,MOOSPMv3Parser,1750361400,2,2,2,3,3,2,2,4,4,2,574,166,173673,27,15,2,15,15,0,0,15,0,42,47,16,16,24.383,164,1,36.138924,-120.368309,158.835007,8,600,58,3,e00fce6876826e255108c6bd,2025-06-19 19:30:02,2025-06-19 19:30:02,2025-06-19 19:30:02,2025-06-19
1186,hsLJtlzQD3,MOOSPMv3Parser,1750362000,2,2,2,3,3,2,2,3,3,2,541,153,173689,23,16,2,16,16,0,0,16,0,42,47,17,17,24.261,147,1,36.13892,-120.368225,172.324997,7,600,58,3,e00fce6876826e255108c6bd,2025-06-19 19:40:02,2025-06-19 19:40:03,2025-06-19 19:40:03,2025-06-19
1196,uR6Vy8fCEW,MOOSPMv3Parser,1750362600,2,2,2,4,4,2,2,4,4,2,602,174,173704,31,15,3,16,16,0,0,16,0,43,47,16,16,22.527,180,1,36.13905,-120.368309,167.626007,7,600,58,3,e00fce6876826e255108c6bd,2025-06-19 19:50:02,2025-06-19 19:50:02,2025-06-19 19:50:02,2025-06-19
1205,BcoDyKhPfg,MOOSPMv3Parser,1750363200,2,2,2,3,3,2,2,4,4,2,608,174,173719,26,17,2,17,17,0,0,17,0,43,47,16,16,23.111,186,1,36.139011,-120.368401,175.085007,7,600,58,3,e00fce6876826e255108c6bd,2025-06-19 20:00:02,2025-06-19 20:00:03,2025-06-19 20:00:03,2025-06-19
1216,j1icVxMRj0,MOOSPMv3Parser,1750363800,2,2,2,4,4,2,2,4,4,2,617,179,173735,24,17,2,17,17,0,0,17,0,43,47,17,17,24.082,186,1,36.138981,-120.368347,182.272003,7,600,58,3,e00fce6876826e255108c6bd,2025-06-19 20:10:02,2025-06-19 20:10:02,2025-06-19 20:10:02,2025-06-19
1225,Pj2zAg6rJZ,MOOSPMv3Parser,1750364400,3,3,2,4,4,2,2,4,4,2,647,189,173751,27,17,2,17,17,0,0,17,0,44,47,15,15,22.094,220,1,36.139027,-120.368401,162.113998,7,600,58,3,e00fce6876826e255108c6bd,2025-06-19 20:20:02,2025-06-19 20:20:02,2025-06-19 20:20:02,2025-06-19
1235,BjV6bqgfIV,MOOSPMv3Parser,1750365000,2,2,2,4,4,2,2,4,4,2,641,181,173767,26,17,2,17,17,0,0,17,0,44,47,15,15,23.875,200,1,36.139004,-120.368423,177.852997,7,600,58,3,e00fce6876826e255108c6bd,2025-06-19 20:30:02,2025-06-19 20:30:02,2025-06-19 20:30:02,2025-06-19
1245,v5jQD4jz39,MOOSPMv3Parser,1750365600,2,2,2,3,3,2,2,4,4,2,605,171,173783,25,18,2,18,18,0,0,18,0,43,47,16,16,24.237,186,1,36.139023,-120.368332,181.048004,7,600,58,3,e00fce6876826e255108c6bd,2025-06-19 20:40:02,2025-06-19 20:40:02,2025-06-19 20:40:02,2025-06-19
1256,yctN8zsztz,MOOSPMv3Parser,1750366200,2,2,2,4,4,2,2,4,4,2,614,176,173799,27,17,3,17,17,0,0,17,0,44,48,15,16,23.224,187,1,36.139091,-120.368317,176.347,7,600,58,3,e00fce6876826e255108c6bd,2025-06-19 20:50:02,2025-06-19 20:50:02,2025-06-19 20:50:02,2025-06-19
1264,ixAIP6NJQ5,MOOSPMv3Parser,1750366800,2,2,2,3,3,2,2,4,4,2,615,174,173815,23,17,2,17,17,0,0,17,0,44,48,14,15,23.392,212,1,36.139091,-120.368317,176.350006,0,600,58,3,e00fce6876826e255108c6bd,2025-06-19 21:00:02,2025-06-19 21:00:03,2025-06-19 21:00:03,2025-06-19
1275,MK0M3BThkT,MOOSPMv3Parser,1750367400,2,2,2,3,3,2,2,3,3,2,594,167,173830,23,17,1,17,17,0,0,17,0,44,48,14,14,24.568,186,1,36.139027,-120.368347,169.561996,9,600,58,3,e00fce6876826e255108c6bd,2025-06-19 21:10:02,2025-06-19 21:10:02,2025-06-19 21:10:02,2025-06-19
1285,jwHgfeWNny,MOOSPMv3Parser,1750368000,2,2,2,3,3,2,2,4,4,2,580,162,173846,26,17,2,17,17,0,0,17,0,43,48,14,14,25.112,159,1,36.139019,-120.368324,188.496002,8,600,58,3,e00fce6876826e255108c6bd,2025-06-19 21:20:02,2025-06-19 21:20:02,2025-06-19 21:20:02,2025-06-19
1296,DmsfHigjQ1,MOOSPMv3Parser,1750368600,2,2,2,3,3,2,2,4,4,2,587,165,173862,25,16,2,16,16,0,0,16,0,43,48,14,15,25.121,157,1,36.139046,-120.36834,168.136993,7,600,58,3,e00fce6876826e255108c6bd,2025-06-19 21:30:02,2025-06-19 21:30:03,2025-06-19 21:30:03,2025-06-19
1310,1QE1eugZzx,MOOSPMv3Parser,1750369200,2,2,2,3,3,2,2,4,4,2,520,145,173878,26,17,2,17,18,0,0,18,0,43,48,9,10,171.61,131,1,36.139072,-120.368362,170.591003,9,600,58,3,e00fce6876826e255108c6bd,2025-06-19 21:40:07,2025-06-19 21:40:08,2025-06-19 21:40:08,2025-06-19
1316,E1oPb3l8qK,MOOSPMv3Parser,1750369800,1,1,2,3,3,2,2,3,3,2,457,128,173894,25,18,2,18,18,0,0,18,0,44,47,9,10,514.13,78,1,36.139038,-120.368446,173.412003,7,600,58,3,e00fce6876826e255108c6bd,2025-06-19 21:50:03,2025-06-19 21:50:03,2025-06-19 21:50:03,2025-06-19
1331,Z27YiqH1cz,MOOSPMv3Parser,1750370400,1,1,2,3,3,2,2,3,3,2,458,129,173909,25,17,2,17,17,0,0,17,0,44,47,11,11,514.074,66,1,36.139076,-120.368248,193.050003,7,600,58,3,e00fce6876826e255108c6bd,2025-06-19 22:00:19,2025-06-19 22:00:19,2025-06-19 22:00:19,2025-06-19
1337,Q6zS8M6ERf,MOOSPMv3Parser,1750371000,1,1,2,2,2,2,2,3,3,2,500,140,173925,22,17,1,17,17,0,0,17,0,44,47,10,11,444.492,89,1,36.139065,-120.368469,139.875,5,600,58,3,e00fce6876826e255108c6bd,2025-06-19 22:10:03,2025-06-19 22:10:03,2025-06-19 22:10:03,2025-06-19
1350,0aP1yOBOCJ,MOOSPMv3Parser,1750371600,1,1,2,2,2,2,2,3,3,2,442,123,173940,24,16,2,16,16,0,0,16,0,45,47,9,10,430.756,88,1,36.139057,-120.368446,135.572006,5,600,58,3,e00fce6876826e255108c6bd,2025-06-19 22:20:06,2025-06-19 22:20:06,2025-06-19 22:20:06,2025-06-19
1356,CRtvsys1b3,MOOSPMv3Parser,1750372200,1,1,2,3,3,2,2,3,3,2,439,124,173955,24,16,2,16,16,0,0,16,0,45,47,10,11,361.073,80,1,36.13905,-120.368431,161.673004,6,600,58,3,e00fce6876826e255108c6bd,2025-06-19 22:30:02,2025-06-19 22:30:03,2025-06-19 22:30:03,2025-06-19
1366,W8RcjkOIhU,MOOSPMv3Parser,1750372800,2,2,2,3,3,2,2,3,3,2,539,151,173970,25,18,2,18,18,0,0,18,0,46,48,10,11,109.245,94,1,36.13903,-120.368294,173.850998,5,600,58,3,e00fce6876826e255108c6bd,2025-06-19 22:40:03,2025-06-19 22:40:03,2025-06-19 22:40:03,2025-06-19
1375,uTeib2CGFp,MOOSPMv3Parser,1750373400,2,2,3,4,4,3,3,4,4,3,645,180,173987,29,20,1,20,20,0,0,20,0,45,47,11,12,509.428,78,1,36.13903,-120.368294,173.856003,0,600,58,3,e00fce6876826e255108c6bd,2025-06-19 22:50:02,2025-06-19 22:50:03,2025-06-19 22:50:03,2025-06-19
1385,TqLUOhizmd,MOOSPMv3Parser,1750374000,2,2,3,4,4,3,3,4,4,3,662,183,174003,29,20,2,20,20,0,0,20,0,45,47,10,11,412.432,83,1,36.139011,-120.368355,174.098007,5,600,58,3,e00fce6876826e255108c6bd,2025-06-19 23:00:02,2025-06-19 23:00:03,2025-06-19 23:00:03,2025-06-19
1396,v1AJRNe0gE,MOOSPMv3Parser,1750374600,2,2,3,4,4,3,3,4,4,3,623,178,174020,32,21,2,21,21,0,0,21,0,45,47,10,11,514.323,64,1,36.139038,-120.36837,178.804993,7,600,58,3,e00fce6876826e255108c6bd,2025-06-19 23:10:02,2025-06-19 23:10:03,2025-06-19 23:10:03,2025-06-19
1404,5yIQBkYCGl,MOOSPMv3Parser,1750375200,2,2,3,4,4,3,3,5,5,3,607,177,174038,32,21,2,21,21,0,0,21,0,44,47,9,11,514.435,60,1,36.139084,-120.368233,189.399002,5,600,58,3,e00fce6876826e255108c6bd,2025-06-19 23:20:02,2025-06-19 23:20:02,2025-06-19 23:20:02,2025-06-19
1415,Smtcc7754l,MOOSPMv3Parser,1750375800,1,1,2,3,3,2,2,3,3,2,465,133,174054,24,18,2,18,18,0,0,18,0,45,46,10,11,387.637,77,1,36.13903,-120.368317,176.576996,6,600,58,3,e00fce6876826e255108c6bd,2025-06-19 23:30:03,2025-06-19 23:30:03,2025-06-19 23:30:03,2025-06-19
1426,yn8GC0FQ0e,MOOSPMv3Parser,1750376400,1,1,2,2,2,3,3,3,3,3,405,116,174071,24,19,1,19,19,0,0,19,0,45,46,8,10,436.552,58,1,36.139004,-120.368309,179.710007,6,600,58,3,e00fce6876826e255108c6bd,2025-06-19 23:40:03,2025-06-19 23:40:03,2025-06-19 23:40:03,2025-06-19
1437,yzaEVbSKwG,MOOSPMv3Parser,1750377000,1,1,2,3,3,3,3,3,3,3,432,123,174088,26,19,2,19,19,0,0,19,0,44,45,7,9,514.516,37,1,36.139011,-120.368263,177.013,7,600,58,3,e00fce6876826e255108c6bd,2025-06-19 23:50:03,2025-06-19 23:50:03,2025-06-19 23:50:03,2025-06-19
5,k05B1H0urX,MOOSPMv3Parser,1750377600,1,1,2,2,2,3,3,3,3,3,397,119,174104,26,19,2,19,19,0,0,19,0,43,44,7,9,514.484,24,1,36.138966,-120.3685,154.682999,7,600,58,3,e00fce6876826e255108c6bd,2025-06-20 00:00:03,2025-06-20 00:00:03,2025-06-20 00:00:03,2025-06-20
16,tZbWOHxFMS,MOOSPMv3Parser,1750378200,1,1,2,2,2,2,2,3,3,2,334,98,174119,22,16,2,16,16,0,0,16,0,43,43,7,8,514.725,17,1,36.13895,-120.368301,160.988007,6,600,58,3,e00fce6876826e255108c6bd,2025-06-20 00:10:03,2025-06-20 00:10:03,2025-06-20 00:10:03,2025-06-20
26,qkvnaIJ07j,MOOSPMv3Parser,1750378800,1,1,2,2,2,2,2,2,2,2,364,108,174133,21,16,1,16,16,0,0,16,0,42,43,8,9,514.68,13,1,36.138988,-120.368294,180.229996,5,600,58,3,e00fce6876826e255108c6bd,2025-06-20 00:20:03,2025-06-20 00:20:03,2025-06-20 00:20:03,2025-06-20
34,xcGP6eangN,MOOSPMv3Parser,1750379400,1,1,2,2,2,2,2,2,2,2,353,107,174149,23,17,1,17,17,0,0,17,0,42,42,8,10,514.803,16,1,36.138988,-120.368294,180.229996,0,600,58,3,e00fce6876826e255108c6bd,2025-06-20 00:30:03,2025-06-20 00:30:03,2025-06-20 00:30:03,2025-06-20
50,cCFxz2yxF5,MOOSPMv3Parser,1750380000,1,1,2,2,2,2,2,3,3,2,354,109,174165,23,17,2,17,17,0,0,17,0,42,41,9,10,514.885,18,1,36.139034,-120.36834,174.906998,12,600,58,3,e00fce6876826e255108c6bd,2025-06-20 00:40:40,2025-06-20 00:40:40,2025-06-20 00:40:40,2025-06-20
55,xs4YqlWaSA,MOOSPMv3Parser,1750380600,1,1,2,3,3,2,2,3,3,2,378,114,174181,25,18,2,18,18,0,0,18,0,41,41,9,11,514.947,17,1,36.139061,-120.368179,195.569,9,600,58,3,e00fce6876826e255108c6bd,2025-06-20 00:50:02,2025-06-20 00:50:03,2025-06-20 00:50:03,2025-06-20
66,H6D4dKs2Cj,MOOSPMv3Parser,1750381200,1,1,2,2,2,2,2,3,3,2,368,112,174197,22,18,2,18,18,0,0,18,0,41,40,9,11,514.895,16,1,36.139069,-120.368324,182.253998,7,600,58,3,e00fce6876826e255108c6bd,2025-06-20 01:00:03,2025-06-20 01:00:04,2025-06-20 01:00:04,2025-06-20
74,iTVE2XVpu8,MOOSPMv3Parser,1750381800,1,1,2,2,2,2,2,3,3,2,335,100,174213,22,18,2,18,18,0,0,18,0,41,40,9,11,514.953,16,1,36.139027,-120.368393,181.223007,9,600,58,3,e00fce6876826e255108c6bd,2025-06-20 01:10:02,2025-06-20 01:10:03,2025-06-20 01:10:03,2025-06-20
85,Lvu4yvFeoX,MOOSPMv3Parser,1750382400,1,1,2,2,2,2,2,2,2,2,340,103,174229,23,18,2,18,18,0,0,18,0,40,39,10,12,514.904,14,1,36.139111,-120.368309,176.149002,7,600,58,3,e00fce6876826e255108c6bd,2025-06-20 01:20:02,2025-06-20 01:20:03,2025-06-20 01:20:03,2025-06-20
95,VLtFV23xUG,MOOSPMv3Parser,1750383000,1,1,2,2,2,2,2,2,2,2,317,95,174244,20,16,1,16,16,0,0,16,0,40,39,9,11,514.959,14,1,36.139122,-120.368355,194.662003,7,600,58,3,e00fce6876826e255108c6bd,2025-06-20 01:30:02,2025-06-20 01:30:03,2025-06-20 01:30:03,2025-06-20
105,PqDog7uZ6w,MOOSPMv3Parser,1750383600,1,1,2,2,2,2,2,2,2,2,330,100,174259,21,16,2,16,16,0,0,16,0,39,38,9,12,515.013,12,2,36.139034,-120.368439,165.852997,6,600,58,3,e00fce6876826e255108c6bd,2025-06-20 01:40:03,2025-06-20 01:40:03,2025-06-20 01:40:03,2025-06-20
116,FgmyRmCOuT,MOOSPMv3Parser,1750384200,1,1,2,2,2,2,2,2,2,2,350,106,174275,22,18,2,18,18,0,0,18,0,39,38,10,12,515.023,11,2,36.138981,-120.368355,176.615005,8,600,58,3,e00fce6876826e255108c6bd,2025-06-20 01:50:03,2025-06-20 01:50:04,2025-06-20 01:50:04,2025-06-20
126,b3B6lXBP8h,MOOSPMv3Parser,1750384800,1,1,2,3,3,2,2,3,3,2,389,119,174290,27,18,3,18,18,0,0,18,0,38,37,9,11,515.099,13,2,36.139034,-120.36837,174.014999,6,600,58,3,e00fce6876826e255108c6bd,2025-06-20 02:00:03,2025-06-20 02:00:03,2025-06-20 02:00:03,2025-06-20
135,uaGtzkQQ7K,MOOSPMv3Parser,1750385400,1,1,3,3,3,3,3,3,3,3,405,124,174309,26,21,2,22,22,0,0,22,0,37,36,10,12,515.146,9,2,36.139034,-120.36837,174.014999,0,600,58,3,e00fce6876826e255108c6bd,2025-06-20 02:10:02,2025-06-20 02:10:03,2025-06-20 02:10:03,2025-06-20
145,jFCiEQtazv,MOOSPMv3Parser,1750386000,1,1,2,2,2,3,3,3,3,3,384,119,174325,25,19,2,19,19,0,0,19,0,37,36,10,12,515.301,9,3,36.13876,-120.368584,149.139008,7,600,58,3,e00fce6876826e255108c6bd,2025-06-20 02:20:03,2025-06-20 02:20:03,2025-06-20 02:20:03,2025-06-20
155,XEeqYmTIn5,MOOSPMv3Parser,1750386600,1,1,3,3,3,3,3,3,3,3,395,120,174341,27,20,4,20,20,0,0,20,0,37,35,10,13,515.364,9,3,36.139034,-120.368401,184.807007,7,600,58,3,e00fce6876826e255108c6bd,2025-06-20 02:30:03,2025-06-20 02:30:03,2025-06-20 02:30:03,2025-06-20
164,zJWFTvFHX5,MOOSPMv3Parser,1750387200,1,1,3,3,3,3,3,3,3,3,404,125,174359,25,21,2,21,21,0,0,21,0,36,35,11,13,515.387,10,3,36.138985,-120.368408,174.108002,7,600,58,3,e00fce6876826e255108c6bd,2025-06-20 02:40:02,2025-06-20 02:40:03,2025-06-20 02:40:03,2025-06-20
175,FRaomce9T9,MOOSPMv3Parser,1750387800,1,1,3,2,2,3,3,3,3,3,383,118,174377,22,21,2,21,21,0,0,21,0,35,34,11,13,515.379,11,4,36.139038,-120.368431,170.201004,7,600,58,3,e00fce6876826e255108c6bd,2025-06-20 02:50:02,2025-06-20 02:50:03,2025-06-20 02:50:03,2025-06-20
189,hL6LAJlbk1,MOOSPMv3Parser,1750388400,1,1,3,3,3,3,3,3,3,3,403,123,174394,26,22,3,22,22,0,0,22,0,34,34,10,12,515.533,11,4,36.138981,-120.36837,151.136002,8,600,58,3,e00fce6876826e255108c6bd,2025-06-20 03:00:08,2025-06-20 03:00:08,2025-06-20 03:00:08,2025-06-20
200,adyjvUYXH6,MOOSPMv3Parser,1750389000,1,1,3,3,3,3,3,3,3,3,417,127,174412,27,21,3,22,22,0,0,22,0,34,33,10,13,515.5,10,5,36.138985,-120.368393,158.664001,6,600,58,3,e00fce6876826e255108c6bd,2025-06-20 03:10:18,2025-06-20 03:10:18,2025-06-20 03:10:18,2025-06-20
205,WInaC72XQh,MOOSPMv3Parser,1750389600,1,1,3,3,3,3,3,3,3,3,424,131,174431,29,22,2,22,22,0,0,22,0,33,32,12,15,499.264,11,5,36.138992,-120.368477,179.725006,6,600,58,3,e00fce6876826e255108c6bd,2025-06-20 03:20:03,2025-06-20 03:20:03,2025-06-20 03:20:03,2025-06-20
215,luk35EneUx,MOOSPMv3Parser,1750390200,1,1,3,3,3,3,3,3,3,3,410,128,174453,27,24,2,24,24,0,0,24,0,32,31,14,16,429.482,23,4,36.139053,-120.36837,161.195999,5,600,58,3,e00fce6876826e255108c6bd,2025-06-20 03:30:03,2025-06-20 03:30:03,2025-06-20 03:30:03,2025-06-20
226,QFuJNI7UCS,MOOSPMv3Parser,1750390800,1,1,3,3,3,3,3,4,4,3,426,132,174472,29,23,2,23,23,0,0,23,0,31,31,12,14,464.88,17,4,36.138985,-120.368431,175.742996,5,600,58,3,e00fce6876826e255108c6bd,2025-06-20 03:40:03,2025-06-20 03:40:03,2025-06-20 03:40:03,2025-06-20
235,gMwmchCMrg,MOOSPMv3Parser,1750391400,1,1,3,3,3,3,3,4,4,3,448,139,174493,31,24,3,24,24,0,0,24,0,31,30,13,16,515.662,11,6,36.138988,-120.368408,167.093994,7,600,58,3,e00fce6876826e255108c6bd,2025-06-20 03:50:03,2025-06-20 03:50:03,2025-06-20 03:50:03,2025-06-20
245,Cx8CcNEvbz,MOOSPMv3Parser,1750392000,1,1,3,3,3,3,3,4,4,3,422,129,174514,31,24,3,24,24,0,0,24,0,31,30,14,16,515.825,11,7,36.138988,-120.368408,167.095993,0,600,58,3,e00fce6876826e255108c6bd,2025-06-20 04:00:02,2025-06-20 04:00:03,2025-06-20 04:00:03,2025-06-20
256,TBeQAWKx6k,MOOSPMv3Parser,1750392600,1,1,3,2,2,3,3,3,3,3,397,123,174533,26,23,2,23,23,0,0,23,0,30,29,14,17,368.596,13,8,36.138927,-120.368324,171.507004,7,600,58,3,e00fce6876826e255108c6bd,2025-06-20 04:10:03,2025-06-20 04:10:03,2025-06-20 04:10:03,2025-06-20
265,5OffnOJ9sO,MOOSPMv3Parser,1750393200,1,1,3,3,3,3,3,3,3,3,394,121,174552,29,22,3,23,23,0,0,23,0,29,29,15,17,459.085,15,7,36.138966,-120.368332,167.585007,6,600,58,3,e00fce6876826e255108c6bd,2025-06-20 04:20:02,2025-06-20 04:20:03,2025-06-20 04:20:03,2025-06-20
274,Os3JGrPPFy,MOOSPMv3Parser,1750393800,1,1,3,3,3,3,3,3,3,3,385,119,174573,25,24,2,24,24,0,0,24,0,29,28,16,18,515.91,14,8,36.139065,-120.36853,163.313995,5,600,58,3,e00fce6876826e255108c6bd,2025-06-20 04:30:02,2025-06-20 04:30:03,2025-06-20 04:30:03,2025-06-20
285,YW9Sqk60yq,MOOSPMv3Parser,1750394400,1,1,3,3,3,3,3,4,4,3,404,125,174595,29,25,3,25,25,0,0,25,1,29,28,15,18,465.064,14,10,36.13905,-120.368584,178.770996,7,600,58,3,e00fce6876826e255108c6bd,2025-06-20 04:40:03,2025-06-20 04:40:03,2025-06-20 04:40:03,2025-06-20
295,SnQGjNOGq3,MOOSPMv3Parser,1750395000,2,2,4,3,3,4,4,4,4,4,444,137,174619,32,28,3,28,28,0,0,28,1,29,27,15,18,515.953,14,11,36.138969,-120.368286,167.709,5,600,58,3,e00fce6876826e255108c6bd,2025-06-20 04:50:02,2025-06-20 04:50:03,2025-06-20 04:50:03,2025-06-20
307,VpXXxtwByk,MOOSPMv3Parser,1750395600,1,1,3,3,3,4,4,4,4,4,430,133,174643,33,27,4,27,27,0,0,27,1,29,27,15,18,515.906,15,13,36.138981,-120.368362,196.151993,8,600,58,3,e00fce6876826e255108c6bd,2025-06-20 05:00:08,2025-06-20 05:00:08,2025-06-20 05:00:08,2025-06-20
320,xqBjgvVO3f,MOOSPMv3Parser,1750396200,1,1,4,3,3,4,4,4,4,4,431,133,174959,34,28,3,28,28,0,0,28,1,28,27,16,19,515.842,15,13,36.138958,-120.368416,169.343002,7,599,58,3,e00fce6876826e255108c6bd,2025-06-20 05:10:39,2025-06-20 05:10:40,2025-06-20 05:10:40,2025-06-20
324,w3BHENGURr,MOOSPMv3Parser,1750396800,1,1,3,3,3,3,3,3,3,3,384,119,174689,30,24,3,24,24,0,0,24,1,28,26,16,18,515.835,16,14,36.138885,-120.368454,214.093994,8,600,58,3,e00fce6876826e255108c6bd,2025-06-20 05:20:02,2025-06-20 05:20:02,2025-06-20 05:20:02,2025-06-20
335,u2dYZWH0Bh,MOOSPMv3Parser,1750397400,1,1,3,3,3,3,3,4,4,3,393,121,174707,30,22,2,22,22,0,0,22,1,27,26,16,19,515.895,17,16,36.139099,-120.36853,172.746002,3,600,58,3,e00fce6876826e255108c6bd,2025-06-20 05:30:02,2025-06-20 05:30:03,2025-06-20 05:30:03,2025-06-20
344,qveXDvDsnt,MOOSPMv3Parser,1750398000,1,1,3,3,3,3,3,3,3,3,367,115,174725,27,21,3,21,21,1,0,21,1,27,26,16,19,516.095,17,17,36.139084,-120.368317,172.255005,9,600,58,3,e00fce6876826e255108c6bd,2025-06-20 05:40:02,2025-06-20 05:40:02,2025-06-20 05:40:02,2025-06-20
353,F7BjmIvJBB,MOOSPMv3Parser,1750398600,1,1,3,2,2,3,3,3,3,3,365,114,174742,24,21,2,21,21,0,0,21,1,27,25,14,17,516.024,18,18,36.138973,-120.368431,175.981995,8,600,58,3,e00fce6876826e255108c6bd,2025-06-20 05:50:01,2025-06-20 05:50:02,2025-06-20 05:50:02,2025-06-20
363,dW8Sp65Jfi,MOOSPMv3Parser,1750399200,1,1,3,2,2,3,3,3,3,3,361,111,174760,26,21,3,21,21,0,0,21,1,26,25,16,19,516.19,19,19,36.139103,-120.368385,165.492996,9,600,58,3,e00fce6876826e255108c6bd,2025-06-20 06:00:02,2025-06-20 06:00:02,2025-06-20 06:00:02,2025-06-20
374,zhNUmNHSMU,MOOSPMv3Parser,1750399800,1,1,3,3,3,3,3,3,3,3,381,117,174777,25,21,2,22,22,0,0,22,0,26,24,15,18,516.222,19,19,36.139095,-120.368431,174.179993,6,600,58,3,e00fce6876826e255108c6bd,2025-06-20 06:10:02,2025-06-20 06:10:02,2025-06-20 06:10:02,2025-06-20
383,fo9hjszEjR,MOOSPMv3Parser,1750400400,1,1,3,2,2,3,3,3,3,3,373,114,174797,26,24,1,24,24,0,0,24,0,25,24,16,19,487.987,20,17,36.139015,-120.368286,182.292999,7,600,58,3,e00fce6876826e255108c6bd,2025-06-20 06:20:02,2025-06-20 06:20:02,2025-06-20 06:20:02,2025-06-20
392,y2NPeXtGEK,MOOSPMv3Parser,1750401000,1,1,3,3,3,3,3,4,4,3,384,119,174817,30,24,4,24,24,0,0,24,1,25,23,16,20,441.663,21,16,36.139027,-120.368301,165.223999,7,600,58,3,e00fce6876826e255108c6bd,2025-06-20 06:30:02,2025-06-20 06:30:02,2025-06-20 06:30:02,2025-06-20
403,1vGF6vXVfP,MOOSPMv3Parser,1750401600,1,1,4,3,3,4,4,4,4,4,444,138,174842,34,28,3,28,28,0,0,28,1,24,23,18,22,486.196,22,15,36.139103,-120.368401,185.75,6,600,58,3,e00fce6876826e255108c6bd,2025-06-20 06:40:02,2025-06-20 06:40:02,2025-06-20 06:40:02,2025-06-20
414,NFvK0zzOEZ,MOOSPMv3Parser,1750402200,1,1,3,2,2,3,3,3,3,3,330,102,174861,25,22,2,22,22,0,0,22,0,24,22,16,19,342.693,22,15,36.139023,-120.3685,166.056,7,600,58,3,e00fce6876826e255108c6bd,2025-06-20 06:50:02,2025-06-20 06:50:02,2025-06-20 06:50:02,2025-06-20
423,IiLKMZ3Xys,MOOSPMv3Parser,1750402800,1,1,3,2,2,3,3,3,3,3,360,110,174878,22,21,2,21,21,0,0,21,1,24,22,16,19,516.458,22,17,36.139038,-120.368462,173.643997,6,600,58,3,e00fce6876826e255108c6bd,2025-06-20 07:00:02,2025-06-20 07:00:02,2025-06-20 07:00:02,2025-06-20
433,FvA0dwNi1i,MOOSPMv3Parser,1750403400,1,1,3,2,2,3,3,3,3,3,346,105,174896,23,21,2,21,21,0,0,21,0,24,22,21,24,459.319,23,20,36.139038,-120.368462,173.645004,0,600,58,3,e00fce6876826e255108c6bd,2025-06-20 07:10:02,2025-06-20 07:10:02,2025-06-20 07:10:02,2025-06-20
443,J6HMFfiVqJ,MOOSPMv3Parser,1750404000,1,1,3,3,3,3,3,4,4,3,393,122,174915,25,22,3,22,22,0,0,22,0,23,22,18,22,30.659,25,17,36.139004,-120.368408,163.429993,6,600,58,3,e00fce6876826e255108c6bd,2025-06-20 07:20:02,2025-06-20 07:20:02,2025-06-20 07:20:02,2025-06-20
454,ZoRa9X7iaK,MOOSPMv3Parser,1750404600,1,1,3,3,3,3,3,4,4,3,385,119,174935,27,23,3,23,23,0,0,23,1,22,21,21,24,29.495,35,14,36.139004,-120.368347,167.492004,6,600,58,3,e00fce6876826e255108c6bd,2025-06-20 07:30:01,2025-06-20 07:30:02,2025-06-20 07:30:02,2025-06-20
463,tOOsImE3aj,MOOSPMv3Parser,1750405200,1,1,3,3,3,3,3,4,4,3,365,113,174953,26,22,3,22,22,0,0,22,1,21,21,21,24,27.331,43,9,36.138977,-120.367981,191.442001,5,600,58,3,e00fce6876826e255108c6bd,2025-06-20 07:40:02,2025-06-20 07:40:02,2025-06-20 07:40:02,2025-06-20
473,fDtvHL1wBJ,MOOSPMv3Parser,1750405800,1,1,3,3,3,3,3,3,3,3,371,114,174972,26,22,3,22,22,0,0,22,0,21,20,23,25,25.689,52,8,36.139023,-120.368431,175.481003,5,600,58,3,e00fce6876826e255108c6bd,2025-06-20 07:50:02,2025-06-20 07:50:02,2025-06-20 07:50:02,2025-06-20
483,ApTi8GlqDv,MOOSPMv3Parser,1750406400,1,1,3,3,3,3,3,4,4,3,388,119,174991,26,23,3,23,23,0,0,23,0,20,20,23,25,25.151,63,6,36.139015,-120.368416,176.104004,5,600,58,3,e00fce6876826e255108c6bd,2025-06-20 08:00:02,2025-06-20 08:00:02,2025-06-20 08:00:02,2025-06-20
494,sjXLKZB28s,MOOSPMv3Parser,1750407000,1,1,3,3,3,3,3,4,4,3,382,119,175010,28,23,3,23,23,0,0,23,1,20,20,22,25,25.458,73,5,36.139015,-120.368309,180.990997,7,600,58,3,e00fce6876826e255108c6bd,2025-06-20 08:10:02,2025-06-20 08:10:02,2025-06-20 08:10:02,2025-06-20
503,IDovUByqjf,MOOSPMv3Parser,1750407600,1,1,3,3,3,3,3,4,4,3,383,117,175032,26,24,3,24,24,0,0,24,1,20,19,21,24,28.33,49,5,36.139034,-120.368393,154.276001,6,600,58,3,e00fce6876826e255108c6bd,2025-06-20 08:20:02,2025-06-20 08:20:02,2025-06-20 08:20:02,2025-06-20
513,0tUHtbaQwT,MOOSPMv3Parser,1750408200,1,1,3,3,3,3,3,4,4,3,407,125,175050,25,22,3,22,22,0,0,22,1,21,19,20,23,29.357,36,7,36.138981,-120.368256,196.570007,7,600,58,3,e00fce6876826e255108c6bd,2025-06-20 08:30:02,2025-06-20 08:30:02,2025-06-20 08:30:02,2025-06-20
524,wMYm1uGljX,MOOSPMv3Parser,1750408800,1,1,3,3,3,3,3,3,3,3,384,118,175070,24,23,2,23,23,0,0,23,0,21,19,20,23,30.113,33,9,36.138981,-120.368256,196.567993,0,600,58,3,e00fce6876826e255108c6bd,2025-06-20 08:40:02,2025-06-20 08:40:02,2025-06-20 08:40:02,2025-06-20
534,42wzcTAUPw,MOOSPMv3Parser,1750409400,2,2,3,3,3,3,3,4,4,3,431,133,175087,25,21,2,21,21,0,0,21,0,20,19,19,22,30.353,31,10,36.13905,-120.368431,137.630997,6,600,58,3,e00fce6876826e255108c6bd,2025-06-20 08:50:02,2025-06-20 08:50:02,2025-06-20 08:50:02,2025-06-20
543,gKaUUr7f36,MOOSPMv3Parser,1750410000,2,2,3,3,3,3,3,4,4,3,412,127,175108,28,24,3,24,24,0,0,24,0,20,19,21,24,29.724,30,11,36.138912,-120.368156,214.621994,7,600,58,3,e00fce6876826e255108c6bd,2025-06-20 09:00:02,2025-06-20 09:00:02,2025-06-20 09:00:02,2025-06-20
553,0j7hgSJAgi,MOOSPMv3Parser,1750410600,1,1,3,3,3,3,3,3,3,3,379,116,175127,26,22,3,22,22,0,0,22,0,19,19,23,25,27.841,34,10,36.139008,-120.368286,176.203003,12,600,58,3,e00fce6876826e255108c6bd,2025-06-20 09:10:02,2025-06-20 09:10:02,2025-06-20 09:10:02,2025-06-20
564,CXR1AHkbuk,MOOSPMv3Parser,1750411200,1,1,3,3,3,3,3,4,4,3,382,118,175146,28,23,3,23,23,0,0,23,0,18,18,23,26,27.818,35,10,36.139153,-120.368431,163.677994,6,600,58,3,e00fce6876826e255108c6bd,2025-06-20 09:20:02,2025-06-20 09:20:02,2025-06-20 09:20:02,2025-06-20
574,pYhMK0mRV4,MOOSPMv3Parser,1750411800,1,1,3,3,3,3,3,3,3,3,379,120,175165,25,23,3,23,23,0,0,23,0,18,18,29,31,27.085,37,9,36.139072,-120.368332,170.414993,10,600,58,3,e00fce6876826e255108c6bd,2025-06-20 09:30:02,2025-06-20 09:30:02,2025-06-20 09:30:02,2025-06-20
583,LE5mdIyelm,MOOSPMv3Parser,1750412400,1,1,3,3,3,3,3,4,4,3,375,116,175184,27,23,4,23,23,0,0,23,1,17,17,23,25,26.75,47,8,36.138996,-120.368279,177.778,8,600,58,3,e00fce6876826e255108c6bd,2025-06-20 09:40:02,2025-06-20 09:40:02,2025-06-20 09:40:02,2025-06-20
593,nhyDpesvbK,MOOSPMv3Parser,1750413000,1,1,3,3,3,3,3,3,3,3,385,118,175205,29,24,2,24,24,0,0,24,1,17,17,25,27,28.069,41,7,36.138905,-120.368233,171.860001,6,600,58,3,e00fce6876826e255108c6bd,2025-06-20 09:50:02,2025-06-20 09:50:02,2025-06-20 09:50:02,2025-06-20
604,deKjTLIg1J,MOOSPMv3Parser,1750413600,1,1,3,3,3,3,3,4,4,3,379,118,175226,24,23,3,23,23,0,0,23,0,17,17,25,27,27.529,39,8,36.138966,-120.368324,164.309006,9,600,58,3,e00fce6876826e255108c6bd,2025-06-20 10:00:02,2025-06-20 10:00:02,2025-06-20 10:00:02,2025-06-20
614,KlqCrpgxlN,MOOSPMv3Parser,1750414200,1,1,3,3,3,3,3,4,4,3,402,124,175246,26,23,2,23,23,0,0,23,0,17,17,28,30,25.917,42,9,36.138988,-120.3685,164.675995,10,600,58,3,e00fce6876826e255108c6bd,2025-06-20 10:10:02,2025-06-20 10:10:02,2025-06-20 10:10:02,2025-06-20
623,twy4EvcfMT,MOOSPMv3Parser,1750414800,2,2,3,3,3,3,3,4,4,3,411,128,175266,27,23,3,23,23,0,0,23,0,17,16,27,28,24.071,73,6,36.138992,-120.368462,158.158005,8,600,58,3,e00fce6876826e255108c6bd,2025-06-20 10:20:02,2025-06-20 10:20:02,2025-06-20 10:20:02,2025-06-20
633,iy6JO5v8sv,MOOSPMv3Parser,1750415400,2,2,3,3,3,3,3,4,4,3,433,133,175287,29,24,4,24,24,0,0,24,0,17,16,28,31,24.344,73,5,36.138992,-120.368462,158.156006,0,600,58,3,e00fce6876826e255108c6bd,2025-06-20 10:30:02,2025-06-20 10:30:02,2025-06-20 10:30:02,2025-06-20
643,eWrs3miWOn,MOOSPMv3Parser,1750416000,1,1,3,3,3,3,3,4,4,3,393,123,175309,29,25,4,25,25,0,0,25,0,17,16,28,31,22.583,87,5,36.138996,-120.368393,174.044006,13,600,58,3,e00fce6876826e255108c6bd,2025-06-20 10:40:02,2025-06-20 10:40:02,2025-06-20 10:40:02,2025-06-20
654,U8XsbKE58D,MOOSPMv3Parser,1750416600,2,2,3,3,3,3,3,4,4,3,440,136,175331,29,25,4,25,25,0,0,25,1,16,16,33,37,20.444,134,3,36.139011,-120.368439,171.417007,6,600,58,3,e00fce6876826e255108c6bd,2025-06-20 10:50:02,2025-06-20 10:50:02,2025-06-20 10:50:02,2025-06-20
663,VhSrz6SMUn,MOOSPMv3Parser,1750417200,1,1,3,3,3,3,3,3,3,3,395,121,175351,25,24,2,24,24,0,0,24,1,16,16,25,28,21.94,134,2,36.139118,-120.368248,172.391006,7,600,58,3,e00fce6876826e255108c6bd,2025-06-20 11:00:02,2025-06-20 11:00:02,2025-06-20 11:00:02,2025-06-20
673,qOR4wmPEey,MOOSPMv3Parser,1750417800,1,1,3,3,3,3,3,4,4,3,393,122,175373,27,24,3,24,24,0,0,24,1,16,15,28,30,23.931,82,2,36.13905,-120.368179,182.856995,10,600,58,3,e00fce6876826e255108c6bd,2025-06-20 11:10:02,2025-06-20 11:10:02,2025-06-20 11:10:02,2025-06-20
684,tHTFXoHSMv,MOOSPMv3Parser,1750418400,2,2,3,4,4,3,3,4,4,3,432,134,175394,32,24,5,24,24,1,0,24,1,15,15,33,35,22.298,84,3,36.139065,-120.368279,159.296005,8,600,58,3,e00fce6876826e255108c6bd,2025-06-20 11:20:02,2025-06-20 11:20:02,2025-06-20 11:20:02,2025-06-20
694,p4Wl1kqwcY,MOOSPMv3Parser,1750419000,1,1,3,3,3,3,3,4,4,3,403,124,175417,26,25,3,25,25,0,0,25,0,15,15,31,33,21.785,95,3,36.139027,-120.368385,167.423996,10,600,58,3,e00fce6876826e255108c6bd,2025-06-20 11:30:02,2025-06-20 11:30:02,2025-06-20 11:30:02,2025-06-20
704,rBZXv0wxTj,MOOSPMv3Parser,1750419600,1,1,3,3,3,3,3,4,4,3,410,128,175438,28,24,3,24,24,0,0,24,0,15,15,32,33,22.512,88,3,36.138973,-120.368202,172.156998,7,600,58,3,e00fce6876826e255108c6bd,2025-06-20 11:40:02,2025-06-20 11:40:02,2025-06-20 11:40:02,2025-06-20
713,QST0RTfKim,MOOSPMv3Parser,1750420200,2,2,3,3,3,3,3,4,4,3,424,132,175459,31,24,4,25,25,0,0,25,0,15,15,36,38,22.877,96,3,36.139053,-120.36837,177.339005,7,600,58,3,e00fce6876826e255108c6bd,2025-06-20 11:50:02,2025-06-20 11:50:02,2025-06-20 11:50:02,2025-06-20
724,0bVfE9SKdY,MOOSPMv3Parser,1750420800,2,2,3,3,3,3,3,4,4,3,431,133,175481,29,25,3,25,25,0,0,25,0,15,14,35,37,21.541,119,3,36.139008,-120.36837,168.822998,7,600,58,3,e00fce6876826e255108c6bd,2025-06-20 12:00:02,2025-06-20 12:00:02,2025-06-20 12:00:02,2025-06-20
734,lDVf6s4aEN,MOOSPMv3Parser,1750421400,2,2,3,3,3,3,4,4,4,4,439,136,175504,28,26,3,26,26,0,0,26,0,15,14,34,36,21.436,134,2,36.139015,-120.368362,192.945007,7,600,58,3,e00fce6876826e255108c6bd,2025-06-20 12:10:02,2025-06-20 12:10:02,2025-06-20 12:10:02,2025-06-20
744,ksIzOqS1RV,MOOSPMv3Parser,1750422000,2,2,3,4,4,4,4,5,5,4,454,141,175527,30,26,3,27,27,0,0,27,1,15,14,39,41,21.005,146,2,36.139015,-120.368362,192.940002,0,600,58,3,e00fce6876826e255108c6bd,2025-06-20 12:20:02,2025-06-20 12:20:02,2025-06-20 12:20:02,2025-06-20
753,oH7uH71k8d,MOOSPMv3Parser,1750422600,2,2,3,4,4,3,4,4,4,4,468,146,175549,27,25,3,25,25,0,0,26,1,14,14,38,41,19.684,165,2,36.13908,-120.368347,154.033005,6,600,58,3,e00fce6876826e255108c6bd,2025-06-20 12:30:02,2025-06-20 12:30:02,2025-06-20 12:30:02,2025-06-20
763,Fkx0or1XQI,MOOSPMv3Parser,1750423200,2,2,3,4,4,4,4,5,5,4,459,142,175573,32,26,4,26,27,0,0,27,1,14,14,38,40,18.886,220,2,36.139027,-120.368355,169.865997,8,600,58,3,e00fce6876826e255108c6bd,2025-06-20 12:40:02,2025-06-20 12:40:02,2025-06-20 12:40:02,2025-06-20
775,vws9kaKAzb,MOOSPMv3Parser,1750423800,1,1,3,3,3,4,4,4,4,4,412,127,175596,28,26,3,26,26,0,0,26,1,14,14,38,40,20.152,186,1,36.13903,-120.368362,167.294998,10,600,58,3,e00fce6876826e255108c6bd,2025-06-20 12:50:02,2025-06-20 12:50:02,2025-06-20 12:50:02,2025-06-20
783,Lk60o8rlnh,MOOSPMv3Parser,1750424400,2,2,3,4,4,4,4,5,5,4,460,143,175620,32,26,4,26,26,0,0,26,1,14,13,37,39,20.218,169,1,36.138985,-120.368225,181.718002,9,600,58,3,e00fce6876826e255108c6bd,2025-06-20 13:00:02,2025-06-20 13:00:02,2025-06-20 13:00:02,2025-06-20
793,GTITDQoMZX,MOOSPMv3Parser,1750425000,2,2,3,4,4,4,4,5,5,4,460,143,175643,32,26,5,27,27,0,0,27,1,14,13,37,39,20.595,155,1,36.138996,-120.368477,162.438004,8,600,58,3,e00fce6876826e255108c6bd,2025-06-20 13:10:02,2025-06-20 13:10:02,2025-06-20 13:10:02,2025-06-20
803,nWYzjYz9FK,MOOSPMv3Parser,1750425600,2,2,3,4,4,4,4,5,5,4,485,150,175666,32,26,4,26,26,0,0,26,1,14,13,37,38,19.686,191,1,36.139057,-120.368355,179.466995,10,600,58,3,e00fce6876826e255108c6bd,2025-06-20 13:20:02,2025-06-20 13:20:02,2025-06-20 13:20:02,2025-06-20
812,fPIiWjk8fk,MOOSPMv3Parser,1750426200,2,2,4,4,4,4,4,5,5,4,494,153,175690,34,28,5,28,29,1,0,29,1,14,13,35,38,19.537,210,1,36.139103,-120.368385,154.865005,7,600,58,3,e00fce6876826e255108c6bd,2025-06-20 13:30:02,2025-06-20 13:30:02,2025-06-20 13:30:02,2025-06-20
824,pIDDaD84rI,MOOSPMv3Parser,1750426800,2,2,4,4,4,4,4,5,5,4,450,140,175714,32,28,5,28,28,0,0,28,1,15,13,31,36,21.214,147,1,36.139008,-120.368294,167.908005,5,600,58,3,e00fce6876826e255108c6bd,2025-06-20 13:40:02,2025-06-20 13:40:02,2025-06-20 13:40:02,2025-06-20
833,MIVFjoBvX5,MOOSPMv3Parser,1750427400,2,2,4,4,4,4,4,4,4,4,453,141,175739,30,29,3,30,30,0,0,30,1,16,14,32,36,20.986,126,2,36.139038,-120.368294,172.477997,7,600,58,3,e00fce6876826e255108c6bd,2025-06-20 13:50:02,2025-06-20 13:50:02,2025-06-20 13:50:02,2025-06-20
844,Kf7ZHD3Gni,MOOSPMv3Parser,1750428000,2,2,4,4,4,4,4,5,5,5,508,157,175764,33,30,4,31,31,0,0,31,1,18,15,30,38,20.145,156,2,36.138977,-120.368408,164.464005,6,600,58,3,e00fce6876826e255108c6bd,2025-06-20 14:00:02,2025-06-20 14:00:03,2025-06-20 14:00:03,2025-06-20
859,aVyJBIQdDq,MOOSPMv3Parser,1750428600,2,2,4,4,4,4,4,6,6,4,519,159,175789,36,30,6,30,30,0,0,30,1,19,15,26,34,22.834,81,2,36.138977,-120.368408,164.462006,0,600,58,3,e00fce6876826e255108c6bd,2025-06-20 14:10:08,2025-06-20 14:10:08,2025-06-20 14:10:08,2025-06-20
863,7HsGqku2sv,MOOSPMv3Parser,1750429200,2,2,3,4,4,4,4,5,5,4,453,140,175812,31,26,4,26,26,1,0,26,1,21,16,26,34,23.96,60,4,36.138966,-120.368622,172.516998,5,600,58,3,e00fce6876826e255108c6bd,2025-06-20 14:20:02,2025-06-20 14:20:02,2025-06-20 14:20:02,2025-06-20
872,aqlxCd48e3,MOOSPMv3Parser,1750429800,2,2,3,3,3,4,4,4,4,4,442,135,175836,29,26,4,27,27,0,0,27,1,22,17,25,34,24.421,49,5,36.139061,-120.368393,189.653,5,600,58,3,e00fce6876826e255108c6bd,2025-06-20 14:30:02,2025-06-20 14:30:02,2025-06-20 14:30:02,2025-06-20
882,U9SbHHKu7Y,MOOSPMv3Parser,1750430400,2,2,3,3,3,4,4,4,4,4,419,130,175858,29,25,5,26,26,0,0,26,1,23,18,22,29,26.763,36,6,36.139004,-120.368408,178.395004,6,600,58,3,e00fce6876826e255108c6bd,2025-06-20 14:40:02,2025-06-20 14:40:02,2025-06-20 14:40:02,2025-06-20
892,UcWgYpK97E,MOOSPMv3Parser,1750431000,2,2,3,3,3,3,3,4,4,3,417,130,175879,31,24,4,24,24,0,0,24,1,23,19,20,27,28.112,27,8,36.138996,-120.368385,173.623993,7,600,58,3,e00fce6876826e255108c6bd,2025-06-20 14:50:02,2025-06-20 14:50:02,2025-06-20 14:50:02,2025-06-20
910,04OcBaKM6m,MOOSPMv3Parser,1750431600,2,2,3,3,3,3,3,4,4,3,435,134,175900,30,24,2,24,24,0,0,25,0,24,21,21,26,27.193,24,10,36.138924,-120.368225,182.886002,9,600,58,3,e00fce6876826e255108c6bd,2025-06-20 15:00:17,2025-06-20 15:00:17,2025-06-20 15:00:17,2025-06-20
911,RkcitxzBy9,MOOSPMv3Parser,1750432200,1,1,3,3,3,3,4,4,4,4,446,137,175923,28,26,3,26,26,0,0,26,1,25,23,19,22,27.139,30,9,36.138977,-120.368385,166.160004,7,600,58,3,e00fce6876826e255108c6bd,2025-06-20 15:10:02,2025-06-20 15:10:02,2025-06-20 15:10:02,2025-06-20
927,prYFYyfYnZ,MOOSPMv3Parser,1750432800,2,2,3,4,4,3,3,4,4,3,479,147,175946,31,25,3,25,25,0,0,25,0,25,25,19,20,27.585,31,9,36.138977,-120.368385,166.164001,0,600,58,3,e00fce6876826e255108c6bd,2025-06-20 15:20:03,2025-06-20 15:20:03,2025-06-20 15:20:03,2025-06-20
937,wGB6icrKzI,MOOSPMv3Parser,1750433400,1,1,3,3,3,3,3,4,4,3,449,139,175969,26,26,3,26,26,0,0,26,0,26,26,18,20,27.15,33,8,36.138992,-120.368362,181.932999,7,600,58,3,e00fce6876826e255108c6bd,2025-06-20 15:30:03,2025-06-20 15:30:04,2025-06-20 15:30:04,2025-06-20
943,B3QGYOCfHM,MOOSPMv3Parser,1750434000,1,1,21,3,3,22,22,3,3,22,451,139,176112,31,164,3,165,165,0,0,165,0,27,28,17,18,27.457,35,7,36.138954,-120.368279,167.080002,9,600,58,3,e00fce6876826e255108c6bd,2025-06-20 15:40:02,2025-06-20 15:40:02,2025-06-20 15:40:02,2025-06-20
951,sH7yGYX3y3,MOOSPMv3Parser,1750434600,2,2,15,3,3,16,16,4,4,16,487,150,176216,29,119,2,120,120,0,0,120,0,27,29,18,19,27.871,39,6,36.13908,-120.368507,171.322998,9,600,58,3,e00fce6876826e255108c6bd,2025-06-20 15:50:02,2025-06-20 15:50:02,2025-06-20 15:50:02,2025-06-20
964,2IvJsk1STP,MOOSPMv3Parser,1750435200,1,1,65,3,3,68,68,3,3,68,442,136,176656,27,506,2,508,508,0,0,508,0,27,30,19,19,26.707,55,5,36.139069,-120.368462,166.425003,7,600,58,3,e00fce6876826e255108c6bd,2025-06-20 16:00:02,2025-06-20 16:00:02,2025-06-20 16:00:02,2025-06-20
972,OHT0SDItT9,MOOSPMv3Parser,1750435800,1,1,191,3,3,201,201,4,4,201,463,142,177959,32,1496,5,1502,1503,0,0,1503,0,28,31,20,19,25.065,67,4,36.139023,-120.368324,192.953003,6,600,58,3,e00fce6876826e255108c6bd,2025-06-20 16:10:02,2025-06-20 16:10:02,2025-06-20 16:10:02,2025-06-20
987,WKtIX9PgO9,MOOSPMv3Parser,1750436400,2,2,476,3,3,1047,1503,4,4,1728,444,137,179960,28,3187,4,3738,3853,0,0,3878,1,28,31,18,18,25.762,70,3,36.139061,-120.368317,206.207001,7,600,58,3,e00fce6876826e255108c6bd,2025-06-20 16:20:03,2025-06-20 16:20:03,2025-06-20 16:20:03,2025-06-20
991,EgtKTGCui7,MOOSPMv3Parser,1750437000,2,2,382,3,3,936,1383,4,4,1602,458,141,181411,29,2463,3,3000,3112,0,0,3137,1,28,32,21,19,25.819,70,3,36.139091,-120.368256,203.503006,7,600,58,3,e00fce6876826e255108c6bd,2025-06-20 16:30:02,2025-06-20 16:30:02,2025-06-20 16:30:02,2025-06-20
1002,YoGXqNopKV,MOOSPMv3Parser,1750437600,1,1,177,3,3,902,1499,3,3,1792,422,129,181412,27,679,3,1388,1537,0,0,1570,1,29,33,17,16,26.556,78,2,36.139099,-120.368362,194.768005,8,600,58,3,e00fce6876826e255108c6bd,2025-06-20 16:40:02,2025-06-20 16:40:02,2025-06-20 16:40:02,2025-06-20
1014,Tygv5uNQEA,MOOSPMv3Parser,1750438200,1,1,170,3,3,968,1626,4,4,1948,450,137,181412,29,558,4,1337,1501,1,0,1537,1,29,34,20,18,27.302,55,3,36.139057,-120.368507,173.376007,9,600,58,3,e00fce6876826e255108c6bd,2025-06-20 16:50:02,2025-06-20 16:50:02,2025-06-20 16:50:02,2025-06-20
1021,kuzbr8AmA4,MOOSPMv3Parser,1750438800,2,2,170,4,4,1014,1710,5,5,2052,486,149,181412,32,513,4,1338,1512,0,0,1550,1,30,34,21,19,25.987,79,2,36.139114,-120.368408,163.561005,9,600,58,3,e00fce6876826e255108c6bd,2025-06-20 17:00:02,2025-06-20 17:00:02,2025-06-20 17:00:02,2025-06-20
1031,2i5gqnXNgm,MOOSPMv3Parser,1750439400,2,2,130,4,4,844,1434,4,4,1724,497,151,181412,30,326,3,1024,1171,0,0,1204,2,30,35,19,18,26.388,85,2,36.139114,-120.368408,163.561996,0,600,58,3,e00fce6876826e255108c6bd,2025-06-20 17:10:02,2025-06-20 17:10:02,2025-06-20 17:10:02,2025-06-20
1045,Hun253oCSY,MOOSPMv3Parser,1750440000,2,2,151,3,3,612,990,4,4,1176,468,143,181905,29,741,3,1190,1284,0,0,1305,1,31,36,20,18,26.423,95,2,36.139004,-120.368393,190.966003,9,600,58,3,e00fce6876826e255108c6bd,2025-06-20 17:20:02,2025-06-20 17:20:02,2025-06-20 17:20:02,2025-06-20
1055,aYHFeUzcuU,MOOSPMv3Parser,1750440600,2,2,4,3,3,4,4,4,4,4,506,157,181931,30,29,3,30,30,0,0,30,0,31,36,21,18,25.628,103,2,36.13903,-120.368156,164.432007,6,600,58,3,e00fce6876826e255108c6bd,2025-06-20 17:30:02,2025-06-20 17:30:02,2025-06-20 17:30:02,2025-06-20
1061,5CJ9Wzd7OR,MOOSPMv3Parser,1750441200,1,1,3,3,3,3,3,4,4,3,462,140,181950,32,23,3,23,23,0,0,23,0,32,37,20,18,25.592,116,1,36.139004,-120.368279,178.546005,5,600,58,3,e00fce6876826e255108c6bd,2025-06-20 17:40:02,2025-06-20 17:40:02,2025-06-20 17:40:02,2025-06-20
1071,VWIdQ4UXdd,MOOSPMv3Parser,1750441800,2,2,3,3,3,3,3,4,4,3,473,144,181968,29,22,3,22,22,0,0,22,1,32,37,20,18,26.771,109,1,36.139004,-120.368164,169.179001,9,600,58,3,e00fce6876826e255108c6bd,2025-06-20 17:50:02,2025-06-20 17:50:02,2025-06-20 17:50:02,2025-06-20
1083,b04yiIc8Ug,MOOSPMv3Parser,1750442400,2,2,3,3,3,3,3,4,4,3,477,146,181986,29,22,3,22,22,0,0,22,1,33,38,20,18,25.651,126,1,36.139027,-120.368378,177.434998,8,600,58,3,e00fce6876826e255108c6bd,2025-06-20 18:00:02,2025-06-20 18:00:02,2025-06-20 18:00:02,2025-06-20
1095,sEEqvnWWGV,MOOSPMv3Parser,1750443000,1,1,3,3,3,3,3,4,4,3,475,145,182004,28,22,3,22,22,0,0,22,1,33,38,18,17,25.503,124,1,36.138966,-120.368614,187.834,5,600,58,3,e00fce6876826e255108c6bd,2025-06-20 18:10:02,2025-06-20 18:10:02,2025-06-20 18:10:02,2025-06-20
1104,eEdyqhRHXf,MOOSPMv3Parser,1750443600,2,2,3,3,3,3,3,3,3,3,458,140,182021,27,21,2,21,21,0,0,21,1,34,39,17,16,26.242,121,1,36.13895,-120.368141,181.819,5,600,58,3,e00fce6876826e255108c6bd,2025-06-20 18:20:02,2025-06-20 18:20:02,2025-06-20 18:20:02,2025-06-20
1114,2qxYbtOdrJ,MOOSPMv3Parser,1750444200,1,1,3,3,3,3,3,3,3,3,416,127,182038,24,20,3,20,20,0,0,20,0,34,39,15,14,27.027,111,1,36.138771,-120.368004,48.158001,4,600,58,3,e00fce6876826e255108c6bd,2025-06-20 18:30:02,2025-06-20 18:30:02,2025-06-20 18:30:02,2025-06-20
1124,ZBBafgBS32,MOOSPMv3Parser,1750444800,1,1,2,3,3,3,3,3,3,3,425,130,182054,24,18,2,19,19,0,0,19,0,34,39,13,13,28.654,94,1,36.138786,-120.368095,88.339996,5,600,58,3,e00fce6876826e255108c6bd,2025-06-20 18:40:02,2025-06-20 18:40:02,2025-06-20 18:40:02,2025-06-20
1133,jusMkVYSfd,MOOSPMv3Parser,1750445400,1,1,2,2,2,2,2,3,3,2,385,117,182069,23,17,2,17,17,0,0,17,0,34,39,11,11,343.493,74,1,36.139008,-120.368256,187.809998,7,600,58,3,e00fce6876826e255108c6bd,2025-06-20 18:50:02,2025-06-20 18:50:02,2025-06-20 18:50:02,2025-06-20
1147,wBYoeKTfqb,MOOSPMv3Parser,1750446000,1,1,2,2,2,2,2,2,2,2,350,105,182084,21,16,2,16,16,0,0,16,0,35,40,11,11,463.773,75,1,36.139145,-120.368149,208.580994,7,600,58,3,e00fce6876826e255108c6bd,2025-06-20 19:00:03,2025-06-20 19:00:03,2025-06-20 19:00:03,2025-06-20
1154,qvf25ELIgY,MOOSPMv3Parser,1750446600,1,1,2,2,2,2,2,3,3,2,384,117,182099,23,16,2,16,16,0,0,16,0,36,40,12,12,310.64,88,1,36.139149,-120.36824,188.695007,7,600,58,3,e00fce6876826e255108c6bd,2025-06-20 19:10:02,2025-06-20 19:10:02,2025-06-20 19:10:02,2025-06-20
1165,TzMeWB9QnB,MOOSPMv3Parser,1750447200,1,1,2,2,2,2,2,3,3,3,398,121,182115,21,18,2,18,18,0,0,18,0,36,40,14,14,69.409,126,1,36.13895,-120.368294,154.186005,8,600,58,3,e00fce6876826e255108c6bd,2025-06-20 19:20:02,2025-06-20 19:20:02,2025-06-20 19:20:02,2025-06-20
1173,39tZIhHZLD,MOOSPMv3Parser,1750447800,1,1,2,2,2,2,2,3,3,3,389,117,182131,24,17,2,18,18,0,0,18,1,36,40,14,14,27.424,131,1,36.139,-120.368301,166.707993,7,600,58,3,e00fce6876826e255108c6bd,2025-06-20 19:30:02,2025-06-20 19:30:02,2025-06-20 19:30:02,2025-06-20
1183,mfnpjy8tS9,MOOSPMv3Parser,1750448400,1,1,2,3,3,2,2,3,3,2,416,126,182147,23,18,2,18,18,0,0,18,0,36,41,14,13,27.335,121,1,36.138996,-120.36834,176.572006,6,600,58,3,e00fce6876826e255108c6bd,2025-06-20 19:40:02,2025-06-20 19:40:02,2025-06-20 19:40:02,2025-06-20
1193,H03YsWMwig,MOOSPMv3Parser,1750449000,1,1,2,2,2,2,2,3,3,2,400,122,182163,22,18,3,18,18,0,0,18,0,37,41,14,14,27.688,136,1,36.138973,-120.36837,181.490997,10,600,58,3,e00fce6876826e255108c6bd,2025-06-20 19:50:02,2025-06-20 19:50:02,2025-06-20 19:50:02,2025-06-20
1204,GOnWSMXWEo,MOOSPMv3Parser,1750449600,1,1,2,2,2,2,2,3,3,2,390,117,182179,23,17,2,17,17,0,0,17,0,36,41,14,13,28.295,129,1,36.139069,-120.368256,165.925003,8,600,58,3,e00fce6876826e255108c6bd,2025-06-20 20:00:02,2025-06-20 20:00:02,2025-06-20 20:00:02,2025-06-20
1214,i1cnXLLL5q,MOOSPMv3Parser,1750450200,1,1,2,2,2,2,2,3,3,2,383,117,182194,24,17,2,17,17,0,0,17,0,36,41,13,12,28.6,125,1,36.139015,-120.368317,156.216995,7,600,58,3,e00fce6876826e255108c6bd,2025-06-20 20:10:02,2025-06-20 20:10:02,2025-06-20 20:10:02,2025-06-20
1223,H5OaL4aQQi,MOOSPMv3Parser,1750450800,1,1,2,2,2,2,2,3,3,2,397,122,182210,23,17,2,17,17,0,0,17,0,36,41,13,13,28.608,125,1,36.139015,-120.368317,156.216003,0,600,58,3,e00fce6876826e255108c6bd,2025-06-20 20:20:02,2025-06-20 20:20:02,2025-06-20 20:20:02,2025-06-20
1232,GQV5D7AzGR,MOOSPMv3Parser,1750451400,1,1,2,2,2,2,2,2,2,2,377,113,182226,21,16,2,17,17,0,0,17,0,36,41,13,14,28.52,123,1,36.13903,-120.368332,166.033005,7,600,58,3,e00fce6876826e255108c6bd,2025-06-20 20:30:02,2025-06-20 20:30:02,2025-06-20 20:30:02,2025-06-20
1244,wzA0dcsxaC,MOOSPMv3Parser,1750452000,1,1,2,2,2,2,2,3,3,2,388,116,182242,23,18,2,18,18,0,0,18,0,37,41,14,14,27.243,142,1,36.139076,-120.368362,152.225006,7,600,58,3,e00fce6876826e255108c6bd,2025-06-20 20:40:02,2025-06-20 20:40:02,2025-06-20 20:40:02,2025-06-20
1253,q1GK9Riccr,MOOSPMv3Parser,1750452600,1,1,2,2,2,2,2,3,3,2,397,120,182258,24,17,2,17,17,0,0,17,0,37,41,14,14,27.911,140,1,36.139034,-120.368355,162.651993,6,600,58,3,e00fce6876826e255108c6bd,2025-06-20 20:50:02,2025-06-20 20:50:02,2025-06-20 20:50:02,2025-06-20
1263,EmiJ09empL,MOOSPMv3Parser,1750453200,1,1,2,3,3,2,2,3,3,2,404,121,182273,24,17,2,17,17,0,0,17,0,37,41,13,13,26.943,156,1,36.139019,-120.368599,161.727997,6,600,58,3,e00fce6876826e255108c6bd,2025-06-20 21:00:02,2025-06-20 21:00:02,2025-06-20 21:00:02,2025-06-20
1274,IcFuvIHoFs,MOOSPMv3Parser,1750453800,1,1,2,2,2,2,2,3,3,2,406,123,182289,23,16,2,16,16,0,0,16,0,37,41,14,14,79.003,144,1,36.139061,-120.368271,168.899994,7,600,58,3,e00fce6876826e255108c6bd,2025-06-20 21:10:02,2025-06-20 21:10:02,2025-06-20 21:10:02,2025-06-20
1284,bueZMNdFgP,MOOSPMv3Parser,1750454400,1,1,2,2,2,2,2,3,3,2,370,110,182304,22,17,3,17,17,0,0,17,0,37,41,13,13,27.212,155,1,36.139095,-120.367958,207.705994,6,600,58,3,e00fce6876826e255108c6bd,2025-06-20 21:20:02,2025-06-20 21:20:02,2025-06-20 21:20:02,2025-06-20
1294,qLzzEeIalH,MOOSPMv3Parser,1750455000,1,1,2,2,2,2,2,3,3,2,389,117,182319,22,16,2,16,16,0,0,16,0,37,41,13,14,27.778,156,1,36.138885,-120.368393,169.949997,7,600,58,3,e00fce6876826e255108c6bd,2025-06-20 21:30:02,2025-06-20 21:30:02,2025-06-20 21:30:02,2025-06-20
1304,WjcSPj7MWc,MOOSPMv3Parser,1750455600,1,1,2,2,2,2,2,2,2,2,345,104,182334,20,16,1,16,16,0,0,16,0,37,41,13,13,28.454,140,1,36.139061,-120.368355,150.233994,8,600,58,3,e00fce6876826e255108c6bd,2025-06-20 21:40:02,2025-06-20 21:40:02,2025-06-20 21:40:02,2025-06-20
1313,nEFMGsHi2e,MOOSPMv3Parser,1750456200,1,1,2,2,2,2,2,3,3,2,360,109,182347,22,14,3,14,14,0,0,14,0,37,41,13,13,28.067,144,1,36.139095,-120.368111,204.462006,6,600,58,3,e00fce6876826e255108c6bd,2025-06-20 21:50:02,2025-06-20 21:50:02,2025-06-20 21:50:02,2025-06-20
1324,aRjo9iWq02,MOOSPMv3Parser,1750456800,1,1,2,2,2,2,2,2,2,2,354,105,182358,20,14,2,14,14,0,0,14,0,37,41,12,12,27.171,150,1,36.138916,-120.368477,151.740005,6,600,58,3,e00fce6876826e255108c6bd,2025-06-20 22:00:02,2025-06-20 22:00:02,2025-06-20 22:00:02,2025-06-20
1334,3axm69bbW9,MOOSPMv3Parser,1750457400,1,1,2,2,2,2,2,2,2,2,342,100,182371,19,14,2,15,15,0,0,15,1,37,41,13,13,27.762,139,1,36.138916,-120.368477,151.740005,0,600,58,3,e00fce6876826e255108c6bd,2025-06-20 22:10:02,2025-06-20 22:10:02,2025-06-20 22:10:02,2025-06-20
1343,V1ehhkmEgo,MOOSPMv3Parser,1750458000,1,1,2,1,1,2,2,2,2,2,325,98,182385,18,16,2,16,16,0,0,16,1,37,41,14,14,25.973,178,1,36.139008,-120.368256,189.447998,6,600,58,3,e00fce6876826e255108c6bd,2025-06-20 22:20:02,2025-06-20 22:20:02,2025-06-20 22:20:02,2025-06-20
1353,SCt9TFqJRK,MOOSPMv3Parser,1750458600,1,1,2,2,2,2,2,2,2,2,359,105,182398,17,15,1,15,15,0,0,15,1,37,41,14,14,26.83,158,1,36.139061,-120.368568,140.151001,6,600,58,3,e00fce6876826e255108c6bd,2025-06-20 22:30:02,2025-06-20 22:30:02,2025-06-20 22:30:02,2025-06-20
1365,UTKT7DG5vl,MOOSPMv3Parser,1750459200,1,1,2,2,2,2,2,3,3,2,371,109,182412,21,15,2,16,16,0,0,16,1,37,40,14,14,26.629,146,1,36.139034,-120.368279,173.600006,8,600,58,3,e00fce6876826e255108c6bd,2025-06-20 22:40:02,2025-06-20 22:40:02,2025-06-20 22:40:02,2025-06-20
1374,bxO0HGAKix,MOOSPMv3Parser,1750459800,1,1,2,1,1,2,2,2,2,2,351,104,182426,18,15,1,15,15,0,0,15,1,37,40,14,15,27.858,124,1,36.13905,-120.368385,166.535995,8,600,58,3,e00fce6876826e255108c6bd,2025-06-20 22:50:02,2025-06-20 22:50:02,2025-06-20 22:50:02,2025-06-20
1384,3D7WbwELqr,MOOSPMv3Parser,1750460400,1,1,2,2,2,2,2,3,3,3,380,115,182441,24,16,2,16,16,0,0,16,1,37,40,14,14,26.384,137,1,36.139023,-120.368355,169.365997,7,600,58,3,e00fce6876826e255108c6bd,2025-06-20 23:00:02,2025-06-20 23:00:02,2025-06-20 23:00:02,2025-06-20
1394,mYpsOn0fP2,MOOSPMv3Parser,1750461000,1,1,2,2,2,2,2,2,2,2,369,113,182455,20,16,2,16,16,0,0,16,1,37,40,15,15,27.001,122,1,36.139034,-120.368408,160.867004,8,600,58,3,e00fce6876826e255108c6bd,2025-06-20 23:10:02,2025-06-20 23:10:02,2025-06-20 23:10:02,2025-06-20
1405,174Ntn9Jd9,MOOSPMv3Parser,1750461600,1,1,2,2,2,2,2,2,2,2,356,107,182470,19,16,2,16,16,0,0,16,0,37,40,14,15,25.776,133,1,36.139027,-120.36795,207.658997,7,600,58,3,e00fce6876826e255108c6bd,2025-06-20 23:20:02,2025-06-20 23:20:02,2025-06-20 23:20:02,2025-06-20
1414,Qcansvg0LG,MOOSPMv3Parser,1750462200,1,1,2,2,2,2,2,3,3,2,385,116,182484,22,15,2,15,15,0,0,15,1,37,39,15,16,26.898,115,1,36.139,-120.368279,189.130005,7,600,58,3,e00fce6876826e255108c6bd,2025-06-20 23:30:02,2025-06-20 23:30:02,2025-06-20 23:30:02,2025-06-20
1424,pLBSG3VQIL,MOOSPMv3Parser,1750462800,1,1,2,2,2,2,3,3,3,3,383,115,182499,23,17,2,17,17,0,0,17,1,37,39,16,17,26.076,128,1,36.139065,-120.368446,160.882004,6,600,58,3,e00fce6876826e255108c6bd,2025-06-20 23:40:02,2025-06-20 23:40:02,2025-06-20 23:40:02,2025-06-20
1435,DovwP0CEgv,MOOSPMv3Parser,1750463400,1,1,2,2,2,3,3,3,3,3,374,113,182516,21,17,2,18,18,0,0,18,1,36,39,16,17,27.056,118,1,36.138973,-120.368324,167.893005,6,600,58,3,e00fce6876826e255108c6bd,2025-06-20 23:50:02,2025-06-20 23:50:02,2025-06-20 23:50:02,2025-06-20
6,IhJMJCKPNl,MOOSPMv3Parser,1750464000,1,1,2,2,2,2,2,3,3,3,364,111,182531,22,17,3,17,17,0,0,17,1,36,38,16,17,27.269,97,1,36.138973,-120.368324,167.889999,0,600,58,3,e00fce6876826e255108c6bd,2025-06-21 00:00:03,2025-06-21 00:00:03,2025-06-21 00:00:03,2025-06-21
15,kTjucCKdLq,MOOSPMv3Parser,1750464600,1,1,2,3,3,3,3,4,4,3,397,122,182547,26,18,4,19,19,0,0,19,1,35,37,16,17,28.388,79,1,36.138996,-120.368393,178.141998,8,600,58,3,e00fce6876826e255108c6bd,2025-06-21 00:10:03,2025-06-21 00:10:03,2025-06-21 00:10:03,2025-06-21
22,lhct4A9GQK,MOOSPMv3Parser,1750465200,1,1,2,2,2,3,3,3,3,3,383,116,182563,23,18,3,18,18,0,0,18,1,35,37,16,17,28.657,69,1,36.138939,-120.368431,176.809006,6,600,58,3,e00fce6876826e255108c6bd,2025-06-21 00:20:02,2025-06-21 00:20:03,2025-06-21 00:20:03,2025-06-21
35,J2q0atdgL8,MOOSPMv3Parser,1750465800,1,1,2,3,3,3,3,3,3,3,392,121,182579,25,18,3,18,19,0,0,19,1,34,36,16,17,30.129,55,1,36.139053,-120.368324,178.886002,5,600,58,3,e00fce6876826e255108c6bd,2025-06-21 00:30:03,2025-06-21 00:30:03,2025-06-21 00:30:03,2025-06-21
46,NQZB9AAw2j,MOOSPMv3Parser,1750466400,1,1,2,2,2,3,3,3,3,3,389,118,182595,25,19,3,20,20,0,0,20,1,34,35,15,16,81.08,44,1,36.139034,-120.36834,175.600998,5,600,58,3,e00fce6876826e255108c6bd,2025-06-21 00:40:03,2025-06-21 00:40:03,2025-06-21 00:40:03,2025-06-21
53,OG1KIF9xyB,MOOSPMv3Parser,1750467000,1,1,3,3,3,3,3,3,3,3,429,131,182612,26,20,2,20,20,0,0,20,1,34,35,16,17,421.915,35,1,36.139076,-120.368317,180.526001,5,600,58,3,e00fce6876826e255108c6bd,2025-06-21 00:50:02,2025-06-21 00:50:02,2025-06-21 00:50:02,2025-06-21
62,ywXquCQUtK,MOOSPMv3Parser,1750467600,1,1,3,2,2,3,3,3,3,3,395,119,182628,24,20,2,20,20,0,0,20,1,34,34,15,17,362.719,30,1,36.139008,-120.368385,175.100998,6,600,58,3,e00fce6876826e255108c6bd,2025-06-21 01:00:02,2025-06-21 01:00:03,2025-06-21 01:00:03,2025-06-21
72,BSeANqe6YQ,MOOSPMv3Parser,1750468200,1,1,3,3,3,3,3,4,4,3,403,123,182646,27,21,3,22,22,1,0,22,1,34,34,15,16,515.416,25,1,36.138981,-120.368294,176.531998,7,600,58,3,e00fce6876826e255108c6bd,2025-06-21 01:10:02,2025-06-21 01:10:02,2025-06-21 01:10:02,2025-06-21
84,CmzXkoG8B7,MOOSPMv3Parser,1750468800,1,1,3,3,3,3,3,4,4,3,434,133,182662,25,21,3,21,21,0,0,21,1,33,33,15,17,515.44,19,2,36.138958,-120.368347,179.737,6,600,58,3,e00fce6876826e255108c6bd,2025-06-21 01:20:02,2025-06-21 01:20:03,2025-06-21 01:20:03,2025-06-21
94,r9Os2Q6X5G,MOOSPMv3Parser,1750469400,1,1,3,3,3,3,3,3,3,3,434,133,182680,27,21,2,22,22,0,0,22,1,33,32,15,17,515.475,18,2,36.13905,-120.368477,167.850006,5,600,58,3,e00fce6876826e255108c6bd,2025-06-21 01:30:02,2025-06-21 01:30:03,2025-06-21 01:30:03,2025-06-21
103,CrgddkPuuZ,MOOSPMv3Parser,1750470000,2,2,3,3,3,3,3,4,4,3,466,144,182697,31,21,4,21,21,0,0,21,1,33,32,15,18,515.446,18,2,36.13905,-120.368477,167.852997,0,600,58,3,e00fce6876826e255108c6bd,2025-06-21 01:40:02,2025-06-21 01:40:03,2025-06-21 01:40:03,2025-06-21
113,rAGswvxV3r,MOOSPMv3Parser,1750470600,1,1,3,3,3,3,3,3,3,3,432,131,182715,27,22,3,22,22,0,0,22,1,32,32,16,18,515.478,17,3,36.139023,-120.368423,169.453995,6,600,58,3,e00fce6876826e255108c6bd,2025-06-21 01:50:02,2025-06-21 01:50:03,2025-06-21 01:50:03,2025-06-21
122,ShS5ZGM9B8,MOOSPMv3Parser,1750471200,2,2,3,3,3,3,4,5,5,4,491,151,182733,31,23,3,23,23,0,0,23,1,32,31,17,19,515.511,17,3,36.139038,-120.368378,169.574997,8,600,58,3,e00fce6876826e255108c6bd,2025-06-21 02:00:02,2025-06-21 02:00:02,2025-06-21 02:00:02,2025-06-21
132,6PFfy2SFGs,MOOSPMv3Parser,1750471800,2,2,3,4,4,4,4,4,4,4,472,146,182755,31,24,4,25,25,0,0,25,1,31,31,18,20,515.609,18,3,36.139057,-120.368385,173.557999,7,600,58,3,e00fce6876826e255108c6bd,2025-06-21 02:10:02,2025-06-21 02:10:03,2025-06-21 02:10:03,2025-06-21
141,W2qQzueJv4,MOOSPMv3Parser,1750472400,2,2,3,4,4,4,4,5,5,4,520,160,182778,34,26,4,26,26,0,0,26,1,31,30,19,21,41.698,20,3,36.139042,-120.368431,171.121002,5,600,58,3,e00fce6876826e255108c6bd,2025-06-21 02:20:02,2025-06-21 02:20:03,2025-06-21 02:20:03,2025-06-21
153,FeuO3TFovK,MOOSPMv3Parser,1750473000,2,2,4,4,4,4,5,6,6,5,543,169,182801,37,27,6,28,28,0,0,28,1,29,30,20,21,31.884,21,3,36.139061,-120.368408,166.873001,6,600,58,3,e00fce6876826e255108c6bd,2025-06-21 02:30:02,2025-06-21 02:30:03,2025-06-21 02:30:03,2025-06-21
164,heNipm7OvT,MOOSPMv3Parser,1750473600,2,2,4,5,5,5,5,6,6,5,588,180,182826,39,30,6,30,31,0,0,31,1,28,29,21,22,30.752,22,4,36.13895,-120.368362,172.669998,7,600,58,3,e00fce6876826e255108c6bd,2025-06-21 02:40:02,2025-06-21 02:40:03,2025-06-21 02:40:03,2025-06-21
172,kssId6wXkZ,MOOSPMv3Parser,1750474200,2,2,4,4,4,4,4,5,5,5,517,161,182849,34,27,4,28,28,0,0,28,1,28,29,19,21,30.151,24,4,36.138977,-120.36837,172.421997,7,600,58,3,e00fce6876826e255108c6bd,2025-06-21 02:50:02,2025-06-21 02:50:03,2025-06-21 02:50:03,2025-06-21
181,JYRHJVXuXu,MOOSPMv3Parser,1750474800,2,2,3,4,4,3,3,4,4,3,487,151,182870,32,24,4,24,24,0,0,24,0,28,28,20,22,133.557,21,4,36.139038,-120.368263,180.261002,6,600,58,3,e00fce6876826e255108c6bd,2025-06-21 03:00:02,2025-06-21 03:00:03,2025-06-21 03:00:03,2025-06-21
192,QDZy0Kls4V,MOOSPMv3Parser,1750475400,2,2,3,4,4,3,3,5,5,3,529,163,182892,31,25,3,25,25,0,0,25,0,27,28,21,23,30.588,20,5,36.139042,-120.368362,150.416,7,600,58,3,e00fce6876826e255108c6bd,2025-06-21 03:10:02,2025-06-21 03:10:03,2025-06-21 03:10:03,2025-06-21
206,2R6ti88hdI,MOOSPMv3Parser,1750476000,2,2,3,4,4,3,3,5,5,3,529,164,182914,29,25,3,25,25,0,0,25,0,26,27,24,25,28.927,21,5,36.139019,-120.368385,159.490005,5,600,58,3,e00fce6876826e255108c6bd,2025-06-21 03:20:03,2025-06-21 03:20:03,2025-06-21 03:20:03,2025-06-21
214,FMi8o3CVjI,MOOSPMv3Parser,1750476600,2,2,3,4,4,4,4,4,4,4,527,162,182938,34,27,2,27,27,0,0,27,0,26,26,24,25,28.497,24,4,36.139019,-120.368385,159.494995,0,600,58,3,e00fce6876826e255108c6bd,2025-06-21 03:30:03,2025-06-21 03:30:03,2025-06-21 03:30:03,2025-06-21
225,fAJElnLnfz,MOOSPMv3Parser,1750477200,2,2,4,4,4,4,4,5,5,4,547,169,182962,31,27,3,28,28,0,0,28,1,25,26,26,27,27.689,28,4,36.139057,-120.368362,173.440002,7,600,58,3,e00fce6876826e255108c6bd,2025-06-21 03:40:03,2025-06-21 03:40:03,2025-06-21 03:40:03,2025-06-21
237,MAGHx6NYzI,MOOSPMv3Parser,1750477800,2,2,3,4,4,4,4,5,5,4,523,164,182985,31,26,3,26,26,0,0,26,0,25,25,26,27,26.406,35,4,36.139004,-120.368317,168.667999,7,600,58,3,e00fce6876826e255108c6bd,2025-06-21 03:50:03,2025-06-21 03:50:04,2025-06-21 03:50:04,2025-06-21
243,3CXF0ZBXJw,MOOSPMv3Parser,1750478400,2,2,4,4,4,4,4,5,5,4,519,161,183009,34,27,4,28,28,0,0,28,0,24,25,27,29,25.793,47,4,36.138954,-120.368439,142.598007,7,600,58,3,e00fce6876826e255108c6bd,2025-06-21 04:00:02,2025-06-21 04:00:03,2025-06-21 04:00:03,2025-06-21
254,46cjir7nhY,MOOSPMv3Parser,1750479000,2,2,3,4,4,4,4,4,4,4,524,161,183033,31,27,3,27,27,0,0,27,1,24,24,28,30,26.34,41,4,36.138985,-120.368515,163.011002,6,600,58,3,e00fce6876826e255108c6bd,2025-06-21 04:10:03,2025-06-21 04:10:03,2025-06-21 04:10:03,2025-06-21
265,1mHFBjG64A,MOOSPMv3Parser,1750479600,2,2,3,4,4,4,4,5,5,4,571,177,183057,38,27,3,27,27,0,0,27,1,24,24,29,30,25.666,52,4,36.139141,-120.368217,223.037994,6,600,58,3,e00fce6876826e255108c6bd,2025-06-21 04:20:03,2025-06-21 04:20:03,2025-06-21 04:20:03,2025-06-21
277,ViJeiUXt6d,MOOSPMv3Parser,1750480200,2,2,3,4,4,4,4,5,5,4,579,179,183081,38,26,3,27,27,0,0,27,1,23,23,29,31,25.92,45,4,36.138981,-120.368355,177.503998,6,600,58,3,e00fce6876826e255108c6bd,2025-06-21 04:30:03,2025-06-21 04:30:03,2025-06-21 04:30:03,2025-06-21
287,TFnQW4ognQ,MOOSPMv3Parser,1750480800,2,2,3,4,4,4,4,5,5,4,565,174,183105,37,27,4,27,27,0,0,27,1,23,23,29,31,25.318,48,4,36.138992,-120.368286,185.537003,7,600,58,3,e00fce6876826e255108c6bd,2025-06-21 04:40:03,2025-06-21 04:40:03,2025-06-21 04:40:03,2025-06-21
293,lCRerxBz35,MOOSPMv3Parser,1750481400,2,2,3,4,4,4,4,4,4,4,526,162,183129,35,26,3,27,27,0,0,27,0,23,23,29,31,26.465,41,4,36.138927,-120.368279,190.056,6,600,58,3,e00fce6876826e255108c6bd,2025-06-21 04:50:02,2025-06-21 04:50:03,2025-06-21 04:50:03,2025-06-21
305,7y9YRIP0DB,MOOSPMv3Parser,1750482000,2,2,3,4,4,3,4,5,5,4,538,165,183151,34,25,4,25,25,0,0,25,0,22,22,29,31,26.533,38,4,36.138962,-120.368294,170.460999,6,600,58,3,e00fce6876826e255108c6bd,2025-06-21 05:00:02,2025-06-21 05:00:03,2025-06-21 05:00:03,2025-06-21
318,2nQrUmwAwN,MOOSPMv3Parser,1750482600,2,2,3,4,4,4,4,5,5,4,531,164,183174,32,26,3,27,27,0,0,27,1,22,22,30,32,25.49,55,4,36.138981,-120.368225,181.212006,5,600,58,3,e00fce6876826e255108c6bd,2025-06-21 05:10:03,2025-06-21 05:10:03,2025-06-21 05:10:03,2025-06-21
328,5rh8yPa9DP,MOOSPMv3Parser,1750483200,2,2,3,4,4,3,4,5,5,4,509,158,183197,32,25,3,26,26,0,0,26,1,22,22,29,31,25.377,61,4,36.138981,-120.368225,181.212997,0,600,58,3,e00fce6876826e255108c6bd,2025-06-21 05:20:03,2025-06-21 05:20:04,2025-06-21 05:20:04,2025-06-21
334,DnAnyb87EF,MOOSPMv3Parser,1750483800,2,2,3,4,4,3,3,5,5,3,522,160,183220,33,25,5,25,25,0,0,25,0,22,21,29,31,25.853,56,4,36.139008,-120.368347,173.149002,6,600,58,3,e00fce6876826e255108c6bd,2025-06-21 05:30:03,2025-06-21 05:30:03,2025-06-21 05:30:03,2025-06-21
346,SG4ZJU9NTJ,MOOSPMv3Parser,1750484400,2,2,3,4,4,3,3,5,5,3,522,161,183240,32,24,3,25,25,0,0,25,0,21,21,30,32,26.311,47,4,36.13884,-120.368233,205.016006,7,600,58,3,e00fce6876826e255108c6bd,2025-06-21 05:40:03,2025-06-21 05:40:03,2025-06-21 05:40:03,2025-06-21
354,gEo2l000LC,MOOSPMv3Parser,1750485000,2,2,3,4,4,3,4,5,5,4,511,159,183262,33,25,4,25,25,0,0,25,1,21,21,30,32,25.038,59,4,36.138992,-120.36834,178.641998,6,600,58,3,e00fce6876826e255108c6bd,2025-06-21 05:50:02,2025-06-21 05:50:03,2025-06-21 05:50:03,2025-06-21
367,WEinQagwmL,MOOSPMv3Parser,1750485600,2,2,3,4,4,3,3,4,4,3,501,155,183282,29,24,3,24,24,0,0,24,1,21,21,30,32,25.536,62,4,36.139057,-120.368416,161.554993,7,600,58,3,e00fce6876826e255108c6bd,2025-06-21 06:00:03,2025-06-21 06:00:03,2025-06-21 06:00:03,2025-06-21
378,aQoq7cHcBT,MOOSPMv3Parser,1750486200,2,2,4,4,4,4,4,6,6,4,545,169,183307,35,28,5,28,28,0,0,28,1,21,20,31,33,24.603,69,4,36.139004,-120.368362,181.438004,6,600,58,3,e00fce6876826e255108c6bd,2025-06-21 06:10:03,2025-06-21 06:10:03,2025-06-21 06:10:03,2025-06-21
384,DSxo03KHqa,MOOSPMv3Parser,1750486800,2,2,3,4,4,3,3,4,4,3,484,150,183326,33,23,2,23,23,0,0,23,0,20,20,31,33,25.99,56,4,36.138988,-120.368362,181.294006,6,600,58,3,e00fce6876826e255108c6bd,2025-06-21 06:20:03,2025-06-21 06:20:03,2025-06-21 06:20:03,2025-06-21
398,bRndKQjjAb,MOOSPMv3Parser,1750487400,2,2,3,4,4,3,3,4,4,3,479,147,183347,27,23,4,23,23,0,0,23,0,20,20,31,33,26.335,46,4,36.138977,-120.368362,169.119995,5,600,58,3,e00fce6876826e255108c6bd,2025-06-21 06:30:03,2025-06-21 06:30:03,2025-06-21 06:30:03,2025-06-21
404,uQvtLxiAFJ,MOOSPMv3Parser,1750488000,2,2,3,3,3,3,3,4,4,3,456,140,183366,29,22,2,22,22,0,0,22,0,20,20,30,32,25.802,60,4,36.139091,-120.368492,199.210007,5,600,58,3,e00fce6876826e255108c6bd,2025-06-21 06:40:03,2025-06-21 06:40:03,2025-06-21 06:40:03,2025-06-21
415,BN8lwBoXzg,MOOSPMv3Parser,1750488600,2,2,3,3,3,3,3,5,5,3,445,137,183385,27,23,4,23,23,0,0,23,0,20,19,31,32,25.019,74,4,36.139,-120.368454,165.410004,6,600,58,3,e00fce6876826e255108c6bd,2025-06-21 06:50:03,2025-06-21 06:50:03,2025-06-21 06:50:03,2025-06-21
425,aLgm7KEFr8,MOOSPMv3Parser,1750489200,2,2,3,3,3,3,3,4,4,3,463,142,183405,27,23,3,24,24,0,0,24,1,19,19,30,31,25.767,75,4,36.139,-120.368454,165.412003,0,600,58,3,e00fce6876826e255108c6bd,2025-06-21 07:00:03,2025-06-21 07:00:03,2025-06-21 07:00:03,2025-06-21
437,uNcCqHlFD9,MOOSPMv3Parser,1750489800,2,2,3,3,3,3,3,4,4,3,435,135,183422,28,21,3,21,21,0,0,21,0,19,19,31,33,26.492,46,5,36.139004,-120.368362,170.091995,10,600,58,3,e00fce6876826e255108c6bd,2025-06-21 07:10:03,2025-06-21 07:10:03,2025-06-21 07:10:03,2025-06-21
445,sUQFmVyIgo,MOOSPMv3Parser,1750490400,2,2,3,3,3,3,3,4,4,3,431,134,183441,28,22,3,22,22,0,0,22,0,19,19,33,35,25.105,58,5,36.139027,-120.368408,164.341003,7,600,58,3,e00fce6876826e255108c6bd,2025-06-21 07:20:03,2025-06-21 07:20:03,2025-06-21 07:20:03,2025-06-21
456,GQx5VgQkG2,MOOSPMv3Parser,1750491000,2,2,3,3,3,3,3,4,4,3,447,138,183460,25,23,3,23,23,0,0,23,0,19,19,34,36,24.683,83,4,36.138996,-120.368477,155.679993,7,600,58,3,e00fce6876826e255108c6bd,2025-06-21 07:30:03,2025-06-21 07:30:03,2025-06-21 07:30:03,2025-06-21
464,4fACRX4a2W,MOOSPMv3Parser,1750491600,2,2,3,3,3,3,3,4,4,3,452,140,183479,28,21,4,22,22,0,0,22,0,19,18,33,35,24.313,96,4,36.139019,-120.368484,175.690002,7,600,58,3,e00fce6876826e255108c6bd,2025-06-21 07:40:02,2025-06-21 07:40:03,2025-06-21 07:40:03,2025-06-21
477,K2FbsFi7x7,MOOSPMv3Parser,1750492200,2,2,3,3,3,3,3,4,4,3,456,141,183497,28,22,3,22,22,0,0,22,0,18,18,30,32,23.852,104,3,36.138981,-120.368362,168.375,7,600,58,3,e00fce6876826e255108c6bd,2025-06-21 07:50:03,2025-06-21 07:50:03,2025-06-21 07:50:03,2025-06-21
486,O6OpF80R3F,MOOSPMv3Parser,1750492800,2,2,3,3,3,3,3,4,4,3,456,140,183517,32,23,3,24,24,0,0,24,0,18,18,33,35,24.452,94,3,36.138958,-120.368233,168.580002,7,600,58,3,e00fce6876826e255108c6bd,2025-06-21 08:00:02,2025-06-21 08:00:03,2025-06-21 08:00:03,2025-06-21
495,oVYs13N8ee,MOOSPMv3Parser,1750493400,2,2,3,4,4,3,3,4,4,3,455,140,183538,29,24,3,24,24,0,0,24,0,18,17,37,40,22.536,118,3,36.139034,-120.368423,171.824997,7,600,58,3,e00fce6876826e255108c6bd,2025-06-21 08:10:03,2025-06-21 08:10:03,2025-06-21 08:10:03,2025-06-21
509,nA9PU7Ar2D,MOOSPMv3Parser,1750494000,2,2,3,3,3,3,3,4,4,3,453,139,183558,29,23,3,23,23,0,0,23,0,17,17,35,36,21.071,209,2,36.138996,-120.368362,162.431,9,600,58,3,e00fce6876826e255108c6bd,2025-06-21 08:20:03,2025-06-21 08:20:03,2025-06-21 08:20:03,2025-06-21
513,mKFLns9gju,MOOSPMv3Parser,1750494600,2,2,3,4,4,3,3,5,5,3,468,145,183579,33,24,4,24,24,0,0,24,0,17,17,36,38,20.419,207,2,36.139057,-120.368385,188.156006,6,600,58,3,e00fce6876826e255108c6bd,2025-06-21 08:30:02,2025-06-21 08:30:03,2025-06-21 08:30:03,2025-06-21
524,VrsnvZBlq0,MOOSPMv3Parser,1750495200,2,2,3,4,4,3,3,4,4,3,487,149,183601,30,24,3,25,25,0,0,25,0,17,17,37,38,20.616,214,1,36.13884,-120.368172,185.819,5,600,58,3,e00fce6876826e255108c6bd,2025-06-21 08:40:02,2025-06-21 08:40:03,2025-06-21 08:40:03,2025-06-21
537,SLr2f6lKnl,MOOSPMv3Parser,1750495800,2,2,3,4,4,3,3,4,4,3,476,147,183622,29,24,3,24,24,0,0,24,0,17,16,37,38,20.697,207,1,36.13884,-120.368172,185.817993,0,600,58,3,e00fce6876826e255108c6bd,2025-06-21 08:50:03,2025-06-21 08:50:03,2025-06-21 08:50:03,2025-06-21
548,I4EWg40LRA,MOOSPMv3Parser,1750496400,2,2,3,4,4,3,3,4,4,3,483,148,183643,29,24,3,24,24,0,0,24,0,16,16,37,39,19.645,282,1,36.139042,-120.36837,157.143997,5,600,58,3,e00fce6876826e255108c6bd,2025-06-21 09:00:03,2025-06-21 09:00:03,2025-06-21 09:00:03,2025-06-21
556,Fi6Jjfr0sf,MOOSPMv3Parser,1750497000,2,2,3,4,4,3,3,5,5,3,498,155,183665,31,25,4,25,25,0,0,25,0,16,16,42,43,18.956,328,1,36.139065,-120.36837,164.996994,8,600,58,3,e00fce6876826e255108c6bd,2025-06-21 09:10:03,2025-06-21 09:10:03,2025-06-21 09:10:03,2025-06-21
565,lFU6SUuiuX,MOOSPMv3Parser,1750497600,2,2,3,4,4,3,3,5,5,3,486,149,183688,32,25,3,25,25,0,0,25,0,16,16,41,43,18.892,308,1,36.138966,-120.368271,189.669998,7,600,58,3,e00fce6876826e255108c6bd,2025-06-21 09:20:03,2025-06-21 09:20:03,2025-06-21 09:20:03,2025-06-21
575,cTzXIUXXyi,MOOSPMv3Parser,1750498200,2,2,3,4,4,3,3,5,5,3,485,151,183710,31,24,4,24,24,0,0,24,0,16,16,38,39,19.348,327,1,36.139053,-120.368301,166.447998,6,600,58,3,e00fce6876826e255108c6bd,2025-06-21 09:30:03,2025-06-21 09:30:03,2025-06-21 09:30:03,2025-06-21
586,cKaMxqYyhs,MOOSPMv3Parser,1750498800,2,2,3,3,3,3,3,4,4,3,462,143,183732,30,24,4,24,24,0,0,24,0,16,15,37,39,20.682,259,1,36.13903,-120.368248,186.225998,5,600,58,3,e00fce6876826e255108c6bd,2025-06-21 09:40:03,2025-06-21 09:40:03,2025-06-21 09:40:03,2025-06-21
594,vGkBNnrk90,MOOSPMv3Parser,1750499400,2,2,3,3,3,3,3,4,4,3,476,146,183753,30,24,3,24,24,0,0,24,0,15,15,38,39,20.994,190,1,36.139015,-120.368279,180.563004,5,600,58,3,e00fce6876826e255108c6bd,2025-06-21 09:50:03,2025-06-21 09:50:03,2025-06-21 09:50:03,2025-06-21
607,AWNg7y2OjY,MOOSPMv3Parser,1750500000,2,2,3,3,3,3,3,4,4,3,456,141,183772,25,23,3,23,23,0,0,23,0,15,15,38,40,20.92,207,1,36.139015,-120.368279,180.522003,0,600,58,3,e00fce6876826e255108c6bd,2025-06-21 10:00:03,2025-06-21 10:00:03,2025-06-21 10:00:03,2025-06-21
614,pZr1hFwI81,MOOSPMv3Parser,1750500600,2,2,3,4,4,3,3,4,4,3,459,141,183792,30,23,2,23,23,0,0,23,0,15,15,39,41,20.083,272,1,36.139053,-120.368317,172.897003,7,600,58,3,e00fce6876826e255108c6bd,2025-06-21 10:10:03,2025-06-21 10:10:03,2025-06-21 10:10:03,2025-06-21
625,cveCUPXFOq,MOOSPMv3Parser,1750501200,2,2,3,4,4,3,3,5,5,3,468,145,183813,32,24,4,24,24,0,0,24,0,15,15,39,41,19.206,311,1,36.13908,-120.368233,176.031006,9,600,58,3,e00fce6876826e255108c6bd,2025-06-21 10:20:03,2025-06-21 10:20:03,2025-06-21 10:20:03,2025-06-21
635,IOHwBL4V7e,MOOSPMv3Parser,1750501800,2,2,3,4,4,3,3,5,5,3,496,155,183833,28,23,3,23,23,0,0,23,0,15,14,41,42,18.724,313,1,36.138977,-120.36834,176.770996,10,600,58,3,e00fce6876826e255108c6bd,2025-06-21 10:30:03,2025-06-21 10:30:03,2025-06-21 10:30:03,2025-06-21
643,HP8JGPjxQ6,MOOSPMv3Parser,1750502400,2,2,3,4,4,3,3,5,5,3,470,146,183854,30,24,4,24,24,0,0,24,0,14,14,39,40,19.747,282,1,36.139053,-120.368317,181.858994,9,600,58,3,e00fce6876826e255108c6bd,2025-06-21 10:40:03,2025-06-21 10:40:03,2025-06-21 10:40:03,2025-06-21
655,mpbccjISZM,MOOSPMv3Parser,1750503000,2,2,3,4,4,3,3,4,4,3,479,147,183875,30,24,3,24,24,0,0,24,0,14,14,40,41,19.977,264,1,36.139042,-120.368492,179.408997,7,600,58,3,e00fce6876826e255108c6bd,2025-06-21 10:50:03,2025-06-21 10:50:03,2025-06-21 10:50:03,2025-06-21
665,03BrSsHD5J,MOOSPMv3Parser,1750503600,2,2,3,4,4,3,3,4,4,3,466,145,183898,28,25,3,26,26,0,0,26,0,14,14,40,42,19.906,311,1,36.139008,-120.36834,168.789993,7,600,58,3,e00fce6876826e255108c6bd,2025-06-21 11:00:03,2025-06-21 11:00:03,2025-06-21 11:00:03,2025-06-21
679,XQYZct9af1,MOOSPMv3Parser,1750504200,2,2,3,4,4,3,3,4,4,3,483,149,183920,30,25,3,25,25,0,0,25,0,14,14,40,43,19.436,329,1,36.13903,-120.368317,160.889008,9,600,58,3,e00fce6876826e255108c6bd,2025-06-21 11:10:03,2025-06-21 11:10:04,2025-06-21 11:10:04,2025-06-21
685,50NqKuWloZ,MOOSPMv3Parser,1750504800,2,2,3,3,3,3,3,4,4,3,472,145,183942,28,25,2,25,25,0,0,25,0,15,14,40,43,19.963,293,1,36.139004,-120.368347,176.962006,8,600,58,3,e00fce6876826e255108c6bd,2025-06-21 11:20:03,2025-06-21 11:20:03,2025-06-21 11:20:03,2025-06-21
695,CnWHWwEzWq,MOOSPMv3Parser,1750505400,2,2,3,4,4,3,3,4,4,3,493,153,183965,29,25,2,25,25,0,0,25,0,15,14,41,44,19.442,331,1,36.139008,-120.368279,163.565994,7,600,58,3,e00fce6876826e255108c6bd,2025-06-21 11:30:03,2025-06-21 11:30:03,2025-06-21 11:30:03,2025-06-21
704,eccHZdMCDA,MOOSPMv3Parser,1750506000,2,2,3,4,4,3,3,4,4,3,491,152,183987,29,26,3,26,26,0,0,26,0,14,14,41,44,19.539,322,1,36.139019,-120.368294,175.606003,10,600,58,3,e00fce6876826e255108c6bd,2025-06-21 11:40:03,2025-06-21 11:40:03,2025-06-21 11:40:03,2025-06-21
715,zToAGU9Iux,MOOSPMv3Parser,1750506600,2,2,3,4,4,3,3,4,4,3,474,145,184009,28,24,3,24,24,0,0,24,0,14,14,41,44,20.368,236,1,36.139019,-120.368294,175.610001,0,600,58,3,e00fce6876826e255108c6bd,2025-06-21 11:50:03,2025-06-21 11:50:03,2025-06-21 11:50:03,2025-06-21
727,sV45hWWIMd,MOOSPMv3Parser,1750507200,2,2,3,4,4,3,3,4,4,3,479,148,184030,31,24,3,24,24,0,0,24,0,14,13,39,42,19.557,303,1,36.138996,-120.368401,170.994995,7,600,58,3,e00fce6876826e255108c6bd,2025-06-21 12:00:03,2025-06-21 12:00:03,2025-06-21 12:00:03,2025-06-21
736,AVBKqylcjy,MOOSPMv3Parser,1750507800,2,2,3,4,4,4,4,5,5,4,494,154,184053,32,26,4,26,26,0,0,26,0,14,13,40,43,20.853,259,1,36.139034,-120.368317,174.998001,8,600,58,3,e00fce6876826e255108c6bd,2025-06-21 12:10:03,2025-06-21 12:10:03,2025-06-21 12:10:03,2025-06-21
745,6V7o8UqKrC,MOOSPMv3Parser,1750508400,2,2,4,4,4,4,4,5,5,4,547,169,184078,36,29,3,29,29,0,0,29,0,14,13,40,44,21.408,202,1,36.139057,-120.368454,161.572006,7,600,58,3,e00fce6876826e255108c6bd,2025-06-21 12:20:03,2025-06-21 12:20:03,2025-06-21 12:20:03,2025-06-21
757,etmOvzkW0M,MOOSPMv3Parser,1750509000,2,2,4,4,4,4,4,5,5,4,519,160,184102,30,28,3,28,28,0,0,28,0,14,13,43,47,20.163,239,1,36.138962,-120.368309,178.050003,8,600,58,3,e00fce6876826e255108c6bd,2025-06-21 12:30:03,2025-06-21 12:30:03,2025-06-21 12:30:03,2025-06-21
766,QPuHhqgWzV,MOOSPMv3Parser,1750509600,2,2,3,4,4,3,3,5,5,3,488,152,184125,29,26,3,26,26,0,0,26,0,14,13,40,43,18.659,328,1,36.139008,-120.368484,160.242004,9,600,58,3,e00fce6876826e255108c6bd,2025-06-21 12:40:03,2025-06-21 12:40:03,2025-06-21 12:40:03,2025-06-21
774,OnEGrfk7SK,MOOSPMv3Parser,1750510200,2,2,3,4,4,4,4,5,5,4,462,143,184148,31,27,4,27,27,0,0,27,0,13,13,41,43,18.838,342,1,36.138958,-120.368439,159.399994,8,600,58,3,e00fce6876826e255108c6bd,2025-06-21 12:50:03,2025-06-21 12:50:03,2025-06-21 12:50:03,2025-06-21
786,RyrCwC6UTy,MOOSPMv3Parser,1750510800,2,2,3,4,4,4,4,5,5,4,498,153,184172,30,26,3,26,26,0,0,26,0,13,13,48,50,18.967,329,1,36.138924,-120.368294,177.294998,6,600,58,3,e00fce6876826e255108c6bd,2025-06-21 13:00:03,2025-06-21 13:00:03,2025-06-21 13:00:03,2025-06-21
796,RFFcTruizC,MOOSPMv3Parser,1750511400,2,2,3,4,4,4,4,5,5,4,527,161,184195,34,27,4,27,27,0,0,27,0,13,12,42,44,19.313,274,1,36.138977,-120.368362,168.895004,8,600,58,3,e00fce6876826e255108c6bd,2025-06-21 13:10:03,2025-06-21 13:10:03,2025-06-21 13:10:03,2025-06-21
806,ifQyNOlY7S,MOOSPMv3Parser,1750512000,2,2,4,4,4,4,4,5,5,4,528,164,184220,33,29,5,30,30,0,0,30,1,13,12,42,44,20.41,212,1,36.139034,-120.368149,206.421005,7,600,58,3,e00fce6876826e255108c6bd,2025-06-21 13:20:03,2025-06-21 13:20:03,2025-06-21 13:20:03,2025-06-21
817,CiVcvs50XH,MOOSPMv3Parser,1750512600,2,2,4,4,4,4,4,5,5,4,521,162,184244,32,28,4,28,28,0,0,28,1,13,12,42,44,21.122,175,1,36.139019,-120.36808,197.996994,6,600,58,3,e00fce6876826e255108c6bd,2025-06-21 13:30:03,2025-06-21 13:30:03,2025-06-21 13:30:03,2025-06-21
825,qIlkV56t38,MOOSPMv3Parser,1750513200,2,2,4,4,4,4,4,5,5,4,515,157,184268,33,28,4,28,28,0,0,28,0,14,13,43,45,20.523,186,1,36.139019,-120.36808,197.998993,0,600,58,3,e00fce6876826e255108c6bd,2025-06-21 13:40:03,2025-06-21 13:40:03,2025-06-21 13:40:03,2025-06-21
836,HS3U4YWhIz,MOOSPMv3Parser,1750513800,2,2,4,4,4,4,4,5,5,4,538,165,184292,34,27,4,28,28,0,0,28,0,15,13,40,45,19.861,231,1,36.139011,-120.36834,184.481995,6,600,58,3,e00fce6876826e255108c6bd,2025-06-21 13:50:03,2025-06-21 13:50:03,2025-06-21 13:50:03,2025-06-21
844,6YaCgysKUh,MOOSPMv3Parser,1750514400,2,2,4,4,4,4,4,5,5,4,529,164,184316,33,29,4,29,29,0,0,29,0,16,13,39,46,19.424,243,1,36.138981,-120.368546,159.046005,5,600,58,3,e00fce6876826e255108c6bd,2025-06-21 14:00:03,2025-06-21 14:00:03,2025-06-21 14:00:03,2025-06-21
858,6tUHysnRwK,MOOSPMv3Parser,1750515000,2,2,4,4,4,4,4,5,5,4,513,158,184341,32,29,3,29,29,0,0,29,0,18,14,34,43,19.463,215,1,36.138966,-120.368202,183.535995,6,600,58,3,e00fce6876826e255108c6bd,2025-06-21 14:10:03,2025-06-21 14:10:03,2025-06-21 14:10:03,2025-06-21
864,AAuHqKp0rh,MOOSPMv3Parser,1750515600,2,2,4,4,4,4,4,5,5,4,520,161,184366,34,28,3,28,28,0,0,28,0,19,15,32,41,20.364,153,1,36.138973,-120.368324,178.656006,5,600,58,3,e00fce6876826e255108c6bd,2025-06-21 14:20:03,2025-06-21 14:20:03,2025-06-21 14:20:03,2025-06-21
879,C847iV5azR,MOOSPMv3Parser,1750516200,2,2,4,4,4,4,4,4,4,4,489,151,184390,30,28,3,28,28,0,0,28,0,20,16,29,38,22.542,88,2,36.139019,-120.368385,182.600998,6,600,58,3,e00fce6876826e255108c6bd,2025-06-21 14:30:08,2025-06-21 14:30:08,2025-06-21 14:30:08,2025-06-21
889,JqyghXBdNa,MOOSPMv3Parser,1750516800,2,2,3,4,4,3,3,4,4,4,490,152,184413,30,26,3,26,26,0,0,26,0,21,17,30,37,23.858,50,3,36.13903,-120.368385,171.641006,6,600,58,3,e00fce6876826e255108c6bd,2025-06-21 14:40:03,2025-06-21 14:40:04,2025-06-21 14:40:04,2025-06-21
898,NjEDd1oofU,MOOSPMv3Parser,1750517400,2,2,3,4,4,3,3,4,4,3,532,164,184436,31,26,2,26,26,0,0,26,0,22,18,28,35,25.237,32,5,36.13903,-120.368385,171.641006,0,600,58,3,e00fce6876826e255108c6bd,2025-06-21 14:50:03,2025-06-21 14:50:03,2025-06-21 14:50:03,2025-06-21
909,lKEmtlb0cz,MOOSPMv3Parser,1750518000,2,2,3,4,4,4,4,5,5,4,518,161,184460,34,27,3,27,27,0,0,27,0,22,19,26,31,25.055,31,6,36.139,-120.368385,179.639008,5,600,58,3,e00fce6876826e255108c6bd,2025-06-21 15:00:19,2025-06-21 15:00:20,2025-06-21 15:00:20,2025-06-21
917,nWte1h9Tn9,MOOSPMv3Parser,1750518600,2,2,3,4,4,4,4,5,5,4,518,160,184483,31,26,3,26,26,0,0,26,0,23,22,25,28,23.976,39,6,36.139011,-120.368347,171.132004,5,600,58,3,e00fce6876826e255108c6bd,2025-06-21 15:10:03,2025-06-21 15:10:03,2025-06-21 15:10:03,2025-06-21
928,i4cOM9UOqW,MOOSPMv3Parser,1750519200,2,2,3,3,3,3,3,4,4,3,490,152,184504,31,24,3,24,24,0,0,24,0,23,23,24,26,25.192,37,6,36.13908,-120.368378,157.809998,7,600,58,3,e00fce6876826e255108c6bd,2025-06-21 15:20:04,2025-06-21 15:20:05,2025-06-21 15:20:05,2025-06-21
934,fKgQ8A9BAu,MOOSPMv3Parser,1750519800,2,2,3,3,3,3,3,4,4,3,494,151,184525,29,24,3,24,24,0,0,24,0,24,24,23,24,26.115,29,6,36.139023,-120.368408,181.457993,7,600,58,3,e00fce6876826e255108c6bd,2025-06-21 15:30:03,2025-06-21 15:30:03,2025-06-21 15:30:03,2025-06-21
945,99ugrRrQRr,MOOSPMv3Parser,1750520400,2,2,8,3,3,9,9,4,4,9,484,150,184580,28,64,3,64,64,0,0,64,0,24,26,24,24,26.986,22,6,36.138935,-120.368446,193.052994,6,600,58,3,e00fce6876826e255108c6bd,2025-06-21 15:40:03,2025-06-21 15:40:03,2025-06-21 15:40:03,2025-06-21
955,JqxFeEIDcK,MOOSPMv3Parser,1750521000,2,2,11,3,3,11,11,3,3,11,471,145,184652,28,82,2,82,82,0,0,83,0,25,27,22,22,26.657,23,6,36.139015,-120.368584,164.740005,5,600,58,3,e00fce6876826e255108c6bd,2025-06-21 15:50:03,2025-06-21 15:50:03,2025-06-21 15:50:03,2025-06-21
966,H0S9Fi7pBk,MOOSPMv3Parser,1750521600,1,1,56,3,3,59,59,3,3,59,432,134,185036,25,442,2,443,443,0,0,443,0,26,28,22,21,26.557,25,6,36.139008,-120.368607,155.414001,6,600,58,3,e00fce6876826e255108c6bd,2025-06-21 16:00:03,2025-06-21 16:00:03,2025-06-21 16:00:03,2025-06-21
978,hli11G6YbM,MOOSPMv3Parser,1750522200,1,1,164,3,3,172,172,3,3,172,403,123,186154,24,1284,2,1289,1289,0,0,1289,0,26,29,21,21,26.764,30,5,36.139061,-120.368324,184.539993,7,600,58,3,e00fce6876826e255108c6bd,2025-06-21 16:10:03,2025-06-21 16:10:03,2025-06-21 16:10:03,2025-06-21
988,6Joa5LEfqQ,MOOSPMv3Parser,1750522800,1,1,491,3,3,1003,1410,3,3,1610,407,126,188394,23,3365,1,3859,3961,0,0,3984,1,26,30,21,21,26.175,33,4,36.138985,-120.368378,183.080994,7,600,58,3,e00fce6876826e255108c6bd,2025-06-21 16:20:03,2025-06-21 16:20:03,2025-06-21 16:20:03,2025-06-21
996,lRFAiwoIXv,MOOSPMv3Parser,1750523400,1,1,389,3,3,929,1363,3,3,1577,426,131,189882,23,2531,2,3054,3163,0,0,3187,1,26,30,22,20,26.348,40,4,36.139011,-120.368385,173.766006,5,600,58,3,e00fce6876826e255108c6bd,2025-06-21 16:30:03,2025-06-21 16:30:03,2025-06-21 16:30:03,2025-06-21
1005,Wk5qMuzyxG,MOOSPMv3Parser,1750524000,1,1,176,3,3,900,1496,3,3,1789,445,135,189882,26,672,2,1379,1528,0,0,1561,1,27,31,22,20,24.703,55,3,36.139011,-120.368385,173.766998,0,600,58,3,e00fce6876826e255108c6bd,2025-06-21 16:40:03,2025-06-21 16:40:03,2025-06-21 16:40:03,2025-06-21
1016,rOGA0hZr7M,MOOSPMv3Parser,1750524600,1,1,165,2,2,977,1647,3,3,1976,378,115,189882,23,504,2,1297,1464,0,0,1502,1,28,32,20,18,25.062,59,2,36.138977,-120.368332,168.220993,7,600,58,3,e00fce6876826e255108c6bd,2025-06-21 16:50:03,2025-06-21 16:50:03,2025-06-21 16:50:03,2025-06-21
1026,QVlyWVTbXP,MOOSPMv3Parser,1750525200,1,1,171,2,2,1004,1692,2,2,2029,331,103,189882,20,527,2,1341,1512,0,0,1551,1,29,33,20,18,25.455,45,2,36.138973,-120.368385,171.766998,6,600,58,3,e00fce6876826e255108c6bd,2025-06-21 17:00:03,2025-06-21 17:00:03,2025-06-21 17:00:03,2025-06-21
1037,jOvILxyrXe,MOOSPMv3Parser,1750525800,1,1,129,2,2,841,1430,2,2,1719,363,110,189882,19,318,2,1014,1161,0,0,1194,2,29,33,20,19,25.959,49,2,36.138981,-120.36834,175.218994,7,600,58,3,e00fce6876826e255108c6bd,2025-06-21 17:10:03,2025-06-21 17:10:03,2025-06-21 17:10:03,2025-06-21
1047,9fSkn1zJIB,MOOSPMv3Parser,1750526400,1,1,150,2,2,627,1018,2,2,1210,351,108,190348,19,716,2,1180,1277,0,0,1299,1,29,34,20,18,25.089,60,2,36.139011,-120.368385,183.261993,7,600,58,3,e00fce6876826e255108c6bd,2025-06-21 17:20:03,2025-06-21 17:20:03,2025-06-21 17:20:03,2025-06-21
1058,6lDo0hXM8S,MOOSPMv3Parser,1750527000,1,1,2,2,2,3,3,2,2,3,344,106,190365,18,19,2,19,19,0,0,19,0,29,34,20,18,25.623,66,1,36.139038,-120.36834,170.044006,7,600,58,3,e00fce6876826e255108c6bd,2025-06-21 17:30:03,2025-06-21 17:30:03,2025-06-21 17:30:03,2025-06-21
1067,7Q13Z0HNKm,MOOSPMv3Parser,1750527600,1,1,2,2,2,2,2,2,2,2,331,101,190377,19,14,2,14,14,0,0,14,0,30,35,19,17,25.59,72,1,36.139023,-120.368347,171.533997,8,600,58,3,e00fce6876826e255108c6bd,2025-06-21 17:40:03,2025-06-21 17:40:03,2025-06-21 17:40:03,2025-06-21
1076,4XZD5c9h9k,MOOSPMv3Parser,1750528200,1,1,2,2,2,2,2,2,2,2,341,104,190391,20,15,1,15,15,0,0,15,0,30,35,19,17,25.778,70,1,36.139019,-120.368362,182.059006,6,600,58,3,e00fce6876826e255108c6bd,2025-06-21 17:50:03,2025-06-21 17:50:03,2025-06-21 17:50:03,2025-06-21
1085,8jBVTDTBJt,MOOSPMv3Parser,1750528800,1,1,2,2,2,2,2,3,3,2,380,117,190406,20,16,2,16,16,0,0,16,0,30,35,18,16,26.002,71,1,36.139023,-120.368423,179.391006,7,600,58,3,e00fce6876826e255108c6bd,2025-06-21 18:00:03,2025-06-21 18:00:03,2025-06-21 18:00:03,2025-06-21
1098,ojpfKXvLED,MOOSPMv3Parser,1750529400,1,1,2,2,2,2,2,3,3,2,346,107,190416,22,13,2,13,13,0,0,13,0,31,36,17,16,26.495,70,1,36.139061,-120.368286,173.350006,8,600,58,3,e00fce6876826e255108c6bd,2025-06-21 18:10:03,2025-06-21 18:10:03,2025-06-21 18:10:03,2025-06-21
1106,HrSgFsFRXx,MOOSPMv3Parser,1750530000,1,1,2,2,2,2,2,2,2,2,314,97,190427,18,13,1,13,13,0,0,13,0,31,36,18,16,26.184,70,1,36.139061,-120.368286,173.352005,0,600,58,3,e00fce6876826e255108c6bd,2025-06-21 18:20:03,2025-06-21 18:20:03,2025-06-21 18:20:03,2025-06-21
1117,WFpWIORFpC,MOOSPMv3Parser,1750530600,1,1,2,2,2,2,2,2,2,2,335,103,190439,19,14,2,14,14,0,0,14,0,31,36,18,17,26.606,76,1,36.139015,-120.368317,231.893997,5,600,58,3,e00fce6876826e255108c6bd,2025-06-21 18:30:03,2025-06-21 18:30:03,2025-06-21 18:30:03,2025-06-21
1127,7zIxp9NsWw,MOOSPMv3Parser,1750531200,1,1,2,2,2,2,2,3,3,2,332,101,190450,21,13,3,13,13,0,0,13,0,31,36,19,17,25.648,89,1,36.13905,-120.368469,177.065994,5,600,58,3,e00fce6876826e255108c6bd,2025-06-21 18:40:03,2025-06-21 18:40:03,2025-06-21 18:40:03,2025-06-21
1135,5z9RUXOKNU,MOOSPMv3Parser,1750531800,1,1,2,2,2,2,2,2,2,2,317,95,190463,19,14,3,14,14,0,0,14,0,31,36,19,17,25.91,87,1,36.138981,-120.368256,185.843994,5,600,58,3,e00fce6876826e255108c6bd,2025-06-21 18:50:03,2025-06-21 18:50:03,2025-06-21 18:50:03,2025-06-21
1147,Qlet9aJWWF,MOOSPMv3Parser,1750532400,1,1,2,2,2,2,2,3,3,2,333,102,190474,23,14,2,14,14,0,0,14,1,30,35,19,17,26.695,84,1,36.139023,-120.368225,184.904999,9,600,58,3,e00fce6876826e255108c6bd,2025-06-21 19:00:03,2025-06-21 19:00:03,2025-06-21 19:00:03,2025-06-21
1156,aa0cnMGmeo,MOOSPMv3Parser,1750533000,1,1,2,2,2,2,2,2,2,2,333,102,190487,23,14,2,14,15,0,0,15,1,30,35,19,17,26.699,75,1,36.139019,-120.36824,189.432007,7,600,58,3,e00fce6876826e255108c6bd,2025-06-21 19:10:03,2025-06-21 19:10:03,2025-06-21 19:10:03,2025-06-21
1167,k4kmJLv7KK,MOOSPMv3Parser,1750533600,1,1,2,2,2,2,2,2,2,2,314,97,190500,19,15,2,15,15,0,0,15,1,31,35,18,17,26.852,73,1,36.139019,-120.368362,165.884995,8,600,58,3,e00fce6876826e255108c6bd,2025-06-21 19:20:03,2025-06-21 19:20:03,2025-06-21 19:20:03,2025-06-21
1177,VkxIQDGGTQ,MOOSPMv3Parser,1750534200,1,1,2,2,2,2,3,3,3,3,329,99,190511,23,14,4,14,15,0,0,15,1,31,35,18,17,27.266,68,1,36.13905,-120.368164,182.391006,8,600,58,3,e00fce6876826e255108c6bd,2025-06-21 19:30:03,2025-06-21 19:30:03,2025-06-21 19:30:03,2025-06-21
1187,ggza27Vnkv,MOOSPMv3Parser,1750534800,1,1,2,2,2,2,3,4,4,3,363,110,190523,22,14,4,15,15,0,0,15,1,31,35,18,17,27.577,65,1,36.139072,-120.368271,176.705002,6,600,58,3,e00fce6876826e255108c6bd,2025-06-21 19:40:03,2025-06-21 19:40:03,2025-06-21 19:40:03,2025-06-21
1197,wjpHd539it,MOOSPMv3Parser,1750535400,1,1,2,2,2,3,3,3,3,4,347,105,190537,22,16,3,17,17,0,0,17,1,31,35,18,17,26.493,74,1,36.139023,-120.36834,174.007996,8,600,58,3,e00fce6876826e255108c6bd,2025-06-21 19:50:03,2025-06-21 19:50:03,2025-06-21 19:50:03,2025-06-21
1208,GGXhu2UEay,MOOSPMv3Parser,1750536000,1,1,2,3,3,3,4,4,4,4,374,114,190550,26,16,5,17,17,0,0,17,1,31,35,17,17,27.949,65,1,36.139023,-120.36834,174.009995,0,600,58,3,e00fce6876826e255108c6bd,2025-06-21 20:00:03,2025-06-21 20:00:03,2025-06-21 20:00:03,2025-06-21
1215,H3oK17chCd,MOOSPMv3Parser,1750536600,1,1,2,2,2,3,3,3,3,3,364,110,190564,23,16,3,16,17,0,0,17,1,31,35,17,16,28.483,59,1,36.138996,-120.368462,171.376999,9,600,58,3,e00fce6876826e255108c6bd,2025-06-21 20:10:03,2025-06-21 20:10:03,2025-06-21 20:10:03,2025-06-21
1225,asuLZIcyzU,MOOSPMv3Parser,1750537200,1,1,2,2,2,2,3,3,3,3,335,103,190577,22,16,3,16,16,0,0,16,1,31,35,17,16,29.158,50,1,36.139084,-120.368317,180.070999,6,600,58,3,e00fce6876826e255108c6bd,2025-06-21 20:20:03,2025-06-21 20:20:03,2025-06-21 20:20:03,2025-06-21
1234,H0TOnOO9Ge,MOOSPMv3Parser,1750537800,1,1,2,2,2,3,3,3,3,3,347,107,190592,21,17,2,17,17,0,0,17,1,31,35,16,15,28.726,48,1,36.139088,-120.368324,185.886993,7,600,58,3,e00fce6876826e255108c6bd,2025-06-21 20:30:03,2025-06-21 20:30:03,2025-06-21 20:30:03,2025-06-21
1246,ZOvYiqHpfh,MOOSPMv3Parser,1750538400,1,1,2,2,2,2,3,3,3,3,373,114,190605,22,15,4,15,15,0,0,15,1,31,35,16,15,29.558,46,1,36.139038,-120.368355,177.731995,6,600,58,3,e00fce6876826e255108c6bd,2025-06-21 20:40:03,2025-06-21 20:40:03,2025-06-21 20:40:03,2025-06-21
1257,YiqU0XD3Nd,MOOSPMv3Parser,1750539000,1,1,2,2,2,2,2,2,2,2,350,105,190616,19,14,2,14,14,0,0,14,0,31,35,16,16,29.379,42,1,36.139038,-120.368294,165.996002,7,600,58,3,e00fce6876826e255108c6bd,2025-06-21 20:50:03,2025-06-21 20:50:03,2025-06-21 20:50:03,2025-06-21
1269,9CXRqD0iAJ,MOOSPMv3Parser,1750539600,1,1,2,2,2,2,2,3,3,2,342,104,190630,23,15,3,16,16,0,0,16,0,31,35,17,16,29.284,46,1,36.139053,-120.368332,177.143997,8,600,58,3,e00fce6876826e255108c6bd,2025-06-21 21:00:03,2025-06-21 21:00:03,2025-06-21 21:00:03,2025-06-21
1277,HG1KQZGBUn,MOOSPMv3Parser,1750540200,1,1,2,2,2,2,2,3,3,2,340,104,190642,20,14,2,14,14,0,0,14,1,31,35,16,16,29.212,44,1,36.139019,-120.368401,168.328003,5,600,58,3,e00fce6876826e255108c6bd,2025-06-21 21:10:03,2025-06-21 21:10:03,2025-06-21 21:10:03,2025-06-21
1286,gPbMrnzG6b,MOOSPMv3Parser,1750540800,1,1,2,2,2,2,2,2,2,2,320,97,190653,19,14,2,14,14,0,0,14,1,31,35,17,17,28.404,42,1,36.13903,-120.368446,176.343994,6,600,58,3,e00fce6876826e255108c6bd,2025-06-21 21:20:03,2025-06-21 21:20:03,2025-06-21 21:20:03,2025-06-21
1297,iW0FQH9iFW,MOOSPMv3Parser,1750541400,1,1,2,2,2,2,2,2,2,2,313,95,190664,20,14,2,14,14,0,0,14,1,32,35,16,16,28.265,49,1,36.139084,-120.368378,178.835007,6,600,58,3,e00fce6876826e255108c6bd,2025-06-21 21:30:03,2025-06-21 21:30:03,2025-06-21 21:30:03,2025-06-21
1306,N0EstzdpNB,MOOSPMv3Parser,1750542000,1,1,2,2,2,2,2,3,3,2,304,93,190675,20,13,3,14,14,0,0,14,1,32,35,17,17,27.861,49,1,36.139084,-120.368378,178.835999,0,600,58,3,e00fce6876826e255108c6bd,2025-06-21 21:40:03,2025-06-21 21:40:03,2025-06-21 21:40:03,2025-06-21
1317,8N2iuiTwvu,MOOSPMv3Parser,1750542600,1,1,2,2,2,3,3,3,3,3,332,101,190688,21,15,5,16,16,0,0,16,1,32,35,16,16,27.507,65,1,36.139019,-120.368301,197.688004,5,600,58,3,e00fce6876826e255108c6bd,2025-06-21 21:50:03,2025-06-21 21:50:03,2025-06-21 21:50:03,2025-06-21
1329,TP6vX2lsob,MOOSPMv3Parser,1750543200,1,1,2,2,2,2,3,3,3,3,336,102,190700,20,15,3,15,15,0,0,15,1,32,35,17,17,28.747,63,1,36.13903,-120.368332,184.531998,5,600,58,3,e00fce6876826e255108c6bd,2025-06-21 22:00:08,2025-06-21 22:00:08,2025-06-21 22:00:08,2025-06-21
1338,7qIXmrkCU4,MOOSPMv3Parser,1750543800,1,1,2,2,2,3,3,3,3,3,342,105,190711,23,14,3,15,15,0,0,15,1,32,35,17,17,29.453,62,1,36.139072,-120.368362,172.669006,7,600,58,3,e00fce6876826e255108c6bd,2025-06-21 22:10:03,2025-06-21 22:10:04,2025-06-21 22:10:04,2025-06-21
1347,5gCvf291hC,MOOSPMv3Parser,1750544400,1,1,2,2,2,3,4,4,4,4,355,108,190723,24,16,4,17,17,0,0,17,1,32,35,17,16,29.105,57,1,36.139065,-120.36869,134.246994,6,600,58,3,e00fce6876826e255108c6bd,2025-06-21 22:20:04,2025-06-21 22:20:04,2025-06-21 22:20:04,2025-06-21
1359,iNIBu20lHe,MOOSPMv3Parser,1750545000,1,1,2,3,3,4,4,4,4,5,407,125,190737,26,18,3,19,19,0,0,19,1,32,35,17,16,28.976,52,1,36.138996,-120.368408,180.044998,7,600,58,3,e00fce6876826e255108c6bd,2025-06-21 22:30:03,2025-06-21 22:30:04,2025-06-21 22:30:04,2025-06-21
1369,DbeXiNCEBi,MOOSPMv3Parser,1750545600,1,1,2,2,2,3,3,3,3,4,345,106,190748,23,14,4,15,15,0,0,15,1,32,35,17,17,29.092,51,1,36.138966,-120.368294,178.177994,6,600,58,3,e00fce6876826e255108c6bd,2025-06-21 22:40:03,2025-06-21 22:40:04,2025-06-21 22:40:04,2025-06-21
1376,fO2EayrNP5,MOOSPMv3Parser,1750546200,1,1,2,2,2,3,4,3,3,4,327,101,190759,20,15,3,16,16,0,0,16,1,31,34,17,17,30.324,48,1,36.139038,-120.368469,165.910004,6,600,58,3,e00fce6876826e255108c6bd,2025-06-21 22:50:03,2025-06-21 22:50:03,2025-06-21 22:50:03,2025-06-21
1386,CyW0yKzxqD,MOOSPMv3Parser,1750546800,1,1,2,2,2,3,3,3,3,4,333,103,190768,23,13,3,14,14,0,0,14,1,31,34,18,17,29.632,42,1,36.139107,-120.368515,152.242004,7,600,58,3,e00fce6876826e255108c6bd,2025-06-21 23:00:03,2025-06-21 23:00:03,2025-06-21 23:00:03,2025-06-21
1399,nWzr40V8k8,MOOSPMv3Parser,1750547400,1,1,2,2,2,3,4,3,3,4,327,101,190780,21,15,5,16,16,0,0,16,1,31,33,18,18,29.501,40,1,36.139061,-120.368324,178.365005,7,600,58,3,e00fce6876826e255108c6bd,2025-06-21 23:10:04,2025-06-21 23:10:04,2025-06-21 23:10:04,2025-06-21
1407,Mx470iks2I,MOOSPMv3Parser,1750548000,1,1,2,2,2,2,3,2,2,3,319,98,190790,21,14,2,14,14,0,0,14,1,31,33,17,18,28.638,40,1,36.139061,-120.368324,178.367996,0,600,58,3,e00fce6876826e255108c6bd,2025-06-21 23:20:03,2025-06-21 23:20:03,2025-06-21 23:20:03,2025-06-21
1417,xOoH7lmvmi,MOOSPMv3Parser,1750548600,1,1,2,2,2,2,3,3,3,3,330,101,190801,20,14,3,14,14,0,0,14,1,31,33,17,18,29.131,39,1,36.139061,-120.368477,161.115005,7,600,58,3,e00fce6876826e255108c6bd,2025-06-21 23:30:03,2025-06-21 23:30:03,2025-06-21 23:30:03,2025-06-21
1427,1euJpXEuUT,MOOSPMv3Parser,1750549200,1,1,2,2,2,2,2,3,3,2,339,103,190811,20,13,3,14,14,0,0,14,1,31,33,18,18,29.163,37,1,36.13905,-120.368355,172.272003,6,600,58,3,e00fce6876826e255108c6bd,2025-06-21 23:40:04,2025-06-21 23:40:04,2025-06-21 23:40:04,2025-06-21
1437,8FVBvyDQlg,MOOSPMv3Parser,1750549800,1,1,2,2,2,2,2,3,3,2,301,91,190822,21,14,4,14,14,0,0,14,1,31,33,18,18,28.767,36,1,36.138969,-120.368309,169.375,7,600,58,3,e00fce6876826e255108c6bd,2025-06-21 23:50:03,2025-06-21 23:50:04,2025-06-21 23:50:04,2025-06-21
9,hHyk8oNX2w,MOOSPMv3Parser,1750550400,1,1,2,1,1,2,2,2,2,3,299,92,190834,19,14,2,15,15,0,0,15,1,31,32,18,19,29.776,36,2,36.139065,-120.36837,168.856003,5,600,58,3,e00fce6876826e255108c6bd,2025-06-22 00:00:03,2025-06-22 00:00:04,2025-06-22 00:00:04,2025-06-22
18,5Kbq6H6MVB,MOOSPMv3Parser,1750551000,1,1,2,2,2,2,3,2,2,3,312,97,190846,20,15,3,15,15,0,0,15,1,31,32,18,19,29.618,33,2,36.138966,-120.368248,196.841995,5,600,58,3,e00fce6876826e255108c6bd,2025-06-22 00:10:03,2025-06-22 00:10:03,2025-06-22 00:10:03,2025-06-22
27,RDUPi4nqj4,MOOSPMv3Parser,1750551600,0,0,2,2,2,2,3,2,2,3,292,91,190858,20,15,3,15,15,0,0,15,1,31,32,18,19,29.044,34,2,36.138996,-120.368279,170.054001,5,600,58,3,e00fce6876826e255108c6bd,2025-06-22 00:20:03,2025-06-22 00:20:03,2025-06-22 00:20:03,2025-06-22
39,2U6MQKWP6O,MOOSPMv3Parser,1750552200,1,1,2,1,1,2,2,2,2,2,292,88,190868,17,13,1,13,13,0,0,13,1,30,32,18,19,29.884,30,2,36.139,-120.368301,171.393997,5,600,58,3,e00fce6876826e255108c6bd,2025-06-22 00:30:03,2025-06-22 00:30:04,2025-06-22 00:30:04,2025-06-22
48,P8lid8Iv4D,MOOSPMv3Parser,1750552800,1,1,2,1,1,2,2,2,2,2,278,86,190877,18,12,1,12,12,0,0,12,0,30,31,18,19,29.866,27,2,36.13905,-120.368439,176.298996,5,600,58,3,e00fce6876826e255108c6bd,2025-06-22 00:40:03,2025-06-22 00:40:04,2025-06-22 00:40:04,2025-06-22
58,eJHOtGSAqi,MOOSPMv3Parser,1750553400,1,1,2,1,1,2,2,2,2,2,273,82,190885,15,12,1,12,12,0,0,12,0,30,31,18,19,29.985,24,2,36.138977,-120.368408,165.466995,7,600,58,3,e00fce6876826e255108c6bd,2025-06-22 00:50:03,2025-06-22 00:50:03,2025-06-22 00:50:03,2025-06-22
69,vrNBvhzar5,MOOSPMv3Parser,1750554000,1,1,2,1,1,2,2,1,1,2,273,82,190895,17,13,1,13,13,0,0,13,0,30,30,18,19,80.909,22,2,36.139038,-120.368317,185.671997,7,600,58,3,e00fce6876826e255108c6bd,2025-06-22 01:00:03,2025-06-22 01:00:04,2025-06-22 01:00:04,2025-06-22
79,OSdYZwtVNM,MOOSPMv3Parser,1750554600,1,1,2,1,1,2,2,2,2,2,273,83,190905,17,12,1,12,12,0,0,12,1,29,30,19,20,30.173,20,3,36.139038,-120.368317,185.671997,0,600,58,3,e00fce6876826e255108c6bd,2025-06-22 01:10:04,2025-06-22 01:10:04,2025-06-22 01:10:04,2025-06-22
87,NBzZCesAOq,MOOSPMv3Parser,1750555200,0,0,1,1,1,1,2,1,1,2,248,75,190913,17,11,1,11,11,0,0,11,0,29,30,19,20,29.772,20,3,36.139,-120.368423,170.121002,7,600,58,3,e00fce6876826e255108c6bd,2025-06-22 01:20:03,2025-06-22 01:20:04,2025-06-22 01:20:04,2025-06-22
97,uSU35NR8Hj,MOOSPMv3Parser,1750555800,0,0,1,1,1,2,2,1,1,2,249,76,190922,14,12,1,12,12,0,0,12,0,29,29,19,21,28.916,21,3,36.139023,-120.368332,179.272003,7,600,58,3,e00fce6876826e255108c6bd,2025-06-22 01:30:03,2025-06-22 01:30:03,2025-06-22 01:30:03,2025-06-22
108,KAeF8CTXr3,MOOSPMv3Parser,1750556400,1,1,1,1,1,2,2,1,1,2,262,81,190930,14,11,1,11,11,0,0,11,0,29,29,19,21,29.007,21,3,36.139118,-120.368332,183.945999,8,600,58,3,e00fce6876826e255108c6bd,2025-06-22 01:40:03,2025-06-22 01:40:04,2025-06-22 01:40:04,2025-06-22
118,LvwJeifmMz,MOOSPMv3Parser,1750557000,0,0,2,1,1,2,2,1,1,2,248,75,190939,14,12,1,12,12,0,0,12,0,29,29,19,21,29.33,21,3,36.139046,-120.368256,185.539001,5,600,58,3,e00fce6876826e255108c6bd,2025-06-22 01:50:03,2025-06-22 01:50:03,2025-06-22 01:50:03,2025-06-22
129,XYJZRafkM9,MOOSPMv3Parser,1750557600,1,1,1,1,1,1,1,2,2,1,284,86,190947,16,10,1,10,10,0,0,10,0,28,28,19,21,29.537,22,4,36.139038,-120.368347,186.393005,7,600,58,3,e00fce6876826e255108c6bd,2025-06-22 02:00:04,2025-06-22 02:00:04,2025-06-22 02:00:04,2025-06-22
138,tXVyD95xhG,MOOSPMv3Parser,1750558200,0,0,1,1,1,1,1,1,1,1,233,71,190955,13,10,1,10,10,0,0,10,0,28,28,19,21,29.775,22,4,36.139004,-120.368423,166.623001,6,600,58,3,e00fce6876826e255108c6bd,2025-06-22 02:10:03,2025-06-22 02:10:03,2025-06-22 02:10:03,2025-06-22
150,UBoP9wf3XC,MOOSPMv3Parser,1750558800,0,0,1,1,1,1,1,1,1,1,237,71,190964,12,11,0,11,11,0,0,11,0,27,28,19,21,30.105,23,4,36.138969,-120.36837,180.395004,6,600,58,3,e00fce6876826e255108c6bd,2025-06-22 02:20:03,2025-06-22 02:20:04,2025-06-22 02:20:04,2025-06-22
160,7XZvYdRj2Z,MOOSPMv3Parser,1750559400,0,0,1,1,1,1,1,1,1,1,217,67,190972,14,10,1,10,10,0,0,10,0,27,27,19,21,29.563,24,4,36.139015,-120.368301,183.955002,7,600,58,3,e00fce6876826e255108c6bd,2025-06-22 02:30:03,2025-06-22 02:30:04,2025-06-22 02:30:04,2025-06-22
169,Gsq5BEULLk,MOOSPMv3Parser,1750560000,0,0,1,1,1,1,1,1,1,1,231,69,190980,14,11,1,11,11,0,0,11,0,26,27,20,22,29.299,24,5,36.139015,-120.368401,175.046005,10,600,58,3,e00fce6876826e255108c6bd,2025-06-22 02:40:03,2025-06-22 02:40:04,2025-06-22 02:40:04,2025-06-22
179,JBRev9VSb0,MOOSPMv3Parser,1750560600,0,0,1,1,1,1,1,1,1,1,262,78,190989,14,11,1,11,11,0,0,11,0,26,26,20,21,29.151,25,5,36.139038,-120.368393,172.565994,8,600,58,3,e00fce6876826e255108c6bd,2025-06-22 02:50:03,2025-06-22 02:50:04,2025-06-22 02:50:04,2025-06-22
188,ABc9zhfPF2,MOOSPMv3Parser,1750561200,0,0,1,1,1,1,1,1,1,1,227,68,190997,14,9,2,9,9,0,0,9,0,25,26,21,22,29.311,25,5,36.139038,-120.368393,172.572998,0,600,58,3,e00fce6876826e255108c6bd,2025-06-22 03:00:03,2025-06-22 03:00:04,2025-06-22 03:00:04,2025-06-22
198,Yya1Y7w9Vg,MOOSPMv3Parser,1750561800,1,1,1,1,1,1,1,2,2,1,247,77,191005,15,11,2,11,11,0,0,11,0,25,25,21,22,29.598,26,5,36.139053,-120.368279,174.681,11,600,58,3,e00fce6876826e255108c6bd,2025-06-22 03:10:03,2025-06-22 03:10:04,2025-06-22 03:10:04,2025-06-22
209,tAmjJOTCyf,MOOSPMv3Parser,1750562400,0,0,1,1,1,1,1,1,1,1,234,72,191014,14,11,2,11,11,0,0,11,0,25,25,21,23,28.564,27,6,36.139065,-120.36824,160.761993,7,600,58,3,e00fce6876826e255108c6bd,2025-06-22 03:20:04,2025-06-22 03:20:04,2025-06-22 03:20:04,2025-06-22
220,9MVpW2edtu,MOOSPMv3Parser,1750563000,0,0,2,1,1,2,2,1,1,2,266,80,191023,14,12,1,12,12,0,0,12,0,24,24,22,24,27.718,27,5,36.139046,-120.368233,168.695999,6,600,58,3,e00fce6876826e255108c6bd,2025-06-22 03:30:08,2025-06-22 03:30:09,2025-06-22 03:30:09,2025-06-22
229,hvHpPHleJ7,MOOSPMv3Parser,1750563600,0,0,1,1,1,1,1,1,1,1,231,72,191032,15,11,1,11,11,0,0,11,0,24,24,22,24,27.534,28,5,36.138973,-120.368279,170.804993,5,600,58,3,e00fce6876826e255108c6bd,2025-06-22 03:40:05,2025-06-22 03:40:05,2025-06-22 03:40:05,2025-06-22
239,qyE6WEyIP8,MOOSPMv3Parser,1750564200,1,1,2,2,2,2,2,2,2,2,320,99,191044,21,15,1,15,15,0,0,15,0,24,24,22,24,27.274,28,5,36.13903,-120.368332,160.347,6,600,58,3,e00fce6876826e255108c6bd,2025-06-22 03:50:04,2025-06-22 03:50:04,2025-06-22 03:50:04,2025-06-22
249,XluPfEJTxI,MOOSPMv3Parser,1750564800,0,0,1,1,1,1,1,1,1,1,202,62,191052,12,10,1,10,10,0,0,10,0,23,23,22,24,26.957,29,4,36.139076,-120.368355,174.718002,8,600,58,3,e00fce6876826e255108c6bd,2025-06-22 04:00:04,2025-06-22 04:00:05,2025-06-22 04:00:05,2025-06-22
256,gj1d2EIWIg,MOOSPMv3Parser,1750565400,0,0,1,1,1,1,1,1,1,1,214,66,191061,11,11,2,11,11,0,0,11,0,23,23,22,24,26.521,30,4,36.139133,-120.368179,155.147003,6,600,58,3,e00fce6876826e255108c6bd,2025-06-22 04:10:03,2025-06-22 04:10:04,2025-06-22 04:10:04,2025-06-22
268,lXfOfxXDdg,MOOSPMv3Parser,1750566000,0,0,1,1,1,1,1,1,1,1,205,62,191069,13,9,2,9,9,0,0,9,0,22,22,23,25,26.418,31,4,36.139076,-120.368309,178.356995,6,600,58,3,e00fce6876826e255108c6bd,2025-06-22 04:20:03,2025-06-22 04:20:04,2025-06-22 04:20:04,2025-06-22
278,hc4CZ57C9Y,MOOSPMv3Parser,1750566600,0,0,1,1,1,1,1,1,1,1,181,56,191077,10,9,1,9,9,0,0,9,0,22,22,23,25,25.831,32,4,36.139099,-120.368179,201.195007,4,600,58,3,e00fce6876826e255108c6bd,2025-06-22 04:30:03,2025-06-22 04:30:04,2025-06-22 04:30:04,2025-06-22
289,OVjUQZQRy7,MOOSPMv3Parser,1750567200,0,0,1,1,1,1,1,1,1,1,187,56,191085,12,8,1,9,9,0,0,9,0,22,22,23,25,25.75,36,4,36.139019,-120.368271,200.869003,8,600,58,3,e00fce6876826e255108c6bd,2025-06-22 04:40:04,2025-06-22 04:40:04,2025-06-22 04:40:04,2025-06-22
299,zmO2l2GbBk,MOOSPMv3Parser,1750567800,0,0,1,1,1,1,1,1,1,1,210,63,191094,12,11,1,11,11,0,0,11,0,21,21,26,27,23.18,80,3,36.139027,-120.368286,187.735001,6,600,58,3,e00fce6876826e255108c6bd,2025-06-22 04:50:04,2025-06-22 04:50:05,2025-06-22 04:50:05,2025-06-22
308,nRmokKF8uo,MOOSPMv3Parser,1750568400,1,1,2,1,1,2,2,2,2,2,247,75,191105,16,14,1,14,14,0,0,14,0,21,21,25,26,23.567,100,2,36.139015,-120.368393,162.757004,6,600,58,3,e00fce6876826e255108c6bd,2025-06-22 05:00:03,2025-06-22 05:00:04,2025-06-22 05:00:04,2025-06-22
317,8RlIL8QwNC,MOOSPMv3Parser,1750569000,0,0,1,1,1,1,1,1,1,1,212,64,191114,12,11,1,11,11,0,0,11,0,20,20,25,27,24.123,78,2,36.138992,-120.368469,168.462997,5,600,58,3,e00fce6876826e255108c6bd,2025-06-22 05:10:03,2025-06-22 05:10:04,2025-06-22 05:10:04,2025-06-22
329,nFWQFJ3cEV,MOOSPMv3Parser,1750569600,0,0,1,1,1,1,1,1,1,1,181,56,191122,11,10,1,10,10,0,0,10,0,20,20,28,30,22.72,138,2,36.139053,-120.3685,163.964996,6,600,58,3,e00fce6876826e255108c6bd,2025-06-22 05:20:04,2025-06-22 05:20:04,2025-06-22 05:20:04,2025-06-22
339,zzHXbmt7x0,MOOSPMv3Parser,1750570200,0,0,1,1,1,2,2,2,2,2,216,67,191132,15,12,2,12,12,0,0,12,0,19,19,28,30,21.867,194,2,36.13908,-120.368317,176.085007,5,600,58,3,e00fce6876826e255108c6bd,2025-06-22 05:30:04,2025-06-22 05:30:04,2025-06-22 05:30:04,2025-06-22
349,ObfhpYR6ek,MOOSPMv3Parser,1750570800,0,0,1,1,1,1,1,1,1,1,217,67,191140,16,11,1,11,11,0,0,11,0,19,19,29,30,21.823,189,1,36.139042,-120.368401,188.059006,5,600,58,3,e00fce6876826e255108c6bd,2025-06-22 05:40:04,2025-06-22 05:40:04,2025-06-22 05:40:04,2025-06-22
359,Kdv2KJNDtn,MOOSPMv3Parser,1750571400,0,0,1,1,1,1,1,2,2,1,225,70,191148,15,11,2,11,11,0,0,11,0,19,19,29,30,21.522,228,1,36.138962,-120.368393,168.867996,8,600,58,3,e00fce6876826e255108c6bd,2025-06-22 05:50:04,2025-06-22 05:50:04,2025-06-22 05:50:04,2025-06-22
368,aTCSJgnCxX,MOOSPMv3Parser,1750572000,0,0,1,1,1,2,2,2,2,2,211,65,191157,13,11,2,11,11,0,0,11,0,18,18,29,30,21.079,269,1,36.13905,-120.368279,185.873993,5,600,58,3,e00fce6876826e255108c6bd,2025-06-22 06:00:04,2025-06-22 06:00:04,2025-06-22 06:00:04,2025-06-22
379,xRXMAhWJjc,MOOSPMv3Parser,1750572600,0,0,1,1,1,1,1,1,1,1,196,60,191165,13,11,1,11,11,0,0,11,0,18,18,31,33,21.461,238,1,36.13905,-120.368279,185.878998,0,600,58,3,e00fce6876826e255108c6bd,2025-06-22 06:10:05,2025-06-22 06:10:05,2025-06-22 06:10:05,2025-06-22
389,VGPjyNQjom,MOOSPMv3Parser,1750573200,0,0,1,1,1,2,2,1,1,2,195,58,191173,12,11,1,11,11,0,0,11,0,18,18,30,32,22.651,164,1,36.138973,-120.368347,149.003006,6,600,58,3,e00fce6876826e255108c6bd,2025-06-22 06:20:04,2025-06-22 06:20:04,2025-06-22 06:20:04,2025-06-22
399,mtesF5dnnd,MOOSPMv3Parser,1750573800,0,0,1,1,1,1,1,1,1,1,205,62,191182,13,10,1,10,10,0,0,10,0,18,18,31,33,22.557,140,2,36.139004,-120.368332,167.414993,8,600,58,3,e00fce6876826e255108c6bd,2025-06-22 06:30:04,2025-06-22 06:30:04,2025-06-22 06:30:04,2025-06-22
409,anDrc9q8Ww,MOOSPMv3Parser,1750574400,0,0,1,1,1,2,2,2,2,2,213,65,191190,15,11,3,12,12,0,0,12,0,18,17,32,34,23.112,177,2,36.139019,-120.368362,154.660004,7,600,58,3,e00fce6876826e255108c6bd,2025-06-22 06:40:04,2025-06-22 06:40:04,2025-06-22 06:40:04,2025-06-22
418,OqI4qgs0pG,MOOSPMv3Parser,1750575000,0,0,2,1,1,2,2,2,2,2,214,66,191201,14,13,2,13,13,0,0,13,0,18,17,33,35,23.453,129,2,36.139076,-120.368248,200.154999,7,600,58,3,e00fce6876826e255108c6bd,2025-06-22 06:50:03,2025-06-22 06:50:04,2025-06-22 06:50:04,2025-06-22
429,VvSPJQ2G0z,MOOSPMv3Parser,1750575600,0,0,2,1,1,2,2,2,2,2,207,64,191210,16,12,2,12,12,0,0,12,1,18,17,33,36,22.594,222,2,36.139072,-120.368385,162.722,7,600,58,3,e00fce6876826e255108c6bd,2025-06-22 07:00:03,2025-06-22 07:00:04,2025-06-22 07:00:04,2025-06-22
438,ENM9ZKotY5,MOOSPMv3Parser,1750576200,0,0,2,1,1,2,2,2,2,2,235,70,191220,17,12,2,12,12,0,0,12,1,18,17,32,34,22.31,260,1,36.13905,-120.368256,172.330994,8,600,58,3,e00fce6876826e255108c6bd,2025-06-22 07:10:04,2025-06-22 07:10:04,2025-06-22 07:10:04,2025-06-22
447,Vdg2jfgVLy,MOOSPMv3Parser,1750576800,0,0,2,1,1,2,2,2,2,2,247,75,191228,13,12,2,12,12,0,0,12,1,18,17,33,36,23.585,161,1,36.139004,-120.368393,161.115005,7,600,58,3,e00fce6876826e255108c6bd,2025-06-22 07:20:03,2025-06-22 07:20:04,2025-06-22 07:20:04,2025-06-22
456,YwtMy2vR5Q,MOOSPMv3Parser,1750577400,0,0,2,1,1,2,2,2,2,2,224,69,191238,15,13,1,13,13,0,0,13,1,18,17,32,35,23.063,188,1,36.139046,-120.3685,165.253998,7,600,58,3,e00fce6876826e255108c6bd,2025-06-22 07:30:03,2025-06-22 07:30:04,2025-06-22 07:30:04,2025-06-22
469,CrBhOt6yY0,MOOSPMv3Parser,1750578000,0,0,2,1,1,2,2,2,2,2,241,74,191248,16,14,2,14,14,0,0,14,0,17,17,33,36,22.649,235,1,36.13903,-120.368385,170.453003,8,600,58,3,e00fce6876826e255108c6bd,2025-06-22 07:40:04,2025-06-22 07:40:04,2025-06-22 07:40:04,2025-06-22
477,EMK8CsMAuV,MOOSPMv3Parser,1750578600,0,0,1,1,1,2,2,2,2,2,225,68,191257,13,12,1,12,12,0,0,12,0,17,17,32,35,23.499,175,1,36.139008,-120.368271,182.647003,8,600,58,3,e00fce6876826e255108c6bd,2025-06-22 07:50:03,2025-06-22 07:50:04,2025-06-22 07:50:04,2025-06-22
488,H5DQdDL5lI,MOOSPMv3Parser,1750579200,0,0,2,1,1,2,2,2,2,2,240,72,191265,15,12,1,12,12,0,0,12,0,18,17,31,34,24.67,132,1,36.139008,-120.368271,182.645004,0,600,58,3,e00fce6876826e255108c6bd,2025-06-22 08:00:04,2025-06-22 08:00:04,2025-06-22 08:00:04,2025-06-22
499,CnMa2Bb7C9,MOOSPMv3Parser,1750579800,0,0,2,1,1,2,2,2,2,2,249,74,191275,16,12,2,12,12,0,0,12,0,18,17,30,34,24.445,122,2,36.139019,-120.368317,163.768997,10,600,58,3,e00fce6876826e255108c6bd,2025-06-22 08:10:04,2025-06-22 08:10:04,2025-06-22 08:10:04,2025-06-22
506,PZyGC3NOer,MOOSPMv3Parser,1750580400,1,1,1,2,2,1,1,2,2,1,261,79,191283,17,11,2,11,11,0,0,11,0,18,17,32,35,24.063,140,2,36.138996,-120.368324,178.039993,7,600,58,3,e00fce6876826e255108c6bd,2025-06-22 08:20:03,2025-06-22 08:20:04,2025-06-22 08:20:04,2025-06-22
519,pLiAie7uuS,MOOSPMv3Parser,1750581000,1,1,1,1,1,2,2,2,2,2,245,76,191292,15,11,2,11,11,0,0,11,0,18,17,32,34,23.044,196,2,36.139011,-120.36834,160.341003,6,600,58,3,e00fce6876826e255108c6bd,2025-06-22 08:30:03,2025-06-22 08:30:04,2025-06-22 08:30:04,2025-06-22
529,4s8jvBOqt9,MOOSPMv3Parser,1750581600,1,1,1,1,1,2,2,2,2,2,242,75,191300,15,11,1,11,11,0,0,11,0,18,17,32,35,25.231,124,2,36.139099,-120.368484,153.953995,7,600,58,3,e00fce6876826e255108c6bd,2025-06-22 08:40:04,2025-06-22 08:40:04,2025-06-22 08:40:04,2025-06-22
539,KfjHDXlW5R,MOOSPMv3Parser,1750582200,0,0,2,1,1,2,2,2,2,2,247,74,191310,14,13,1,13,13,0,0,13,0,17,16,33,36,22.22,234,2,36.139038,-120.36837,171.826004,7,600,58,3,e00fce6876826e255108c6bd,2025-06-22 08:50:04,2025-06-22 08:50:04,2025-06-22 08:50:04,2025-06-22
546,TGuAzJiwYg,MOOSPMv3Parser,1750582800,1,1,2,1,1,2,2,2,2,2,227,70,191320,15,13,1,13,13,0,0,13,0,17,16,34,36,20.87,343,1,36.139076,-120.368393,164.384003,12,600,58,3,e00fce6876826e255108c6bd,2025-06-22 09:00:03,2025-06-22 09:00:04,2025-06-22 09:00:04,2025-06-22
556,FygEuueI2r,MOOSPMv3Parser,1750583400,1,1,2,1,1,2,2,2,2,2,243,73,191330,13,13,1,13,13,0,0,13,0,17,16,35,38,20.021,396,1,36.139072,-120.368484,160.688004,9,600,58,3,e00fce6876826e255108c6bd,2025-06-22 09:10:03,2025-06-22 09:10:04,2025-06-22 09:10:04,2025-06-22
567,r9rEzVhG2r,MOOSPMv3Parser,1750584000,0,0,2,1,1,2,2,2,2,2,234,72,191340,15,13,2,13,13,0,0,13,0,16,16,36,39,19.629,430,1,36.139008,-120.368317,177.671997,9,600,58,3,e00fce6876826e255108c6bd,2025-06-22 09:20:03,2025-06-22 09:20:04,2025-06-22 09:20:04,2025-06-22
579,s2WS5a9bVi,MOOSPMv3Parser,1750584600,0,0,2,1,1,2,2,2,2,2,231,71,191350,14,13,1,13,13,0,0,13,0,16,16,37,39,19.491,423,1,36.138977,-120.368362,172.412003,7,600,58,3,e00fce6876826e255108c6bd,2025-06-22 09:30:04,2025-06-22 09:30:04,2025-06-22 09:30:04,2025-06-22
586,zYIifdmYr8,MOOSPMv3Parser,1750585200,1,1,2,2,2,2,2,2,2,2,261,81,191363,16,15,2,15,15,0,0,15,0,16,16,38,39,18.326,465,1,36.139019,-120.368172,185.613998,8,600,58,3,e00fce6876826e255108c6bd,2025-06-22 09:40:04,2025-06-22 09:40:04,2025-06-22 09:40:04,2025-06-22
599,lEXqyfG1zk,MOOSPMv3Parser,1750585800,0,0,2,2,2,2,2,2,2,2,241,74,191373,16,13,2,13,13,0,0,13,1,16,15,38,40,17.641,482,1,36.139019,-120.368172,185.613007,0,600,58,3,e00fce6876826e255108c6bd,2025-06-22 09:50:04,2025-06-22 09:50:04,2025-06-22 09:50:04,2025-06-22
608,4t29dHylfq,MOOSPMv3Parser,1750586400,1,1,2,2,2,2,2,2,2,2,269,83,191386,16,14,1,14,14,0,0,14,0,16,15,39,41,16.768,494,1,36.139019,-120.368378,171.820999,6,600,58,3,e00fce6876826e255108c6bd,2025-06-22 10:00:04,2025-06-22 10:00:04,2025-06-22 10:00:04,2025-06-22
619,xGBH6gtujr,MOOSPMv3Parser,1750587000,0,0,2,1,1,2,2,2,2,2,232,71,191397,16,13,2,14,14,0,0,14,0,16,15,40,43,17.127,493,1,36.139038,-120.368393,172.044006,10,600,58,3,e00fce6876826e255108c6bd,2025-06-22 10:10:04,2025-06-22 10:10:04,2025-06-22 10:10:04,2025-06-22
628,hP2sKNUX5H,MOOSPMv3Parser,1750587600,0,0,2,1,1,2,2,2,2,2,244,76,191408,15,13,1,13,13,0,0,13,0,16,15,39,41,17.527,485,1,36.13905,-120.36834,178.274994,8,600,58,3,e00fce6876826e255108c6bd,2025-06-22 10:20:03,2025-06-22 10:20:04,2025-06-22 10:20:04,2025-06-22
638,gQI28HopxQ,MOOSPMv3Parser,1750588200,0,0,2,1,1,2,2,1,1,2,235,71,191419,16,13,1,13,13,0,0,13,0,15,15,39,41,17.551,481,1,36.139004,-120.368324,167.824997,7,600,58,3,e00fce6876826e255108c6bd,2025-06-22 10:30:04,2025-06-22 10:30:04,2025-06-22 10:30:04,2025-06-22
648,8FxLFY0Pq6,MOOSPMv3Parser,1750588800,0,0,2,1,1,2,2,2,2,2,238,73,191430,15,14,2,14,14,0,0,14,0,15,15,40,42,16.988,487,1,36.138935,-120.368439,166.218002,6,600,58,3,e00fce6876826e255108c6bd,2025-06-22 10:40:04,2025-06-22 10:40:04,2025-06-22 10:40:04,2025-06-22
659,jwikPvOyLF,MOOSPMv3Parser,1750589400,1,1,2,1,1,2,2,1,1,2,236,72,191441,15,13,1,14,14,0,0,14,0,15,15,41,42,16.345,495,1,36.139061,-120.368309,175.710007,7,600,58,3,e00fce6876826e255108c6bd,2025-06-22 10:50:04,2025-06-22 10:50:04,2025-06-22 10:50:04,2025-06-22
669,U0K9zDiFBM,MOOSPMv3Parser,1750590000,0,0,2,1,1,2,2,2,2,2,245,75,191453,18,14,2,14,14,0,0,14,0,15,14,40,42,16.255,498,1,36.139011,-120.368156,190.339996,6,600,58,3,e00fce6876826e255108c6bd,2025-06-22 11:00:04,2025-06-22 11:00:04,2025-06-22 11:00:04,2025-06-22
679,30PNvrOVcH,MOOSPMv3Parser,1750590600,1,1,2,1,1,2,2,2,2,2,255,78,191463,15,13,1,13,13,0,0,13,0,15,14,42,44,16.282,498,1,36.138996,-120.368248,177.272995,7,600,58,3,e00fce6876826e255108c6bd,2025-06-22 11:10:04,2025-06-22 11:10:04,2025-06-22 11:10:04,2025-06-22
689,sURZWJwVPx,MOOSPMv3Parser,1750591200,1,1,2,1,1,2,2,2,2,2,251,77,191474,14,13,1,13,13,0,0,13,0,15,14,41,43,16.233,498,1,36.139004,-120.368279,168.356003,6,600,58,3,e00fce6876826e255108c6bd,2025-06-22 11:20:04,2025-06-22 11:20:04,2025-06-22 11:20:04,2025-06-22
699,DuMIPDy9Wu,MOOSPMv3Parser,1750591800,0,0,2,2,2,2,2,2,2,2,244,74,191484,13,13,2,13,13,0,0,13,0,14,14,41,43,16.87,498,1,36.139004,-120.368279,168.356003,0,600,58,3,e00fce6876826e255108c6bd,2025-06-22 11:30:05,2025-06-22 11:30:05,2025-06-22 11:30:05,2025-06-22
707,K9r7bN6JqR,MOOSPMv3Parser,1750592400,1,1,2,1,1,2,2,2,2,2,237,73,191495,16,13,1,13,13,0,0,13,0,14,14,39,41,17.267,497,1,36.138977,-120.368202,180.507996,7,600,58,3,e00fce6876826e255108c6bd,2025-06-22 11:40:04,2025-06-22 11:40:04,2025-06-22 11:40:04,2025-06-22
718,E9zp9JcGN1,MOOSPMv3Parser,1750593000,0,0,1,1,1,2,2,2,2,2,230,70,191503,16,12,1,12,12,0,0,12,0,15,14,38,41,18.67,491,1,36.138981,-120.368378,171.740005,8,600,58,3,e00fce6876826e255108c6bd,2025-06-22 11:50:04,2025-06-22 11:50:04,2025-06-22 11:50:04,2025-06-22
729,Cth3Pmjwm6,MOOSPMv3Parser,1750593600,0,0,2,1,1,2,2,1,1,2,211,65,191512,12,12,1,12,12,0,0,12,0,15,14,38,41,19.662,472,1,36.139,-120.368294,167.807007,7,600,58,3,e00fce6876826e255108c6bd,2025-06-22 12:00:04,2025-06-22 12:00:04,2025-06-22 12:00:04,2025-06-22
739,ZBigOS5nQQ,MOOSPMv3Parser,1750594200,0,0,1,1,1,2,2,1,1,2,211,66,191521,12,11,1,11,11,0,0,11,0,15,14,40,43,18.903,439,1,36.138985,-120.368233,192.063004,7,600,58,3,e00fce6876826e255108c6bd,2025-06-22 12:10:04,2025-06-22 12:10:04,2025-06-22 12:10:04,2025-06-22
749,bN8pX8YDwI,MOOSPMv3Parser,1750594800,0,0,2,1,1,2,2,2,2,2,218,67,191850,14,12,1,12,12,0,0,12,0,14,13,41,44,18.341,458,1,36.139011,-120.368279,159.347,7,599,58,3,e00fce6876826e255108c6bd,2025-06-22 12:20:04,2025-06-22 12:20:04,2025-06-22 12:20:04,2025-06-22
759,aERZ48Hjmj,MOOSPMv3Parser,1750595400,1,1,2,2,2,2,2,2,2,2,249,77,191860,17,12,2,12,12,0,0,12,0,14,13,41,43,17.981,460,1,36.13903,-120.368362,170.651993,6,599,58,3,e00fce6876826e255108c6bd,2025-06-22 12:30:04,2025-06-22 12:30:04,2025-06-22 12:30:04,2025-06-22
767,Z8quBrf9wB,MOOSPMv3Parser,1750596000,0,0,2,1,1,2,2,2,2,2,222,68,191870,13,13,2,13,13,0,0,13,0,14,13,43,44,17.824,463,1,36.139011,-120.368401,165.701004,7,599,58,3,e00fce6876826e255108c6bd,2025-06-22 12:40:04,2025-06-22 12:40:04,2025-06-22 12:40:04,2025-06-22
779,vKQf9WZc1M,MOOSPMv3Parser,1750596600,1,1,2,1,1,2,2,2,2,2,238,74,191880,14,12,1,12,12,0,0,12,0,14,13,43,45,18.131,446,1,36.138992,-120.368172,198.557999,6,599,58,3,e00fce6876826e255108c6bd,2025-06-22 12:50:04,2025-06-22 12:50:04,2025-06-22 12:50:04,2025-06-22
789,2Fhxpd1GBp,MOOSPMv3Parser,1750597200,0,0,2,1,1,2,2,1,1,2,206,63,191569,14,12,1,12,12,0,0,12,0,14,13,43,45,17.773,439,1,36.139011,-120.368378,162.557007,6,600,58,3,e00fce6876826e255108c6bd,2025-06-22 13:00:04,2025-06-22 13:00:04,2025-06-22 13:00:04,2025-06-22
798,KG267LyA04,MOOSPMv3Parser,1750597800,1,1,2,1,1,2,2,2,2,2,245,76,191898,15,12,2,12,12,0,0,12,0,14,13,44,46,16.767,473,1,36.138836,-120.368317,173.024994,5,599,58,3,e00fce6876826e255108c6bd,2025-06-22 13:10:04,2025-06-22 13:10:04,2025-06-22 13:10:04,2025-06-22
807,iIsMD8mL9D,MOOSPMv3Parser,1750598400,0,0,2,1,1,2,2,2,2,2,229,71,191588,15,12,2,13,13,0,0,13,0,14,13,43,45,16.988,470,1,36.138836,-120.368317,173.018005,0,600,58,3,e00fce6876826e255108c6bd,2025-06-22 13:20:04,2025-06-22 13:20:04,2025-06-22 13:20:04,2025-06-22
819,GaIKQganxE,MOOSPMv3Parser,1750599000,0,0,2,1,1,2,2,2,2,2,229,71,191598,16,12,1,12,12,0,0,12,1,14,13,43,46,17.379,421,1,36.139015,-120.368439,169.199005,5,600,58,3,e00fce6876826e255108c6bd,2025-06-22 13:30:04,2025-06-22 13:30:04,2025-06-22 13:30:04,2025-06-22
829,IXuxR8liVk,MOOSPMv3Parser,1750599600,0,0,2,1,1,2,2,2,2,2,227,70,191927,14,13,2,13,13,0,0,13,0,14,13,41,45,16.086,465,1,36.139091,-120.368454,175.384995,5,599,58,3,e00fce6876826e255108c6bd,2025-06-22 13:40:04,2025-06-22 13:40:04,2025-06-22 13:40:04,2025-06-22
838,ZWPugqXC0r,MOOSPMv3Parser,1750600200,1,1,2,1,1,2,2,2,2,2,249,76,191938,16,13,1,13,13,0,0,13,1,15,14,40,44,16.059,465,1,36.138905,-120.368156,196.929993,5,599,58,3,e00fce6876826e255108c6bd,2025-06-22 13:50:04,2025-06-22 13:50:04,2025-06-22 13:50:04,2025-06-22
849,halzUDq3qV,MOOSPMv3Parser,1750600800,1,1,2,2,2,2,2,2,2,2,330,101,191951,17,15,2,15,15,0,0,15,0,17,14,33,40,17.685,407,1,36.138988,-120.368362,179.292999,5,599,58,3,e00fce6876826e255108c6bd,2025-06-22 14:00:04,2025-06-22 14:00:04,2025-06-22 14:00:04,2025-06-22
859,kKPvOHz8kv,MOOSPMv3Parser,1750601400,0,0,1,1,1,1,1,1,1,1,195,61,191640,11,11,1,11,11,0,0,11,0,19,15,31,39,21.414,191,1,36.139,-120.368385,170.546997,9,600,58,3,e00fce6876826e255108c6bd,2025-06-22 14:10:04,2025-06-22 14:10:04,2025-06-22 14:10:04,2025-06-22
869,EqQZXoXlTj,MOOSPMv3Parser,1750602000,0,0,1,1,1,1,2,1,1,2,180,54,191969,10,11,0,11,11,0,0,11,0,20,16,28,37,21.381,146,1,36.139027,-120.368401,180.313995,6,599,58,3,e00fce6876826e255108c6bd,2025-06-22 14:20:04,2025-06-22 14:20:04,2025-06-22 14:20:04,2025-06-22
879,bOa7uu1VCp,MOOSPMv3Parser,1750602600,0,0,1,1,1,1,1,1,1,1,177,54,191657,10,10,1,10,10,0,0,10,0,22,17,26,34,21.417,131,1,36.139027,-120.368401,180.315994,0,600,58,3,e00fce6876826e255108c6bd,2025-06-22 14:30:04,2025-06-22 14:30:04,2025-06-22 14:30:04,2025-06-22
887,nkQOdIquL4,MOOSPMv3Parser,1750603200,0,0,1,1,1,1,1,1,1,1,192,59,191665,10,9,0,9,9,0,0,9,0,23,18,25,34,21.79,106,1,36.138996,-120.368271,187.406006,7,600,58,3,e00fce6876826e255108c6bd,2025-06-22 14:40:04,2025-06-22 14:40:04,2025-06-22 14:40:04,2025-06-22
899,oxM0ExsDbv,MOOSPMv3Parser,1750603800,0,0,1,1,1,1,1,1,1,1,208,63,191993,12,9,1,9,9,0,0,9,0,23,19,26,33,22.046,98,2,36.138966,-120.368309,184.028,8,599,58,3,e00fce6876826e255108c6bd,2025-06-22 14:50:04,2025-06-22 14:50:04,2025-06-22 14:50:04,2025-06-22
908,00vu5oq8AG,MOOSPMv3Parser,1750604400,0,0,1,1,1,1,1,1,1,1,206,63,192001,12,10,1,10,10,0,0,10,0,24,21,25,31,21.077,106,2,36.139046,-120.36834,175.682007,8,599,58,3,e00fce6876826e255108c6bd,2025-06-22 15:00:04,2025-06-22 15:00:04,2025-06-22 15:00:04,2025-06-22
918,U7hJCvdAys,MOOSPMv3Parser,1750605000,0,0,1,1,1,1,1,1,1,1,204,62,192009,12,10,1,10,10,0,0,10,0,24,23,26,29,22.241,83,2,36.139015,-120.368355,169.761002,6,599,58,3,e00fce6876826e255108c6bd,2025-06-22 15:10:04,2025-06-22 15:10:04,2025-06-22 15:10:04,2025-06-22
927,aiF8rv2YM2,MOOSPMv3Parser,1750605600,0,0,1,1,1,1,1,1,1,1,197,61,192017,13,9,1,9,9,0,0,9,0,25,25,26,28,21.246,94,2,36.13895,-120.36821,166.028,8,599,58,3,e00fce6876826e255108c6bd,2025-06-22 15:20:04,2025-06-22 15:20:04,2025-06-22 15:20:04,2025-06-22
938,OEKOuUsD2a,MOOSPMv3Parser,1750606200,0,0,1,1,1,1,1,1,1,1,197,60,192026,12,10,1,10,10,0,0,10,0,26,26,25,27,20.804,110,2,36.138988,-120.368378,173.412994,7,599,58,3,e00fce6876826e255108c6bd,2025-06-22 15:30:04,2025-06-22 15:30:04,2025-06-22 15:30:04,2025-06-22
949,nG5vwF8DVC,MOOSPMv3Parser,1750606800,0,0,3,0,0,3,3,1,1,3,191,58,191727,11,25,0,25,25,0,0,25,0,27,27,26,27,21.033,112,1,36.138977,-120.368324,178.024994,7,600,58,3,e00fce6876826e255108c6bd,2025-06-22 15:40:04,2025-06-22 15:40:04,2025-06-22 15:40:04,2025-06-22
958,DYqFF6wKQe,MOOSPMv3Parser,1750607400,0,0,5,1,1,5,5,1,1,5,193,59,191760,12,38,1,38,38,0,0,38,0,28,29,23,24,20.947,117,1,36.138931,-120.368317,161.466995,6,600,58,3,e00fce6876826e255108c6bd,2025-06-22 15:50:04,2025-06-22 15:50:04,2025-06-22 15:50:04,2025-06-22
968,uHlkYTMW7D,MOOSPMv3Parser,1750608000,0,0,43,1,1,45,45,1,1,45,202,60,192372,11,334,1,336,336,0,0,336,0,28,30,23,23,21.202,113,1,36.138939,-120.368423,156.182999,7,599,58,3,e00fce6876826e255108c6bd,2025-06-22 16:00:04,2025-06-22 16:00:04,2025-06-22 16:00:04,2025-06-22
979,uzB6UpGq3l,MOOSPMv3Parser,1750608600,0,0,140,1,1,147,147,1,1,147,210,63,193328,11,1098,1,1103,1103,0,0,1103,0,28,31,22,22,20.858,128,1,36.138924,-120.368271,167.022003,7,599,58,3,e00fce6876826e255108c6bd,2025-06-22 16:10:04,2025-06-22 16:10:04,2025-06-22 16:10:04,2025-06-22
989,7hbYv0Rer1,MOOSPMv3Parser,1750609200,0,0,500,0,0,974,1350,1,1,1534,191,58,195388,10,3467,0,3924,4019,0,0,4040,1,29,32,23,22,20.259,143,1,36.138924,-120.368271,167.026993,0,600,58,3,e00fce6876826e255108c6bd,2025-06-22 16:20:04,2025-06-22 16:20:04,2025-06-22 16:20:04,2025-06-22
998,Z17lGYXNhs,MOOSPMv3Parser,1750609800,0,0,391,0,0,942,1386,1,1,1603,185,55,196897,9,2539,1,3072,3183,0,0,3208,1,30,33,21,21,20.032,160,1,36.138969,-120.368492,171.962997,7,600,58,3,e00fce6876826e255108c6bd,2025-06-22 16:30:04,2025-06-22 16:30:04,2025-06-22 16:30:04,2025-06-22
1008,lCamVDcnEY,MOOSPMv3Parser,1750610400,0,0,178,0,0,901,1496,1,1,1789,176,52,197226,10,688,1,1395,1543,0,0,1576,1,30,34,21,19,20.237,157,1,36.139011,-120.368378,170.110992,6,599,58,3,e00fce6876826e255108c6bd,2025-06-22 16:40:04,2025-06-22 16:40:04,2025-06-22 16:40:04,2025-06-22
1019,yoyJl3MlRg,MOOSPMv3Parser,1750611000,0,0,166,0,0,973,1639,1,1,1966,170,50,196898,9,512,1,1301,1467,0,0,1504,1,30,34,20,19,21.454,144,1,36.139057,-120.368294,152.987,8,600,58,3,e00fce6876826e255108c6bd,2025-06-22 16:50:04,2025-06-22 16:50:04,2025-06-22 16:50:04,2025-06-22
1029,7wXIVhqlID,MOOSPMv3Parser,1750611600,0,0,173,0,0,1003,1689,1,1,2025,172,52,197226,9,544,1,1356,1527,0,0,1565,1,31,35,19,18,20.943,162,1,36.138947,-120.368324,160.126007,9,599,58,3,e00fce6876826e255108c6bd,2025-06-22 17:00:04,2025-06-22 17:00:04,2025-06-22 17:00:04,2025-06-22
1040,pwnTCpV6pO,MOOSPMv3Parser,1750612200,0,0,129,1,1,838,1424,1,1,1711,179,55,197226,10,322,1,1015,1161,0,0,1193,2,32,36,17,16,21.487,150,1,36.138924,-120.36834,183.067993,5,599,58,3,e00fce6876826e255108c6bd,2025-06-22 17:10:04,2025-06-22 17:10:04,2025-06-22 17:10:04,2025-06-22
1049,fxbgp2aigA,MOOSPMv3Parser,1750612800,0,0,151,0,0,636,1033,0,0,1228,155,46,197700,8,719,1,1190,1289,0,0,1311,1,32,37,17,17,21.597,141,1,36.139061,-120.368347,160.893997,10,599,58,3,e00fce6876826e255108c6bd,2025-06-22 17:20:04,2025-06-22 17:20:04,2025-06-22 17:20:04,2025-06-22
1056,fd1RTkFKrn,MOOSPMv3Parser,1750613400,0,0,1,1,1,1,1,1,1,1,178,52,197380,10,9,1,9,9,0,0,9,0,32,37,18,17,21.788,146,1,36.138996,-120.368301,195.266006,9,600,58,3,e00fce6876826e255108c6bd,2025-06-22 17:30:04,2025-06-22 17:30:04,2025-06-22 17:30:04,2025-06-22
1068,CXiEqzPsIV,MOOSPMv3Parser,1750614000,0,0,1,0,0,1,1,0,0,1,146,44,197714,8,5,1,5,5,0,0,5,0,33,38,16,15,21.715,163,1,36.139019,-120.368393,171.164993,10,599,58,3,e00fce6876826e255108c6bd,2025-06-22 17:40:04,2025-06-22 17:40:04,2025-06-22 17:40:04,2025-06-22
1079,JvzPSNW1oq,MOOSPMv3Parser,1750614600,0,0,1,0,0,1,1,1,1,1,157,46,197721,8,6,0,6,6,0,0,6,0,33,38,17,16,22.063,163,1,36.139,-120.368469,164.843994,8,599,58,3,e00fce6876826e255108c6bd,2025-06-22 17:50:04,2025-06-22 17:50:04,2025-06-22 17:50:04,2025-06-22
1089,AFkExy71Ey,MOOSPMv3Parser,1750615200,0,0,1,0,0,1,1,0,0,1,148,44,197398,10,7,1,7,7,0,0,7,0,33,39,17,15,21.828,182,1,36.138996,-120.368294,175.985992,6,600,58,3,e00fce6876826e255108c6bd,2025-06-22 18:00:04,2025-06-22 18:00:04,2025-06-22 18:00:04,2025-06-22
1097,HjAwInee6f,MOOSPMv3Parser,1750615800,0,0,1,1,1,1,1,1,1,1,172,52,197406,11,7,1,7,7,0,0,7,0,34,39,16,15,21.429,203,1,36.138996,-120.368294,175.990997,0,600,58,3,e00fce6876826e255108c6bd,2025-06-22 18:10:04,2025-06-22 18:10:04,2025-06-22 18:10:04,2025-06-22
1108,frcq0V8ydf,MOOSPMv3Parser,1750616400,0,0,1,1,1,1,1,1,1,1,204,60,197742,10,7,1,7,7,0,0,7,0,34,39,16,16,22.042,209,1,36.138973,-120.368591,150.677002,6,599,58,3,e00fce6876826e255108c6bd,2025-06-22 18:20:04,2025-06-22 18:20:04,2025-06-22 18:20:04,2025-06-22
1118,N5lYZBpAKJ,MOOSPMv3Parser,1750617000,0,0,1,0,0,1,1,0,0,1,153,45,197417,8,6,0,6,6,0,0,6,0,34,39,15,14,22.328,219,1,36.138981,-120.368233,204.108002,7,600,58,3,e00fce6876826e255108c6bd,2025-06-22 18:30:04,2025-06-22 18:30:04,2025-06-22 18:30:04,2025-06-22
1129,h5th6N7LUH,MOOSPMv3Parser,1750617600,0,0,2,1,1,2,2,2,2,2,229,68,197758,15,12,2,12,12,0,0,12,1,34,39,17,16,21.653,213,1,36.13908,-120.368263,187.397995,6,599,58,3,e00fce6876826e255108c6bd,2025-06-22 18:40:04,2025-06-22 18:40:04,2025-06-22 18:40:04,2025-06-22
1139,Liia2RR8jm,MOOSPMv3Parser,1750618200,0,0,1,0,0,1,1,0,0,1,170,51,197435,7,6,0,6,6,0,0,6,1,34,39,16,15,22.484,203,1,36.139023,-120.368301,180.556,5,600,58,3,e00fce6876826e255108c6bd,2025-06-22 18:50:04,2025-06-22 18:50:04,2025-06-22 18:50:04,2025-06-22
1149,i0ZtmGLAnR,MOOSPMv3Parser,1750618800,0,0,1,0,0,1,1,0,0,1,162,46,197441,9,5,0,5,5,0,0,5,0,34,39,16,15,22.344,188,1,36.139034,-120.368248,182.511002,6,600,58,3,e00fce6876826e255108c6bd,2025-06-22 19:00:04,2025-06-22 19:00:04,2025-06-22 19:00:04,2025-06-22
1159,U5D3Yie1Gd,MOOSPMv3Parser,1750619400,0,0,1,0,0,1,1,0,0,1,167,47,197447,8,5,1,5,5,0,0,5,0,34,39,15,14,22.651,179,1,36.139095,-120.368401,178.300003,7,600,58,3,e00fce6876826e255108c6bd,2025-06-22 19:10:04,2025-06-22 19:10:04,2025-06-22 19:10:04,2025-06-22
1169,bbCdey8YfE,MOOSPMv3Parser,1750620000,0,0,1,0,0,1,1,0,0,1,154,46,197454,8,6,0,6,6,0,0,6,0,34,39,15,15,22.967,167,1,36.139042,-120.368431,164.199005,7,600,58,3,e00fce6876826e255108c6bd,2025-06-22 19:20:04,2025-06-22 19:20:04,2025-06-22 19:20:04,2025-06-22
1177,rvnct9D6XB,MOOSPMv3Parser,1750620600,0,0,1,0,0,1,1,0,0,1,168,50,197459,9,5,0,5,5,0,0,5,0,34,39,15,15,23.7,159,1,36.139027,-120.368408,156.865997,7,600,58,3,e00fce6876826e255108c6bd,2025-06-22 19:30:04,2025-06-22 19:30:04,2025-06-22 19:30:04,2025-06-22
1189,FA5Yh9BLxD,MOOSPMv3Parser,1750621200,0,0,1,0,0,1,1,0,0,1,159,48,197466,9,6,1,6,6,0,0,6,0,34,39,15,15,23.842,144,1,36.138988,-120.368362,178.445999,7,600,58,3,e00fce6876826e255108c6bd,2025-06-22 19:40:04,2025-06-22 19:40:04,2025-06-22 19:40:04,2025-06-22
1200,9mXgt1VVlH,MOOSPMv3Parser,1750621800,0,0,1,0,0,1,1,0,0,1,167,49,197473,7,6,0,6,6,0,0,6,0,34,39,16,15,23.387,150,1,36.139023,-120.368431,171.195999,7,600,58,3,e00fce6876826e255108c6bd,2025-06-22 19:50:19,2025-06-22 19:50:19,2025-06-22 19:50:19,2025-06-22
1209,aNPINKiA5W,MOOSPMv3Parser,1750622400,0,0,1,0,0,1,1,0,0,1,167,50,197481,8,6,0,6,6,0,0,6,0,35,39,16,15,22.65,168,1,36.139023,-120.368431,171.195007,0,600,58,3,e00fce6876826e255108c6bd,2025-06-22 20:00:04,2025-06-22 20:00:04,2025-06-22 20:00:04,2025-06-22
1218,9MVl8TAa9w,MOOSPMv3Parser,1750623000,0,0,1,1,1,1,1,1,1,1,186,55,197487,10,6,1,6,6,0,0,6,0,35,39,16,16,22.598,185,1,36.139015,-120.368332,172.516006,9,600,58,3,e00fce6876826e255108c6bd,2025-06-22 20:10:08,2025-06-22 20:10:09,2025-06-22 20:10:09,2025-06-22
1229,ATUfTfVf79,MOOSPMv3Parser,1750623600,0,0,1,0,0,1,1,0,0,1,167,49,197494,7,6,0,6,6,0,0,6,0,35,39,17,16,22.789,182,1,36.139023,-120.368378,167.024002,8,600,58,3,e00fce6876826e255108c6bd,2025-06-22 20:20:04,2025-06-22 20:20:04,2025-06-22 20:20:04,2025-06-22
1239,4h8sguCaEj,MOOSPMv3Parser,1750624200,0,0,1,1,1,1,1,1,1,1,204,60,197501,8,7,0,7,7,0,0,7,0,35,39,16,15,22.636,187,1,36.139011,-120.368362,175.634003,6,600,58,3,e00fce6876826e255108c6bd,2025-06-22 20:30:04,2025-06-22 20:30:04,2025-06-22 20:30:04,2025-06-22
1249,5YAQPoXjkA,MOOSPMv3Parser,1750624800,0,0,1,1,1,1,1,1,1,1,198,59,197509,10,7,1,7,7,0,0,7,0,35,39,16,15,23.285,180,1,36.13903,-120.368256,174.625,6,600,58,3,e00fce6876826e255108c6bd,2025-06-22 20:40:04,2025-06-22 20:40:04,2025-06-22 20:40:04,2025-06-22
1260,M96nRVRTpE,MOOSPMv3Parser,1750625400,0,0,1,1,1,1,1,1,1,1,192,56,197517,10,6,1,7,7,0,0,7,0,34,38,17,16,24.119,162,1,36.139057,-120.368385,157.966003,6,600,58,3,e00fce6876826e255108c6bd,2025-06-22 20:50:04,2025-06-22 20:50:04,2025-06-22 20:50:04,2025-06-22
1270,FtfikuqtLq,MOOSPMv3Parser,1750626000,0,0,1,0,0,1,1,1,1,1,199,61,197525,9,7,0,7,7,0,0,7,0,34,38,17,16,23.807,151,1,36.139027,-120.368271,182.416,7,600,58,3,e00fce6876826e255108c6bd,2025-06-22 21:00:04,2025-06-22 21:00:04,2025-06-22 21:00:04,2025-06-22
1279,6lTmkSwndJ,MOOSPMv3Parser,1750626600,0,0,1,0,0,1,1,1,1,1,185,54,197532,9,6,0,6,6,0,0,6,0,34,38,17,16,23.688,138,1,36.138988,-120.368408,151.690002,6,600,58,3,e00fce6876826e255108c6bd,2025-06-22 21:10:04,2025-06-22 21:10:04,2025-06-22 21:10:04,2025-06-22
1290,LcsQU9r5GC,MOOSPMv3Parser,1750627200,0,0,1,1,1,1,1,1,1,1,179,52,197539,10,6,1,6,6,0,0,6,0,34,38,16,16,23.781,143,1,36.13895,-120.368301,173.710999,6,600,58,3,e00fce6876826e255108c6bd,2025-06-22 21:20:04,2025-06-22 21:20:04,2025-06-22 21:20:04,2025-06-22
1300,pz3DdMnC11,MOOSPMv3Parser,1750627800,0,0,1,1,1,1,1,1,1,1,201,59,197547,11,7,1,7,7,0,0,7,0,34,38,16,16,24.096,129,1,36.138981,-120.368355,158.662003,6,600,58,3,e00fce6876826e255108c6bd,2025-06-22 21:30:04,2025-06-22 21:30:04,2025-06-22 21:30:04,2025-06-22
1308,Z9NjICwdFl,MOOSPMv3Parser,1750628400,0,0,1,0,0,1,1,1,1,1,188,55,197555,10,7,0,7,7,0,0,7,0,34,38,16,16,23.903,129,1,36.13905,-120.368378,160.354004,6,600,58,3,e00fce6876826e255108c6bd,2025-06-22 21:40:04,2025-06-22 21:40:04,2025-06-22 21:40:04,2025-06-22
1318,2qHhkpMAB2,MOOSPMv3Parser,1750629000,0,0,1,0,0,1,1,1,1,1,194,57,197563,11,7,1,7,7,0,0,7,0,34,38,16,16,24.723,123,1,36.13905,-120.368378,160.352997,0,600,58,3,e00fce6876826e255108c6bd,2025-06-22 21:50:04,2025-06-22 21:50:04,2025-06-22 21:50:04,2025-06-22
1329,OjEV0aifyg,MOOSPMv3Parser,1750629600,0,0,1,1,1,1,1,1,1,1,220,65,197571,10,7,1,7,7,0,0,7,0,34,38,16,16,23.964,120,1,36.139015,-120.368256,198.649994,5,600,58,3,e00fce6876826e255108c6bd,2025-06-22 22:00:04,2025-06-22 22:00:04,2025-06-22 22:00:04,2025-06-22
1340,udEX61J6dF,MOOSPMv3Parser,1750630200,0,0,1,1,1,1,1,1,1,1,222,65,197578,9,8,1,8,8,0,0,8,0,35,38,15,16,24.03,116,1,36.139065,-120.368362,164.804001,6,600,58,3,e00fce6876826e255108c6bd,2025-06-22 22:10:04,2025-06-22 22:10:04,2025-06-22 22:10:04,2025-06-22
1350,FUAWmm4at7,MOOSPMv3Parser,1750630800,0,0,1,1,1,1,1,1,1,1,245,73,197586,9,7,1,8,8,0,0,8,0,35,38,15,15,24.756,110,1,36.139015,-120.368332,163.964005,6,600,58,3,e00fce6876826e255108c6bd,2025-06-22 22:20:04,2025-06-22 22:20:04,2025-06-22 22:20:04,2025-06-22
1359,qE9BPQ7Fz9,MOOSPMv3Parser,1750631400,0,0,1,1,1,1,1,1,1,1,247,74,197594,12,8,1,8,8,0,0,8,0,34,37,16,16,25.722,98,1,36.138992,-120.368423,160.218994,5,600,58,3,e00fce6876826e255108c6bd,2025-06-22 22:30:04,2025-06-22 22:30:04,2025-06-22 22:30:04,2025-06-22
1369,VuXkQW5lfA,MOOSPMv3Parser,1750632000,0,0,1,1,1,1,1,1,1,1,246,73,197602,12,8,1,9,9,0,0,9,0,34,37,16,16,25.516,91,1,36.138947,-120.368195,197.335007,5,600,58,3,e00fce6876826e255108c6bd,2025-06-22 22:40:04,2025-06-22 22:40:04,2025-06-22 22:40:04,2025-06-22
1379,QV6JWQB81E,MOOSPMv3Parser,1750632600,1,1,1,1,1,1,1,1,1,1,255,78,197610,12,8,1,8,8,0,0,8,0,34,37,17,17,25.683,81,1,36.138935,-120.368286,185.585007,5,600,58,3,e00fce6876826e255108c6bd,2025-06-22 22:50:04,2025-06-22 22:50:04,2025-06-22 22:50:04,2025-06-22
1390,TX1WGWmUTm,MOOSPMv3Parser,1750633200,0,0,1,1,1,1,1,1,1,1,241,73,197618,13,8,1,8,8,0,0,8,0,34,37,16,16,26.281,75,1,36.13905,-120.36837,175.031998,5,600,58,3,e00fce6876826e255108c6bd,2025-06-22 23:00:04,2025-06-22 23:00:04,2025-06-22 23:00:04,2025-06-22
1400,EIpolCMMEB,MOOSPMv3Parser,1750633800,0,0,1,1,1,1,1,1,1,1,242,72,197626,13,9,1,9,9,0,0,9,0,34,37,16,17,25.473,70,1,36.139019,-120.368286,180.817993,6,600,58,3,e00fce6876826e255108c6bd,2025-06-22 23:10:04,2025-06-22 23:10:04,2025-06-22 23:10:04,2025-06-22
1409,azFagLFCiI,MOOSPMv3Parser,1750634400,1,1,1,1,1,1,1,2,2,1,257,79,197634,14,9,2,9,9,0,0,9,0,34,37,16,17,25.535,71,1,36.138893,-120.368172,192.802994,6,600,58,3,e00fce6876826e255108c6bd,2025-06-22 23:20:04,2025-06-22 23:20:04,2025-06-22 23:20:04,2025-06-22
1420,V2RUwWV0rF,MOOSPMv3Parser,1750635000,0,0,1,1,1,1,1,1,1,1,233,71,197642,13,10,1,10,10,0,0,10,0,34,36,16,16,25.816,64,1,36.138893,-120.368172,192.802002,0,600,58,3,e00fce6876826e255108c6bd,2025-06-22 23:30:04,2025-06-22 23:30:05,2025-06-22 23:30:05,2025-06-22
1430,L26ug8Xywx,MOOSPMv3Parser,1750635600,0,0,1,1,1,1,1,1,1,1,271,80,197650,13,9,1,9,9,0,0,9,0,34,36,16,16,26.022,62,1,36.139053,-120.368362,173.748001,7,600,58,3,e00fce6876826e255108c6bd,2025-06-22 23:40:04,2025-06-22 23:40:04,2025-06-22 23:40:04,2025-06-22
1439,UDFz5qG23B,MOOSPMv3Parser,1750636200,1,1,1,1,1,1,1,2,2,1,310,94,197660,15,11,1,11,11,0,0,11,0,34,36,16,17,25.895,63,1,36.139393,-120.368332,155.328995,6,600,58,3,e00fce6876826e255108c6bd,2025-06-22 23:50:04,2025-06-22 23:50:04,2025-06-22 23:50:04,2025-06-22
8,LCzUwiK97j,MOOSPMv3Parser,1750636800,1,1,1,1,1,1,1,2,2,1,305,92,197668,14,10,1,10,10,0,0,10,0,34,36,16,17,25.67,59,1,36.139004,-120.36834,166.634995,7,600,58,3,e00fce6876826e255108c6bd,2025-06-23 00:00:04,2025-06-23 00:00:05,2025-06-23 00:00:05,2025-06-23
20,sgkCqhExoE,MOOSPMv3Parser,1750637400,1,1,1,1,1,1,1,2,2,1,298,90,197676,15,10,1,10,10,0,0,10,0,35,36,16,17,25.048,65,1,36.139008,-120.368423,157.835007,8,600,58,3,e00fce6876826e255108c6bd,2025-06-23 00:10:04,2025-06-23 00:10:04,2025-06-23 00:10:04,2025-06-23
30,ZbLBSXzhG9,MOOSPMv3Parser,1750638000,1,1,1,1,1,1,1,1,1,1,309,93,197685,15,10,1,10,10,0,0,10,0,35,35,16,18,25.367,59,1,36.139133,-120.368561,150.910004,8,600,58,3,e00fce6876826e255108c6bd,2025-06-23 00:20:04,2025-06-23 00:20:04,2025-06-23 00:20:04,2025-06-23
40,K9vX3GXikQ,MOOSPMv3Parser,1750638600,3,3,2,4,4,3,3,5,5,3,705,212,197703,29,19,2,20,20,0,0,20,0,34,35,17,18,27.543,49,1,36.139111,-120.368362,179.412994,6,600,58,3,e00fce6876826e255108c6bd,2025-06-23 00:30:04,2025-06-23 00:30:04,2025-06-23 00:30:04,2025-06-23
50,OXpptVxrF3,MOOSPMv3Parser,1750639200,3,3,2,4,4,2,2,4,4,2,650,200,197718,28,17,1,17,17,0,0,17,0,34,35,17,19,26.513,49,1,36.139061,-120.368332,176.350006,5,600,58,3,e00fce6876826e255108c6bd,2025-06-23 00:40:04,2025-06-23 00:40:04,2025-06-23 00:40:04,2025-06-23
60,OGZHr2G2rc,MOOSPMv3Parser,1750639800,4,4,3,7,7,4,4,7,7,4,919,281,197742,42,27,2,27,27,0,0,27,0,33,34,18,19,28.129,42,1,36.138977,-120.368423,168.453003,9,600,58,3,e00fce6876826e255108c6bd,2025-06-23 00:50:04,2025-06-23 00:50:04,2025-06-23 00:50:04,2025-06-23
69,7RWKjsrx3O,MOOSPMv3Parser,1750640400,5,5,3,6,6,4,4,7,7,4,982,295,197766,40,27,2,27,27,0,0,27,0,33,34,18,19,29.04,39,2,36.139038,-120.36834,174.632004,9,600,58,3,e00fce6876826e255108c6bd,2025-06-23 01:00:04,2025-06-23 01:00:04,2025-06-23 01:00:04,2025-06-23
80,B0mCiQeDCI,MOOSPMv3Parser,1750641000,5,5,4,8,8,4,4,8,8,4,1071,327,197790,48,28,3,28,28,0,0,28,0,32,33,19,20,29.673,35,2,36.139015,-120.368279,179.953003,7,600,58,3,e00fce6876826e255108c6bd,2025-06-23 01:10:04,2025-06-23 01:10:04,2025-06-23 01:10:04,2025-06-23
89,eiBgV6Zy01,MOOSPMv3Parser,1750641600,3,3,3,4,4,3,3,5,5,3,651,197,197807,31,20,2,20,20,0,0,20,0,32,33,18,20,27.792,35,2,36.139015,-120.368279,179.955002,0,600,58,3,e00fce6876826e255108c6bd,2025-06-23 01:20:05,2025-06-23 01:20:05,2025-06-23 01:20:05,2025-06-23
100,mNHOvLyjds,MOOSPMv3Parser,1750642200,3,3,3,4,4,3,3,4,4,3,641,194,197825,30,20,2,20,20,0,0,20,0,32,32,18,20,28.245,34,2,36.139065,-120.368408,172.587006,8,600,58,3,e00fce6876826e255108c6bd,2025-06-23 01:30:04,2025-06-23 01:30:04,2025-06-23 01:30:04,2025-06-23
109,H8dkYo6OrU,MOOSPMv3Parser,1750642800,4,4,3,6,6,3,3,6,6,3,781,241,197847,38,26,4,26,26,0,0,26,0,32,32,18,20,29.177,30,2,36.139069,-120.368301,175.960999,9,600,58,3,e00fce6876826e255108c6bd,2025-06-23 01:40:04,2025-06-23 01:40:04,2025-06-23 01:40:04,2025-06-23
120,aYRQNKW3Q3,MOOSPMv3Parser,1750643400,5,5,4,8,8,5,5,8,8,5,985,299,197878,50,35,4,35,35,0,0,35,0,31,31,19,21,29.429,28,2,36.139053,-120.368355,187.522003,7,600,58,3,e00fce6876826e255108c6bd,2025-06-23 01:50:04,2025-06-23 01:50:05,2025-06-23 01:50:05,2025-06-23
129,53yHFV6Uj8,MOOSPMv3Parser,1750644000,4,4,4,7,7,4,4,7,7,4,891,273,197907,44,33,4,33,33,0,0,33,0,31,31,19,21,28.796,27,3,36.138969,-120.368263,180.563995,9,600,58,3,e00fce6876826e255108c6bd,2025-06-23 02:00:04,2025-06-23 02:00:04,2025-06-23 02:00:04,2025-06-23
139,4kFElUWHg9,MOOSPMv3Parser,1750644600,2,2,2,3,3,2,2,3,3,2,470,145,197923,25,18,2,18,18,0,0,18,0,31,31,19,21,28.704,26,3,36.139011,-120.368317,179.884995,8,600,58,3,e00fce6876826e255108c6bd,2025-06-23 02:10:04,2025-06-23 02:10:04,2025-06-23 02:10:04,2025-06-23
149,I8DO622d5A,MOOSPMv3Parser,1750645200,2,2,2,3,3,2,2,3,3,2,499,154,197939,25,19,2,19,19,0,0,19,0,30,30,20,22,28.534,23,3,36.138962,-120.368187,189.817001,6,600,58,3,e00fce6876826e255108c6bd,2025-06-23 02:20:04,2025-06-23 02:20:04,2025-06-23 02:20:04,2025-06-23
161,kVFHII61An,MOOSPMv3Parser,1750645800,1,1,2,2,2,2,2,3,3,2,402,122,197952,23,15,1,15,15,0,0,15,0,30,30,21,22,28.417,23,3,36.139084,-120.368439,170.865005,7,600,58,3,e00fce6876826e255108c6bd,2025-06-23 02:30:04,2025-06-23 02:30:04,2025-06-23 02:30:04,2025-06-23
171,sACCFqNV6G,MOOSPMv3Parser,1750646400,0,0,1,1,1,1,1,1,1,1,277,85,197960,15,10,1,11,11,0,0,11,0,29,29,22,23,28.892,20,4,36.13908,-120.368553,160.399002,6,600,58,3,e00fce6876826e255108c6bd,2025-06-23 02:40:04,2025-06-23 02:40:05,2025-06-23 02:40:05,2025-06-23
181,VfjmS4G6u6,MOOSPMv3Parser,1750647000,1,1,1,1,1,2,2,1,1,2,278,83,197968,13,11,1,11,11,0,0,11,0,28,29,23,24,28.824,20,4,36.139008,-120.368423,167.667007,5,600,58,3,e00fce6876826e255108c6bd,2025-06-23 02:50:04,2025-06-23 02:50:05,2025-06-23 02:50:05,2025-06-23
190,2oLNilWaLl,MOOSPMv3Parser,1750647600,1,1,1,1,1,1,1,2,2,1,295,90,197977,17,11,2,11,11,0,0,11,0,28,28,23,24,27.755,24,4,36.139008,-120.368423,167.667999,0,600,58,3,e00fce6876826e255108c6bd,2025-06-23 03:00:04,2025-06-23 03:00:04,2025-06-23 03:00:04,2025-06-23
201,AqeYR7DkXj,MOOSPMv3Parser,1750648200,1,1,2,2,2,2,2,2,2,2,279,84,197986,16,12,2,12,12,0,0,12,0,28,28,23,24,28.626,24,4,36.138935,-120.368713,129.570999,6,600,58,3,e00fce6876826e255108c6bd,2025-06-23 03:10:04,2025-06-23 03:10:04,2025-06-23 03:10:04,2025-06-23
211,iZFEqtAxAt,MOOSPMv3Parser,1750648800,1,1,1,1,1,2,2,1,1,2,279,85,197995,15,12,1,12,12,0,0,12,0,27,27,24,25,27.776,24,5,36.139015,-120.368324,172.651993,6,600,58,3,e00fce6876826e255108c6bd,2025-06-23 03:20:04,2025-06-23 03:20:04,2025-06-23 03:20:04,2025-06-23
221,c7uamFaCMC,MOOSPMv3Parser,1750649400,1,1,2,1,1,2,2,2,2,2,301,91,198005,17,13,1,13,13,0,0,13,0,27,27,24,26,26.91,37,5,36.138943,-120.368408,174.205002,5,600,58,3,e00fce6876826e255108c6bd,2025-06-23 03:30:04,2025-06-23 03:30:05,2025-06-23 03:30:05,2025-06-23
230,MVMmLPfVOG,MOOSPMv3Parser,1750650000,1,1,2,2,2,2,2,2,2,2,332,101,198018,20,15,2,15,15,0,0,15,0,26,26,25,26,27.117,39,4,36.138947,-120.368431,160.768005,5,600,58,3,e00fce6876826e255108c6bd,2025-06-23 03:40:04,2025-06-23 03:40:05,2025-06-23 03:40:05,2025-06-23
240,CBmc0kIO61,MOOSPMv3Parser,1750650600,1,1,2,2,2,2,2,2,2,2,317,95,198032,19,15,2,16,16,0,0,16,1,26,26,25,27,25.58,66,4,36.138954,-120.368393,168.576004,6,600,58,3,e00fce6876826e255108c6bd,2025-06-23 03:50:04,2025-06-23 03:50:04,2025-06-23 03:50:04,2025-06-23
251,zf9kinv7aF,MOOSPMv3Parser,1750651200,1,1,2,3,3,3,3,4,4,3,396,119,198048,26,18,4,18,19,1,0,19,1,25,26,26,28,24.333,89,3,36.13895,-120.368431,175.460999,6,600,58,3,e00fce6876826e255108c6bd,2025-06-23 04:00:04,2025-06-23 04:00:04,2025-06-23 04:00:04,2025-06-23
261,VQSANrqSIj,MOOSPMv3Parser,1750651800,1,1,3,3,3,3,3,4,4,4,428,129,198064,28,19,6,20,20,0,0,20,1,25,25,26,28,24.46,95,3,36.138977,-120.368332,179.875,7,600,58,3,e00fce6876826e255108c6bd,2025-06-23 04:10:04,2025-06-23 04:10:04,2025-06-23 04:10:04,2025-06-23
270,0hbKIUX558,MOOSPMv3Parser,1750652400,1,1,3,2,2,3,3,3,3,3,431,133,198081,22,20,2,20,20,0,0,20,1,25,25,26,28,24.552,96,3,36.139065,-120.368317,177.371002,6,600,58,3,e00fce6876826e255108c6bd,2025-06-23 04:20:04,2025-06-23 04:20:04,2025-06-23 04:20:04,2025-06-23
273,4ovIvwdrB1,MOOSPMv3Parser,1750653000,1,1,2,2,2,2,2,3,3,2,391,120,199091,20,17,2,17,17,0,0,17,1,25,24,27,29,23.801,89,3,36.138947,-120.368324,179.070999,7,597,58,3,e00fce6876826e255108c6bd,2025-06-23 04:30:01,2025-06-23 04:30:01,2025-06-23 04:30:01,2025-06-23
283,1H9kUAdeye,MOOSPMv3Parser,1750653600,2,2,3,3,3,3,3,3,3,3,480,145,198113,26,20,2,20,20,0,0,20,0,24,24,27,29,23.872,99,3,36.138954,-120.368355,182.649994,5,600,58,3,e00fce6876826e255108c6bd,2025-06-23 04:40:01,2025-06-23 04:40:01,2025-06-23 04:40:01,2025-06-23
294,rS9nCzzoXz,MOOSPMv3Parser,1750654200,2,2,2,3,3,2,2,4,4,2,476,146,198129,25,18,3,18,18,0,0,18,0,24,24,28,31,23.29,124,3,36.138954,-120.368355,182.647003,0,600,58,3,e00fce6876826e255108c6bd,2025-06-23 04:50:01,2025-06-23 04:50:02,2025-06-23 04:50:02,2025-06-23
303,Tfc6pcXBPN,MOOSPMv3Parser,1750654800,2,2,3,3,3,3,3,4,4,3,489,150,198146,26,20,3,20,20,0,0,20,0,24,23,31,33,22.347,168,2,36.138939,-120.368279,182.763,6,600,58,3,e00fce6876826e255108c6bd,2025-06-23 05:00:02,2025-06-23 05:00:02,2025-06-23 05:00:02,2025-06-23
313,s0FuehmzEa,MOOSPMv3Parser,1750655400,1,1,2,3,3,3,3,3,3,3,398,124,198162,25,19,3,19,19,0,0,19,0,23,23,30,33,22.06,170,2,36.138947,-120.368362,181.395004,5,600,58,3,e00fce6876826e255108c6bd,2025-06-23 05:10:01,2025-06-23 05:10:02,2025-06-23 05:10:02,2025-06-23
323,FZOEjNWnZr,MOOSPMv3Parser,1750656000,1,1,2,2,2,2,2,2,2,2,293,91,198173,16,13,2,13,13,0,0,13,0,24,23,30,33,25.489,60,2,36.139076,-120.368385,156.313995,6,600,58,3,e00fce6876826e255108c6bd,2025-06-23 05:20:02,2025-06-23 05:20:02,2025-06-23 05:20:02,2025-06-23
333,O2NOQIOIof,MOOSPMv3Parser,1750656600,0,0,1,1,1,2,2,1,1,2,257,78,198182,14,12,1,12,12,0,0,12,0,24,23,29,33,25.311,60,3,36.139,-120.368355,179.988998,7,600,58,3,e00fce6876826e255108c6bd,2025-06-23 05:30:02,2025-06-23 05:30:02,2025-06-23 05:30:02,2025-06-23
343,HCYM5Lt6b0,MOOSPMv3Parser,1750657200,0,0,1,1,1,2,2,1,1,2,270,82,198190,16,11,1,11,11,0,0,11,0,24,23,30,33,24.117,90,3,36.139107,-120.368263,175.494003,6,600,58,3,e00fce6876826e255108c6bd,2025-06-23 05:40:02,2025-06-23 05:40:02,2025-06-23 05:40:02,2025-06-23
353,Fgi6QyAIiy,MOOSPMv3Parser,1750657800,1,1,2,1,1,2,2,2,2,2,284,86,198199,16,12,2,12,12,0,0,12,0,23,22,30,32,23.115,105,3,36.139042,-120.368332,190.552994,5,600,58,3,e00fce6876826e255108c6bd,2025-06-23 05:50:01,2025-06-23 05:50:02,2025-06-23 05:50:02,2025-06-23
364,fCBuaHvjWG,MOOSPMv3Parser,1750658400,1,1,2,2,2,2,2,2,2,2,302,91,198210,19,14,1,14,14,0,0,14,0,22,22,30,32,24.27,75,3,36.139091,-120.36834,195.826004,5,600,58,3,e00fce6876826e255108c6bd,2025-06-23 06:00:02,2025-06-23 06:00:02,2025-06-23 06:00:02,2025-06-23
373,yfWgYyd1iT,MOOSPMv3Parser,1750659000,1,1,2,2,2,2,2,2,2,2,296,92,198222,18,13,1,14,14,0,0,14,0,22,22,29,31,24.403,64,3,36.139091,-120.36834,195.830002,0,600,58,3,e00fce6876826e255108c6bd,2025-06-23 06:10:01,2025-06-23 06:10:02,2025-06-23 06:10:02,2025-06-23
383,NDtQ8p7FJG,MOOSPMv3Parser,1750659600,1,1,2,2,2,2,2,3,3,2,297,90,198233,19,14,3,14,14,0,0,14,0,22,22,30,32,24.275,76,3,36.139114,-120.368431,173.457001,5,600,58,3,e00fce6876826e255108c6bd,2025-06-23 06:20:01,2025-06-23 06:20:02,2025-06-23 06:20:02,2025-06-23
393,LhjZ1GD9Ry,MOOSPMv3Parser,1750660200,1,1,2,2,2,2,2,2,2,2,276,86,198245,18,14,2,14,14,0,0,14,0,22,21,31,33,24.03,81,3,36.139072,-120.368294,174.873001,5,600,58,3,e00fce6876826e255108c6bd,2025-06-23 06:30:02,2025-06-23 06:30:02,2025-06-23 06:30:02,2025-06-23
403,ejiTNG9qEy,MOOSPMv3Parser,1750660800,1,1,2,2,2,2,2,2,2,2,283,86,198257,16,14,1,14,14,0,0,14,0,21,21,32,34,23.677,105,3,36.13905,-120.368462,174.283997,7,600,58,3,e00fce6876826e255108c6bd,2025-06-23 06:40:01,2025-06-23 06:40:02,2025-06-23 06:40:02,2025-06-23
413,Cg0kkgP4h3,MOOSPMv3Parser,1750661400,1,1,2,2,2,2,2,2,2,2,290,87,198268,16,13,2,13,13,0,0,13,0,21,21,33,35,22.28,129,3,36.139069,-120.368217,201.867996,8,600,58,3,e00fce6876826e255108c6bd,2025-06-23 06:50:01,2025-06-23 06:50:02,2025-06-23 06:50:02,2025-06-23
431,k0zHwdbzYL,MOOSPMv3Parser,1750662000,1,1,2,2,2,2,2,2,2,2,270,83,198279,16,14,1,14,14,1,0,14,0,21,20,34,35,21.531,202,2,36.139046,-120.368286,178.292999,8,600,58,3,e00fce6876826e255108c6bd,2025-06-23 07:00:07,2025-06-23 07:00:07,2025-06-23 07:00:07,2025-06-23
433,1nnHvt7HGW,MOOSPMv3Parser,1750662600,1,1,2,2,2,2,2,2,2,2,298,93,198290,18,13,2,13,13,0,0,13,0,20,20,35,36,21.534,198,2,36.139027,-120.368332,181.862,8,600,58,3,e00fce6876826e255108c6bd,2025-06-23 07:10:02,2025-06-23 07:10:02,2025-06-23 07:10:02,2025-06-23
443,P5JLuml2zr,MOOSPMv3Parser,1750663200,1,1,2,2,2,2,2,2,2,2,289,88,198300,16,13,1,13,13,0,0,13,0,20,20,34,36,22.826,123,2,36.139027,-120.368332,181.860992,0,600,58,3,e00fce6876826e255108c6bd,2025-06-23 07:20:01,2025-06-23 07:20:01,2025-06-23 07:20:01,2025-06-23
453,6FV1TxUSwF,MOOSPMv3Parser,1750663800,1,1,2,2,2,2,2,2,2,2,273,84,198309,17,12,2,12,12,0,0,12,0,21,20,33,36,24.066,87,2,36.138988,-120.368233,181.852997,8,600,58,3,e00fce6876826e255108c6bd,2025-06-23 07:30:01,2025-06-23 07:30:02,2025-06-23 07:30:02,2025-06-23
463,yVjG8VFIcG,MOOSPMv3Parser,1750664400,1,1,2,1,1,2,2,2,2,2,260,80,198319,14,13,1,13,13,0,0,13,0,21,20,33,36,23.401,100,3,36.139053,-120.368385,195.576004,7,600,58,3,e00fce6876826e255108c6bd,2025-06-23 07:40:01,2025-06-23 07:40:02,2025-06-23 07:40:02,2025-06-23
477,40y2bF10j1,MOOSPMv3Parser,1750665000,1,1,2,1,1,2,2,2,2,2,277,84,198329,16,13,1,13,13,0,0,13,0,20,20,35,38,22.938,126,2,36.139042,-120.368431,173.054001,7,600,58,3,e00fce6876826e255108c6bd,2025-06-23 07:50:03,2025-06-23 07:50:03,2025-06-23 07:50:03,2025-06-23
483,2yzpOj6EOX,MOOSPMv3Parser,1750665600,1,1,2,2,2,2,2,2,2,2,291,89,198339,16,13,1,13,13,0,0,13,0,20,19,37,39,20.32,219,2,36.138924,-120.368271,151.787003,7,600,58,3,e00fce6876826e255108c6bd,2025-06-23 08:00:01,2025-06-23 08:00:02,2025-06-23 08:00:02,2025-06-23
494,pIUfPZqyVt,MOOSPMv3Parser,1750666200,1,1,2,2,2,2,2,2,2,2,282,86,198350,18,13,1,13,13,0,0,13,0,20,19,36,38,21.043,231,2,36.139061,-120.368355,180.826996,7,600,58,3,e00fce6876826e255108c6bd,2025-06-23 08:10:02,2025-06-23 08:10:02,2025-06-23 08:10:02,2025-06-23
503,uuinJg7oDx,MOOSPMv3Parser,1750666800,1,1,2,1,1,2,2,2,2,2,268,82,198360,15,13,1,13,13,0,0,13,0,20,19,35,38,21.656,199,1,36.138962,-120.368324,187.007004,6,600,58,3,e00fce6876826e255108c6bd,2025-06-23 08:20:02,2025-06-23 08:20:02,2025-06-23 08:20:02,2025-06-23
514,O1GD6Iod1d,MOOSPMv3Parser,1750667400,1,1,2,2,2,2,2,2,2,2,276,85,198369,16,12,2,13,13,0,0,13,0,19,19,36,39,21.269,202,1,36.139011,-120.368324,171.115005,9,600,58,3,e00fce6876826e255108c6bd,2025-06-23 08:30:02,2025-06-23 08:30:02,2025-06-23 08:30:02,2025-06-23
523,76L8xiGUYB,MOOSPMv3Parser,1750668000,1,1,2,2,2,2,2,2,2,2,275,83,198379,18,12,1,12,12,0,0,12,0,19,19,37,39,19.027,361,1,36.139053,-120.368378,169.722,9,600,58,3,e00fce6876826e255108c6bd,2025-06-23 08:40:02,2025-06-23 08:40:02,2025-06-23 08:40:02,2025-06-23
533,GpYMiHFFpt,MOOSPMv3Parser,1750668600,1,1,2,2,2,2,2,2,2,2,279,86,198389,17,13,1,13,13,0,0,13,0,19,18,37,39,18.413,398,1,36.139042,-120.368385,170.550995,8,600,58,3,e00fce6876826e255108c6bd,2025-06-23 08:50:01,2025-06-23 08:50:02,2025-06-23 08:50:02,2025-06-23
543,x6ytxzW4yS,MOOSPMv3Parser,1750669200,1,1,2,1,1,2,2,2,2,2,258,80,198398,15,12,1,12,12,0,0,12,0,18,18,37,39,19.209,365,1,36.139042,-120.368385,170.546997,0,600,58,3,e00fce6876826e255108c6bd,2025-06-23 09:00:01,2025-06-23 09:00:02,2025-06-23 09:00:02,2025-06-23
553,hxOyiX29Rp,MOOSPMv3Parser,1750669800,1,1,2,2,2,2,2,2,2,2,280,85,198408,16,13,2,13,13,0,0,13,0,18,18,38,40,18.529,379,1,36.139038,-120.368332,182.824005,11,600,58,3,e00fce6876826e255108c6bd,2025-06-23 09:10:01,2025-06-23 09:10:02,2025-06-23 09:10:02,2025-06-23
563,Ds96x5cT51,MOOSPMv3Parser,1750670400,1,1,2,2,2,2,2,2,2,2,287,86,198420,17,14,2,14,14,0,0,14,0,18,18,39,40,19.407,339,1,36.139259,-120.36834,185.606995,6,600,58,3,e00fce6876826e255108c6bd,2025-06-23 09:20:01,2025-06-23 09:20:02,2025-06-23 09:20:02,2025-06-23
574,Nf1yQa6OIP,MOOSPMv3Parser,1750671000,1,1,2,1,1,2,2,2,2,2,266,81,198430,15,13,1,13,13,0,0,13,0,17,17,39,40,20.058,323,1,36.139027,-120.368279,180.324005,6,600,58,3,e00fce6876826e255108c6bd,2025-06-23 09:30:01,2025-06-23 09:30:02,2025-06-23 09:30:02,2025-06-23
583,QJE8TbgPN4,MOOSPMv3Parser,1750671600,1,1,2,2,2,2,2,2,2,2,272,83,198440,16,13,2,13,13,0,0,13,0,17,17,39,40,19.568,304,1,36.139,-120.368317,178.207993,6,600,58,3,e00fce6876826e255108c6bd,2025-06-23 09:40:02,2025-06-23 09:40:02,2025-06-23 09:40:02,2025-06-23
593,WfrNX0CMAD,MOOSPMv3Parser,1750672200,1,1,2,2,2,2,2,2,2,2,281,86,198451,15,13,1,13,13,0,0,13,0,17,17,40,42,18.361,386,1,36.139,-120.36837,173.274994,6,600,58,3,e00fce6876826e255108c6bd,2025-06-23 09:50:01,2025-06-23 09:50:02,2025-06-23 09:50:02,2025-06-23
603,7bTAcIYpvP,MOOSPMv3Parser,1750672800,1,1,2,2,2,2,2,2,2,2,277,85,198460,16,13,2,13,13,0,0,13,0,17,17,39,40,17.347,456,1,36.139088,-120.368202,191.119003,5,600,58,3,e00fce6876826e255108c6bd,2025-06-23 10:00:01,2025-06-23 10:00:02,2025-06-23 10:00:02,2025-06-23
614,H0ID7KiEwH,MOOSPMv3Parser,1750673400,1,1,2,2,2,2,2,2,2,2,267,81,198473,17,13,2,14,14,0,0,14,0,17,17,39,41,17.55,457,1,36.139046,-120.36834,175.406998,6,600,58,3,e00fce6876826e255108c6bd,2025-06-23 10:10:01,2025-06-23 10:10:02,2025-06-23 10:10:02,2025-06-23
623,CfkFcgg9ms,MOOSPMv3Parser,1750674000,1,1,2,1,1,2,2,2,2,2,273,83,198483,15,13,1,13,13,0,0,13,0,17,16,41,43,16.97,464,1,36.138935,-120.368462,167.190002,6,600,58,3,e00fce6876826e255108c6bd,2025-06-23 10:20:02,2025-06-23 10:20:02,2025-06-23 10:20:02,2025-06-23
633,FqQ9FksUEp,MOOSPMv3Parser,1750674600,1,1,2,2,2,2,2,2,2,2,270,82,198494,15,14,2,14,14,0,0,14,0,16,16,42,43,17.607,447,1,36.138996,-120.368385,175.587997,6,600,58,3,e00fce6876826e255108c6bd,2025-06-23 10:30:01,2025-06-23 10:30:02,2025-06-23 10:30:02,2025-06-23
643,hZCCbSU5DY,MOOSPMv3Parser,1750675200,1,1,2,1,1,2,2,2,2,2,242,75,198505,15,13,1,13,13,0,0,13,0,16,16,43,44,16.751,472,1,36.139091,-120.368446,167.093002,6,600,58,3,e00fce6876826e255108c6bd,2025-06-23 10:40:02,2025-06-23 10:40:02,2025-06-23 10:40:02,2025-06-23
653,c7nAOVUEi9,MOOSPMv3Parser,1750675800,1,1,2,2,2,2,2,2,2,2,278,85,198515,17,13,2,13,13,0,0,13,0,16,16,44,45,15.873,490,1,36.139091,-120.368446,167.089005,0,600,58,3,e00fce6876826e255108c6bd,2025-06-23 10:50:01,2025-06-23 10:50:02,2025-06-23 10:50:02,2025-06-23
663,DFcWkk68H5,MOOSPMv3Parser,1750676400,1,1,2,2,2,2,2,2,2,2,284,87,198524,17,13,2,13,13,0,0,13,0,16,16,44,46,15.377,496,1,36.138931,-120.368401,195.630997,6,600,58,3,e00fce6876826e255108c6bd,2025-06-23 11:00:01,2025-06-23 11:00:02,2025-06-23 11:00:02,2025-06-23
673,74HVCp3mcr,MOOSPMv3Parser,1750677000,1,1,2,2,2,2,2,2,2,2,277,86,198535,16,13,2,13,13,0,0,13,0,16,16,42,44,15.704,495,1,36.139019,-120.368355,161.207001,7,600,58,3,e00fce6876826e255108c6bd,2025-06-23 11:10:01,2025-06-23 11:10:02,2025-06-23 11:10:02,2025-06-23
683,AB39EQlXQe,MOOSPMv3Parser,1750677600,1,1,2,2,2,2,2,2,2,2,265,83,198545,16,13,2,13,13,0,0,13,0,16,15,42,44,15.945,494,1,36.139023,-120.36837,170.953003,8,600,58,3,e00fce6876826e255108c6bd,2025-06-23 11:20:01,2025-06-23 11:20:02,2025-06-23 11:20:02,2025-06-23
695,T2LpfvFyAX,MOOSPMv3Parser,1750678200,1,1,2,2,2,2,2,2,2,2,275,83,198555,17,13,2,13,13,0,0,13,0,16,15,43,45,16.341,491,1,36.138969,-120.368103,190.020996,7,600,58,3,e00fce6876826e255108c6bd,2025-06-23 11:30:02,2025-06-23 11:30:02,2025-06-23 11:30:02,2025-06-23
704,ArdTQh5wEO,MOOSPMv3Parser,1750678800,1,1,2,2,2,2,2,2,2,2,293,90,198567,17,14,2,14,14,0,0,14,0,16,15,45,46,15.417,494,1,36.138939,-120.368217,163.195999,7,600,58,3,e00fce6876826e255108c6bd,2025-06-23 11:40:01,2025-06-23 11:40:02,2025-06-23 11:40:02,2025-06-23
714,db7N5rxV5M,MOOSPMv3Parser,1750679400,1,1,2,2,2,2,2,2,2,2,292,90,198579,18,14,2,14,14,0,0,14,0,15,15,44,46,14.227,498,1,36.138996,-120.368469,160.442993,7,600,58,3,e00fce6876826e255108c6bd,2025-06-23 11:50:01,2025-06-23 11:50:02,2025-06-23 11:50:02,2025-06-23
725,YCp12wTgHw,MOOSPMv3Parser,1750680000,1,1,2,2,2,2,2,2,2,2,310,96,198594,19,16,2,16,16,0,0,16,0,16,15,43,45,16.15,490,1,36.138977,-120.368179,202.481003,7,600,58,3,e00fce6876826e255108c6bd,2025-06-23 12:00:01,2025-06-23 12:00:02,2025-06-23 12:00:02,2025-06-23
736,8M3ngNAEhs,MOOSPMv3Parser,1750680600,1,1,2,2,2,2,2,3,3,2,320,98,198610,21,16,3,16,16,0,0,16,0,16,15,40,44,18.162,419,1,36.139069,-120.368362,173.632996,5,600,58,3,e00fce6876826e255108c6bd,2025-06-23 12:10:02,2025-06-23 12:10:02,2025-06-23 12:10:02,2025-06-23
745,HDvlX3jITu,MOOSPMv3Parser,1750681200,1,1,2,2,2,2,2,2,2,2,289,88,198621,16,14,2,14,14,0,0,14,0,17,15,38,42,20.162,313,1,36.13905,-120.367943,222.205002,5,600,58,3,e00fce6876826e255108c6bd,2025-06-23 12:20:02,2025-06-23 12:20:02,2025-06-23 12:20:02,2025-06-23
757,k3BHSN4zWs,MOOSPMv3Parser,1750681800,1,1,2,2,2,2,2,2,2,2,280,86,198633,17,14,1,14,14,0,0,14,0,17,15,39,43,20.454,252,1,36.138977,-120.368324,173.757996,5,600,58,3,e00fce6876826e255108c6bd,2025-06-23 12:30:02,2025-06-23 12:30:02,2025-06-23 12:30:02,2025-06-23
766,tBR6AGUO7v,MOOSPMv3Parser,1750682400,1,1,2,2,2,2,2,2,2,2,308,95,198647,20,16,2,16,16,0,0,16,0,16,15,40,44,18.628,358,1,36.138977,-120.368324,173.759003,0,600,58,3,e00fce6876826e255108c6bd,2025-06-23 12:40:01,2025-06-23 12:40:02,2025-06-23 12:40:02,2025-06-23
784,FyfFr4F1W3,MOOSPMv3Parser,1750683000,1,1,2,2,2,2,2,2,2,2,281,86,198660,18,15,2,15,15,0,0,15,1,16,15,40,43,18.64,369,1,36.138985,-120.368393,173.809998,5,600,58,3,e00fce6876826e255108c6bd,2025-06-23 12:50:07,2025-06-23 12:50:07,2025-06-23 12:50:07,2025-06-23
787,xIFvEPEdEF,MOOSPMv3Parser,1750683600,1,1,2,2,2,2,2,2,2,2,299,93,198673,17,15,2,15,15,0,0,15,1,16,15,40,43,18.544,374,1,36.139008,-120.368668,156.666,5,600,58,3,e00fce6876826e255108c6bd,2025-06-23 13:00:01,2025-06-23 13:00:02,2025-06-23 13:00:02,2025-06-23
798,wruyxGBl2g,MOOSPMv3Parser,1750684200,1,1,2,2,2,2,2,2,2,2,278,85,198687,17,15,2,15,15,0,0,15,0,16,15,41,43,19.363,351,1,36.138969,-120.368774,147.787003,5,600,58,3,e00fce6876826e255108c6bd,2025-06-23 13:10:02,2025-06-23 13:10:02,2025-06-23 13:10:02,2025-06-23
807,FCHpPdeYgJ,MOOSPMv3Parser,1750684800,1,1,2,2,2,2,2,3,3,2,327,99,198702,23,16,4,16,16,0,0,16,0,16,15,40,42,16.182,464,1,36.139076,-120.36795,193.145004,5,600,58,3,e00fce6876826e255108c6bd,2025-06-23 13:20:02,2025-06-23 13:20:02,2025-06-23 13:20:02,2025-06-23
818,QnAw9Wkxnn,MOOSPMv3Parser,1750685400,1,1,3,3,3,3,3,4,4,3,366,112,198720,25,21,5,21,21,0,0,21,1,16,15,41,43,16.993,462,1,36.139046,-120.368301,181.557007,5,600,58,3,e00fce6876826e255108c6bd,2025-06-23 13:30:02,2025-06-23 13:30:02,2025-06-23 13:30:02,2025-06-23
827,aHvInq9jWx,MOOSPMv3Parser,1750686000,1,1,2,3,3,3,3,4,4,3,369,115,198736,22,18,3,18,18,0,0,18,1,16,15,41,43,17.439,434,1,36.139008,-120.368446,171.720993,7,600,58,3,e00fce6876826e255108c6bd,2025-06-23 13:40:01,2025-06-23 13:40:02,2025-06-23 13:40:02,2025-06-23
837,tibb6yhHBm,MOOSPMv3Parser,1750686600,1,1,2,2,2,3,3,3,3,3,325,100,198752,22,19,4,19,19,0,0,19,1,17,15,42,46,17.262,411,1,36.139015,-120.368454,171.792007,6,600,58,3,e00fce6876826e255108c6bd,2025-06-23 13:50:02,2025-06-23 13:50:02,2025-06-23 13:50:02,2025-06-23
855,F2jlf2CRfa,MOOSPMv3Parser,1750687200,1,1,2,2,2,2,2,3,3,2,299,92,198765,20,15,3,15,15,0,0,15,1,18,16,39,45,17.889,355,1,36.139053,-120.368149,186.817001,6,600,58,3,e00fce6876826e255108c6bd,2025-06-23 14:00:07,2025-06-23 14:00:08,2025-06-23 14:00:08,2025-06-23
858,ZUKLBhU2xw,MOOSPMv3Parser,1750687800,1,1,2,2,2,2,2,3,3,2,315,96,198781,18,16,2,17,17,0,0,17,1,20,16,37,46,17.7,330,1,36.13903,-120.368462,171.218002,6,600,58,3,e00fce6876826e255108c6bd,2025-06-23 14:10:02,2025-06-23 14:10:02,2025-06-23 14:10:02,2025-06-23
868,fB3wFtaGcZ,MOOSPMv3Parser,1750688400,1,1,2,2,2,2,2,3,3,2,314,97,199128,19,17,2,17,17,0,0,17,1,21,17,33,42,17.794,286,1,36.139042,-120.368431,157.843002,6,599,58,3,e00fce6876826e255108c6bd,2025-06-23 14:20:02,2025-06-23 14:20:02,2025-06-23 14:20:02,2025-06-23
877,BEsSkLBxz3,MOOSPMv3Parser,1750689000,1,1,2,2,2,3,3,3,3,3,336,102,198813,20,19,3,19,19,0,0,19,1,22,18,31,40,18.755,243,1,36.139042,-120.368431,157.848999,0,600,58,3,e00fce6876826e255108c6bd,2025-06-23 14:30:02,2025-06-23 14:30:02,2025-06-23 14:30:02,2025-06-23
891,o1erm2rSlX,MOOSPMv3Parser,1750689600,1,1,2,2,2,2,3,3,3,3,348,107,198829,24,18,3,18,18,0,0,18,1,22,19,31,40,19.541,191,1,36.139046,-120.368408,167.292999,9,600,58,3,e00fce6876826e255108c6bd,2025-06-23 14:40:02,2025-06-23 14:40:02,2025-06-23 14:40:02,2025-06-23
898,bheoBrgPoC,MOOSPMv3Parser,1750690200,1,1,2,2,2,2,2,3,3,3,339,104,199177,20,18,2,18,18,1,0,18,0,23,20,31,39,18.511,215,2,36.139011,-120.368546,164.792007,7,599,58,3,e00fce6876826e255108c6bd,2025-06-23 14:50:02,2025-06-23 14:50:02,2025-06-23 14:50:02,2025-06-23
907,wftaGdvZRi,MOOSPMv3Parser,1750690800,1,1,2,3,3,2,2,3,3,2,371,114,199192,21,17,3,17,17,0,0,17,1,24,21,27,34,19.513,154,2,36.139053,-120.368492,162.882996,7,599,58,3,e00fce6876826e255108c6bd,2025-06-23 15:00:02,2025-06-23 15:00:02,2025-06-23 15:00:02,2025-06-23
917,53FN7HZ3qf,MOOSPMv3Parser,1750691400,1,1,2,2,2,2,2,2,2,2,333,102,199206,20,15,2,15,15,0,0,15,0,25,24,27,32,21.601,97,2,36.139065,-120.368416,165.223999,7,599,58,3,e00fce6876826e255108c6bd,2025-06-23 15:10:02,2025-06-23 15:10:02,2025-06-23 15:10:02,2025-06-23
931,hE3veuBBX8,MOOSPMv3Parser,1750692000,1,1,2,2,2,2,2,3,3,2,365,111,199220,21,16,3,16,16,0,0,16,1,26,26,26,28,22.049,83,2,36.139008,-120.368393,177.112,7,599,58,3,e00fce6876826e255108c6bd,2025-06-23 15:20:02,2025-06-23 15:20:02,2025-06-23 15:20:02,2025-06-23
938,XAOrxEzjEK,MOOSPMv3Parser,1750692600,1,1,2,2,2,3,3,3,3,3,350,106,199237,23,19,3,19,19,0,0,19,1,27,27,24,26,22.985,65,3,36.138988,-120.368347,157.643005,8,599,58,3,e00fce6876826e255108c6bd,2025-06-23 15:30:02,2025-06-23 15:30:02,2025-06-23 15:30:02,2025-06-23
949,Sv4O0rw7Rw,MOOSPMv3Parser,1750693200,1,1,3,2,2,3,3,2,2,3,346,107,199254,20,20,2,20,20,0,0,20,0,28,28,24,25,24.131,53,3,36.139011,-120.368439,146.166,7,599,58,3,e00fce6876826e255108c6bd,2025-06-23 15:40:02,2025-06-23 15:40:02,2025-06-23 15:40:02,2025-06-23
957,wLxSMVeyRa,MOOSPMv3Parser,1750693800,2,2,4,3,3,4,4,4,4,4,523,161,199280,30,31,2,31,31,0,0,31,0,29,30,23,23,24.495,50,3,36.13903,-120.368416,183.466003,8,599,58,3,e00fce6876826e255108c6bd,2025-06-23 15:50:02,2025-06-23 15:50:02,2025-06-23 15:50:02,2025-06-23
969,z1NoBtjWqN,MOOSPMv3Parser,1750694400,2,2,11,4,4,12,12,4,4,12,544,168,199357,31,88,3,88,88,0,0,88,0,30,31,22,22,23.865,54,3,36.139091,-120.36834,176.755997,5,599,58,3,e00fce6876826e255108c6bd,2025-06-23 16:00:02,2025-06-23 16:00:02,2025-06-23 16:00:02,2025-06-23
978,hXW5AvR8ey,MOOSPMv3Parser,1750695000,2,2,53,4,4,55,55,5,5,55,537,167,199714,35,411,3,412,413,0,0,413,0,30,32,22,22,24.716,59,3,36.139011,-120.368347,161.886993,6,599,58,3,e00fce6876826e255108c6bd,2025-06-23 16:10:02,2025-06-23 16:10:02,2025-06-23 16:10:02,2025-06-23
989,OGKHScdqjB,MOOSPMv3Parser,1750695600,3,3,586,5,5,718,805,5,5,847,631,195,203140,39,4485,3,4605,4627,0,0,4632,1,30,33,23,22,23.97,73,2,36.139011,-120.368347,161.889008,0,600,58,3,e00fce6876826e255108c6bd,2025-06-23 16:20:02,2025-06-23 16:20:02,2025-06-23 16:20:02,2025-06-23
997,HPPKGCzqrQ,MOOSPMv3Parser,1750696200,3,3,430,5,5,829,1145,7,7,1300,688,211,205565,44,2991,4,3375,3455,0,0,3472,1,30,34,23,22,24.206,81,2,36.139,-120.368431,165.037994,5,599,58,3,e00fce6876826e255108c6bd,2025-06-23 16:30:02,2025-06-23 16:30:02,2025-06-23 16:30:02,2025-06-23
1008,5D7GOxzg0q,MOOSPMv3Parser,1750696800,2,2,172,5,5,920,1536,5,5,1839,644,196,205570,38,623,3,1353,1507,0,0,1541,1,31,34,22,21,23.92,92,2,36.139107,-120.368523,160.050003,6,599,58,3,e00fce6876826e255108c6bd,2025-06-23 16:40:02,2025-06-23 16:40:02,2025-06-23 16:40:02,2025-06-23
1018,VASB4Gbg4q,MOOSPMv3Parser,1750697400,3,3,170,5,5,955,1603,5,5,1921,655,201,205570,36,565,4,1332,1494,0,0,1530,1,31,35,22,20,23.47,103,1,36.139019,-120.368492,169.548004,5,599,58,3,e00fce6876826e255108c6bd,2025-06-23 16:50:02,2025-06-23 16:50:02,2025-06-23 16:50:02,2025-06-23
1029,yB4LzQhXNE,MOOSPMv3Parser,1750698000,3,3,181,5,5,1044,1757,6,6,2107,650,203,205570,38,575,3,1419,1597,0,0,1636,1,32,36,21,20,22.914,117,1,36.139023,-120.368347,161.789993,7,599,58,3,e00fce6876826e255108c6bd,2025-06-23 17:00:02,2025-06-23 17:00:02,2025-06-23 17:00:02,2025-06-23
1037,WkKIk2fs53,MOOSPMv3Parser,1750698600,2,2,123,4,4,870,1487,5,5,1790,607,186,205570,33,240,3,970,1124,0,0,1158,2,32,37,21,19,24.173,109,1,36.139011,-120.368362,173.634995,7,599,58,3,e00fce6876826e255108c6bd,2025-06-23 17:10:02,2025-06-23 17:10:02,2025-06-23 17:10:02,2025-06-23
1048,lhP5oBdAVE,MOOSPMv3Parser,1750699200,2,2,154,4,4,581,931,4,4,1103,548,168,206042,28,795,2,1211,1299,0,0,1318,1,32,37,21,19,24.133,105,1,36.139149,-120.36834,178.544006,6,599,58,3,e00fce6876826e255108c6bd,2025-06-23 17:20:02,2025-06-23 17:20:02,2025-06-23 17:20:02,2025-06-23
1059,nWipF0DanD,MOOSPMv3Parser,1750699800,2,2,4,4,4,4,4,4,4,4,562,172,206067,33,28,2,28,28,0,0,28,0,32,37,21,19,25.693,110,1,36.139122,-120.368568,170.272995,5,599,58,3,e00fce6876826e255108c6bd,2025-06-23 17:30:02,2025-06-23 17:30:02,2025-06-23 17:30:02,2025-06-23
1068,UeCjf7RGwW,MOOSPMv3Parser,1750700400,2,2,3,3,3,3,3,4,4,3,501,153,205740,28,20,2,20,20,0,0,20,0,32,38,21,18,25.06,103,1,36.138927,-120.368294,168.716995,4,600,58,3,e00fce6876826e255108c6bd,2025-06-23 17:40:02,2025-06-23 17:40:02,2025-06-23 17:40:02,2025-06-23
1079,vIEHhe7W5F,MOOSPMv3Parser,1750701000,2,2,3,3,3,3,3,4,4,3,527,161,206102,26,21,2,21,21,0,0,21,0,33,38,19,17,25.198,116,1,36.139145,-120.368439,162.410004,6,599,58,3,e00fce6876826e255108c6bd,2025-06-23 17:50:02,2025-06-23 17:50:02,2025-06-23 17:50:02,2025-06-23
1088,1OQppsViR5,MOOSPMv3Parser,1750701600,2,2,2,3,3,3,3,3,3,3,497,152,205774,26,19,2,19,19,0,0,19,0,33,38,20,18,25.993,105,1,36.13908,-120.368355,193.248993,5,600,58,3,e00fce6876826e255108c6bd,2025-06-23 18:00:02,2025-06-23 18:00:02,2025-06-23 18:00:02,2025-06-23
1098,8Wq7gf02Qm,MOOSPMv3Parser,1750702200,1,1,2,3,3,3,3,3,3,3,469,144,206134,26,19,2,19,19,0,0,19,0,34,39,19,17,24.746,122,1,36.139015,-120.368347,164.082993,7,599,58,3,e00fce6876826e255108c6bd,2025-06-23 18:10:02,2025-06-23 18:10:02,2025-06-23 18:10:02,2025-06-23
1107,CjPB4mQbKW,MOOSPMv3Parser,1750702800,2,2,3,3,3,3,3,4,4,3,537,164,206151,29,20,2,20,20,0,0,20,0,34,39,21,19,24.494,127,1,36.139015,-120.368324,172.737,6,599,58,3,e00fce6876826e255108c6bd,2025-06-23 18:20:02,2025-06-23 18:20:02,2025-06-23 18:20:02,2025-06-23
1117,ebRG29OgiY,MOOSPMv3Parser,1750703400,2,2,3,4,4,3,3,4,4,3,559,170,206168,30,21,3,21,21,0,0,21,0,34,39,21,19,24.362,137,1,36.138947,-120.368584,146.322998,6,599,58,3,e00fce6876826e255108c6bd,2025-06-23 18:30:01,2025-06-23 18:30:02,2025-06-23 18:30:02,2025-06-23
1128,5Jb8YnyZlD,MOOSPMv3Parser,1750704000,2,2,3,4,4,3,3,4,4,3,562,171,206184,28,20,2,20,20,0,0,20,0,34,39,19,17,25.253,137,1,36.138973,-120.368477,151.675995,6,599,58,3,e00fce6876826e255108c6bd,2025-06-23 18:40:02,2025-06-23 18:40:02,2025-06-23 18:40:02,2025-06-23
1139,BB7T5nAhcx,MOOSPMv3Parser,1750704600,2,2,3,4,4,3,3,4,4,3,549,166,206201,30,20,2,20,20,0,0,20,0,35,40,18,17,24.586,146,1,36.139053,-120.368401,169.548996,6,599,58,3,e00fce6876826e255108c6bd,2025-06-23 18:50:02,2025-06-23 18:50:02,2025-06-23 18:50:02,2025-06-23
1149,69vKnE5ZdM,MOOSPMv3Parser,1750705200,2,2,2,4,4,2,2,4,4,2,547,166,205873,30,19,2,19,19,0,0,19,0,35,40,18,17,24.405,149,1,36.139019,-120.368462,169.959,6,600,58,3,e00fce6876826e255108c6bd,2025-06-23 19:00:02,2025-06-23 19:00:02,2025-06-23 19:00:02,2025-06-23
1160,KqGaEsNHKm,MOOSPMv3Parser,1750705800,2,2,3,4,4,3,3,4,4,3,569,172,205890,30,20,3,21,21,0,0,21,0,36,40,18,17,24.073,169,1,36.139019,-120.368462,169.962997,0,600,58,3,e00fce6876826e255108c6bd,2025-06-23 19:10:02,2025-06-23 19:10:02,2025-06-23 19:10:02,2025-06-23
1168,GlDrkTjekY,MOOSPMv3Parser,1750706400,2,2,3,4,4,3,3,4,4,3,561,171,206250,30,21,1,21,21,0,0,21,0,36,40,18,17,24.346,170,1,36.138962,-120.368286,155.242996,7,599,58,3,e00fce6876826e255108c6bd,2025-06-23 19:20:02,2025-06-23 19:20:02,2025-06-23 19:20:02,2025-06-23
1179,UoCgERNVyd,MOOSPMv3Parser,1750707000,2,2,2,3,3,3,3,4,4,3,546,165,206266,29,19,2,19,19,0,0,19,0,35,40,18,16,25.31,154,1,36.138931,-120.368347,157.410004,5,599,58,3,e00fce6876826e255108c6bd,2025-06-23 19:30:02,2025-06-23 19:30:02,2025-06-23 19:30:02,2025-06-23
1189,vexHbINZwJ,MOOSPMv3Parser,1750707600,2,2,3,4,4,3,3,4,4,3,566,172,206283,31,20,1,20,20,0,0,20,0,35,40,18,17,26.013,139,1,36.139023,-120.368431,171.121002,5,599,58,3,e00fce6876826e255108c6bd,2025-06-23 19:40:02,2025-06-23 19:40:02,2025-06-23 19:40:02,2025-06-23
1198,IuUFWFctXn,MOOSPMv3Parser,1750708200,2,2,3,4,4,3,3,4,4,3,549,166,206300,31,20,2,21,21,0,0,21,0,35,40,18,17,25.122,153,1,36.138985,-120.36824,185.871994,6,599,58,3,e00fce6876826e255108c6bd,2025-06-23 19:50:02,2025-06-23 19:50:02,2025-06-23 19:50:02,2025-06-23
1211,B5nmXOYa9W,MOOSPMv3Parser,1750708800,2,2,3,4,4,3,3,4,4,3,550,168,206317,29,21,2,21,21,0,0,21,0,35,40,18,17,26.227,170,1,36.139011,-120.368347,170.102005,7,599,58,3,e00fce6876826e255108c6bd,2025-06-23 20:00:02,2025-06-23 20:00:02,2025-06-23 20:00:02,2025-06-23
1222,d7cj1S0YUF,MOOSPMv3Parser,1750709400,2,2,2,3,3,3,3,4,4,3,550,167,205990,30,19,2,20,20,0,0,20,0,36,40,18,18,25.619,157,1,36.139008,-120.368385,173.173004,6,600,58,3,e00fce6876826e255108c6bd,2025-06-23 20:10:02,2025-06-23 20:10:03,2025-06-23 20:10:03,2025-06-23
1235,bfIAGFRTSY,MOOSPMv3Parser,1750710000,2,2,2,4,4,3,3,4,4,3,550,166,206006,30,19,2,19,19,0,0,19,0,36,40,18,17,24.465,162,1,36.139019,-120.368362,183.039001,6,600,58,3,e00fce6876826e255108c6bd,2025-06-23 20:20:06,2025-06-23 20:20:07,2025-06-23 20:20:07,2025-06-23
1241,qiR1Cs9Ip2,MOOSPMv3Parser,1750710600,2,2,2,3,3,2,2,4,4,2,513,156,206022,26,19,1,19,19,0,0,19,0,37,41,17,17,23.305,192,1,36.138939,-120.368034,201.542007,6,600,58,3,e00fce6876826e255108c6bd,2025-06-23 20:30:02,2025-06-23 20:30:02,2025-06-23 20:30:02,2025-06-23
1248,9jv41w8DyF,MOOSPMv3Parser,1750711200,2,2,2,4,4,2,2,4,4,2,540,167,206038,28,18,1,18,18,0,0,18,0,38,41,15,16,23.185,203,1,36.139004,-120.368279,174.070999,8,600,58,3,e00fce6876826e255108c6bd,2025-06-23 20:40:02,2025-06-23 20:40:02,2025-06-23 20:40:02,2025-06-23
1259,CC7zDeW0zX,MOOSPMv3Parser,1750711800,2,2,2,3,3,2,2,3,3,2,512,155,206054,27,17,1,17,17,0,0,17,0,38,42,16,16,24.342,188,1,36.138924,-120.368294,186.858002,6,600,58,3,e00fce6876826e255108c6bd,2025-06-23 20:50:02,2025-06-23 20:50:02,2025-06-23 20:50:02,2025-06-23
1269,KvyL8jQFnr,MOOSPMv3Parser,1750712400,2,2,3,4,4,3,3,4,4,3,564,169,206072,31,20,2,20,20,0,0,20,0,38,42,17,17,23.993,213,1,36.138924,-120.368294,186.856003,0,600,58,3,e00fce6876826e255108c6bd,2025-06-23 21:00:02,2025-06-23 21:00:02,2025-06-23 21:00:02,2025-06-23
1284,16EFowoO8g,MOOSPMv3Parser,1750713000,2,2,3,4,4,3,3,5,5,3,625,191,206090,32,22,3,22,22,0,0,22,0,37,42,18,17,24.441,226,1,36.13903,-120.368294,179.632996,7,600,58,3,e00fce6876826e255108c6bd,2025-06-23 21:10:03,2025-06-23 21:10:04,2025-06-23 21:10:04,2025-06-23
1288,rDHj64dhIb,MOOSPMv3Parser,1750713600,2,2,3,4,4,3,3,4,4,3,566,172,206107,29,21,1,21,21,0,0,21,0,38,42,17,16,24.332,232,1,36.139061,-120.368141,192.852005,5,600,58,3,e00fce6876826e255108c6bd,2025-06-23 21:20:02,2025-06-23 21:20:02,2025-06-23 21:20:02,2025-06-23
1305,yutInOdI5u,MOOSPMv3Parser,1750714200,2,2,3,4,4,3,3,4,4,3,572,172,206124,29,21,1,21,21,0,0,21,0,37,42,17,17,24.73,217,1,36.13895,-120.368347,162.464005,6,600,58,3,e00fce6876826e255108c6bd,2025-06-23 21:30:08,2025-06-23 21:30:08,2025-06-23 21:30:08,2025-06-23
1312,Y7McFM3fDc,MOOSPMv3Parser,1750714800,2,2,2,3,3,3,3,4,4,3,541,163,206141,28,19,2,19,19,0,0,19,0,38,42,17,16,23.853,229,1,36.138985,-120.368355,169.710999,7,600,58,3,e00fce6876826e255108c6bd,2025-06-23 21:40:02,2025-06-23 21:40:03,2025-06-23 21:40:03,2025-06-23
1320,Dm900niXex,MOOSPMv3Parser,1750715400,2,2,2,3,3,3,3,4,4,3,570,171,206157,28,19,2,19,19,0,0,19,0,38,42,17,17,23.532,234,1,36.138954,-120.368271,199.468994,5,600,58,3,e00fce6876826e255108c6bd,2025-06-23 21:50:02,2025-06-23 21:50:03,2025-06-23 21:50:03,2025-06-23
1331,5SVMh5TMWg,MOOSPMv3Parser,1750716000,2,2,2,3,3,2,2,4,4,2,532,160,206173,24,18,1,18,18,0,0,18,0,39,42,16,16,22.978,241,1,36.138935,-120.368317,200.871994,5,600,58,3,e00fce6876826e255108c6bd,2025-06-23 22:00:03,2025-06-23 22:00:03,2025-06-23 22:00:03,2025-06-23
1344,IwNaGAyUZe,MOOSPMv3Parser,1750716600,2,2,3,3,3,3,3,4,4,3,544,165,206192,29,22,2,22,22,0,0,22,0,39,42,16,16,22.791,252,1,36.139069,-120.36834,172.164993,8,600,58,3,e00fce6876826e255108c6bd,2025-06-23 22:10:04,2025-06-23 22:10:04,2025-06-23 22:10:04,2025-06-23
1350,YC1eYdAP3K,MOOSPMv3Parser,1750717200,2,2,2,3,3,3,3,4,4,3,541,164,206208,26,19,1,19,19,0,0,19,0,38,42,16,16,24.724,222,1,36.138973,-120.368279,192.429001,7,600,58,3,e00fce6876826e255108c6bd,2025-06-23 22:20:02,2025-06-23 22:20:02,2025-06-23 22:20:02,2025-06-23
1358,CrebREA7bI,MOOSPMv3Parser,1750717800,2,2,3,4,4,3,3,4,4,3,572,173,206224,27,20,2,20,20,0,0,20,0,37,42,16,16,25.498,185,1,36.138977,-120.36834,178.067993,8,600,58,3,e00fce6876826e255108c6bd,2025-06-23 22:30:02,2025-06-23 22:30:02,2025-06-23 22:30:02,2025-06-23
1367,afGkDqIGRi,MOOSPMv3Parser,1750718400,2,2,3,4,4,3,3,4,4,3,588,177,206241,29,20,2,20,20,0,0,20,0,37,41,17,16,26.312,163,1,36.139038,-120.368362,155.233002,9,600,58,3,e00fce6876826e255108c6bd,2025-06-23 22:40:02,2025-06-23 22:40:02,2025-06-23 22:40:02,2025-06-23
1379,5Se4eAyR1J,MOOSPMv3Parser,1750719000,2,2,3,4,4,3,3,4,4,3,579,175,206258,32,21,2,21,21,0,0,21,0,37,41,18,17,26.601,131,1,36.139038,-120.368362,155.235001,0,600,58,3,e00fce6876826e255108c6bd,2025-06-23 22:50:02,2025-06-23 22:50:02,2025-06-23 22:50:02,2025-06-23
1394,y8xh4DX6cq,MOOSPMv3Parser,1750719600,2,2,3,3,3,3,3,4,4,3,546,166,206275,27,20,2,20,20,0,0,20,0,37,40,17,17,25.584,129,1,36.139061,-120.368362,166.867996,8,600,58,3,e00fce6876826e255108c6bd,2025-06-23 23:00:03,2025-06-23 23:00:03,2025-06-23 23:00:03,2025-06-23
1397,eClo0g9awQ,MOOSPMv3Parser,1750720200,2,2,2,4,4,3,3,4,4,3,560,172,206291,29,19,1,19,19,0,0,19,0,38,40,16,17,24.985,138,1,36.138981,-120.36837,144.457001,7,600,58,3,e00fce6876826e255108c6bd,2025-06-23 23:10:02,2025-06-23 23:10:02,2025-06-23 23:10:02,2025-06-23
1410,0myM3FyrGk,MOOSPMv3Parser,1750720800,2,2,3,4,4,3,3,4,4,3,572,172,206307,31,20,2,20,20,0,0,20,0,37,40,17,17,26.147,113,1,36.138985,-120.368393,161.888,7,600,58,3,e00fce6876826e255108c6bd,2025-06-23 23:20:02,2025-06-23 23:20:02,2025-06-23 23:20:02,2025-06-23
1419,5G6R1buRqs,MOOSPMv3Parser,1750721400,2,2,3,4,4,3,3,4,4,3,588,176,206327,29,23,1,23,23,0,0,23,0,37,40,17,17,25.235,112,1,36.138996,-120.368385,163.806,7,600,58,3,e00fce6876826e255108c6bd,2025-06-23 23:30:02,2025-06-23 23:30:02,2025-06-23 23:30:02,2025-06-23
1431,dA5grlIQ9q,MOOSPMv3Parser,1750722000,2,2,3,4,4,3,3,5,5,3,626,189,206347,32,23,3,23,23,0,0,23,0,37,39,17,18,26.186,100,1,36.138981,-120.368423,158.125,6,600,58,3,e00fce6876826e255108c6bd,2025-06-23 23:40:02,2025-06-23 23:40:03,2025-06-23 23:40:03,2025-06-23
1439,Q0onpF7M1I,MOOSPMv3Parser,1750722600,3,3,3,4,4,3,3,5,5,3,644,194,206367,32,24,3,24,24,0,0,24,0,37,39,18,18,25.821,97,1,36.138996,-120.368225,184.901993,6,600,58,3,e00fce6876826e255108c6bd,2025-06-23 23:50:02,2025-06-23 23:50:02,2025-06-23 23:50:02,2025-06-23
3,WTlGsn16XO,MOOSPMv3Parser,1750723200,2,2,3,4,4,3,3,4,4,3,624,186,206388,31,24,1,24,24,0,0,24,0,37,39,18,18,26.108,91,1,36.139019,-120.368347,162.625,6,600,58,3,e00fce6876826e255108c6bd,2025-06-24 00:00:02,2025-06-24 00:00:03,2025-06-24 00:00:03,2025-06-24
13,9bH3MKS1c3,MOOSPMv3Parser,1750723800,3,3,3,4,4,3,3,5,5,3,643,196,206409,36,24,2,24,24,0,0,24,0,37,38,18,19,26.96,68,1,36.139034,-120.368294,177.998993,5,600,58,3,e00fce6876826e255108c6bd,2025-06-24 00:10:02,2025-06-24 00:10:02,2025-06-24 00:10:02,2025-06-24
24,GcbYnzwqeX,MOOSPMv3Parser,1750724400,3,3,3,4,4,3,3,5,5,3,633,192,206431,34,24,3,25,25,0,0,25,0,36,38,19,19,26.719,63,1,36.138931,-120.368324,173.552002,8,600,58,3,e00fce6876826e255108c6bd,2025-06-24 00:20:02,2025-06-24 00:20:03,2025-06-24 00:20:03,2025-06-24
34,buhcDbK8Uz,MOOSPMv3Parser,1750725000,2,2,3,4,4,3,3,5,5,3,607,187,206452,29,24,2,24,24,0,0,24,0,36,37,18,19,27.304,59,1,36.13903,-120.368279,191.404007,8,600,58,3,e00fce6876826e255108c6bd,2025-06-24 00:30:02,2025-06-24 00:30:03,2025-06-24 00:30:03,2025-06-24
43,cXGSUNbm3m,MOOSPMv3Parser,1750725600,2,2,3,4,4,3,3,4,4,3,613,187,206473,31,24,2,24,24,0,0,24,0,36,37,19,20,27.399,49,1,36.13903,-120.368279,191.404999,0,600,58,3,e00fce6876826e255108c6bd,2025-06-24 00:40:02,2025-06-24 00:40:02,2025-06-24 00:40:02,2025-06-24
55,D3aLUgq3lp,MOOSPMv3Parser,1750726200,3,3,3,4,4,3,3,5,5,3,627,190,206494,33,23,2,23,23,0,0,23,0,36,36,18,20,27.152,44,1,36.138981,-120.368294,187.298996,8,600,58,3,e00fce6876826e255108c6bd,2025-06-24 00:50:02,2025-06-24 00:50:02,2025-06-24 00:50:02,2025-06-24
68,1lcWko12Ok,MOOSPMv3Parser,1750726800,3,3,3,4,4,3,3,5,5,3,604,185,206514,32,23,2,23,23,0,0,23,0,35,36,19,20,28.688,36,1,36.139011,-120.368347,179.593002,8,600,58,3,e00fce6876826e255108c6bd,2025-06-24 01:00:03,2025-06-24 01:00:03,2025-06-24 01:00:03,2025-06-24
83,FjoQkhddjN,MOOSPMv3Parser,1750727400,3,3,3,4,4,3,3,5,5,3,609,189,206536,36,25,2,25,25,0,0,25,0,35,35,19,20,28.865,28,1,36.138973,-120.368324,171.916,11,600,58,3,e00fce6876826e255108c6bd,2025-06-24 01:10:07,2025-06-24 01:10:07,2025-06-24 01:10:07,2025-06-24
87,F9ZI42rHIf,MOOSPMv3Parser,1750728000,2,2,3,4,4,3,3,4,4,3,611,185,206557,29,24,2,24,24,0,0,24,0,34,35,19,21,29.396,25,2,36.138969,-120.368263,208.578003,7,600,58,3,e00fce6876826e255108c6bd,2025-06-24 01:20:02,2025-06-24 01:20:02,2025-06-24 01:20:02,2025-06-24
97,ZyGm6ePRO1,MOOSPMv3Parser,1750728600,3,3,3,4,4,3,3,4,4,3,635,198,206579,33,24,2,25,25,0,0,25,0,34,34,19,21,28.609,22,2,36.139034,-120.368088,189.979004,8,600,58,3,e00fce6876826e255108c6bd,2025-06-24 01:30:02,2025-06-24 01:30:02,2025-06-24 01:30:02,2025-06-24
113,EKHd011yeE,MOOSPMv3Parser,1750729200,3,3,3,4,4,3,3,4,4,3,625,192,206601,34,25,2,25,25,0,0,25,0,34,34,19,20,29.669,21,2,36.138996,-120.368309,186.087997,9,600,58,3,e00fce6876826e255108c6bd,2025-06-24 01:40:06,2025-06-24 01:40:07,2025-06-24 01:40:07,2025-06-24
118,R7lmdGpkEB,MOOSPMv3Parser,1750729800,3,3,3,4,4,3,3,5,5,3,633,194,206622,35,24,2,24,24,0,0,24,0,34,34,20,22,29.624,19,2,36.138878,-120.368294,172.858994,7,600,58,3,e00fce6876826e255108c6bd,2025-06-24 01:50:03,2025-06-24 01:50:03,2025-06-24 01:50:03,2025-06-24
130,y3pTW6jiN4,MOOSPMv3Parser,1750730400,2,2,3,4,4,3,3,5,5,3,598,183,206643,33,24,2,24,24,0,0,24,0,34,33,19,21,29.723,19,3,36.138813,-120.368347,166.977005,7,600,58,3,e00fce6876826e255108c6bd,2025-06-24 02:00:03,2025-06-24 02:00:03,2025-06-24 02:00:03,2025-06-24
139,8kqwpHEGHH,MOOSPMv3Parser,1750731000,2,2,3,4,4,3,3,4,4,3,585,179,206663,31,23,1,23,23,0,0,23,0,33,33,19,21,30.271,18,3,36.139156,-120.368446,184.417999,6,600,58,3,e00fce6876826e255108c6bd,2025-06-24 02:10:02,2025-06-24 02:10:02,2025-06-24 02:10:02,2025-06-24
147,BPRoKf7qVQ,MOOSPMv3Parser,1750731600,2,2,3,4,4,3,3,4,4,3,562,172,206680,28,22,2,22,22,0,0,22,0,33,33,19,21,30.029,17,3,36.139156,-120.368446,184.414001,0,600,58,3,e00fce6876826e255108c6bd,2025-06-24 02:20:02,2025-06-24 02:20:02,2025-06-24 02:20:02,2025-06-24
157,KZlH1BQ0gX,MOOSPMv3Parser,1750732200,2,2,3,4,4,3,3,5,5,3,577,178,206700,30,23,3,23,23,0,0,23,0,32,32,19,21,30.199,17,3,36.139065,-120.368393,182.238998,5,600,58,3,e00fce6876826e255108c6bd,2025-06-24 02:30:02,2025-06-24 02:30:03,2025-06-24 02:30:03,2025-06-24
171,TfiAlhvyH5,MOOSPMv3Parser,1750732800,2,2,3,4,4,3,3,4,4,3,575,177,206719,30,22,2,22,22,0,0,22,0,31,32,21,22,31.139,16,4,36.139019,-120.368446,173.505997,7,600,58,3,e00fce6876826e255108c6bd,2025-06-24 02:40:02,2025-06-24 02:40:03,2025-06-24 02:40:03,2025-06-24
179,Ff0CWFE5Jc,MOOSPMv3Parser,1750733400,3,3,3,5,5,4,4,6,6,4,708,218,206742,41,26,3,26,26,0,0,26,0,31,31,21,23,30.937,15,4,36.139038,-120.368347,191.766998,5,600,58,3,e00fce6876826e255108c6bd,2025-06-24 02:50:02,2025-06-24 02:50:02,2025-06-24 02:50:02,2025-06-24
188,aMMMVlFHox,MOOSPMv3Parser,1750734000,3,3,4,6,6,4,4,6,6,4,779,238,206767,40,28,3,29,29,0,0,29,0,30,31,22,23,30.777,17,4,36.139038,-120.368469,184.546005,6,600,58,3,e00fce6876826e255108c6bd,2025-06-24 03:00:02,2025-06-24 03:00:03,2025-06-24 03:00:03,2025-06-24
199,YnHpr0I5eo,MOOSPMv3Parser,1750734600,3,3,4,5,5,4,4,6,6,4,750,228,206791,36,28,3,28,28,0,0,28,0,30,30,22,23,29.772,26,4,36.139034,-120.36837,154.862,6,600,58,3,e00fce6876826e255108c6bd,2025-06-24 03:10:02,2025-06-24 03:10:02,2025-06-24 03:10:02,2025-06-24
209,YJLAbwX5ra,MOOSPMv3Parser,1750735200,3,3,3,5,5,4,4,6,6,4,691,211,206814,41,26,3,26,26,0,0,26,0,29,30,22,23,30.435,24,4,36.139149,-120.368561,165.042007,9,600,58,3,e00fce6876826e255108c6bd,2025-06-24 03:20:02,2025-06-24 03:20:02,2025-06-24 03:20:02,2025-06-24
220,hzIqIc4j5U,MOOSPMv3Parser,1750735800,2,2,3,4,4,3,3,4,4,3,527,161,206830,29,21,2,21,21,0,0,21,0,29,29,22,24,29.439,27,4,36.139076,-120.368416,180.106003,8,600,58,3,e00fce6876826e255108c6bd,2025-06-24 03:30:02,2025-06-24 03:30:02,2025-06-24 03:30:02,2025-06-24
237,6c72tHOLwC,MOOSPMv3Parser,1750736400,2,2,3,4,4,3,3,5,5,3,516,161,206848,35,22,4,22,22,0,0,22,0,29,29,22,24,28.504,37,4,36.139023,-120.368553,157.449997,7,600,58,3,e00fce6876826e255108c6bd,2025-06-24 03:40:07,2025-06-24 03:40:07,2025-06-24 03:40:07,2025-06-24
243,se2V5NHQ8S,MOOSPMv3Parser,1750737000,2,2,2,3,3,3,3,3,3,3,453,141,206864,25,19,1,19,19,0,0,19,0,28,28,24,26,27.808,41,4,36.139042,-120.368378,190.725998,7,600,58,3,e00fce6876826e255108c6bd,2025-06-24 03:50:03,2025-06-24 03:50:03,2025-06-24 03:50:03,2025-06-24
255,sssCEYLIwK,MOOSPMv3Parser,1750737600,3,3,3,5,5,3,3,5,5,3,663,200,206883,30,22,2,22,22,0,0,22,0,27,28,23,24,23.879,67,3,36.139046,-120.368675,153.039001,7,600,58,3,e00fce6876826e255108c6bd,2025-06-24 04:00:03,2025-06-24 04:00:03,2025-06-24 04:00:03,2025-06-24
266,Qnppl7WTDL,MOOSPMv3Parser,1750738200,2,2,2,3,3,3,3,4,4,3,468,143,206899,28,19,2,19,19,0,0,19,0,27,27,24,26,24.102,70,3,36.139046,-120.368675,153.035995,0,600,58,3,e00fce6876826e255108c6bd,2025-06-24 04:10:07,2025-06-24 04:10:08,2025-06-24 04:10:08,2025-06-24
275,HL2MHcivcj,MOOSPMv3Parser,1750738800,1,1,2,3,3,3,3,3,3,3,421,129,206915,25,19,2,19,19,0,0,19,0,26,27,25,26,24.506,65,3,36.138985,-120.368347,197.460007,5,600,58,3,e00fce6876826e255108c6bd,2025-06-24 04:20:03,2025-06-24 04:20:03,2025-06-24 04:20:03,2025-06-24
284,8WfCnz21Oy,MOOSPMv3Parser,1750739400,2,2,3,3,3,3,3,3,3,3,449,139,206934,24,22,2,22,22,0,0,22,0,26,26,25,27,25.171,62,3,36.13916,-120.368446,166.740997,7,600,58,3,e00fce6876826e255108c6bd,2025-06-24 04:30:03,2025-06-24 04:30:03,2025-06-24 04:30:03,2025-06-24
297,Ftk2d3wPtf,MOOSPMv3Parser,1750740000,2,2,2,3,3,3,3,4,4,3,467,145,206950,28,19,2,19,19,0,0,19,0,26,26,27,29,26.624,39,3,36.139034,-120.368393,162.199005,7,600,58,3,e00fce6876826e255108c6bd,2025-06-24 04:40:41,2025-06-24 04:40:42,2025-06-24 04:40:42,2025-06-24
301,VD7Ks7CPcB,MOOSPMv3Parser,1750740600,2,2,3,3,3,3,3,4,4,3,462,143,206967,28,20,2,20,20,0,0,20,0,25,25,26,28,26.892,35,3,36.138988,-120.368408,201.445999,6,600,58,3,e00fce6876826e255108c6bd,2025-06-24 04:50:02,2025-06-24 04:50:02,2025-06-24 04:50:02,2025-06-24
316,iyKW9xSUGH,MOOSPMv3Parser,1750741200,1,1,2,3,3,3,3,3,3,3,433,132,206983,23,19,2,19,19,0,0,19,0,26,25,26,29,26.948,33,4,36.138973,-120.368378,192.440994,5,600,58,3,e00fce6876826e255108c6bd,2025-06-24 05:00:03,2025-06-24 05:00:03,2025-06-24 05:00:03,2025-06-24
327,PyBJjq8FQg,MOOSPMv3Parser,1750741800,2,2,2,3,3,3,3,4,4,3,472,146,206999,27,20,3,20,20,0,0,20,0,25,25,27,29,26.033,54,4,36.139069,-120.368439,174.597,7,600,58,3,e00fce6876826e255108c6bd,2025-06-24 05:10:04,2025-06-24 05:10:04,2025-06-24 05:10:04,2025-06-24
336,wzT9JoRNRF,MOOSPMv3Parser,1750742400,2,2,3,3,3,3,3,4,4,3,458,141,207018,28,22,4,22,22,0,0,22,0,25,25,27,30,25.735,62,4,36.139164,-120.36837,169.714005,5,600,58,3,e00fce6876826e255108c6bd,2025-06-24 05:20:03,2025-06-24 05:20:03,2025-06-24 05:20:03,2025-06-24
344,4Y4OHWK0sJ,MOOSPMv3Parser,1750743000,1,1,3,3,3,3,3,3,3,3,425,129,207034,24,20,2,20,20,0,0,20,0,24,24,29,30,24.406,99,3,36.13908,-120.368446,180.723999,6,600,58,3,e00fce6876826e255108c6bd,2025-06-24 05:30:03,2025-06-24 05:30:03,2025-06-24 05:30:03,2025-06-24
356,7z8cIShVW9,MOOSPMv3Parser,1750743600,1,1,3,3,3,3,3,3,3,3,460,140,207054,24,22,2,22,22,0,0,22,0,24,24,30,32,23.458,139,3,36.139027,-120.368332,174.947006,8,600,58,3,e00fce6876826e255108c6bd,2025-06-24 05:40:03,2025-06-24 05:40:03,2025-06-24 05:40:03,2025-06-24
366,lx8RBkpObB,MOOSPMv3Parser,1750744200,1,1,3,2,2,3,3,3,3,3,414,126,207070,26,20,2,20,20,0,0,20,0,24,24,31,32,23.946,122,2,36.138988,-120.368324,180.434006,8,600,58,3,e00fce6876826e255108c6bd,2025-06-24 05:50:03,2025-06-24 05:50:03,2025-06-24 05:50:03,2025-06-24
378,Bx9ESDD7zH,MOOSPMv3Parser,1750744800,1,1,2,3,3,3,3,3,3,3,427,131,207086,26,19,2,19,19,0,0,19,0,23,23,31,33,22.743,148,2,36.138988,-120.368324,180.432007,0,600,58,3,e00fce6876826e255108c6bd,2025-06-24 06:00:07,2025-06-24 06:00:07,2025-06-24 06:00:07,2025-06-24
387,anCaGYaW8H,MOOSPMv3Parser,1750745400,1,1,2,3,3,3,3,3,3,3,424,132,207103,25,19,2,19,19,0,0,19,0,23,23,30,32,23.811,125,2,36.139034,-120.36837,175.897995,9,600,58,3,e00fce6876826e255108c6bd,2025-06-24 06:10:03,2025-06-24 06:10:03,2025-06-24 06:10:03,2025-06-24
398,XYV0PJmpLR,MOOSPMv3Parser,1750746000,2,2,3,3,3,3,3,3,3,3,431,131,207119,23,20,1,20,20,0,0,20,0,23,23,30,33,23.616,131,2,36.139008,-120.36837,183.360001,7,600,58,3,e00fce6876826e255108c6bd,2025-06-24 06:20:03,2025-06-24 06:20:03,2025-06-24 06:20:03,2025-06-24
405,Kg8T8t8JhW,MOOSPMv3Parser,1750746600,2,2,3,3,3,3,3,3,3,3,447,137,207135,24,20,2,20,20,0,0,20,0,23,23,31,33,23.315,145,2,36.13905,-120.368248,187.358002,10,600,58,3,e00fce6876826e255108c6bd,2025-06-24 06:30:02,2025-06-24 06:30:03,2025-06-24 06:30:03,2025-06-24
420,1qbJlVP7ps,MOOSPMv3Parser,1750747200,2,2,2,3,3,3,3,3,3,3,451,136,207151,24,19,2,19,19,0,0,19,0,23,22,31,33,21.809,194,2,36.139069,-120.368286,186.791,7,600,58,3,e00fce6876826e255108c6bd,2025-06-24 06:40:03,2025-06-24 06:40:03,2025-06-24 06:40:03,2025-06-24
430,vz40nkauqb,MOOSPMv3Parser,1750747800,2,2,2,3,3,3,3,3,3,3,458,142,207168,26,19,1,19,19,0,0,19,0,23,22,32,34,22.361,208,2,36.139038,-120.368393,179.488998,8,600,58,3,e00fce6876826e255108c6bd,2025-06-24 06:50:07,2025-06-24 06:50:07,2025-06-24 06:50:07,2025-06-24
440,cy7z3GCsIf,MOOSPMv3Parser,1750748400,2,2,2,3,3,3,3,3,3,3,440,136,207184,27,19,1,19,19,0,0,19,0,22,22,35,36,22.394,201,2,36.139038,-120.368286,168.001007,8,600,58,3,e00fce6876826e255108c6bd,2025-06-24 07:00:05,2025-06-24 07:00:05,2025-06-24 07:00:05,2025-06-24
449,Ja78OPC69a,MOOSPMv3Parser,1750749000,2,2,3,3,3,3,3,4,4,3,464,143,207201,30,21,3,21,21,0,0,21,0,22,22,35,37,21.545,228,2,36.139004,-120.368362,177.085999,7,600,58,3,e00fce6876826e255108c6bd,2025-06-24 07:10:03,2025-06-24 07:10:03,2025-06-24 07:10:03,2025-06-24
461,6JNXYgWqoW,MOOSPMv3Parser,1750749600,2,2,2,3,3,2,2,4,4,2,456,138,207217,24,19,2,19,19,0,0,19,0,22,21,39,40,21.195,281,1,36.138988,-120.368317,178.123001,7,600,58,3,e00fce6876826e255108c6bd,2025-06-24 07:20:20,2025-06-24 07:20:20,2025-06-24 07:20:20,2025-06-24
472,X2r83NGxBK,MOOSPMv3Parser,1750750200,2,2,2,3,3,3,3,4,4,3,482,148,207234,28,19,2,19,19,0,0,19,0,21,21,36,37,19.647,328,1,36.139027,-120.368385,172.973999,9,600,58,3,e00fce6876826e255108c6bd,2025-06-24 07:30:08,2025-06-24 07:30:08,2025-06-24 07:30:08,2025-06-24
478,86j3M3y7rN,MOOSPMv3Parser,1750750800,2,2,3,3,3,3,3,4,4,3,473,145,207250,25,20,2,21,21,0,0,21,0,21,21,36,38,18.971,404,1,36.139038,-120.36837,172.951996,7,600,58,3,e00fce6876826e255108c6bd,2025-06-24 07:40:02,2025-06-24 07:40:03,2025-06-24 07:40:03,2025-06-24
487,bhe5G9s6ao,MOOSPMv3Parser,1750751400,2,2,3,3,3,3,3,4,4,3,476,146,207267,26,21,2,21,21,0,0,21,0,21,21,36,38,18.691,440,1,36.139038,-120.36837,172.945999,0,600,58,3,e00fce6876826e255108c6bd,2025-06-24 07:50:02,2025-06-24 07:50:02,2025-06-24 07:50:02,2025-06-24
500,t88f8HmJMc,MOOSPMv3Parser,1750752000,2,2,3,4,4,3,3,4,4,3,470,144,207284,27,21,3,21,21,0,0,21,0,21,20,37,39,18.94,420,1,36.138988,-120.368301,171.516006,6,600,58,3,e00fce6876826e255108c6bd,2025-06-24 08:00:02,2025-06-24 08:00:03,2025-06-24 08:00:03,2025-06-24
512,sxDn7FXn2V,MOOSPMv3Parser,1750752600,2,2,3,4,4,3,3,4,4,3,476,145,207302,27,21,3,21,21,0,0,21,0,20,20,38,40,18.066,460,1,36.13903,-120.368385,181.953003,6,600,58,3,e00fce6876826e255108c6bd,2025-06-24 08:10:07,2025-06-24 08:10:07,2025-06-24 08:10:07,2025-06-24
521,InxRobnAyt,MOOSPMv3Parser,1750753200,2,2,3,4,4,3,3,4,4,3,484,149,207319,26,20,3,20,20,0,0,20,0,20,20,41,43,17.536,473,1,36.138966,-120.368309,181.210999,6,600,58,3,e00fce6876826e255108c6bd,2025-06-24 08:20:03,2025-06-24 08:20:03,2025-06-24 08:20:03,2025-06-24
533,yodOuCDmNO,MOOSPMv3Parser,1750753800,2,2,3,4,4,3,3,4,4,3,507,155,207336,27,21,2,21,21,0,0,21,0,20,20,41,43,14.945,489,1,36.139088,-120.368332,183.462997,8,600,58,3,e00fce6876826e255108c6bd,2025-06-24 08:30:07,2025-06-24 08:30:07,2025-06-24 08:30:07,2025-06-24
543,xXLWJrE0EF,MOOSPMv3Parser,1750754400,2,2,3,4,4,3,3,4,4,3,485,151,207354,30,21,3,21,21,0,0,21,0,20,20,39,41,15.669,496,1,36.138973,-120.368317,180.151001,6,600,58,3,e00fce6876826e255108c6bd,2025-06-24 08:40:08,2025-06-24 08:40:08,2025-06-24 08:40:08,2025-06-24
551,CE6KxhBDYe,MOOSPMv3Parser,1750755000,2,2,3,3,3,3,3,4,4,3,450,138,207370,24,20,2,20,20,0,0,20,0,20,20,37,39,17.46,490,1,36.139008,-120.368439,167.945999,5,600,58,3,e00fce6876826e255108c6bd,2025-06-24 08:50:03,2025-06-24 08:50:03,2025-06-24 08:50:03,2025-06-24
558,QqfeLlmF0w,MOOSPMv3Parser,1750755600,2,2,2,3,3,3,3,4,4,3,457,139,207387,23,19,3,19,19,0,0,19,0,20,19,38,42,17.99,474,1,36.139027,-120.368362,177.953003,7,600,58,3,e00fce6876826e255108c6bd,2025-06-24 09:00:02,2025-06-24 09:00:03,2025-06-24 09:00:03,2025-06-24
568,OgD6T4yq07,MOOSPMv3Parser,1750756200,2,2,3,3,3,3,3,4,4,3,449,137,207404,27,20,2,20,20,0,0,20,0,20,19,36,39,17.661,468,1,36.139107,-120.36834,179.660004,9,600,58,3,e00fce6876826e255108c6bd,2025-06-24 09:10:02,2025-06-24 09:10:03,2025-06-24 09:10:03,2025-06-24
582,Y50Tbqphej,MOOSPMv3Parser,1750756800,2,2,2,3,3,3,3,4,4,3,430,132,207420,26,19,2,19,19,0,0,19,0,20,19,36,39,18.644,450,1,36.138988,-120.368256,185.763,5,600,58,3,e00fce6876826e255108c6bd,2025-06-24 09:20:03,2025-06-24 09:20:03,2025-06-24 09:20:03,2025-06-24
590,S7F1QuRAjD,MOOSPMv3Parser,1750757400,1,1,2,3,3,2,2,3,3,2,403,124,207436,21,18,2,18,18,0,0,18,0,19,19,40,42,19.212,397,1,36.139034,-120.368355,176.968002,9,600,58,3,e00fce6876826e255108c6bd,2025-06-24 09:30:03,2025-06-24 09:30:03,2025-06-24 09:30:03,2025-06-24
599,OiW8RVZFVH,MOOSPMv3Parser,1750758000,2,2,2,3,3,2,2,3,3,2,416,127,207452,23,18,2,18,18,0,0,18,0,19,19,37,39,17.51,430,1,36.139034,-120.368355,176.966003,0,600,58,3,e00fce6876826e255108c6bd,2025-06-24 09:40:02,2025-06-24 09:40:02,2025-06-24 09:40:02,2025-06-24
609,Sf3uOmquo4,MOOSPMv3Parser,1750758600,2,2,2,3,3,2,2,3,3,2,397,122,207468,22,18,1,18,18,0,0,18,0,19,19,37,40,17.782,438,1,36.139023,-120.368324,181.770996,8,600,58,3,e00fce6876826e255108c6bd,2025-06-24 09:50:02,2025-06-24 09:50:03,2025-06-24 09:50:03,2025-06-24
620,x4d0n8Q3uU,MOOSPMv3Parser,1750759200,1,1,2,3,3,2,2,3,3,2,402,124,207484,23,17,2,17,17,0,0,17,0,19,19,38,39,17.735,463,1,36.138863,-120.368355,183.513,7,600,58,3,e00fce6876826e255108c6bd,2025-06-24 10:00:02,2025-06-24 10:00:03,2025-06-24 10:00:03,2025-06-24
629,z5AGFmN0h2,MOOSPMv3Parser,1750759800,2,2,2,2,2,2,2,3,3,2,396,123,207499,20,18,2,18,18,0,0,18,0,19,18,40,41,17.288,473,1,36.139034,-120.368416,173.636002,6,600,58,3,e00fce6876826e255108c6bd,2025-06-24 10:10:02,2025-06-24 10:10:03,2025-06-24 10:10:03,2025-06-24
639,mLmarwxjYy,MOOSPMv3Parser,1750760400,2,2,2,3,3,3,3,3,3,3,421,128,207516,22,19,2,19,19,0,0,19,0,19,18,37,40,16.422,488,1,36.138927,-120.368401,170.475998,8,600,58,3,e00fce6876826e255108c6bd,2025-06-24 10:20:02,2025-06-24 10:20:03,2025-06-24 10:20:03,2025-06-24
649,TtkJkFSsND,MOOSPMv3Parser,1750761000,2,2,2,3,3,3,3,4,4,3,420,129,207532,26,19,3,19,19,0,0,19,0,19,18,37,39,18.035,472,1,36.138992,-120.368248,185.789001,7,600,58,3,e00fce6876826e255108c6bd,2025-06-24 10:30:03,2025-06-24 10:30:03,2025-06-24 10:30:03,2025-06-24
660,gCLOxc3nBJ,MOOSPMv3Parser,1750761600,1,1,2,3,3,2,3,3,3,3,386,118,207549,21,18,2,18,18,0,0,18,0,18,18,38,40,18.71,409,1,36.139023,-120.36834,170.539001,7,600,58,3,e00fce6876826e255108c6bd,2025-06-24 10:40:02,2025-06-24 10:40:03,2025-06-24 10:40:03,2025-06-24
668,Kw7RQeTS1z,MOOSPMv3Parser,1750762200,1,1,2,3,3,2,2,3,3,2,394,123,207565,21,17,2,17,17,0,0,17,0,18,18,37,40,19.102,340,1,36.139046,-120.36837,152.132996,8,600,58,3,e00fce6876826e255108c6bd,2025-06-24 10:50:02,2025-06-24 10:50:03,2025-06-24 10:50:03,2025-06-24
677,cDuYs8nMKy,MOOSPMv3Parser,1750762800,1,1,2,3,3,2,2,3,3,2,393,120,207580,21,16,2,16,16,0,0,16,0,18,18,40,42,18.486,350,1,36.139019,-120.368355,162.244003,7,600,58,3,e00fce6876826e255108c6bd,2025-06-24 11:00:02,2025-06-24 11:00:03,2025-06-24 11:00:03,2025-06-24
689,9BjeQ4bCGs,MOOSPMv3Parser,1750763400,1,1,2,3,3,2,2,3,3,2,376,115,207595,21,16,2,16,16,0,0,16,0,18,18,39,41,18.357,387,1,36.13903,-120.368393,172.376007,8,600,58,3,e00fce6876826e255108c6bd,2025-06-24 11:10:03,2025-06-24 11:10:03,2025-06-24 11:10:03,2025-06-24
697,dhUg27PiXs,MOOSPMv3Parser,1750764000,1,1,2,3,3,2,2,3,3,2,373,115,207610,22,17,3,17,17,0,0,17,0,18,18,40,41,17.807,421,1,36.139019,-120.368408,168.822006,8,600,58,3,e00fce6876826e255108c6bd,2025-06-24 11:20:02,2025-06-24 11:20:03,2025-06-24 11:20:03,2025-06-24
706,anm1DevzL5,MOOSPMv3Parser,1750764600,1,1,2,3,3,2,2,4,4,2,380,118,207626,24,17,3,17,17,0,0,17,0,18,17,41,43,17.505,416,1,36.139019,-120.368408,168.826004,0,600,58,3,e00fce6876826e255108c6bd,2025-06-24 11:30:02,2025-06-24 11:30:03,2025-06-24 11:30:03,2025-06-24
715,j6VJiFAc1x,MOOSPMv3Parser,1750765200,1,1,2,2,2,2,2,3,3,2,367,113,207642,21,16,2,16,16,0,0,16,0,18,17,41,43,16.33,465,1,36.139019,-120.368484,175.300995,12,600,58,3,e00fce6876826e255108c6bd,2025-06-24 11:40:02,2025-06-24 11:40:03,2025-06-24 11:40:03,2025-06-24
725,Zaxhe92rPQ,MOOSPMv3Parser,1750765800,2,2,2,3,3,2,2,4,4,2,418,127,207658,25,17,2,17,17,0,0,17,0,18,17,43,44,15.724,483,1,36.139023,-120.368454,176.332993,8,600,58,3,e00fce6876826e255108c6bd,2025-06-24 11:50:02,2025-06-24 11:50:03,2025-06-24 11:50:03,2025-06-24
734,EjGtkE3Y8C,MOOSPMv3Parser,1750766400,1,1,2,3,3,2,2,3,3,2,378,115,207674,23,19,2,19,19,0,0,19,0,18,17,45,48,15.686,470,1,36.139019,-120.368446,168.412003,9,600,58,3,e00fce6876826e255108c6bd,2025-06-24 12:00:02,2025-06-24 12:00:03,2025-06-24 12:00:03,2025-06-24
744,8TX7hN0JPT,MOOSPMv3Parser,1750767000,2,2,2,3,3,2,2,3,3,2,410,126,207690,21,17,2,17,17,0,0,17,0,17,17,41,43,15.125,475,1,36.138977,-120.368355,186.494995,8,600,58,3,e00fce6876826e255108c6bd,2025-06-24 12:10:02,2025-06-24 12:10:03,2025-06-24 12:10:03,2025-06-24
753,BI6HrH6SrD,MOOSPMv3Parser,1750767600,1,1,2,3,3,2,2,3,3,2,380,115,207706,21,18,3,18,18,0,0,18,0,17,17,42,44,17.005,428,1,36.138962,-120.368301,187.677002,9,600,58,3,e00fce6876826e255108c6bd,2025-06-24 12:20:03,2025-06-24 12:20:03,2025-06-24 12:20:03,2025-06-24
767,9SVwBFZqSD,MOOSPMv3Parser,1750768200,1,1,2,2,2,2,2,3,3,2,376,116,207722,20,18,1,18,18,0,0,18,0,17,17,43,44,16.952,406,1,36.138977,-120.368431,165.800003,8,600,58,3,e00fce6876826e255108c6bd,2025-06-24 12:30:06,2025-06-24 12:30:07,2025-06-24 12:30:07,2025-06-24
772,qzmPhgWaXj,MOOSPMv3Parser,1750768800,1,1,2,2,2,2,2,3,3,2,382,118,207738,19,18,2,18,18,0,0,18,0,17,17,43,45,16.72,414,1,36.139,-120.368256,190.593002,7,600,58,3,e00fce6876826e255108c6bd,2025-06-24 12:40:02,2025-06-24 12:40:03,2025-06-24 12:40:03,2025-06-24
781,kmaqFmFJ6s,MOOSPMv3Parser,1750769400,2,2,2,3,3,2,2,3,3,2,423,129,207753,24,18,2,18,18,0,0,18,0,17,17,44,47,15.688,425,1,36.139011,-120.368401,168.460999,9,600,58,3,e00fce6876826e255108c6bd,2025-06-24 12:50:03,2025-06-24 12:50:03,2025-06-24 12:50:03,2025-06-24
791,SG9PEONHr6,MOOSPMv3Parser,1750770000,2,2,2,3,3,2,2,4,4,2,454,140,207769,25,18,2,18,18,0,0,18,1,17,17,42,44,16.981,377,1,36.138977,-120.368462,170.996994,7,600,58,3,e00fce6876826e255108c6bd,2025-06-24 13:00:03,2025-06-24 13:00:03,2025-06-24 13:00:03,2025-06-24
800,Vl4aMUqLmy,MOOSPMv3Parser,1750770600,1,1,3,3,3,3,3,3,3,3,414,127,207786,22,21,3,21,21,0,0,21,1,17,17,43,45,16.658,359,1,36.13903,-120.368439,172.440994,6,600,58,3,e00fce6876826e255108c6bd,2025-06-24 13:10:03,2025-06-24 13:10:03,2025-06-24 13:10:03,2025-06-24
812,0xBbJYwnfn,MOOSPMv3Parser,1750771200,1,1,3,3,3,3,3,4,4,3,402,122,207802,26,20,2,20,20,0,0,20,1,17,17,44,47,16.316,407,1,36.13903,-120.368439,172.442993,0,600,58,3,e00fce6876826e255108c6bd,2025-06-24 13:20:03,2025-06-24 13:20:03,2025-06-24 13:20:03,2025-06-24
818,OJQsK3hjAW,MOOSPMv3Parser,1750771800,2,2,3,3,3,3,3,4,4,3,441,135,207820,27,21,4,22,22,0,0,22,1,18,17,42,46,15.494,426,1,36.138988,-120.368553,166.184998,5,600,58,3,e00fce6876826e255108c6bd,2025-06-24 13:30:02,2025-06-24 13:30:03,2025-06-24 13:30:03,2025-06-24
828,M7tTrFcHmu,MOOSPMv3Parser,1750772400,2,2,3,3,3,3,3,4,4,3,456,142,207837,26,21,2,22,22,0,0,22,1,18,17,40,44,15.244,437,1,36.138939,-120.368332,186.860992,6,600,58,3,e00fce6876826e255108c6bd,2025-06-24 13:40:03,2025-06-24 13:40:03,2025-06-24 13:40:03,2025-06-24
836,mmQvxxuT01,MOOSPMv3Parser,1750773000,2,2,3,3,3,3,3,4,4,3,415,128,207854,25,20,3,20,20,0,0,20,0,19,17,39,44,16.698,378,1,36.138962,-120.368385,179.796997,6,600,58,3,e00fce6876826e255108c6bd,2025-06-24 13:50:03,2025-06-24 13:50:03,2025-06-24 13:50:03,2025-06-24
847,HsfEOiQ9jG,MOOSPMv3Parser,1750773600,1,1,2,3,3,3,3,3,3,3,391,120,207870,22,19,2,19,19,0,0,19,1,20,18,37,44,17.246,336,1,36.138924,-120.368263,182.759995,7,600,58,3,e00fce6876826e255108c6bd,2025-06-24 14:00:03,2025-06-24 14:00:03,2025-06-24 14:00:03,2025-06-24
856,3kzXbqOnA6,MOOSPMv3Parser,1750774200,1,1,2,2,2,2,2,2,2,2,383,116,207886,18,17,1,17,17,0,0,17,0,21,18,35,42,18.604,231,1,36.13905,-120.368591,161.431,6,600,58,3,e00fce6876826e255108c6bd,2025-06-24 14:10:03,2025-06-24 14:10:03,2025-06-24 14:10:03,2025-06-24
864,IpGlypMxA6,MOOSPMv3Parser,1750774800,1,1,2,2,2,2,2,3,3,2,360,109,207901,22,16,3,16,16,0,0,16,0,22,19,32,40,19.419,171,1,36.139004,-120.368324,174.278,7,600,58,3,e00fce6876826e255108c6bd,2025-06-24 14:20:03,2025-06-24 14:20:03,2025-06-24 14:20:03,2025-06-24
876,sViMM4Wmr9,MOOSPMv3Parser,1750775400,1,1,2,3,3,2,2,4,4,2,372,114,207917,23,17,3,17,17,0,0,17,0,23,19,31,41,19.136,141,1,36.138988,-120.368271,179.830002,6,600,58,3,e00fce6876826e255108c6bd,2025-06-24 14:30:06,2025-06-24 14:30:06,2025-06-24 14:30:06,2025-06-24
885,hUvY06nisI,MOOSPMv3Parser,1750776000,1,1,2,2,2,2,2,3,3,2,363,111,207931,20,16,3,16,16,0,0,16,0,25,20,30,39,18.801,130,1,36.138977,-120.368408,180.132996,8,600,58,3,e00fce6876826e255108c6bd,2025-06-24 14:40:07,2025-06-24 14:40:08,2025-06-24 14:40:08,2025-06-24
895,QvbddE9Xjt,MOOSPMv3Parser,1750776600,1,1,2,2,2,2,2,3,3,2,368,112,207947,20,17,1,17,17,0,0,17,0,26,22,28,37,19.241,117,2,36.13892,-120.368416,165.408005,8,600,58,3,e00fce6876826e255108c6bd,2025-06-24 14:50:08,2025-06-24 14:50:08,2025-06-24 14:50:08,2025-06-24
904,Fy9OkraXOW,MOOSPMv3Parser,1750777200,1,1,2,2,2,2,2,2,2,2,380,116,207960,21,14,2,14,14,0,0,14,0,27,23,27,34,21.295,72,2,36.13892,-120.368416,165.406998,0,600,58,3,e00fce6876826e255108c6bd,2025-06-24 15:00:03,2025-06-24 15:00:03,2025-06-24 15:00:03,2025-06-24
912,Cfpke9nprG,MOOSPMv3Parser,1750777800,1,1,2,2,2,2,2,2,2,2,373,113,207973,18,14,2,14,14,0,0,14,0,28,25,25,30,22.191,58,3,36.139019,-120.368393,161.451004,10,600,58,3,e00fce6876826e255108c6bd,2025-06-24 15:10:03,2025-06-24 15:10:03,2025-06-24 15:10:03,2025-06-24
921,nKbVHufZql,MOOSPMv3Parser,1750778400,1,1,2,2,2,2,2,2,2,2,384,117,207984,20,14,2,14,14,0,0,14,0,29,27,25,29,21.935,56,3,36.138969,-120.368431,166.233994,5,600,58,3,e00fce6876826e255108c6bd,2025-06-24 15:20:03,2025-06-24 15:20:03,2025-06-24 15:20:03,2025-06-24
932,qSIuwasKTX,MOOSPMv3Parser,1750779000,1,1,2,2,2,2,2,2,2,2,363,109,208346,18,15,1,15,15,0,0,15,0,30,28,25,29,21.386,66,3,36.139046,-120.368355,165.591003,6,599,58,3,e00fce6876826e255108c6bd,2025-06-24 15:30:03,2025-06-24 15:30:03,2025-06-24 15:30:03,2025-06-24
943,oEES9qyBNJ,MOOSPMv3Parser,1750779600,1,1,2,2,2,2,2,2,2,2,381,116,208013,18,18,1,18,18,0,0,18,0,30,29,23,27,22.492,65,3,36.139061,-120.368393,176.018005,7,600,58,3,e00fce6876826e255108c6bd,2025-06-24 15:40:04,2025-06-24 15:40:04,2025-06-24 15:40:04,2025-06-24
956,hi4Grmz20q,MOOSPMv3Parser,1750780200,1,1,3,2,2,3,3,2,2,3,417,128,208377,19,20,1,20,20,0,0,20,0,31,30,23,26,22.164,64,3,36.139069,-120.36837,185.207001,6,599,58,3,e00fce6876826e255108c6bd,2025-06-24 15:50:04,2025-06-24 15:50:04,2025-06-24 15:50:04,2025-06-24
966,pcPk0EIk7D,MOOSPMv3Parser,1750780800,1,1,7,2,2,8,8,2,2,8,386,118,208426,18,56,1,57,57,0,0,57,0,31,31,22,24,22.025,66,2,36.139019,-120.368301,188.917999,6,599,58,3,e00fce6876826e255108c6bd,2025-06-24 16:00:08,2025-06-24 16:00:08,2025-06-24 16:00:08,2025-06-24
975,HzQQOYdVoR,MOOSPMv3Parser,1750781400,1,1,2,2,2,2,2,3,3,2,373,114,208437,18,13,1,13,13,0,0,13,0,32,32,22,24,22.458,62,2,36.138969,-120.368454,152.227997,7,599,58,3,e00fce6876826e255108c6bd,2025-06-24 16:10:04,2025-06-24 16:10:04,2025-06-24 16:10:04,2025-06-24
983,tJpzRq6FDF,MOOSPMv3Parser,1750782000,1,1,2,2,2,2,2,2,2,2,370,113,208448,16,13,1,13,13,0,0,13,0,32,33,21,23,22.303,69,2,36.138996,-120.368439,165.617004,7,599,58,3,e00fce6876826e255108c6bd,2025-06-24 16:20:03,2025-06-24 16:20:03,2025-06-24 16:20:03,2025-06-24
995,EDPkVS9UfM,MOOSPMv3Parser,1750782600,1,1,2,2,2,2,2,2,2,2,381,117,208460,18,13,1,13,13,0,0,13,0,33,34,21,23,22.374,68,2,36.139084,-120.368568,160.160004,8,599,58,3,e00fce6876826e255108c6bd,2025-06-24 16:30:03,2025-06-24 16:30:03,2025-06-24 16:30:03,2025-06-24
1004,36czPjizoe,MOOSPMv3Parser,1750783200,1,1,41,2,2,99,146,2,2,169,374,114,208628,21,266,2,323,334,0,0,337,1,34,36,22,22,21.772,81,2,36.139046,-120.368401,179.539993,7,599,58,3,e00fce6876826e255108c6bd,2025-06-24 16:40:03,2025-06-24 16:40:03,2025-06-24 16:40:03,2025-06-24
1012,MZJaPMeSWB,MOOSPMv3Parser,1750783800,1,1,164,2,2,986,1665,2,2,1998,369,113,208280,19,487,1,1291,1460,0,0,1498,1,34,37,22,22,21.725,96,1,36.139046,-120.368401,179.539001,0,600,58,3,e00fce6876826e255108c6bd,2025-06-24 16:50:03,2025-06-24 16:50:03,2025-06-24 16:50:03,2025-06-24
1024,rc8LC8qxxK,MOOSPMv3Parser,1750784400,1,1,178,2,2,1054,1777,2,2,2132,362,110,208628,19,543,1,1399,1579,0,0,1620,1,35,38,20,20,21.433,106,1,36.138985,-120.368256,175.453995,8,599,58,3,e00fce6876826e255108c6bd,2025-06-24 17:00:03,2025-06-24 17:00:03,2025-06-24 17:00:03,2025-06-24
1035,n2e22IRFlC,MOOSPMv3Parser,1750785000,1,1,126,2,2,855,1459,2,2,1755,349,103,208628,17,275,2,988,1138,0,0,1172,2,34,38,20,19,22.886,102,1,36.139038,-120.368416,171.237,10,599,58,3,e00fce6876826e255108c6bd,2025-06-24 17:10:03,2025-06-24 17:10:03,2025-06-24 17:10:03,2025-06-24
1045,5tUVRtOkvW,MOOSPMv3Parser,1750785600,1,1,156,2,2,616,993,2,2,1178,360,109,209107,18,776,1,1224,1318,0,0,1339,1,34,39,20,19,23.96,92,1,36.139023,-120.368362,159.057999,7,599,58,3,e00fce6876826e255108c6bd,2025-06-24 17:20:03,2025-06-24 17:20:03,2025-06-24 17:20:03,2025-06-24
1054,BhC5qxtVEk,MOOSPMv3Parser,1750786200,1,1,2,2,2,2,2,2,2,2,356,108,209121,18,16,2,16,16,0,0,16,0,35,39,20,18,24.532,87,1,36.139034,-120.368279,171.865997,7,599,58,3,e00fce6876826e255108c6bd,2025-06-24 17:30:03,2025-06-24 17:30:03,2025-06-24 17:30:03,2025-06-24
1065,8fvBJA99ke,MOOSPMv3Parser,1750786800,1,1,1,2,2,1,1,2,2,1,366,111,209129,16,10,1,11,11,0,0,11,0,35,40,19,18,24.713,93,1,36.139038,-120.368378,168.440994,9,599,58,3,e00fce6876826e255108c6bd,2025-06-24 17:40:03,2025-06-24 17:40:03,2025-06-24 17:40:03,2025-06-24
1076,E0yWn7gg1o,MOOSPMv3Parser,1750787400,1,1,1,2,2,1,1,2,2,1,364,110,209137,19,10,2,10,10,0,0,10,0,35,40,20,18,25.749,82,1,36.139019,-120.368462,160.992996,7,599,58,3,e00fce6876826e255108c6bd,2025-06-24 17:50:03,2025-06-24 17:50:03,2025-06-24 17:50:03,2025-06-24
1087,6dQVzDXepW,MOOSPMv3Parser,1750788000,1,1,1,2,2,1,1,2,2,1,354,104,209145,17,10,1,10,10,0,0,10,0,36,40,18,17,24.715,91,1,36.138996,-120.368317,174.487,8,599,58,3,e00fce6876826e255108c6bd,2025-06-24 18:00:04,2025-06-24 18:00:04,2025-06-24 18:00:04,2025-06-24
1093,5kZOu0JWCh,MOOSPMv3Parser,1750788600,1,1,1,2,2,2,2,2,2,2,329,99,209154,17,12,2,12,12,0,0,12,0,36,41,18,18,23.764,109,1,36.13905,-120.368484,148.742996,7,599,58,3,e00fce6876826e255108c6bd,2025-06-24 18:10:03,2025-06-24 18:10:03,2025-06-24 18:10:03,2025-06-24
1105,8D6szzsTKQ,MOOSPMv3Parser,1750789200,1,1,1,2,2,1,1,2,2,1,332,99,209163,15,10,1,10,10,0,0,10,0,37,41,19,18,23.28,134,1,36.139011,-120.368317,183.072006,7,599,58,3,e00fce6876826e255108c6bd,2025-06-24 18:20:03,2025-06-24 18:20:03,2025-06-24 18:20:03,2025-06-24
1114,rpDCO3MoKc,MOOSPMv3Parser,1750789800,1,1,1,1,1,1,1,2,2,1,347,103,209171,17,10,2,10,10,0,0,10,0,37,41,18,17,23.615,136,1,36.138962,-120.368279,178.550003,7,599,58,3,e00fce6876826e255108c6bd,2025-06-24 18:30:03,2025-06-24 18:30:03,2025-06-24 18:30:03,2025-06-24
1125,mNu20Wl0yb,MOOSPMv3Parser,1750790400,1,1,1,2,2,1,1,2,2,1,349,101,208830,15,10,1,10,10,0,0,10,0,37,42,19,17,24.257,120,1,36.138962,-120.368279,178.554001,0,600,58,3,e00fce6876826e255108c6bd,2025-06-24 18:40:03,2025-06-24 18:40:03,2025-06-24 18:40:03,2025-06-24
1135,rbwrDHu8SA,MOOSPMv3Parser,1750791000,1,1,1,2,2,1,1,2,2,1,351,104,209187,16,11,2,11,11,0,0,11,0,38,42,16,16,22.824,157,1,36.138954,-120.36834,173.511002,7,599,58,3,e00fce6876826e255108c6bd,2025-06-24 18:50:03,2025-06-24 18:50:03,2025-06-24 18:50:03,2025-06-24
1144,zp3pwqqPuw,MOOSPMv3Parser,1750791600,1,1,1,2,2,1,1,2,2,1,359,107,209196,15,10,1,10,10,0,0,10,0,37,42,18,17,26.114,128,1,36.139053,-120.368347,197.404007,7,599,58,3,e00fce6876826e255108c6bd,2025-06-24 19:00:03,2025-06-24 19:00:03,2025-06-24 19:00:03,2025-06-24
1153,aQQWrNJzrj,MOOSPMv3Parser,1750792200,1,1,1,2,2,1,1,2,2,1,351,103,209204,16,9,1,9,9,0,0,9,0,37,42,18,17,24.417,135,1,36.138943,-120.368317,173.337006,7,599,58,3,e00fce6876826e255108c6bd,2025-06-24 19:10:03,2025-06-24 19:10:03,2025-06-24 19:10:03,2025-06-24
1165,KlYkLH6us1,MOOSPMv3Parser,1750792800,1,1,1,2,2,1,1,2,2,1,364,108,209212,15,10,1,10,10,0,0,10,0,38,42,17,17,24.286,131,1,36.139076,-120.368401,181.682007,8,599,58,3,e00fce6876826e255108c6bd,2025-06-24 19:20:03,2025-06-24 19:20:03,2025-06-24 19:20:03,2025-06-24
1174,yIrGfgENeH,MOOSPMv3Parser,1750793400,1,1,1,2,2,1,1,2,2,1,372,108,209220,16,11,1,11,11,0,0,11,0,39,43,15,15,23.113,157,1,36.139065,-120.368446,166.862,8,599,58,3,e00fce6876826e255108c6bd,2025-06-24 19:30:03,2025-06-24 19:30:03,2025-06-24 19:30:03,2025-06-24
1186,h6jpxUetJz,MOOSPMv3Parser,1750794000,1,1,1,2,2,1,1,2,2,1,379,111,209228,16,9,1,9,9,0,0,9,0,39,43,16,16,24.721,137,1,36.139011,-120.368362,155.119003,7,599,58,3,e00fce6876826e255108c6bd,2025-06-24 19:40:03,2025-06-24 19:40:03,2025-06-24 19:40:03,2025-06-24
1199,2aO9cZRBjf,MOOSPMv3Parser,1750794600,1,1,1,2,2,1,1,2,2,1,385,113,209236,15,11,1,11,11,0,0,11,0,39,43,17,16,24.412,147,1,36.139,-120.368347,183.526001,6,599,58,3,e00fce6876826e255108c6bd,2025-06-24 19:50:03,2025-06-24 19:50:03,2025-06-24 19:50:03,2025-06-24
1209,pLlEUnSbGg,MOOSPMv3Parser,1750795200,1,1,1,2,2,1,1,2,2,1,363,107,209244,18,10,1,10,10,0,0,10,0,39,43,16,16,23.617,160,1,36.139065,-120.368332,160.889008,5,599,58,3,e00fce6876826e255108c6bd,2025-06-24 20:00:03,2025-06-24 20:00:03,2025-06-24 20:00:03,2025-06-24
1218,SYryfXLo9G,MOOSPMv3Parser,1750795800,1,1,1,2,2,1,1,2,2,1,364,107,208904,16,10,1,10,10,0,0,10,0,40,43,16,16,23.823,173,1,36.139046,-120.368248,178.850006,6,600,58,3,e00fce6876826e255108c6bd,2025-06-24 20:10:03,2025-06-24 20:10:03,2025-06-24 20:10:03,2025-06-24
1229,dl2qjCokes,MOOSPMv3Parser,1750796400,1,1,1,2,2,1,1,2,2,1,393,112,209261,13,11,1,11,11,0,0,11,0,40,44,16,16,23.203,189,1,36.139069,-120.368271,186.563995,7,599,58,3,e00fce6876826e255108c6bd,2025-06-24 20:20:03,2025-06-24 20:20:03,2025-06-24 20:20:03,2025-06-24
1239,WgSmfh5Cmr,MOOSPMv3Parser,1750797000,1,1,1,2,2,1,1,2,2,1,404,120,208921,19,11,1,11,11,0,0,11,0,40,44,15,15,23.376,210,1,36.139069,-120.368271,186.565002,0,600,58,3,e00fce6876826e255108c6bd,2025-06-24 20:30:03,2025-06-24 20:30:03,2025-06-24 20:30:03,2025-06-24
1249,QSnv97MLCl,MOOSPMv3Parser,1750797600,1,1,1,2,2,1,1,3,3,1,415,124,208929,17,11,1,11,11,0,0,11,0,40,44,14,14,23.891,192,1,36.139034,-120.368233,178.908005,10,600,58,3,e00fce6876826e255108c6bd,2025-06-24 20:40:03,2025-06-24 20:40:03,2025-06-24 20:40:03,2025-06-24
1259,JDOZrNXULT,MOOSPMv3Parser,1750798200,1,1,1,2,2,1,1,2,2,1,419,121,208938,18,11,1,11,11,0,0,11,0,40,44,15,14,24.489,178,1,36.139027,-120.368271,176.845001,8,600,58,3,e00fce6876826e255108c6bd,2025-06-24 20:50:03,2025-06-24 20:50:03,2025-06-24 20:50:03,2025-06-24
1268,utQBkg4lME,MOOSPMv3Parser,1750798800,1,1,1,2,2,1,1,2,2,1,410,119,208946,16,11,1,11,11,0,0,11,0,40,44,15,14,25.375,171,1,36.138935,-120.368431,164.526993,8,600,58,3,e00fce6876826e255108c6bd,2025-06-24 21:00:03,2025-06-24 21:00:03,2025-06-24 21:00:03,2025-06-24
1280,PG6TvKaRZz,MOOSPMv3Parser,1750799400,1,1,1,2,2,1,1,2,2,1,438,127,208954,17,11,1,11,11,0,0,11,0,40,44,15,14,25.031,169,1,36.139004,-120.368324,175.669006,8,600,58,3,e00fce6876826e255108c6bd,2025-06-24 21:10:03,2025-06-24 21:10:03,2025-06-24 21:10:03,2025-06-24
1290,NZmzXX1p3u,MOOSPMv3Parser,1750800000,1,1,1,2,2,2,2,3,3,2,449,133,208963,18,12,1,12,12,0,0,12,0,40,44,15,16,24.654,209,1,36.139095,-120.368355,167.173004,8,600,58,3,e00fce6876826e255108c6bd,2025-06-24 21:20:03,2025-06-24 21:20:03,2025-06-24 21:20:03,2025-06-24
1302,Jl7v8iE8VC,MOOSPMv3Parser,1750800600,1,1,1,2,2,1,1,2,2,1,431,126,208971,18,11,1,11,11,0,0,11,0,39,44,16,16,24.519,200,1,36.139057,-120.368286,155.697998,8,600,58,3,e00fce6876826e255108c6bd,2025-06-24 21:30:08,2025-06-24 21:30:08,2025-06-24 21:30:08,2025-06-24
1312,xKh6H6JDJu,MOOSPMv3Parser,1750801200,1,1,1,2,2,1,1,2,2,1,421,123,208980,18,11,1,11,11,0,0,11,0,40,44,15,15,24.239,200,1,36.139038,-120.368393,154.496002,6,600,58,3,e00fce6876826e255108c6bd,2025-06-24 21:40:20,2025-06-24 21:40:20,2025-06-24 21:40:20,2025-06-24
1321,UcMu5LlAzm,MOOSPMv3Parser,1750801800,1,1,1,2,2,1,1,2,2,1,397,117,208988,15,11,1,11,11,0,0,11,0,40,44,14,14,24.583,170,1,36.139011,-120.36834,160.378998,7,600,58,3,e00fce6876826e255108c6bd,2025-06-24 21:50:03,2025-06-24 21:50:03,2025-06-24 21:50:03,2025-06-24
1331,IV0ELp1364,MOOSPMv3Parser,1750802400,1,1,1,2,2,1,1,2,2,1,429,125,208996,17,11,1,11,11,0,0,11,0,40,44,15,15,25.232,158,1,36.139011,-120.368362,186.001999,6,600,58,3,e00fce6876826e255108c6bd,2025-06-24 22:00:03,2025-06-24 22:00:04,2025-06-24 22:00:04,2025-06-24
1342,1bohiVUXWk,MOOSPMv3Parser,1750803000,1,1,1,2,2,1,1,2,2,1,429,127,209004,17,11,0,11,11,0,0,11,0,40,44,14,14,25.342,149,1,36.139027,-120.368431,159.738007,5,600,58,3,e00fce6876826e255108c6bd,2025-06-24 22:10:03,2025-06-24 22:10:03,2025-06-24 22:10:03,2025-06-24
1352,LqspIrjvP3,MOOSPMv3Parser,1750803600,1,1,1,2,2,2,2,2,2,2,430,124,209013,19,11,2,11,11,0,0,11,0,40,44,14,15,24.565,164,1,36.139027,-120.368431,159.742004,0,600,58,3,e00fce6876826e255108c6bd,2025-06-24 22:20:03,2025-06-24 22:20:03,2025-06-24 22:20:03,2025-06-24
1362,Z2jEibM2EE,MOOSPMv3Parser,1750804200,1,1,1,2,2,1,1,2,2,1,452,132,209021,20,11,1,11,11,0,0,11,0,40,43,14,14,25.405,150,1,36.13903,-120.368362,170.065002,6,600,58,3,e00fce6876826e255108c6bd,2025-06-24 22:30:03,2025-06-24 22:30:03,2025-06-24 22:30:03,2025-06-24
1374,Y0AqeRBFFa,MOOSPMv3Parser,1750804800,1,1,2,2,2,2,2,3,3,2,491,143,209031,20,13,1,13,13,0,0,13,0,40,43,14,15,25.755,131,1,36.139027,-120.368332,181.589005,7,600,58,3,e00fce6876826e255108c6bd,2025-06-24 22:40:03,2025-06-24 22:40:03,2025-06-24 22:40:03,2025-06-24
1384,ZlRi9M0gp8,MOOSPMv3Parser,1750805400,2,2,2,3,3,2,2,3,3,2,496,147,209041,19,12,1,12,12,0,0,12,0,39,43,15,15,27.217,115,1,36.139103,-120.36837,175.195007,6,600,58,3,e00fce6876826e255108c6bd,2025-06-24 22:50:03,2025-06-24 22:50:03,2025-06-24 22:50:03,2025-06-24
1394,SNjs1AEpOz,MOOSPMv3Parser,1750806000,2,2,2,3,3,2,2,3,3,2,488,145,209051,22,13,2,13,13,0,0,13,0,39,42,15,15,27.348,99,1,36.138878,-120.368294,175.436005,6,600,58,3,e00fce6876826e255108c6bd,2025-06-24 23:00:03,2025-06-24 23:00:03,2025-06-24 23:00:03,2025-06-24
1406,qJkR90L0AE,MOOSPMv3Parser,1750806600,2,2,2,3,3,2,2,3,3,2,539,161,209065,22,16,1,16,16,0,0,16,0,40,42,14,15,25.761,108,1,36.139042,-120.368423,167.744003,6,600,58,3,e00fce6876826e255108c6bd,2025-06-24 23:10:03,2025-06-24 23:10:03,2025-06-24 23:10:03,2025-06-24
1415,323D4pyKQs,MOOSPMv3Parser,1750807200,3,3,3,4,4,3,3,5,5,3,699,206,209083,29,21,1,21,21,0,0,21,0,40,42,15,15,27.139,84,1,36.138969,-120.368294,171.455002,6,600,58,3,e00fce6876826e255108c6bd,2025-06-24 23:20:03,2025-06-24 23:20:03,2025-06-24 23:20:03,2025-06-24
1422,cHVHlUyAwy,MOOSPMv3Parser,1750807800,5,5,4,8,8,4,4,9,9,4,1083,329,209112,53,33,3,33,33,0,0,33,0,40,42,15,15,27.328,85,1,36.139038,-120.368309,180.714005,6,600,58,3,e00fce6876826e255108c6bd,2025-06-24 23:30:03,2025-06-24 23:30:03,2025-06-24 23:30:03,2025-06-24
1436,ZVLmacwd6C,MOOSPMv3Parser,1750808400,6,6,5,9,9,5,5,9,9,5,1197,366,209144,57,39,3,39,39,0,0,39,0,39,41,15,16,27.899,79,1,36.139084,-120.368103,180.792007,6,600,58,3,e00fce6876826e255108c6bd,2025-06-24 23:40:03,2025-06-24 23:40:04,2025-06-24 23:40:04,2025-06-24
1444,7oVCGrjJou,MOOSPMv3Parser,1750809000,4,4,4,6,6,4,4,6,6,4,868,263,209170,40,29,2,29,29,0,0,29,0,39,41,15,16,26.783,77,1,36.139008,-120.368301,178.707993,4,600,58,3,e00fce6876826e255108c6bd,2025-06-24 23:50:03,2025-06-24 23:50:03,2025-06-24 23:50:03,2025-06-24
11,V5A82S4DLk,MOOSPMv3Parser,1750809600,2,2,3,4,4,3,3,4,4,3,607,184,209187,28,21,2,21,21,0,0,21,0,39,41,15,16,26.883,79,1,36.139053,-120.368279,174.701996,6,600,58,3,e00fce6876826e255108c6bd,2025-06-25 00:00:04,2025-06-25 00:00:04,2025-06-25 00:00:04,2025-06-25
19,CIEcv7WBWM,MOOSPMv3Parser,1750810200,2,2,3,4,4,3,3,5,5,3,619,187,209204,33,20,2,20,20,0,0,20,0,39,40,15,16,26.549,79,1,36.138943,-120.368279,166.003006,7,600,58,3,e00fce6876826e255108c6bd,2025-06-25 00:10:03,2025-06-25 00:10:03,2025-06-25 00:10:03,2025-06-25
29,7ymCGNFs0n,MOOSPMv3Parser,1750810800,2,2,3,4,4,3,3,4,4,3,617,186,209222,29,21,2,21,21,0,0,21,0,38,40,16,17,27.749,64,1,36.138973,-120.368408,159.774994,7,600,58,3,e00fce6876826e255108c6bd,2025-06-25 00:20:03,2025-06-25 00:20:03,2025-06-25 00:20:03,2025-06-25
41,EbDt88Rwrz,MOOSPMv3Parser,1750811400,2,2,2,3,3,2,2,4,4,2,530,160,209238,27,18,2,18,18,0,0,18,0,38,39,16,18,26.693,63,1,36.138969,-120.368279,177.296997,8,600,58,3,e00fce6876826e255108c6bd,2025-06-25 00:30:04,2025-06-25 00:30:04,2025-06-25 00:30:04,2025-06-25
49,8IB1lRfrpK,MOOSPMv3Parser,1750812000,2,2,2,3,3,2,2,3,3,2,495,146,209253,23,16,2,16,16,0,0,16,0,38,39,16,18,27.396,59,1,36.139023,-120.368385,169.625,8,600,58,3,e00fce6876826e255108c6bd,2025-06-25 00:40:03,2025-06-25 00:40:03,2025-06-25 00:40:03,2025-06-25
59,kIg0K0sANh,MOOSPMv3Parser,1750812600,1,1,2,2,2,2,2,2,2,2,427,130,209266,19,15,1,15,15,0,0,15,0,38,38,16,18,28.45,44,1,36.139042,-120.368378,178.578003,11,600,58,3,e00fce6876826e255108c6bd,2025-06-25 00:50:03,2025-06-25 00:50:03,2025-06-25 00:50:03,2025-06-25
70,MqwTbdfXWI,MOOSPMv3Parser,1750813200,1,1,2,2,2,2,2,3,3,2,417,126,209277,19,13,2,13,13,0,0,13,0,37,38,17,18,30.012,37,1,36.138996,-120.368408,166.130005,10,600,58,3,e00fce6876826e255108c6bd,2025-06-25 01:00:03,2025-06-25 01:00:03,2025-06-25 01:00:03,2025-06-25
80,LqpHQwpAQy,MOOSPMv3Parser,1750813800,1,1,2,2,2,2,2,2,2,2,393,119,209290,17,15,1,15,15,0,0,15,0,37,37,18,19,28.769,34,1,36.138996,-120.368408,166.136002,0,600,58,3,e00fce6876826e255108c6bd,2025-06-25 01:10:03,2025-06-25 01:10:03,2025-06-25 01:10:03,2025-06-25
90,FxS6OFyFax,MOOSPMv3Parser,1750814400,1,1,2,2,2,2,2,2,2,2,379,114,209300,16,12,1,12,12,0,0,12,0,37,37,17,19,29.461,32,1,36.139015,-120.36834,168.348007,9,600,58,3,e00fce6876826e255108c6bd,2025-06-25 01:20:05,2025-06-25 01:20:05,2025-06-25 01:20:05,2025-06-25
100,eLXrRyHhk7,MOOSPMv3Parser,1750815000,1,1,2,2,2,2,2,3,3,2,412,125,209310,19,13,1,13,13,0,0,13,0,37,37,17,19,29.522,31,2,36.139008,-120.368263,176.628998,7,600,58,3,e00fce6876826e255108c6bd,2025-06-25 01:30:03,2025-06-25 01:30:04,2025-06-25 01:30:04,2025-06-25
110,oLzJPZullC,MOOSPMv3Parser,1750815600,1,1,2,2,2,2,2,2,2,2,369,111,209320,18,13,1,13,13,0,0,13,0,36,36,18,20,81.519,25,2,36.138992,-120.368492,166.725006,6,600,58,3,e00fce6876826e255108c6bd,2025-06-25 01:40:04,2025-06-25 01:40:04,2025-06-25 01:40:04,2025-06-25
119,3mWDHYehK5,MOOSPMv3Parser,1750816200,1,1,2,2,2,2,2,3,3,2,417,127,209331,21,13,1,13,13,0,0,13,0,36,36,19,21,30.542,22,2,36.13903,-120.368378,172.455994,8,600,58,3,e00fce6876826e255108c6bd,2025-06-25 01:50:03,2025-06-25 01:50:03,2025-06-25 01:50:03,2025-06-25
130,pdzHNBS5xC,MOOSPMv3Parser,1750816800,1,1,2,3,3,2,2,3,3,2,427,129,209342,22,13,1,13,13,0,0,13,0,35,35,19,21,31.309,23,2,36.139038,-120.368477,164.725006,6,600,58,3,e00fce6876826e255108c6bd,2025-06-25 02:00:10,2025-06-25 02:00:10,2025-06-25 02:00:10,2025-06-25
139,EzuV07vgJR,MOOSPMv3Parser,1750817400,1,1,2,2,2,2,2,2,2,2,394,119,209353,19,14,1,14,14,0,0,14,0,34,35,20,21,30.413,22,2,36.139038,-120.3685,166.889008,5,600,58,3,e00fce6876826e255108c6bd,2025-06-25 02:10:04,2025-06-25 02:10:04,2025-06-25 02:10:04,2025-06-25
150,kppYCQ7IWt,MOOSPMv3Parser,1750818000,1,1,2,2,2,2,2,3,3,2,417,127,209363,19,13,1,13,13,0,0,13,0,34,34,19,21,29.289,24,2,36.138992,-120.368347,185.802002,6,600,58,3,e00fce6876826e255108c6bd,2025-06-25 02:20:03,2025-06-25 02:20:03,2025-06-25 02:20:03,2025-06-25
159,A2bHs8A37B,MOOSPMv3Parser,1750818600,1,1,2,2,2,2,2,2,2,2,378,115,209375,20,14,1,14,14,0,0,14,0,33,34,18,20,28.742,24,2,36.139099,-120.368416,163.481003,5,600,58,3,e00fce6876826e255108c6bd,2025-06-25 02:30:03,2025-06-25 02:30:04,2025-06-25 02:30:04,2025-06-25
170,nmfXexttDx,MOOSPMv3Parser,1750819200,1,1,2,2,2,2,2,3,3,2,395,119,209387,19,15,1,15,15,0,0,15,0,33,33,19,20,29.458,20,3,36.13892,-120.368103,179.149002,8,600,58,3,e00fce6876826e255108c6bd,2025-06-25 02:40:03,2025-06-25 02:40:04,2025-06-25 02:40:04,2025-06-25
180,LkjK3aCPiU,MOOSPMv3Parser,1750819800,1,1,2,2,2,2,2,3,3,2,401,123,209402,23,15,2,15,15,0,0,15,0,32,33,19,21,29.102,21,3,36.139069,-120.368355,197.466003,6,600,58,3,e00fce6876826e255108c6bd,2025-06-25 02:50:09,2025-06-25 02:50:09,2025-06-25 02:50:09,2025-06-25
190,C2jTnWm970,MOOSPMv3Parser,1750820400,1,1,2,3,3,2,2,3,3,2,405,125,209416,20,15,1,15,15,0,0,15,0,32,32,19,20,29.511,19,3,36.139069,-120.368355,197.460999,0,600,58,3,e00fce6876826e255108c6bd,2025-06-25 03:00:03,2025-06-25 03:00:03,2025-06-25 03:00:03,2025-06-25
199,N1syCEHB7N,MOOSPMv3Parser,1750821000,1,1,2,3,3,2,2,3,3,2,399,122,209429,22,14,2,14,14,0,0,14,0,31,32,20,22,30.023,16,4,36.138977,-120.368317,171.541,8,600,58,3,e00fce6876826e255108c6bd,2025-06-25 03:10:05,2025-06-25 03:10:05,2025-06-25 03:10:05,2025-06-25
210,DRU0H2bpOQ,MOOSPMv3Parser,1750821600,1,1,2,2,2,2,2,2,2,2,397,118,209443,19,15,1,15,15,0,0,15,0,31,31,20,22,29.469,18,4,36.13905,-120.368416,163.641998,6,600,58,3,e00fce6876826e255108c6bd,2025-06-25 03:20:04,2025-06-25 03:20:04,2025-06-25 03:20:04,2025-06-25
219,qDiGap0bEq,MOOSPMv3Parser,1750822200,1,1,2,2,2,2,2,3,3,2,429,130,209458,21,16,2,16,16,0,0,16,0,31,31,21,23,30.666,18,5,36.138912,-120.368233,172.100998,7,600,58,3,e00fce6876826e255108c6bd,2025-06-25 03:30:03,2025-06-25 03:30:03,2025-06-25 03:30:03,2025-06-25
230,RUKq6fZbse,MOOSPMv3Parser,1750822800,2,2,2,3,3,2,2,3,3,2,454,138,209473,24,16,1,17,17,0,0,17,0,30,30,21,23,29.746,18,5,36.139057,-120.368347,184.037994,6,600,58,3,e00fce6876826e255108c6bd,2025-06-25 03:40:04,2025-06-25 03:40:04,2025-06-25 03:40:04,2025-06-25
240,c3GTnGDoLi,MOOSPMv3Parser,1750823400,1,1,2,3,3,2,2,3,3,2,436,134,209489,25,16,2,17,17,0,0,17,0,30,30,21,23,28.472,23,5,36.138947,-120.36821,181.546005,6,600,58,3,e00fce6876826e255108c6bd,2025-06-25 03:50:07,2025-06-25 03:50:07,2025-06-25 03:50:07,2025-06-25
249,JtiRrDgOSh,MOOSPMv3Parser,1750824000,2,2,2,3,3,2,2,3,3,2,488,149,209505,27,18,2,18,18,0,0,18,0,30,30,21,24,29.057,22,5,36.139061,-120.368362,188.332001,7,600,58,3,e00fce6876826e255108c6bd,2025-06-25 04:00:04,2025-06-25 04:00:04,2025-06-25 04:00:04,2025-06-25
260,ClLBotmraS,MOOSPMv3Parser,1750824600,2,2,2,3,3,2,2,3,3,2,451,140,209521,22,17,2,17,17,0,0,17,0,29,29,23,25,28.029,22,5,36.138954,-120.368317,173.679993,6,600,58,3,e00fce6876826e255108c6bd,2025-06-25 04:10:04,2025-06-25 04:10:04,2025-06-25 04:10:04,2025-06-25
270,IcMgfzVlkJ,MOOSPMv3Parser,1750825200,2,2,2,3,3,2,2,3,3,2,443,135,209537,24,17,1,17,17,0,0,17,0,28,29,23,25,26.019,38,5,36.139229,-120.368576,209.046005,6,600,58,3,e00fce6876826e255108c6bd,2025-06-25 04:20:03,2025-06-25 04:20:03,2025-06-25 04:20:03,2025-06-25
280,8z1xbEACDl,MOOSPMv3Parser,1750825800,2,2,2,3,3,2,2,3,3,2,442,135,209553,24,17,2,17,17,0,0,17,0,28,28,24,26,24.251,53,4,36.139023,-120.368385,175.869003,7,600,58,3,e00fce6876826e255108c6bd,2025-06-25 04:30:09,2025-06-25 04:30:09,2025-06-25 04:30:09,2025-06-25
290,4rKajKhgSc,MOOSPMv3Parser,1750826400,2,2,2,3,3,2,2,3,3,2,446,136,209569,24,18,2,18,18,0,0,18,0,27,27,25,27,24.541,57,3,36.139034,-120.368248,161.238007,5,600,58,3,e00fce6876826e255108c6bd,2025-06-25 04:40:04,2025-06-25 04:40:04,2025-06-25 04:40:04,2025-06-25
300,ePqhSbvtLG,MOOSPMv3Parser,1750827000,1,1,3,3,3,3,3,3,3,3,444,135,209586,26,20,2,20,20,0,0,20,0,26,27,26,28,24.233,59,3,36.139034,-120.368248,161.237,0,600,58,3,e00fce6876826e255108c6bd,2025-06-25 04:50:03,2025-06-25 04:50:04,2025-06-25 04:50:04,2025-06-25
310,OhFkqy0UHF,MOOSPMv3Parser,1750827600,2,2,2,3,3,2,2,3,3,2,457,140,209602,22,18,2,18,18,0,0,18,0,27,26,26,28,24.638,47,3,36.139076,-120.368393,185.557007,6,600,58,3,e00fce6876826e255108c6bd,2025-06-25 05:00:04,2025-06-25 05:00:05,2025-06-25 05:00:05,2025-06-25
320,HNIFGDjtm9,MOOSPMv3Parser,1750828200,2,2,2,3,3,2,2,3,3,2,469,143,209618,22,18,2,18,18,0,0,18,0,27,26,27,30,23.565,58,3,36.139065,-120.368431,163.042007,7,600,58,3,e00fce6876826e255108c6bd,2025-06-25 05:10:05,2025-06-25 05:10:05,2025-06-25 05:10:05,2025-06-25
330,uerEGIpdj8,MOOSPMv3Parser,1750828800,2,2,3,3,3,3,3,4,4,3,516,158,209635,28,20,2,20,20,0,0,20,0,27,26,28,31,23.217,63,3,36.139053,-120.368172,194.485001,9,600,58,3,e00fce6876826e255108c6bd,2025-06-25 05:20:04,2025-06-25 05:20:04,2025-06-25 05:20:04,2025-06-25
340,fnSmgnkRMX,MOOSPMv3Parser,1750829400,2,2,3,4,4,3,3,4,4,3,533,163,209652,30,21,2,21,21,0,0,21,0,27,26,28,31,22.839,67,3,36.138985,-120.36834,179.533997,9,600,58,3,e00fce6876826e255108c6bd,2025-06-25 05:30:04,2025-06-25 05:30:04,2025-06-25 05:30:04,2025-06-25
350,zDJkjyHiB4,MOOSPMv3Parser,1750830000,2,2,3,4,4,3,3,4,4,3,540,167,209670,26,21,2,21,21,0,0,21,0,27,26,27,30,22.722,65,3,36.139011,-120.36834,175.873993,8,600,58,3,e00fce6876826e255108c6bd,2025-06-25 05:40:04,2025-06-25 05:40:04,2025-06-25 05:40:04,2025-06-25
360,qqSW5cVMEn,MOOSPMv3Parser,1750830600,2,2,2,3,3,3,3,4,4,3,493,151,209687,24,19,2,19,19,0,0,19,0,26,26,27,30,22.118,98,3,36.139046,-120.368172,193.615997,7,600,58,3,e00fce6876826e255108c6bd,2025-06-25 05:50:08,2025-06-25 05:50:09,2025-06-25 05:50:09,2025-06-25
370,WLJw5V7D1I,MOOSPMv3Parser,1750831200,2,2,2,3,3,2,2,4,4,2,488,149,209703,27,18,2,18,18,0,0,18,0,26,25,29,31,22.607,74,3,36.139057,-120.368362,174.925003,8,600,58,3,e00fce6876826e255108c6bd,2025-06-25 06:00:19,2025-06-25 06:00:20,2025-06-25 06:00:20,2025-06-25
380,Yd3GVxPxhp,MOOSPMv3Parser,1750831800,2,2,2,3,3,3,3,3,3,3,468,144,209719,22,19,2,19,19,0,0,19,0,25,25,29,31,21.238,116,2,36.139019,-120.36837,168.744003,5,600,58,3,e00fce6876826e255108c6bd,2025-06-25 06:10:04,2025-06-25 06:10:04,2025-06-25 06:10:04,2025-06-25
390,796AjdBdwr,MOOSPMv3Parser,1750832400,2,2,2,3,3,2,2,4,4,2,470,144,209735,26,19,2,19,19,0,0,19,0,25,25,30,31,20.764,155,2,36.139011,-120.368462,163.117996,6,600,58,3,e00fce6876826e255108c6bd,2025-06-25 06:20:03,2025-06-25 06:20:04,2025-06-25 06:20:04,2025-06-25
400,z2SQ4fnf9G,MOOSPMv3Parser,1750833000,2,2,3,3,3,3,3,4,4,3,497,152,209752,30,20,2,20,20,0,0,20,0,24,24,30,31,18.756,257,2,36.139011,-120.368462,163.117004,0,600,58,3,e00fce6876826e255108c6bd,2025-06-25 06:30:09,2025-06-25 06:30:09,2025-06-25 06:30:09,2025-06-25
410,h2y6KH1diY,MOOSPMv3Parser,1750833600,2,2,3,3,3,3,3,4,4,3,519,158,209769,26,20,3,20,20,0,0,20,0,24,24,29,31,20.114,195,1,36.13905,-120.368286,189.347,10,600,58,3,e00fce6876826e255108c6bd,2025-06-25 06:40:04,2025-06-25 06:40:04,2025-06-25 06:40:04,2025-06-25
419,0CaHFPoY7R,MOOSPMv3Parser,1750834200,2,2,3,4,4,3,3,4,4,3,522,161,209790,28,23,2,23,23,0,0,24,0,25,24,29,32,20.65,141,2,36.138988,-120.368202,194.820999,6,600,58,3,e00fce6876826e255108c6bd,2025-06-25 06:50:04,2025-06-25 06:50:04,2025-06-25 06:50:04,2025-06-25
430,rOGh3ik8NP,MOOSPMv3Parser,1750834800,2,2,3,4,4,3,3,4,4,3,546,168,209808,30,22,2,23,23,0,0,23,0,24,24,29,32,19.509,158,2,36.139034,-120.368454,161.559006,7,600,58,3,e00fce6876826e255108c6bd,2025-06-25 07:00:04,2025-06-25 07:00:04,2025-06-25 07:00:04,2025-06-25
440,8V4qdu5AKt,MOOSPMv3Parser,1750835400,2,2,3,4,4,3,3,4,4,3,589,183,209828,29,23,2,23,23,0,0,23,0,24,24,30,32,18.904,216,2,36.139004,-120.368393,166.589005,7,600,58,3,e00fce6876826e255108c6bd,2025-06-25 07:10:17,2025-06-25 07:10:17,2025-06-25 07:10:17,2025-06-25
450,AM8NScVVqD,MOOSPMv3Parser,1750836000,3,3,3,4,4,3,3,4,4,3,567,175,209849,30,24,2,24,24,0,0,24,0,24,23,31,33,18.958,240,1,36.139008,-120.368416,178.024994,8,600,58,3,e00fce6876826e255108c6bd,2025-06-25 07:20:03,2025-06-25 07:20:03,2025-06-25 07:20:03,2025-06-25
460,pOw3mRQlkX,MOOSPMv3Parser,1750836600,2,2,3,4,4,3,3,4,4,3,568,175,209870,28,24,2,24,24,0,0,24,0,23,23,32,34,19.29,213,1,36.138992,-120.368355,169.164993,8,600,58,3,e00fce6876826e255108c6bd,2025-06-25 07:30:04,2025-06-25 07:30:05,2025-06-25 07:30:05,2025-06-25
470,zlctQ79kwO,MOOSPMv3Parser,1750837200,3,3,3,5,5,3,3,5,5,3,607,189,209892,35,24,3,24,24,0,0,24,0,23,23,32,35,19.389,186,1,36.139015,-120.368355,180.011993,8,600,58,3,e00fce6876826e255108c6bd,2025-06-25 07:40:04,2025-06-25 07:40:04,2025-06-25 07:40:04,2025-06-25
478,I5vAnmiQGS,MOOSPMv3Parser,1750837800,3,3,4,5,5,4,4,6,6,4,738,229,209918,40,31,3,31,31,0,0,31,0,23,22,33,35,19.447,214,1,36.139019,-120.368324,160.264999,6,600,58,3,e00fce6876826e255108c6bd,2025-06-25 07:50:04,2025-06-25 07:50:04,2025-06-25 07:50:04,2025-06-25
489,jZMTDGKqsc,MOOSPMv3Parser,1750838400,3,3,4,5,5,4,4,6,6,4,635,197,209942,38,28,4,28,28,0,0,28,0,23,22,32,35,19.981,185,1,36.138985,-120.368355,169.287003,9,600,58,3,e00fce6876826e255108c6bd,2025-06-25 08:00:04,2025-06-25 08:00:04,2025-06-25 08:00:04,2025-06-25
500,K44TIjc2HB,MOOSPMv3Parser,1750839000,3,3,3,5,5,3,3,5,5,3,609,186,209965,37,25,3,26,26,0,0,26,0,23,22,32,35,20.031,180,1,36.139027,-120.368309,159.184998,8,600,58,3,e00fce6876826e255108c6bd,2025-06-25 08:10:03,2025-06-25 08:10:04,2025-06-25 08:10:04,2025-06-25
510,Lb0l8BkFkh,MOOSPMv3Parser,1750839600,2,2,3,4,4,3,3,4,4,3,571,175,209986,32,24,2,24,24,0,0,24,0,22,22,32,35,19.725,190,1,36.139027,-120.368309,159.181,0,600,58,3,e00fce6876826e255108c6bd,2025-06-25 08:20:04,2025-06-25 08:20:04,2025-06-25 08:20:04,2025-06-25
520,ytzdX3rdBP,MOOSPMv3Parser,1750840200,3,3,3,4,4,3,3,5,5,3,570,176,210009,30,26,2,26,26,0,0,26,0,22,22,32,34,20.178,170,1,36.139011,-120.368385,170.457993,7,600,58,3,e00fce6876826e255108c6bd,2025-06-25 08:30:17,2025-06-25 08:30:18,2025-06-25 08:30:18,2025-06-25
530,v0C8ftlwKp,MOOSPMv3Parser,1750840800,3,3,3,4,4,3,3,5,5,3,576,178,210030,33,24,3,24,24,0,0,24,0,22,21,33,35,20.022,149,1,36.138996,-120.36837,179.244995,7,600,58,3,e00fce6876826e255108c6bd,2025-06-25 08:40:03,2025-06-25 08:40:04,2025-06-25 08:40:04,2025-06-25
540,zeydJYpHsE,MOOSPMv3Parser,1750841400,3,3,3,4,4,3,3,5,5,3,596,184,210052,34,25,2,25,25,0,0,25,0,21,21,33,35,18.792,270,1,36.139019,-120.36837,177.744003,9,600,58,3,e00fce6876826e255108c6bd,2025-06-25 08:50:03,2025-06-25 08:50:04,2025-06-25 08:50:04,2025-06-25
550,Kk2wngDjJb,MOOSPMv3Parser,1750842000,3,3,3,4,4,3,3,4,4,3,565,174,210072,30,23,2,23,23,0,0,23,0,21,21,34,35,17.972,333,1,36.13905,-120.368477,163.139008,6,600,58,3,e00fce6876826e255108c6bd,2025-06-25 09:00:04,2025-06-25 09:00:04,2025-06-25 09:00:04,2025-06-25
560,agzNGgzGEI,MOOSPMv3Parser,1750842600,4,4,4,7,7,5,5,8,8,5,857,265,210102,44,34,3,35,35,0,0,35,0,21,20,36,37,17.141,379,1,36.139084,-120.368355,178.865005,6,600,58,3,e00fce6876826e255108c6bd,2025-06-25 09:10:03,2025-06-25 09:10:04,2025-06-25 09:10:04,2025-06-25
569,WSiHcMDH3g,MOOSPMv3Parser,1750843200,8,8,7,12,12,7,7,13,13,7,1425,439,210149,77,53,6,53,53,0,0,53,0,20,20,38,40,15.969,434,1,36.138973,-120.368423,161.964005,7,600,58,3,e00fce6876826e255108c6bd,2025-06-25 09:20:04,2025-06-25 09:20:04,2025-06-25 09:20:04,2025-06-25
580,1MhdJ3YIDD,MOOSPMv3Parser,1750843800,7,7,6,11,11,7,7,11,11,7,1265,392,210191,64,49,5,49,49,0,0,49,0,20,20,38,40,14.995,469,1,36.139042,-120.368279,186.339005,8,600,58,3,e00fce6876826e255108c6bd,2025-06-25 09:30:04,2025-06-25 09:30:04,2025-06-25 09:30:04,2025-06-25
590,oPGMDG26zu,MOOSPMv3Parser,1750844400,7,7,7,11,11,7,7,13,13,7,1373,423,210236,71,52,7,52,52,0,0,52,0,20,20,35,37,15.616,478,1,36.13903,-120.368393,156.768005,7,600,58,3,e00fce6876826e255108c6bd,2025-06-25 09:40:04,2025-06-25 09:40:04,2025-06-25 09:40:04,2025-06-25
600,EtbuDW6oFU,MOOSPMv3Parser,1750845000,6,6,6,10,10,6,6,11,11,6,1164,360,210275,64,45,7,45,45,0,0,45,0,20,19,38,40,16.379,437,1,36.138996,-120.368423,182.688995,7,600,58,3,e00fce6876826e255108c6bd,2025-06-25 09:50:03,2025-06-25 09:50:04,2025-06-25 09:50:04,2025-06-25
609,WLveHws26J,MOOSPMv3Parser,1750845600,5,5,5,8,8,5,5,9,9,5,972,300,210309,49,40,4,40,40,0,0,40,0,19,19,37,40,15.623,453,1,36.138988,-120.36837,160.783997,6,600,58,3,e00fce6876826e255108c6bd,2025-06-25 10:00:03,2025-06-25 10:00:04,2025-06-25 10:00:04,2025-06-25
620,dH4iDLeIrL,MOOSPMv3Parser,1750846200,4,4,5,7,7,5,5,8,8,5,856,265,210341,48,36,4,36,36,0,0,36,0,19,19,38,40,15.557,473,1,36.138988,-120.36837,160.783005,0,600,58,3,e00fce6876826e255108c6bd,2025-06-25 10:10:04,2025-06-25 10:10:04,2025-06-25 10:10:04,2025-06-25
630,ln6YZnqPlF,MOOSPMv3Parser,1750846800,4,4,4,7,7,5,5,7,7,5,849,263,210372,46,35,3,35,35,0,0,35,0,19,19,38,39,15.238,473,1,36.139034,-120.368309,168.679993,5,600,58,3,e00fce6876826e255108c6bd,2025-06-25 10:20:04,2025-06-25 10:20:04,2025-06-25 10:20:04,2025-06-25
640,FylY4SuQfc,MOOSPMv3Parser,1750847400,5,5,5,7,7,5,5,7,7,5,901,277,210404,48,37,3,37,37,0,0,37,0,19,19,39,40,15.206,478,1,36.139072,-120.368187,158.557999,7,600,58,3,e00fce6876826e255108c6bd,2025-06-25 10:30:03,2025-06-25 10:30:04,2025-06-25 10:30:04,2025-06-25
649,V07KrsGHt7,MOOSPMv3Parser,1750848000,5,5,5,8,8,5,5,9,9,5,1022,315,210436,51,38,4,38,38,0,0,38,0,19,18,39,40,15.278,481,1,36.139019,-120.368347,176.610001,5,600,58,3,e00fce6876826e255108c6bd,2025-06-25 10:40:03,2025-06-25 10:40:04,2025-06-25 10:40:04,2025-06-25
660,MZEmmEFpol,MOOSPMv3Parser,1750848600,6,6,6,9,9,6,6,10,10,6,1112,341,210474,56,44,5,44,44,0,0,44,0,18,18,37,39,14.79,483,1,36.139004,-120.368294,172.921997,8,600,58,3,e00fce6876826e255108c6bd,2025-06-25 10:50:03,2025-06-25 10:50:04,2025-06-25 10:50:04,2025-06-25
670,W6UyPzU0Rs,MOOSPMv3Parser,1750849200,6,6,6,10,10,6,6,11,11,6,1213,371,210516,65,48,5,48,48,0,0,48,0,18,18,37,39,16.133,470,1,36.139057,-120.368378,158.063004,11,600,58,3,e00fce6876826e255108c6bd,2025-06-25 11:00:04,2025-06-25 11:00:04,2025-06-25 11:00:04,2025-06-25
680,cUBEKDgpWr,MOOSPMv3Parser,1750849800,6,6,6,10,10,6,6,11,11,6,1184,367,210557,65,47,5,47,47,1,0,47,0,18,18,39,40,16.134,456,1,36.139023,-120.3685,175.013,7,600,58,3,e00fce6876826e255108c6bd,2025-06-25 11:10:05,2025-06-25 11:10:05,2025-06-25 11:10:05,2025-06-25
690,87a7Z7S56b,MOOSPMv3Parser,1750850400,7,7,7,11,11,7,7,12,12,7,1352,417,210603,72,53,5,53,53,0,0,53,0,18,18,40,42,15.337,468,1,36.139019,-120.36834,173.044998,7,600,58,3,e00fce6876826e255108c6bd,2025-06-25 11:20:03,2025-06-25 11:20:04,2025-06-25 11:20:04,2025-06-25
699,MsRD0azXP7,MOOSPMv3Parser,1750851000,7,7,6,11,11,7,7,12,12,7,1264,390,210647,72,51,8,51,51,0,0,51,0,17,17,37,38,15.668,479,1,36.139019,-120.36834,173.048004,0,600,58,3,e00fce6876826e255108c6bd,2025-06-25 11:30:03,2025-06-25 11:30:04,2025-06-25 11:30:04,2025-06-25
710,yJeyiIEn3q,MOOSPMv3Parser,1750851600,6,6,5,9,9,6,6,10,10,6,1094,339,210684,55,42,6,43,43,0,0,43,0,17,17,36,38,16.774,445,1,36.138985,-120.368263,164.419998,15,600,58,3,e00fce6876826e255108c6bd,2025-06-25 11:40:03,2025-06-25 11:40:04,2025-06-25 11:40:04,2025-06-25
720,DUhoJp4cTO,MOOSPMv3Parser,1750852200,4,4,4,6,6,4,4,7,7,4,742,230,210713,40,33,5,33,33,0,0,33,0,17,17,35,37,17.571,405,1,36.13903,-120.368507,178.567993,8,600,58,3,e00fce6876826e255108c6bd,2025-06-25 11:50:03,2025-06-25 11:50:04,2025-06-25 11:50:04,2025-06-25
730,wGvjzOUby3,MOOSPMv3Parser,1750852800,3,3,4,6,6,4,4,6,6,4,689,212,210739,39,30,4,31,31,0,0,31,0,17,17,37,39,17.659,368,1,36.139015,-120.368538,155.479004,8,600,58,3,e00fce6876826e255108c6bd,2025-06-25 12:00:04,2025-06-25 12:00:04,2025-06-25 12:00:04,2025-06-25
739,kqiUzpISo3,MOOSPMv3Parser,1750853400,4,4,4,6,6,4,4,7,7,4,738,226,210767,41,32,5,33,33,0,0,33,0,17,17,38,39,17.49,369,1,36.139011,-120.368225,203.981995,5,600,58,3,e00fce6876826e255108c6bd,2025-06-25 12:10:04,2025-06-25 12:10:04,2025-06-25 12:10:04,2025-06-25
749,ecyIQMGCEs,MOOSPMv3Parser,1750854000,4,4,5,7,7,5,5,8,8,5,848,261,210800,46,38,5,38,38,0,0,38,0,17,17,39,41,17.122,367,1,36.139084,-120.368141,194.746994,5,600,58,3,e00fce6876826e255108c6bd,2025-06-25 12:20:03,2025-06-25 12:20:04,2025-06-25 12:20:04,2025-06-25
760,S9TnnBBwBV,MOOSPMv3Parser,1750854600,6,6,5,9,9,6,6,10,10,6,1081,332,210836,56,42,5,42,42,0,0,42,0,17,16,39,41,15.974,422,1,36.138962,-120.36834,178.518005,5,600,58,3,e00fce6876826e255108c6bd,2025-06-25 12:30:03,2025-06-25 12:30:04,2025-06-25 12:30:04,2025-06-25
770,QjwiA8NFIG,MOOSPMv3Parser,1750855200,6,6,6,9,9,6,6,10,10,6,1060,327,210874,60,43,6,43,43,0,0,43,0,17,16,40,42,15.905,453,1,36.138981,-120.368401,169.912994,5,600,58,3,e00fce6876826e255108c6bd,2025-06-25 12:40:04,2025-06-25 12:40:04,2025-06-25 12:40:04,2025-06-25
778,bs9zRogLKC,MOOSPMv3Parser,1750855800,5,5,5,8,8,6,6,9,9,6,1015,309,210910,53,42,4,42,42,0,0,42,0,17,16,42,44,16.473,416,1,36.13908,-120.368126,185.858002,5,600,58,3,e00fce6876826e255108c6bd,2025-06-25 12:50:03,2025-06-25 12:50:04,2025-06-25 12:50:04,2025-06-25
790,ShCcse3zaB,MOOSPMv3Parser,1750856400,5,5,5,8,8,5,5,8,8,5,946,291,210943,49,38,4,38,38,0,0,38,0,17,16,42,43,15.74,404,1,36.138916,-120.368904,154.917999,5,600,58,3,e00fce6876826e255108c6bd,2025-06-25 13:00:03,2025-06-25 13:00:04,2025-06-25 13:00:04,2025-06-25
799,ChYvLLyazc,MOOSPMv3Parser,1750857000,4,4,4,7,7,5,5,8,8,5,877,271,210972,49,34,5,34,34,0,0,34,0,17,16,39,42,16.129,413,1,36.138996,-120.368523,156.764008,5,600,58,3,e00fce6876826e255108c6bd,2025-06-25 13:10:04,2025-06-25 13:10:04,2025-06-25 13:10:04,2025-06-25
810,ESHrvn0m01,MOOSPMv3Parser,1750857600,5,5,5,7,7,5,5,8,8,5,910,279,211005,49,38,5,38,38,0,0,38,0,17,16,39,42,17.501,340,1,36.138996,-120.368523,156.766998,0,600,58,3,e00fce6876826e255108c6bd,2025-06-25 13:20:04,2025-06-25 13:20:04,2025-06-25 13:20:04,2025-06-25
819,YTAJIG1bro,MOOSPMv3Parser,1750858200,5,5,5,7,7,5,5,8,8,5,926,287,211037,50,36,3,37,37,0,0,37,0,17,16,38,41,16.164,368,1,36.138988,-120.36808,208.218002,7,600,58,3,e00fce6876826e255108c6bd,2025-06-25 13:30:04,2025-06-25 13:30:04,2025-06-25 13:30:04,2025-06-25
829,1gxasHkgsz,MOOSPMv3Parser,1750858800,5,5,5,7,7,5,5,8,8,5,909,282,211071,46,39,4,39,39,0,0,39,0,18,17,38,42,16.244,383,1,36.138988,-120.368408,177.289001,6,600,58,3,e00fce6876826e255108c6bd,2025-06-25 13:40:04,2025-06-25 13:40:04,2025-06-25 13:40:04,2025-06-25
840,acWAIWrITn,MOOSPMv3Parser,1750859400,5,5,5,8,8,5,5,9,9,5,956,296,211105,52,39,6,40,40,0,0,40,0,19,17,38,44,16.421,343,1,36.138992,-120.36808,193.028,7,600,58,3,e00fce6876826e255108c6bd,2025-06-25 13:50:04,2025-06-25 13:50:04,2025-06-25 13:50:04,2025-06-25
849,gObAQhCT2H,MOOSPMv3Parser,1750860000,5,5,5,8,8,5,5,9,9,5,934,289,211139,51,39,6,39,39,0,0,39,0,20,17,37,44,15.897,325,1,36.139069,-120.368919,149.778,6,600,58,3,e00fce6876826e255108c6bd,2025-06-25 14:00:03,2025-06-25 14:00:04,2025-06-25 14:00:04,2025-06-25
860,JKg4HlAn8X,MOOSPMv3Parser,1750860600,5,5,5,8,8,6,6,9,9,6,1002,309,211175,50,41,4,41,41,0,0,41,0,21,18,36,44,15.762,330,1,36.139011,-120.368484,167.182007,7,600,58,3,e00fce6876826e255108c6bd,2025-06-25 14:10:04,2025-06-25 14:10:04,2025-06-25 14:10:04,2025-06-25
869,wvXKr9EaM4,MOOSPMv3Parser,1750861200,5,5,5,8,8,6,6,9,9,6,1000,309,211211,55,42,6,42,42,0,0,42,0,23,19,33,42,15.092,246,1,36.138973,-120.368355,187.082001,6,600,58,3,e00fce6876826e255108c6bd,2025-06-25 14:20:03,2025-06-25 14:20:04,2025-06-25 14:20:04,2025-06-25
880,o9M3NPVVmG,MOOSPMv3Parser,1750861800,5,5,6,9,9,6,6,10,10,6,1033,320,211251,57,46,6,46,46,0,0,46,0,24,19,34,44,16.142,167,2,36.139027,-120.36821,193.408997,7,600,58,3,e00fce6876826e255108c6bd,2025-06-25 14:30:04,2025-06-25 14:30:04,2025-06-25 14:30:04,2025-06-25
889,cQomyceEWT,MOOSPMv3Parser,1750862400,6,6,6,8,8,6,6,10,10,6,1089,336,211290,55,44,5,44,44,0,0,44,0,25,20,32,40,17.447,135,2,36.13903,-120.368324,185.216995,5,600,58,3,e00fce6876826e255108c6bd,2025-06-25 14:40:04,2025-06-25 14:40:04,2025-06-25 14:40:04,2025-06-25
900,UKUbQYjIsE,MOOSPMv3Parser,1750863000,8,8,7,13,13,7,7,15,15,7,1523,472,211337,84,54,8,54,54,0,0,54,0,26,22,28,37,17.945,117,2,36.139023,-120.368431,168.093994,6,600,58,3,e00fce6876826e255108c6bd,2025-06-25 14:50:04,2025-06-25 14:50:04,2025-06-25 14:50:04,2025-06-25
909,rtImSgYqvH,MOOSPMv3Parser,1750863600,12,12,9,18,18,10,10,19,19,10,2171,668,211400,109,72,10,72,72,0,0,72,0,27,23,28,36,18.62,115,2,36.139,-120.368156,186.365005,4,600,58,3,e00fce6876826e255108c6bd,2025-06-25 15:00:04,2025-06-25 15:00:04,2025-06-25 15:00:04,2025-06-25
919,hQfljK3gAd,MOOSPMv3Parser,1750864200,11,11,9,16,16,9,9,17,17,9,1997,613,211460,94,69,6,69,69,0,0,69,0,28,25,28,34,19.386,109,2,36.13903,-120.368309,178.048004,12,600,58,3,e00fce6876826e255108c6bd,2025-06-25 15:10:04,2025-06-25 15:10:04,2025-06-25 15:10:04,2025-06-25
930,s2TmnYvOyf,MOOSPMv3Parser,1750864800,10,10,7,14,14,8,8,15,15,8,1768,544,211510,92,58,7,58,58,0,0,58,0,28,26,27,31,20.373,86,2,36.138996,-120.368423,170.503006,8,600,58,3,e00fce6876826e255108c6bd,2025-06-25 15:20:04,2025-06-25 15:20:04,2025-06-25 15:20:04,2025-06-25
940,ZF9ltlTy7t,MOOSPMv3Parser,1750865400,8,8,7,12,12,7,7,13,13,7,1546,476,211557,73,53,5,53,53,0,0,53,0,29,27,27,31,20.195,81,3,36.13905,-120.36821,182.733994,6,600,58,3,e00fce6876826e255108c6bd,2025-06-25 15:30:04,2025-06-25 15:30:04,2025-06-25 15:30:04,2025-06-25
949,vuxA9uKAb4,MOOSPMv3Parser,1750866000,7,7,7,11,11,8,8,12,12,8,1386,429,211608,71,58,5,59,59,0,0,59,0,29,29,27,30,20.191,83,2,36.138992,-120.368248,183.126999,6,600,58,3,e00fce6876826e255108c6bd,2025-06-25 15:40:04,2025-06-25 15:40:04,2025-06-25 15:40:04,2025-06-25
958,VDFNgo9xXv,MOOSPMv3Parser,1750866600,6,6,8,10,10,8,8,11,11,8,1272,389,211660,63,60,5,61,61,0,0,61,0,30,29,28,30,21.1,75,2,36.138981,-120.368317,172.279999,6,600,58,3,e00fce6876826e255108c6bd,2025-06-25 15:50:04,2025-06-25 15:50:04,2025-06-25 15:50:04,2025-06-25
969,fd7drEnr72,MOOSPMv3Parser,1750867200,6,6,10,9,9,11,11,9,9,11,1163,358,211730,55,81,3,81,82,0,0,82,0,30,30,27,29,20.618,78,2,36.138966,-120.368446,167.395004,8,600,58,3,e00fce6876826e255108c6bd,2025-06-25 16:00:04,2025-06-25 16:00:05,2025-06-25 16:00:05,2025-06-25
979,oCq8VFqruw,MOOSPMv3Parser,1750867800,6,6,5,9,9,5,5,9,9,5,1118,344,211763,53,38,4,38,38,0,0,38,0,30,31,28,29,21.421,69,2,36.138966,-120.368439,171.192993,8,600,58,3,e00fce6876826e255108c6bd,2025-06-25 16:10:08,2025-06-25 16:10:08,2025-06-25 16:10:08,2025-06-25
988,6k05YlWbt8,MOOSPMv3Parser,1750868400,7,7,5,10,10,6,6,11,11,6,1337,410,212153,64,42,4,42,42,0,0,42,0,31,31,27,28,21.476,67,3,36.138924,-120.368385,175.242996,6,599,58,3,e00fce6876826e255108c6bd,2025-06-25 16:20:04,2025-06-25 16:20:04,2025-06-25 16:20:04,2025-06-25
998,DCHckvj1Af,MOOSPMv3Parser,1750869000,8,8,6,12,12,6,6,13,13,6,1505,464,212193,73,45,5,45,45,0,0,45,0,31,33,25,27,21.336,69,3,36.139061,-120.368416,191.785995,6,599,58,3,e00fce6876826e255108c6bd,2025-06-25 16:30:04,2025-06-25 16:30:04,2025-06-25 16:30:04,2025-06-25
1008,bq45UB1nVS,MOOSPMv3Parser,1750869600,9,9,42,13,13,86,121,14,14,138,1670,513,212393,81,289,6,332,340,0,0,342,0,32,34,24,24,21.883,70,2,36.138969,-120.368324,190.901001,11,599,58,3,e00fce6876826e255108c6bd,2025-06-25 16:40:04,2025-06-25 16:40:04,2025-06-25 16:40:04,2025-06-25
1019,EyeOFO6WBs,MOOSPMv3Parser,1750870200,13,13,184,17,17,992,1659,18,18,1986,2225,681,212039,100,656,6,1445,1612,0,0,1649,1,32,35,24,23,23.84,61,2,36.138969,-120.368324,190.895996,0,600,58,3,e00fce6876826e255108c6bd,2025-06-25 16:50:05,2025-06-25 16:50:05,2025-06-25 16:50:05,2025-06-25
1029,SMuVdopvQ4,MOOSPMv3Parser,1750870800,12,12,193,16,16,1091,1833,17,17,2197,2119,649,212393,97,636,5,1514,1699,0,0,1740,1,33,36,24,23,23.729,69,2,36.13903,-120.368439,197.848007,8,599,58,3,e00fce6876826e255108c6bd,2025-06-25 17:00:08,2025-06-25 17:00:09,2025-06-25 17:00:09,2025-06-25
1038,GCqGpe9uci,MOOSPMv3Parser,1750871400,8,8,135,12,12,870,1477,13,13,1775,1529,469,212393,68,341,5,1059,1210,0,0,1244,2,33,37,24,22,23.011,86,2,36.139053,-120.368362,176.216995,9,599,58,3,e00fce6876826e255108c6bd,2025-06-25 17:10:05,2025-06-25 17:10:05,2025-06-25 17:10:05,2025-06-25
1048,a2ILsHloFx,MOOSPMv3Parser,1750872000,8,8,165,12,12,631,1013,12,12,1201,1573,480,212907,73,844,4,1298,1394,0,0,1415,1,34,38,23,22,22.983,94,2,36.139015,-120.368248,202.052002,5,599,58,3,e00fce6876826e255108c6bd,2025-06-25 17:20:04,2025-06-25 17:20:04,2025-06-25 17:20:04,2025-06-25
1059,T6dfru31Z2,MOOSPMv3Parser,1750872600,10,10,9,14,14,9,9,15,15,9,1860,564,212966,82,67,5,67,67,0,0,67,0,34,38,23,21,23.618,91,1,36.139,-120.368309,181.154007,7,599,58,3,e00fce6876826e255108c6bd,2025-06-25 17:30:05,2025-06-25 17:30:05,2025-06-25 17:30:05,2025-06-25
1068,nidvMf5CZs,MOOSPMv3Parser,1750873200,11,11,7,14,14,7,7,15,15,7,1921,587,213011,82,52,4,52,52,0,0,52,0,34,39,22,20,24.513,86,1,36.139057,-120.368385,176.397995,7,599,58,3,e00fce6876826e255108c6bd,2025-06-25 17:40:04,2025-06-25 17:40:04,2025-06-25 17:40:04,2025-06-25
1079,JM2MZzqVfc,MOOSPMv3Parser,1750873800,9,9,6,13,13,6,6,13,13,6,1693,516,213051,76,45,4,45,45,0,0,45,0,35,40,20,19,23.639,103,1,36.138977,-120.368309,174.085007,8,599,58,3,e00fce6876826e255108c6bd,2025-06-25 17:50:09,2025-06-25 17:50:09,2025-06-25 17:50:09,2025-06-25
1088,DqQYz7CJxW,MOOSPMv3Parser,1750874400,8,8,5,11,11,5,5,11,11,5,1459,444,213085,63,39,3,39,39,0,0,39,0,36,40,21,19,23.82,105,1,36.139015,-120.368332,185.035995,7,599,58,3,e00fce6876826e255108c6bd,2025-06-25 18:00:04,2025-06-25 18:00:04,2025-06-25 18:00:04,2025-06-25
1098,WlRPDXELdB,MOOSPMv3Parser,1750875000,7,7,5,10,10,5,5,10,10,5,1353,413,213116,60,35,2,35,35,0,0,35,0,36,40,20,19,24.105,107,1,36.139004,-120.368416,170.091995,5,599,58,3,e00fce6876826e255108c6bd,2025-06-25 18:10:04,2025-06-25 18:10:04,2025-06-25 18:10:04,2025-06-25
1108,zUl0FL6xRI,MOOSPMv3Parser,1750875600,6,6,4,8,8,4,4,9,9,4,1132,343,212787,50,31,3,31,31,0,0,31,0,36,41,19,18,24.589,96,1,36.139107,-120.368286,201.686996,9,600,58,3,e00fce6876826e255108c6bd,2025-06-25 18:20:06,2025-06-25 18:20:06,2025-06-25 18:20:06,2025-06-25
1118,TzoGjjiFk6,MOOSPMv3Parser,1750876200,5,5,3,7,7,4,4,7,7,4,993,300,213166,45,27,3,27,27,0,0,27,0,36,41,19,18,24.983,89,1,36.139057,-120.368393,182.884003,7,599,58,3,e00fce6876826e255108c6bd,2025-06-25 18:30:04,2025-06-25 18:30:04,2025-06-25 18:30:04,2025-06-25
1129,0HsDdMAloH,MOOSPMv3Parser,1750876800,4,4,3,5,5,3,3,6,6,3,814,245,212830,34,22,1,22,22,0,0,22,0,37,41,17,16,25.603,84,1,36.139057,-120.368393,182.882996,0,600,58,3,e00fce6876826e255108c6bd,2025-06-25 18:40:09,2025-06-25 18:40:09,2025-06-25 18:40:09,2025-06-25
1138,XAhxhLrzev,MOOSPMv3Parser,1750877400,3,3,2,4,4,2,2,4,4,2,643,194,213202,29,18,2,18,18,0,0,18,0,37,42,17,16,25.929,80,1,36.13905,-120.368393,174.085999,7,599,58,3,e00fce6876826e255108c6bd,2025-06-25 18:50:04,2025-06-25 18:50:04,2025-06-25 18:50:04,2025-06-25
1148,yzfFeFY5do,MOOSPMv3Parser,1750878000,3,3,3,5,5,3,3,5,5,3,754,228,213218,33,20,2,20,20,0,0,20,0,38,42,17,16,25.587,101,1,36.139175,-120.368408,195.748001,9,599,58,3,e00fce6876826e255108c6bd,2025-06-25 19:00:04,2025-06-25 19:00:04,2025-06-25 19:00:04,2025-06-25
1159,tB4GCZ46fX,MOOSPMv3Parser,1750878600,3,3,3,5,5,3,3,5,5,3,736,223,213236,34,21,2,21,21,0,0,21,0,37,42,17,16,25.495,113,1,36.139145,-120.368477,193.479004,6,599,58,3,e00fce6876826e255108c6bd,2025-06-25 19:10:04,2025-06-25 19:10:04,2025-06-25 19:10:04,2025-06-25
1168,OoxL80NBT4,MOOSPMv3Parser,1750879200,3,3,3,5,5,3,3,5,5,3,755,229,213254,34,22,2,22,22,0,0,22,0,38,42,19,18,24.731,125,1,36.139084,-120.368385,169.085999,8,599,58,3,e00fce6876826e255108c6bd,2025-06-25 19:20:04,2025-06-25 19:20:04,2025-06-25 19:20:04,2025-06-25
1178,f8mgkG0gU7,MOOSPMv3Parser,1750879800,4,4,3,6,6,3,3,6,6,3,836,253,213274,39,23,3,23,23,0,0,23,0,37,42,19,19,23.932,179,1,36.139061,-120.368233,171.712006,7,599,58,3,e00fce6876826e255108c6bd,2025-06-25 19:30:04,2025-06-25 19:30:04,2025-06-25 19:30:04,2025-06-25
1188,CrSTxi4YpX,MOOSPMv3Parser,1750880400,4,4,3,5,5,3,3,5,5,3,784,235,213293,32,22,1,22,22,0,0,22,0,37,42,21,20,24.847,149,1,36.139015,-120.368347,179.054001,5,599,58,3,e00fce6876826e255108c6bd,2025-06-25 19:40:04,2025-06-25 19:40:04,2025-06-25 19:40:04,2025-06-25
1198,HSbHX6AKE3,MOOSPMv3Parser,1750881000,3,3,3,5,5,3,3,5,5,3,779,237,213310,34,21,2,21,21,0,0,21,0,38,42,19,19,23.09,166,1,36.138992,-120.36821,192.604004,6,599,58,3,e00fce6876826e255108c6bd,2025-06-25 19:50:04,2025-06-25 19:50:04,2025-06-25 19:50:04,2025-06-25
1208,MxhitVo8MY,MOOSPMv3Parser,1750881600,3,3,3,5,5,3,3,5,5,3,782,232,213326,36,20,2,20,20,0,0,20,0,38,42,19,19,23.944,149,1,36.139038,-120.368393,174.266998,8,599,58,3,e00fce6876826e255108c6bd,2025-06-25 20:00:04,2025-06-25 20:00:04,2025-06-25 20:00:04,2025-06-25
1217,exh0LDsV9B,MOOSPMv3Parser,1750882200,3,3,3,5,5,3,3,5,5,3,783,234,213343,34,20,1,20,20,0,0,20,0,39,42,19,19,23.7,147,1,36.13903,-120.368408,177.779999,7,599,58,3,e00fce6876826e255108c6bd,2025-06-25 20:10:04,2025-06-25 20:10:04,2025-06-25 20:10:04,2025-06-25
1227,a4zfZQJ6JQ,MOOSPMv3Parser,1750882800,4,4,3,6,6,3,3,6,6,3,860,257,213361,37,22,2,22,22,0,0,22,0,39,43,18,18,23.79,146,1,36.139107,-120.368401,166.347,8,599,58,3,e00fce6876826e255108c6bd,2025-06-25 20:20:04,2025-06-25 20:20:04,2025-06-25 20:20:04,2025-06-25
1238,6IWCSg1ltS,MOOSPMv3Parser,1750883400,4,4,3,6,6,3,3,6,6,3,831,249,213021,39,20,2,20,20,0,0,20,0,39,43,19,18,24.716,139,1,36.139107,-120.368401,166.343994,0,600,58,3,e00fce6876826e255108c6bd,2025-06-25 20:30:04,2025-06-25 20:30:04,2025-06-25 20:30:04,2025-06-25
1248,LqeQmnasCw,MOOSPMv3Parser,1750884000,3,3,3,5,5,3,3,5,5,3,780,232,213394,31,20,2,20,20,0,0,20,0,40,43,16,16,24.097,154,1,36.139038,-120.368271,176.561005,12,599,58,3,e00fce6876826e255108c6bd,2025-06-25 20:40:04,2025-06-25 20:40:04,2025-06-25 20:40:04,2025-06-25
1258,j8KPDJkXbg,MOOSPMv3Parser,1750884600,3,3,2,5,5,2,2,5,5,2,747,223,213410,33,18,2,18,18,0,0,18,0,40,43,17,17,24.383,153,1,36.138962,-120.368248,187.141998,6,599,58,3,e00fce6876826e255108c6bd,2025-06-25 20:50:04,2025-06-25 20:50:04,2025-06-25 20:50:04,2025-06-25
1268,9m7IiospWz,MOOSPMv3Parser,1750885200,3,3,3,5,5,3,3,6,6,3,782,233,213427,38,21,3,21,21,0,0,21,0,40,44,16,16,24.818,157,1,36.139008,-120.368324,154.550995,9,599,58,3,e00fce6876826e255108c6bd,2025-06-25 21:00:04,2025-06-25 21:00:04,2025-06-25 21:00:04,2025-06-25
1278,zc66l8AC0P,MOOSPMv3Parser,1750885800,4,4,3,5,5,3,3,6,6,3,837,251,213444,36,21,2,21,21,0,0,21,0,40,44,17,17,24.619,157,1,36.138969,-120.368156,179.595001,5,599,58,3,e00fce6876826e255108c6bd,2025-06-25 21:10:05,2025-06-25 21:10:05,2025-06-25 21:10:05,2025-06-25
1288,stKKsnbZ56,MOOSPMv3Parser,1750886400,4,4,3,6,6,3,3,6,6,3,950,282,213107,35,22,2,22,22,0,0,22,0,40,44,16,16,25.257,159,1,36.139091,-120.368393,167.457993,6,600,58,3,e00fce6876826e255108c6bd,2025-06-25 21:20:04,2025-06-25 21:20:04,2025-06-25 21:20:04,2025-06-25
1297,jMhxiAQnLc,MOOSPMv3Parser,1750887000,4,4,3,6,6,3,3,6,6,3,897,267,213124,34,21,2,22,22,0,0,22,0,40,44,15,16,25.8,143,1,36.139023,-120.368294,190.097,6,600,58,3,e00fce6876826e255108c6bd,2025-06-25 21:30:04,2025-06-25 21:30:04,2025-06-25 21:30:04,2025-06-25
1307,6iNPmbSLKH,MOOSPMv3Parser,1750887600,4,4,3,6,6,3,3,6,6,3,877,261,213143,38,22,2,22,22,0,0,22,0,40,44,16,16,25.984,142,1,36.138977,-120.368225,193.636993,5,600,58,3,e00fce6876826e255108c6bd,2025-06-25 21:40:04,2025-06-25 21:40:04,2025-06-25 21:40:04,2025-06-25
1318,aKEBmIBVce,MOOSPMv3Parser,1750888200,4,4,3,6,6,3,3,6,6,3,913,275,213160,40,21,3,21,21,0,0,21,0,41,44,15,15,24.991,174,1,36.139023,-120.368362,191.117004,5,600,58,3,e00fce6876826e255108c6bd,2025-06-25 21:50:04,2025-06-25 21:50:04,2025-06-25 21:50:04,2025-06-25
1328,QoI8pbdwAZ,MOOSPMv3Parser,1750888800,4,4,3,6,6,3,3,6,6,3,842,251,213177,36,21,2,21,21,0,0,21,0,41,45,15,15,25.82,159,1,36.139027,-120.368378,177.199997,5,600,58,3,e00fce6876826e255108c6bd,2025-06-25 22:00:04,2025-06-25 22:00:04,2025-06-25 22:00:04,2025-06-25
1338,LTpumR8MTy,MOOSPMv3Parser,1750889400,5,5,3,6,6,3,3,7,7,3,958,284,213196,38,22,3,22,22,0,0,22,0,41,44,15,15,26.68,138,1,36.138905,-120.368248,206.651001,5,600,58,3,e00fce6876826e255108c6bd,2025-06-25 22:10:04,2025-06-25 22:10:04,2025-06-25 22:10:04,2025-06-25
1349,WEobjZLGB0,MOOSPMv3Parser,1750890000,4,4,3,5,5,3,3,5,5,3,820,242,213213,36,20,1,20,20,0,0,20,0,41,44,16,16,25.632,154,1,36.138905,-120.368248,206.651001,0,600,58,3,e00fce6876826e255108c6bd,2025-06-25 22:20:05,2025-06-25 22:20:05,2025-06-25 22:20:05,2025-06-25
1358,97ItELJ7ib,MOOSPMv3Parser,1750890600,4,4,3,5,5,3,3,5,5,3,849,249,213230,32,20,2,20,20,0,0,20,0,41,44,15,15,25.83,161,1,36.139015,-120.368393,168.720993,8,600,58,3,e00fce6876826e255108c6bd,2025-06-25 22:30:04,2025-06-25 22:30:04,2025-06-25 22:30:04,2025-06-25
1369,AjpKAeWLNf,MOOSPMv3Parser,1750891200,4,4,3,5,5,3,3,6,6,3,874,259,213249,34,22,1,22,22,0,0,22,0,41,44,15,15,25.568,155,1,36.139008,-120.368355,172.975006,7,600,58,3,e00fce6876826e255108c6bd,2025-06-25 22:40:04,2025-06-25 22:40:04,2025-06-25 22:40:04,2025-06-25
1377,CG9MGNq5UG,MOOSPMv3Parser,1750891800,3,3,3,5,5,3,3,5,5,3,755,222,213265,33,20,1,20,20,0,0,20,0,41,44,15,15,26.425,138,1,36.138908,-120.36834,195.399994,7,600,58,3,e00fce6876826e255108c6bd,2025-06-25 22:50:04,2025-06-25 22:50:04,2025-06-25 22:50:04,2025-06-25
1388,9UB3BV1dvn,MOOSPMv3Parser,1750892400,3,3,2,4,4,2,2,4,4,2,654,193,213281,27,18,1,18,18,0,0,18,0,41,44,15,15,26.592,130,1,36.138947,-120.368286,199.804993,8,600,58,3,e00fce6876826e255108c6bd,2025-06-25 23:00:04,2025-06-25 23:00:04,2025-06-25 23:00:04,2025-06-25
1399,ydnEtqmE5u,MOOSPMv3Parser,1750893000,3,3,2,4,4,2,2,4,4,2,672,197,213297,28,18,1,18,18,0,0,18,0,41,44,15,15,26.376,118,1,36.138985,-120.368385,191.955002,8,600,58,3,e00fce6876826e255108c6bd,2025-06-25 23:10:04,2025-06-25 23:10:04,2025-06-25 23:10:04,2025-06-25
1409,mdHYIOJDAo,MOOSPMv3Parser,1750893600,3,3,2,4,4,2,2,4,4,2,646,194,213313,28,18,1,18,18,0,0,18,0,41,43,15,16,26.906,98,1,36.139008,-120.368362,175.585999,8,600,58,3,e00fce6876826e255108c6bd,2025-06-25 23:20:04,2025-06-25 23:20:04,2025-06-25 23:20:04,2025-06-25
1418,Xwpaph8gJF,MOOSPMv3Parser,1750894200,2,2,2,4,4,2,2,4,4,2,603,179,213328,27,16,1,16,16,0,0,16,0,40,43,15,16,26.513,91,1,36.139042,-120.36837,183.231995,7,600,58,3,e00fce6876826e255108c6bd,2025-06-25 23:30:04,2025-06-25 23:30:04,2025-06-25 23:30:04,2025-06-25
1429,QbxPSSAn4b,MOOSPMv3Parser,1750894800,3,3,2,4,4,2,2,4,4,2,634,189,213344,28,16,2,16,16,0,0,16,0,40,42,15,16,27.907,81,1,36.139053,-120.368423,169.759003,6,600,58,3,e00fce6876826e255108c6bd,2025-06-25 23:40:04,2025-06-25 23:40:04,2025-06-25 23:40:04,2025-06-25
1438,FzqCGIxt4G,MOOSPMv3Parser,1750895400,3,3,2,4,4,2,2,4,4,2,606,182,213360,26,18,1,18,18,0,0,18,0,40,42,15,16,27.358,77,1,36.138916,-120.368271,190.460999,7,600,58,3,e00fce6876826e255108c6bd,2025-06-25 23:50:04,2025-06-25 23:50:04,2025-06-25 23:50:04,2025-06-25
10,a20ulHaEtc,MOOSPMv3Parser,1750896000,2,2,2,4,4,2,2,4,4,2,600,179,213376,24,17,1,17,17,0,0,17,0,40,42,15,17,26.633,77,1,36.139015,-120.368301,185.313995,7,600,58,3,e00fce6876826e255108c6bd,2025-06-26 00:00:04,2025-06-26 00:00:05,2025-06-26 00:00:05,2025-06-26
20,ih2H6p9P3Y,MOOSPMv3Parser,1750896600,2,2,2,4,4,2,2,4,4,2,588,177,213391,26,17,2,17,17,0,0,17,0,40,41,15,17,27.203,58,1,36.139015,-120.368301,185.313004,0,600,58,3,e00fce6876826e255108c6bd,2025-06-26 00:10:04,2025-06-26 00:10:04,2025-06-26 00:10:04,2025-06-26
30,t30scZuAtT,MOOSPMv3Parser,1750897200,2,2,2,4,4,2,2,4,4,2,594,179,213407,27,18,1,18,18,0,0,18,0,40,41,16,17,27.763,56,1,36.138988,-120.36824,188.634995,8,600,58,3,e00fce6876826e255108c6bd,2025-06-26 00:20:04,2025-06-26 00:20:04,2025-06-26 00:20:04,2025-06-26
40,9U6XpJoHM5,MOOSPMv3Parser,1750897800,2,2,2,4,4,2,2,4,4,2,584,177,213423,27,17,1,17,17,0,0,17,0,40,40,16,17,27.996,52,1,36.139015,-120.368462,183.417007,8,600,58,3,e00fce6876826e255108c6bd,2025-06-26 00:30:04,2025-06-26 00:30:04,2025-06-26 00:30:04,2025-06-26
50,wTl8t7ODMi,MOOSPMv3Parser,1750898400,2,2,2,4,4,3,3,4,4,3,623,188,213439,28,19,1,19,19,0,0,19,0,40,40,16,18,27.936,51,1,36.139061,-120.368416,172.436005,7,600,58,3,e00fce6876826e255108c6bd,2025-06-26 00:40:04,2025-06-26 00:40:05,2025-06-26 00:40:05,2025-06-26
60,PTs0u7rNCv,MOOSPMv3Parser,1750899000,2,2,2,4,4,2,2,4,4,2,559,169,213455,29,17,2,17,17,0,0,17,0,39,40,17,18,27.962,47,1,36.139061,-120.368301,193.636993,7,600,58,3,e00fce6876826e255108c6bd,2025-06-26 00:50:04,2025-06-26 00:50:04,2025-06-26 00:50:04,2025-06-26
69,yuPBorXfBp,MOOSPMv3Parser,1750899600,2,2,2,4,4,2,2,4,4,2,555,170,213471,28,17,3,17,17,0,0,17,0,39,39,17,19,28.818,37,1,36.139156,-120.368507,172.886993,6,600,58,3,e00fce6876826e255108c6bd,2025-06-26 01:00:04,2025-06-26 01:00:04,2025-06-26 01:00:04,2025-06-26
79,uJWHILqQqG,MOOSPMv3Parser,1750900200,2,2,2,4,4,2,2,4,4,2,574,174,213487,28,18,1,18,18,0,0,18,0,39,39,17,19,28.965,32,1,36.139046,-120.368263,172.740005,6,600,58,3,e00fce6876826e255108c6bd,2025-06-26 01:10:04,2025-06-26 01:10:04,2025-06-26 01:10:04,2025-06-26
90,UAASOZS5Rb,MOOSPMv3Parser,1750900800,2,2,2,4,4,2,2,4,4,2,557,171,213503,28,18,2,18,18,0,0,18,0,39,38,17,19,29.878,24,1,36.139004,-120.368469,172.570007,6,600,58,3,e00fce6876826e255108c6bd,2025-06-26 01:20:05,2025-06-26 01:20:05,2025-06-26 01:20:05,2025-06-26
100,rAimuEEFp6,MOOSPMv3Parser,1750901400,2,2,2,3,3,3,3,4,4,3,573,173,213520,24,19,1,19,19,0,0,19,0,38,38,18,21,29.696,28,2,36.139015,-120.368294,182.897995,8,600,58,3,e00fce6876826e255108c6bd,2025-06-26 01:30:04,2025-06-26 01:30:04,2025-06-26 01:30:04,2025-06-26
110,XP4eTC5jaN,MOOSPMv3Parser,1750902000,2,2,2,4,4,2,2,4,4,2,605,183,213536,28,19,2,19,19,0,0,19,0,38,38,19,21,29.687,28,2,36.139008,-120.368423,172.451996,10,600,58,3,e00fce6876826e255108c6bd,2025-06-26 01:40:04,2025-06-26 01:40:04,2025-06-26 01:40:04,2025-06-26
120,A7rjqZjGde,MOOSPMv3Parser,1750902600,2,2,2,4,4,3,3,4,4,3,589,178,213552,28,19,2,19,19,0,0,19,0,37,37,19,21,30.133,25,2,36.139023,-120.36834,179.332001,8,600,58,3,e00fce6876826e255108c6bd,2025-06-26 01:50:04,2025-06-26 01:50:04,2025-06-26 01:50:04,2025-06-26
129,rUvPlTsCTq,MOOSPMv3Parser,1750903200,2,2,3,4,4,3,3,4,4,3,590,179,213569,29,20,2,20,20,0,0,20,0,37,37,19,21,82.08,20,2,36.139023,-120.36834,179.328995,0,600,58,3,e00fce6876826e255108c6bd,2025-06-26 02:00:05,2025-06-26 02:00:05,2025-06-26 02:00:05,2025-06-26
140,rClBJs3QTl,MOOSPMv3Parser,1750903800,2,2,3,4,4,3,3,4,4,3,604,183,213586,29,20,2,20,20,0,0,20,0,37,36,20,22,29.76,18,2,36.139019,-120.36834,180.744003,13,600,58,3,e00fce6876826e255108c6bd,2025-06-26 02:10:04,2025-06-26 02:10:04,2025-06-26 02:10:04,2025-06-26
150,wtaZnpqFyP,MOOSPMv3Parser,1750904400,2,2,2,4,4,3,3,5,5,3,612,185,213603,29,19,2,19,19,0,0,19,0,36,36,20,23,28.733,22,2,36.139027,-120.36834,183.923996,7,600,58,3,e00fce6876826e255108c6bd,2025-06-26 02:20:04,2025-06-26 02:20:04,2025-06-26 02:20:04,2025-06-26
160,gp1kfQLrvK,MOOSPMv3Parser,1750905000,2,2,3,4,4,3,3,4,4,3,621,187,213619,27,20,2,20,20,0,0,20,0,36,36,21,23,30.435,22,2,36.139053,-120.368362,158.751999,11,600,58,3,e00fce6876826e255108c6bd,2025-06-26 02:30:04,2025-06-26 02:30:04,2025-06-26 02:30:04,2025-06-26
170,oCT0Xo0yr1,MOOSPMv3Parser,1750905600,3,3,3,4,4,3,3,5,5,3,614,186,213637,30,21,2,21,21,0,0,21,0,35,35,22,24,30.543,18,3,36.139015,-120.368332,176.556,6,600,58,3,e00fce6876826e255108c6bd,2025-06-26 02:40:04,2025-06-26 02:40:04,2025-06-26 02:40:04,2025-06-26
180,0s3xLCqJ4P,MOOSPMv3Parser,1750906200,2,2,3,4,4,3,3,4,4,3,601,184,213655,29,21,1,21,21,0,0,21,0,34,35,23,25,30.611,18,3,36.138977,-120.368439,175.115997,8,600,58,3,e00fce6876826e255108c6bd,2025-06-26 02:50:04,2025-06-26 02:50:04,2025-06-26 02:50:04,2025-06-26
190,DbBEj2mfJ5,MOOSPMv3Parser,1750906800,2,2,3,4,4,3,3,4,4,3,585,179,213672,30,21,3,21,21,0,0,21,0,34,34,23,25,29.61,18,3,36.139004,-120.368301,175.054993,8,600,58,3,e00fce6876826e255108c6bd,2025-06-26 03:00:05,2025-06-26 03:00:05,2025-06-26 03:00:05,2025-06-26
200,ZKfLUlXnOw,MOOSPMv3Parser,1750907400,3,3,3,4,4,3,3,5,5,3,636,193,213690,33,22,2,22,22,0,0,22,0,33,34,25,27,30.163,20,4,36.139008,-120.368324,184.139008,7,600,58,3,e00fce6876826e255108c6bd,2025-06-26 03:10:04,2025-06-26 03:10:04,2025-06-26 03:10:04,2025-06-26
210,2vbbYnoyGq,MOOSPMv3Parser,1750908000,3,3,3,4,4,3,3,5,5,3,640,198,213707,32,22,2,22,22,0,0,22,0,33,33,25,27,30.72,20,4,36.139015,-120.368355,178.132004,7,600,58,3,e00fce6876826e255108c6bd,2025-06-26 03:20:05,2025-06-26 03:20:05,2025-06-26 03:20:05,2025-06-26
220,47stEmPXFS,MOOSPMv3Parser,1750908600,3,3,3,4,4,3,3,5,5,3,643,195,213726,32,22,2,22,22,0,0,22,0,32,33,26,27,29.922,28,4,36.139034,-120.368317,150.912994,7,600,58,3,e00fce6876826e255108c6bd,2025-06-26 03:30:09,2025-06-26 03:30:09,2025-06-26 03:30:09,2025-06-26
230,GdPZMcHxYK,MOOSPMv3Parser,1750909200,3,3,3,4,4,3,3,5,5,3,643,195,213744,32,22,2,22,22,0,0,22,0,32,32,26,27,29.066,45,4,36.139099,-120.368362,192.188995,7,600,58,3,e00fce6876826e255108c6bd,2025-06-26 03:40:05,2025-06-26 03:40:05,2025-06-26 03:40:05,2025-06-26
240,Vb6wMBeVbb,MOOSPMv3Parser,1750909800,3,3,3,5,5,3,3,5,5,3,669,204,213767,37,25,3,25,25,0,0,25,0,31,32,26,28,30.466,28,4,36.139099,-120.368362,192.186005,0,600,58,3,e00fce6876826e255108c6bd,2025-06-26 03:50:04,2025-06-26 03:50:04,2025-06-26 03:50:04,2025-06-26
250,bsefGxfeno,MOOSPMv3Parser,1750910400,3,3,3,4,4,3,3,5,5,3,635,195,213787,32,24,2,24,24,0,0,24,0,31,31,26,28,30.036,46,4,36.139111,-120.368187,195.494003,7,600,58,3,e00fce6876826e255108c6bd,2025-06-26 04:00:05,2025-06-26 04:00:05,2025-06-26 04:00:05,2025-06-26
260,TcCkzJM5ng,MOOSPMv3Parser,1750911000,3,3,3,4,4,3,3,5,5,3,637,193,213806,32,22,2,22,22,0,0,22,0,31,31,27,29,31.638,27,4,36.139023,-120.368324,174.263,7,600,58,3,e00fce6876826e255108c6bd,2025-06-26 04:10:05,2025-06-26 04:10:05,2025-06-26 04:10:05,2025-06-26
265,bLZKFElOaM,MOOSPMv3Parser,1750911601,3,3,3,4,4,3,3,5,5,3,630,193,214540,32,23,2,23,23,0,0,23,0,31,31,26,29,30.533,36,5,36.138996,-120.368347,168.306,7,598,58,3,e00fce6876826e255108c6bd,2025-06-26 04:20:03,2025-06-26 04:20:03,2025-06-26 04:20:03,2025-06-26
273,hiDzLunxsw,MOOSPMv3Parser,1750912201,3,3,3,4,4,3,3,5,5,3,651,197,213844,36,22,1,22,22,0,0,22,0,31,30,27,30,31.134,37,4,36.139091,-120.368385,173.292999,7,600,58,3,e00fce6876826e255108c6bd,2025-06-26 04:30:03,2025-06-26 04:30:03,2025-06-26 04:30:03,2025-06-26
290,JCGEPvq5XD,MOOSPMv3Parser,1750912801,3,3,3,4,4,3,3,5,5,3,650,197,213862,32,21,3,21,21,0,0,21,0,30,30,27,29,28.827,55,4,36.138973,-120.36834,183.279999,8,600,58,3,e00fce6876826e255108c6bd,2025-06-26 04:40:07,2025-06-26 04:40:07,2025-06-26 04:40:07,2025-06-26
300,kzrfkDaY4M,MOOSPMv3Parser,1750913401,2,2,3,4,4,3,3,5,5,3,637,194,213880,31,21,2,22,22,0,0,22,0,30,30,29,33,26.592,92,3,36.138973,-120.36834,155.464005,6,600,58,3,e00fce6876826e255108c6bd,2025-06-26 04:50:07,2025-06-26 04:50:07,2025-06-26 04:50:07,2025-06-26
306,csTZPLoSbq,MOOSPMv3Parser,1750914001,3,3,3,5,5,3,3,5,5,3,676,205,213902,35,25,3,25,25,0,0,25,0,29,29,30,31,24.876,130,2,36.138958,-120.368324,177.186005,7,600,58,3,e00fce6876826e255108c6bd,2025-06-26 05:00:03,2025-06-26 05:00:03,2025-06-26 05:00:03,2025-06-26
320,VHoGDc0p55,MOOSPMv3Parser,1750914601,3,3,3,5,5,3,3,5,5,3,665,203,213925,33,25,3,25,25,0,0,25,0,28,29,31,32,23.248,123,2,36.138882,-120.368301,154.645004,6,600,58,3,e00fce6876826e255108c6bd,2025-06-26 05:10:32,2025-06-26 05:10:32,2025-06-26 05:10:32,2025-06-26
325,BYvkws6KXV,MOOSPMv3Parser,1750915201,3,3,3,5,5,3,3,5,5,3,642,198,213947,35,25,2,25,25,0,0,25,0,28,28,32,33,25.55,81,2,36.139011,-120.368439,159.578003,7,600,58,3,e00fce6876826e255108c6bd,2025-06-26 05:20:03,2025-06-26 05:20:03,2025-06-26 05:20:03,2025-06-26
334,F2JgdLN3Lk,MOOSPMv3Parser,1750915801,3,3,3,5,5,3,3,5,5,3,652,197,213967,35,24,2,24,24,0,0,24,0,28,28,31,32,26.82,63,2,36.138962,-120.368393,159.929993,4,600,58,3,e00fce6876826e255108c6bd,2025-06-26 05:30:03,2025-06-26 05:30:03,2025-06-26 05:30:03,2025-06-26
344,wRwHfGRUg2,MOOSPMv3Parser,1750916401,3,3,3,4,4,3,3,5,5,3,658,200,213989,33,25,2,25,25,0,0,25,0,28,27,31,33,24.842,94,3,36.138969,-120.368408,179.694,8,600,58,3,e00fce6876826e255108c6bd,2025-06-26 05:40:02,2025-06-26 05:40:02,2025-06-26 05:40:02,2025-06-26
355,YectBrHCFL,MOOSPMv3Parser,1750917001,3,3,4,5,5,4,4,5,5,4,699,214,214013,34,28,3,28,28,0,0,28,0,27,27,30,33,25.368,100,2,36.139076,-120.368393,173.820007,5,600,58,3,e00fce6876826e255108c6bd,2025-06-26 05:50:03,2025-06-26 05:50:03,2025-06-26 05:50:03,2025-06-26
365,sCYMGTlcw0,MOOSPMv3Parser,1750917601,3,3,3,5,5,4,4,6,6,4,761,232,214037,37,27,3,27,27,0,0,27,0,27,27,32,34,25.831,88,3,36.138985,-120.368256,180.281998,5,600,58,3,e00fce6876826e255108c6bd,2025-06-26 06:00:03,2025-06-26 06:00:03,2025-06-26 06:00:03,2025-06-26
379,QGwIHOuCoj,MOOSPMv3Parser,1750918201,4,4,4,6,6,4,4,6,6,4,783,241,214061,38,29,2,29,29,0,0,29,0,27,27,32,34,24.199,124,3,36.138992,-120.36834,171.789001,7,600,58,3,e00fce6876826e255108c6bd,2025-06-26 06:10:05,2025-06-26 06:10:05,2025-06-26 06:10:05,2025-06-26
390,HsaIGRotZp,MOOSPMv3Parser,1750918801,4,4,4,6,6,4,4,7,7,4,786,241,214086,44,29,4,29,29,0,0,29,0,27,26,34,36,22.903,187,2,36.139038,-120.368332,179.972,9,600,58,3,e00fce6876826e255108c6bd,2025-06-26 06:20:08,2025-06-26 06:20:08,2025-06-26 06:20:08,2025-06-26
395,oUGe4jjlaI,MOOSPMv3Parser,1750919401,4,4,4,6,6,4,4,6,6,4,809,249,214112,40,29,2,30,30,0,0,30,0,26,26,33,36,21.488,218,2,36.138988,-120.368408,160.757004,9,600,58,3,e00fce6876826e255108c6bd,2025-06-26 06:30:03,2025-06-26 06:30:03,2025-06-26 06:30:03,2025-06-26
418,abLOCx52Mq,MOOSPMv3Parser,1750920601,3,3,3,5,5,4,4,6,6,4,703,216,214159,36,26,4,26,26,0,0,26,0,26,26,35,38,20.865,248,1,36.139042,-120.368195,187.016006,7,600,58,3,e00fce6876826e255108c6bd,2025-06-26 06:50:07,2025-06-26 06:50:07,2025-06-26 06:50:07,2025-06-26
423,D3U1iMGFwz,MOOSPMv3Parser,1750921201,3,3,3,5,5,4,4,5,5,4,676,207,214183,35,26,2,27,27,0,0,27,0,26,25,34,36,21.141,229,1,36.138992,-120.368355,171.936996,8,600,58,3,e00fce6876826e255108c6bd,2025-06-26 07:00:03,2025-06-26 07:00:03,2025-06-26 07:00:03,2025-06-26
439,qkRFz3gI0f,MOOSPMv3Parser,1750921801,3,3,3,4,4,3,3,5,5,3,656,200,214205,33,25,2,25,25,0,0,25,0,25,25,35,38,20.083,292,1,36.139038,-120.368385,176.110992,9,600,58,3,e00fce6876826e255108c6bd,2025-06-26 07:10:08,2025-06-26 07:10:08,2025-06-26 07:10:08,2025-06-26
444,P34eXFFnBN,MOOSPMv3Parser,1750922401,3,3,3,5,5,3,3,5,5,3,657,203,214225,35,23,2,23,23,0,0,23,0,25,25,33,36,19.384,326,1,36.139038,-120.368385,176.117004,0,600,58,3,e00fce6876826e255108c6bd,2025-06-26 07:20:03,2025-06-26 07:20:03,2025-06-26 07:20:03,2025-06-26
455,CqCsZV02ee,MOOSPMv3Parser,1750923001,3,3,3,5,5,3,3,6,6,3,673,206,214247,39,25,3,25,25,0,0,25,0,25,25,33,35,19.551,320,1,36.139053,-120.368385,156.171005,10,600,58,3,e00fce6876826e255108c6bd,2025-06-26 07:30:03,2025-06-26 07:30:03,2025-06-26 07:30:03,2025-06-26
463,2dN8LuqQ62,MOOSPMv3Parser,1750923601,2,2,3,4,4,3,3,5,5,3,591,180,214267,30,22,3,23,23,0,0,23,0,25,24,29,33,21.783,223,1,36.139027,-120.368317,185.076996,7,600,58,3,e00fce6876826e255108c6bd,2025-06-26 07:40:03,2025-06-26 07:40:03,2025-06-26 07:40:03,2025-06-26
474,L6tnYGJPpf,MOOSPMv3Parser,1750924201,2,2,3,4,4,3,3,4,4,3,554,168,214283,24,20,2,20,20,0,0,20,0,25,24,29,32,23.059,130,1,36.138992,-120.368408,137.022995,6,600,58,3,e00fce6876826e255108c6bd,2025-06-26 07:50:03,2025-06-26 07:50:03,2025-06-26 07:50:03,2025-06-26
489,PGEwL8vQN9,MOOSPMv3Parser,1750924801,2,2,2,4,4,3,3,4,4,3,534,164,214299,29,19,3,19,19,0,0,19,0,25,24,29,32,23.061,125,2,36.139069,-120.368523,156.606003,5,600,58,3,e00fce6876826e255108c6bd,2025-06-26 08:00:07,2025-06-26 08:00:07,2025-06-26 08:00:07,2025-06-26
492,hkj5XK2Lju,MOOSPMv3Parser,1750925401,2,2,3,4,4,3,3,4,4,3,533,165,214317,32,21,2,21,21,0,0,21,0,24,24,31,33,22.711,132,2,36.139065,-120.368431,154.725006,8,600,58,3,e00fce6876826e255108c6bd,2025-06-26 08:10:02,2025-06-26 08:10:03,2025-06-26 08:10:03,2025-06-26
502,15SrJkCF3N,MOOSPMv3Parser,1750926001,2,2,3,4,4,3,3,4,4,3,535,165,214334,28,21,2,21,21,0,0,21,0,24,23,29,31,23.111,107,2,36.138977,-120.368294,186.684006,8,600,58,3,e00fce6876826e255108c6bd,2025-06-26 08:20:03,2025-06-26 08:20:03,2025-06-26 08:20:03,2025-06-26
514,rMQ34S1Irc,MOOSPMv3Parser,1750926601,2,2,3,3,3,3,3,4,4,3,504,154,214352,27,21,1,21,21,0,0,21,0,24,23,32,35,22.573,117,2,36.139023,-120.368393,163.311996,8,600,58,3,e00fce6876826e255108c6bd,2025-06-26 08:30:03,2025-06-26 08:30:03,2025-06-26 08:30:03,2025-06-26
529,v1INXCrAPf,MOOSPMv3Parser,1750927201,2,2,3,4,4,3,3,4,4,3,557,172,214371,30,22,2,22,22,0,0,22,0,23,23,35,37,18.572,246,2,36.139015,-120.36834,179.626999,7,600,58,3,e00fce6876826e255108c6bd,2025-06-26 08:40:08,2025-06-26 08:40:08,2025-06-26 08:40:08,2025-06-26
534,rw2dHvTkOf,MOOSPMv3Parser,1750927801,2,2,3,4,4,3,3,5,5,3,579,177,214390,27,22,4,22,22,0,0,22,0,22,23,37,38,17.871,306,1,36.13905,-120.368401,174.729996,9,600,58,3,e00fce6876826e255108c6bd,2025-06-26 08:50:03,2025-06-26 08:50:03,2025-06-26 08:50:03,2025-06-26
544,kHaesCLBFs,MOOSPMv3Parser,1750928401,2,2,3,4,4,3,3,5,5,3,591,181,214409,32,23,3,23,23,0,0,23,0,22,22,35,37,20.025,182,1,36.139145,-120.368439,174.914993,7,600,58,3,e00fce6876826e255108c6bd,2025-06-26 09:00:03,2025-06-26 09:00:03,2025-06-26 09:00:03,2025-06-26
553,PrE39ukKFS,MOOSPMv3Parser,1750929001,2,2,3,4,4,3,3,5,5,3,559,172,214428,31,22,3,22,22,0,0,22,0,22,22,38,40,20.827,135,1,36.139145,-120.368439,174.912994,0,600,58,3,e00fce6876826e255108c6bd,2025-06-26 09:10:02,2025-06-26 09:10:03,2025-06-26 09:10:03,2025-06-26
563,P82OZad5BS,MOOSPMv3Parser,1750929601,2,2,3,4,4,3,3,5,5,3,576,176,214447,29,23,3,23,23,0,0,23,0,22,22,35,38,19.188,232,1,36.138924,-120.368187,171.735001,7,600,58,3,e00fce6876826e255108c6bd,2025-06-26 09:20:02,2025-06-26 09:20:03,2025-06-26 09:20:03,2025-06-26
574,oPKzzyKF93,MOOSPMv3Parser,1750930201,3,3,3,4,4,3,3,5,5,3,587,179,214466,33,22,3,22,22,0,0,22,0,22,22,35,38,19.814,239,1,36.139019,-120.368408,172.485001,7,600,58,3,e00fce6876826e255108c6bd,2025-06-26 09:30:03,2025-06-26 09:30:03,2025-06-26 09:30:03,2025-06-26
584,2kaBbPNpsr,MOOSPMv3Parser,1750930801,2,2,3,4,4,3,3,4,4,3,552,170,214487,31,24,2,24,24,0,0,24,0,22,22,35,38,18.67,337,1,36.139027,-120.368416,168.807007,6,600,58,3,e00fce6876826e255108c6bd,2025-06-26 09:40:03,2025-06-26 09:40:03,2025-06-26 09:40:03,2025-06-26
594,9RaMmYm2i0,MOOSPMv3Parser,1750931401,2,2,3,4,4,3,3,4,4,3,554,171,214508,31,24,2,24,24,0,0,24,0,22,21,36,38,17.499,407,1,36.139,-120.368271,192.449005,6,600,58,3,e00fce6876826e255108c6bd,2025-06-26 09:50:03,2025-06-26 09:50:03,2025-06-26 09:50:03,2025-06-26
605,6KyCiU4WUr,MOOSPMv3Parser,1750932001,3,3,3,4,4,3,3,5,5,3,579,178,214528,34,23,2,23,23,0,0,23,0,22,21,36,39,17.325,439,1,36.139027,-120.368309,180.033997,5,600,58,3,e00fce6876826e255108c6bd,2025-06-26 10:00:03,2025-06-26 10:00:03,2025-06-26 10:00:03,2025-06-26
619,yuMSJ08E09,MOOSPMv3Parser,1750932601,3,3,3,4,4,3,3,4,4,3,577,177,214546,31,22,2,23,23,0,0,23,0,21,21,37,40,16.406,465,1,36.138988,-120.368408,150.475998,5,600,58,3,e00fce6876826e255108c6bd,2025-06-26 10:10:04,2025-06-26 10:10:04,2025-06-26 10:10:04,2025-06-26
624,E95yrfYs3D,MOOSPMv3Parser,1750933201,3,3,3,4,4,3,3,5,5,3,573,178,214567,30,24,3,24,24,0,0,24,0,21,21,40,43,16.935,437,1,36.138981,-120.368484,165.505997,10,600,58,3,e00fce6876826e255108c6bd,2025-06-26 10:20:03,2025-06-26 10:20:03,2025-06-26 10:20:03,2025-06-26
634,tVBmZvzNVK,MOOSPMv3Parser,1750933801,3,3,3,4,4,3,3,5,5,3,570,175,214588,30,24,3,24,24,0,0,24,0,21,21,37,40,16.924,420,1,36.138927,-120.36866,144.514999,6,600,58,3,e00fce6876826e255108c6bd,2025-06-26 10:30:03,2025-06-26 10:30:03,2025-06-26 10:30:03,2025-06-26
643,xhF0mMl3gJ,MOOSPMv3Parser,1750934401,3,3,3,4,4,3,3,4,4,3,583,177,214608,31,24,2,24,24,0,0,24,0,21,21,37,40,16.944,426,1,36.138927,-120.36866,144.516006,0,600,58,3,e00fce6876826e255108c6bd,2025-06-26 10:40:02,2025-06-26 10:40:03,2025-06-26 10:40:03,2025-06-26
653,kCAwJMtX81,MOOSPMv3Parser,1750935001,3,3,3,4,4,3,3,5,5,3,585,178,214629,32,23,3,23,23,0,0,23,0,21,20,40,42,16.113,468,1,36.138969,-120.368538,168.466995,7,600,58,3,e00fce6876826e255108c6bd,2025-06-26 10:50:02,2025-06-26 10:50:03,2025-06-26 10:50:03,2025-06-26
663,rkrw2X4J3X,MOOSPMv3Parser,1750935601,3,3,3,4,4,3,3,5,5,3,604,186,214649,30,23,3,24,24,0,0,24,0,21,20,40,42,15.435,478,1,36.138847,-120.368538,171.102997,6,600,58,3,e00fce6876826e255108c6bd,2025-06-26 11:00:02,2025-06-26 11:00:03,2025-06-26 11:00:03,2025-06-26
673,c1bG1No2At,MOOSPMv3Parser,1750936201,2,2,3,4,4,3,3,4,4,3,548,170,214670,30,24,2,24,24,0,0,24,0,20,20,42,44,14.821,490,1,36.138916,-120.368347,177.593002,7,600,58,3,e00fce6876826e255108c6bd,2025-06-26 11:10:02,2025-06-26 11:10:03,2025-06-26 11:10:03,2025-06-26
684,Ud0WKaH9RH,MOOSPMv3Parser,1750936801,2,2,3,4,4,3,3,5,5,3,560,173,214690,33,23,3,23,23,0,0,23,0,20,20,38,41,14.478,495,1,36.138939,-120.368309,173.623001,7,600,58,3,e00fce6876826e255108c6bd,2025-06-26 11:20:03,2025-06-26 11:20:03,2025-06-26 11:20:03,2025-06-26
693,UllIsb9Yqx,MOOSPMv3Parser,1750937401,2,2,3,4,4,3,3,5,5,3,550,170,214707,29,22,4,22,22,0,0,22,0,20,20,37,39,16.874,480,1,36.138821,-120.368187,176.837997,6,600,58,3,e00fce6876826e255108c6bd,2025-06-26 11:30:02,2025-06-26 11:30:03,2025-06-26 11:30:03,2025-06-26
704,1iIbRNqAZ0,MOOSPMv3Parser,1750938001,2,2,3,4,4,3,3,4,4,3,538,165,214728,29,24,2,24,24,0,0,24,0,20,19,40,42,16.48,453,1,36.13903,-120.368385,177.744003,7,600,58,3,e00fce6876826e255108c6bd,2025-06-26 11:40:03,2025-06-26 11:40:03,2025-06-26 11:40:03,2025-06-26
713,HoAi4xoBlK,MOOSPMv3Parser,1750938601,2,2,3,4,4,3,3,4,4,3,534,165,214749,28,24,3,24,24,0,0,24,0,20,19,39,41,16.784,478,1,36.139011,-120.368408,168.845993,8,600,58,3,e00fce6876826e255108c6bd,2025-06-26 11:50:02,2025-06-26 11:50:03,2025-06-26 11:50:03,2025-06-26
724,FrRwtljbH4,MOOSPMv3Parser,1750939201,2,2,3,4,4,3,3,4,4,3,545,167,214767,28,22,2,22,22,0,0,22,0,19,19,38,40,17.391,447,1,36.13903,-120.368439,183.382996,9,600,58,3,e00fce6876826e255108c6bd,2025-06-26 12:00:02,2025-06-26 12:00:03,2025-06-26 12:00:03,2025-06-26
733,59BOqrhOHn,MOOSPMv3Parser,1750939801,2,2,3,4,4,3,3,4,4,3,537,167,214786,27,22,2,22,22,0,0,22,0,19,19,37,39,18.608,307,1,36.13903,-120.368439,183.382004,0,600,58,3,e00fce6876826e255108c6bd,2025-06-26 12:10:03,2025-06-26 12:10:03,2025-06-26 12:10:03,2025-06-26
743,ZegxWPHCzg,MOOSPMv3Parser,1750940401,2,2,3,4,4,3,3,4,4,3,537,166,214804,28,22,2,22,22,0,0,22,0,19,19,38,40,16.748,407,1,36.138958,-120.368233,181.951996,8,600,58,3,e00fce6876826e255108c6bd,2025-06-26 12:20:02,2025-06-26 12:20:03,2025-06-26 12:20:03,2025-06-26
754,dmkuJWYi0f,MOOSPMv3Parser,1750941001,2,2,3,4,4,3,3,5,5,3,547,169,214825,31,23,2,23,23,0,0,23,0,19,19,39,42,15.592,482,1,36.139008,-120.368286,165.768997,8,600,58,3,e00fce6876826e255108c6bd,2025-06-26 12:30:03,2025-06-26 12:30:03,2025-06-26 12:30:03,2025-06-26
765,0B0QoHt2Gi,MOOSPMv3Parser,1750941601,2,2,3,4,4,3,3,5,5,3,561,173,214848,31,26,3,26,26,0,0,26,0,19,18,41,43,14.959,493,1,36.139084,-120.368416,175.009003,8,600,58,3,e00fce6876826e255108c6bd,2025-06-26 12:40:03,2025-06-26 12:40:03,2025-06-26 12:40:03,2025-06-26
774,ePZ7x3V5j3,MOOSPMv3Parser,1750942201,3,3,4,5,5,4,4,6,6,4,658,201,214874,37,30,4,30,30,0,0,30,0,19,18,37,41,13.806,497,1,36.138981,-120.368263,170.112,6,600,58,3,e00fce6876826e255108c6bd,2025-06-26 12:50:03,2025-06-26 12:50:03,2025-06-26 12:50:03,2025-06-26
783,6JGw7KN2ET,MOOSPMv3Parser,1750942801,2,2,3,4,4,4,4,5,5,4,561,173,214897,30,27,3,27,27,0,0,27,0,19,18,36,39,20.104,349,1,36.139027,-120.36821,186.569,7,600,58,3,e00fce6876826e255108c6bd,2025-06-26 13:00:02,2025-06-26 13:00:03,2025-06-26 13:00:03,2025-06-26
794,GBtUcT6ybT,MOOSPMv3Parser,1750943401,2,2,3,4,4,3,3,4,4,3,498,152,214917,29,23,3,23,23,0,0,23,0,20,18,36,41,21.707,154,1,36.139008,-120.36821,179.438995,5,600,58,3,e00fce6876826e255108c6bd,2025-06-26 13:10:03,2025-06-26 13:10:03,2025-06-26 13:10:03,2025-06-26
804,ppXWxEywbS,MOOSPMv3Parser,1750944001,2,2,3,4,4,3,3,4,4,3,505,156,214936,29,23,2,23,23,0,0,23,0,20,18,35,39,20.85,127,2,36.138981,-120.368492,176.710999,6,600,58,3,e00fce6876826e255108c6bd,2025-06-26 13:20:02,2025-06-26 13:20:03,2025-06-26 13:20:03,2025-06-26
813,vbNLq5eF7W,MOOSPMv3Parser,1750944601,2,2,3,4,4,3,3,5,5,3,567,174,214958,34,24,3,24,24,0,0,24,0,20,19,36,41,19.995,164,2,36.139015,-120.36821,191.059006,6,600,58,3,e00fce6876826e255108c6bd,2025-06-26 13:30:02,2025-06-26 13:30:03,2025-06-26 13:30:03,2025-06-26
822,AH4OBDZYaR,MOOSPMv3Parser,1750945201,2,2,3,4,4,3,3,5,5,3,552,169,214979,32,24,2,24,24,0,0,24,0,20,19,36,40,19.792,181,2,36.139065,-120.368607,166.910995,7,600,58,3,e00fce6876826e255108c6bd,2025-06-26 13:40:03,2025-06-26 13:40:03,2025-06-26 13:40:03,2025-06-26
833,a02AkYdtVd,MOOSPMv3Parser,1750945801,2,2,3,4,4,3,3,5,5,3,546,170,215000,28,23,3,24,24,0,0,24,0,20,19,37,40,20.187,153,2,36.139004,-120.368233,185.781998,8,600,58,3,e00fce6876826e255108c6bd,2025-06-26 13:50:02,2025-06-26 13:50:03,2025-06-26 13:50:03,2025-06-26
845,87qRvV7Aug,MOOSPMv3Parser,1750946401,3,3,3,4,4,3,3,5,5,3,584,179,215023,34,25,3,25,25,0,0,25,0,22,19,36,43,18.438,185,2,36.139004,-120.368233,185.781998,0,600,58,3,e00fce6876826e255108c6bd,2025-06-26 14:00:03,2025-06-26 14:00:03,2025-06-26 14:00:03,2025-06-26
853,SAVwe5U1Ld,MOOSPMv3Parser,1750947001,2,2,3,4,4,3,3,5,5,3,565,173,215046,34,25,3,25,25,1,0,25,0,23,20,32,39,18.551,206,1,36.139015,-120.368446,166.882996,13,600,58,3,e00fce6876826e255108c6bd,2025-06-26 14:10:02,2025-06-26 14:10:03,2025-06-26 14:10:03,2025-06-26
863,PNB2tNcdO8,MOOSPMv3Parser,1750947601,3,3,3,5,5,4,4,6,6,4,601,185,215069,36,26,5,26,26,0,0,26,0,24,20,29,36,19.451,144,1,36.138996,-120.36834,176.645004,8,600,58,3,e00fce6876826e255108c6bd,2025-06-26 14:20:03,2025-06-26 14:20:03,2025-06-26 14:20:03,2025-06-26
872,S9O7G9slhp,MOOSPMv3Parser,1750948201,2,2,4,5,5,4,4,5,5,4,570,176,215093,35,29,5,29,29,0,0,29,0,25,21,28,37,18.746,140,2,36.138985,-120.368324,179.154999,7,600,58,3,e00fce6876826e255108c6bd,2025-06-26 14:30:02,2025-06-26 14:30:03,2025-06-26 14:30:03,2025-06-26
885,r4jlDSdroB,MOOSPMv3Parser,1750948801,3,3,4,5,5,4,4,6,6,4,630,195,215118,36,29,3,29,29,0,0,29,0,26,22,29,37,20.456,84,2,36.139057,-120.368446,175.320007,8,600,58,3,e00fce6876826e255108c6bd,2025-06-26 14:40:03,2025-06-26 14:40:03,2025-06-26 14:40:03,2025-06-26
895,FZ4gn9OC8q,MOOSPMv3Parser,1750949401,2,2,4,4,4,4,4,5,5,4,629,194,215143,35,28,3,28,28,0,0,28,0,27,23,27,36,21.35,50,3,36.139099,-120.36821,177.740005,6,600,58,3,e00fce6876826e255108c6bd,2025-06-26 14:50:03,2025-06-26 14:50:03,2025-06-26 14:50:03,2025-06-26
906,SDfY6CVm9p,MOOSPMv3Parser,1750950001,2,2,3,4,4,4,4,5,5,4,568,174,215166,34,27,3,27,27,0,0,27,0,28,24,25,32,21.078,54,3,36.139053,-120.368492,168.809998,9,600,58,3,e00fce6876826e255108c6bd,2025-06-26 15:00:03,2025-06-26 15:00:03,2025-06-26 15:00:03,2025-06-26
915,Qmij1we440,MOOSPMv3Parser,1750950601,2,2,3,4,4,3,3,4,4,3,564,174,215189,33,26,2,26,26,0,0,26,0,29,27,22,28,21.424,56,3,36.13895,-120.368446,169.832993,8,600,58,3,e00fce6876826e255108c6bd,2025-06-26 15:10:03,2025-06-26 15:10:03,2025-06-26 15:10:03,2025-06-26
926,VEFa3RNYbn,MOOSPMv3Parser,1750951201,2,2,3,4,4,3,3,4,4,3,547,166,215210,30,24,3,24,24,0,0,24,0,30,28,22,26,22.763,42,3,36.139038,-120.368378,185.878006,7,600,58,3,e00fce6876826e255108c6bd,2025-06-26 15:20:03,2025-06-26 15:20:03,2025-06-26 15:20:03,2025-06-26
936,tv6cpIcsMG,MOOSPMv3Parser,1750951801,2,2,3,3,3,3,3,4,4,3,566,173,215232,28,24,2,25,25,0,0,25,0,30,29,22,25,23.077,43,3,36.138939,-120.368423,168.867996,7,600,58,3,e00fce6876826e255108c6bd,2025-06-26 15:30:03,2025-06-26 15:30:03,2025-06-26 15:30:03,2025-06-26
943,JIkKngBwys,MOOSPMv3Parser,1750952401,2,2,4,4,4,4,4,4,4,4,556,169,215258,30,30,2,30,30,0,0,30,0,31,30,21,24,23.007,60,3,36.138981,-120.368118,185.432007,8,600,58,3,e00fce6876826e255108c6bd,2025-06-26 15:40:02,2025-06-26 15:40:03,2025-06-26 15:40:03,2025-06-26
953,77x67VI3qw,MOOSPMv3Parser,1750953001,2,2,5,4,4,5,5,5,5,5,592,180,215290,34,37,3,37,37,0,0,37,0,32,31,20,22,24.555,45,2,36.138981,-120.368118,185.434998,0,600,58,3,e00fce6876826e255108c6bd,2025-06-26 15:50:03,2025-06-26 15:50:03,2025-06-26 15:50:03,2025-06-26
965,krzQ7FiLEn,MOOSPMv3Parser,1750953601,2,2,12,4,4,13,13,4,4,13,581,177,215375,31,98,2,98,98,0,0,98,0,32,32,22,24,24.806,32,3,36.138954,-120.36834,160.261002,6,600,58,3,e00fce6876826e255108c6bd,2025-06-26 16:00:03,2025-06-26 16:00:03,2025-06-26 16:00:03,2025-06-26
974,7XHuBnG8u3,MOOSPMv3Parser,1750954201,2,2,3,4,4,3,3,4,4,3,572,175,215396,29,23,3,23,23,0,0,23,0,32,32,21,23,25.191,34,3,36.138882,-120.368469,151.003006,6,600,58,3,e00fce6876826e255108c6bd,2025-06-26 16:10:03,2025-06-26 16:10:03,2025-06-26 16:10:03,2025-06-26
983,mWLgOjP3Fe,MOOSPMv3Parser,1750954801,2,2,3,4,4,3,3,4,4,3,601,184,215415,30,22,2,22,22,0,0,22,0,32,33,20,21,25.386,32,3,36.139046,-120.368309,163.574005,7,600,58,3,e00fce6876826e255108c6bd,2025-06-26 16:20:03,2025-06-26 16:20:03,2025-06-26 16:20:03,2025-06-26
995,GwDZ6TgvcB,MOOSPMv3Parser,1750955401,2,2,3,4,4,3,3,4,4,3,602,185,215435,28,23,2,23,23,0,0,23,0,33,34,21,22,24.32,48,2,36.139061,-120.368385,157.065002,8,600,58,3,e00fce6876826e255108c6bd,2025-06-26 16:30:03,2025-06-26 16:30:03,2025-06-26 16:30:03,2025-06-26
1007,ncfD5CdqsC,MOOSPMv3Parser,1750956001,2,2,33,4,4,53,68,5,5,76,617,189,215617,34,240,3,259,263,0,0,264,0,33,35,20,21,25.033,51,2,36.138992,-120.36834,171.671997,10,600,58,3,e00fce6876826e255108c6bd,2025-06-26 16:40:03,2025-06-26 16:40:03,2025-06-26 16:40:03,2025-06-26
1016,GqztTp0eUB,MOOSPMv3Parser,1750956601,2,2,166,4,4,1004,1697,4,4,2037,596,183,215618,30,484,2,1304,1476,0,0,1515,1,33,36,22,21,25.847,51,2,36.138966,-120.368362,162.425995,11,600,58,3,e00fce6876826e255108c6bd,2025-06-26 16:50:03,2025-06-26 16:50:03,2025-06-26 16:50:03,2025-06-26
1023,MRmmcUP9lE,MOOSPMv3Parser,1750957201,2,2,181,4,4,1068,1800,4,4,2160,570,173,215618,31,552,2,1419,1602,0,0,1642,1,33,37,22,21,25.485,70,2,36.139057,-120.368477,176.910004,8,600,58,3,e00fce6876826e255108c6bd,2025-06-26 17:00:03,2025-06-26 17:00:03,2025-06-26 17:00:03,2025-06-26
1036,O9Jd6jxubK,MOOSPMv3Parser,1750957801,2,2,128,4,4,857,1460,4,4,1757,527,162,215618,33,289,3,1002,1153,0,0,1186,2,34,38,21,21,24.513,74,1,36.139023,-120.36837,165.880005,14,600,58,3,e00fce6876826e255108c6bd,2025-06-26 17:10:03,2025-06-26 17:10:03,2025-06-26 17:10:03,2025-06-26
1044,9CN0ErGWQI,MOOSPMv3Parser,1750958401,2,2,159,3,3,600,962,4,4,1140,529,162,216139,28,816,2,1246,1336,0,0,1356,1,34,38,21,20,25.485,72,1,36.138977,-120.368301,185.580994,10,600,58,3,e00fce6876826e255108c6bd,2025-06-26 17:20:08,2025-06-26 17:20:08,2025-06-26 17:20:08,2025-06-26
1057,ggZBMoZ5h6,MOOSPMv3Parser,1750959001,2,2,3,3,3,3,3,3,3,3,503,153,216161,27,25,2,25,25,0,0,25,0,34,39,21,19,25.394,73,1,36.139149,-120.368347,164.931,9,600,58,3,e00fce6876826e255108c6bd,2025-06-26 17:30:03,2025-06-26 17:30:03,2025-06-26 17:30:03,2025-06-26
1065,5rhFARRgV0,MOOSPMv3Parser,1750959601,2,2,2,4,4,3,3,4,4,3,508,156,216177,30,19,3,19,19,0,0,19,0,35,39,21,19,25.147,83,1,36.139149,-120.368347,164.934006,0,600,58,3,e00fce6876826e255108c6bd,2025-06-26 17:40:03,2025-06-26 17:40:03,2025-06-26 17:40:03,2025-06-26
1074,3J0gRjGFza,MOOSPMv3Parser,1750960201,2,2,2,3,3,2,2,3,3,2,480,147,216193,26,18,2,18,18,0,0,18,0,35,40,20,19,25.49,85,1,36.139042,-120.36834,167.899002,9,600,58,3,e00fce6876826e255108c6bd,2025-06-26 17:50:03,2025-06-26 17:50:03,2025-06-26 17:50:03,2025-06-26
1087,IGQBWanOLu,MOOSPMv3Parser,1750960801,2,2,2,3,3,2,2,4,4,2,498,153,216209,27,18,2,18,18,0,0,18,0,36,40,20,19,25.329,93,1,36.139053,-120.36834,159.229996,10,600,58,3,e00fce6876826e255108c6bd,2025-06-26 18:00:07,2025-06-26 18:00:07,2025-06-26 18:00:07,2025-06-26
1098,y5DsCzwkZq,MOOSPMv3Parser,1750961401,2,2,2,3,3,3,3,4,4,3,509,155,216225,27,19,2,19,19,0,0,19,0,36,41,20,18,25.258,103,1,36.138992,-120.36834,188.612,8,600,58,3,e00fce6876826e255108c6bd,2025-06-26 18:10:04,2025-06-26 18:10:04,2025-06-26 18:10:04,2025-06-26
1106,mszeh4ihFg,MOOSPMv3Parser,1750962001,2,2,2,3,3,2,2,3,3,2,516,155,216241,27,18,1,18,18,0,0,18,0,36,41,20,19,25.329,119,1,36.139076,-120.368431,165.981995,8,600,58,3,e00fce6876826e255108c6bd,2025-06-26 18:20:03,2025-06-26 18:20:03,2025-06-26 18:20:03,2025-06-26
1116,wbQmdGEagZ,MOOSPMv3Parser,1750962601,2,2,2,3,3,2,2,4,4,2,514,155,216257,28,18,2,18,18,0,0,18,0,37,41,18,17,25.444,117,1,36.139107,-120.368385,178.044998,9,600,58,3,e00fce6876826e255108c6bd,2025-06-26 18:30:03,2025-06-26 18:30:03,2025-06-26 18:30:03,2025-06-26
1125,84kuKnjlIn,MOOSPMv3Parser,1750963201,2,2,2,3,3,2,2,4,4,2,535,161,216273,27,18,2,18,18,0,0,18,0,37,42,19,18,26.537,117,1,36.139179,-120.368187,199.832993,7,600,58,3,e00fce6876826e255108c6bd,2025-06-26 18:40:03,2025-06-26 18:40:03,2025-06-26 18:40:03,2025-06-26
1135,3bnOaiNVwO,MOOSPMv3Parser,1750963801,2,2,2,3,3,3,3,3,3,3,527,159,216290,26,19,2,19,19,0,0,19,0,37,42,19,18,24.892,153,1,36.138977,-120.368385,161.522003,7,600,58,3,e00fce6876826e255108c6bd,2025-06-26 18:50:03,2025-06-26 18:50:03,2025-06-26 18:50:03,2025-06-26
1147,u8RoGg9aiC,MOOSPMv3Parser,1750964401,2,2,2,3,3,2,2,4,4,2,536,162,216306,29,17,2,17,17,0,0,17,0,38,42,18,17,25.346,144,1,36.138939,-120.368568,150.046005,8,600,58,3,e00fce6876826e255108c6bd,2025-06-26 19:00:03,2025-06-26 19:00:03,2025-06-26 19:00:03,2025-06-26
1156,dHF73GDJ8a,MOOSPMv3Parser,1750965001,2,2,2,3,3,2,2,3,3,2,503,152,216321,26,18,1,18,18,0,0,18,0,38,42,19,18,24.757,159,1,36.139019,-120.368454,154.348999,8,600,58,3,e00fce6876826e255108c6bd,2025-06-26 19:10:03,2025-06-26 19:10:04,2025-06-26 19:10:04,2025-06-26
1165,GSTce9U9ya,MOOSPMv3Parser,1750965601,2,2,2,3,3,2,2,3,3,2,504,150,216338,26,18,2,18,18,0,0,18,0,39,43,18,17,24.321,182,1,36.139034,-120.368492,145.238007,8,600,58,3,e00fce6876826e255108c6bd,2025-06-26 19:20:03,2025-06-26 19:20:03,2025-06-26 19:20:03,2025-06-26
1177,9sBFd8eW3b,MOOSPMv3Parser,1750966201,2,2,2,3,3,2,2,4,4,2,546,165,216354,26,17,1,17,17,0,0,17,0,39,43,18,17,24.355,202,1,36.139034,-120.368492,145.231995,0,600,58,3,e00fce6876826e255108c6bd,2025-06-26 19:30:04,2025-06-26 19:30:04,2025-06-26 19:30:04,2025-06-26
1187,VA1YbiA8aQ,MOOSPMv3Parser,1750966801,2,2,2,3,3,2,2,3,3,2,520,156,216370,25,17,2,17,17,0,0,17,0,40,44,17,16,23.646,252,1,36.139023,-120.368393,165.994995,9,600,58,3,e00fce6876826e255108c6bd,2025-06-26 19:40:04,2025-06-26 19:40:04,2025-06-26 19:40:04,2025-06-26
1196,pBkNejNMaH,MOOSPMv3Parser,1750967401,2,2,2,3,3,2,2,4,4,2,548,165,216385,28,16,2,16,16,0,0,16,0,40,44,16,16,24.809,234,1,36.139,-120.368393,164.348007,8,600,58,3,e00fce6876826e255108c6bd,2025-06-26 19:50:03,2025-06-26 19:50:03,2025-06-26 19:50:03,2025-06-26
1207,Z5dSGkeiLf,MOOSPMv3Parser,1750968001,2,2,2,3,3,2,2,3,3,2,524,160,216400,26,17,1,17,17,0,0,17,0,40,44,16,16,24.816,224,1,36.139019,-120.368378,166.496994,8,600,58,3,e00fce6876826e255108c6bd,2025-06-26 20:00:03,2025-06-26 20:00:03,2025-06-26 20:00:03,2025-06-26
1216,s07RJnD2FD,MOOSPMv3Parser,1750968601,2,2,2,3,3,2,2,4,4,2,563,168,216416,26,17,1,17,17,0,0,17,0,40,44,17,17,23.638,286,1,36.139038,-120.368362,172.682999,8,600,58,3,e00fce6876826e255108c6bd,2025-06-26 20:10:03,2025-06-26 20:10:03,2025-06-26 20:10:03,2025-06-26
1223,FvFt2xbyYI,MOOSPMv3Parser,1750969201,2,2,2,3,3,2,2,4,4,2,554,165,216432,27,17,1,17,17,0,0,17,0,40,45,16,16,25.083,272,1,36.139008,-120.368294,174.253006,8,600,58,3,e00fce6876826e255108c6bd,2025-06-26 20:20:03,2025-06-26 20:20:03,2025-06-26 20:20:03,2025-06-26
1237,0iuxRrAozE,MOOSPMv3Parser,1750969801,2,2,2,3,3,2,2,4,4,2,526,156,216448,25,16,1,16,16,0,0,16,0,40,45,17,16,25.707,250,1,36.139099,-120.368599,151.059998,7,600,58,3,e00fce6876826e255108c6bd,2025-06-26 20:30:04,2025-06-26 20:30:04,2025-06-26 20:30:04,2025-06-26
1246,WpM5JuR3Vy,MOOSPMv3Parser,1750970401,2,2,2,3,3,2,2,4,4,2,546,160,216463,25,17,1,17,17,0,0,17,0,40,45,16,16,25.341,246,1,36.139046,-120.368393,172.322006,8,600,58,3,e00fce6876826e255108c6bd,2025-06-26 20:40:03,2025-06-26 20:40:03,2025-06-26 20:40:03,2025-06-26
1255,rJFWfqVWYg,MOOSPMv3Parser,1750971001,2,2,2,4,4,2,2,4,4,2,571,169,216479,24,18,1,18,18,0,0,18,0,40,44,16,15,26.224,242,1,36.139004,-120.368546,159.776993,7,600,58,3,e00fce6876826e255108c6bd,2025-06-26 20:50:03,2025-06-26 20:50:03,2025-06-26 20:50:03,2025-06-26
1265,E20QDcLjuy,MOOSPMv3Parser,1750971601,2,2,2,3,3,2,2,4,4,2,552,162,216495,26,16,2,17,17,0,0,17,0,40,45,17,16,24.852,256,1,36.139,-120.368271,176.203995,7,600,58,3,e00fce6876826e255108c6bd,2025-06-26 21:00:03,2025-06-26 21:00:03,2025-06-26 21:00:03,2025-06-26
1277,1zaXBMr0cD,MOOSPMv3Parser,1750972201,2,2,2,3,3,2,2,3,3,2,527,157,216511,28,18,1,18,18,0,0,18,0,41,45,15,16,24.125,280,1,36.139111,-120.368233,192.570007,5,600,58,3,e00fce6876826e255108c6bd,2025-06-26 21:10:04,2025-06-26 21:10:04,2025-06-26 21:10:04,2025-06-26
1287,jhOY2W1Z45,MOOSPMv3Parser,1750972801,2,2,2,3,3,2,2,4,4,2,531,157,216526,26,16,2,16,16,0,0,16,0,42,45,16,16,24.186,290,1,36.139111,-120.368233,192.570007,0,600,58,3,e00fce6876826e255108c6bd,2025-06-26 21:20:03,2025-06-26 21:20:04,2025-06-26 21:20:04,2025-06-26
1296,K938H0sHWr,MOOSPMv3Parser,1750973401,2,2,2,3,3,2,2,3,3,2,545,159,216542,24,17,2,17,17,0,0,17,0,42,45,15,15,24.334,293,1,36.139027,-120.368324,179.817001,5,600,58,3,e00fce6876826e255108c6bd,2025-06-26 21:30:03,2025-06-26 21:30:03,2025-06-26 21:30:03,2025-06-26
1308,4oXAWAAiZb,MOOSPMv3Parser,1750974001,2,2,2,3,3,2,2,3,3,2,522,150,216557,25,17,1,17,17,0,0,17,0,42,46,14,15,24.928,280,1,36.138996,-120.368408,152.886002,6,600,58,3,e00fce6876826e255108c6bd,2025-06-26 21:40:20,2025-06-26 21:40:20,2025-06-26 21:40:20,2025-06-26
1316,DvVPap6BMt,MOOSPMv3Parser,1750974601,2,2,2,3,3,2,2,3,3,2,539,157,216572,24,16,1,16,16,0,0,16,0,42,46,14,14,24.735,283,1,36.139027,-120.368332,177.753998,5,600,58,3,e00fce6876826e255108c6bd,2025-06-26 21:50:03,2025-06-26 21:50:03,2025-06-26 21:50:03,2025-06-26
1328,EMuyj7tKk8,MOOSPMv3Parser,1750975201,2,2,2,3,3,2,2,3,3,2,545,159,216586,27,15,1,15,15,0,0,15,0,42,46,15,15,24.641,279,1,36.139042,-120.368378,161.727005,5,600,58,3,e00fce6876826e255108c6bd,2025-06-26 22:00:05,2025-06-26 22:00:05,2025-06-26 22:00:05,2025-06-26
1334,1IZhadG5sA,MOOSPMv3Parser,1750975801,2,2,2,3,3,2,2,3,3,2,519,149,216601,25,16,1,16,16,0,0,16,0,42,46,14,14,24.465,294,1,36.139015,-120.368362,157.490997,9,600,58,3,e00fce6876826e255108c6bd,2025-06-26 22:10:03,2025-06-26 22:10:03,2025-06-26 22:10:03,2025-06-26
1344,tZXmYfHYPc,MOOSPMv3Parser,1750976401,2,2,2,3,3,2,2,3,3,2,502,143,216616,25,16,1,16,16,0,0,16,0,42,46,14,14,24.471,276,1,36.139042,-120.368355,174.041,7,600,58,3,e00fce6876826e255108c6bd,2025-06-26 22:20:03,2025-06-26 22:20:03,2025-06-26 22:20:03,2025-06-26
1357,o3oHkBgzKu,MOOSPMv3Parser,1750977001,2,2,2,3,3,2,2,3,3,2,484,140,216629,23,15,2,15,15,0,0,15,0,42,46,14,14,25.407,252,1,36.138985,-120.3685,167.671997,9,600,58,3,e00fce6876826e255108c6bd,2025-06-26 22:30:04,2025-06-26 22:30:04,2025-06-26 22:30:04,2025-06-26
1367,MwULMEaD4p,MOOSPMv3Parser,1750977601,1,1,2,3,3,2,2,3,3,2,458,131,216643,21,15,1,15,15,0,0,15,0,42,45,14,14,25.187,244,1,36.138985,-120.3685,167.675995,0,600,58,3,e00fce6876826e255108c6bd,2025-06-26 22:40:03,2025-06-26 22:40:04,2025-06-26 22:40:04,2025-06-26
1378,MjjjsIJqAU,MOOSPMv3Parser,1750978201,2,2,2,3,3,2,2,3,3,2,469,135,216656,24,15,1,15,15,0,0,15,0,42,45,14,14,24.453,254,1,36.139023,-120.368454,168.388,6,600,58,3,e00fce6876826e255108c6bd,2025-06-26 22:50:09,2025-06-26 22:50:09,2025-06-26 22:50:09,2025-06-26
1386,BCCZfdKPRU,MOOSPMv3Parser,1750978801,1,1,2,2,2,2,2,2,2,2,435,123,216670,19,15,1,15,15,0,0,15,0,42,45,14,15,26.226,202,1,36.139019,-120.368256,187.522003,8,600,58,3,e00fce6876826e255108c6bd,2025-06-26 23:00:03,2025-06-26 23:00:03,2025-06-26 23:00:03,2025-06-26
1397,NcVGvU4AG9,MOOSPMv3Parser,1750979401,1,1,2,2,2,2,2,3,3,2,433,127,216683,21,15,1,15,15,0,0,15,0,42,45,14,15,24.904,199,1,36.139008,-120.368095,192.416,7,600,58,3,e00fce6876826e255108c6bd,2025-06-26 23:10:03,2025-06-26 23:10:04,2025-06-26 23:10:04,2025-06-26
1407,YYJlzZKcnY,MOOSPMv3Parser,1750980001,1,1,2,2,2,2,2,3,3,2,429,126,216697,20,15,1,15,15,0,0,15,0,42,44,14,15,26.394,172,1,36.139019,-120.368362,163.718002,7,600,58,3,e00fce6876826e255108c6bd,2025-06-26 23:20:03,2025-06-26 23:20:03,2025-06-26 23:20:03,2025-06-26
1417,HEYTHYmtLR,MOOSPMv3Parser,1750980601,1,1,2,2,2,2,2,3,3,2,445,131,216712,23,16,1,16,16,0,0,16,0,41,44,15,15,25.542,169,1,36.138988,-120.36834,166.787003,6,600,58,3,e00fce6876826e255108c6bd,2025-06-26 23:30:03,2025-06-26 23:30:03,2025-06-26 23:30:03,2025-06-26
1425,9AseqstqYe,MOOSPMv3Parser,1750981201,1,1,2,2,2,2,2,3,3,2,414,122,216726,22,15,1,15,15,0,0,15,0,41,43,15,16,25.874,142,1,36.139,-120.368332,179.197006,7,600,58,3,e00fce6876826e255108c6bd,2025-06-26 23:40:03,2025-06-26 23:40:03,2025-06-26 23:40:03,2025-06-26
1437,3upLrhABLS,MOOSPMv3Parser,1750981801,1,1,2,2,2,2,2,3,3,2,419,123,216740,21,15,2,16,16,0,0,16,0,41,43,15,16,25.849,135,1,36.138954,-120.368286,188.949997,5,600,58,3,e00fce6876826e255108c6bd,2025-06-26 23:50:03,2025-06-26 23:50:03,2025-06-26 23:50:03,2025-06-26
10,d4Y3TFZjfI,MOOSPMv3Parser,1750982401,1,1,2,2,2,2,2,3,3,2,410,124,216755,23,16,3,16,16,0,0,16,0,41,43,16,17,25.526,117,1,36.138996,-120.368393,164.565994,5,600,58,3,e00fce6876826e255108c6bd,2025-06-27 00:00:08,2025-06-27 00:00:09,2025-06-27 00:00:09,2025-06-27
19,yyKL8GXb90,MOOSPMv3Parser,1750983001,1,1,2,3,3,2,2,3,3,2,423,127,216771,25,17,2,17,17,0,0,17,0,41,42,16,17,26.37,99,1,36.139,-120.368423,153.936005,7,600,58,3,e00fce6876826e255108c6bd,2025-06-27 00:10:03,2025-06-27 00:10:03,2025-06-27 00:10:03,2025-06-27
28,Q0kGSHnIvR,MOOSPMv3Parser,1750983601,1,1,2,3,3,2,2,3,3,2,421,126,216787,23,18,2,18,18,0,0,18,0,40,42,17,18,26.072,94,1,36.139061,-120.36834,170.037994,6,600,58,3,e00fce6876826e255108c6bd,2025-06-27 00:20:03,2025-06-27 00:20:03,2025-06-27 00:20:03,2025-06-27
40,0fAVL6VpNT,MOOSPMv3Parser,1750984201,1,1,2,3,3,2,2,3,3,2,452,135,216803,26,19,2,19,19,0,0,19,0,40,41,17,19,25.834,82,1,36.139061,-120.36834,170.031998,0,600,58,3,e00fce6876826e255108c6bd,2025-06-27 00:30:09,2025-06-27 00:30:09,2025-06-27 00:30:09,2025-06-27
48,BNpRUqen5F,MOOSPMv3Parser,1750984801,1,1,3,3,3,3,3,3,3,3,447,135,216820,30,20,2,20,20,0,0,20,0,40,41,17,19,25.501,74,1,36.139027,-120.368309,181.804001,8,600,58,3,e00fce6876826e255108c6bd,2025-06-27 00:40:03,2025-06-27 00:40:03,2025-06-27 00:40:03,2025-06-27
56,MvCt6uHKyw,MOOSPMv3Parser,1750985401,2,2,3,3,3,3,3,3,3,3,501,150,216837,31,21,2,21,21,0,0,21,0,40,41,17,19,26.863,55,1,36.139011,-120.368263,179.070007,7,600,58,3,e00fce6876826e255108c6bd,2025-06-27 00:50:03,2025-06-27 00:50:03,2025-06-27 00:50:03,2025-06-27
68,8qxGaHXYOB,MOOSPMv3Parser,1750986001,2,2,3,3,3,3,3,4,4,3,519,157,216856,30,21,2,21,21,0,0,21,0,40,40,18,20,27.25,44,1,36.139015,-120.368431,167.182007,5,600,58,3,e00fce6876826e255108c6bd,2025-06-27 01:00:04,2025-06-27 01:00:04,2025-06-27 01:00:04,2025-06-27
78,EuPDNr6Bqo,MOOSPMv3Parser,1750986601,2,2,3,4,4,4,4,4,4,4,563,171,216879,35,26,1,26,26,0,0,26,0,39,40,19,21,28.377,36,1,36.139046,-120.368294,177.033005,7,600,58,3,e00fce6876826e255108c6bd,2025-06-27 01:10:03,2025-06-27 01:10:03,2025-06-27 01:10:03,2025-06-27
89,i0MJ3gDrT5,MOOSPMv3Parser,1750987201,3,3,4,5,5,4,4,5,5,4,663,202,216903,39,28,2,28,28,0,0,28,0,39,39,19,21,27.317,34,1,36.139027,-120.368279,173.535995,7,600,58,3,e00fce6876826e255108c6bd,2025-06-27 01:20:03,2025-06-27 01:20:03,2025-06-27 01:20:03,2025-06-27
98,WdntXTW0HA,MOOSPMv3Parser,1750987801,3,3,4,5,5,4,4,5,5,4,632,191,216926,38,27,3,28,28,0,0,28,0,39,39,20,22,27.49,34,1,36.13908,-120.368347,172.854004,11,600,58,3,e00fce6876826e255108c6bd,2025-06-27 01:30:03,2025-06-27 01:30:03,2025-06-27 01:30:03,2025-06-27
110,PWHHGQNyBp,MOOSPMv3Parser,1750988401,2,2,3,4,4,3,3,4,4,3,512,156,216943,28,21,3,21,21,0,0,21,0,38,38,21,23,27.882,28,1,36.139069,-120.36837,162.694,9,600,58,3,e00fce6876826e255108c6bd,2025-06-27 01:40:04,2025-06-27 01:40:05,2025-06-27 01:40:05,2025-06-27
117,HKFg1urmEY,MOOSPMv3Parser,1750989001,2,2,3,3,3,3,3,3,3,3,474,145,216960,26,20,1,20,20,0,0,20,0,37,38,22,24,27.849,26,1,36.139038,-120.368332,188.309006,7,600,58,3,e00fce6876826e255108c6bd,2025-06-27 01:50:03,2025-06-27 01:50:03,2025-06-27 01:50:03,2025-06-27
129,RGTkcGwhTd,MOOSPMv3Parser,1750989601,1,1,2,3,3,2,2,3,3,2,434,132,216976,26,18,2,18,18,0,0,18,0,37,37,22,24,27.574,24,1,36.139019,-120.368385,170.444,9,600,58,3,e00fce6876826e255108c6bd,2025-06-27 02:00:03,2025-06-27 02:00:03,2025-06-27 02:00:03,2025-06-27
139,dD5WyM81hO,MOOSPMv3Parser,1750990201,1,1,2,2,2,2,2,3,3,2,422,129,216992,23,19,2,19,19,0,0,19,0,37,37,22,24,27.725,23,2,36.139057,-120.368378,175.817993,7,600,58,3,e00fce6876826e255108c6bd,2025-06-27 02:10:04,2025-06-27 02:10:04,2025-06-27 02:10:04,2025-06-27
149,CM09fNCnRQ,MOOSPMv3Parser,1750990801,1,1,2,3,3,3,3,3,3,3,451,137,217008,26,19,2,19,19,0,0,19,0,36,36,23,25,26.58,25,2,36.139057,-120.36837,175.820007,0,600,58,3,e00fce6876826e255108c6bd,2025-06-27 02:20:03,2025-06-27 02:20:04,2025-06-27 02:20:04,2025-06-27
158,JYq1OBTLtT,MOOSPMv3Parser,1750991401,1,1,2,2,2,2,2,3,3,2,387,117,217024,23,18,1,18,18,0,0,18,0,36,36,24,26,27.57,24,2,36.139027,-120.368416,177.358994,6,600,58,3,e00fce6876826e255108c6bd,2025-06-27 02:30:03,2025-06-27 02:30:03,2025-06-27 02:30:03,2025-06-27
169,VahdokDvA3,MOOSPMv3Parser,1750992001,1,1,2,2,2,2,2,3,3,2,398,122,217040,23,17,2,17,17,0,0,17,0,35,35,25,26,27.74,21,2,36.139038,-120.368408,158.054001,7,600,58,3,e00fce6876826e255108c6bd,2025-06-27 02:40:03,2025-06-27 02:40:04,2025-06-27 02:40:04,2025-06-27
179,Dlubpgh1Ny,MOOSPMv3Parser,1750992601,1,1,2,3,3,2,2,3,3,2,407,124,217056,26,17,2,17,17,0,0,17,0,34,35,25,27,29.044,16,2,36.139053,-120.36853,165.350998,5,600,58,3,e00fce6876826e255108c6bd,2025-06-27 02:50:03,2025-06-27 02:50:03,2025-06-27 02:50:03,2025-06-27
189,cN4kPTDRgG,MOOSPMv3Parser,1750993201,1,1,2,3,3,3,3,3,3,3,424,130,217072,26,19,2,19,19,0,0,19,0,34,34,26,27,27.959,17,3,36.13895,-120.368187,161.384003,6,600,58,3,e00fce6876826e255108c6bd,2025-06-27 03:00:03,2025-06-27 03:00:03,2025-06-27 03:00:03,2025-06-27
198,FfV7O05kR4,MOOSPMv3Parser,1750993801,2,2,3,3,3,3,3,4,4,3,461,142,217092,30,22,3,23,23,0,0,23,0,33,34,26,27,27.432,17,3,36.138935,-120.368355,164.014008,7,600,58,3,e00fce6876826e255108c6bd,2025-06-27 03:10:04,2025-06-27 03:10:04,2025-06-27 03:10:04,2025-06-27
209,dPgzkuIHej,MOOSPMv3Parser,1750994401,2,2,3,4,4,3,3,4,4,3,482,148,217113,31,24,2,24,24,0,0,24,0,33,33,26,28,26.906,21,3,36.139011,-120.36834,151.149002,5,600,58,3,e00fce6876826e255108c6bd,2025-06-27 03:20:03,2025-06-27 03:20:04,2025-06-27 03:20:04,2025-06-27
219,MB5SABpORA,MOOSPMv3Parser,1750995001,2,2,3,4,4,4,4,4,4,4,509,158,217138,34,27,3,27,27,0,0,27,0,32,33,27,28,27.369,19,3,36.139057,-120.368469,163.421997,8,600,58,3,e00fce6876826e255108c6bd,2025-06-27 03:30:04,2025-06-27 03:30:04,2025-06-27 03:30:04,2025-06-27
229,EJxCeh0FqN,MOOSPMv3Parser,1750995601,2,2,3,4,4,3,3,5,5,3,496,152,217161,35,26,3,26,26,0,0,26,0,32,32,28,29,27.619,16,3,36.139065,-120.368393,174.080002,6,600,58,3,e00fce6876826e255108c6bd,2025-06-27 03:40:03,2025-06-27 03:40:03,2025-06-27 03:40:03,2025-06-27
239,8MvxPtrVFB,MOOSPMv3Parser,1750996201,2,2,3,3,3,3,3,4,4,3,486,150,217184,29,25,2,25,25,1,0,25,0,31,32,28,29,27.637,17,4,36.138927,-120.368217,188.804001,6,600,58,3,e00fce6876826e255108c6bd,2025-06-27 03:50:04,2025-06-27 03:50:04,2025-06-27 03:50:04,2025-06-27
250,K0Sl47rFXP,MOOSPMv3Parser,1750996801,2,2,3,4,4,4,4,5,5,4,521,161,217208,34,26,4,27,27,0,0,27,0,31,31,29,30,27.472,18,4,36.139023,-120.36837,185.404007,7,600,58,3,e00fce6876826e255108c6bd,2025-06-27 04:00:09,2025-06-27 04:00:10,2025-06-27 04:00:10,2025-06-27
260,zuBhuQAJnx,MOOSPMv3Parser,1750997401,2,2,4,5,5,4,4,6,6,4,545,168,217232,37,29,6,29,29,0,0,30,1,31,31,29,31,27.649,20,4,36.139023,-120.36837,185.404007,0,600,58,3,e00fce6876826e255108c6bd,2025-06-27 04:10:04,2025-06-27 04:10:04,2025-06-27 04:10:04,2025-06-27
270,bwqwzivtiI,MOOSPMv3Parser,1750998001,2,2,3,4,4,4,4,4,4,4,492,153,217256,34,27,4,27,27,0,0,27,1,31,31,29,31,27.41,21,4,36.13905,-120.36837,167.388,7,600,58,3,e00fce6876826e255108c6bd,2025-06-27 04:20:04,2025-06-27 04:20:04,2025-06-27 04:20:04,2025-06-27
280,komqbcZA97,MOOSPMv3Parser,1750998601,2,2,3,3,3,3,3,4,4,3,481,148,217277,29,24,2,24,24,0,0,24,0,30,30,28,30,25.572,32,4,36.138958,-120.368332,180.485992,7,600,58,3,e00fce6876826e255108c6bd,2025-06-27 04:30:10,2025-06-27 04:30:10,2025-06-27 04:30:10,2025-06-27
290,zXkLkba77P,MOOSPMv3Parser,1750999201,2,2,3,4,4,3,3,4,4,3,511,159,217300,32,26,3,26,26,0,0,26,0,30,30,30,32,24.034,68,4,36.138973,-120.368362,170.171005,7,600,58,3,e00fce6876826e255108c6bd,2025-06-27 04:40:04,2025-06-27 04:40:04,2025-06-27 04:40:04,2025-06-27
300,pAV3Tqxdz2,MOOSPMv3Parser,1750999801,2,2,3,4,4,4,4,5,5,4,479,149,217324,34,26,4,26,26,0,0,26,0,30,29,31,32,24.496,54,4,36.139019,-120.368248,193.203003,7,600,58,3,e00fce6876826e255108c6bd,2025-06-27 04:50:04,2025-06-27 04:50:04,2025-06-27 04:50:04,2025-06-27
310,8dHS9NA8pO,MOOSPMv3Parser,1751000401,2,2,4,4,4,4,4,5,5,4,508,157,217350,36,29,5,29,29,0,0,29,0,29,29,32,33,23.774,48,4,36.139019,-120.36837,166.203995,8,600,58,3,e00fce6876826e255108c6bd,2025-06-27 05:00:04,2025-06-27 05:00:04,2025-06-27 05:00:04,2025-06-27
320,fMhIUmzF7u,MOOSPMv3Parser,1751001001,2,2,3,4,4,3,3,4,4,3,503,155,217372,33,25,3,25,25,0,0,25,0,28,29,33,34,22.891,74,3,36.138988,-120.368355,171.005005,6,600,58,3,e00fce6876826e255108c6bd,2025-06-27 05:10:07,2025-06-27 05:10:08,2025-06-27 05:10:08,2025-06-27
330,DO5XPbWvE2,MOOSPMv3Parser,1751001601,2,2,4,3,3,4,4,4,4,4,494,153,217397,33,28,2,29,29,0,0,29,0,28,28,34,35,22.274,129,3,36.139023,-120.368355,180.664993,6,600,58,3,e00fce6876826e255108c6bd,2025-06-27 05:20:04,2025-06-27 05:20:04,2025-06-27 05:20:04,2025-06-27
340,jfcl4EWF9v,MOOSPMv3Parser,1751002201,2,2,3,4,4,4,4,4,4,4,499,151,217420,31,27,3,27,27,0,0,27,0,27,28,35,37,21.768,141,2,36.139076,-120.368378,165.281998,5,600,58,3,e00fce6876826e255108c6bd,2025-06-27 05:30:04,2025-06-27 05:30:04,2025-06-27 05:30:04,2025-06-27
350,H6UUp4BEAC,MOOSPMv3Parser,1751002801,2,2,3,3,3,4,4,4,4,4,471,147,217444,31,27,3,27,27,0,0,27,0,27,27,35,36,20.524,186,2,36.139053,-120.368355,189.852997,5,600,58,3,e00fce6876826e255108c6bd,2025-06-27 05:40:09,2025-06-27 05:40:10,2025-06-27 05:40:10,2025-06-27
360,16I3CDx4hu,MOOSPMv3Parser,1751003401,1,1,3,3,3,3,3,3,3,3,425,131,217465,27,24,3,24,24,0,0,24,0,27,27,31,33,19.244,246,2,36.139053,-120.368355,189.850998,0,600,58,3,e00fce6876826e255108c6bd,2025-06-27 05:50:04,2025-06-27 05:50:04,2025-06-27 05:50:04,2025-06-27
369,RdyVrH6IcW,MOOSPMv3Parser,1751004001,1,1,3,3,3,3,3,4,4,3,391,120,217483,29,21,4,21,21,0,0,21,1,27,27,32,35,20.281,122,1,36.139046,-120.368393,172.235992,7,600,58,3,e00fce6876826e255108c6bd,2025-06-27 06:00:04,2025-06-27 06:00:04,2025-06-27 06:00:04,2025-06-27
379,g2KSSMbBWB,MOOSPMv3Parser,1751004601,1,1,3,3,3,3,3,3,3,3,407,127,217502,32,23,2,23,23,0,0,23,0,27,27,31,34,18.901,185,1,36.139004,-120.368401,178.089996,6,600,58,3,e00fce6876826e255108c6bd,2025-06-27 06:10:04,2025-06-27 06:10:04,2025-06-27 06:10:04,2025-06-27
390,m1Ke6L8MQX,MOOSPMv3Parser,1751005201,1,1,3,2,2,3,3,3,3,3,379,117,217520,25,21,2,21,21,0,0,21,0,27,26,31,33,18.891,177,1,36.139076,-120.368263,194.513,6,600,58,3,e00fce6876826e255108c6bd,2025-06-27 06:20:04,2025-06-27 06:20:05,2025-06-27 06:20:05,2025-06-27
400,YgGFn5zD4h,MOOSPMv3Parser,1751005801,1,1,3,3,3,3,3,3,3,3,384,120,217539,29,22,2,22,22,0,0,22,0,27,26,31,33,18.864,223,1,36.139053,-120.368378,184.746994,10,600,58,3,e00fce6876826e255108c6bd,2025-06-27 06:30:08,2025-06-27 06:30:09,2025-06-27 06:30:09,2025-06-27
410,ZuRfhisuJN,MOOSPMv3Parser,1751006401,1,1,3,2,2,3,3,3,3,3,378,118,217558,26,21,2,21,21,0,0,21,0,26,26,32,34,17.768,379,1,36.139091,-120.368317,183.729996,5,600,58,3,e00fce6876826e255108c6bd,2025-06-27 06:40:20,2025-06-27 06:40:21,2025-06-27 06:40:21,2025-06-27
420,JaUkkNNOQP,MOOSPMv3Parser,1751007001,1,1,3,2,2,3,3,3,3,3,376,115,217575,25,21,2,22,22,0,0,22,0,26,26,33,35,18.147,386,1,36.13905,-120.368141,187.201004,9,600,58,3,e00fce6876826e255108c6bd,2025-06-27 06:50:04,2025-06-27 06:50:04,2025-06-27 06:50:04,2025-06-27
430,ysDGBJfOuZ,MOOSPMv3Parser,1751007601,1,1,3,3,3,3,3,4,4,3,468,145,217598,29,25,2,25,25,0,0,25,0,26,25,32,35,18.069,407,1,36.139019,-120.368393,167.494003,8,600,58,3,e00fce6876826e255108c6bd,2025-06-27 07:00:04,2025-06-27 07:00:05,2025-06-27 07:00:05,2025-06-27
440,YrMJ4IK2aI,MOOSPMv3Parser,1751008201,2,2,3,3,3,4,4,4,4,4,462,144,217620,29,26,2,26,26,0,0,26,0,26,25,33,36,18.516,342,1,36.138988,-120.368469,163.727005,7,600,58,3,e00fce6876826e255108c6bd,2025-06-27 07:10:04,2025-06-27 07:10:04,2025-06-27 07:10:04,2025-06-27
450,0M3uMBt4ae,MOOSPMv3Parser,1751008801,1,1,3,3,3,3,3,4,4,3,430,132,217643,31,25,3,25,25,0,0,25,0,25,25,35,37,17.865,360,1,36.139061,-120.36853,154.695999,7,600,58,3,e00fce6876826e255108c6bd,2025-06-27 07:20:04,2025-06-27 07:20:04,2025-06-27 07:20:04,2025-06-27
460,JEp3v5MoH6,MOOSPMv3Parser,1751009401,1,1,4,3,3,4,4,3,3,4,415,127,217668,26,30,3,30,30,0,0,30,1,25,24,36,38,17.279,348,1,36.139034,-120.368362,180.673996,10,600,58,3,e00fce6876826e255108c6bd,2025-06-27 07:30:04,2025-06-27 07:30:04,2025-06-27 07:30:04,2025-06-27
470,oY5Zwt1QhX,MOOSPMv3Parser,1751010001,1,1,3,3,3,3,3,3,3,3,396,122,217688,27,23,2,24,24,0,0,24,0,24,24,35,36,17.358,298,1,36.139034,-120.368362,180.673004,0,600,58,3,e00fce6876826e255108c6bd,2025-06-27 07:40:03,2025-06-27 07:40:04,2025-06-27 07:40:04,2025-06-27
480,KaEfYn1DFG,MOOSPMv3Parser,1751010601,1,1,3,3,3,3,3,4,4,3,416,128,217708,27,23,3,23,23,0,0,23,0,24,24,36,37,16.442,421,1,36.138947,-120.368294,178.257004,8,600,58,3,e00fce6876826e255108c6bd,2025-06-27 07:50:08,2025-06-27 07:50:08,2025-06-27 07:50:08,2025-06-27
490,1BLMWaEBbQ,MOOSPMv3Parser,1751011201,1,1,3,3,3,3,3,4,4,3,408,127,217727,27,23,3,23,23,0,0,23,0,24,24,37,39,15.416,485,1,36.13905,-120.368431,166.251999,7,600,58,3,e00fce6876826e255108c6bd,2025-06-27 08:00:04,2025-06-27 08:00:04,2025-06-27 08:00:04,2025-06-27
500,1TABDPObfo,MOOSPMv3Parser,1751011801,1,1,3,3,3,3,3,4,4,3,406,125,217748,28,24,3,24,24,0,0,24,0,24,23,39,41,14.277,494,1,36.139122,-120.36837,161.906998,6,600,58,3,e00fce6876826e255108c6bd,2025-06-27 08:10:03,2025-06-27 08:10:04,2025-06-27 08:10:04,2025-06-27
510,onzduQOlDg,MOOSPMv3Parser,1751012401,1,1,3,3,3,3,3,4,4,3,443,137,217770,31,25,4,25,25,0,0,25,0,23,23,43,44,13.44,498,1,36.139004,-120.368378,167.367004,7,600,58,3,e00fce6876826e255108c6bd,2025-06-27 08:20:04,2025-06-27 08:20:04,2025-06-27 08:20:04,2025-06-27
520,8PZ2jc7V7x,MOOSPMv3Parser,1751013001,1,1,3,3,3,3,3,4,4,3,445,137,217791,29,25,4,25,25,0,0,25,0,23,23,43,45,13.822,497,1,36.139065,-120.368423,151.772995,7,600,58,3,e00fce6876826e255108c6bd,2025-06-27 08:30:03,2025-06-27 08:30:04,2025-06-27 08:30:04,2025-06-27
530,QfcvxjytZQ,MOOSPMv3Parser,1751013601,1,1,3,3,3,3,3,4,4,3,431,133,217814,30,25,2,25,25,0,0,25,0,23,23,45,46,13.02,497,1,36.139015,-120.368454,176.656998,13,600,58,3,e00fce6876826e255108c6bd,2025-06-27 08:40:03,2025-06-27 08:40:03,2025-06-27 08:40:03,2025-06-27
540,41rWkA8ool,MOOSPMv3Parser,1751014201,2,2,3,3,3,3,3,4,4,3,445,139,217835,31,24,3,24,24,0,0,24,0,22,22,41,42,12.809,498,1,36.139027,-120.368362,176.063004,7,600,58,3,e00fce6876826e255108c6bd,2025-06-27 08:50:08,2025-06-27 08:50:09,2025-06-27 08:50:09,2025-06-27
550,1lOneoi9vK,MOOSPMv3Parser,1751014801,2,2,3,3,3,3,3,4,4,3,428,132,217856,30,24,2,24,24,0,0,24,0,22,22,42,44,12.768,498,1,36.138985,-120.368462,156.923004,9,600,58,3,e00fce6876826e255108c6bd,2025-06-27 09:00:04,2025-06-27 09:00:04,2025-06-27 09:00:04,2025-06-27
559,hAIOizKRYT,MOOSPMv3Parser,1751015401,2,2,3,3,3,3,3,4,4,3,446,138,217879,28,26,3,26,26,0,0,26,0,22,22,40,41,13.302,498,1,36.138988,-120.368317,180.162994,9,600,58,3,e00fce6876826e255108c6bd,2025-06-27 09:10:04,2025-06-27 09:10:04,2025-06-27 09:10:04,2025-06-27
570,mCROPZ7IBE,MOOSPMv3Parser,1751016001,2,2,3,3,3,3,3,4,4,3,423,130,217901,31,25,3,25,25,0,0,25,0,22,22,42,43,13.398,497,1,36.138988,-120.368301,182.434998,9,600,58,3,e00fce6876826e255108c6bd,2025-06-27 09:20:03,2025-06-27 09:20:04,2025-06-27 09:20:04,2025-06-27
580,1rTR2dXdgH,MOOSPMv3Parser,1751016601,1,1,3,3,3,3,3,3,3,3,395,120,217922,27,24,2,24,24,0,0,24,0,21,21,43,44,12.35,498,1,36.138988,-120.368301,182.432999,0,600,58,3,e00fce6876826e255108c6bd,2025-06-27 09:30:03,2025-06-27 09:30:04,2025-06-27 09:30:04,2025-06-27
590,dG5qAh5Mqg,MOOSPMv3Parser,1751017201,2,2,3,3,3,3,3,4,4,3,398,123,217944,27,25,3,25,25,0,0,25,0,22,21,44,46,12.484,499,1,36.138981,-120.368317,177.018997,12,600,58,3,e00fce6876826e255108c6bd,2025-06-27 09:40:04,2025-06-27 09:40:04,2025-06-27 09:40:04,2025-06-27
599,UwHijy3tCJ,MOOSPMv3Parser,1751017801,1,1,3,3,3,3,3,4,4,3,410,127,217966,29,25,2,25,25,0,0,25,0,21,21,44,46,12.427,499,1,36.139038,-120.368301,176.878998,7,600,58,3,e00fce6876826e255108c6bd,2025-06-27 09:50:04,2025-06-27 09:50:04,2025-06-27 09:50:04,2025-06-27
610,rgebWpmSVJ,MOOSPMv3Parser,1751018401,2,2,3,4,4,3,3,4,4,3,452,140,217989,30,25,4,25,25,0,0,25,0,21,21,44,45,12.234,499,1,36.139019,-120.368256,171.417007,7,600,58,3,e00fce6876826e255108c6bd,2025-06-27 10:00:04,2025-06-27 10:00:04,2025-06-27 10:00:04,2025-06-27
620,8c1NSrnQ2H,MOOSPMv3Parser,1751019001,1,1,3,3,3,3,3,3,3,3,394,121,218011,26,24,2,24,24,0,0,24,1,21,21,44,46,12.248,499,1,36.139046,-120.368347,168.904999,9,600,58,3,e00fce6876826e255108c6bd,2025-06-27 10:10:04,2025-06-27 10:10:04,2025-06-27 10:10:04,2025-06-27
630,xZWGrD7CtI,MOOSPMv3Parser,1751019601,2,2,3,3,3,3,3,4,4,4,418,129,218033,29,25,3,25,25,0,0,25,1,21,20,41,43,12.745,497,1,36.138962,-120.36834,182.320999,9,600,58,3,e00fce6876826e255108c6bd,2025-06-27 10:20:04,2025-06-27 10:20:04,2025-06-27 10:20:04,2025-06-27
640,DNuPMFmGmi,MOOSPMv3Parser,1751020201,2,2,3,3,3,3,3,4,4,3,431,133,218056,28,25,4,25,25,0,0,25,0,20,20,41,43,13.365,492,1,36.138988,-120.368492,164.440002,9,600,58,3,e00fce6876826e255108c6bd,2025-06-27 10:30:04,2025-06-27 10:30:04,2025-06-27 10:30:04,2025-06-27
650,P3EJs8tJ4G,MOOSPMv3Parser,1751020801,2,2,3,4,4,3,3,5,5,3,450,141,218078,37,25,4,25,25,0,0,25,0,20,20,42,44,14.144,473,1,36.139019,-120.36837,168.296997,5,600,58,3,e00fce6876826e255108c6bd,2025-06-27 10:40:04,2025-06-27 10:40:04,2025-06-27 10:40:04,2025-06-27
660,hWp3fFHuei,MOOSPMv3Parser,1751021401,1,1,3,3,3,3,3,3,3,3,379,117,218100,29,25,3,25,25,0,0,25,0,20,20,43,44,13.467,473,1,36.138988,-120.368042,190.281006,8,600,58,3,e00fce6876826e255108c6bd,2025-06-27 10:50:04,2025-06-27 10:50:04,2025-06-27 10:50:04,2025-06-27
670,K1na5jE5N0,MOOSPMv3Parser,1751022001,2,2,3,3,3,3,3,4,4,3,414,129,218121,27,24,2,24,24,0,0,24,0,20,20,44,46,13.002,469,1,36.138954,-120.368187,180.852005,8,600,58,3,e00fce6876826e255108c6bd,2025-06-27 11:00:03,2025-06-27 11:00:04,2025-06-27 11:00:04,2025-06-27
680,FFagYqpj4I,MOOSPMv3Parser,1751022601,2,2,3,4,4,3,3,4,4,3,434,134,218142,32,24,3,24,24,0,0,24,0,20,20,43,45,12.99,475,1,36.138996,-120.368599,167.048004,9,600,58,3,e00fce6876826e255108c6bd,2025-06-27 11:10:03,2025-06-27 11:10:04,2025-06-27 11:10:04,2025-06-27
690,IviRpGHzLl,MOOSPMv3Parser,1751023201,2,2,3,4,4,4,4,4,4,4,462,144,218166,29,27,3,27,27,0,0,27,0,20,20,43,46,12.346,471,1,36.138996,-120.368599,167.052002,0,600,58,3,e00fce6876826e255108c6bd,2025-06-27 11:20:04,2025-06-27 11:20:04,2025-06-27 11:20:04,2025-06-27
700,KGZUxvEUKE,MOOSPMv3Parser,1751023801,2,2,3,4,4,4,4,4,4,4,469,146,218189,30,26,3,26,26,0,0,26,0,20,19,44,46,12.333,468,1,36.138966,-120.368645,145.880997,7,600,58,3,e00fce6876826e255108c6bd,2025-06-27 11:30:04,2025-06-27 11:30:04,2025-06-27 11:30:04,2025-06-27
710,jBlbukLl53,MOOSPMv3Parser,1751024401,2,2,3,4,4,3,4,4,4,4,456,141,218212,31,26,3,26,26,0,0,26,0,20,19,45,47,12.817,446,1,36.139011,-120.368233,181.886002,7,600,58,3,e00fce6876826e255108c6bd,2025-06-27 11:40:03,2025-06-27 11:40:04,2025-06-27 11:40:04,2025-06-27
720,h3F18n566K,MOOSPMv3Parser,1751025001,2,2,3,4,4,3,3,4,4,3,454,138,218235,31,25,2,25,25,0,0,25,0,20,19,44,46,12.395,447,1,36.139004,-120.368401,160.024994,7,600,58,3,e00fce6876826e255108c6bd,2025-06-27 11:50:03,2025-06-27 11:50:04,2025-06-27 11:50:04,2025-06-27
730,yrMAvdN5kV,MOOSPMv3Parser,1751025601,2,2,3,3,3,3,4,4,4,4,431,132,218257,32,26,3,26,26,0,0,26,0,20,19,45,47,12.016,442,1,36.139015,-120.36837,174.317993,8,600,58,3,e00fce6876826e255108c6bd,2025-06-27 12:00:03,2025-06-27 12:00:04,2025-06-27 12:00:04,2025-06-27
740,27oj7Ywx9L,MOOSPMv3Parser,1751026201,2,2,3,4,4,3,4,5,5,4,476,147,218280,36,26,4,26,26,0,0,26,0,19,19,48,50,11.795,443,1,36.138947,-120.368355,163.501007,6,600,58,3,e00fce6876826e255108c6bd,2025-06-27 12:10:04,2025-06-27 12:10:04,2025-06-27 12:10:04,2025-06-27
750,1lzA3B4nhH,MOOSPMv3Parser,1751026801,2,2,3,4,4,4,4,4,4,4,451,140,218305,31,27,4,27,27,0,0,27,0,19,19,49,51,11.357,438,1,36.139099,-120.368248,194.151001,5,600,58,3,e00fce6876826e255108c6bd,2025-06-27 12:20:04,2025-06-27 12:20:04,2025-06-27 12:20:04,2025-06-27
760,GBQWFizWqd,MOOSPMv3Parser,1751027401,2,2,3,3,3,3,3,4,4,3,436,136,218327,30,25,3,26,26,0,0,26,0,19,19,48,50,11.754,429,1,36.139008,-120.368279,181.358994,7,600,58,3,e00fce6876826e255108c6bd,2025-06-27 12:30:04,2025-06-27 12:30:04,2025-06-27 12:30:04,2025-06-27
770,vyC7zVqQdz,MOOSPMv3Parser,1751028001,2,2,3,4,4,3,3,5,5,3,454,140,218351,32,26,3,26,26,0,0,26,0,19,19,46,48,12.004,418,1,36.138977,-120.368217,189.660004,7,600,58,3,e00fce6876826e255108c6bd,2025-06-27 12:40:04,2025-06-27 12:40:04,2025-06-27 12:40:04,2025-06-27
780,YezuqTe1lP,MOOSPMv3Parser,1751028601,2,2,4,4,4,4,4,5,5,4,495,151,218376,32,29,5,29,29,0,0,29,1,19,19,45,47,11.645,417,1,36.138992,-120.368378,190.029999,6,600,58,3,e00fce6876826e255108c6bd,2025-06-27 12:50:03,2025-06-27 12:50:04,2025-06-27 12:50:04,2025-06-27
790,tA9FDDo5FE,MOOSPMv3Parser,1751029201,2,2,4,4,4,4,4,5,5,4,511,160,218400,34,28,4,28,28,0,0,28,1,19,19,47,49,10.396,425,1,36.138817,-120.368347,173.845001,8,600,58,3,e00fce6876826e255108c6bd,2025-06-27 13:00:04,2025-06-27 13:00:04,2025-06-27 13:00:04,2025-06-27
800,z8nFV83eUG,MOOSPMv3Parser,1751029801,2,2,4,4,4,4,4,5,5,4,480,148,218425,32,29,4,29,29,0,0,29,1,19,19,48,51,10.195,426,1,36.138817,-120.368347,173.848999,0,600,58,3,e00fce6876826e255108c6bd,2025-06-27 13:10:03,2025-06-27 13:10:04,2025-06-27 13:10:04,2025-06-27
808,WdP4pLipUF,MOOSPMv3Parser,1751030401,2,2,4,4,4,4,4,5,5,4,526,163,218449,33,28,4,28,28,0,0,28,0,19,19,44,47,11.172,409,1,36.138863,-120.368477,204.692993,5,600,58,3,e00fce6876826e255108c6bd,2025-06-27 13:20:04,2025-06-27 13:20:04,2025-06-27 13:20:04,2025-06-27
819,R2eIwDMpd5,MOOSPMv3Parser,1751031001,2,2,4,4,4,4,4,5,5,4,531,164,218474,35,28,3,29,29,0,0,29,0,19,19,46,48,11.417,384,1,36.13905,-120.368393,165.882004,7,600,58,3,e00fce6876826e255108c6bd,2025-06-27 13:30:04,2025-06-27 13:30:04,2025-06-27 13:30:04,2025-06-27
829,wRSkOIyvdV,MOOSPMv3Parser,1751031601,2,2,4,5,5,4,4,5,5,4,536,165,218498,38,28,4,29,29,0,0,29,0,20,19,48,51,10.577,385,1,36.138985,-120.368225,195.828003,7,600,58,3,e00fce6876826e255108c6bd,2025-06-27 13:40:04,2025-06-27 13:40:04,2025-06-27 13:40:04,2025-06-27
839,Sk7mIGogrL,MOOSPMv3Parser,1751032201,2,2,4,4,4,4,4,5,5,4,524,163,218524,38,30,4,30,30,0,0,30,1,21,19,45,49,10.478,385,1,36.138916,-120.36821,181.421997,5,600,58,3,e00fce6876826e255108c6bd,2025-06-27 13:50:04,2025-06-27 13:50:04,2025-06-27 13:50:04,2025-06-27
849,SuiOkMY6fx,MOOSPMv3Parser,1751032801,2,2,4,5,5,5,5,7,7,5,561,175,218553,44,34,6,34,34,0,0,34,1,22,20,43,58,10.848,369,1,36.138939,-120.368187,188.806,7,600,58,3,e00fce6876826e255108c6bd,2025-06-27 14:00:04,2025-06-27 14:00:04,2025-06-27 14:00:04,2025-06-27
859,HNZTdOR9Bn,MOOSPMv3Parser,1751033401,2,2,4,5,5,4,4,6,6,4,522,162,218579,38,31,6,31,31,0,0,31,1,24,20,42,50,11.337,354,1,36.139008,-120.368324,190.526001,6,600,58,3,e00fce6876826e255108c6bd,2025-06-27 14:10:03,2025-06-27 14:10:04,2025-06-27 14:10:04,2025-06-27
869,6QKjUBcunU,MOOSPMv3Parser,1751034001,2,2,4,4,4,4,4,5,5,4,504,155,218603,33,28,3,29,29,0,0,29,0,25,21,37,48,10.879,352,1,36.139019,-120.368355,180.339996,8,600,58,3,e00fce6876826e255108c6bd,2025-06-27 14:20:04,2025-06-27 14:20:04,2025-06-27 14:20:04,2025-06-27
879,IlsYzwOYHn,MOOSPMv3Parser,1751034601,2,2,4,4,4,4,4,5,5,4,535,163,218630,33,31,3,32,32,0,0,32,1,27,22,33,46,12.056,314,1,36.139023,-120.368561,159.761993,7,600,58,3,e00fce6876826e255108c6bd,2025-06-27 14:30:04,2025-06-27 14:30:04,2025-06-27 14:30:04,2025-06-27
889,TQYW0F5KrK,MOOSPMv3Parser,1751035201,2,2,4,4,4,4,4,5,5,4,546,170,218655,38,30,3,30,30,0,0,30,1,28,23,32,42,12.013,311,1,36.138996,-120.368317,177.076996,8,600,58,3,e00fce6876826e255108c6bd,2025-06-27 14:40:04,2025-06-27 14:40:05,2025-06-27 14:40:05,2025-06-27
899,9UAdSNwit7,MOOSPMv3Parser,1751035801,2,2,4,4,4,4,4,5,5,4,548,167,218681,36,31,4,31,31,0,0,31,0,29,24,30,41,12.132,289,1,36.138996,-120.368332,169.378006,7,600,58,3,e00fce6876826e255108c6bd,2025-06-27 14:50:03,2025-06-27 14:50:04,2025-06-27 14:50:04,2025-06-27
909,DPcHiLctdq,MOOSPMv3Parser,1751036401,2,2,4,5,5,4,4,5,5,4,605,186,218706,41,30,3,30,30,0,0,30,0,30,26,26,34,13.906,216,1,36.138996,-120.368332,169.378998,0,600,58,3,e00fce6876826e255108c6bd,2025-06-27 15:00:03,2025-06-27 15:00:04,2025-06-27 15:00:04,2025-06-27
919,M8p9syqgWE,MOOSPMv3Parser,1751037001,2,2,4,4,4,4,4,5,5,4,581,177,218731,35,30,4,30,30,0,0,30,0,31,28,29,35,14.102,182,1,36.138985,-120.368378,172.660004,16,600,58,3,e00fce6876826e255108c6bd,2025-06-27 15:10:08,2025-06-27 15:10:09,2025-06-27 15:10:09,2025-06-27
929,Ou7PqzrerD,MOOSPMv3Parser,1751037601,2,2,3,3,3,4,4,4,4,4,528,161,218755,32,27,3,27,27,0,0,27,0,32,29,25,30,15.722,131,2,36.13903,-120.368279,149.537994,9,600,58,3,e00fce6876826e255108c6bd,2025-06-27 15:20:04,2025-06-27 15:20:04,2025-06-27 15:20:04,2025-06-27
939,KdprgtVQDU,MOOSPMv3Parser,1751038201,2,2,4,4,4,4,4,5,5,4,604,186,218779,35,28,2,28,28,0,0,28,0,32,31,25,31,18.918,72,2,36.139,-120.368408,157.876999,7,600,58,3,e00fce6876826e255108c6bd,2025-06-27 15:30:04,2025-06-27 15:30:04,2025-06-27 15:30:04,2025-06-27
949,06FlcQaa9P,MOOSPMv3Parser,1751038801,2,2,4,3,3,4,4,3,3,4,460,141,218803,26,29,2,29,29,0,0,29,0,33,32,25,28,20.906,48,3,36.139008,-120.368156,183.488007,7,600,58,3,e00fce6876826e255108c6bd,2025-06-27 15:40:04,2025-06-27 15:40:04,2025-06-27 15:40:04,2025-06-27
959,KYerGTZxIC,MOOSPMv3Parser,1751039401,2,2,5,4,4,5,5,4,4,5,520,160,218836,30,37,2,37,37,0,0,37,0,33,33,26,29,20.734,50,4,36.138981,-120.368431,158.556,8,600,58,3,e00fce6876826e255108c6bd,2025-06-27 15:50:04,2025-06-27 15:50:04,2025-06-27 15:50:04,2025-06-27
969,64ywaiGrvr,MOOSPMv3Parser,1751040001,2,2,10,4,4,11,11,4,4,11,552,169,218906,35,81,2,81,81,0,0,81,0,33,33,25,27,20.484,53,3,36.13895,-120.368317,177.233002,7,600,58,3,e00fce6876826e255108c6bd,2025-06-27 16:00:04,2025-06-27 16:00:05,2025-06-27 16:00:05,2025-06-27
979,L7JwgiVAPU,MOOSPMv3Parser,1751040601,2,2,3,4,4,3,3,4,4,3,476,146,218924,31,22,3,22,22,0,0,22,0,33,34,25,28,20.46,53,3,36.138981,-120.368408,167.944,6,600,58,3,e00fce6876826e255108c6bd,2025-06-27 16:10:04,2025-06-27 16:10:04,2025-06-27 16:10:04,2025-06-27
989,ZAbB5LMsGB,MOOSPMv3Parser,1751041201,2,2,3,3,3,3,3,3,3,3,465,142,218944,28,23,2,23,23,0,0,23,0,34,35,25,27,20.591,54,3,36.139065,-120.368385,189.837997,8,600,58,3,e00fce6876826e255108c6bd,2025-06-27 16:20:04,2025-06-27 16:20:04,2025-06-27 16:20:04,2025-06-27
999,PWjiPSSlco,MOOSPMv3Parser,1751041801,2,2,3,3,3,3,3,4,4,3,488,148,218962,29,22,2,22,22,0,0,22,0,34,35,26,26,20.552,57,3,36.139011,-120.368454,189.199997,8,600,58,3,e00fce6876826e255108c6bd,2025-06-27 16:30:04,2025-06-27 16:30:04,2025-06-27 16:30:04,2025-06-27
1009,2FRCJAJce5,MOOSPMv3Parser,1751042401,2,2,26,3,3,32,36,4,4,38,490,151,219125,29,196,2,202,203,0,0,203,0,34,37,24,24,20.939,57,3,36.13903,-120.368401,167.755005,10,600,58,3,e00fce6876826e255108c6bd,2025-06-27 16:40:04,2025-06-27 16:40:04,2025-06-27 16:40:04,2025-06-27
1018,THpoPcoWUx,MOOSPMv3Parser,1751043001,2,2,168,3,3,988,1664,4,4,1997,492,150,219143,29,519,2,1320,1489,0,0,1526,1,35,38,24,23,21.298,58,3,36.13903,-120.368401,167.759995,0,600,58,3,e00fce6876826e255108c6bd,2025-06-27 16:50:04,2025-06-27 16:50:04,2025-06-27 16:50:04,2025-06-27
1029,VcRlfqaMpW,MOOSPMv3Parser,1751043601,2,2,180,3,3,1065,1796,4,4,2154,496,151,219143,28,549,2,1414,1597,0,0,1637,1,35,38,25,24,21.69,61,2,36.139038,-120.368378,181.520996,9,600,58,3,e00fce6876826e255108c6bd,2025-06-27 17:00:04,2025-06-27 17:00:04,2025-06-27 17:00:04,2025-06-27
1039,Ijwao0imCR,MOOSPMv3Parser,1751044201,2,2,127,3,3,857,1461,4,4,1757,530,161,219143,27,281,2,995,1146,0,0,1179,2,35,39,24,22,21.961,64,2,36.139004,-120.368355,170.367004,8,600,58,3,e00fce6876826e255108c6bd,2025-06-27 17:10:04,2025-06-27 17:10:04,2025-06-27 17:10:04,2025-06-27
1049,1ShEA6mtA5,MOOSPMv3Parser,1751044801,2,2,162,3,3,611,978,4,4,1158,515,155,219672,29,837,2,1274,1365,0,0,1386,1,35,40,24,22,21.943,68,2,36.139015,-120.368355,170.585007,7,600,58,3,e00fce6876826e255108c6bd,2025-06-27 17:20:08,2025-06-27 17:20:08,2025-06-27 17:20:08,2025-06-27
1058,Fowkkujxzi,MOOSPMv3Parser,1751045401,2,2,4,3,3,4,4,3,3,4,491,148,219698,26,29,2,30,30,0,0,30,0,36,40,24,22,22.318,71,2,36.139061,-120.368286,168.011993,6,600,58,3,e00fce6876826e255108c6bd,2025-06-27 17:30:04,2025-06-27 17:30:04,2025-06-27 17:30:04,2025-06-27
1069,v0oHLmWSg2,MOOSPMv3Parser,1751046001,2,2,3,3,3,3,3,4,4,3,498,153,219716,29,22,3,22,22,0,0,22,0,36,41,23,21,22.817,71,2,36.139004,-120.368378,185.811005,10,600,58,3,e00fce6876826e255108c6bd,2025-06-27 17:40:04,2025-06-27 17:40:04,2025-06-27 17:40:04,2025-06-27
1078,5K0e3ZsQCB,MOOSPMv3Parser,1751046601,2,2,3,3,3,3,3,4,4,3,509,153,219734,28,21,2,21,21,0,0,21,0,37,41,23,21,22.645,72,2,36.139297,-120.36879,166.201996,6,600,58,3,e00fce6876826e255108c6bd,2025-06-27 17:50:04,2025-06-27 17:50:05,2025-06-27 17:50:05,2025-06-27
1087,BoWat3KcTE,MOOSPMv3Parser,1751047201,2,2,3,4,4,3,3,4,4,3,528,161,219751,31,20,2,21,21,0,0,21,0,37,41,24,22,23.463,75,1,36.139084,-120.36834,169.953003,7,600,58,3,e00fce6876826e255108c6bd,2025-06-27 18:00:04,2025-06-27 18:00:04,2025-06-27 18:00:04,2025-06-27
1096,QpxyYl3ThN,MOOSPMv3Parser,1751047801,2,2,3,3,3,3,3,4,4,3,530,158,219768,29,20,3,21,21,0,0,21,0,37,42,22,21,22.818,76,1,36.139187,-120.368347,150.139999,5,600,58,3,e00fce6876826e255108c6bd,2025-06-27 18:10:04,2025-06-27 18:10:04,2025-06-27 18:10:04,2025-06-27
1105,fjYHlaCLHl,MOOSPMv3Parser,1751048401,2,2,3,4,4,3,3,4,4,3,517,157,219786,32,21,2,21,21,0,0,21,0,37,42,23,21,23.674,75,1,36.139042,-120.368347,167.317001,8,600,58,3,e00fce6876826e255108c6bd,2025-06-27 18:20:04,2025-06-27 18:20:04,2025-06-27 18:20:04,2025-06-27
1113,GdRlDpuFxp,MOOSPMv3Parser,1751049001,2,2,3,3,3,3,3,4,4,3,535,162,219803,29,21,2,21,21,0,0,21,0,38,42,23,21,23.214,77,1,36.13903,-120.368309,178.552994,7,600,58,3,e00fce6876826e255108c6bd,2025-06-27 18:30:04,2025-06-27 18:30:04,2025-06-27 18:30:04,2025-06-27
1123,Clo67DZdJs,MOOSPMv3Parser,1751049601,2,2,3,3,3,3,3,4,4,3,519,156,219822,30,22,3,22,22,0,0,22,0,38,42,22,20,23.609,85,1,36.13903,-120.368309,178.554001,0,600,58,3,e00fce6876826e255108c6bd,2025-06-27 18:40:04,2025-06-27 18:40:04,2025-06-27 18:40:04,2025-06-27
1132,EOopbupdvl,MOOSPMv3Parser,1751050201,2,2,3,3,3,3,3,4,4,3,510,154,219839,29,21,2,21,21,0,0,21,0,38,43,21,20,23.434,83,1,36.138973,-120.368507,151.544006,5,600,58,3,e00fce6876826e255108c6bd,2025-06-27 18:50:04,2025-06-27 18:50:04,2025-06-27 18:50:04,2025-06-27
1141,59i9mMILwf,MOOSPMv3Parser,1751050801,2,2,3,3,3,3,3,4,4,3,506,152,219858,30,22,2,22,22,0,0,22,0,39,43,22,21,23.678,84,1,36.139004,-120.368347,176.718002,9,600,58,3,e00fce6876826e255108c6bd,2025-06-27 19:00:04,2025-06-27 19:00:04,2025-06-27 19:00:04,2025-06-27
1150,BCPsrzUF1W,MOOSPMv3Parser,1751051401,2,2,3,4,4,3,3,5,5,3,552,164,219875,32,21,2,21,21,0,0,21,0,39,43,21,20,23.348,85,1,36.138973,-120.368332,180.078995,9,600,58,3,e00fce6876826e255108c6bd,2025-06-27 19:10:04,2025-06-27 19:10:04,2025-06-27 19:10:04,2025-06-27
1167,cnGYUe6SGp,MOOSPMv3Parser,1751052001,2,2,3,4,4,3,3,4,4,3,554,166,219892,30,21,3,21,21,0,0,21,0,39,43,20,20,23.155,87,1,36.139042,-120.368309,161.813995,10,600,58,3,e00fce6876826e255108c6bd,2025-06-27 19:20:04,2025-06-27 19:20:04,2025-06-27 19:20:04,2025-06-27
1179,ZkzQU4hnbL,MOOSPMv3Parser,1751052601,2,2,3,4,4,3,3,4,4,3,535,163,219909,31,21,3,21,21,0,0,21,0,39,43,21,20,23.742,90,1,36.139015,-120.368301,173.921005,9,600,58,3,e00fce6876826e255108c6bd,2025-06-27 19:30:04,2025-06-27 19:30:04,2025-06-27 19:30:04,2025-06-27
1198,fYidGrYAhx,MOOSPMv3Parser,1751053201,2,2,3,4,4,3,3,4,4,3,554,166,219926,28,21,2,21,21,0,0,21,0,39,44,21,20,23.534,93,1,36.139,-120.368347,170.044006,7,600,58,3,e00fce6876826e255108c6bd,2025-06-27 19:40:04,2025-06-27 19:40:04,2025-06-27 19:40:04,2025-06-27
1210,DFLNxQrOdH,MOOSPMv3Parser,1751053801,2,2,3,4,4,3,3,4,4,3,583,176,219943,33,20,3,21,21,0,0,21,0,40,44,20,19,23.229,94,1,36.138977,-120.368347,168.061996,8,600,58,3,e00fce6876826e255108c6bd,2025-06-27 19:50:04,2025-06-27 19:50:04,2025-06-27 19:50:04,2025-06-27
1220,TxNmHYgPhb,MOOSPMv3Parser,1751054401,2,2,3,4,4,3,3,4,4,3,588,176,219960,29,20,2,21,21,0,0,21,0,40,44,20,19,23.026,98,1,36.139023,-120.368416,161.220001,7,600,58,3,e00fce6876826e255108c6bd,2025-06-27 20:00:04,2025-06-27 20:00:04,2025-06-27 20:00:04,2025-06-27
1230,Fd6Gz6uoYD,MOOSPMv3Parser,1751055001,2,2,3,4,4,3,3,4,4,3,598,176,219977,29,21,2,21,21,0,0,21,0,40,44,20,19,24.43,97,1,36.139004,-120.368294,175.751999,5,600,58,3,e00fce6876826e255108c6bd,2025-06-27 20:10:04,2025-06-27 20:10:04,2025-06-27 20:10:04,2025-06-27
1240,h15nkxqET8,MOOSPMv3Parser,1751055601,2,2,3,4,4,3,3,4,4,3,599,178,219995,28,21,2,21,21,0,0,21,0,40,44,20,19,23.843,101,1,36.139053,-120.368317,162.104996,5,600,58,3,e00fce6876826e255108c6bd,2025-06-27 20:20:05,2025-06-27 20:20:05,2025-06-27 20:20:05,2025-06-27
1250,gkKWzW38fO,MOOSPMv3Parser,1751056201,2,2,3,4,4,3,3,4,4,3,590,176,220012,32,21,2,21,21,0,0,21,0,42,45,19,19,21.755,126,1,36.139053,-120.368317,162.098007,0,600,58,3,e00fce6876826e255108c6bd,2025-06-27 20:30:04,2025-06-27 20:30:04,2025-06-27 20:30:04,2025-06-27
1260,2BkOx03dd9,MOOSPMv3Parser,1751056801,2,2,3,4,4,3,3,5,5,3,601,178,220030,32,22,3,22,22,0,0,22,0,41,45,19,19,23.309,116,1,36.139042,-120.368355,170.201004,6,600,58,3,e00fce6876826e255108c6bd,2025-06-27 20:40:04,2025-06-27 20:40:04,2025-06-27 20:40:04,2025-06-27
1270,ht1EIOUCtU,MOOSPMv3Parser,1751057401,2,2,3,4,4,3,3,4,4,3,604,180,220048,31,20,2,20,20,0,0,20,0,41,45,19,18,23.46,119,1,36.138985,-120.368408,178.985992,7,600,58,3,e00fce6876826e255108c6bd,2025-06-27 20:50:04,2025-06-27 20:50:04,2025-06-27 20:50:04,2025-06-27
1289,t06luc1U2d,MOOSPMv3Parser,1751058601,2,2,3,4,4,3,3,5,5,3,610,182,220081,31,21,2,21,21,0,0,21,0,42,46,19,19,23.115,123,1,36.138973,-120.368317,183.451996,7,600,58,3,e00fce6876826e255108c6bd,2025-06-27 21:10:04,2025-06-27 21:10:04,2025-06-27 21:10:04,2025-06-27
1298,kSF47rjRfN,MOOSPMv3Parser,1751059201,2,2,3,4,4,3,3,4,4,3,602,175,220097,28,20,3,20,20,0,0,20,0,41,46,19,18,24.568,121,1,36.139069,-120.368378,119.272003,6,600,58,3,e00fce6876826e255108c6bd,2025-06-27 21:20:04,2025-06-27 21:20:04,2025-06-27 21:20:04,2025-06-27
1308,y1wfnWYHlq,MOOSPMv3Parser,1751059801,2,2,2,4,4,3,3,4,4,3,594,178,220113,26,19,2,19,19,0,0,19,0,41,46,19,18,24.718,110,1,36.139046,-120.368385,158.356995,5,600,58,3,e00fce6876826e255108c6bd,2025-06-27 21:30:04,2025-06-27 21:30:05,2025-06-27 21:30:05,2025-06-27
1318,ZNS5CGhGjT,MOOSPMv3Parser,1751060401,2,2,3,4,4,3,3,4,4,3,593,172,220131,28,21,3,21,21,0,0,21,0,41,46,19,18,24.277,109,1,36.139069,-120.368423,141.761993,6,600,58,3,e00fce6876826e255108c6bd,2025-06-27 21:40:04,2025-06-27 21:40:04,2025-06-27 21:40:04,2025-06-27
1328,8zSOopwcvd,MOOSPMv3Parser,1751061001,2,2,3,4,4,3,3,4,4,3,643,187,220148,28,21,2,21,21,0,0,21,0,42,46,18,18,22.995,123,1,36.138973,-120.368332,184.951004,7,600,58,3,e00fce6876826e255108c6bd,2025-06-27 21:50:04,2025-06-27 21:50:04,2025-06-27 21:50:04,2025-06-27
1338,ixGoPSjEeZ,MOOSPMv3Parser,1751061601,2,2,3,4,4,3,3,5,5,3,620,180,220165,27,20,2,21,21,0,0,21,0,42,46,18,18,23.801,120,1,36.139038,-120.36837,163.477997,7,600,58,3,e00fce6876826e255108c6bd,2025-06-27 22:00:04,2025-06-27 22:00:04,2025-06-27 22:00:04,2025-06-27
1348,45bLh7aIyL,MOOSPMv3Parser,1751062201,2,2,3,4,4,3,3,4,4,3,628,183,220181,31,20,1,20,20,0,0,20,0,42,46,18,18,25.036,116,1,36.139038,-120.36837,163.479996,0,600,58,3,e00fce6876826e255108c6bd,2025-06-27 22:10:08,2025-06-27 22:10:08,2025-06-27 22:10:08,2025-06-27
1358,osUfkWCPNH,MOOSPMv3Parser,1751062801,2,2,3,4,4,3,3,4,4,3,620,181,220198,29,20,2,20,20,0,0,20,0,42,46,18,18,24.155,117,1,36.139008,-120.368385,159.738007,7,600,58,3,e00fce6876826e255108c6bd,2025-06-27 22:20:04,2025-06-27 22:20:04,2025-06-27 22:20:04,2025-06-27
1368,gq6Z6MWSPJ,MOOSPMv3Parser,1751063401,2,2,3,4,4,3,3,4,4,3,633,186,220215,31,20,2,20,20,0,0,20,0,42,46,18,18,24.762,110,1,36.13903,-120.368362,181.020004,8,600,58,3,e00fce6876826e255108c6bd,2025-06-27 22:30:04,2025-06-27 22:30:04,2025-06-27 22:30:04,2025-06-27
1378,4u7UE8zaDu,MOOSPMv3Parser,1751064001,2,2,3,4,4,3,3,4,4,3,620,177,220232,25,20,2,20,20,0,0,20,0,42,46,19,19,23.854,109,1,36.139019,-120.36834,163.912994,6,600,58,3,e00fce6876826e255108c6bd,2025-06-27 22:40:04,2025-06-27 22:40:04,2025-06-27 22:40:04,2025-06-27
1388,oJJuQCMgAt,MOOSPMv3Parser,1751064601,2,2,3,4,4,3,3,4,4,3,641,186,220248,28,20,2,20,20,0,0,20,0,43,46,18,18,23.379,120,1,36.139004,-120.368446,169.240005,7,600,58,3,e00fce6876826e255108c6bd,2025-06-27 22:50:04,2025-06-27 22:50:04,2025-06-27 22:50:04,2025-06-27
1398,GOS5HL71Hu,MOOSPMv3Parser,1751065201,2,2,3,4,4,3,3,4,4,3,598,176,220264,30,20,2,20,20,0,0,20,0,43,46,18,18,23.92,117,1,36.138927,-120.368362,189.363998,6,600,58,3,e00fce6876826e255108c6bd,2025-06-27 23:00:04,2025-06-27 23:00:04,2025-06-27 23:00:04,2025-06-27
1408,HmoFqxFvUU,MOOSPMv3Parser,1751065801,2,2,3,4,4,3,3,4,4,3,606,173,220280,29,20,3,20,20,0,0,20,0,43,46,18,18,23.416,109,1,36.138981,-120.368324,167.858994,10,600,58,3,e00fce6876826e255108c6bd,2025-06-27 23:10:04,2025-06-27 23:10:05,2025-06-27 23:10:05,2025-06-27
1418,wWqlZ0VkR3,MOOSPMv3Parser,1751066401,2,2,3,4,4,3,3,4,4,3,605,175,220299,28,22,2,22,22,0,0,22,0,43,45,17,18,23.028,116,1,36.138954,-120.368385,161.709,6,600,58,3,e00fce6876826e255108c6bd,2025-06-27 23:20:04,2025-06-27 23:20:04,2025-06-27 23:20:04,2025-06-27
1428,E91QJkBoFS,MOOSPMv3Parser,1751067001,2,2,3,4,4,3,3,5,5,3,614,180,220315,31,20,2,20,20,0,0,20,0,42,45,18,18,25.448,99,1,36.138962,-120.368294,182.501007,6,600,58,3,e00fce6876826e255108c6bd,2025-06-27 23:30:04,2025-06-27 23:30:04,2025-06-27 23:30:04,2025-06-27
1438,N0S2je3HoE,MOOSPMv3Parser,1751067601,2,2,3,4,4,3,3,4,4,3,642,190,220332,30,21,2,21,21,0,0,21,0,42,45,18,19,25.02,90,1,36.138981,-120.368362,177.917999,6,600,58,3,e00fce6876826e255108c6bd,2025-06-27 23:40:04,2025-06-27 23:40:04,2025-06-27 23:40:04,2025-06-27
1447,Zk48OFh83S,MOOSPMv3Parser,1751068201,2,2,3,4,4,3,3,4,4,3,614,183,220350,28,21,2,21,21,0,0,21,0,42,44,19,19,25.166,84,1,36.139042,-120.368362,178.128998,6,600,58,3,e00fce6876826e255108c6bd,2025-06-27 23:50:04,2025-06-27 23:50:04,2025-06-27 23:50:04,2025-06-27
10,HwsI4TUJ1X,MOOSPMv3Parser,1751068801,3,3,3,4,4,3,3,5,5,3,632,190,220367,33,21,3,21,21,0,0,21,0,42,44,19,20,25.296,73,1,36.139042,-120.368362,178.134003,0,600,58,3,e00fce6876826e255108c6bd,2025-06-28 00:00:04,2025-06-28 00:00:04,2025-06-28 00:00:04,2025-06-28
20,nMKyigFtoE,MOOSPMv3Parser,1751069401,2,2,3,4,4,3,3,4,4,3,620,186,220386,30,22,2,22,22,0,0,22,0,42,43,19,20,25.531,69,1,36.13903,-120.368355,169.889999,10,600,58,3,e00fce6876826e255108c6bd,2025-06-28 00:10:04,2025-06-28 00:10:04,2025-06-28 00:10:04,2025-06-28
30,IHMxq5CA2N,MOOSPMv3Parser,1751070001,3,3,3,5,5,3,3,5,5,3,676,201,220405,36,23,3,23,23,0,0,23,0,42,43,19,20,24.714,67,1,36.139027,-120.368309,184.459,7,600,58,3,e00fce6876826e255108c6bd,2025-06-28 00:20:04,2025-06-28 00:20:05,2025-06-28 00:20:05,2025-06-28
39,IE6kXKTBRi,MOOSPMv3Parser,1751070601,3,3,3,4,4,3,3,5,5,3,632,190,220425,31,23,3,24,24,0,0,24,0,42,43,19,20,25.782,63,1,36.139065,-120.368355,181.242004,8,600,58,3,e00fce6876826e255108c6bd,2025-06-28 00:30:04,2025-06-28 00:30:04,2025-06-28 00:30:04,2025-06-28
50,KjUIkJRyFy,MOOSPMv3Parser,1751071201,2,2,3,4,4,3,3,4,4,3,621,185,220444,30,22,2,23,23,0,0,23,0,41,42,19,20,26.001,55,1,36.139011,-120.368462,161.274002,8,600,58,3,e00fce6876826e255108c6bd,2025-06-28 00:40:04,2025-06-28 00:40:04,2025-06-28 00:40:04,2025-06-28
60,vZr8nBCjRn,MOOSPMv3Parser,1751071801,2,2,3,4,4,3,3,4,4,3,607,184,220463,28,22,2,22,22,0,0,22,0,41,42,19,21,26.983,49,1,36.139057,-120.368408,167.031998,6,600,58,3,e00fce6876826e255108c6bd,2025-06-28 00:50:04,2025-06-28 00:50:04,2025-06-28 00:50:04,2025-06-28
70,YnszWn3rNI,MOOSPMv3Parser,1751072401,2,2,3,4,4,3,3,5,5,3,655,196,220481,34,22,3,22,22,0,0,22,0,41,41,19,21,28.11,41,2,36.139084,-120.368484,151.876999,9,600,58,3,e00fce6876826e255108c6bd,2025-06-28 01:00:04,2025-06-28 01:00:05,2025-06-28 01:00:05,2025-06-28
78,KdkwZAvFJC,MOOSPMv3Parser,1751073001,2,2,3,4,4,3,3,5,5,3,648,195,220501,34,23,2,23,23,0,0,23,0,41,41,19,21,28.549,39,2,36.139004,-120.368347,185.328003,8,600,58,3,e00fce6876826e255108c6bd,2025-06-28 01:10:04,2025-06-28 01:10:04,2025-06-28 01:10:04,2025-06-28
88,h2FjnVjqf3,MOOSPMv3Parser,1751073601,3,3,3,5,5,3,3,5,5,3,662,200,220521,34,23,2,23,23,0,0,23,0,41,41,19,21,28.384,33,2,36.139027,-120.368431,179.431,7,600,58,3,e00fce6876826e255108c6bd,2025-06-28 01:20:04,2025-06-28 01:20:05,2025-06-28 01:20:05,2025-06-28
100,0FUxqcaPYg,MOOSPMv3Parser,1751074201,3,3,3,4,4,3,3,5,5,3,626,188,220541,33,23,2,23,23,0,0,23,0,40,40,20,22,28.606,33,2,36.13895,-120.36834,178.675003,7,600,58,3,e00fce6876826e255108c6bd,2025-06-28 01:30:05,2025-06-28 01:30:05,2025-06-28 01:30:05,2025-06-28
110,pY2kHvLWib,MOOSPMv3Parser,1751074801,3,3,3,4,4,3,3,5,5,3,661,199,220561,34,23,2,23,23,0,0,23,0,40,40,20,22,27.291,34,2,36.139034,-120.368378,165.944,8,600,58,3,e00fce6876826e255108c6bd,2025-06-28 01:40:04,2025-06-28 01:40:05,2025-06-28 01:40:05,2025-06-28
119,WznaRApC12,MOOSPMv3Parser,1751075401,3,3,3,4,4,3,3,5,5,3,634,192,220580,28,22,2,22,22,0,0,22,0,40,39,20,22,28.229,45,2,36.139034,-120.368378,165.947006,0,600,58,3,e00fce6876826e255108c6bd,2025-06-28 01:50:04,2025-06-28 01:50:04,2025-06-28 01:50:04,2025-06-28
129,eIk06iXZxe,MOOSPMv3Parser,1751076001,3,3,3,5,5,3,3,5,5,3,686,207,220602,36,24,2,24,24,0,0,24,0,39,39,20,22,28.398,52,2,36.139008,-120.368317,166.703003,6,600,58,3,e00fce6876826e255108c6bd,2025-06-28 02:00:04,2025-06-28 02:00:04,2025-06-28 02:00:04,2025-06-28
140,Lkv4BTaAna,MOOSPMv3Parser,1751076601,3,3,3,4,4,3,3,4,4,3,626,193,220622,31,24,2,24,24,0,0,24,0,39,39,21,23,27.478,38,3,36.139038,-120.368408,169.238998,7,600,58,3,e00fce6876826e255108c6bd,2025-06-28 02:10:04,2025-06-28 02:10:04,2025-06-28 02:10:04,2025-06-28
150,pYMK7eWCQ2,MOOSPMv3Parser,1751077201,3,3,3,5,5,3,3,5,5,3,676,204,220643,32,24,3,24,24,0,0,24,0,39,38,21,24,27.026,37,3,36.138988,-120.368462,176.332993,7,600,58,3,e00fce6876826e255108c6bd,2025-06-28 02:20:09,2025-06-28 02:20:09,2025-06-28 02:20:09,2025-06-28
160,otZDMlSTlS,MOOSPMv3Parser,1751077801,3,3,3,4,4,3,3,5,5,3,643,195,220664,34,23,2,24,24,0,0,24,0,38,38,23,25,26.718,35,3,36.139008,-120.368408,182.089005,8,600,58,3,e00fce6876826e255108c6bd,2025-06-28 02:30:05,2025-06-28 02:30:05,2025-06-28 02:30:05,2025-06-28
169,FyrsCEXO3A,MOOSPMv3Parser,1751078401,3,3,3,5,5,3,3,5,5,3,707,214,220686,36,25,2,25,25,0,0,25,0,37,37,25,26,26.771,35,3,36.138992,-120.368523,173.440994,7,600,58,3,e00fce6876826e255108c6bd,2025-06-28 02:40:05,2025-06-28 02:40:05,2025-06-28 02:40:05,2025-06-28
179,1xnGxFOkxu,MOOSPMv3Parser,1751079001,3,3,3,4,4,3,3,5,5,3,643,194,220707,33,24,2,24,24,0,0,24,0,36,37,25,27,26.18,43,3,36.138985,-120.368301,159.281998,9,600,58,3,e00fce6876826e255108c6bd,2025-06-28 02:50:06,2025-06-28 02:50:06,2025-06-28 02:50:06,2025-06-28
190,k8CaNMDZYU,MOOSPMv3Parser,1751079601,3,3,3,5,5,3,3,5,5,3,661,202,220728,34,24,2,24,24,0,0,24,0,36,36,25,27,27.435,35,3,36.13905,-120.368408,150.539001,7,600,58,3,e00fce6876826e255108c6bd,2025-06-28 03:00:05,2025-06-28 03:00:05,2025-06-28 03:00:05,2025-06-28
200,OPkPoTWd1q,MOOSPMv3Parser,1751080201,2,2,3,4,4,3,3,5,5,3,620,187,220748,34,23,2,23,23,0,0,23,0,35,36,26,28,26.695,34,3,36.13905,-120.368401,179.858002,8,600,58,3,e00fce6876826e255108c6bd,2025-06-28 03:10:04,2025-06-28 03:10:05,2025-06-28 03:10:05,2025-06-28
209,LDZFQgB8VP,MOOSPMv3Parser,1751080801,3,3,3,4,4,3,3,5,5,3,634,194,220769,32,24,3,25,25,0,0,25,0,35,35,26,28,25.461,40,3,36.13905,-120.368401,179.862,0,600,58,3,e00fce6876826e255108c6bd,2025-06-28 03:20:06,2025-06-28 03:20:06,2025-06-28 03:20:06,2025-06-28
219,G3o3vaFjMk,MOOSPMv3Parser,1751081401,2,2,3,4,4,3,3,5,5,3,621,191,220791,33,25,3,25,25,0,0,25,0,34,35,25,27,25.426,38,3,36.139023,-120.36834,171.332993,6,600,58,3,e00fce6876826e255108c6bd,2025-06-28 03:30:05,2025-06-28 03:30:05,2025-06-28 03:30:05,2025-06-28
229,K5XvWOA2dK,MOOSPMv3Parser,1751082001,3,3,3,5,5,4,4,5,5,4,680,209,220815,36,27,3,27,27,0,0,27,0,34,34,24,26,24.815,38,3,36.139008,-120.368408,176.322998,7,600,58,3,e00fce6876826e255108c6bd,2025-06-28 03:40:04,2025-06-28 03:40:04,2025-06-28 03:40:04,2025-06-28
240,d1FffQtFHo,MOOSPMv3Parser,1751082601,3,3,3,5,5,4,4,5,5,4,641,198,220838,35,26,3,26,26,0,0,26,0,34,34,24,26,23.092,44,3,36.139042,-120.368301,180.042007,6,600,58,3,e00fce6876826e255108c6bd,2025-06-28 03:50:05,2025-06-28 03:50:05,2025-06-28 03:50:05,2025-06-28
248,JiuwI8pgKm,MOOSPMv3Parser,1751083201,3,3,3,5,5,4,4,6,6,4,673,205,220862,38,27,4,27,27,0,0,27,0,33,33,25,27,22.923,61,3,36.139038,-120.368576,150.399994,6,600,58,3,e00fce6876826e255108c6bd,2025-06-28 04:00:04,2025-06-28 04:00:05,2025-06-28 04:00:05,2025-06-28
259,upKlZCsAc9,MOOSPMv3Parser,1751083801,3,3,4,5,5,4,4,6,6,4,669,204,220887,41,28,4,28,28,0,0,28,0,33,33,24,27,23.424,55,3,36.138905,-120.36834,184.667007,7,600,58,3,e00fce6876826e255108c6bd,2025-06-28 04:10:04,2025-06-28 04:10:05,2025-06-28 04:10:05,2025-06-28
269,KQHj7NrEEh,MOOSPMv3Parser,1751084401,3,3,3,5,5,4,4,6,6,4,664,204,220910,38,26,4,27,27,0,0,27,0,33,32,24,26,24.086,40,3,36.139008,-120.368423,180.373993,10,600,58,3,e00fce6876826e255108c6bd,2025-06-28 04:20:05,2025-06-28 04:20:05,2025-06-28 04:20:05,2025-06-28
279,DCDX0ZCCsc,MOOSPMv3Parser,1751085001,2,2,3,4,4,3,3,5,5,3,573,175,220932,35,25,3,25,25,0,0,25,0,32,32,26,28,23.967,43,3,36.139023,-120.368408,176.354996,6,600,58,3,e00fce6876826e255108c6bd,2025-06-28 04:30:06,2025-06-28 04:30:06,2025-06-28 04:30:06,2025-06-28
288,C80xzJLREb,MOOSPMv3Parser,1751085601,2,2,3,4,4,3,3,5,5,3,614,188,220954,33,25,4,25,25,0,0,25,0,32,32,24,27,25.168,39,3,36.138969,-120.368385,190.628998,7,600,58,3,e00fce6876826e255108c6bd,2025-06-28 04:40:05,2025-06-28 04:40:05,2025-06-28 04:40:05,2025-06-28
299,LHVoY1pztp,MOOSPMv3Parser,1751086201,2,2,3,4,4,3,3,4,4,3,587,182,220977,32,25,2,25,25,0,0,25,0,32,31,25,27,26.954,25,4,36.139027,-120.368416,159.304993,8,600,58,3,e00fce6876826e255108c6bd,2025-06-28 04:50:05,2025-06-28 04:50:05,2025-06-28 04:50:05,2025-06-28
309,Vh6CjiSws4,MOOSPMv3Parser,1751086801,2,2,3,4,4,3,3,4,4,3,584,178,220998,32,24,2,24,24,0,0,24,0,31,31,25,27,26.09,28,5,36.139069,-120.368347,172.054993,7,600,58,3,e00fce6876826e255108c6bd,2025-06-28 05:00:05,2025-06-28 05:00:05,2025-06-28 05:00:05,2025-06-28
320,ZH7LQErCId,MOOSPMv3Parser,1751087401,2,2,3,4,4,3,3,5,5,3,600,183,221019,33,25,3,25,25,0,0,25,0,31,31,29,31,24.831,37,5,36.139069,-120.368347,172.057999,0,600,58,3,e00fce6876826e255108c6bd,2025-06-28 05:10:10,2025-06-28 05:10:10,2025-06-28 05:10:10,2025-06-28
329,Cndc7hLtwj,MOOSPMv3Parser,1751088001,3,3,3,5,5,3,3,5,5,4,642,198,221042,38,26,3,26,26,0,0,26,0,30,30,28,29,22.774,52,4,36.139038,-120.36824,192.710999,6,600,58,3,e00fce6876826e255108c6bd,2025-06-28 05:20:05,2025-06-28 05:20:05,2025-06-28 05:20:05,2025-06-28
337,fWq2oT3gzJ,MOOSPMv3Parser,1751088601,2,2,3,4,4,3,3,5,5,3,623,190,221064,34,25,3,25,25,0,0,25,0,30,30,30,32,20.79,75,3,36.139091,-120.368561,156.873993,8,600,58,3,e00fce6876826e255108c6bd,2025-06-28 05:30:05,2025-06-28 05:30:05,2025-06-28 05:30:05,2025-06-28
349,RI4NoMKy6u,MOOSPMv3Parser,1751089201,3,3,3,5,5,3,3,5,5,3,622,191,221086,36,25,4,25,25,0,0,25,0,29,29,29,31,21.664,93,2,36.139057,-120.368378,179.580994,7,600,58,3,e00fce6876826e255108c6bd,2025-06-28 05:40:05,2025-06-28 05:40:05,2025-06-28 05:40:05,2025-06-28
360,KzoquJ4C9C,MOOSPMv3Parser,1751089801,3,3,3,4,4,3,3,5,5,3,614,189,221109,31,25,2,25,25,0,0,25,0,29,29,31,32,20.351,107,2,36.13903,-120.368484,166.716003,7,600,58,3,e00fce6876826e255108c6bd,2025-06-28 05:50:05,2025-06-28 05:50:05,2025-06-28 05:50:05,2025-06-28
370,3OMS3b4z26,MOOSPMv3Parser,1751090401,2,2,3,4,4,4,4,5,5,4,611,188,221133,32,26,3,26,26,0,0,26,0,29,29,31,32,19.164,99,2,36.139042,-120.368385,170.891998,7,600,58,3,e00fce6876826e255108c6bd,2025-06-28 06:00:06,2025-06-28 06:00:06,2025-06-28 06:00:06,2025-06-28
380,iPbRtSwNXr,MOOSPMv3Parser,1751091001,2,2,3,4,4,3,3,4,4,3,567,172,221154,29,25,2,25,25,0,0,25,0,28,28,31,33,19.929,96,2,36.139038,-120.368355,186.100998,8,600,58,3,e00fce6876826e255108c6bd,2025-06-28 06:10:09,2025-06-28 06:10:09,2025-06-28 06:10:09,2025-06-28
389,l3917aSWWw,MOOSPMv3Parser,1751091601,2,2,3,4,4,3,3,4,4,3,540,165,221175,30,24,3,24,24,0,0,24,0,28,28,32,33,18.906,160,2,36.139038,-120.368332,173.263,7,600,58,3,e00fce6876826e255108c6bd,2025-06-28 06:20:05,2025-06-28 06:20:05,2025-06-28 06:20:05,2025-06-28
400,vHgF5Jw9P6,MOOSPMv3Parser,1751092201,2,2,3,4,4,3,3,5,5,3,563,174,221198,34,25,3,26,26,0,0,26,0,28,27,33,35,19.444,111,2,36.139061,-120.368477,184.781998,7,600,58,3,e00fce6876826e255108c6bd,2025-06-28 06:30:09,2025-06-28 06:30:09,2025-06-28 06:30:09,2025-06-28
409,AhTFAHADRL,MOOSPMv3Parser,1751092801,2,2,3,4,4,3,3,4,4,3,533,165,221220,29,25,2,25,25,0,0,25,0,27,27,33,35,19.405,96,2,36.139076,-120.36866,156.188995,7,600,58,3,e00fce6876826e255108c6bd,2025-06-28 06:40:04,2025-06-28 06:40:05,2025-06-28 06:40:05,2025-06-28
419,EC0qFknPuk,MOOSPMv3Parser,1751093401,2,2,3,4,4,3,3,5,5,3,566,176,221242,34,25,3,25,25,0,0,25,0,27,27,32,34,17.86,153,2,36.139034,-120.36837,171.565994,8,600,58,3,e00fce6876826e255108c6bd,2025-06-28 06:50:04,2025-06-28 06:50:05,2025-06-28 06:50:05,2025-06-28
429,5DSe8rfjdC,MOOSPMv3Parser,1751094001,2,2,3,4,4,3,3,5,5,3,541,167,221265,33,26,3,26,26,0,0,26,0,26,27,35,37,17.69,186,1,36.139034,-120.36837,171.567001,0,600,58,3,e00fce6876826e255108c6bd,2025-06-28 07:00:05,2025-06-28 07:00:05,2025-06-28 07:00:05,2025-06-28
439,qmNoJgUWVf,MOOSPMv3Parser,1751094601,2,2,4,4,4,4,4,5,5,4,565,175,221289,34,28,3,28,28,0,0,28,0,26,26,36,37,16.57,214,1,36.139061,-120.368538,163.488998,9,600,58,3,e00fce6876826e255108c6bd,2025-06-28 07:10:05,2025-06-28 07:10:05,2025-06-28 07:10:05,2025-06-28
450,TFCeq0YCvH,MOOSPMv3Parser,1751095201,2,2,4,4,4,4,4,5,5,4,594,183,221314,35,28,5,28,28,0,0,28,0,26,26,33,35,16.055,282,1,36.138981,-120.368431,175.733994,9,600,58,3,e00fce6876826e255108c6bd,2025-06-28 07:20:05,2025-06-28 07:20:05,2025-06-28 07:20:05,2025-06-28
460,MXxEskTaHz,MOOSPMv3Parser,1751095801,2,2,4,4,4,4,4,5,5,4,582,178,221340,33,29,3,29,29,0,0,29,0,26,26,34,36,16.215,278,1,36.139011,-120.368355,176.451996,10,600,58,3,e00fce6876826e255108c6bd,2025-06-28 07:30:04,2025-06-28 07:30:04,2025-06-28 07:30:04,2025-06-28
469,1X6jSEeAI2,MOOSPMv3Parser,1751096401,3,3,4,6,6,4,4,6,6,4,739,229,221368,40,32,3,32,32,0,0,32,0,26,26,33,36,15.305,370,1,36.139,-120.368408,159.369003,7,600,58,3,e00fce6876826e255108c6bd,2025-06-28 07:40:04,2025-06-28 07:40:04,2025-06-28 07:40:04,2025-06-28
480,v2n0AGRcyF,MOOSPMv3Parser,1751097001,4,4,4,7,7,5,5,8,8,5,849,263,221399,48,35,5,35,35,0,0,35,0,26,25,32,35,15.754,376,1,36.138969,-120.368317,189.421005,8,600,58,3,e00fce6876826e255108c6bd,2025-06-28 07:50:04,2025-06-28 07:50:05,2025-06-28 07:50:05,2025-06-28
490,Mmqq8FhCT3,MOOSPMv3Parser,1751097601,5,5,4,8,8,5,5,9,9,5,968,299,221430,52,35,5,35,35,0,0,35,0,26,25,32,35,16.896,342,1,36.138905,-120.36821,185.487,7,600,58,3,e00fce6876826e255108c6bd,2025-06-28 08:00:05,2025-06-28 08:00:05,2025-06-28 08:00:05,2025-06-28
500,1J5QY2Sgra,MOOSPMv3Parser,1751098201,3,3,4,5,5,4,4,6,6,4,683,211,221455,37,28,3,28,28,0,0,28,0,26,25,35,38,15.191,363,1,36.139019,-120.368362,173.401001,9,600,58,3,e00fce6876826e255108c6bd,2025-06-28 08:10:04,2025-06-28 08:10:05,2025-06-28 08:10:05,2025-06-28
510,vwypQpyrIO,MOOSPMv3Parser,1751098801,3,3,4,5,5,4,4,5,5,4,635,195,221480,34,28,3,28,28,0,0,28,0,25,25,39,41,14.729,332,1,36.138935,-120.368179,192.490997,10,600,58,3,e00fce6876826e255108c6bd,2025-06-28 08:20:10,2025-06-28 08:20:11,2025-06-28 08:20:11,2025-06-28
519,oy19ziOIbq,MOOSPMv3Parser,1751099401,2,2,4,4,4,4,4,5,5,4,608,186,221503,32,28,2,28,28,0,0,28,0,25,25,38,40,13.726,395,1,36.138947,-120.368172,187.330994,7,600,58,3,e00fce6876826e255108c6bd,2025-06-28 08:30:05,2025-06-28 08:30:05,2025-06-28 08:30:05,2025-06-28
530,bONzIHRDo3,MOOSPMv3Parser,1751100001,2,2,3,4,4,3,3,4,4,3,583,180,221527,33,26,2,26,26,0,0,26,0,24,24,39,41,14.022,307,1,36.138981,-120.368294,169.276993,8,600,58,3,e00fce6876826e255108c6bd,2025-06-28 08:40:04,2025-06-28 08:40:04,2025-06-28 08:40:04,2025-06-28
540,YglwBD4B3J,MOOSPMv3Parser,1751100601,3,3,3,4,4,4,4,5,5,4,619,188,221550,35,26,3,26,26,0,0,26,0,24,24,38,40,14.412,304,1,36.138981,-120.368294,169.279999,0,600,58,3,e00fce6876826e255108c6bd,2025-06-28 08:50:05,2025-06-28 08:50:05,2025-06-28 08:50:05,2025-06-28
549,2bGw35J3Cn,MOOSPMv3Parser,1751101201,3,3,3,4,4,4,4,5,5,4,625,193,221574,33,27,3,27,27,0,0,27,0,24,24,39,41,14.175,377,1,36.139065,-120.368263,178.654007,8,600,58,3,e00fce6876826e255108c6bd,2025-06-28 09:00:04,2025-06-28 09:00:05,2025-06-28 09:00:05,2025-06-28
560,MNfTQNE5j8,MOOSPMv3Parser,1751101801,2,2,3,4,4,4,4,5,5,4,580,177,221598,31,27,3,27,27,0,0,27,0,24,24,37,39,13.876,400,1,36.139019,-120.36834,179.779007,9,600,58,3,e00fce6876826e255108c6bd,2025-06-28 09:10:05,2025-06-28 09:10:05,2025-06-28 09:10:05,2025-06-28
570,xz17ZGkCor,MOOSPMv3Parser,1751102401,2,2,3,4,4,3,3,5,5,3,578,176,221620,31,25,3,25,25,0,0,25,0,24,23,36,38,13.834,424,1,36.13905,-120.368286,178.192001,6,600,58,3,e00fce6876826e255108c6bd,2025-06-28 09:20:04,2025-06-28 09:20:04,2025-06-28 09:20:04,2025-06-28
580,1E6LpjsICS,MOOSPMv3Parser,1751103001,2,2,3,4,4,3,3,5,5,3,554,170,221643,31,25,3,26,26,0,0,26,0,23,23,38,40,14.934,405,1,36.139011,-120.36834,174.649994,7,600,58,3,e00fce6876826e255108c6bd,2025-06-28 09:30:05,2025-06-28 09:30:05,2025-06-28 09:30:05,2025-06-28
590,3q7SPDpaDa,MOOSPMv3Parser,1751103601,2,2,3,4,4,3,3,5,5,3,554,168,221666,34,26,4,26,26,0,0,26,0,23,23,40,42,15.061,363,1,36.139072,-120.368294,175.949997,8,600,58,3,e00fce6876826e255108c6bd,2025-06-28 09:40:04,2025-06-28 09:40:05,2025-06-28 09:40:05,2025-06-28
600,Zd9x0LYYDV,MOOSPMv3Parser,1751104201,2,2,4,4,4,4,4,5,5,4,586,179,221691,33,28,3,28,28,0,0,28,0,23,23,38,40,15.174,325,1,36.139095,-120.368156,180.132004,8,600,58,3,e00fce6876826e255108c6bd,2025-06-28 09:50:04,2025-06-28 09:50:05,2025-06-28 09:50:05,2025-06-28
609,H4QAMz7ADt,MOOSPMv3Parser,1751104801,2,2,3,3,3,4,4,4,4,4,512,157,221715,29,26,2,26,26,0,0,26,0,23,23,39,40,16.003,284,1,36.138927,-120.368828,137.733994,8,600,58,3,e00fce6876826e255108c6bd,2025-06-28 10:00:05,2025-06-28 10:00:05,2025-06-28 10:00:05,2025-06-28
618,R3upWZx9qM,MOOSPMv3Parser,1751105401,2,2,3,4,4,4,4,5,5,4,553,171,221738,32,26,3,26,26,0,0,26,0,23,22,38,41,16.254,231,1,36.139065,-120.368309,174.322998,7,600,58,3,e00fce6876826e255108c6bd,2025-06-28 10:10:05,2025-06-28 10:10:05,2025-06-28 10:10:05,2025-06-28
627,UOVEiJnfi1,MOOSPMv3Parser,1751106001,2,2,3,4,4,3,3,4,4,3,525,163,221760,30,25,3,25,25,0,0,25,0,23,22,42,44,16.6,184,1,36.138996,-120.368263,177.348999,10,600,58,3,e00fce6876826e255108c6bd,2025-06-28 10:20:04,2025-06-28 10:20:05,2025-06-28 10:20:05,2025-06-28
636,pcOS3GJDJu,MOOSPMv3Parser,1751106601,2,2,3,4,4,3,3,4,4,3,517,160,221782,31,25,3,25,25,0,0,25,0,22,22,40,42,15.506,243,1,36.139111,-120.368362,156.604996,9,600,58,3,e00fce6876826e255108c6bd,2025-06-28 10:30:04,2025-06-28 10:30:05,2025-06-28 10:30:05,2025-06-28
645,TBNW4E1eGj,MOOSPMv3Parser,1751107201,2,2,3,4,4,3,3,4,4,3,520,161,221804,34,24,3,24,24,0,0,25,0,22,22,40,42,15.217,311,1,36.139111,-120.368362,156.600006,0,600,58,3,e00fce6876826e255108c6bd,2025-06-28 10:40:04,2025-06-28 10:40:05,2025-06-28 10:40:05,2025-06-28
654,WBrBvbVmMj,MOOSPMv3Parser,1751107801,2,2,4,4,4,4,4,5,5,4,568,174,221829,33,28,4,29,29,0,0,29,1,22,22,40,42,14.374,350,1,36.138958,-120.368401,177.143005,9,600,58,3,e00fce6876826e255108c6bd,2025-06-28 10:50:04,2025-06-28 10:50:04,2025-06-28 10:50:04,2025-06-28
663,h86hFekZgS,MOOSPMv3Parser,1751108401,2,2,4,4,4,5,5,5,5,5,561,172,221855,35,30,3,31,31,0,0,31,1,22,22,41,43,15.39,329,1,36.13905,-120.368324,172.309998,10,600,58,3,e00fce6876826e255108c6bd,2025-06-28 11:00:05,2025-06-28 11:00:05,2025-06-28 11:00:05,2025-06-28
672,xn5EQxWAum,MOOSPMv3Parser,1751109001,2,2,3,4,4,4,4,5,5,4,534,167,221878,33,27,4,27,27,0,0,27,1,22,21,42,45,15.433,255,1,36.138992,-120.368263,175.382004,9,600,58,3,e00fce6876826e255108c6bd,2025-06-28 11:10:04,2025-06-28 11:10:05,2025-06-28 11:10:05,2025-06-28
681,qHjO2sZEyt,MOOSPMv3Parser,1751109601,2,2,3,4,4,3,3,5,5,3,524,161,221900,32,24,4,25,25,0,0,25,0,22,21,39,42,15.529,334,1,36.139011,-120.368408,166.059006,11,600,58,3,e00fce6876826e255108c6bd,2025-06-28 11:20:06,2025-06-28 11:20:06,2025-06-28 11:20:06,2025-06-28
690,N0HGcvUpzQ,MOOSPMv3Parser,1751110201,2,2,3,4,4,3,3,4,4,3,487,149,221920,28,23,3,23,23,0,0,23,0,21,21,41,43,16.276,272,1,36.139042,-120.368355,179.046997,8,600,58,3,e00fce6876826e255108c6bd,2025-06-28 11:30:04,2025-06-28 11:30:05,2025-06-28 11:30:05,2025-06-28
699,oskiUJmNrq,MOOSPMv3Parser,1751110801,2,2,3,4,4,3,3,5,5,3,525,162,221941,29,24,4,24,24,0,0,24,0,21,21,40,42,16.186,291,1,36.139019,-120.368317,162.522003,6,600,58,3,e00fce6876826e255108c6bd,2025-06-28 11:40:04,2025-06-28 11:40:05,2025-06-28 11:40:05,2025-06-28
968,1EQDLIvXCD,MOOSPMv3Parser,1751130600,3,3,115,5,5,832,1425,6,6,1716,687,209,0,36,201,4,902,1050,0,0,1083,2,36,40,26,24,12.654,34,2,36.139023,-120.368378,181.871994,9,418,58,3,e00fce6876826e255108c6bd,2025-06-28 17:10:06,2025-06-28 17:10:06,2025-06-28 17:10:06,2025-06-28
971,DIw5F0uvpE,MOOSPMv3Parser,1751131200,3,3,168,5,5,617,984,5,5,1165,694,211,553,35,880,2,1317,1409,0,0,1430,1,37,41,25,23,18.653,70,5,36.138988,-120.368279,175.690002,6,600,58,3,e00fce6876826e255108c6bd,2025-06-28 17:20:02,2025-06-28 17:20:02,2025-06-28 17:20:02,2025-06-28
982,tqUhe6V9iC,MOOSPMv3Parser,1751131800,3,3,4,5,5,5,5,5,5,5,690,207,583,34,35,2,35,35,0,0,35,0,37,41,24,22,20.04,94,4,36.139015,-120.36837,178.938004,7,600,58,3,e00fce6876826e255108c6bd,2025-06-28 17:30:03,2025-06-28 17:30:03,2025-06-28 17:30:03,2025-06-28
990,dzj1V96ZxP,MOOSPMv3Parser,1751132400,3,3,3,5,5,3,3,5,5,3,678,204,604,32,24,2,24,24,0,0,24,0,38,42,23,22,20.041,105,3,36.139088,-120.36824,195.237,6,600,58,3,e00fce6876826e255108c6bd,2025-06-28 17:40:02,2025-06-28 17:40:02,2025-06-28 17:40:02,2025-06-28
1007,P5WqcMYojp,MOOSPMv3Parser,1751133000,3,3,3,5,5,3,3,5,5,3,693,208,624,34,23,2,23,23,0,0,23,0,39,43,22,21,21.543,107,2,36.139053,-120.368347,187.712006,7,600,58,3,e00fce6876826e255108c6bd,2025-06-28 17:50:06,2025-06-28 17:50:06,2025-06-28 17:50:06,2025-06-28
1017,EIdFvOkkwo,MOOSPMv3Parser,1751133600,2,2,3,4,4,3,3,5,5,3,655,196,642,31,21,2,21,21,0,0,21,0,39,43,21,20,21.591,71,1,36.139038,-120.368332,195.218994,6,600,58,3,e00fce6876826e255108c6bd,2025-06-28 18:00:07,2025-06-28 18:00:07,2025-06-28 18:00:07,2025-06-28
1021,enQkspL9s4,MOOSPMv3Parser,1751134200,3,3,3,4,4,3,3,5,5,3,654,190,660,30,20,2,20,20,0,0,20,0,40,44,19,19,22.332,29,1,36.139038,-120.368332,195.216995,0,600,58,3,e00fce6876826e255108c6bd,2025-06-28 18:10:02,2025-06-28 18:10:02,2025-06-28 18:10:02,2025-06-28
1034,dccHgD4pVo,MOOSPMv3Parser,1751134800,3,3,3,4,4,3,3,5,5,3,644,192,678,31,21,4,21,21,0,0,21,0,40,44,20,19,22.097,61,1,36.139,-120.368332,174.332993,5,600,58,3,e00fce6876826e255108c6bd,2025-06-28 18:20:03,2025-06-28 18:20:03,2025-06-28 18:20:03,2025-06-28
1041,9Qnm8PDPdS,MOOSPMv3Parser,1751135400,3,3,3,4,4,3,3,5,5,3,640,189,696,29,21,2,21,21,0,0,21,0,40,45,18,18,22.349,60,1,36.138935,-120.368324,170.369995,6,600,58,3,e00fce6876826e255108c6bd,2025-06-28 18:30:02,2025-06-28 18:30:02,2025-06-28 18:30:02,2025-06-28
1053,etbxrQDYDw,MOOSPMv3Parser,1751136000,2,2,2,4,4,3,3,4,4,3,636,189,713,31,19,2,19,19,0,0,19,0,41,45,18,18,22.119,55,1,36.138962,-120.368393,159.087997,6,600,58,3,e00fce6876826e255108c6bd,2025-06-28 18:40:03,2025-06-28 18:40:03,2025-06-28 18:40:03,2025-06-28
1063,EvLBDDijM7,MOOSPMv3Parser,1751136600,2,2,2,4,4,3,3,4,4,3,640,187,730,28,19,2,19,19,0,0,19,0,42,46,17,17,22.034,222,1,36.138985,-120.36834,165.029007,6,600,58,3,e00fce6876826e255108c6bd,2025-06-28 18:50:03,2025-06-28 18:50:03,2025-06-28 18:50:03,2025-06-28
1073,RhQtzx15tX,MOOSPMv3Parser,1751137200,2,2,2,3,3,3,3,4,4,3,618,179,746,24,19,1,19,19,0,0,19,0,42,46,17,16,22.811,133,1,36.139107,-120.368408,190.759003,7,600,58,3,e00fce6876826e255108c6bd,2025-06-28 19:00:03,2025-06-28 19:00:03,2025-06-28 19:00:03,2025-06-28
1085,BQEhegiBG0,MOOSPMv3Parser,1751137800,2,2,2,3,3,3,3,4,4,3,612,178,763,26,19,1,19,19,0,0,19,0,42,47,17,17,22.727,169,1,36.139061,-120.368401,188.149994,7,600,58,3,e00fce6876826e255108c6bd,2025-06-28 19:10:04,2025-06-28 19:10:04,2025-06-28 19:10:04,2025-06-28
1092,D6lRMZqg58,MOOSPMv3Parser,1751138400,2,2,2,4,4,3,3,4,4,3,638,184,779,31,19,2,19,19,0,0,19,0,43,47,16,16,23.165,244,1,36.139057,-120.36834,169.669998,5,600,58,3,e00fce6876826e255108c6bd,2025-06-28 19:20:03,2025-06-28 19:20:03,2025-06-28 19:20:03,2025-06-28
1099,GFdUoXqy8S,MOOSPMv3Parser,1751139000,2,2,2,4,4,3,3,4,4,3,624,182,796,29,19,2,19,19,0,0,19,0,43,47,16,16,23.693,278,1,36.139004,-120.36834,171.181,6,600,58,3,e00fce6876826e255108c6bd,2025-06-28 19:30:02,2025-06-28 19:30:02,2025-06-28 19:30:02,2025-06-28
1111,9QTwgODxrb,MOOSPMv3Parser,1751139600,2,2,2,4,4,3,3,4,4,3,644,184,812,30,19,2,19,19,0,0,19,0,43,47,16,15,23.883,311,1,36.139023,-120.368385,193.466003,6,600,58,3,e00fce6876826e255108c6bd,2025-06-28 19:40:02,2025-06-28 19:40:03,2025-06-28 19:40:03,2025-06-28
1122,xH35A5sDx6,MOOSPMv3Parser,1751140200,3,3,2,4,4,2,2,4,4,2,649,186,828,30,18,2,18,18,0,0,18,0,43,47,16,15,23.917,232,1,36.139023,-120.368385,193.462006,0,600,58,3,e00fce6876826e255108c6bd,2025-06-28 19:50:03,2025-06-28 19:50:03,2025-06-28 19:50:03,2025-06-28
1132,PNdYBY0288,MOOSPMv3Parser,1751140800,2,2,2,4,4,2,2,4,4,2,642,185,844,29,18,1,18,18,0,0,18,0,44,48,15,15,23.006,332,1,36.139019,-120.368431,186.584,6,600,58,3,e00fce6876826e255108c6bd,2025-06-28 20:00:03,2025-06-28 20:00:03,2025-06-28 20:00:03,2025-06-28
1143,H9r9QQ8SFU,MOOSPMv3Parser,1751141400,3,3,2,4,4,2,2,4,4,2,687,199,859,28,18,1,18,18,0,0,18,0,43,48,15,15,24.803,213,1,36.139015,-120.36824,177.714005,5,600,58,3,e00fce6876826e255108c6bd,2025-06-28 20:10:03,2025-06-28 20:10:03,2025-06-28 20:10:03,2025-06-28
1152,SkxwgCV4VA,MOOSPMv3Parser,1751142000,2,2,2,3,3,2,2,3,3,2,605,172,874,25,17,1,18,18,0,0,18,0,44,48,13,14,24.628,154,1,36.138988,-120.36821,197.125,7,600,58,3,e00fce6876826e255108c6bd,2025-06-28 20:20:02,2025-06-28 20:20:02,2025-06-28 20:20:02,2025-06-28
1164,xp731y0pCT,MOOSPMv3Parser,1751142600,2,2,2,3,3,2,2,3,3,2,571,160,888,27,16,1,16,16,0,0,16,0,44,48,14,14,25.613,64,1,36.139076,-120.36821,170.735992,6,600,58,3,e00fce6876826e255108c6bd,2025-06-28 20:30:03,2025-06-28 20:30:03,2025-06-28 20:30:03,2025-06-28
1171,Op9HWK3xIP,MOOSPMv3Parser,1751143200,2,2,2,3,3,2,2,4,4,2,548,151,901,25,15,2,15,15,0,0,15,0,44,48,12,13,25.213,85,1,36.139008,-120.368271,102.713997,5,600,58,3,e00fce6876826e255108c6bd,2025-06-28 20:40:02,2025-06-28 20:40:02,2025-06-28 20:40:02,2025-06-28
1182,APLk8zCiuz,MOOSPMv3Parser,1751143800,2,2,2,3,3,2,2,3,3,2,578,162,914,25,15,1,15,15,0,0,15,0,45,48,12,13,24.679,146,1,36.138996,-120.368347,168.121002,5,600,58,3,e00fce6876826e255108c6bd,2025-06-28 20:50:03,2025-06-28 20:50:03,2025-06-28 20:50:03,2025-06-28
1191,YvN0ycltti,MOOSPMv3Parser,1751144400,2,2,2,3,3,2,2,4,4,2,648,179,928,26,16,2,16,16,0,0,16,0,44,48,14,14,25.458,177,1,36.139,-120.368446,179.848999,6,600,58,3,e00fce6876826e255108c6bd,2025-06-28 21:00:02,2025-06-28 21:00:03,2025-06-28 21:00:03,2025-06-28
1207,A1m2Ao0oZO,MOOSPMv3Parser,1751145000,3,3,2,4,4,2,2,4,4,2,696,191,943,25,17,2,17,17,0,0,17,0,45,49,13,14,24.156,412,1,36.139042,-120.368233,195.899994,6,600,58,3,e00fce6876826e255108c6bd,2025-06-28 21:10:07,2025-06-28 21:10:07,2025-06-28 21:10:07,2025-06-28
1217,kAhlN3wGmZ,MOOSPMv3Parser,1751145600,2,2,2,4,4,2,2,4,4,2,691,188,957,27,16,2,16,16,0,0,16,0,45,49,13,13,24.217,450,1,36.139072,-120.368042,221.483994,5,600,58,3,e00fce6876826e255108c6bd,2025-06-28 21:20:07,2025-06-28 21:20:07,2025-06-28 21:20:07,2025-06-28
1222,knIfS1VmUT,MOOSPMv3Parser,1751146200,3,3,2,4,4,2,2,4,4,2,719,194,971,30,16,2,17,17,0,0,17,0,45,49,12,12,24.272,474,1,36.139072,-120.368042,221.483994,0,600,58,3,e00fce6876826e255108c6bd,2025-06-28 21:30:03,2025-06-28 21:30:03,2025-06-28 21:30:03,2025-06-28
1232,64V9eoIbJ4,MOOSPMv3Parser,1751146800,2,2,2,4,4,2,2,4,4,2,717,195,985,25,16,2,16,16,0,0,16,0,45,49,12,12,25.325,411,1,36.139,-120.368423,165.694,6,600,58,3,e00fce6876826e255108c6bd,2025-06-28 21:40:02,2025-06-28 21:40:03,2025-06-28 21:40:03,2025-06-28
1241,RDhkDtWIvz,MOOSPMv3Parser,1751147400,3,3,2,4,4,2,2,4,4,2,713,189,1000,27,16,2,16,16,0,0,16,0,45,49,12,12,25.959,360,1,36.139034,-120.368324,185.255997,6,600,58,3,e00fce6876826e255108c6bd,2025-06-28 21:50:02,2025-06-28 21:50:03,2025-06-28 21:50:03,2025-06-28
1252,6Dtk3GPpiZ,MOOSPMv3Parser,1751148000,2,2,2,3,3,2,2,3,3,2,639,166,1014,21,16,1,16,16,0,0,16,0,45,50,13,13,24.885,438,1,36.139042,-120.368332,165.065994,6,600,58,3,e00fce6876826e255108c6bd,2025-06-28 22:00:03,2025-06-28 22:00:03,2025-06-28 22:00:03,2025-06-28
1263,UEIe6sqU1k,MOOSPMv3Parser,1751148600,2,2,2,3,3,2,2,4,4,2,696,181,1027,25,15,2,15,15,1,0,15,0,46,50,12,12,24.881,485,1,36.139004,-120.36834,177.850998,5,600,58,3,e00fce6876826e255108c6bd,2025-06-28 22:10:03,2025-06-28 22:10:03,2025-06-28 22:10:03,2025-06-28
1273,DXGhgNlXqk,MOOSPMv3Parser,1751149200,2,2,2,4,4,2,2,4,4,2,725,188,1041,27,16,2,16,16,0,0,16,0,45,49,12,12,26.204,467,1,36.139069,-120.368507,171.709,5,600,58,3,e00fce6876826e255108c6bd,2025-06-28 22:20:03,2025-06-28 22:20:03,2025-06-28 22:20:03,2025-06-28
1283,6SangNILkC,MOOSPMv3Parser,1751149800,2,2,2,4,4,2,2,4,4,2,726,191,1055,29,16,2,16,16,0,0,16,0,45,49,12,12,24.656,483,1,36.13905,-120.368401,177.473999,5,600,58,3,e00fce6876826e255108c6bd,2025-06-28 22:30:03,2025-06-28 22:30:03,2025-06-28 22:30:03,2025-06-28
1292,MgOtktKnns,MOOSPMv3Parser,1751150400,2,2,2,4,4,2,2,4,4,2,681,178,1069,25,16,1,16,16,0,0,16,0,44,49,12,13,176.786,412,1,36.138985,-120.368408,180.403,7,600,58,3,e00fce6876826e255108c6bd,2025-06-28 22:40:03,2025-06-28 22:40:03,2025-06-28 22:40:03,2025-06-28
1300,M5XtQ0Q4ij,MOOSPMv3Parser,1751151000,3,3,2,4,4,2,2,4,4,2,687,187,1083,26,16,2,16,16,0,0,16,0,45,49,13,13,29.08,370,1,36.138985,-120.368408,180.401001,0,600,58,3,e00fce6876826e255108c6bd,2025-06-28 22:50:02,2025-06-28 22:50:03,2025-06-28 22:50:03,2025-06-28
1313,uJ8bCJSO6K,MOOSPMv3Parser,1751151600,2,2,2,4,4,2,2,4,4,2,677,182,1098,26,17,1,17,17,0,0,17,0,45,48,13,14,24.945,362,1,36.138924,-120.368332,211.352005,6,600,58,3,e00fce6876826e255108c6bd,2025-06-28 23:00:02,2025-06-28 23:00:03,2025-06-28 23:00:03,2025-06-28
1327,OfICxTslNh,MOOSPMv3Parser,1751152200,3,3,2,4,4,3,3,4,4,3,748,210,1114,29,19,1,19,19,0,0,19,0,45,48,14,14,25.171,388,1,36.139023,-120.368301,182.623993,6,600,58,3,e00fce6876826e255108c6bd,2025-06-28 23:10:07,2025-06-28 23:10:07,2025-06-28 23:10:07,2025-06-28
1330,DfzMjKVEPv,MOOSPMv3Parser,1751152800,3,3,2,4,4,3,3,5,5,3,734,210,1131,30,19,1,19,19,0,0,19,0,44,47,14,15,26.184,184,1,36.138981,-120.368332,182.225006,6,600,58,3,e00fce6876826e255108c6bd,2025-06-28 23:20:02,2025-06-28 23:20:03,2025-06-28 23:20:03,2025-06-28
1341,jnhCnFvOj4,MOOSPMv3Parser,1751153400,3,3,2,4,4,3,3,5,5,3,747,213,1147,30,19,1,19,19,0,0,19,0,44,47,14,15,25.771,123,1,36.139061,-120.368301,179.156998,7,600,58,3,e00fce6876826e255108c6bd,2025-06-28 23:30:02,2025-06-28 23:30:03,2025-06-28 23:30:03,2025-06-28
1357,tnt2f1c1ZE,MOOSPMv3Parser,1751154000,3,3,2,4,4,2,2,5,5,2,712,204,1163,33,18,2,18,18,0,0,18,0,44,46,14,15,26.401,14,1,36.138958,-120.368347,201.794006,6,600,58,3,e00fce6876826e255108c6bd,2025-06-28 23:40:07,2025-06-28 23:40:07,2025-06-28 23:40:07,2025-06-28
1361,pNXgmWlt0i,MOOSPMv3Parser,1751154600,3,3,2,4,4,3,3,4,4,3,708,205,1180,26,19,1,19,19,0,0,19,0,44,46,14,15,129.981,3,1,36.138973,-120.368263,170.656998,5,600,58,3,e00fce6876826e255108c6bd,2025-06-28 23:50:03,2025-06-28 23:50:03,2025-06-28 23:50:03,2025-06-28
7,x16GPMJhVU,MOOSPMv3Parser,1751155200,3,3,2,4,4,2,2,5,5,2,701,203,1196,30,18,2,19,19,0,0,19,0,44,45,14,15,27.222,2,2,36.138985,-120.36821,186.455002,6,600,58,3,e00fce6876826e255108c6bd,2025-06-29 00:00:03,2025-06-29 00:00:04,2025-06-29 00:00:04,2025-06-29
14,7S3aFjK1Qn,MOOSPMv3Parser,1751155800,3,3,3,4,4,3,3,5,5,3,682,201,1213,30,20,2,20,20,0,0,20,0,43,45,14,16,27.526,1,2,36.13903,-120.36834,178.472,6,600,58,3,e00fce6876826e255108c6bd,2025-06-29 00:10:03,2025-06-29 00:10:03,2025-06-29 00:10:03,2025-06-29
30,59jdDslrJO,MOOSPMv3Parser,1751156400,3,3,3,5,5,3,3,5,5,3,704,208,1231,28,20,2,20,20,0,0,20,0,43,44,15,16,134.168,1,2,36.139015,-120.3685,161.242996,6,600,58,3,e00fce6876826e255108c6bd,2025-06-29 00:20:07,2025-06-29 00:20:07,2025-06-29 00:20:07,2025-06-29
36,PHT9v37jEe,MOOSPMv3Parser,1751157000,2,2,2,4,4,2,2,5,5,2,620,185,1247,31,18,2,18,18,0,0,18,0,42,44,13,14,259.045,1,2,36.139004,-120.368324,168.082001,6,600,58,3,e00fce6876826e255108c6bd,2025-06-29 00:30:03,2025-06-29 00:30:03,2025-06-29 00:30:03,2025-06-29
47,GdeWEa6RC1,MOOSPMv3Parser,1751157600,2,2,2,4,4,2,2,4,4,2,575,174,1263,29,19,1,19,19,0,0,19,0,42,43,13,15,406.585,1,2,36.139004,-120.368324,168.078995,0,600,58,3,e00fce6876826e255108c6bd,2025-06-29 00:40:03,2025-06-29 00:40:04,2025-06-29 00:40:04,2025-06-29
55,Yjkjdr8hDr,MOOSPMv3Parser,1751158200,2,2,2,3,3,3,3,4,4,3,558,167,1280,29,19,1,19,19,0,0,19,0,42,42,13,14,232.508,1,2,36.139046,-120.368149,194.139008,6,600,58,3,e00fce6876826e255108c6bd,2025-06-29 00:50:03,2025-06-29 00:50:03,2025-06-29 00:50:03,2025-06-29
66,lFFL3bRWMc,MOOSPMv3Parser,1751158800,2,2,3,3,3,3,3,4,4,3,534,160,1297,29,20,2,20,20,0,0,20,0,41,42,13,15,181.027,1,2,36.139034,-120.367989,204.339996,6,600,58,3,e00fce6876826e255108c6bd,2025-06-29 01:00:03,2025-06-29 01:00:03,2025-06-29 01:00:03,2025-06-29
77,rnr4jRWfVy,MOOSPMv3Parser,1751159400,3,3,3,5,5,3,3,5,5,3,634,194,1317,35,23,2,23,23,0,0,23,0,41,41,13,15,61.567,1,2,36.139027,-120.368599,157.348999,6,600,58,3,e00fce6876826e255108c6bd,2025-06-29 01:10:03,2025-06-29 01:10:03,2025-06-29 01:10:03,2025-06-29
85,In5PGFbDTR,MOOSPMv3Parser,1751160000,2,2,3,4,4,3,3,4,4,3,553,170,1335,31,20,3,20,20,0,0,20,0,41,41,13,15,258.847,1,2,36.138985,-120.368279,181.386002,6,600,58,3,e00fce6876826e255108c6bd,2025-06-29 01:20:03,2025-06-29 01:20:03,2025-06-29 01:20:03,2025-06-29
94,sK0odaT0CC,MOOSPMv3Parser,1751160600,2,2,3,3,3,3,3,4,4,3,517,158,1353,29,20,1,21,21,0,0,21,0,40,40,13,15,514.636,1,3,36.138985,-120.368393,179.093002,6,600,58,3,e00fce6876826e255108c6bd,2025-06-29 01:30:02,2025-06-29 01:30:03,2025-06-29 01:30:03,2025-06-29
108,UcmSikU88H,MOOSPMv3Parser,1751161200,2,2,3,3,3,3,3,4,4,3,527,158,1372,30,22,2,22,22,0,0,22,0,40,40,13,15,402.013,1,3,36.138969,-120.368423,165.615005,6,600,58,3,e00fce6876826e255108c6bd,2025-06-29 01:40:04,2025-06-29 01:40:04,2025-06-29 01:40:04,2025-06-29
115,RHKiQ57zta,MOOSPMv3Parser,1751161800,2,2,3,4,4,3,3,4,4,3,535,164,1390,29,22,2,22,22,0,0,22,0,39,39,14,16,474.628,1,3,36.139034,-120.368393,165.220993,5,600,58,3,e00fce6876826e255108c6bd,2025-06-29 01:50:03,2025-06-29 01:50:03,2025-06-29 01:50:03,2025-06-29
129,fpXqWf4LY4,MOOSPMv3Parser,1751162400,2,2,3,4,4,3,3,4,4,3,565,172,1409,30,21,2,21,21,0,0,21,0,39,39,14,16,451.641,1,4,36.139046,-120.368492,174.643997,5,600,58,3,e00fce6876826e255108c6bd,2025-06-29 02:00:04,2025-06-29 02:00:04,2025-06-29 02:00:04,2025-06-29
134,7QlbnWGOgC,MOOSPMv3Parser,1751163000,2,2,3,3,3,3,3,4,4,3,514,157,1427,28,22,2,22,22,0,0,22,0,39,38,14,16,181.177,2,4,36.139046,-120.368462,173.914001,5,600,58,3,e00fce6876826e255108c6bd,2025-06-29 02:10:03,2025-06-29 02:10:03,2025-06-29 02:10:03,2025-06-29
147,S7LaQigmVx,MOOSPMv3Parser,1751163600,2,2,3,3,3,3,3,4,4,3,529,161,1446,29,21,1,21,21,0,0,21,0,38,38,14,16,181.672,2,5,36.138947,-120.368401,174.617004,5,600,58,3,e00fce6876826e255108c6bd,2025-06-29 02:20:03,2025-06-29 02:20:03,2025-06-29 02:20:03,2025-06-29
160,Q56pMBO9cD,MOOSPMv3Parser,1751164200,2,2,3,4,4,3,3,4,4,3,564,170,1465,30,22,3,22,22,0,0,22,0,37,37,15,17,26.607,3,5,36.138947,-120.368401,174.617996,0,600,58,3,e00fce6876826e255108c6bd,2025-06-29 02:30:07,2025-06-29 02:30:07,2025-06-29 02:30:07,2025-06-29
166,vCdBnAYGZh,MOOSPMv3Parser,1751164800,3,3,4,5,5,4,4,6,6,4,774,237,1489,41,28,3,28,28,0,0,28,0,36,37,15,17,28.82,3,5,36.139004,-120.368317,176.363007,8,600,58,3,e00fce6876826e255108c6bd,2025-06-29 02:40:03,2025-06-29 02:40:03,2025-06-29 02:40:03,2025-06-29
175,IFAo0nVEGQ,MOOSPMv3Parser,1751165400,5,5,5,8,8,5,5,8,8,5,1040,318,1521,52,36,3,36,36,0,0,36,0,36,36,16,17,70.525,3,6,36.139011,-120.368149,172.964996,8,600,58,3,e00fce6876826e255108c6bd,2025-06-29 02:50:03,2025-06-29 02:50:03,2025-06-29 02:50:03,2025-06-29
186,2yVADuzFea,MOOSPMv3Parser,1751166000,6,6,5,9,9,5,5,10,10,5,1158,356,1556,60,40,3,40,40,0,0,41,0,35,36,16,18,140.557,3,6,36.139019,-120.368393,159.684006,7,600,58,3,e00fce6876826e255108c6bd,2025-06-29 03:00:03,2025-06-29 03:00:03,2025-06-29 03:00:03,2025-06-29
197,EdcAEWg1if,MOOSPMv3Parser,1751166600,5,5,5,8,8,5,5,8,8,5,1030,315,1588,54,38,3,38,38,0,0,38,0,35,35,16,18,79.421,3,7,36.138992,-120.368294,171.901001,7,600,58,3,e00fce6876826e255108c6bd,2025-06-29 03:10:03,2025-06-29 03:10:03,2025-06-29 03:10:03,2025-06-29
205,6WyXUPVjV7,MOOSPMv3Parser,1751167200,4,4,4,7,7,4,4,7,7,4,899,275,1617,49,33,2,33,33,0,0,33,0,34,35,16,18,97.963,4,7,36.139046,-120.368279,178.845993,7,600,58,3,e00fce6876826e255108c6bd,2025-06-29 03:20:03,2025-06-29 03:20:03,2025-06-29 03:20:03,2025-06-29
220,56Xgcqsuvg,MOOSPMv3Parser,1751167800,3,3,4,5,5,4,4,6,6,4,713,220,1641,36,28,3,28,28,0,0,28,0,34,34,17,18,62.418,4,8,36.13908,-120.368217,192.996994,7,600,58,3,e00fce6876826e255108c6bd,2025-06-29 03:30:04,2025-06-29 03:30:04,2025-06-29 03:30:04,2025-06-29
226,vmI8W4DZx1,MOOSPMv3Parser,1751168400,3,3,3,4,4,3,3,5,5,3,612,188,1662,33,24,2,24,24,0,0,24,0,34,34,17,19,27.926,4,9,36.139042,-120.368294,165.770996,5,600,58,3,e00fce6876826e255108c6bd,2025-06-29 03:40:03,2025-06-29 03:40:03,2025-06-29 03:40:03,2025-06-29
235,qmnxVEoeLG,MOOSPMv3Parser,1751169000,2,2,3,4,4,3,3,4,4,3,541,168,1680,31,21,3,21,21,0,0,21,0,33,33,19,21,27.959,4,9,36.139053,-120.368416,173.970993,5,600,58,3,e00fce6876826e255108c6bd,2025-06-29 03:50:03,2025-06-29 03:50:03,2025-06-29 03:50:03,2025-06-29
245,n1aIhNQseB,MOOSPMv3Parser,1751169600,2,2,3,3,3,3,3,4,4,3,486,150,1698,27,20,2,21,21,0,0,21,0,33,33,21,23,27.062,6,10,36.138996,-120.368355,179.809006,5,600,58,3,e00fce6876826e255108c6bd,2025-06-29 04:00:03,2025-06-29 04:00:03,2025-06-29 04:00:03,2025-06-29
255,6EBlbH4xdg,MOOSPMv3Parser,1751170200,2,2,3,3,3,3,3,4,4,3,477,147,1716,29,21,2,21,21,0,0,21,0,33,33,21,23,27.755,7,10,36.138889,-120.368309,161.468994,6,600,58,3,e00fce6876826e255108c6bd,2025-06-29 04:10:03,2025-06-29 04:10:03,2025-06-29 04:10:03,2025-06-29
267,YyfAQuy1tk,MOOSPMv3Parser,1751170800,1,1,2,3,3,3,3,3,3,3,428,132,1733,26,19,2,19,19,0,0,19,0,32,32,21,23,27.524,7,11,36.138889,-120.368309,161.468994,0,600,58,3,e00fce6876826e255108c6bd,2025-06-29 04:20:03,2025-06-29 04:20:04,2025-06-29 04:20:04,2025-06-29
276,30Zd38FtVH,MOOSPMv3Parser,1751171400,2,2,3,3,3,3,3,3,3,3,429,132,1750,28,20,2,20,20,0,0,20,0,32,32,21,23,27.873,7,12,36.13895,-120.368462,179.052994,5,600,58,3,e00fce6876826e255108c6bd,2025-06-29 04:30:03,2025-06-29 04:30:03,2025-06-29 04:30:03,2025-06-29
285,B57YsLEmwm,MOOSPMv3Parser,1751172000,2,2,3,3,3,3,3,4,4,3,453,139,1767,27,20,2,20,20,0,0,20,0,32,32,21,23,27.251,7,13,36.139076,-120.368355,163.546005,5,600,58,3,e00fce6876826e255108c6bd,2025-06-29 04:40:03,2025-06-29 04:40:03,2025-06-29 04:40:03,2025-06-29
298,jYACuGwtE7,MOOSPMv3Parser,1751172600,1,1,2,3,3,3,3,3,3,3,458,141,1784,27,20,2,20,20,0,0,20,0,32,31,20,22,27.173,8,13,36.138996,-120.36821,155.483994,5,600,58,3,e00fce6876826e255108c6bd,2025-06-29 04:50:04,2025-06-29 04:50:04,2025-06-29 04:50:04,2025-06-29
306,Hkaz4syAjV,MOOSPMv3Parser,1751173200,1,1,2,3,3,3,3,3,3,3,446,136,1801,25,19,2,19,19,0,0,19,0,31,31,21,23,25.187,13,13,36.139061,-120.368347,172.639999,6,600,58,3,e00fce6876826e255108c6bd,2025-06-29 05:00:03,2025-06-29 05:00:03,2025-06-29 05:00:03,2025-06-29
316,5YNhPnzP1k,MOOSPMv3Parser,1751173800,1,1,3,3,3,3,3,3,3,3,429,132,1818,27,20,2,20,20,0,0,20,0,31,31,21,23,26.567,15,12,36.13903,-120.36834,179.567993,8,600,58,3,e00fce6876826e255108c6bd,2025-06-29 05:10:03,2025-06-29 05:10:04,2025-06-29 05:10:04,2025-06-29
330,1nnvkPcYIC,MOOSPMv3Parser,1751174400,1,1,3,3,3,3,3,3,3,3,433,134,1835,27,20,2,20,20,0,0,20,0,31,31,22,24,26.464,12,14,36.13895,-120.368332,175.242996,6,600,58,3,e00fce6876826e255108c6bd,2025-06-29 05:20:07,2025-06-29 05:20:07,2025-06-29 05:20:07,2025-06-29
335,lMqGLMNp6j,MOOSPMv3Parser,1751175000,1,1,3,3,3,3,3,3,3,3,440,134,1853,22,21,2,21,21,0,0,21,0,31,30,23,26,27.274,12,15,36.139019,-120.368362,177.216995,6,600,58,3,e00fce6876826e255108c6bd,2025-06-29 05:30:03,2025-06-29 05:30:03,2025-06-29 05:30:03,2025-06-29
346,jjFV0wOOWW,MOOSPMv3Parser,1751175600,1,1,3,3,3,3,3,3,3,3,471,145,1872,28,21,3,21,21,0,0,21,0,31,30,23,25,25.381,16,14,36.13903,-120.368469,159.686005,6,600,58,3,e00fce6876826e255108c6bd,2025-06-29 05:40:03,2025-06-29 05:40:03,2025-06-29 05:40:03,2025-06-29
360,Q6GQii44CC,MOOSPMv3Parser,1751176200,1,1,3,3,3,3,3,3,3,3,461,141,1890,27,20,3,21,21,0,0,21,0,31,30,24,26,26.992,14,14,36.139008,-120.368423,157.033997,6,600,58,3,e00fce6876826e255108c6bd,2025-06-29 05:50:17,2025-06-29 05:50:17,2025-06-29 05:50:17,2025-06-29
365,DDuEHVmQX0,MOOSPMv3Parser,1751176800,2,2,3,3,3,3,3,3,3,3,477,146,1907,30,20,2,20,20,0,0,20,0,30,30,23,26,26.99,16,14,36.138943,-120.368446,155.253998,6,600,58,3,e00fce6876826e255108c6bd,2025-06-29 06:00:03,2025-06-29 06:00:03,2025-06-29 06:00:03,2025-06-29
374,wP2jcKGGwq,MOOSPMv3Parser,1751177400,1,1,3,3,3,3,3,3,3,3,447,136,1925,28,21,2,21,21,0,0,21,0,30,30,24,27,25.136,24,14,36.138939,-120.368446,155.248993,0,600,58,3,e00fce6876826e255108c6bd,2025-06-29 06:10:03,2025-06-29 06:10:03,2025-06-29 06:10:03,2025-06-29
385,V4CcOYiznY,MOOSPMv3Parser,1751178000,2,2,2,3,3,3,3,3,3,3,462,145,1942,28,20,1,20,20,0,0,20,0,30,29,24,27,26.175,23,12,36.139088,-120.36824,194.367004,6,600,58,3,e00fce6876826e255108c6bd,2025-06-29 06:20:03,2025-06-29 06:20:03,2025-06-29 06:20:03,2025-06-29
396,opmzJOd2LQ,MOOSPMv3Parser,1751178600,2,2,3,3,3,3,3,3,3,3,439,135,1959,25,20,2,20,20,0,0,20,0,30,29,24,27,27.009,18,14,36.138988,-120.368309,163.404007,6,600,58,3,e00fce6876826e255108c6bd,2025-06-29 06:30:03,2025-06-29 06:30:03,2025-06-29 06:30:03,2025-06-29
405,qKRXHpz0f3,MOOSPMv3Parser,1751179200,1,1,3,3,3,3,3,3,3,3,446,138,1977,25,20,1,20,20,0,0,20,0,30,29,24,26,26.589,16,15,36.139008,-120.368355,162.177002,6,600,58,3,e00fce6876826e255108c6bd,2025-06-29 06:40:03,2025-06-29 06:40:03,2025-06-29 06:40:03,2025-06-29
415,QDRHrRSNFX,MOOSPMv3Parser,1751179800,1,1,2,3,3,3,3,3,3,3,442,138,1994,26,19,2,19,19,0,0,19,0,30,29,24,28,25.787,19,15,36.138996,-120.36837,167.378998,7,600,58,3,e00fce6876826e255108c6bd,2025-06-29 06:50:03,2025-06-29 06:50:03,2025-06-29 06:50:03,2025-06-29
427,4P1d413Pl5,MOOSPMv3Parser,1751180400,2,2,2,3,3,3,3,4,4,3,428,132,2010,27,19,3,19,19,0,0,19,0,30,29,24,27,25.92,20,15,36.138962,-120.368301,190.278,5,600,58,3,e00fce6876826e255108c6bd,2025-06-29 07:00:04,2025-06-29 07:00:04,2025-06-29 07:00:04,2025-06-29
436,FT3c9WLbft,MOOSPMv3Parser,1751181000,2,2,2,3,3,3,3,3,3,3,468,142,2027,25,19,2,19,19,0,0,19,0,30,29,24,27,26.435,17,17,36.139072,-120.368286,168.985001,6,600,58,3,e00fce6876826e255108c6bd,2025-06-29 07:10:03,2025-06-29 07:10:03,2025-06-29 07:10:03,2025-06-29
446,V7IVK4hGox,MOOSPMv3Parser,1751181600,1,1,3,3,3,3,3,3,3,3,446,136,2044,24,20,2,20,20,0,0,20,0,30,29,24,27,26.786,16,18,36.139042,-120.368385,177.300003,7,600,58,3,e00fce6876826e255108c6bd,2025-06-29 07:20:03,2025-06-29 07:20:03,2025-06-29 07:20:03,2025-06-29
460,ivZf1UWlw4,MOOSPMv3Parser,1751182200,1,1,3,2,2,3,3,3,3,3,443,134,2061,23,20,2,20,20,0,0,20,0,30,29,25,28,26.629,17,19,36.138966,-120.368309,169.306,7,600,58,3,e00fce6876826e255108c6bd,2025-06-29 07:30:08,2025-06-29 07:30:08,2025-06-29 07:30:08,2025-06-29
470,7PGEhxHfw8,MOOSPMv3Parser,1751182800,2,2,2,3,3,3,3,3,3,3,467,143,2078,24,19,2,19,19,0,0,19,0,29,28,25,28,26.804,16,19,36.139,-120.368385,162.119995,6,600,58,3,e00fce6876826e255108c6bd,2025-06-29 07:40:08,2025-06-29 07:40:09,2025-06-29 07:40:09,2025-06-29
477,r4NfUvPtOC,MOOSPMv3Parser,1751183400,1,1,2,3,3,3,3,3,3,3,455,139,2095,26,20,2,20,20,0,0,20,0,29,28,24,27,26.031,20,18,36.138981,-120.368309,177.800995,7,600,58,3,e00fce6876826e255108c6bd,2025-06-29 07:50:04,2025-06-29 07:50:04,2025-06-29 07:50:04,2025-06-29
489,oYAFkq2dHT,MOOSPMv3Parser,1751184000,1,1,3,3,3,3,3,3,3,3,431,131,2112,26,20,2,20,20,0,0,20,0,29,28,24,28,26.541,21,18,36.138981,-120.368309,177.800003,0,600,58,3,e00fce6876826e255108c6bd,2025-06-29 08:00:07,2025-06-29 08:00:07,2025-06-29 08:00:07,2025-06-29
493,6wIfD6Z4Tk,MOOSPMv3Parser,1751184600,2,2,3,3,3,3,3,3,3,3,453,138,2129,26,20,2,20,20,0,0,20,0,29,28,26,28,25.178,29,17,36.139019,-120.368332,176.707993,7,600,58,3,e00fce6876826e255108c6bd,2025-06-29 08:10:03,2025-06-29 08:10:03,2025-06-29 08:10:03,2025-06-29
505,xB3kQTrWwl,MOOSPMv3Parser,1751185200,1,1,2,3,3,3,3,3,3,3,433,132,2146,27,19,2,19,19,0,0,19,0,28,28,28,31,23.531,44,13,36.13913,-120.368355,168.266998,6,600,58,3,e00fce6876826e255108c6bd,2025-06-29 08:20:04,2025-06-29 08:20:04,2025-06-29 08:20:04,2025-06-29
514,MTEhEy24Du,MOOSPMv3Parser,1751185800,2,2,3,3,3,3,3,3,3,3,449,139,2163,27,20,2,20,20,0,0,20,0,27,27,28,31,21.526,79,8,36.13908,-120.368225,182.981995,5,600,58,3,e00fce6876826e255108c6bd,2025-06-29 08:30:04,2025-06-29 08:30:04,2025-06-29 08:30:04,2025-06-29
522,DE91anrQb5,MOOSPMv3Parser,1751186400,2,2,3,3,3,3,3,4,4,3,454,141,2181,30,21,2,21,21,0,0,21,0,27,27,29,30,20.761,115,6,36.138988,-120.368347,171.654999,7,600,58,3,e00fce6876826e255108c6bd,2025-06-29 08:40:03,2025-06-29 08:40:04,2025-06-29 08:40:04,2025-06-29
529,NjKqzoMyGn,MOOSPMv3Parser,1751187000,2,2,3,3,3,3,3,4,4,3,466,142,2200,27,22,2,22,22,0,0,22,0,26,26,29,30,20.031,117,5,36.139065,-120.368431,172.593002,6,600,58,3,e00fce6876826e255108c6bd,2025-06-29 08:50:03,2025-06-29 08:50:03,2025-06-29 08:50:03,2025-06-29
540,mcSWzWxNWa,MOOSPMv3Parser,1751187600,2,2,3,3,3,3,3,4,4,3,466,143,2218,27,21,2,21,21,0,0,21,0,26,26,30,32,20.709,90,5,36.13892,-120.368286,171.169998,7,600,58,3,e00fce6876826e255108c6bd,2025-06-29 09:00:04,2025-06-29 09:00:04,2025-06-29 09:00:04,2025-06-29
551,bPYPCvnG6O,MOOSPMv3Parser,1751188200,2,2,3,3,3,3,3,3,3,3,468,144,2236,27,21,2,21,21,0,0,21,0,25,25,31,33,19.29,138,4,36.139008,-120.368378,162.906998,6,600,58,3,e00fce6876826e255108c6bd,2025-06-29 09:10:08,2025-06-29 09:10:08,2025-06-29 09:10:08,2025-06-29
555,3GBLvrjYH0,MOOSPMv3Parser,1751188800,1,1,3,3,3,3,3,3,3,3,466,143,2254,27,20,2,20,20,0,0,20,0,25,25,30,32,18.572,234,3,36.139015,-120.36837,181.414993,6,600,58,3,e00fce6876826e255108c6bd,2025-06-29 09:20:03,2025-06-29 09:20:03,2025-06-29 09:20:03,2025-06-29
940,ClDRCAdiLu,MOOSPMv3Parser,1751217001,2,2,107,3,3,845,1456,3,3,1756,465,141,0,21,120,2,842,994,0,0,1028,2,38,41,20,19,12.301,38,2,36.139042,-120.368355,178.171005,11,454,58,3,e00fce6876826e255108c6bd,2025-06-29 17:10:03,2025-06-29 17:10:04,2025-06-29 17:10:04,2025-06-29
945,i4zXsF0AxJ,MOOSPMv3Parser,1751217601,2,2,165,3,3,589,935,3,3,1106,495,150,547,29,882,3,1294,1380,0,0,1400,1,39,42,19,19,17.331,81,5,36.139,-120.368347,180.994995,9,600,58,3,e00fce6876826e255108c6bd,2025-06-29 17:20:02,2025-06-29 17:20:02,2025-06-29 17:20:02,2025-06-29
953,UgL3MYA3q1,MOOSPMv3Parser,1751218201,2,2,3,3,3,3,3,4,4,3,540,162,569,25,25,2,25,25,1,0,25,0,39,43,18,18,18.906,102,4,36.139023,-120.368439,150.783005,9,600,58,3,e00fce6876826e255108c6bd,2025-06-29 17:30:02,2025-06-29 17:30:02,2025-06-29 17:30:02,2025-06-29
964,xZxvYDCbLy,MOOSPMv3Parser,1751218801,2,2,2,3,3,2,2,4,4,2,510,155,584,26,18,2,18,18,0,0,18,0,39,43,18,18,20.667,87,3,36.138992,-120.368279,178.811005,7,600,58,3,e00fce6876826e255108c6bd,2025-06-29 17:40:02,2025-06-29 17:40:02,2025-06-29 17:40:02,2025-06-29
975,q8XDRSNjNN,MOOSPMv3Parser,1751219401,2,2,2,3,3,2,2,3,3,2,532,158,600,25,18,2,18,18,0,0,18,0,39,44,18,17,22.01,78,2,36.138992,-120.368301,184.001999,8,600,58,3,e00fce6876826e255108c6bd,2025-06-29 17:50:02,2025-06-29 17:50:02,2025-06-29 17:50:02,2025-06-29
983,emEUP3NFzp,MOOSPMv3Parser,1751220001,2,2,2,4,4,3,3,4,4,3,595,175,617,27,19,2,19,19,0,0,19,0,40,44,18,18,22.565,220,1,36.139046,-120.368393,194.401001,6,600,58,3,e00fce6876826e255108c6bd,2025-06-29 18:00:02,2025-06-29 18:00:02,2025-06-29 18:00:02,2025-06-29
992,Dd1dqDZny6,MOOSPMv3Parser,1751220601,2,2,2,4,4,2,2,4,4,2,618,181,632,27,18,2,18,18,0,0,18,0,40,44,17,17,22.984,161,1,36.139069,-120.368477,214.707001,6,600,58,3,e00fce6876826e255108c6bd,2025-06-29 18:10:02,2025-06-29 18:10:02,2025-06-29 18:10:02,2025-06-29
1003,ykVVRR2G4y,MOOSPMv3Parser,1751221201,2,2,2,4,4,2,2,4,4,2,607,181,647,27,18,2,18,18,0,0,18,0,40,45,17,16,24.082,27,1,36.139069,-120.368477,214.705002,0,600,58,3,e00fce6876826e255108c6bd,2025-06-29 18:20:02,2025-06-29 18:20:02,2025-06-29 18:20:02,2025-06-29
1013,im2fvI0SDT,MOOSPMv3Parser,1751221801,2,2,2,4,4,2,2,4,4,2,601,177,663,29,18,2,18,18,0,0,18,0,41,45,17,17,24.49,27,1,36.139065,-120.368355,209.190994,6,600,58,3,e00fce6876826e255108c6bd,2025-06-29 18:30:02,2025-06-29 18:30:02,2025-06-29 18:30:02,2025-06-29
1024,aJgwBoR9RD,MOOSPMv3Parser,1751222401,2,2,2,4,4,2,2,4,4,2,625,185,679,29,18,1,18,18,0,0,18,0,41,45,18,18,24.659,15,1,36.139095,-120.368439,194.391998,5,600,58,3,e00fce6876826e255108c6bd,2025-06-29 18:40:02,2025-06-29 18:40:02,2025-06-29 18:40:02,2025-06-29
1032,DbNUs9gujG,MOOSPMv3Parser,1751223001,2,2,2,4,4,2,2,4,4,2,617,183,694,29,17,2,17,17,0,0,17,0,41,46,17,17,24.589,26,1,36.138962,-120.368149,171.307007,6,600,58,3,e00fce6876826e255108c6bd,2025-06-29 18:50:02,2025-06-29 18:50:02,2025-06-29 18:50:02,2025-06-29
1042,OSsDj5BR5W,MOOSPMv3Parser,1751223601,3,3,2,4,4,3,3,4,4,3,660,194,710,30,19,1,19,19,0,0,19,0,42,46,16,16,23.606,55,1,36.139015,-120.368446,190.735992,5,600,58,3,e00fce6876826e255108c6bd,2025-06-29 19:00:02,2025-06-29 19:00:02,2025-06-29 19:00:02,2025-06-29
1053,osuJyRuIKA,MOOSPMv3Parser,1751224201,2,2,2,4,4,2,2,4,4,2,636,186,726,27,18,1,18,18,0,0,18,0,43,46,15,16,23.126,86,1,36.139019,-120.368462,175.173996,6,600,58,3,e00fce6876826e255108c6bd,2025-06-29 19:10:02,2025-06-29 19:10:02,2025-06-29 19:10:02,2025-06-29
1064,hfhgNd8gPf,MOOSPMv3Parser,1751224801,2,2,2,4,4,2,2,4,4,2,644,188,741,27,17,2,18,18,0,0,18,0,43,47,16,16,23.944,110,1,36.139008,-120.368332,173.630005,6,600,58,3,e00fce6876826e255108c6bd,2025-06-29 19:20:02,2025-06-29 19:20:02,2025-06-29 19:20:02,2025-06-29
1072,OHGAYqVKEt,MOOSPMv3Parser,1751225401,3,3,2,4,4,2,2,4,4,2,690,198,756,29,17,2,18,18,0,0,18,0,43,47,16,16,23.521,281,1,36.139019,-120.368416,183.365997,6,600,58,3,e00fce6876826e255108c6bd,2025-06-29 19:30:02,2025-06-29 19:30:02,2025-06-29 19:30:02,2025-06-29
1086,fK3XDsk70w,MOOSPMv3Parser,1751226001,3,3,2,4,4,2,2,5,5,2,707,205,772,31,18,2,18,18,0,0,18,0,42,47,16,16,24.13,221,1,36.138985,-120.368271,157.285995,6,600,58,3,e00fce6876826e255108c6bd,2025-06-29 19:40:03,2025-06-29 19:40:03,2025-06-29 19:40:03,2025-06-29
1094,J5v4U3EcsJ,MOOSPMv3Parser,1751226601,3,3,2,4,4,2,2,5,5,2,750,215,788,31,19,2,19,19,1,1,19,0,42,47,17,17,24.084,203,1,36.13905,-120.368446,193.001007,6,600,58,3,e00fce6876826e255108c6bd,2025-06-29 19:50:02,2025-06-29 19:50:02,2025-06-29 19:50:02,2025-06-29
1104,7uhO3Dbj9B,MOOSPMv3Parser,1751227201,3,3,2,4,4,2,2,5,5,2,733,209,804,34,18,2,18,18,0,0,18,0,42,47,17,16,23.735,255,1,36.139046,-120.368401,181.307999,6,600,58,3,e00fce6876826e255108c6bd,2025-06-29 20:00:02,2025-06-29 20:00:02,2025-06-29 20:00:02,2025-06-29
1114,FeGWytalX3,MOOSPMv3Parser,1751227801,3,3,3,4,4,3,3,5,5,3,733,215,822,28,20,2,20,20,0,0,20,0,43,47,16,16,24.141,251,1,36.139046,-120.368401,181.311005,0,600,58,3,e00fce6876826e255108c6bd,2025-06-29 20:10:02,2025-06-29 20:10:02,2025-06-29 20:10:02,2025-06-29
1123,AmkshHI046,MOOSPMv3Parser,1751228401,3,3,2,4,4,2,2,5,5,2,709,201,838,29,18,2,19,19,0,0,19,0,43,47,16,16,24.417,185,1,36.139069,-120.368309,172.270004,6,600,58,3,e00fce6876826e255108c6bd,2025-06-29 20:20:02,2025-06-29 20:20:03,2025-06-29 20:20:03,2025-06-29
1133,vd6SJFgHw3,MOOSPMv3Parser,1751229001,3,3,2,4,4,2,2,5,5,2,715,210,853,30,17,2,17,17,0,0,17,0,42,47,16,16,26.008,79,1,36.13908,-120.368309,175.298004,6,600,58,3,e00fce6876826e255108c6bd,2025-06-29 20:30:02,2025-06-29 20:30:02,2025-06-29 20:30:02,2025-06-29
1144,gohdACFfl6,MOOSPMv3Parser,1751229601,3,3,2,5,5,2,2,5,5,2,745,214,868,32,18,3,18,18,0,0,18,0,42,47,16,16,25.007,69,1,36.139004,-120.368431,175.806,5,600,58,3,e00fce6876826e255108c6bd,2025-06-29 20:40:02,2025-06-29 20:40:03,2025-06-29 20:40:03,2025-06-29
1153,THsLyDqU1l,MOOSPMv3Parser,1751230201,3,3,3,5,5,3,3,5,5,3,813,240,886,33,20,1,20,20,0,0,20,0,43,47,17,17,24.338,94,1,36.138985,-120.368546,162.389999,5,600,58,3,e00fce6876826e255108c6bd,2025-06-29 20:50:02,2025-06-29 20:50:03,2025-06-29 20:50:03,2025-06-29
1165,EmslFWSrt4,MOOSPMv3Parser,1751230801,3,3,2,5,5,3,3,5,5,3,807,232,903,32,19,2,19,19,0,0,19,0,44,47,15,16,23.433,203,1,36.139004,-120.368462,173.949997,6,600,58,3,e00fce6876826e255108c6bd,2025-06-29 21:00:02,2025-06-29 21:00:03,2025-06-29 21:00:03,2025-06-29
1173,FMvmT0m3OF,MOOSPMv3Parser,1751231401,3,3,2,5,5,2,2,5,5,2,751,217,918,31,18,2,18,18,0,0,18,0,43,47,15,15,25.779,123,1,36.139114,-120.368561,141.102997,6,600,58,3,e00fce6876826e255108c6bd,2025-06-29 21:10:02,2025-06-29 21:10:02,2025-06-29 21:10:02,2025-06-29
1182,mQpCzjWenr,MOOSPMv3Parser,1751232001,3,3,2,4,4,3,3,5,5,3,741,209,935,28,19,2,19,19,0,0,19,0,43,47,16,16,25.284,81,1,36.139069,-120.368202,188.664993,6,600,58,3,e00fce6876826e255108c6bd,2025-06-29 21:20:02,2025-06-29 21:20:02,2025-06-29 21:20:02,2025-06-29
1200,k4dQH6Vv5P,MOOSPMv3Parser,1751232601,3,3,2,5,5,2,2,5,5,2,748,213,950,31,18,2,18,18,0,0,18,0,43,47,17,16,25.685,68,1,36.13916,-120.368057,190.367996,6,600,58,3,e00fce6876826e255108c6bd,2025-06-29 21:30:17,2025-06-29 21:30:17,2025-06-29 21:30:17,2025-06-29
1206,HGYoWtYJE2,MOOSPMv3Parser,1751233201,3,3,2,5,5,2,2,5,5,2,770,222,966,31,18,1,18,18,0,0,18,0,43,47,16,16,24.413,105,1,36.139034,-120.368317,184.479004,5,600,58,3,e00fce6876826e255108c6bd,2025-06-29 21:40:03,2025-06-29 21:40:03,2025-06-29 21:40:03,2025-06-29
1216,Qqc1HjwMT3,MOOSPMv3Parser,1751233801,3,3,2,4,4,2,2,5,5,2,752,214,982,31,18,2,18,18,0,0,18,0,44,47,15,16,23.242,179,1,36.139011,-120.368233,196.975006,7,600,58,3,e00fce6876826e255108c6bd,2025-06-29 21:50:02,2025-06-29 21:50:03,2025-06-29 21:50:03,2025-06-29
1226,FOLeJUo8yH,MOOSPMv3Parser,1751234401,3,3,2,5,5,3,3,5,5,3,794,225,998,28,19,2,19,19,0,0,19,0,44,48,15,16,23.315,294,1,36.139011,-120.368233,196.972,0,600,58,3,e00fce6876826e255108c6bd,2025-06-29 22:00:03,2025-06-29 22:00:03,2025-06-29 22:00:03,2025-06-29
1239,JD74h69XqU,MOOSPMv3Parser,1751235001,3,3,2,4,4,2,2,5,5,2,756,214,1013,29,17,2,17,17,0,0,17,0,44,48,15,15,25.621,161,1,36.138973,-120.368301,181.020996,7,600,58,3,e00fce6876826e255108c6bd,2025-06-29 22:10:07,2025-06-29 22:10:07,2025-06-29 22:10:07,2025-06-29
1243,I2HuMj40Y9,MOOSPMv3Parser,1751235601,3,3,2,5,5,2,2,5,5,2,808,227,1028,30,18,2,18,18,0,0,18,0,44,48,15,15,24.829,117,1,36.139019,-120.368408,173.028,7,600,58,3,e00fce6876826e255108c6bd,2025-06-29 22:20:02,2025-06-29 22:20:02,2025-06-29 22:20:02,2025-06-29
1253,DMQ8WFj4al,MOOSPMv3Parser,1751236201,4,4,2,5,5,3,3,5,5,3,850,241,1045,28,19,2,19,19,0,0,19,0,44,47,15,15,25.953,36,1,36.138996,-120.368294,186.960999,6,600,58,3,e00fce6876826e255108c6bd,2025-06-29 22:30:02,2025-06-29 22:30:02,2025-06-29 22:30:02,2025-06-29
1261,Embui4MqIx,MOOSPMv3Parser,1751236801,3,3,2,5,5,2,2,5,5,2,797,227,1060,30,18,2,18,18,0,0,18,0,44,47,14,15,25.02,73,1,36.139072,-120.36853,156.001007,7,600,58,3,e00fce6876826e255108c6bd,2025-06-29 22:40:02,2025-06-29 22:40:02,2025-06-29 22:40:02,2025-06-29
1275,oF76VfwJHh,MOOSPMv3Parser,1751237401,3,3,2,4,4,2,2,5,5,2,748,217,1075,29,17,1,17,17,0,0,17,0,43,47,15,15,26.222,33,1,36.139057,-120.368393,170.431,6,600,58,3,e00fce6876826e255108c6bd,2025-06-29 22:50:03,2025-06-29 22:50:03,2025-06-29 22:50:03,2025-06-29
1289,6eH2Yz7I8l,MOOSPMv3Parser,1751238001,3,3,2,4,4,2,2,5,5,2,734,211,1091,31,18,2,18,18,0,0,18,0,43,47,15,15,26.106,12,1,36.139065,-120.368317,188.567001,6,600,58,3,e00fce6876826e255108c6bd,2025-06-29 23:00:06,2025-06-29 23:00:07,2025-06-29 23:00:07,2025-06-29
1292,Pqjv1S8FPs,MOOSPMv3Parser,1751238601,3,3,2,4,4,2,2,5,5,2,755,217,1107,32,18,1,18,18,0,0,18,0,43,46,15,16,25.928,7,1,36.139065,-120.368378,175.386993,7,600,58,3,e00fce6876826e255108c6bd,2025-06-29 23:10:02,2025-06-29 23:10:03,2025-06-29 23:10:03,2025-06-29
1300,VBkbay6csF,MOOSPMv3Parser,1751239201,3,3,2,4,4,3,3,5,5,3,752,216,1123,28,19,2,19,19,0,0,19,0,44,46,15,15,24.917,7,1,36.139053,-120.36821,194.636002,5,600,58,3,e00fce6876826e255108c6bd,2025-06-29 23:20:02,2025-06-29 23:20:03,2025-06-29 23:20:03,2025-06-29
1308,XIEZUB7VV5,MOOSPMv3Parser,1751239801,3,3,2,4,4,3,3,5,5,3,732,212,1139,30,19,2,19,19,0,0,19,0,43,46,15,15,26.437,7,1,36.139004,-120.368408,190.438995,7,600,58,3,e00fce6876826e255108c6bd,2025-06-29 23:30:02,2025-06-29 23:30:03,2025-06-29 23:30:03,2025-06-29
1318,dFk39LnhX2,MOOSPMv3Parser,1751240401,3,3,2,4,4,3,3,5,5,3,747,215,1156,30,19,1,19,19,0,0,19,0,43,46,16,16,26.153,4,1,36.138935,-120.368347,204.335999,6,600,58,3,e00fce6876826e255108c6bd,2025-06-29 23:40:02,2025-06-29 23:40:02,2025-06-29 23:40:02,2025-06-29
1336,LXKVHq3qKf,MOOSPMv3Parser,1751241001,3,3,3,4,4,3,3,4,4,3,740,215,1173,28,20,1,20,20,0,0,20,0,43,45,15,17,25.943,4,1,36.138935,-120.368347,204.335007,0,600,58,3,e00fce6876826e255108c6bd,2025-06-29 23:50:04,2025-06-29 23:50:04,2025-06-29 23:50:04,2025-06-29
2,TPPznXKTKH,MOOSPMv3Parser,1751241601,3,3,2,5,5,3,3,5,5,3,738,219,1190,30,19,2,19,19,0,0,19,0,43,45,15,17,25.27,3,1,36.138874,-120.368088,200.712997,6,600,58,3,e00fce6876826e255108c6bd,2025-06-30 00:00:02,2025-06-30 00:00:03,2025-06-30 00:00:03,2025-06-30
15,QwVx0VlNFZ,MOOSPMv3Parser,1751242201,3,3,2,4,4,3,3,5,5,3,746,219,1206,27,19,1,19,19,0,0,19,0,43,45,15,17,26.668,3,1,36.139095,-120.368477,126.831001,5,600,58,3,e00fce6876826e255108c6bd,2025-06-30 00:10:03,2025-06-30 00:10:03,2025-06-30 00:10:03,2025-06-30
22,SdFKk2mwnZ,MOOSPMv3Parser,1751242801,3,3,2,5,5,3,3,5,5,3,770,226,1223,31,19,2,19,19,0,0,19,0,43,44,16,17,26.104,3,2,36.138962,-120.368347,216.992996,6,600,58,3,e00fce6876826e255108c6bd,2025-06-30 00:20:02,2025-06-30 00:20:02,2025-06-30 00:20:02,2025-06-30
34,AndPAPz7Pn,MOOSPMv3Parser,1751243401,3,3,3,5,5,3,3,5,5,3,765,224,1241,29,21,2,21,21,0,0,21,0,43,44,16,18,26.002,17,2,36.138943,-120.368385,228.709,6,600,58,3,e00fce6876826e255108c6bd,2025-06-30 00:30:02,2025-06-30 00:30:03,2025-06-30 00:30:03,2025-06-30
41,qIshGDV4cI,MOOSPMv3Parser,1751244001,3,3,3,5,5,3,3,5,5,3,756,224,1260,31,21,1,21,21,0,0,21,0,42,43,16,18,28.148,9,2,36.139034,-120.368279,201.949997,8,600,58,3,e00fce6876826e255108c6bd,2025-06-30 00:40:02,2025-06-30 00:40:02,2025-06-30 00:40:02,2025-06-30
52,nrnJCffyFV,MOOSPMv3Parser,1751244601,4,4,3,5,5,3,3,5,5,3,776,233,1277,32,20,2,20,20,0,0,20,0,42,43,17,18,27.428,1,2,36.139057,-120.368385,193.651993,7,600,58,3,e00fce6876826e255108c6bd,2025-06-30 00:50:02,2025-06-30 00:50:02,2025-06-30 00:50:02,2025-06-30
69,nKn1xieMZt,MOOSPMv3Parser,1751245201,3,3,3,5,5,3,3,5,5,3,739,221,1295,33,21,2,21,21,0,0,21,0,42,42,16,18,27.77,1,2,36.139042,-120.368484,175.820999,8,600,58,3,e00fce6876826e255108c6bd,2025-06-30 01:00:04,2025-06-30 01:00:04,2025-06-30 01:00:04,2025-06-30
80,uduO74eNyK,MOOSPMv3Parser,1751245801,3,3,3,5,5,3,3,6,6,3,797,238,1316,36,24,4,24,24,0,0,24,0,42,42,18,21,25.147,29,2,36.138985,-120.368286,196.285995,8,600,58,3,e00fce6876826e255108c6bd,2025-06-30 01:10:04,2025-06-30 01:10:04,2025-06-30 01:10:04,2025-06-30
82,Kt99A5eSWo,MOOSPMv3Parser,1751246401,3,3,3,5,5,3,3,5,5,3,777,233,1334,31,21,1,21,21,0,0,21,0,41,41,18,20,26.706,3,2,36.138977,-120.368378,166.240005,6,600,58,3,e00fce6876826e255108c6bd,2025-06-30 01:20:02,2025-06-30 01:20:02,2025-06-30 01:20:02,2025-06-30
91,MUeyPVVgrP,MOOSPMv3Parser,1751247001,2,2,2,4,4,3,3,4,4,3,635,189,1350,27,19,1,19,19,0,0,19,0,41,40,14,16,25.916,3,3,36.139053,-120.368233,202.259003,6,600,58,3,e00fce6876826e255108c6bd,2025-06-30 01:30:02,2025-06-30 01:30:02,2025-06-30 01:30:02,2025-06-30
102,2OWQ0MRWQG,MOOSPMv3Parser,1751247601,2,2,2,3,3,2,2,4,4,2,524,159,1366,26,18,2,18,18,0,0,18,0,41,40,14,17,25.116,3,2,36.139053,-120.368233,202.261993,0,600,58,3,e00fce6876826e255108c6bd,2025-06-30 01:40:02,2025-06-30 01:40:02,2025-06-30 01:40:02,2025-06-30
112,6fKmzNo5gc,MOOSPMv3Parser,1751248201,2,2,2,3,3,2,2,4,4,2,512,153,1381,24,18,2,18,18,0,0,18,0,40,39,15,17,27.241,3,2,36.139008,-120.36834,223.173004,6,600,58,3,e00fce6876826e255108c6bd,2025-06-30 01:50:02,2025-06-30 01:50:03,2025-06-30 01:50:03,2025-06-30
126,LSFrRHL7Ga,MOOSPMv3Parser,1751248801,2,2,2,3,3,2,2,4,4,2,502,154,1396,24,17,3,17,17,0,0,17,0,39,39,15,17,27.464,2,2,36.139061,-120.368355,178.936005,9,600,58,3,e00fce6876826e255108c6bd,2025-06-30 02:00:03,2025-06-30 02:00:03,2025-06-30 02:00:03,2025-06-30
132,5ItjgtAz0i,MOOSPMv3Parser,1751249401,2,2,2,3,3,2,2,4,4,2,507,151,1412,27,18,2,18,18,0,0,18,0,38,38,15,17,27.828,2,3,36.139004,-120.368301,195.192001,8,600,58,3,e00fce6876826e255108c6bd,2025-06-30 02:10:02,2025-06-30 02:10:02,2025-06-30 02:10:02,2025-06-30
143,ejXsyvx3Zf,MOOSPMv3Parser,1751250001,2,2,2,3,3,2,2,4,4,2,504,154,1427,24,18,2,18,18,0,0,18,0,38,38,16,18,26.982,2,3,36.139069,-120.368378,217.335999,7,600,58,3,e00fce6876826e255108c6bd,2025-06-30 02:20:02,2025-06-30 02:20:03,2025-06-30 02:20:03,2025-06-30
160,rRsZfP1REW,MOOSPMv3Parser,1751250601,2,2,2,3,3,2,2,4,4,2,483,148,1441,26,16,2,17,17,0,0,17,0,37,37,16,18,28.055,2,3,36.139091,-120.368393,174.794998,7,600,58,3,e00fce6876826e255108c6bd,2025-06-30 02:30:04,2025-06-30 02:30:04,2025-06-30 02:30:04,2025-06-30
169,MNo6zskP77,MOOSPMv3Parser,1751251201,2,2,2,3,3,2,2,3,3,2,501,151,1457,24,18,1,18,18,0,0,18,0,37,37,17,19,27.397,3,3,36.139076,-120.368187,200.253006,6,600,58,3,e00fce6876826e255108c6bd,2025-06-30 02:40:05,2025-06-30 02:40:05,2025-06-30 02:40:05,2025-06-30
172,OngYLaUyDU,MOOSPMv3Parser,1751251801,2,2,2,3,3,2,2,3,3,2,506,154,1472,25,17,2,17,17,0,0,17,0,36,36,17,19,27.472,3,4,36.139099,-120.36834,168.253998,6,600,58,3,e00fce6876826e255108c6bd,2025-06-30 02:50:02,2025-06-30 02:50:02,2025-06-30 02:50:02,2025-06-30
182,eGdbvq7RlZ,MOOSPMv3Parser,1751252401,2,2,2,3,3,2,2,3,3,2,490,150,1488,24,18,1,19,19,0,0,19,0,35,36,18,19,27.544,3,4,36.139088,-120.368256,200.988007,7,600,58,3,e00fce6876826e255108c6bd,2025-06-30 03:00:03,2025-06-30 03:00:03,2025-06-30 03:00:03,2025-06-30
194,uVu5TyR7FX,MOOSPMv3Parser,1751253001,2,2,2,3,3,3,3,4,4,3,519,156,1505,25,19,2,19,19,0,0,19,0,35,35,17,19,29.41,3,5,36.138988,-120.368423,157.182999,7,600,58,3,e00fce6876826e255108c6bd,2025-06-30 03:10:03,2025-06-30 03:10:03,2025-06-30 03:10:03,2025-06-30
204,pA2ZcEgLDH,MOOSPMv3Parser,1751253601,2,2,2,3,3,2,2,4,4,2,514,158,1521,28,18,2,18,18,0,0,18,0,34,35,17,19,132.15,2,6,36.138935,-120.368156,183.311005,6,600,58,3,e00fce6876826e255108c6bd,2025-06-30 03:20:03,2025-06-30 03:20:03,2025-06-30 03:20:03,2025-06-30
212,3ugx1dWIHB,MOOSPMv3Parser,1751254201,2,2,2,3,3,3,3,3,3,3,514,157,1537,22,19,2,19,19,0,0,19,0,34,34,18,20,133.082,2,7,36.138935,-120.368156,183.307007,0,600,58,3,e00fce6876826e255108c6bd,2025-06-30 03:30:03,2025-06-30 03:30:03,2025-06-30 03:30:03,2025-06-30
223,sonDAzUHP8,MOOSPMv3Parser,1751254801,2,2,2,3,3,3,3,3,3,3,487,148,1553,25,19,2,19,19,0,0,19,0,34,33,18,20,127.747,3,8,36.139019,-120.368332,168.779999,8,600,58,3,e00fce6876826e255108c6bd,2025-06-30 03:40:03,2025-06-30 03:40:03,2025-06-30 03:40:03,2025-06-30
240,wgD1CqNDC6,MOOSPMv3Parser,1751255401,2,2,2,3,3,2,2,3,3,2,468,141,1569,24,18,1,18,18,0,0,18,0,33,33,18,20,34.165,3,9,36.139034,-120.368324,168.830002,7,600,58,3,e00fce6876826e255108c6bd,2025-06-30 03:50:07,2025-06-30 03:50:07,2025-06-30 03:50:07,2025-06-30
248,Ie9D513cPG,MOOSPMv3Parser,1751256001,2,2,2,3,3,2,2,3,3,2,458,141,1584,23,17,2,18,18,0,0,18,0,33,33,18,20,78.115,3,10,36.138939,-120.368309,159.832993,7,600,58,3,e00fce6876826e255108c6bd,2025-06-30 04:00:03,2025-06-30 04:00:04,2025-06-30 04:00:04,2025-06-30
253,YKDeMSzFmh,MOOSPMv3Parser,1751256601,2,2,2,3,3,2,2,3,3,2,460,140,1600,23,18,2,18,18,0,0,18,0,33,32,18,20,84.784,3,11,36.13895,-120.368317,176.345993,7,600,58,3,e00fce6876826e255108c6bd,2025-06-30 04:10:03,2025-06-30 04:10:03,2025-06-30 04:10:03,2025-06-30
265,EEsp2ffIKX,MOOSPMv3Parser,1751257201,1,1,2,3,3,2,2,3,3,2,475,145,1616,22,18,2,18,18,0,0,18,0,32,32,19,21,30.443,4,12,36.139,-120.368401,181.162994,7,600,58,3,e00fce6876826e255108c6bd,2025-06-30 04:20:03,2025-06-30 04:20:03,2025-06-30 04:20:03,2025-06-30
280,4ZE19FadSV,MOOSPMv3Parser,1751257801,2,2,2,3,3,2,2,3,3,2,483,149,1631,25,18,1,18,18,0,0,18,0,32,32,19,21,183.696,4,13,36.138992,-120.368309,173.347,5,600,58,3,e00fce6876826e255108c6bd,2025-06-30 04:30:04,2025-06-30 04:30:05,2025-06-30 04:30:05,2025-06-30
284,652IwuG2Jg,MOOSPMv3Parser,1751258401,2,2,2,3,3,2,2,3,3,2,481,146,1646,22,17,1,17,17,0,0,17,0,32,31,18,21,286.472,4,15,36.139088,-120.368294,152.421997,7,600,58,3,e00fce6876826e255108c6bd,2025-06-30 04:40:03,2025-06-30 04:40:03,2025-06-30 04:40:03,2025-06-30
295,RN780WD8Z9,MOOSPMv3Parser,1751259001,2,2,2,3,3,2,2,3,3,2,474,143,1661,25,17,1,17,17,0,0,17,0,32,31,18,20,234.371,5,16,36.138985,-120.368286,181.291,6,600,58,3,e00fce6876826e255108c6bd,2025-06-30 04:50:03,2025-06-30 04:50:03,2025-06-30 04:50:03,2025-06-30
306,cpPWGYdwor,MOOSPMv3Parser,1751259601,1,1,2,3,3,2,2,3,3,2,447,136,1675,25,17,2,17,17,0,0,17,0,32,31,17,20,490.606,5,17,36.139019,-120.368454,178.076996,6,600,58,3,e00fce6876826e255108c6bd,2025-06-30 05:00:03,2025-06-30 05:00:03,2025-06-30 05:00:03,2025-06-30
315,rmw4fAtq4V,MOOSPMv3Parser,1751260201,1,1,2,3,3,2,2,3,3,2,447,135,1691,21,18,2,18,18,0,0,18,0,32,31,19,23,78.657,6,19,36.139046,-120.36824,183.279007,5,600,58,3,e00fce6876826e255108c6bd,2025-06-30 05:10:03,2025-06-30 05:10:03,2025-06-30 05:10:03,2025-06-30
324,As8EQgFZDq,MOOSPMv3Parser,1751260801,2,2,2,3,3,2,2,3,3,2,470,144,1706,23,17,2,17,17,0,0,17,0,31,31,19,21,29.364,8,17,36.139046,-120.36824,183.274002,0,600,58,3,e00fce6876826e255108c6bd,2025-06-30 05:20:03,2025-06-30 05:20:03,2025-06-30 05:20:03,2025-06-30
335,dqyBKvdqMg,MOOSPMv3Parser,1751261401,1,1,2,2,2,2,2,3,3,2,424,129,1721,24,17,2,17,17,0,0,17,0,31,30,20,23,30.042,8,17,36.13903,-120.368347,179.425003,7,600,58,3,e00fce6876826e255108c6bd,2025-06-30 05:30:03,2025-06-30 05:30:03,2025-06-30 05:30:03,2025-06-30
348,UhbeM7nI5w,MOOSPMv3Parser,1751262001,1,1,2,3,3,2,2,3,3,2,461,141,1736,23,17,2,17,17,0,0,17,0,31,30,20,23,29.104,11,17,36.138985,-120.368317,175.438004,7,600,58,3,e00fce6876826e255108c6bd,2025-06-30 05:40:03,2025-06-30 05:40:03,2025-06-30 05:40:03,2025-06-30
352,jFIPnI11Se,MOOSPMv3Parser,1751262601,1,1,2,3,3,2,2,3,3,2,427,130,1751,22,17,1,17,17,0,0,17,0,31,30,20,23,29.112,12,17,36.138958,-120.368294,186.837997,5,600,58,3,e00fce6876826e255108c6bd,2025-06-30 05:50:02,2025-06-30 05:50:03,2025-06-30 05:50:03,2025-06-30
363,xPx7Wl0Yth,MOOSPMv3Parser,1751263201,1,1,2,3,3,2,2,3,3,2,418,131,1766,23,17,1,17,17,0,0,17,0,30,30,20,23,28.767,13,16,36.13913,-120.368286,226.037003,7,600,58,3,e00fce6876826e255108c6bd,2025-06-30 06:00:03,2025-06-30 06:00:03,2025-06-30 06:00:03,2025-06-30
377,zPOGLd3uBs,MOOSPMv3Parser,1751263801,2,2,2,3,3,2,2,3,3,2,445,134,1781,22,17,2,17,17,0,0,17,0,30,29,20,23,28.139,16,15,36.138954,-120.368355,131.723999,6,600,58,3,e00fce6876826e255108c6bd,2025-06-30 06:10:03,2025-06-30 06:10:03,2025-06-30 06:10:03,2025-06-30
383,wSrZ9j1nC7,MOOSPMv3Parser,1751264401,1,1,2,2,2,2,2,2,2,2,424,128,1795,21,17,1,17,17,0,0,17,0,30,29,21,23,27.97,18,14,36.139011,-120.368347,165.705994,5,600,58,3,e00fce6876826e255108c6bd,2025-06-30 06:20:03,2025-06-30 06:20:03,2025-06-30 06:20:03,2025-06-30
391,hEhrWHY3Hw,MOOSPMv3Parser,1751265001,1,1,2,3,3,2,2,3,3,2,443,136,1810,24,17,2,17,17,0,0,17,0,29,29,21,24,28.682,17,15,36.139038,-120.368362,142.494003,6,600,58,3,e00fce6876826e255108c6bd,2025-06-30 06:30:02,2025-06-30 06:30:02,2025-06-30 06:30:02,2025-06-30
403,C1Xe98wyGo,MOOSPMv3Parser,1751265601,1,1,2,3,3,3,3,3,3,3,449,136,1827,24,20,2,20,20,0,0,20,0,29,28,22,25,26.903,24,14,36.13903,-120.368401,176.563995,6,600,58,3,e00fce6876826e255108c6bd,2025-06-30 06:40:03,2025-06-30 06:40:03,2025-06-30 06:40:03,2025-06-30
420,ReB8CAVqmQ,MOOSPMv3Parser,1751266201,2,2,2,3,3,2,2,3,3,2,464,142,1842,25,17,2,17,17,0,0,17,0,29,28,24,26,27.594,25,13,36.13908,-120.368248,160.410004,7,600,58,3,e00fce6876826e255108c6bd,2025-06-30 06:50:07,2025-06-30 06:50:07,2025-06-30 06:50:07,2025-06-30
426,vZQQ88Dvyp,MOOSPMv3Parser,1751266801,1,1,2,3,3,2,2,3,3,2,434,133,1857,26,17,2,18,18,0,0,18,0,29,28,24,27,26.523,22,13,36.139046,-120.368423,167.656998,6,600,58,3,e00fce6876826e255108c6bd,2025-06-30 07:00:03,2025-06-30 07:00:03,2025-06-30 07:00:03,2025-06-30
432,jnRnZo01Yv,MOOSPMv3Parser,1751267401,1,1,2,3,3,2,2,3,3,2,441,134,1873,24,19,2,19,19,0,0,19,0,29,28,24,28,25.251,30,12,36.139046,-120.368423,167.662003,0,600,58,3,e00fce6876826e255108c6bd,2025-06-30 07:10:02,2025-06-30 07:10:03,2025-06-30 07:10:03,2025-06-30
442,Dgu93lyP7I,MOOSPMv3Parser,1751268001,2,2,2,3,3,3,3,3,3,3,454,138,1890,20,19,2,19,19,0,0,19,0,28,28,25,28,24.421,41,9,36.139065,-120.368378,165.729004,7,600,58,3,e00fce6876826e255108c6bd,2025-06-30 07:20:02,2025-06-30 07:20:02,2025-06-30 07:20:02,2025-06-30
451,M8jvK30D06,MOOSPMv3Parser,1751268601,2,2,2,3,3,2,2,3,3,2,458,139,1905,22,18,2,18,18,0,0,18,0,28,27,27,30,23.248,50,8,36.13908,-120.368401,173.751007,6,600,58,3,e00fce6876826e255108c6bd,2025-06-30 07:30:02,2025-06-30 07:30:03,2025-06-30 07:30:03,2025-06-30
461,clGKeHfaRC,MOOSPMv3Parser,1751269201,2,2,2,3,3,3,3,3,3,3,456,139,1922,25,19,2,19,19,0,0,19,0,27,27,28,30,20.164,103,5,36.139008,-120.368385,173.703995,7,600,58,3,e00fce6876826e255108c6bd,2025-06-30 07:40:02,2025-06-30 07:40:03,2025-06-30 07:40:03,2025-06-30
473,YeVUqdrKCW,MOOSPMv3Parser,1751269801,1,1,2,3,3,2,2,4,4,2,462,142,1938,26,19,3,19,19,0,0,19,0,27,26,27,29,21.945,92,4,36.139008,-120.368301,178.455002,6,600,58,3,e00fce6876826e255108c6bd,2025-06-30 07:50:03,2025-06-30 07:50:03,2025-06-30 07:50:03,2025-06-30
481,UngWsZHuXN,MOOSPMv3Parser,1751270401,2,2,2,3,3,2,2,3,3,2,462,141,1954,26,18,2,19,19,0,0,19,0,26,26,28,30,21.353,85,4,36.138962,-120.368401,177.546005,9,600,58,3,e00fce6876826e255108c6bd,2025-06-30 08:00:02,2025-06-30 08:00:03,2025-06-30 08:00:03,2025-06-30
490,9O45hQPoaN,MOOSPMv3Parser,1751271001,2,2,2,3,3,3,3,3,3,3,470,142,1971,26,19,2,19,19,0,0,19,0,26,26,26,28,20.492,107,3,36.139038,-120.368279,163.408997,7,600,58,3,e00fce6876826e255108c6bd,2025-06-30 08:10:02,2025-06-30 08:10:03,2025-06-30 08:10:03,2025-06-30
500,xLUDVSfjrh,MOOSPMv3Parser,1751271601,1,1,2,3,3,2,2,3,3,2,424,129,1986,23,18,2,18,18,0,0,18,0,26,26,26,29,25.543,42,4,36.139088,-120.368423,172.276993,7,600,58,3,e00fce6876826e255108c6bd,2025-06-30 08:20:03,2025-06-30 08:20:03,2025-06-30 08:20:03,2025-06-30
515,ODL3SuV6Bc,MOOSPMv3Parser,1751272201,1,1,2,3,3,3,3,3,3,3,432,133,2003,24,19,2,19,19,0,0,19,0,26,25,25,28,25.234,47,5,36.139027,-120.368401,180.703995,7,600,58,3,e00fce6876826e255108c6bd,2025-06-30 08:30:06,2025-06-30 08:30:07,2025-06-30 08:30:07,2025-06-30
517,HJkZTdXcA1,MOOSPMv3Parser,1751272801,2,2,2,3,3,2,2,3,3,2,461,142,2018,24,17,2,18,18,0,0,18,0,27,25,24,27,27.267,23,8,36.139091,-120.368439,184.171005,7,600,58,3,e00fce6876826e255108c6bd,2025-06-30 08:40:02,2025-06-30 08:40:03,2025-06-30 08:40:03,2025-06-30
526,PVfBwW84x6,MOOSPMv3Parser,1751273401,1,1,2,2,2,2,2,3,3,2,406,124,2033,22,18,1,18,18,0,0,18,0,27,25,25,29,27.896,19,11,36.139206,-120.368225,197.658005,6,600,58,3,e00fce6876826e255108c6bd,2025-06-30 08:50:02,2025-06-30 08:50:02,2025-06-30 08:50:02,2025-06-30
535,gBCFaefQA4,MOOSPMv3Parser,1751274001,2,2,2,3,3,3,3,3,3,3,475,146,2050,25,19,1,19,19,0,0,19,0,27,25,25,29,22.393,71,9,36.139206,-120.368225,197.658997,0,600,58,3,e00fce6876826e255108c6bd,2025-06-30 09:00:02,2025-06-30 09:00:03,2025-06-30 09:00:03,2025-06-30
544,ArNitBG0UI,MOOSPMv3Parser,1751274601,1,1,2,2,2,2,2,3,3,2,426,129,2066,21,18,2,18,18,0,0,18,0,26,25,27,30,21.426,120,4,36.13903,-120.36837,173.009003,7,600,58,3,e00fce6876826e255108c6bd,2025-06-30 09:10:02,2025-06-30 09:10:03,2025-06-30 09:10:03,2025-06-30
553,Nvv2AHPiH3,MOOSPMv3Parser,1751275201,2,2,2,3,3,3,3,3,3,3,471,143,2082,25,19,2,19,19,0,0,19,0,25,25,27,30,21.071,109,4,36.138954,-120.368294,169.084,7,600,58,3,e00fce6876826e255108c6bd,2025-06-30 09:20:02,2025-06-30 09:20:03,2025-06-30 09:20:03,2025-06-30
931,chlc0RmD8J,MOOSPMv3Parser,1751303400,1,1,108,2,2,827,1423,3,3,1715,442,132,0,23,141,3,845,994,0,0,1027,2,37,41,17,16,10.631,14,1,36.139011,-120.368362,174.604004,7,213,58,3,e00fce6876826e255108c6bd,2025-06-30 17:10:02,2025-06-30 17:10:02,2025-06-30 17:10:02,2025-06-30
948,3QG6q5MSqz,MOOSPMv3Parser,1751304000,1,1,168,3,3,664,1072,3,3,1271,470,141,513,22,836,2,1319,1420,0,0,1443,1,38,42,17,16,19.655,60,7,36.139091,-120.368385,174.557999,8,600,58,3,e00fce6876826e255108c6bd,2025-06-30 17:20:09,2025-06-30 17:20:09,2025-06-30 17:20:09,2025-06-30
951,I1eCF74RPv,MOOSPMv3Parser,1751304600,2,2,7,3,3,8,8,3,3,8,480,143,563,20,58,1,58,58,0,0,58,0,38,43,15,15,21.642,78,7,36.13903,-120.368332,180.451996,7,600,58,3,e00fce6876826e255108c6bd,2025-06-30 17:30:02,2025-06-30 17:30:03,2025-06-30 17:30:03,2025-06-30
961,mbve8Ee1eb,MOOSPMv3Parser,1751305200,1,1,2,3,3,2,2,3,3,2,467,140,576,23,15,2,15,15,0,0,15,0,39,43,16,15,23.009,115,4,36.13903,-120.368332,180.451996,0,600,58,3,e00fce6876826e255108c6bd,2025-06-30 17:40:02,2025-06-30 17:40:02,2025-06-30 17:40:02,2025-06-30
977,hN2DPk1UQY,MOOSPMv3Parser,1751305800,2,2,2,3,3,2,2,3,3,2,448,136,588,22,14,1,14,14,0,0,14,0,39,44,16,15,23.017,119,2,36.139038,-120.368385,183.162994,6,600,58,3,e00fce6876826e255108c6bd,2025-06-30 17:50:03,2025-06-30 17:50:03,2025-06-30 17:50:03,2025-06-30
984,3vwvSLF23h,MOOSPMv3Parser,1751306400,1,1,2,2,2,2,2,3,3,2,451,134,600,24,14,2,14,14,0,0,14,0,39,44,16,15,23.484,141,1,36.139057,-120.368309,190.408997,6,600,58,3,e00fce6876826e255108c6bd,2025-06-30 18:00:03,2025-06-30 18:00:03,2025-06-30 18:00:03,2025-06-30
991,BuYK6vSFvr,MOOSPMv3Parser,1751307000,2,2,2,3,3,2,2,3,3,2,464,137,613,22,14,2,14,14,0,0,14,0,40,44,15,15,23.876,139,1,36.139076,-120.368347,176.207993,7,600,58,3,e00fce6876826e255108c6bd,2025-06-30 18:10:02,2025-06-30 18:10:03,2025-06-30 18:10:03,2025-06-30
1001,4iwAeilODp,MOOSPMv3Parser,1751307600,2,2,2,3,3,2,2,3,3,2,477,139,625,21,14,1,14,14,0,0,14,0,40,45,16,15,23.542,164,1,36.13908,-120.368141,203.173004,7,600,58,3,e00fce6876826e255108c6bd,2025-06-30 18:20:02,2025-06-30 18:20:02,2025-06-30 18:20:02,2025-06-30
1011,zBTpCPDjA1,MOOSPMv3Parser,1751308200,1,1,2,3,3,2,2,3,3,2,478,140,638,26,15,2,15,15,0,0,15,0,40,45,16,16,22.483,333,1,36.139107,-120.368416,190.434006,6,600,58,3,e00fce6876826e255108c6bd,2025-06-30 18:30:02,2025-06-30 18:30:02,2025-06-30 18:30:02,2025-06-30
1021,pFcJIKTfhf,MOOSPMv3Parser,1751308800,1,1,2,2,2,2,2,3,3,2,450,132,651,20,14,2,14,14,0,0,14,0,39,45,16,15,24.557,163,1,36.139122,-120.368248,215.085999,6,600,58,3,e00fce6876826e255108c6bd,2025-06-30 18:40:02,2025-06-30 18:40:02,2025-06-30 18:40:02,2025-06-30
1036,QKBIZQAI09,MOOSPMv3Parser,1751309400,2,2,2,3,3,2,2,3,3,2,459,133,663,21,14,2,14,14,0,0,14,0,39,44,17,16,24.201,97,1,36.139206,-120.368538,204.014008,5,600,58,3,e00fce6876826e255108c6bd,2025-06-30 18:50:03,2025-06-30 18:50:03,2025-06-30 18:50:03,2025-06-30
1040,AHSKFW2sbg,MOOSPMv3Parser,1751310000,1,1,2,2,2,2,2,3,3,2,480,139,676,20,15,1,15,15,0,0,15,0,39,44,17,16,24.668,55,1,36.139072,-120.368355,190.979004,6,600,58,3,e00fce6876826e255108c6bd,2025-06-30 19:00:02,2025-06-30 19:00:02,2025-06-30 19:00:02,2025-06-30
1051,iTPCQysbSs,MOOSPMv3Parser,1751310600,2,2,2,3,3,2,2,3,3,2,504,147,689,21,15,2,15,15,0,0,15,0,40,45,17,16,23.557,62,1,36.13905,-120.36834,196.919006,5,600,58,3,e00fce6876826e255108c6bd,2025-06-30 19:10:02,2025-06-30 19:10:03,2025-06-30 19:10:03,2025-06-30
1063,BlwuLL6Dvt,MOOSPMv3Parser,1751311200,2,2,2,3,3,2,2,3,3,2,536,159,703,23,16,1,16,16,0,0,16,0,41,45,17,17,23.195,93,1,36.139027,-120.368347,176.328995,5,600,58,3,e00fce6876826e255108c6bd,2025-06-30 19:20:02,2025-06-30 19:20:03,2025-06-30 19:20:03,2025-06-30
1071,rtZBM9gde9,MOOSPMv3Parser,1751311800,2,2,2,3,3,2,2,3,3,2,510,145,716,21,15,1,16,16,0,0,16,0,41,45,16,16,23.019,157,1,36.139027,-120.368347,176.330994,0,600,58,3,e00fce6876826e255108c6bd,2025-06-30 19:30:02,2025-06-30 19:30:03,2025-06-30 19:30:03,2025-06-30
1081,GTVkwsvfcZ,MOOSPMv3Parser,1751312400,2,2,2,3,3,2,2,4,4,2,557,165,729,26,15,2,15,15,0,0,15,0,42,45,15,15,23.765,96,1,36.139008,-120.36834,187.421997,7,600,58,3,e00fce6876826e255108c6bd,2025-06-30 19:40:02,2025-06-30 19:40:03,2025-06-30 19:40:03,2025-06-30
1091,ElFNvgbo3z,MOOSPMv3Parser,1751313000,2,2,2,3,3,2,2,4,4,2,524,153,743,24,15,2,15,15,0,0,15,0,42,46,15,15,23.601,70,1,36.139053,-120.368385,179.018005,6,600,58,3,e00fce6876826e255108c6bd,2025-06-30 19:50:02,2025-06-30 19:50:03,2025-06-30 19:50:03,2025-06-30
1101,S4LBzGJGFu,MOOSPMv3Parser,1751313600,2,2,2,3,3,2,2,3,3,2,565,165,756,23,15,2,15,15,0,0,15,0,42,46,15,15,24.4,42,1,36.139103,-120.368362,155.789001,6,600,58,3,e00fce6876826e255108c6bd,2025-06-30 20:00:02,2025-06-30 20:00:03,2025-06-30 20:00:03,2025-06-30
1117,E2VWAICcQd,MOOSPMv3Parser,1751314200,2,2,2,3,3,2,2,3,3,2,540,156,769,23,16,1,16,16,0,0,16,0,42,46,15,15,25.054,23,1,36.139065,-120.368233,193.274994,6,600,58,3,e00fce6876826e255108c6bd,2025-06-30 20:10:04,2025-06-30 20:10:04,2025-06-30 20:10:04,2025-06-30
1121,nnDZKed0P4,MOOSPMv3Parser,1751314800,2,2,2,3,3,2,2,3,3,2,541,160,782,22,15,1,15,15,0,0,15,0,42,46,15,15,24.686,34,1,36.139004,-120.368286,174.261002,6,600,58,3,e00fce6876826e255108c6bd,2025-06-30 20:20:03,2025-06-30 20:20:03,2025-06-30 20:20:03,2025-06-30
1137,DqsKXs1SBQ,MOOSPMv3Parser,1751315400,2,2,2,3,3,2,2,4,4,2,556,162,795,25,15,1,15,15,0,0,15,0,43,46,15,15,23.918,66,1,36.139004,-120.368279,183.007996,5,600,58,3,e00fce6876826e255108c6bd,2025-06-30 20:30:03,2025-06-30 20:30:03,2025-06-30 20:30:03,2025-06-30
1143,kvNP1YIVfM,MOOSPMv3Parser,1751316000,2,2,2,3,3,2,2,3,3,2,575,166,808,24,15,1,15,15,0,0,15,0,44,47,13,14,23.592,106,1,36.138962,-120.368309,177.910004,7,600,58,3,e00fce6876826e255108c6bd,2025-06-30 20:40:03,2025-06-30 20:40:03,2025-06-30 20:40:03,2025-06-30
1151,wwo5mswmkf,MOOSPMv3Parser,1751316600,2,2,2,4,4,2,2,4,4,2,613,176,822,25,15,2,15,15,0,0,15,0,44,47,14,15,24.142,207,1,36.139042,-120.368301,169.688995,7,600,58,3,e00fce6876826e255108c6bd,2025-06-30 20:50:02,2025-06-30 20:50:02,2025-06-30 20:50:02,2025-06-30
1167,8ALFUzmiXd,MOOSPMv3Parser,1751317200,2,2,2,4,4,2,2,4,4,2,643,183,834,27,15,2,15,15,0,0,15,0,43,47,14,14,25.532,109,1,36.139004,-120.368423,160.210999,7,600,58,3,e00fce6876826e255108c6bd,2025-06-30 21:00:07,2025-06-30 21:00:07,2025-06-30 21:00:07,2025-06-30
1175,4oim7Uht0a,MOOSPMv3Parser,1751317800,3,3,2,4,4,2,2,4,4,2,661,185,847,26,15,1,15,15,0,0,15,0,43,47,14,14,25.676,99,1,36.138947,-120.368195,181.253006,5,600,58,3,e00fce6876826e255108c6bd,2025-06-30 21:10:03,2025-06-30 21:10:03,2025-06-30 21:10:03,2025-06-30
1184,FlTUKlVlej,MOOSPMv3Parser,1751318400,2,2,2,4,4,2,2,4,4,2,668,186,861,28,15,1,16,16,0,0,16,0,43,48,14,14,26.281,121,1,36.138947,-120.368195,181.255005,0,600,58,3,e00fce6876826e255108c6bd,2025-06-30 21:20:03,2025-06-30 21:20:03,2025-06-30 21:20:03,2025-06-30
1191,oZ3vNriFbh,MOOSPMv3Parser,1751319000,2,2,2,4,4,2,2,4,4,2,659,185,875,26,16,1,16,16,0,0,16,0,43,48,14,14,25.892,157,1,36.139004,-120.368454,162.561996,5,600,58,3,e00fce6876826e255108c6bd,2025-06-30 21:30:02,2025-06-30 21:30:02,2025-06-30 21:30:02,2025-06-30
1201,VgmPIdVEcV,MOOSPMv3Parser,1751319600,3,3,2,4,4,2,2,4,4,2,700,197,889,29,16,2,17,17,0,0,17,0,43,48,14,14,25.649,212,1,36.139019,-120.368347,180.901001,6,600,58,3,e00fce6876826e255108c6bd,2025-06-30 21:40:02,2025-06-30 21:40:03,2025-06-30 21:40:03,2025-06-30
1212,oKs4uEGlMd,MOOSPMv3Parser,1751320200,3,3,2,4,4,2,2,5,5,2,711,204,903,28,16,2,16,16,0,0,16,0,44,48,14,14,24.055,344,1,36.139004,-120.368256,196.863998,6,600,58,3,e00fce6876826e255108c6bd,2025-06-30 21:50:03,2025-06-30 21:50:03,2025-06-30 21:50:03,2025-06-30
1223,aGFxyTCRD2,MOOSPMv3Parser,1751320800,3,3,2,4,4,2,2,4,4,2,780,219,918,25,17,1,17,17,0,0,17,0,44,48,13,14,25.167,308,1,36.139038,-120.368362,168.537003,6,600,58,3,e00fce6876826e255108c6bd,2025-06-30 22:00:03,2025-06-30 22:00:03,2025-06-30 22:00:03,2025-06-30
1230,UZUWOPsjDd,MOOSPMv3Parser,1751321400,3,3,2,4,4,2,2,5,5,2,747,212,932,28,16,1,16,16,0,0,16,0,43,48,13,14,26.114,254,1,36.139004,-120.368256,177.119995,6,600,58,3,e00fce6876826e255108c6bd,2025-06-30 22:10:03,2025-06-30 22:10:03,2025-06-30 22:10:03,2025-06-30
1243,yXsWfYmBid,MOOSPMv3Parser,1751322000,3,3,2,4,4,2,2,4,4,2,714,203,947,27,17,1,17,17,0,0,17,0,43,47,14,14,26.215,157,1,36.138985,-120.36834,180.755997,5,600,58,3,e00fce6876826e255108c6bd,2025-06-30 22:20:03,2025-06-30 22:20:03,2025-06-30 22:20:03,2025-06-30
1254,Oypg6wkeOc,MOOSPMv3Parser,1751322600,3,3,2,4,4,2,2,4,4,2,704,202,961,27,17,1,17,17,0,0,17,0,44,47,13,14,26.229,107,1,36.13905,-120.368362,179.057999,5,600,58,3,e00fce6876826e255108c6bd,2025-06-30 22:30:03,2025-06-30 22:30:03,2025-06-30 22:30:03,2025-06-30
1264,yaAxj096Jp,MOOSPMv3Parser,1751323200,3,3,2,4,4,2,2,4,4,2,742,210,976,27,17,1,17,17,0,0,17,0,43,47,13,14,26.169,83,1,36.138859,-120.368187,200.608994,5,600,58,3,e00fce6876826e255108c6bd,2025-06-30 22:40:03,2025-06-30 22:40:03,2025-06-30 22:40:03,2025-06-30
1275,7PAWnsBjvo,MOOSPMv3Parser,1751323800,3,3,2,4,4,2,2,4,4,2,689,195,992,29,18,1,18,18,0,0,18,0,43,47,14,14,26.971,89,1,36.13903,-120.368309,181.725998,6,600,58,3,e00fce6876826e255108c6bd,2025-06-30 22:50:03,2025-06-30 22:50:03,2025-06-30 22:50:03,2025-06-30
1287,raEacxkFJm,MOOSPMv3Parser,1751324400,3,3,2,4,4,2,2,5,5,2,713,203,1007,31,17,1,18,18,0,0,18,0,43,46,13,14,26.466,23,1,36.139084,-120.368294,158.113007,7,600,58,3,e00fce6876826e255108c6bd,2025-06-30 23:00:07,2025-06-30 23:00:07,2025-06-30 23:00:07,2025-06-30
1292,FNMuLGeRXr,MOOSPMv3Parser,1751325000,3,3,2,5,5,2,2,5,5,2,761,216,1023,29,18,3,18,18,0,0,18,0,44,46,14,14,25.222,47,1,36.139084,-120.368294,158.110992,0,600,58,3,e00fce6876826e255108c6bd,2025-06-30 23:10:03,2025-06-30 23:10:03,2025-06-30 23:10:03,2025-06-30
1304,S2OLuZkfcS,MOOSPMv3Parser,1751325600,3,3,2,4,4,2,2,5,5,2,692,200,1038,31,17,1,17,17,0,0,17,0,44,46,14,15,26.155,29,1,36.139046,-120.368401,173.395996,6,600,58,3,e00fce6876826e255108c6bd,2025-06-30 23:20:03,2025-06-30 23:20:03,2025-06-30 23:20:03,2025-06-30
1311,Xq5AJPCwHI,MOOSPMv3Parser,1751326200,3,3,2,4,4,2,2,5,5,2,734,212,1054,27,19,2,19,19,0,0,19,0,43,46,15,16,26.922,9,1,36.138985,-120.368286,167.759003,5,600,58,3,e00fce6876826e255108c6bd,2025-06-30 23:30:03,2025-06-30 23:30:03,2025-06-30 23:30:03,2025-06-30
1327,lJlegl6cDD,MOOSPMv3Parser,1751326800,3,3,2,4,4,2,2,4,4,2,702,205,1070,29,18,2,18,18,0,0,18,0,43,45,15,16,130.213,5,1,36.138981,-120.368263,163.779999,6,600,58,3,e00fce6876826e255108c6bd,2025-06-30 23:40:06,2025-06-30 23:40:07,2025-06-30 23:40:07,2025-06-30
1330,nn0ENtSkzz,MOOSPMv3Parser,1751327400,3,3,2,4,4,3,3,4,4,3,708,204,1087,28,19,1,19,19,0,0,19,0,43,45,14,15,79.025,3,2,36.138985,-120.368286,169.440994,6,600,58,3,e00fce6876826e255108c6bd,2025-06-30 23:50:02,2025-06-30 23:50:03,2025-06-30 23:50:03,2025-06-30
10,ckjUOzJoX7,MOOSPMv3Parser,1751328000,3,3,2,4,4,3,3,5,5,3,712,206,1103,28,19,1,19,19,0,0,19,0,43,45,15,16,79.893,1,2,36.139008,-120.368477,158.070007,6,600,58,3,e00fce6876826e255108c6bd,2025-07-01 00:00:03,2025-07-01 00:00:06,2025-07-01 00:00:06,2025-07-01
20,ATEpqkBADs,MOOSPMv3Parser,1751328600,3,3,2,4,4,3,3,5,5,3,733,215,1120,31,19,1,19,19,0,0,19,0,43,44,15,16,130.618,1,2,36.139015,-120.368393,160.835999,7,600,58,3,e00fce6876826e255108c6bd,2025-07-01 00:10:07,2025-07-01 00:10:08,2025-07-01 00:10:08,2025-07-01
27,vQRpPLaze3,MOOSPMv3Parser,1751329200,3,3,3,4,4,3,3,5,5,3,729,218,1138,31,21,2,21,21,0,0,21,0,42,44,15,16,422.505,1,2,36.139019,-120.368408,187.332993,7,600,58,3,e00fce6876826e255108c6bd,2025-07-01 00:20:03,2025-07-01 00:20:03,2025-07-01 00:20:03,2025-07-01
38,xuANBXgMka,MOOSPMv3Parser,1751329800,3,3,3,5,5,3,3,5,5,3,764,224,1156,33,20,2,20,20,0,0,20,0,43,43,15,16,412.745,1,2,36.139042,-120.368454,171.934998,7,600,58,3,e00fce6876826e255108c6bd,2025-07-01 00:30:03,2025-07-01 00:30:03,2025-07-01 00:30:03,2025-07-01
50,Ynt3dHQDIp,MOOSPMv3Parser,1751330400,3,3,3,5,5,3,3,5,5,3,744,220,1173,33,20,2,20,20,0,0,20,0,43,43,15,17,462.775,1,3,36.138988,-120.36834,178.354996,7,600,58,3,e00fce6876826e255108c6bd,2025-07-01 00:40:08,2025-07-01 00:40:08,2025-07-01 00:40:08,2025-07-01
60,CNwYKS61H7,MOOSPMv3Parser,1751331000,3,3,3,5,5,3,3,5,5,3,749,225,1192,31,21,2,21,21,0,0,21,0,42,42,12,15,361.656,1,3,36.139061,-120.368187,187.610001,7,600,58,3,e00fce6876826e255108c6bd,2025-07-01 00:50:08,2025-07-01 00:50:08,2025-07-01 00:50:08,2025-07-01
67,yTW9yhAWb5,MOOSPMv3Parser,1751331600,1,1,1,1,1,2,2,2,2,2,355,103,1202,15,12,1,12,12,0,0,12,0,42,42,13,15,154.789,2,2,36.139061,-120.368187,187.604996,0,600,58,3,e00fce6876826e255108c6bd,2025-07-01 01:00:03,2025-07-01 01:00:03,2025-07-01 01:00:03,2025-07-01
79,BqjA9IY5uN,MOOSPMv3Parser,1751332200,1,1,2,2,2,2,2,2,2,2,342,100,1212,16,12,1,12,12,0,0,12,0,41,41,13,15,207.608,4,2,36.13903,-120.368271,188.742996,8,600,58,3,e00fce6876826e255108c6bd,2025-07-01 01:10:05,2025-07-01 01:10:05,2025-07-01 01:10:05,2025-07-01
89,7mxr6bBhiP,MOOSPMv3Parser,1751332800,1,1,2,2,2,2,2,3,3,2,379,114,1224,19,13,2,13,13,0,0,13,0,40,40,14,16,269.757,4,2,36.138996,-120.368393,162.194,7,600,58,3,e00fce6876826e255108c6bd,2025-07-01 01:20:03,2025-07-01 01:20:03,2025-07-01 01:20:03,2025-07-01
94,fU84e8dC9K,MOOSPMv3Parser,1751333400,1,1,2,2,2,2,2,3,3,2,370,111,1235,20,13,3,13,13,0,0,13,0,40,40,14,16,334.843,3,2,36.138977,-120.368477,173.792007,7,600,58,3,e00fce6876826e255108c6bd,2025-07-01 01:30:03,2025-07-01 01:30:03,2025-07-01 01:30:03,2025-07-01
109,vTQRS5oKyN,MOOSPMv3Parser,1751334000,1,1,2,2,2,2,2,2,2,2,368,110,1246,17,12,1,12,12,0,0,12,0,40,39,14,16,121.822,3,3,36.138973,-120.368614,173.237,6,600,58,3,e00fce6876826e255108c6bd,2025-07-01 01:40:03,2025-07-01 01:40:03,2025-07-01 01:40:03,2025-07-01
119,BYS3iGgYNf,MOOSPMv3Parser,1751334600,1,1,2,2,2,2,2,2,2,2,336,103,1257,18,13,1,13,13,0,0,13,0,39,39,14,16,446.747,2,3,36.139004,-120.368271,189.039001,6,600,58,3,e00fce6876826e255108c6bd,2025-07-01 01:50:03,2025-07-01 01:50:03,2025-07-01 01:50:03,2025-07-01
127,LPILwLwhL5,MOOSPMv3Parser,1751335200,1,1,2,2,2,2,2,2,2,2,309,93,1267,17,12,1,12,12,0,0,12,0,39,38,14,16,181.848,2,3,36.139072,-120.368217,188.992996,7,600,58,3,e00fce6876826e255108c6bd,2025-07-01 02:00:03,2025-07-01 02:00:03,2025-07-01 02:00:03,2025-07-01
140,tAsReDBPmQ,MOOSPMv3Parser,1751335800,1,1,2,1,1,2,2,2,2,2,320,95,1278,18,12,1,12,12,0,0,12,0,38,38,14,16,130.921,3,3,36.138905,-120.368729,129.951996,6,600,58,3,e00fce6876826e255108c6bd,2025-07-01 02:10:04,2025-07-01 02:10:04,2025-07-01 02:10:04,2025-07-01
146,bzQkCmce0C,MOOSPMv3Parser,1751336400,1,1,1,1,1,1,1,2,2,1,312,95,1287,14,11,1,11,11,0,0,11,0,38,37,14,16,79.918,3,4,36.139011,-120.368546,151.057999,5,600,58,3,e00fce6876826e255108c6bd,2025-07-01 02:20:03,2025-07-01 02:20:03,2025-07-01 02:20:03,2025-07-01
158,o2T9nm8Lut,MOOSPMv3Parser,1751337000,1,1,1,1,1,2,2,2,2,2,298,89,1297,14,11,1,11,11,0,0,11,0,37,37,15,17,355.769,3,4,36.138973,-120.368584,133.042999,5,600,58,3,e00fce6876826e255108c6bd,2025-07-01 02:30:03,2025-07-01 02:30:03,2025-07-01 02:30:03,2025-07-01
170,H9iOU6wSx1,MOOSPMv3Parser,1751337600,1,1,1,2,2,2,2,2,2,2,328,100,1307,17,11,1,11,11,0,0,11,0,36,36,15,17,60.016,3,5,36.139008,-120.368355,180.100998,6,600,58,3,e00fce6876826e255108c6bd,2025-07-01 02:40:04,2025-07-01 02:40:04,2025-07-01 02:40:04,2025-07-01
174,34QTmm0EjN,MOOSPMv3Parser,1751338200,1,1,2,2,2,2,2,2,2,2,326,99,1318,16,12,1,13,13,0,0,13,0,36,36,15,17,29.092,3,5,36.139008,-120.368355,180.100998,0,600,58,3,e00fce6876826e255108c6bd,2025-07-01 02:50:03,2025-07-01 02:50:03,2025-07-01 02:50:03,2025-07-01
189,dWXyoou2Fn,MOOSPMv3Parser,1751338800,1,1,2,2,2,2,2,2,2,2,326,98,1328,16,12,1,12,12,0,0,12,0,35,35,16,17,28.751,3,6,36.13903,-120.368294,180.082001,6,600,58,3,e00fce6876826e255108c6bd,2025-07-01 03:00:08,2025-07-01 03:00:08,2025-07-01 03:00:08,2025-07-01
200,ARqKu5OjoZ,MOOSPMv3Parser,1751339400,1,1,2,1,1,2,2,2,2,2,343,102,1339,17,12,1,12,12,0,0,12,0,35,35,16,17,80.416,3,6,36.13905,-120.368256,183.091003,7,600,58,3,e00fce6876826e255108c6bd,2025-07-01 03:10:08,2025-07-01 03:10:08,2025-07-01 03:10:08,2025-07-01
208,xRAH7bzQyG,MOOSPMv3Parser,1751340000,1,1,2,2,2,2,2,2,2,2,337,101,1349,18,12,2,12,12,0,0,12,0,34,34,16,18,132.397,3,8,36.139015,-120.36837,194.690994,7,600,58,3,e00fce6876826e255108c6bd,2025-07-01 03:20:03,2025-07-01 03:20:03,2025-07-01 03:20:03,2025-07-01
220,FpBYQPEbK2,MOOSPMv3Parser,1751340600,1,1,2,2,2,2,2,3,3,2,406,120,1361,20,13,3,13,13,0,0,13,0,34,34,17,18,130.493,4,9,36.139145,-120.368385,178.255997,7,600,58,3,e00fce6876826e255108c6bd,2025-07-01 03:30:08,2025-07-01 03:30:08,2025-07-01 03:30:08,2025-07-01
229,7kgqAL90YN,MOOSPMv3Parser,1751341200,1,1,2,2,2,2,2,2,2,2,395,118,1373,21,13,1,14,14,0,0,14,0,33,33,17,19,26.045,17,10,36.139019,-120.368294,179.072006,7,600,58,3,e00fce6876826e255108c6bd,2025-07-01 03:40:08,2025-07-01 03:40:08,2025-07-01 03:40:08,2025-07-01
236,FUdBcpDCoS,MOOSPMv3Parser,1751341800,1,1,2,3,3,2,2,3,3,2,418,129,1388,24,18,3,18,18,0,0,18,0,33,33,19,22,26.429,17,10,36.139099,-120.368378,186.886002,7,600,58,3,e00fce6876826e255108c6bd,2025-07-01 03:50:03,2025-07-01 03:50:03,2025-07-01 03:50:03,2025-07-01
249,A0ONKhWA9Y,MOOSPMv3Parser,1751342400,1,1,2,2,2,2,2,3,3,2,371,113,1400,20,14,2,14,14,0,0,14,0,32,32,18,20,29.109,12,8,36.138977,-120.36837,176.186996,7,600,58,3,e00fce6876826e255108c6bd,2025-07-01 04:00:03,2025-07-01 04:00:03,2025-07-01 04:00:03,2025-07-01
258,BShBkEsPFK,MOOSPMv3Parser,1751343000,1,1,2,2,2,2,2,2,2,2,402,121,1412,19,13,2,13,13,0,0,13,0,32,32,19,21,29.122,7,10,36.139057,-120.368492,184.190002,7,600,58,3,e00fce6876826e255108c6bd,2025-07-01 04:10:03,2025-07-01 04:10:03,2025-07-01 04:10:03,2025-07-01
267,xXOmJ8e9GD,MOOSPMv3Parser,1751343600,1,1,2,2,2,2,2,2,2,2,385,116,1424,18,14,1,14,14,0,0,14,0,32,31,19,21,28.437,7,11,36.139008,-120.368401,186.089996,6,600,58,3,e00fce6876826e255108c6bd,2025-07-01 04:20:03,2025-07-01 04:20:03,2025-07-01 04:20:03,2025-07-01
280,UzvO0TO6sk,MOOSPMv3Parser,1751344200,1,1,2,2,2,2,2,3,3,2,413,126,1437,21,15,2,15,15,0,0,15,0,32,31,19,22,28.889,7,13,36.138958,-120.368233,195.223007,6,600,58,3,e00fce6876826e255108c6bd,2025-07-01 04:30:06,2025-07-01 04:30:06,2025-07-01 04:30:06,2025-07-01
286,Ix0eXGwXOF,MOOSPMv3Parser,1751344800,1,1,2,2,2,2,2,3,3,2,426,130,1451,21,15,1,15,15,0,0,15,0,31,31,21,23,26.389,15,12,36.138958,-120.368233,195.227005,0,600,58,3,e00fce6876826e255108c6bd,2025-07-01 04:40:03,2025-07-01 04:40:03,2025-07-01 04:40:03,2025-07-01
299,RMyT4FHnLR,MOOSPMv3Parser,1751345400,1,1,2,2,2,2,2,3,3,2,396,121,1463,18,14,2,14,14,0,0,14,0,31,30,19,22,26.802,23,10,36.138977,-120.368309,175.626007,7,600,58,3,e00fce6876826e255108c6bd,2025-07-01 04:50:04,2025-07-01 04:50:05,2025-07-01 04:50:05,2025-07-01
305,cFJh8SeupJ,MOOSPMv3Parser,1751346000,1,1,2,3,3,2,2,3,3,2,445,134,1475,21,14,1,14,14,0,0,14,0,31,30,19,23,29.737,12,11,36.138985,-120.368393,178.850006,6,600,58,3,e00fce6876826e255108c6bd,2025-07-01 05:00:03,2025-07-01 05:00:03,2025-07-01 05:00:03,2025-07-01
319,ZGIwU1DUJk,MOOSPMv3Parser,1751346600,1,1,2,2,2,2,2,3,3,2,441,134,1488,20,15,1,16,16,0,0,16,0,31,30,21,24,26.975,13,16,36.139053,-120.368217,184.035995,6,600,58,3,e00fce6876826e255108c6bd,2025-07-01 05:10:03,2025-07-01 05:10:03,2025-07-01 05:10:03,2025-07-01
328,ZfqOe0XnKs,MOOSPMv3Parser,1751347200,2,2,2,3,3,2,2,3,3,2,451,137,1501,23,15,1,15,15,0,0,15,0,31,30,21,24,27.423,19,13,36.139011,-120.368271,181.417007,7,600,58,3,e00fce6876826e255108c6bd,2025-07-01 05:20:03,2025-07-01 05:20:03,2025-07-01 05:20:03,2025-07-01
335,qiewmETa7G,MOOSPMv3Parser,1751347800,1,1,2,2,2,2,2,3,3,2,441,132,1514,19,15,1,16,16,0,0,16,0,31,30,23,26,26.764,16,13,36.139027,-120.368385,168.582993,6,600,58,3,e00fce6876826e255108c6bd,2025-07-01 05:30:03,2025-07-01 05:30:03,2025-07-01 05:30:03,2025-07-01
346,2qHOUj2PbM,MOOSPMv3Parser,1751348400,1,1,2,2,2,2,2,2,2,2,399,121,1528,19,15,1,15,15,0,0,15,0,30,29,22,26,25.288,35,10,36.13903,-120.368408,177.955002,6,600,58,3,e00fce6876826e255108c6bd,2025-07-01 05:40:03,2025-07-01 05:40:04,2025-07-01 05:40:04,2025-07-01
359,EMnWFe4zld,MOOSPMv3Parser,1751349000,1,1,2,2,2,2,2,3,3,2,428,129,1542,18,16,2,16,16,0,0,16,0,30,29,22,26,23.44,48,8,36.138969,-120.368431,167.856995,6,600,58,3,e00fce6876826e255108c6bd,2025-07-01 05:50:03,2025-07-01 05:50:04,2025-07-01 05:50:04,2025-07-01
368,tJqle9CZVb,MOOSPMv3Parser,1751349600,1,1,2,2,2,2,2,3,3,2,385,118,1555,22,15,2,15,15,0,0,15,0,29,29,22,24,23.486,58,6,36.139103,-120.368279,190.317993,6,600,58,3,e00fce6876826e255108c6bd,2025-07-01 06:00:03,2025-07-01 06:00:04,2025-07-01 06:00:04,2025-07-01
378,X39n7hwllH,MOOSPMv3Parser,1751350200,1,1,2,2,2,2,2,3,3,2,387,117,1568,22,15,1,15,15,0,0,15,0,28,28,26,28,22.424,36,6,36.138988,-120.368279,177.643005,6,600,58,3,e00fce6876826e255108c6bd,2025-07-01 06:10:03,2025-07-01 06:10:03,2025-07-01 06:10:03,2025-07-01
389,hnTUs9SaOw,MOOSPMv3Parser,1751350800,1,1,2,2,2,2,2,3,3,2,409,126,1580,21,14,2,15,15,0,0,15,0,28,28,27,29,20.771,74,5,36.138996,-120.368317,183.410004,6,600,58,3,e00fce6876826e255108c6bd,2025-07-01 06:20:03,2025-07-01 06:20:04,2025-07-01 06:20:04,2025-07-01
398,fTAiPFSZSN,MOOSPMv3Parser,1751351400,2,2,2,3,3,2,2,3,3,2,430,132,1594,21,16,1,16,16,0,0,16,0,27,27,25,28,19.631,93,4,36.138996,-120.368317,183.406998,0,600,58,3,e00fce6876826e255108c6bd,2025-07-01 06:30:03,2025-07-01 06:30:04,2025-07-01 06:30:04,2025-07-01
409,7DuJnbYGwf,MOOSPMv3Parser,1751352000,1,1,2,3,3,2,2,3,3,2,435,134,1608,23,16,2,16,16,0,0,16,0,27,27,26,28,20.494,108,4,36.139065,-120.368332,159.929993,7,600,58,3,e00fce6876826e255108c6bd,2025-07-01 06:40:03,2025-07-01 06:40:03,2025-07-01 06:40:03,2025-07-01
420,FK3Msec2OI,MOOSPMv3Parser,1751352600,1,1,2,3,3,2,2,3,3,2,434,134,1623,24,17,2,17,17,0,0,17,0,27,27,26,29,23.293,42,5,36.139038,-120.368393,166.597,7,600,58,3,e00fce6876826e255108c6bd,2025-07-01 06:50:05,2025-07-01 06:50:05,2025-07-01 06:50:05,2025-07-01
429,HzjEoqfCPE,MOOSPMv3Parser,1751353200,1,1,2,2,2,2,2,3,3,2,431,133,1636,24,15,2,16,16,0,0,16,0,27,26,27,30,21.431,84,5,36.139095,-120.368454,181.477005,7,600,58,3,e00fce6876826e255108c6bd,2025-07-01 07:00:08,2025-07-01 07:00:08,2025-07-01 07:00:08,2025-07-01
438,1lkQO6ct1K,MOOSPMv3Parser,1751353800,1,1,2,3,3,2,2,3,3,2,444,135,1650,23,16,1,16,16,0,0,16,0,27,26,30,32,20.092,116,4,36.138958,-120.368401,151.341003,5,600,58,3,e00fce6876826e255108c6bd,2025-07-01 07:10:03,2025-07-01 07:10:04,2025-07-01 07:10:04,2025-07-01
449,4K8mIOkHZ1,MOOSPMv3Parser,1751354400,1,1,2,3,3,2,2,3,3,2,446,136,1665,26,17,3,17,17,0,0,17,0,26,26,29,31,19.68,105,4,36.139053,-120.368362,185.557999,7,600,58,3,e00fce6876826e255108c6bd,2025-07-01 07:20:03,2025-07-01 07:20:04,2025-07-01 07:20:04,2025-07-01
458,cV1OWtCxbd,MOOSPMv3Parser,1751355000,1,1,2,3,3,2,2,3,3,2,455,139,1680,24,17,3,17,17,0,0,17,0,26,26,31,33,20.003,95,4,36.138996,-120.368347,152.751999,6,600,58,3,e00fce6876826e255108c6bd,2025-07-01 07:30:03,2025-07-01 07:30:03,2025-07-01 07:30:03,2025-07-01
468,Na9cZTDUXG,MOOSPMv3Parser,1751355600,2,2,2,3,3,2,2,4,4,2,486,150,1695,27,17,2,17,17,0,0,17,0,25,25,30,32,17.128,204,3,36.139042,-120.36837,175.641006,5,600,58,3,e00fce6876826e255108c6bd,2025-07-01 07:40:03,2025-07-01 07:40:04,2025-07-01 07:40:04,2025-07-01
480,lRnd4CNPXd,MOOSPMv3Parser,1751356200,2,2,2,3,3,2,2,3,3,2,454,138,1710,23,17,2,17,17,0,0,17,0,25,25,31,33,16.429,374,2,36.139019,-120.368301,185.688004,6,600,58,3,e00fce6876826e255108c6bd,2025-07-01 07:50:07,2025-07-01 07:50:07,2025-07-01 07:50:07,2025-07-01
487,sg7VYfGPDN,MOOSPMv3Parser,1751356800,2,2,2,3,3,2,2,3,3,2,481,147,1725,23,17,2,17,17,0,0,17,0,25,25,30,33,15.914,432,2,36.13908,-120.368279,162.526001,5,600,58,3,e00fce6876826e255108c6bd,2025-07-01 08:00:03,2025-07-01 08:00:03,2025-07-01 08:00:03,2025-07-01
496,vzc73dfSzN,MOOSPMv3Parser,1751357400,2,2,2,3,3,2,2,3,3,2,451,140,1740,25,17,2,17,17,0,0,17,0,25,24,33,36,15.321,430,1,36.13908,-120.368279,162.528,0,600,58,3,e00fce6876826e255108c6bd,2025-07-01 08:10:03,2025-07-01 08:10:04,2025-07-01 08:10:04,2025-07-01
505,f1lBj2uxUT,MOOSPMv3Parser,1751358000,1,1,2,3,3,2,2,3,3,2,451,137,1755,22,17,2,17,17,0,0,17,0,24,24,31,33,15.949,386,1,36.138966,-120.368179,189.356003,5,600,58,3,e00fce6876826e255108c6bd,2025-07-01 08:20:04,2025-07-01 08:20:04,2025-07-01 08:20:04,2025-07-01
513,OF75ZOwSgY,MOOSPMv3Parser,1751358600,2,2,2,3,3,2,2,3,3,2,459,141,1770,24,17,2,17,17,0,0,17,0,24,24,35,37,16.593,353,1,36.139042,-120.368347,179.766006,7,600,58,3,e00fce6876826e255108c6bd,2025-07-01 08:30:03,2025-07-01 08:30:03,2025-07-01 08:30:03,2025-07-01
525,Mq7nNBQwGW,MOOSPMv3Parser,1751359200,2,2,2,3,3,2,2,4,4,2,487,149,1785,27,18,2,18,18,0,0,18,0,24,24,33,36,16.326,330,1,36.138985,-120.368332,173.962997,6,600,58,3,e00fce6876826e255108c6bd,2025-07-01 08:40:03,2025-07-01 08:40:04,2025-07-01 08:40:04,2025-07-01
532,kVXxzBvmeu,MOOSPMv3Parser,1751359800,2,2,2,3,3,2,2,4,4,2,480,147,1800,25,17,3,17,17,0,0,17,0,23,23,33,35,15.509,389,1,36.13905,-120.368446,171.197998,6,600,58,3,e00fce6876826e255108c6bd,2025-07-01 08:50:03,2025-07-01 08:50:04,2025-07-01 08:50:04,2025-07-01
543,CAwArMobMF,MOOSPMv3Parser,1751360400,2,2,2,3,3,2,2,3,3,2,464,141,1815,24,17,2,17,17,0,0,17,0,23,23,35,37,15.858,406,1,36.139046,-120.368408,170.664993,5,600,58,3,e00fce6876826e255108c6bd,2025-07-01 09:00:07,2025-07-01 09:00:08,2025-07-01 09:00:08,2025-07-01
547,z39XovFDft,MOOSPMv3Parser,1751361000,2,2,2,3,3,2,2,3,3,2,474,144,1830,24,17,2,17,17,0,0,17,0,23,23,35,37,15.524,404,1,36.139034,-120.368408,175.195999,6,600,58,3,e00fce6876826e255108c6bd,2025-07-01 09:10:03,2025-07-01 09:10:03,2025-07-01 09:10:03,2025-07-01
932,mmcnBxZbbe,MOOSPMv3Parser,1751389800,2,2,108,3,3,826,1420,3,3,1712,511,155,0,26,147,2,849,997,0,0,1030,2,36,40,20,18,9.88,16,1,36.139019,-120.368355,179.727997,10,219,58,3,e00fce6876826e255108c6bd,2025-07-01 17:10:02,2025-07-01 17:10:02,2025-07-01 17:10:02,2025-07-01
941,GQhSneAoGQ,MOOSPMv3Parser,1751390400,2,2,161,3,3,694,1132,3,3,1347,510,153,431,22,747,1,1266,1375,0,0,1399,1,36,40,21,19,17.544,64,3,36.139042,-120.368301,184.623001,7,600,58,3,e00fce6876826e255108c6bd,2025-07-01 17:20:02,2025-07-01 17:20:02,2025-07-01 17:20:02,2025-07-01
954,axyPOwMbY8,MOOSPMv3Parser,1751391000,2,2,14,3,3,15,15,3,3,15,519,155,528,21,111,1,111,111,0,0,111,0,37,41,20,19,19.548,92,4,36.138973,-120.368401,168.244995,10,600,58,3,e00fce6876826e255108c6bd,2025-07-01 17:30:02,2025-07-01 17:30:03,2025-07-01 17:30:03,2025-07-01
961,bp38hQZYqQ,MOOSPMv3Parser,1751391600,2,2,2,3,3,2,2,4,4,2,540,160,539,25,14,3,14,14,0,0,14,0,38,42,19,18,22.132,81,3,36.138973,-120.368401,168.242996,0,600,58,3,e00fce6876826e255108c6bd,2025-07-01 17:40:02,2025-07-01 17:40:02,2025-07-01 17:40:02,2025-07-01
971,Fvfn4Ebfaq,MOOSPMv3Parser,1751392200,2,2,2,3,3,2,2,3,3,2,517,151,552,21,15,2,15,15,0,0,15,0,38,42,19,18,22.766,95,2,36.13903,-120.3685,156.893005,7,600,58,3,e00fce6876826e255108c6bd,2025-07-01 17:50:02,2025-07-01 17:50:02,2025-07-01 17:50:02,2025-07-01
990,pkCnDLUfgz,MOOSPMv3Parser,1751392800,2,2,2,3,3,2,2,3,3,2,529,155,566,25,15,2,15,15,0,0,15,0,38,42,19,18,23.823,100,2,36.139091,-120.368263,191.522003,7,599,58,3,e00fce6876826e255108c6bd,2025-07-01 18:00:08,2025-07-01 18:00:08,2025-07-01 18:00:08,2025-07-01
1000,Uuhl0jgYG9,MOOSPMv3Parser,1751393400,2,2,2,4,4,2,3,4,4,3,593,177,582,29,18,2,18,18,0,0,18,0,38,42,19,18,23.65,61,1,36.139011,-120.368134,185.779007,8,599,58,3,e00fce6876826e255108c6bd,2025-07-01 18:10:16,2025-07-01 18:10:16,2025-07-01 18:10:16,2025-07-01
1001,A8QhKckJor,MOOSPMv3Parser,1751394000,2,2,2,3,3,2,2,3,3,2,530,156,594,21,15,1,15,15,0,0,15,0,39,43,18,17,23.209,79,1,36.139118,-120.36805,225.604004,7,600,58,3,e00fce6876826e255108c6bd,2025-07-01 18:20:02,2025-07-01 18:20:02,2025-07-01 18:20:02,2025-07-01
1014,B6LNdG3d4m,MOOSPMv3Parser,1751394600,2,2,2,3,3,2,2,3,3,2,521,156,606,20,13,1,13,13,0,0,13,0,39,43,17,17,23.819,14,1,36.139111,-120.368172,198.667999,8,600,58,3,e00fce6876826e255108c6bd,2025-07-01 18:30:02,2025-07-01 18:30:03,2025-07-01 18:30:03,2025-07-01
1021,ICZ3H5r64x,MOOSPMv3Parser,1751395200,2,2,2,3,3,2,2,3,3,2,534,156,619,20,14,1,14,14,0,0,14,0,40,44,17,16,23.448,51,1,36.139019,-120.368332,183.128006,7,599,58,3,e00fce6876826e255108c6bd,2025-07-01 18:40:02,2025-07-01 18:40:02,2025-07-01 18:40:02,2025-07-01
1031,VJirhpF6OB,MOOSPMv3Parser,1751395800,2,2,2,3,3,2,2,4,4,2,570,171,633,27,17,3,17,17,0,0,17,0,40,44,16,17,23.606,33,1,36.139015,-120.36837,175.619995,6,600,58,3,e00fce6876826e255108c6bd,2025-07-01 18:50:02,2025-07-01 18:50:02,2025-07-01 18:50:02,2025-07-01
1041,KRAVGBNzVm,MOOSPMv3Parser,1751396400,2,2,2,3,3,2,2,3,3,2,523,156,646,22,14,2,15,15,0,0,15,0,40,44,16,16,23.663,60,1,36.138924,-120.368378,176.014008,7,599,58,3,e00fce6876826e255108c6bd,2025-07-01 19:00:02,2025-07-01 19:00:02,2025-07-01 19:00:02,2025-07-01
1055,CKpQHOHvGD,MOOSPMv3Parser,1751397000,1,1,2,2,2,2,2,3,3,2,495,144,657,20,12,1,12,12,0,0,12,0,41,45,16,16,23.894,44,1,36.139038,-120.368309,167.257996,6,599,58,3,e00fce6876826e255108c6bd,2025-07-01 19:10:02,2025-07-01 19:10:03,2025-07-01 19:10:03,2025-07-01
1061,ky187BoYBh,MOOSPMv3Parser,1751397600,2,2,2,3,3,2,2,3,3,2,504,143,668,21,13,2,13,13,0,0,13,0,41,45,15,15,23.703,83,1,36.139015,-120.368347,176.354996,6,599,58,3,e00fce6876826e255108c6bd,2025-07-01 19:20:02,2025-07-01 19:20:02,2025-07-01 19:20:02,2025-07-01
1071,PWrkrb0oUD,MOOSPMv3Parser,1751398200,2,2,2,3,3,2,2,3,3,2,512,148,679,20,14,2,14,14,0,0,14,0,41,45,17,17,23.666,200,1,36.139015,-120.368347,176.350998,0,600,58,3,e00fce6876826e255108c6bd,2025-07-01 19:30:02,2025-07-01 19:30:02,2025-07-01 19:30:02,2025-07-01
1081,7WBrU7DjGh,MOOSPMv3Parser,1751398800,2,2,2,3,3,2,2,4,4,2,531,157,693,24,14,2,14,14,0,0,14,0,42,46,15,16,21.81,426,1,36.13905,-120.368408,182.197998,7,599,58,3,e00fce6876826e255108c6bd,2025-07-01 19:40:02,2025-07-01 19:40:02,2025-07-01 19:40:02,2025-07-01
1098,ab7CDRujU3,MOOSPMv3Parser,1751399400,1,1,2,3,3,2,2,3,3,2,525,149,706,20,15,2,15,15,0,0,15,0,42,46,15,16,22.19,385,1,36.139061,-120.36834,166.585007,8,599,58,3,e00fce6876826e255108c6bd,2025-07-01 19:50:03,2025-07-01 19:50:03,2025-07-01 19:50:03,2025-07-01
1101,YcqKvNFLjJ,MOOSPMv3Parser,1751400000,2,2,2,3,3,2,2,3,3,2,533,154,717,21,14,2,14,14,0,0,14,0,43,46,15,15,21.664,441,1,36.139168,-120.368469,152.798004,7,600,58,3,e00fce6876826e255108c6bd,2025-07-01 20:00:02,2025-07-01 20:00:02,2025-07-01 20:00:02,2025-07-01
1116,W1HgP9zcX7,MOOSPMv3Parser,1751400600,2,2,2,3,3,2,2,3,3,2,571,164,731,23,14,1,14,14,0,0,14,0,43,47,15,15,21.868,453,1,36.139011,-120.368233,187.485001,7,599,58,3,e00fce6876826e255108c6bd,2025-07-01 20:10:03,2025-07-01 20:10:03,2025-07-01 20:10:03,2025-07-01
1121,vNtippemzF,MOOSPMv3Parser,1751401200,2,2,2,3,3,2,2,4,4,2,602,172,742,23,14,1,14,14,0,0,14,0,43,47,14,15,21.6,485,1,36.138985,-120.36834,181.009995,6,600,58,3,e00fce6876826e255108c6bd,2025-07-01 20:20:02,2025-07-01 20:20:02,2025-07-01 20:20:02,2025-07-01
1131,LNeyrIllwd,MOOSPMv3Parser,1751401800,2,2,2,3,3,2,2,3,3,2,557,158,755,21,14,1,14,14,0,0,14,0,43,47,14,15,21.625,484,1,36.139,-120.368378,197.380005,7,599,58,3,e00fce6876826e255108c6bd,2025-07-01 20:30:02,2025-07-01 20:30:02,2025-07-01 20:30:02,2025-07-01
1147,6hEVlzmChe,MOOSPMv3Parser,1751402400,2,2,2,3,3,2,2,4,4,2,595,170,767,23,13,2,13,13,0,0,13,0,43,47,14,14,23.1,453,1,36.139061,-120.368317,187.815002,7,599,58,3,e00fce6876826e255108c6bd,2025-07-01 20:40:03,2025-07-01 20:40:03,2025-07-01 20:40:03,2025-07-01
1157,zNGSE7sKYS,MOOSPMv3Parser,1751403000,2,2,2,3,3,2,2,4,4,2,583,167,777,21,14,2,14,14,0,0,14,0,43,47,14,14,23.072,409,1,36.13892,-120.368423,171.925995,7,600,58,3,e00fce6876826e255108c6bd,2025-07-01 20:50:03,2025-07-01 20:50:03,2025-07-01 20:50:03,2025-07-01
1162,hTsWhFBSVG,MOOSPMv3Parser,1751403600,2,2,2,3,3,2,2,3,3,2,579,162,791,19,14,2,14,14,0,0,14,0,43,47,14,14,24.214,385,1,36.139088,-120.368271,187.990005,8,599,58,3,e00fce6876826e255108c6bd,2025-07-01 21:00:02,2025-07-01 21:00:03,2025-07-01 21:00:03,2025-07-01
1171,zgG3oChs1l,MOOSPMv3Parser,1751404200,2,2,2,3,3,2,2,4,4,2,653,182,804,26,14,3,14,14,0,0,14,0,43,47,14,14,24.141,343,1,36.138966,-120.36821,194.076996,5,599,58,3,e00fce6876826e255108c6bd,2025-07-01 21:10:02,2025-07-01 21:10:02,2025-07-01 21:10:02,2025-07-01
1182,SFI1XqMkon,MOOSPMv3Parser,1751404800,2,2,2,3,3,2,2,3,3,2,612,171,815,18,14,1,14,14,0,0,14,0,44,47,15,15,24.269,295,1,36.138966,-120.36821,194.080994,0,600,58,3,e00fce6876826e255108c6bd,2025-07-01 21:20:02,2025-07-01 21:20:02,2025-07-01 21:20:02,2025-07-01
1191,VmSs2xWEq7,MOOSPMv3Parser,1751405400,2,2,2,4,4,2,2,4,4,2,650,180,828,23,14,1,14,14,0,0,14,0,44,48,14,15,23.575,355,1,36.13903,-120.368416,154.738007,5,599,58,3,e00fce6876826e255108c6bd,2025-07-01 21:30:02,2025-07-01 21:30:02,2025-07-01 21:30:02,2025-07-01
1207,yxPqUlqYi3,MOOSPMv3Parser,1751406000,3,3,2,4,4,2,2,4,4,2,705,198,840,25,14,1,14,14,0,0,14,0,44,48,15,16,23.859,405,1,36.139004,-120.368362,176.692001,5,599,58,3,e00fce6876826e255108c6bd,2025-07-01 21:40:02,2025-07-01 21:40:02,2025-07-01 21:40:02,2025-07-01
1225,AHn9CjufdA,MOOSPMv3Parser,1751406600,3,3,2,4,4,2,2,4,4,2,706,194,853,24,15,1,15,15,0,0,15,0,44,48,14,14,24.617,406,1,36.138985,-120.368378,176.669998,6,599,58,3,e00fce6876826e255108c6bd,2025-07-01 21:50:07,2025-07-01 21:50:07,2025-07-01 21:50:07,2025-07-01
1229,Oybryz3DFb,MOOSPMv3Parser,1751407200,3,3,2,4,4,2,2,4,4,2,711,199,865,24,15,2,15,15,0,0,15,0,44,48,14,14,25.371,258,1,36.139061,-120.368378,167.567001,6,600,58,3,e00fce6876826e255108c6bd,2025-07-01 22:00:02,2025-07-01 22:00:02,2025-07-01 22:00:02,2025-07-01
1237,EPZb3kDXwA,MOOSPMv3Parser,1751407800,3,3,2,4,4,2,2,4,4,2,727,203,879,24,15,1,15,15,0,0,15,0,43,47,14,14,26.393,137,1,36.138992,-120.368271,191.584,6,599,58,3,e00fce6876826e255108c6bd,2025-07-01 22:10:02,2025-07-01 22:10:02,2025-07-01 22:10:02,2025-07-01
1247,iblvY3PNYh,MOOSPMv3Parser,1751408400,3,3,2,5,5,2,2,5,5,2,761,217,893,27,16,1,16,16,0,0,16,0,43,47,15,15,26.175,88,1,36.139053,-120.368401,167.365005,6,599,58,3,e00fce6876826e255108c6bd,2025-07-01 22:20:02,2025-07-01 22:20:02,2025-07-01 22:20:02,2025-07-01
1260,9EGFdNdNk6,MOOSPMv3Parser,1751409000,3,3,2,4,4,2,2,5,5,2,708,198,905,25,16,2,16,16,0,0,16,0,43,47,15,16,25.062,123,1,36.139011,-120.368324,172.544998,6,600,58,3,e00fce6876826e255108c6bd,2025-07-01 22:30:02,2025-07-01 22:30:03,2025-07-01 22:30:03,2025-07-01
1270,yak4DftrHK,MOOSPMv3Parser,1751409600,3,3,2,4,4,2,2,4,4,2,693,198,919,24,14,1,14,14,0,0,14,0,43,47,15,15,25.195,98,1,36.138916,-120.368408,198.628006,6,599,58,3,e00fce6876826e255108c6bd,2025-07-01 22:40:02,2025-07-01 22:40:02,2025-07-01 22:40:02,2025-07-01
1278,tMPJnH9dNa,MOOSPMv3Parser,1751410200,3,3,2,4,4,2,2,4,4,2,718,206,931,25,15,2,15,15,0,0,15,0,43,46,15,16,24.556,75,1,36.139011,-120.368332,166.910995,6,600,58,3,e00fce6876826e255108c6bd,2025-07-01 22:50:02,2025-07-01 22:50:02,2025-07-01 22:50:02,2025-07-01
1297,4Q2XTPMrYh,MOOSPMv3Parser,1751410800,3,3,3,5,5,3,3,6,6,4,802,234,950,33,23,4,23,23,0,0,23,0,43,46,14,15,22.872,141,1,36.139034,-120.368416,167.016998,6,600,58,3,e00fce6876826e255108c6bd,2025-07-01 23:00:03,2025-07-01 23:00:03,2025-07-01 23:00:03,2025-07-01
1307,BVujeukjjm,MOOSPMv3Parser,1751411400,3,3,2,4,4,2,2,5,5,3,711,205,963,25,15,1,16,16,0,0,16,1,43,46,15,15,23.761,74,1,36.139034,-120.368416,167.018005,0,600,58,3,e00fce6876826e255108c6bd,2025-07-01 23:10:02,2025-07-01 23:10:03,2025-07-01 23:10:03,2025-07-01
1314,SUSV2wULoT,MOOSPMv3Parser,1751412000,3,3,2,4,4,2,2,4,4,2,677,191,976,23,15,1,15,15,0,0,15,0,43,46,15,16,24.837,25,1,36.138992,-120.368233,181.932999,6,600,58,3,e00fce6876826e255108c6bd,2025-07-01 23:20:02,2025-07-01 23:20:02,2025-07-01 23:20:02,2025-07-01
1325,RK4AGRJ2cA,MOOSPMv3Parser,1751412600,3,3,2,5,5,2,2,5,5,2,707,204,990,29,16,3,16,16,0,0,16,0,43,46,16,17,26.058,18,1,36.139065,-120.368385,187.893997,5,600,58,3,e00fce6876826e255108c6bd,2025-07-01 23:30:02,2025-07-01 23:30:02,2025-07-01 23:30:02,2025-07-01
1335,WibWDatL58,MOOSPMv3Parser,1751413200,3,3,2,4,4,2,2,4,4,2,729,211,1004,25,17,1,17,17,0,0,17,0,42,45,16,17,25.732,8,1,36.139072,-120.368401,169.201996,7,600,58,3,e00fce6876826e255108c6bd,2025-07-01 23:40:02,2025-07-01 23:40:03,2025-07-01 23:40:03,2025-07-01
1348,OhoAJCy7mk,MOOSPMv3Parser,1751413800,3,3,2,4,4,2,2,5,5,2,780,226,1018,27,16,1,16,16,0,0,16,0,42,45,17,17,27.051,4,2,36.139004,-120.368279,180.848999,6,600,58,3,e00fce6876826e255108c6bd,2025-07-01 23:50:02,2025-07-01 23:50:03,2025-07-01 23:50:03,2025-07-01
1,PEzirivq6j,MOOSPMv3Parser,1751414400,3,3,2,5,5,2,2,5,5,2,751,219,1032,29,17,1,17,17,0,0,17,0,42,44,17,18,26.902,2,2,36.139023,-120.368263,193.223999,6,600,58,3,e00fce6876826e255108c6bd,2025-07-02 00:00:02,2025-07-02 00:00:03,2025-07-02 00:00:03,2025-07-02
25,prSInpjqW5,MOOSPMv3Parser,1751415000,3,3,2,5,5,2,2,5,5,2,744,221,1046,30,16,2,16,16,0,0,16,0,42,44,17,18,25.975,2,2,36.139027,-120.368423,170.789001,6,600,58,3,e00fce6876826e255108c6bd,2025-07-02 00:10:02,2025-07-02 00:10:03,2025-07-02 00:10:03,2025-07-02
38,XAlLPNNGRb,MOOSPMv3Parser,1751415600,3,3,2,5,5,2,2,5,5,2,792,233,1060,27,16,2,16,16,0,0,16,0,42,43,18,19,24.977,3,2,36.139042,-120.368378,164.906006,6,600,58,3,e00fce6876826e255108c6bd,2025-07-02 00:20:02,2025-07-02 00:20:02,2025-07-02 00:20:02,2025-07-02
66,QNUL09Hpky,MOOSPMv3Parser,1751416200,3,3,2,4,4,2,2,5,5,2,750,220,1075,23,17,2,17,17,0,0,17,0,41,43,18,19,26.706,2,2,36.139038,-120.368355,167.871002,6,600,58,3,e00fce6876826e255108c6bd,2025-07-02 00:30:03,2025-07-02 00:30:04,2025-07-02 00:30:04,2025-07-02
82,pGP7VemNDt,MOOSPMv3Parser,1751416800,3,3,2,4,4,2,2,5,5,2,680,201,1089,28,16,2,16,16,0,0,16,0,41,42,17,19,26.938,2,2,36.13905,-120.368454,152.606995,6,600,58,3,e00fce6876826e255108c6bd,2025-07-02 00:40:02,2025-07-02 00:40:03,2025-07-02 00:40:03,2025-07-02
101,Id9flj06Dl,MOOSPMv3Parser,1751417400,3,3,2,4,4,2,2,5,5,2,681,201,1103,25,17,3,17,17,0,0,17,0,40,42,18,19,27.469,1,3,36.139004,-120.368423,157.910995,6,600,58,3,e00fce6876826e255108c6bd,2025-07-02 00:50:02,2025-07-02 00:50:03,2025-07-02 00:50:03,2025-07-02
128,MgNv4xcHG0,MOOSPMv3Parser,1751418000,3,3,2,4,4,2,2,5,5,2,690,203,1118,27,17,3,17,17,0,0,17,0,40,41,17,19,27.182,1,3,36.139004,-120.368423,157.910995,0,600,58,3,e00fce6876826e255108c6bd,2025-07-02 01:00:42,2025-07-02 01:00:42,2025-07-02 01:00:42,2025-07-02
147,ReuTEnpczO,MOOSPMv3Parser,1751418600,2,2,2,4,4,2,2,4,4,2,630,186,1132,26,16,1,17,17,0,0,17,0,40,41,17,18,29.102,1,3,36.139015,-120.368378,171.695999,8,600,58,3,e00fce6876826e255108c6bd,2025-07-02 01:10:07,2025-07-02 01:10:07,2025-07-02 01:10:07,2025-07-02
158,9cJgJBlRMR,MOOSPMv3Parser,1751419200,2,2,2,4,4,2,2,4,4,2,614,185,1146,22,16,1,16,16,0,0,16,0,40,40,16,17,29.086,1,4,36.138958,-120.368347,175.001007,8,600,58,3,e00fce6876826e255108c6bd,2025-07-02 01:20:02,2025-07-02 01:20:02,2025-07-02 01:20:02,2025-07-02
180,PvuiWjCA1A,MOOSPMv3Parser,1751419800,3,3,2,4,4,2,2,4,4,2,636,189,1161,25,17,1,17,17,0,0,17,0,39,40,16,18,203.481,1,4,36.138958,-120.368355,186.903,8,600,58,3,e00fce6876826e255108c6bd,2025-07-02 01:30:02,2025-07-02 01:30:02,2025-07-02 01:30:02,2025-07-02
198,YpbNTHl9Ru,MOOSPMv3Parser,1751420400,2,2,2,3,3,2,2,4,4,2,591,180,1175,28,16,2,16,16,0,0,16,0,40,39,16,18,160.925,1,5,36.138977,-120.368294,179.393005,6,600,58,3,e00fce6876826e255108c6bd,2025-07-02 01:40:02,2025-07-02 01:40:02,2025-07-02 01:40:02,2025-07-02
218,45Zga0APtg,MOOSPMv3Parser,1751421000,2,2,2,4,4,2,2,4,4,2,620,186,1190,25,16,2,16,16,0,0,16,0,39,39,16,18,153.378,1,5,36.139011,-120.36834,178.479996,6,600,58,3,e00fce6876826e255108c6bd,2025-07-02 01:50:02,2025-07-02 01:50:02,2025-07-02 01:50:02,2025-07-02
239,I7jAUA29v7,MOOSPMv3Parser,1751421600,3,3,2,4,4,2,2,4,4,2,682,205,1205,27,18,2,18,18,0,0,18,0,39,38,16,19,514.928,1,6,36.138943,-120.368469,183.598007,5,600,58,3,e00fce6876826e255108c6bd,2025-07-02 02:00:02,2025-07-02 02:00:03,2025-07-02 02:00:03,2025-07-02
265,FL7CbjAnUU,MOOSPMv3Parser,1751422200,3,3,2,4,4,2,2,5,5,2,649,193,1222,27,18,3,19,19,0,0,19,0,39,38,17,20,413.372,1,7,36.13895,-120.368362,186.546997,7,600,58,3,e00fce6876826e255108c6bd,2025-07-02 02:10:03,2025-07-02 02:10:04,2025-07-02 02:10:04,2025-07-02
280,AIpRjfdehA,MOOSPMv3Parser,1751422800,3,3,3,5,5,3,3,5,5,3,728,222,1239,31,20,2,20,20,0,0,20,0,38,38,18,20,463.27,2,8,36.138939,-120.368317,182.203995,7,600,58,3,e00fce6876826e255108c6bd,2025-07-02 02:20:03,2025-07-02 02:20:03,2025-07-02 02:20:03,2025-07-02
294,cSXaDWB9RG,MOOSPMv3Parser,1751423400,5,5,4,7,7,4,4,7,7,4,997,299,1264,41,29,2,29,29,0,0,29,0,38,37,19,21,235.264,2,9,36.138935,-120.368294,178.697006,6,600,58,3,e00fce6876826e255108c6bd,2025-07-02 02:30:02,2025-07-02 02:30:02,2025-07-02 02:30:02,2025-07-02
310,DqYzkrYmUS,MOOSPMv3Parser,1751424000,3,3,2,5,5,2,2,5,5,2,742,224,1280,31,18,2,18,18,0,0,18,0,37,37,19,22,386.96,3,9,36.139133,-120.368141,202.376999,5,600,58,3,e00fce6876826e255108c6bd,2025-07-02 02:40:03,2025-07-02 02:40:03,2025-07-02 02:40:03,2025-07-02
326,Rm2ojFHcoJ,MOOSPMv3Parser,1751424600,3,3,2,4,4,2,2,5,5,2,728,219,1296,29,18,2,18,18,0,0,18,0,37,36,19,21,515.039,3,10,36.139133,-120.368141,202.378006,0,600,58,3,e00fce6876826e255108c6bd,2025-07-02 02:50:06,2025-07-02 02:50:06,2025-07-02 02:50:06,2025-07-02
329,1cGC3qMOcS,MOOSPMv3Parser,1751425200,2,2,2,4,4,2,2,4,4,2,619,186,1311,27,18,2,18,18,0,0,18,0,36,36,19,22,260.465,3,11,36.139004,-120.368332,182.117996,5,600,58,3,e00fce6876826e255108c6bd,2025-07-02 03:00:02,2025-07-02 03:00:03,2025-07-02 03:00:03,2025-07-02
343,ZcvzmrcEJw,MOOSPMv3Parser,1751425800,3,3,2,4,4,2,2,4,4,2,649,195,1327,27,18,2,18,18,0,0,18,0,36,35,20,22,130.112,4,12,36.139046,-120.368393,176.612,5,600,58,3,e00fce6876826e255108c6bd,2025-07-02 03:10:02,2025-07-02 03:10:03,2025-07-02 03:10:03,2025-07-02
350,JVqJM4MsDZ,MOOSPMv3Parser,1751426400,3,3,2,4,4,2,2,5,5,2,655,196,1342,26,17,2,17,17,0,0,17,0,35,35,20,22,29.333,5,12,36.138969,-120.368202,198.136002,6,600,58,3,e00fce6876826e255108c6bd,2025-07-02 03:20:02,2025-07-02 03:20:03,2025-07-02 03:20:03,2025-07-02
362,on20YDEkhu,MOOSPMv3Parser,1751427000,2,2,2,4,4,2,2,4,4,2,610,184,1358,25,18,1,19,19,0,0,19,0,34,34,20,22,28.896,6,12,36.138973,-120.368179,181.246994,7,600,58,3,e00fce6876826e255108c6bd,2025-07-02 03:30:02,2025-07-02 03:30:03,2025-07-02 03:30:03,2025-07-02
375,WAi8D4XwmX,MOOSPMv3Parser,1751427600,2,2,2,4,4,2,2,4,4,2,607,186,1373,28,18,2,18,18,0,0,18,0,34,34,21,23,28.277,7,13,36.13903,-120.36834,178.582993,6,600,58,3,e00fce6876826e255108c6bd,2025-07-02 03:40:02,2025-07-02 03:40:03,2025-07-02 03:40:03,2025-07-02
388,KXxD2pD1pX,MOOSPMv3Parser,1751428200,3,3,2,4,4,2,2,5,5,2,657,199,1389,28,18,2,18,18,0,0,18,0,33,33,21,23,28.044,8,14,36.138916,-120.368256,179.421997,5,600,58,3,e00fce6876826e255108c6bd,2025-07-02 03:50:03,2025-07-02 03:50:03,2025-07-02 03:50:03,2025-07-02
402,8krEX4FYnz,MOOSPMv3Parser,1751428800,3,3,2,4,4,3,3,4,4,3,655,198,1405,29,19,2,19,19,0,0,19,0,33,33,22,24,28.232,9,14,36.139011,-120.368362,177.126999,6,600,58,3,e00fce6876826e255108c6bd,2025-07-02 04:00:08,2025-07-02 04:00:08,2025-07-02 04:00:08,2025-07-02
408,DkaCKpvRvV,MOOSPMv3Parser,1751429400,3,3,2,4,4,3,3,5,5,3,651,197,1422,29,19,3,20,20,0,0,20,0,33,33,23,25,26.9,14,13,36.139011,-120.368362,177.125,0,600,58,3,e00fce6876826e255108c6bd,2025-07-02 04:10:03,2025-07-02 04:10:03,2025-07-02 04:10:03,2025-07-02
415,4gkQXN28Se,MOOSPMv3Parser,1751430000,3,3,3,4,4,3,3,5,5,3,653,198,1439,27,20,2,20,20,0,0,20,0,32,32,23,26,27.662,12,14,36.139008,-120.368362,169.453995,6,600,58,3,e00fce6876826e255108c6bd,2025-07-02 04:20:02,2025-07-02 04:20:02,2025-07-02 04:20:02,2025-07-02
435,YFNAxiN8PA,MOOSPMv3Parser,1751430600,3,3,3,4,4,3,3,5,5,3,699,211,1457,30,20,3,20,20,0,0,20,0,32,32,24,26,29.555,11,15,36.13895,-120.36834,180.078003,6,600,58,3,e00fce6876826e255108c6bd,2025-07-02 04:30:07,2025-07-02 04:30:08,2025-07-02 04:30:08,2025-07-02
437,1t8DZ3zypN,MOOSPMv3Parser,1751431200,3,3,3,5,5,3,3,5,5,3,727,223,1475,32,21,3,21,21,0,0,21,0,33,32,23,26,30.636,9,18,36.139042,-120.368271,176.274994,6,600,58,3,e00fce6876826e255108c6bd,2025-07-02 04:40:02,2025-07-02 04:40:02,2025-07-02 04:40:02,2025-07-02
453,HTVzxbGPpH,MOOSPMv3Parser,1751431800,3,3,3,5,5,3,3,5,5,3,692,210,1494,30,21,2,21,21,0,0,21,0,33,32,25,28,28.593,11,21,36.138985,-120.368279,182.942993,6,600,58,3,e00fce6876826e255108c6bd,2025-07-02 04:50:03,2025-07-02 04:50:03,2025-07-02 04:50:03,2025-07-02
465,nb5rHmDYfO,MOOSPMv3Parser,1751432400,3,3,3,5,5,3,3,5,5,3,719,221,1513,34,23,2,23,23,0,0,23,0,32,31,25,28,28.22,16,18,36.138992,-120.368324,174.692993,6,600,58,3,e00fce6876826e255108c6bd,2025-07-02 05:00:03,2025-07-02 05:00:03,2025-07-02 05:00:03,2025-07-02
479,2MopL63JJj,MOOSPMv3Parser,1751433000,3,3,3,5,5,3,3,5,5,3,748,227,1533,35,23,2,23,23,0,0,23,0,32,31,27,29,28.691,15,16,36.13905,-120.36834,167.876999,6,600,58,3,e00fce6876826e255108c6bd,2025-07-02 05:10:08,2025-07-02 05:10:08,2025-07-02 05:10:08,2025-07-02
485,8iqcW7pPIX,MOOSPMv3Parser,1751433600,3,3,3,5,5,3,3,5,5,3,716,219,1552,34,22,2,22,22,0,0,22,0,31,31,25,28,29.786,12,17,36.139015,-120.368263,187.434006,6,600,58,3,e00fce6876826e255108c6bd,2025-07-02 05:20:03,2025-07-02 05:20:03,2025-07-02 05:20:03,2025-07-02
502,rDJrze8YqQ,MOOSPMv3Parser,1751434200,3,3,3,5,5,3,3,5,5,3,715,219,1570,30,21,2,21,21,0,0,21,0,31,31,24,27,29.981,11,18,36.139053,-120.368355,184.964005,6,600,58,3,e00fce6876826e255108c6bd,2025-07-02 05:30:18,2025-07-02 05:30:19,2025-07-02 05:30:19,2025-07-02
507,eSH9khebPd,MOOSPMv3Parser,1751434800,3,3,2,4,4,3,3,4,4,3,649,198,1587,27,19,2,19,19,0,0,19,0,31,30,25,27,30.66,10,21,36.139069,-120.368279,202.417007,6,600,58,3,e00fce6876826e255108c6bd,2025-07-02 05:40:03,2025-07-02 05:40:03,2025-07-02 05:40:03,2025-07-02
521,I9tD7MLv6d,MOOSPMv3Parser,1751435400,3,3,2,5,5,2,2,5,5,2,675,205,1603,31,18,2,18,18,0,0,18,0,31,30,25,28,29.76,12,21,36.13905,-120.368301,180.516998,6,600,58,3,e00fce6876826e255108c6bd,2025-07-02 05:50:03,2025-07-02 05:50:04,2025-07-02 05:50:04,2025-07-02
534,ZZpGYX486S,MOOSPMv3Parser,1751436000,3,3,3,4,4,3,3,5,5,3,686,208,1621,27,21,3,21,21,0,0,21,0,31,30,25,28,29.235,14,20,36.13905,-120.368301,180.518997,0,600,58,3,e00fce6876826e255108c6bd,2025-07-02 06:00:08,2025-07-02 06:00:08,2025-07-02 06:00:08,2025-07-02
538,BFpOW8UtfY,MOOSPMv3Parser,1751436600,3,3,3,5,5,3,3,5,5,3,705,214,1639,34,21,2,21,21,0,0,21,0,31,30,26,28,28.744,16,19,36.138996,-120.368347,160.942993,10,600,58,3,e00fce6876826e255108c6bd,2025-07-02 06:10:02,2025-07-02 06:10:02,2025-07-02 06:10:02,2025-07-02
553,kCBgP5pkax,MOOSPMv3Parser,1751437200,3,3,3,4,4,3,3,5,5,3,705,212,1657,28,20,2,20,20,0,0,20,0,31,30,25,28,28.471,18,18,36.139015,-120.368324,162.102005,9,600,58,3,e00fce6876826e255108c6bd,2025-07-02 06:20:03,2025-07-02 06:20:03,2025-07-02 06:20:03,2025-07-02
559,gVLWN6LXcF,MOOSPMv3Parser,1751437800,3,3,3,4,4,3,3,5,5,3,698,213,1674,30,20,2,20,20,0,0,20,0,30,29,25,28,28.282,18,18,36.139019,-120.368324,176.354004,9,600,58,3,e00fce6876826e255108c6bd,2025-07-02 06:30:02,2025-07-02 06:30:03,2025-07-02 06:30:03,2025-07-02
577,djn65ePrRS,MOOSPMv3Parser,1751438400,3,3,3,4,4,3,3,5,5,3,679,208,1693,27,21,1,21,21,0,0,21,0,30,29,26,29,28.373,18,17,36.138988,-120.368332,192.436005,9,600,58,3,e00fce6876826e255108c6bd,2025-07-02 06:40:05,2025-07-02 06:40:05,2025-07-02 06:40:05,2025-07-02
588,o6hDie7ODQ,MOOSPMv3Parser,1751439000,3,3,3,5,5,3,3,5,5,3,706,214,1711,30,20,2,20,20,0,0,20,0,30,29,24,28,29.71,16,18,36.139023,-120.368378,175.369003,7,600,58,3,e00fce6876826e255108c6bd,2025-07-02 06:50:08,2025-07-02 06:50:08,2025-07-02 06:50:08,2025-07-02
591,AV7CKCjf2V,MOOSPMv3Parser,1751439600,3,3,2,4,4,3,3,5,5,3,651,196,1728,28,19,2,19,19,0,0,19,0,30,29,24,27,29.423,15,19,36.139027,-120.368324,171.192001,8,600,58,3,e00fce6876826e255108c6bd,2025-07-02 07:00:02,2025-07-02 07:00:03,2025-07-02 07:00:03,2025-07-02
605,ngroK7TDcK,MOOSPMv3Parser,1751440200,3,3,3,4,4,3,3,5,5,3,684,208,1745,28,20,2,20,20,0,0,20,0,30,29,25,28,28.582,19,19,36.138992,-120.36837,179.863998,7,600,58,3,e00fce6876826e255108c6bd,2025-07-02 07:10:03,2025-07-02 07:10:03,2025-07-02 07:10:03,2025-07-02
611,gbYBgjosUU,MOOSPMv3Parser,1751440800,3,3,3,5,5,3,3,5,5,3,679,207,1763,32,21,3,21,21,0,0,21,0,30,29,25,29,28.461,19,18,36.139042,-120.368401,172.815002,7,600,58,3,e00fce6876826e255108c6bd,2025-07-02 07:20:02,2025-07-02 07:20:03,2025-07-02 07:20:03,2025-07-02
621,LxkBeTZKL1,MOOSPMv3Parser,1751441400,3,3,3,4,4,3,3,5,5,3,693,211,1781,31,20,2,20,20,0,0,20,0,29,29,25,28,29.003,19,17,36.139038,-120.368446,172.201004,6,600,58,3,e00fce6876826e255108c6bd,2025-07-02 07:30:02,2025-07-02 07:30:03,2025-07-02 07:30:03,2025-07-02
635,PVKeUZ1xfN,MOOSPMv3Parser,1751442000,3,3,2,4,4,3,3,5,5,3,680,206,1798,29,19,2,19,19,0,0,19,0,29,28,24,27,28.93,18,18,36.138985,-120.368378,189.552994,6,600,58,3,e00fce6876826e255108c6bd,2025-07-02 07:40:03,2025-07-02 07:40:03,2025-07-02 07:40:03,2025-07-02
645,SPA66rgFrI,MOOSPMv3Parser,1751442600,3,3,2,4,4,3,3,5,5,3,683,208,1814,29,19,2,19,19,0,0,19,0,29,28,25,28,29.556,18,18,36.138985,-120.368378,189.548004,0,600,58,3,e00fce6876826e255108c6bd,2025-07-02 07:50:03,2025-07-02 07:50:03,2025-07-02 07:50:03,2025-07-02
655,31KVxwEtl4,MOOSPMv3Parser,1751443200,3,3,2,4,4,3,3,5,5,3,678,208,1831,28,19,2,19,19,0,0,19,0,29,28,26,28,28.411,20,18,36.138996,-120.368385,174.516998,8,600,58,3,e00fce6876826e255108c6bd,2025-07-02 08:00:03,2025-07-02 08:00:03,2025-07-02 08:00:03,2025-07-02
660,ODSSOwGge6,MOOSPMv3Parser,1751443800,3,3,3,4,4,3,3,4,4,3,686,206,1849,31,20,1,20,20,0,0,20,0,29,28,26,28,27.311,25,17,36.139023,-120.368393,171.119995,7,600,58,3,e00fce6876826e255108c6bd,2025-07-02 08:10:02,2025-07-02 08:10:03,2025-07-02 08:10:03,2025-07-02
670,wtt1azdAlr,MOOSPMv3Parser,1751444400,3,3,2,4,4,3,3,5,5,3,657,199,1865,28,19,2,19,19,0,0,19,0,28,28,26,28,27.17,31,15,36.138954,-120.368332,185.171997,6,600,58,3,e00fce6876826e255108c6bd,2025-07-02 08:20:03,2025-07-02 08:20:03,2025-07-02 08:20:03,2025-07-02
679,RO5YcpN7BA,MOOSPMv3Parser,1751445000,3,3,3,4,4,3,3,4,4,3,679,205,1883,29,20,1,20,20,0,0,20,0,27,27,27,29,25.788,56,12,36.139053,-120.368385,175.914001,6,600,58,3,e00fce6876826e255108c6bd,2025-07-02 08:30:02,2025-07-02 08:30:02,2025-07-02 08:30:02,2025-07-02
687,pYmMd7e2nt,MOOSPMv3Parser,1751445600,3,3,3,5,5,3,3,5,5,3,690,210,1901,31,21,3,21,21,0,0,21,0,27,27,31,33,24.084,65,10,36.13905,-120.368271,185.162003,7,600,58,3,e00fce6876826e255108c6bd,2025-07-02 08:40:02,2025-07-02 08:40:02,2025-07-02 08:40:02,2025-07-02
703,NSSnAfrL70,MOOSPMv3Parser,1751446200,3,3,3,4,4,3,3,4,4,3,680,209,1920,27,21,1,21,21,0,0,21,0,26,26,32,34,23.182,70,8,36.138729,-120.368538,128.878998,5,600,58,3,e00fce6876826e255108c6bd,2025-07-02 08:50:06,2025-07-02 08:50:07,2025-07-02 08:50:07,2025-07-02
706,FrCup0C44g,MOOSPMv3Parser,1751446800,3,3,3,4,4,3,3,5,5,3,688,208,1937,29,20,2,20,20,0,0,20,0,26,26,33,34,23.002,71,6,36.138962,-120.368393,161.462997,5,600,58,3,e00fce6876826e255108c6bd,2025-07-02 09:00:02,2025-07-02 09:00:03,2025-07-02 09:00:03,2025-07-02
717,I7xs1ScSaj,MOOSPMv3Parser,1751447400,3,3,3,5,5,3,3,5,5,3,698,214,1956,30,21,2,21,21,0,0,21,0,26,25,33,34,21.7,84,6,36.138962,-120.368324,179.914993,5,600,58,3,e00fce6876826e255108c6bd,2025-07-02 09:10:03,2025-07-02 09:10:03,2025-07-02 09:10:03,2025-07-02
730,81h3j9V0nA,MOOSPMv3Parser,1751448000,3,3,3,5,5,3,3,5,5,3,717,219,1973,29,20,2,20,20,0,0,20,0,25,25,31,33,21.64,107,5,36.139004,-120.368156,203.074005,6,600,58,3,e00fce6876826e255108c6bd,2025-07-02 09:20:19,2025-07-02 09:20:19,2025-07-02 09:20:19,2025-07-02
736,ezORISRx5J,MOOSPMv3Parser,1751448600,3,3,3,5,5,3,3,5,5,3,715,218,1992,32,22,2,22,22,0,0,22,0,25,25,31,33,21.437,118,4,36.139023,-120.368301,175.356995,7,600,58,3,e00fce6876826e255108c6bd,2025-07-02 09:30:03,2025-07-02 09:30:03,2025-07-02 09:30:03,2025-07-02
744,GJg7CkunAl,MOOSPMv3Parser,1751449200,3,3,3,5,5,3,3,5,5,3,722,222,2011,30,22,2,22,22,0,0,22,0,25,25,31,34,23.045,77,4,36.139023,-120.368301,175.358002,0,600,58,3,e00fce6876826e255108c6bd,2025-07-02 09:40:03,2025-07-02 09:40:03,2025-07-02 09:40:03,2025-07-02
1113,c5N2JsfCYI,MOOSPMv3Parser,1751476200,3,3,107,5,5,833,1434,6,6,1729,757,234,0,32,131,4,841,990,0,0,1024,2,35,40,22,20,10.387,14,1,36.138985,-120.368401,178.832993,8,184,58,3,e00fce6876826e255108c6bd,2025-07-02 17:10:02,2025-07-02 17:10:02,2025-07-02 17:10:02,2025-07-02
1127,BAGAUFv6x1,MOOSPMv3Parser,1751476800,4,4,156,5,5,714,1173,5,5,1398,808,245,364,31,680,2,1224,1338,0,0,1364,1,36,40,24,22,18.328,58,6,36.138985,-120.368401,178.830994,0,600,58,3,e00fce6876826e255108c6bd,2025-07-02 17:20:03,2025-07-02 17:20:03,2025-07-02 17:20:03,2025-07-02
1138,eLPpVxdK41,MOOSPMv3Parser,1751477400,4,4,22,5,5,23,23,6,6,23,820,249,514,30,172,2,173,173,0,0,173,0,37,41,21,20,19.04,97,7,36.13895,-120.368477,160.214005,7,600,58,3,e00fce6876826e255108c6bd,2025-07-02 17:30:03,2025-07-02 17:30:03,2025-07-02 17:30:03,2025-07-02
1142,Tl9FRz92VE,MOOSPMv3Parser,1751478000,3,3,2,5,5,2,2,5,5,2,771,232,530,27,18,2,19,19,0,0,19,0,38,42,21,20,19.695,102,4,36.139008,-120.36834,172.341995,6,600,58,3,e00fce6876826e255108c6bd,2025-07-02 17:40:02,2025-07-02 17:40:02,2025-07-02 17:40:02,2025-07-02
1156,AHveZTHq8q,MOOSPMv3Parser,1751478600,3,3,2,5,5,2,2,5,5,2,762,231,545,28,17,1,17,17,0,0,17,0,38,42,21,20,20.09,97,2,36.138966,-120.368431,174.839005,5,600,58,3,e00fce6876826e255108c6bd,2025-07-02 17:50:02,2025-07-02 17:50:03,2025-07-02 17:50:03,2025-07-02
1168,r16HtWMzgD,MOOSPMv3Parser,1751479200,3,3,2,5,5,2,2,5,5,2,752,226,560,29,17,2,17,17,0,0,17,0,39,43,20,19,21.036,86,1,36.139046,-120.368362,173.449997,5,600,58,3,e00fce6876826e255108c6bd,2025-07-02 18:00:03,2025-07-02 18:00:03,2025-07-02 18:00:03,2025-07-02
1177,UsY4rBp6od,MOOSPMv3Parser,1751479800,3,3,2,5,5,2,2,5,5,2,780,234,575,32,16,3,16,16,0,0,16,0,39,43,20,19,21.635,87,1,36.138927,-120.368332,166.679001,6,600,58,3,e00fce6876826e255108c6bd,2025-07-02 18:10:02,2025-07-02 18:10:02,2025-07-02 18:10:02,2025-07-02
1191,uyK4vpI5o4,MOOSPMv3Parser,1751480400,3,3,2,4,4,2,2,5,5,2,741,224,588,28,16,1,16,16,0,0,16,0,39,44,20,18,22.119,81,1,36.139015,-120.368378,185.953003,6,600,58,3,e00fce6876826e255108c6bd,2025-07-02 18:20:02,2025-07-02 18:20:03,2025-07-02 18:20:03,2025-07-02
1202,0zJfHvor4l,MOOSPMv3Parser,1751481000,3,3,2,4,4,2,2,4,4,2,713,212,602,30,16,1,16,16,0,0,16,0,40,44,19,18,20.954,167,1,36.139042,-120.368332,187.733994,6,600,58,3,e00fce6876826e255108c6bd,2025-07-02 18:30:03,2025-07-02 18:30:03,2025-07-02 18:30:03,2025-07-02
1214,gzRZ7kfM96,MOOSPMv3Parser,1751481600,3,3,2,4,4,2,2,4,4,2,721,214,615,26,15,1,15,15,0,0,15,0,40,45,19,18,21.894,84,1,36.139042,-120.368362,179.104996,5,600,58,3,e00fce6876826e255108c6bd,2025-07-02 18:40:03,2025-07-02 18:40:03,2025-07-02 18:40:03,2025-07-02
1225,6RPufxkmEZ,MOOSPMv3Parser,1751482200,3,3,2,4,4,2,2,4,4,2,661,197,628,25,15,1,15,15,0,0,15,0,40,45,16,16,22.177,62,1,36.138947,-120.368332,179.268005,7,600,58,3,e00fce6876826e255108c6bd,2025-07-02 18:50:03,2025-07-02 18:50:03,2025-07-02 18:50:03,2025-07-02
1236,dVWYnyGX0c,MOOSPMv3Parser,1751482800,2,2,2,4,4,2,2,4,4,2,650,192,641,26,15,1,15,15,0,0,15,0,41,45,15,15,23.594,5,1,36.138958,-120.368301,192.662994,6,600,58,3,e00fce6876826e255108c6bd,2025-07-02 19:00:03,2025-07-02 19:00:03,2025-07-02 19:00:03,2025-07-02
1242,Rh73eTpbNB,MOOSPMv3Parser,1751483400,3,3,2,4,4,2,2,4,4,2,652,193,654,23,15,1,15,15,0,0,15,0,41,45,15,15,23.972,7,1,36.138958,-120.368301,192.658997,0,600,58,3,e00fce6876826e255108c6bd,2025-07-02 19:10:02,2025-07-02 19:10:02,2025-07-02 19:10:02,2025-07-02
1255,PpDxF178ib,MOOSPMv3Parser,1751484000,2,2,2,4,4,2,2,4,4,2,628,183,666,24,14,1,14,14,0,0,14,0,41,45,16,15,24.048,13,1,36.139015,-120.36824,181.587006,7,600,58,3,e00fce6876826e255108c6bd,2025-07-02 19:20:03,2025-07-02 19:20:03,2025-07-02 19:20:03,2025-07-02
1268,Tj4q9a1eoJ,MOOSPMv3Parser,1751484600,3,3,2,4,4,2,2,4,4,2,683,201,678,24,14,2,15,15,0,0,15,0,41,45,17,17,24.616,8,1,36.13903,-120.368294,177.011993,6,600,58,3,e00fce6876826e255108c6bd,2025-07-02 19:30:02,2025-07-02 19:30:03,2025-07-02 19:30:03,2025-07-02
1284,5cgt68B9jB,MOOSPMv3Parser,1751485200,3,3,2,4,4,2,2,4,4,2,721,213,691,24,15,1,15,15,0,0,15,0,41,45,18,17,24.073,6,1,36.139015,-120.368401,182.156998,7,600,58,3,e00fce6876826e255108c6bd,2025-07-02 19:40:17,2025-07-02 19:40:17,2025-07-02 19:40:17,2025-07-02
1285,DpHvYSVQJa,MOOSPMv3Parser,1751485800,3,3,2,4,4,2,2,4,4,2,726,214,704,27,15,1,15,15,0,0,15,0,41,45,16,16,23.756,13,1,36.139019,-120.368286,176.992996,7,600,58,3,e00fce6876826e255108c6bd,2025-07-02 19:50:02,2025-07-02 19:50:02,2025-07-02 19:50:02,2025-07-02
1299,IYJqHlZPm5,MOOSPMv3Parser,1751486400,3,3,2,4,4,2,2,4,4,2,712,207,717,25,15,1,15,15,0,0,15,0,42,45,16,16,23.924,10,1,36.139034,-120.368332,173.682007,5,600,58,3,e00fce6876826e255108c6bd,2025-07-02 20:00:02,2025-07-02 20:00:03,2025-07-02 20:00:03,2025-07-02
1317,bAyV74xdPP,MOOSPMv3Parser,1751487000,3,3,2,4,4,2,2,4,4,2,710,208,729,27,14,1,14,14,0,0,14,0,42,45,16,16,24.864,7,1,36.139053,-120.368439,146.733994,6,600,58,3,e00fce6876826e255108c6bd,2025-07-02 20:10:07,2025-07-02 20:10:08,2025-07-02 20:10:08,2025-07-02
1319,1oLe7KA3Bi,MOOSPMv3Parser,1751487600,3,3,2,4,4,2,2,4,4,2,702,204,741,26,14,1,14,14,0,0,14,0,42,46,15,15,24.884,5,1,36.13916,-120.368111,178.841003,5,600,58,3,e00fce6876826e255108c6bd,2025-07-02 20:20:02,2025-07-02 20:20:02,2025-07-02 20:20:02,2025-07-02
1334,lKbvk6tuVA,MOOSPMv3Parser,1751488200,3,3,2,4,4,2,2,4,4,2,705,205,754,25,14,1,14,14,0,0,14,0,42,46,15,15,24.698,5,1,36.139015,-120.368477,166.811005,6,600,58,3,e00fce6876826e255108c6bd,2025-07-02 20:30:03,2025-07-02 20:30:03,2025-07-02 20:30:03,2025-07-02
1345,59FJ48judZ,MOOSPMv3Parser,1751488800,3,3,2,4,4,2,2,4,4,2,691,201,767,26,15,1,15,15,0,0,15,0,42,46,16,16,22.944,103,1,36.139015,-120.368477,166.809998,0,600,58,3,e00fce6876826e255108c6bd,2025-07-02 20:40:03,2025-07-02 20:40:03,2025-07-02 20:40:03,2025-07-02
1352,AVqdRdPLXO,MOOSPMv3Parser,1751489400,3,3,2,4,4,2,2,4,4,2,696,203,780,25,15,1,15,15,0,0,15,0,42,46,14,15,23.939,57,1,36.13903,-120.368332,175.518005,5,600,58,3,e00fce6876826e255108c6bd,2025-07-02 20:50:02,2025-07-02 20:50:02,2025-07-02 20:50:02,2025-07-02
1366,5KovkNMJAe,MOOSPMv3Parser,1751490000,3,3,2,4,4,2,2,4,4,2,691,203,791,24,13,2,13,13,0,0,13,0,42,46,15,15,24.404,16,1,36.139076,-120.368217,191.332993,6,600,58,3,e00fce6876826e255108c6bd,2025-07-02 21:00:02,2025-07-02 21:00:03,2025-07-02 21:00:03,2025-07-02
1376,hn7MrQI6RT,MOOSPMv3Parser,1751490600,3,3,2,4,4,2,2,5,5,2,731,212,803,26,14,2,14,14,0,0,14,0,43,46,15,16,24.372,15,1,36.139023,-120.368324,185.037003,5,600,58,3,e00fce6876826e255108c6bd,2025-07-02 21:10:03,2025-07-02 21:10:03,2025-07-02 21:10:03,2025-07-02
1387,fgwXkrVTf9,MOOSPMv3Parser,1751491200,3,3,2,4,4,2,2,4,4,2,712,208,815,26,14,1,14,14,0,0,14,0,43,46,16,16,22.987,49,1,36.138981,-120.36834,166.893997,7,600,58,3,e00fce6876826e255108c6bd,2025-07-02 21:20:02,2025-07-02 21:20:03,2025-07-02 21:20:03,2025-07-02
1396,zGKKdEOaO5,MOOSPMv3Parser,1751491800,3,3,2,4,4,2,2,5,5,2,758,218,828,28,14,2,14,14,0,0,14,0,43,47,15,16,22.935,145,1,36.139034,-120.368263,176.197006,7,600,58,3,e00fce6876826e255108c6bd,2025-07-02 21:30:02,2025-07-02 21:30:02,2025-07-02 21:30:02,2025-07-02
1412,XEDpUZ2gnJ,MOOSPMv3Parser,1751492400,3,3,2,4,4,2,2,4,4,2,730,214,841,25,15,1,15,15,0,0,15,0,43,47,16,16,23.893,79,1,36.138935,-120.368118,210.960007,6,600,58,3,e00fce6876826e255108c6bd,2025-07-02 21:40:03,2025-07-02 21:40:03,2025-07-02 21:40:03,2025-07-02
1423,UeQInoaL2x,MOOSPMv3Parser,1751493000,3,3,2,4,4,2,2,4,4,2,741,215,852,26,14,1,14,14,0,0,14,0,43,47,14,15,22.809,127,1,36.138969,-120.368317,182.022995,6,600,58,3,e00fce6876826e255108c6bd,2025-07-02 21:50:03,2025-07-02 21:50:03,2025-07-02 21:50:03,2025-07-02
1432,is51STl0WR,MOOSPMv3Parser,1751493600,3,3,2,4,4,2,2,5,5,2,765,218,864,27,14,2,14,14,0,0,14,0,43,47,15,15,23.537,120,1,36.139023,-120.368446,155.959,6,600,58,3,e00fce6876826e255108c6bd,2025-07-02 22:00:03,2025-07-02 22:00:03,2025-07-02 22:00:03,2025-07-02
1449,aXpNIPtduN,MOOSPMv3Parser,1751494200,3,3,2,4,4,2,2,5,5,2,782,222,876,26,14,2,14,14,0,0,14,0,43,47,14,15,23.604,228,1,36.13903,-120.368446,159.412994,5,600,58,3,e00fce6876826e255108c6bd,2025-07-02 22:10:07,2025-07-02 22:10:07,2025-07-02 22:10:07,2025-07-02
1457,iBB76uihGg,MOOSPMv3Parser,1751494800,3,3,2,4,4,2,2,4,4,2,736,210,888,24,14,1,14,14,0,0,14,0,43,47,15,15,24.096,138,1,36.138996,-120.368362,175.505005,6,600,58,3,e00fce6876826e255108c6bd,2025-07-02 22:20:03,2025-07-02 22:20:03,2025-07-02 22:20:03,2025-07-02
1468,EVLAfLIGUd,MOOSPMv3Parser,1751495400,3,3,2,4,4,2,2,4,4,2,716,207,900,24,14,1,14,14,0,0,14,0,43,47,14,15,23.514,196,1,36.138996,-120.368362,175.501007,0,600,58,3,e00fce6876826e255108c6bd,2025-07-02 22:30:03,2025-07-02 22:30:03,2025-07-02 22:30:03,2025-07-02
1482,aU2HjBr4PR,MOOSPMv3Parser,1751496000,3,3,2,4,4,2,2,4,4,2,750,217,912,23,13,2,14,14,0,0,14,0,44,47,14,15,22.922,166,1,36.139076,-120.368477,154.824997,5,600,58,3,e00fce6876826e255108c6bd,2025-07-02 22:40:07,2025-07-02 22:40:08,2025-07-02 22:40:08,2025-07-02
1484,WwtA5YBmmb,MOOSPMv3Parser,1751496600,3,3,2,4,4,2,2,5,5,2,776,223,924,26,14,3,14,14,0,0,14,0,43,47,14,15,23.954,98,1,36.138985,-120.368385,179.544006,5,600,58,3,e00fce6876826e255108c6bd,2025-07-02 22:50:02,2025-07-02 22:50:03,2025-07-02 22:50:03,2025-07-02
1501,QoovHdQ4vI,MOOSPMv3Parser,1751497200,4,4,2,5,5,2,2,5,5,2,841,247,937,28,15,1,15,15,0,0,15,0,43,46,15,16,23.399,163,1,36.139,-120.368408,166.524002,5,600,58,3,e00fce6876826e255108c6bd,2025-07-02 23:00:03,2025-07-02 23:00:03,2025-07-02 23:00:03,2025-07-02
1506,NmzcDJGctr,MOOSPMv3Parser,1751497800,4,4,2,5,5,2,2,5,5,2,844,242,950,28,15,1,15,15,0,0,15,0,43,46,15,15,22.469,162,1,36.138939,-120.368317,176.705002,5,600,58,3,e00fce6876826e255108c6bd,2025-07-02 23:10:02,2025-07-02 23:10:03,2025-07-02 23:10:03,2025-07-02
1521,HRyODtqEt5,MOOSPMv3Parser,1751498400,3,3,2,5,5,2,2,5,5,2,786,231,964,29,16,2,16,16,0,0,16,0,44,46,15,16,22.473,76,1,36.139023,-120.368294,155.932007,6,600,58,3,e00fce6876826e255108c6bd,2025-07-02 23:20:03,2025-07-02 23:20:03,2025-07-02 23:20:03,2025-07-02
1536,WT7JwyU6ji,MOOSPMv3Parser,1751499000,3,3,2,5,5,2,2,5,5,2,796,228,976,27,14,2,14,14,0,0,14,0,44,46,15,16,23.18,53,1,36.138973,-120.368317,184.572006,6,600,58,3,e00fce6876826e255108c6bd,2025-07-02 23:30:04,2025-07-02 23:30:04,2025-07-02 23:30:04,2025-07-02
1540,UasJHTketx,MOOSPMv3Parser,1751499600,4,4,2,5,5,2,2,5,5,2,866,249,989,27,16,1,16,16,0,0,16,0,43,45,15,16,23.453,28,1,36.138985,-120.368416,169.164001,6,600,58,3,e00fce6876826e255108c6bd,2025-07-02 23:40:02,2025-07-02 23:40:03,2025-07-02 23:40:03,2025-07-02
1556,smOUfTG0dD,MOOSPMv3Parser,1751500200,4,4,2,5,5,2,2,5,5,2,864,256,1003,29,16,1,16,16,0,0,16,0,43,45,16,17,24.465,12,1,36.139088,-120.368446,150.973999,5,600,58,3,e00fce6876826e255108c6bd,2025-07-02 23:50:03,2025-07-02 23:50:03,2025-07-02 23:50:03,2025-07-02
6,B1gbB2K6ly,MOOSPMv3Parser,1751500800,4,4,2,5,5,2,2,6,6,2,844,254,1018,32,16,1,17,17,0,0,17,0,42,44,17,17,24.501,8,1,36.138992,-120.368355,161.003998,5,600,58,3,e00fce6876826e255108c6bd,2025-07-03 00:00:02,2025-07-03 00:00:03,2025-07-03 00:00:03,2025-07-03
14,NmWDEkFfcu,MOOSPMv3Parser,1751501400,4,4,2,6,6,2,2,6,6,2,884,262,1032,31,17,2,17,17,0,0,17,0,42,44,17,18,24.267,4,1,36.138992,-120.36837,179.759995,6,600,58,3,e00fce6876826e255108c6bd,2025-07-03 00:10:02,2025-07-03 00:10:03,2025-07-03 00:10:03,2025-07-03
29,I7pDkzTfzf,MOOSPMv3Parser,1751502000,4,4,2,5,5,2,2,5,5,2,866,256,1047,32,17,1,17,17,0,0,17,0,42,44,17,18,23.874,4,1,36.138992,-120.36837,179.757996,0,600,58,3,e00fce6876826e255108c6bd,2025-07-03 00:20:03,2025-07-03 00:20:03,2025-07-03 00:20:03,2025-07-03
42,o976ZZCHFB,MOOSPMv3Parser,1751502600,4,4,2,5,5,2,2,6,6,2,870,261,1062,29,16,2,17,17,0,0,17,0,42,43,18,19,23.764,3,1,36.139015,-120.368408,172.192993,6,600,58,3,e00fce6876826e255108c6bd,2025-07-03 00:30:03,2025-07-03 00:30:03,2025-07-03 00:30:03,2025-07-03
51,ipAxZoAqoR,MOOSPMv3Parser,1751503200,4,4,2,5,5,2,2,6,6,2,876,258,1077,29,17,1,17,17,0,0,17,0,42,43,17,19,23.899,3,2,36.138912,-120.368248,153.518997,5,600,58,3,e00fce6876826e255108c6bd,2025-07-03 00:40:03,2025-07-03 00:40:03,2025-07-03 00:40:03,2025-07-03
62,fSfxKam7Bj,MOOSPMv3Parser,1751503800,4,4,2,5,5,2,2,5,5,2,839,253,1092,29,18,1,18,18,0,0,18,0,42,42,18,20,23.567,3,2,36.13903,-120.368225,190.919006,7,600,58,3,e00fce6876826e255108c6bd,2025-07-03 00:50:03,2025-07-03 00:50:03,2025-07-03 00:50:03,2025-07-03
74,RHMdhi9Xr1,MOOSPMv3Parser,1751504400,4,4,2,5,5,2,2,5,5,2,871,257,1107,28,17,1,17,17,0,0,17,0,41,42,19,21,24.895,3,2,36.139011,-120.368301,185.134003,6,600,58,3,e00fce6876826e255108c6bd,2025-07-03 01:00:03,2025-07-03 01:00:03,2025-07-03 01:00:03,2025-07-03
78,GIuRyMMLiQ,MOOSPMv3Parser,1751505000,4,4,2,6,6,2,2,6,6,2,891,266,1122,32,17,1,17,17,0,0,17,0,41,42,19,21,23.908,3,2,36.139065,-120.368378,175.841995,6,600,58,3,e00fce6876826e255108c6bd,2025-07-03 01:10:02,2025-07-03 01:10:02,2025-07-03 01:10:02,2025-07-03
97,pxbKSlelVI,MOOSPMv3Parser,1751505600,4,4,2,6,6,2,2,6,6,2,903,273,1137,31,17,2,17,17,0,0,17,0,41,41,20,22,23.873,3,2,36.139065,-120.368309,181.477005,6,600,58,3,e00fce6876826e255108c6bd,2025-07-03 01:20:03,2025-07-03 01:20:04,2025-07-03 01:20:04,2025-07-03
105,tUEHfeChkn,MOOSPMv3Parser,1751506200,4,4,2,5,5,2,2,6,6,2,900,271,1153,28,17,2,17,17,0,0,17,0,41,41,20,22,22.51,4,2,36.139065,-120.368248,178.128998,6,600,58,3,e00fce6876826e255108c6bd,2025-07-03 01:30:03,2025-07-03 01:30:03,2025-07-03 01:30:03,2025-07-03
121,1UBNlhVVUQ,MOOSPMv3Parser,1751506800,4,4,2,6,6,2,2,6,6,2,886,268,1168,31,18,1,18,18,0,0,18,0,40,40,21,23,22.835,5,2,36.139027,-120.368332,174.889008,5,600,58,3,e00fce6876826e255108c6bd,2025-07-03 01:40:04,2025-07-03 01:40:04,2025-07-03 01:40:04,2025-07-03
124,M5mOPUkuER,MOOSPMv3Parser,1751507400,5,5,2,6,6,3,3,7,7,3,973,292,1185,35,19,2,19,19,0,0,19,0,40,40,23,25,24.45,4,3,36.139019,-120.368324,182.089005,5,600,58,3,e00fce6876826e255108c6bd,2025-07-03 01:50:02,2025-07-03 01:50:03,2025-07-03 01:50:03,2025-07-03
136,Dcc6nWLSVl,MOOSPMv3Parser,1751508000,5,5,3,7,7,3,3,8,8,3,1039,314,1204,41,22,4,23,23,0,0,23,0,38,39,26,28,24.404,4,3,36.139046,-120.368378,168.565002,5,600,58,3,e00fce6876826e255108c6bd,2025-07-03 02:00:02,2025-07-03 02:00:03,2025-07-03 02:00:03,2025-07-03
151,O2VXn5sDr2,MOOSPMv3Parser,1751508600,5,5,3,7,7,3,3,7,7,3,1058,321,1222,34,20,2,20,20,0,0,20,0,38,38,26,28,23.505,9,3,36.139046,-120.368378,168.569,0,600,58,3,e00fce6876826e255108c6bd,2025-07-03 02:10:03,2025-07-03 02:10:03,2025-07-03 02:10:03,2025-07-03
163,nZieURlyeJ,MOOSPMv3Parser,1751509200,5,5,3,7,7,3,3,7,7,3,1052,320,1241,38,22,1,22,22,0,0,22,0,37,38,28,30,22.851,8,3,36.139,-120.368309,170.294998,5,600,58,3,e00fce6876826e255108c6bd,2025-07-03 02:20:03,2025-07-03 02:20:03,2025-07-03 02:20:03,2025-07-03
173,zAcdtYrt7x,MOOSPMv3Parser,1751509800,6,6,3,8,8,3,3,8,8,3,1160,349,1262,42,24,2,24,24,0,0,24,0,37,37,29,31,22.862,8,3,36.139019,-120.368408,173.994003,7,600,58,3,e00fce6876826e255108c6bd,2025-07-03 02:30:03,2025-07-03 02:30:03,2025-07-03 02:30:03,2025-07-03
183,Gq2ld9g3NA,MOOSPMv3Parser,1751510400,6,6,3,8,8,3,3,9,9,3,1173,356,1284,47,26,2,26,26,0,0,26,0,36,37,29,31,23.487,7,4,36.139015,-120.368034,197.802994,7,600,58,3,e00fce6876826e255108c6bd,2025-07-03 02:40:03,2025-07-03 02:40:03,2025-07-03 02:40:03,2025-07-03
197,ozSxiOuQ9L,MOOSPMv3Parser,1751511000,6,6,3,9,9,4,4,9,9,4,1243,377,1307,46,26,3,26,26,0,0,26,0,36,36,30,32,22.96,5,4,36.138916,-120.368492,147.988007,7,600,58,3,e00fce6876826e255108c6bd,2025-07-03 02:50:08,2025-07-03 02:50:08,2025-07-03 02:50:08,2025-07-03
205,9YtYNg7P9d,MOOSPMv3Parser,1751511600,6,6,3,8,8,4,4,9,9,4,1220,371,1330,45,26,4,26,26,0,0,26,0,36,36,31,33,23.429,6,5,36.138863,-120.368378,133.343994,6,600,58,3,e00fce6876826e255108c6bd,2025-07-03 03:00:03,2025-07-03 03:00:03,2025-07-03 03:00:03,2025-07-03
217,c9VSK3sGS0,MOOSPMv3Parser,1751512200,6,6,3,9,9,3,3,9,9,3,1238,377,1353,47,26,3,26,26,0,0,26,0,36,36,32,34,22.773,6,5,36.138962,-120.368507,150.050003,6,600,58,3,e00fce6876826e255108c6bd,2025-07-03 03:10:03,2025-07-03 03:10:03,2025-07-03 03:10:03,2025-07-03
227,iEQZ3AWZaB,MOOSPMv3Parser,1751512800,7,7,3,9,9,3,3,10,10,3,1274,388,1375,49,25,3,25,25,0,0,25,0,35,35,34,36,22.65,8,5,36.139023,-120.368423,161.621994,5,600,58,3,e00fce6876826e255108c6bd,2025-07-03 03:20:03,2025-07-03 03:20:03,2025-07-03 03:20:03,2025-07-03
238,tGEydVkSVy,MOOSPMv3Parser,1751513400,7,7,3,9,9,3,3,10,10,3,1278,388,1397,47,26,4,26,26,0,0,26,0,34,35,34,36,22.28,12,5,36.138916,-120.368225,132.936996,6,600,58,3,e00fce6876826e255108c6bd,2025-07-03 03:30:03,2025-07-03 03:30:03,2025-07-03 03:30:03,2025-07-03
250,bFePrNFCHJ,MOOSPMv3Parser,1751514000,6,6,3,8,8,4,4,9,9,4,1215,373,1420,43,26,3,26,26,0,0,26,0,34,34,35,36,21.0,29,5,36.138958,-120.368423,168.285995,6,600,58,3,e00fce6876826e255108c6bd,2025-07-03 03:40:03,2025-07-03 03:40:03,2025-07-03 03:40:03,2025-07-03
261,6XnVMsBmdb,MOOSPMv3Parser,1751514600,6,6,3,9,9,4,4,9,9,4,1259,385,1443,46,26,3,26,26,0,0,26,0,34,34,36,37,18.426,76,4,36.139091,-120.368385,178.164993,6,600,58,3,e00fce6876826e255108c6bd,2025-07-03 03:50:03,2025-07-03 03:50:03,2025-07-03 03:50:03,2025-07-03
272,N74C1S3r4L,MOOSPMv3Parser,1751515200,6,6,3,9,9,4,4,10,10,4,1229,376,1466,51,27,4,27,27,0,0,27,0,33,34,34,36,18.699,174,3,36.139091,-120.368385,178.169998,0,600,58,3,e00fce6876826e255108c6bd,2025-07-03 04:00:03,2025-07-03 04:00:03,2025-07-03 04:00:03,2025-07-03
282,pZOUxmk2yZ,MOOSPMv3Parser,1751515800,6,6,3,8,8,4,4,8,8,4,1101,337,1489,42,26,3,26,26,0,0,26,0,33,33,33,36,20.231,64,3,36.139042,-120.368416,162.781006,6,600,58,3,e00fce6876826e255108c6bd,2025-07-03 04:10:03,2025-07-03 04:10:03,2025-07-03 04:10:03,2025-07-03
292,6gGWYUKEHr,MOOSPMv3Parser,1751516400,5,5,3,7,7,3,3,8,8,3,1074,328,1509,40,23,3,23,23,0,0,23,0,33,33,33,35,19.43,103,4,36.138981,-120.368385,185.869003,5,600,58,3,e00fce6876826e255108c6bd,2025-07-03 04:20:03,2025-07-03 04:20:03,2025-07-03 04:20:03,2025-07-03
302,ZxnkIyPtIz,MOOSPMv3Parser,1751517000,5,5,3,7,7,3,3,8,8,3,1040,316,1529,39,23,2,23,23,0,0,23,0,33,33,33,35,23.026,18,5,36.139015,-120.368286,200.444,5,600,58,3,e00fce6876826e255108c6bd,2025-07-03 04:30:03,2025-07-03 04:30:03,2025-07-03 04:30:03,2025-07-03
316,ERfzHrGyCO,MOOSPMv3Parser,1751517600,5,5,3,7,7,3,3,8,8,3,1035,313,1549,43,23,4,23,23,0,0,23,0,33,33,33,36,24.454,17,6,36.138992,-120.368256,189.856003,5,600,58,3,e00fce6876826e255108c6bd,2025-07-03 04:40:03,2025-07-03 04:40:03,2025-07-03 04:40:03,2025-07-03
327,ugAd3gReyr,MOOSPMv3Parser,1751518200,5,5,3,7,7,3,3,7,7,3,980,299,1569,38,23,2,23,23,0,0,23,0,33,33,33,37,24.149,6,8,36.138985,-120.368332,195.839005,5,600,58,3,e00fce6876826e255108c6bd,2025-07-03 04:50:04,2025-07-03 04:50:04,2025-07-03 04:50:04,2025-07-03
340,nKUmT1lcZg,MOOSPMv3Parser,1751518800,5,5,3,7,7,3,3,7,7,3,969,294,1589,38,23,2,23,23,0,0,23,0,33,32,35,38,23.648,16,7,36.139149,-120.368492,111.128998,5,600,58,3,e00fce6876826e255108c6bd,2025-07-03 05:00:20,2025-07-03 05:00:20,2025-07-03 05:00:20,2025-07-03
347,jLO3NXaCEh,MOOSPMv3Parser,1751519400,5,5,3,7,7,3,3,7,7,3,998,305,1609,39,22,2,22,22,0,0,22,0,33,32,34,37,22.748,8,8,36.139015,-120.368416,163.949997,7,600,58,3,e00fce6876826e255108c6bd,2025-07-03 05:10:03,2025-07-03 05:10:03,2025-07-03 05:10:03,2025-07-03
361,24alAny14T,MOOSPMv3Parser,1751520000,5,5,3,6,6,3,3,7,7,3,994,305,1629,36,23,3,23,23,0,0,23,0,32,32,34,36,22.985,10,7,36.139027,-120.368332,176.848007,7,600,58,3,e00fce6876826e255108c6bd,2025-07-03 05:20:03,2025-07-03 05:20:04,2025-07-03 05:20:04,2025-07-03
369,VlMc7YbfZu,MOOSPMv3Parser,1751520600,5,5,3,6,6,3,3,7,7,3,1006,307,1649,38,23,2,23,23,0,0,23,0,32,32,35,37,22.296,25,6,36.139023,-120.368332,171.306,7,600,58,3,e00fce6876826e255108c6bd,2025-07-03 05:30:03,2025-07-03 05:30:03,2025-07-03 05:30:03,2025-07-03
384,nBBG7AkG8W,MOOSPMv3Parser,1751521200,5,5,3,7,7,3,3,7,7,3,1008,307,1670,35,24,2,24,24,0,0,24,0,32,31,35,38,21.573,24,7,36.139023,-120.368332,171.307999,0,600,58,3,e00fce6876826e255108c6bd,2025-07-03 05:40:20,2025-07-03 05:40:20,2025-07-03 05:40:20,2025-07-03
392,YXrPwFlAfV,MOOSPMv3Parser,1751521800,5,5,3,7,7,3,3,7,7,3,1022,311,1690,38,24,2,24,24,0,0,24,0,32,31,35,38,21.213,43,6,36.138973,-120.36837,171.270996,8,600,58,3,e00fce6876826e255108c6bd,2025-07-03 05:50:03,2025-07-03 05:50:03,2025-07-03 05:50:03,2025-07-03
406,KgGYBVIgvg,MOOSPMv3Parser,1751522400,5,5,3,7,7,3,3,8,8,3,1079,329,1711,42,23,2,23,23,0,0,23,0,31,31,35,37,20.892,46,6,36.138981,-120.368439,172.561005,7,600,58,3,e00fce6876826e255108c6bd,2025-07-03 06:00:04,2025-07-03 06:00:04,2025-07-03 06:00:04,2025-07-03
416,VxnZCUB4YW,MOOSPMv3Parser,1751523000,5,5,3,7,7,3,3,8,8,3,1095,335,1733,42,25,2,25,25,0,0,25,0,31,31,36,38,19.865,41,5,36.138943,-120.368431,156.819,6,600,58,3,e00fce6876826e255108c6bd,2025-07-03 06:10:05,2025-07-03 06:10:05,2025-07-03 06:10:05,2025-07-03
428,4PvdqRU6xl,MOOSPMv3Parser,1751523600,5,5,3,7,7,3,3,8,8,3,1067,328,1754,43,24,3,24,24,0,0,24,0,31,31,37,39,18.545,99,5,36.139019,-120.368347,176.434998,7,600,58,3,e00fce6876826e255108c6bd,2025-07-03 06:20:08,2025-07-03 06:20:08,2025-07-03 06:20:08,2025-07-03
437,gVr40BCUq8,MOOSPMv3Parser,1751524200,5,5,4,7,7,4,4,8,8,4,1074,328,1781,42,28,2,28,28,0,0,28,0,31,30,38,41,17.099,249,4,36.139015,-120.368263,183.518005,6,599,58,3,e00fce6876826e255108c6bd,2025-07-03 06:30:03,2025-07-03 06:30:03,2025-07-03 06:30:03,2025-07-03
450,oX0SdUxo8f,MOOSPMv3Parser,1751524800,7,7,7,12,12,8,8,13,13,8,1424,440,1830,81,57,8,58,58,0,0,58,0,30,30,40,42,15.515,417,3,36.139019,-120.36837,176.115997,6,599,58,3,e00fce6876826e255108c6bd,2025-07-03 06:40:20,2025-07-03 06:40:20,2025-07-03 06:40:20,2025-07-03
457,Zv3N4avCHF,MOOSPMv3Parser,1751525400,6,6,3,8,8,4,4,8,8,4,1121,344,1854,42,27,4,27,27,0,0,27,0,30,30,39,41,16.252,349,2,36.139008,-120.368271,173.128006,5,599,58,3,e00fce6876826e255108c6bd,2025-07-03 06:50:03,2025-07-03 06:50:03,2025-07-03 06:50:03,2025-07-03
468,yjug7QEOAD,MOOSPMv3Parser,1751526000,5,5,3,7,7,3,3,8,8,3,1067,325,1876,40,25,4,25,25,0,0,25,0,29,29,41,43,17.272,269,2,36.13903,-120.368385,174.070999,6,599,58,3,e00fce6876826e255108c6bd,2025-07-03 07:00:03,2025-07-03 07:00:03,2025-07-03 07:00:03,2025-07-03
483,AygvjnoUNi,MOOSPMv3Parser,1751526600,5,5,3,7,7,3,3,8,8,3,1045,321,1897,38,25,3,25,25,0,0,25,0,29,29,42,44,16.441,253,3,36.139038,-120.368393,185.054993,7,599,58,3,e00fce6876826e255108c6bd,2025-07-03 07:10:20,2025-07-03 07:10:20,2025-07-03 07:10:20,2025-07-03
492,j0LEI1qVj3,MOOSPMv3Parser,1751527200,5,5,3,7,7,3,3,8,8,3,1009,309,1919,41,25,3,25,25,0,0,25,0,29,29,41,43,18.499,128,3,36.138996,-120.368385,180.692993,5,599,58,3,e00fce6876826e255108c6bd,2025-07-03 07:20:03,2025-07-03 07:20:03,2025-07-03 07:20:03,2025-07-03
505,tDoVN3o4Oj,MOOSPMv3Parser,1751527800,5,5,3,7,7,3,3,7,7,3,1003,305,1937,36,24,2,24,24,0,0,24,0,29,28,40,43,18.394,167,3,36.138992,-120.368385,180.692993,0,600,58,3,e00fce6876826e255108c6bd,2025-07-03 07:30:19,2025-07-03 07:30:20,2025-07-03 07:30:20,2025-07-03
516,tVCDUFWMfE,MOOSPMv3Parser,1751528400,5,5,3,7,7,3,3,7,7,3,1026,311,1957,40,23,2,23,23,0,0,23,0,29,28,43,44,18.657,141,3,36.138962,-120.368279,191.490005,9,600,58,3,e00fce6876826e255108c6bd,2025-07-03 07:40:03,2025-07-03 07:40:03,2025-07-03 07:40:03,2025-07-03
523,TPzyDwuTcT,MOOSPMv3Parser,1751529000,5,5,3,7,7,3,3,8,8,3,1022,309,1981,42,24,2,24,24,0,0,24,0,29,28,41,44,16.641,199,3,36.138969,-120.368294,181.578995,8,599,58,3,e00fce6876826e255108c6bd,2025-07-03 07:50:03,2025-07-03 07:50:03,2025-07-03 07:50:03,2025-07-03
534,U8DL9fCnh8,MOOSPMv3Parser,1751529600,5,5,3,7,7,3,3,8,8,3,1012,308,2003,39,25,2,25,25,0,0,25,0,29,28,40,43,17.472,272,3,36.138969,-120.368416,175.983994,7,599,58,3,e00fce6876826e255108c6bd,2025-07-03 08:00:03,2025-07-03 08:00:03,2025-07-03 08:00:03,2025-07-03
543,l1BpeNKLbr,MOOSPMv3Parser,1751530200,5,5,3,7,7,3,3,7,7,3,1063,324,2023,42,23,2,23,23,0,0,23,0,29,28,41,44,18.254,145,3,36.139023,-120.368385,182.455994,8,599,58,3,e00fce6876826e255108c6bd,2025-07-03 08:10:03,2025-07-03 08:10:03,2025-07-03 08:10:03,2025-07-03
554,puPeE1QJmI,MOOSPMv3Parser,1751530800,5,5,3,7,7,3,3,7,7,3,976,297,2040,39,23,3,23,23,0,0,23,0,28,28,40,43,17.798,210,3,36.138924,-120.368202,184.455002,7,600,58,3,e00fce6876826e255108c6bd,2025-07-03 08:20:03,2025-07-03 08:20:03,2025-07-03 08:20:03,2025-07-03
567,uNLXVaCY73,MOOSPMv3Parser,1751531400,4,4,3,6,6,3,3,6,6,3,936,285,2063,36,22,2,22,22,0,0,22,0,28,28,38,42,18.641,125,3,36.139,-120.368385,169.335007,9,599,58,3,e00fce6876826e255108c6bd,2025-07-03 08:30:03,2025-07-03 08:30:03,2025-07-03 08:30:03,2025-07-03
576,LliWwKz3iw,MOOSPMv3Parser,1751532000,4,4,3,6,6,3,3,6,6,3,879,267,2080,34,20,1,21,21,0,0,21,0,29,28,39,42,19.299,74,3,36.139057,-120.368423,169.162003,7,599,58,3,e00fce6876826e255108c6bd,2025-07-03 08:40:03,2025-07-03 08:40:03,2025-07-03 08:40:03,2025-07-03
588,D6ooEccHvn,MOOSPMv3Parser,1751532600,4,4,3,6,6,3,3,6,6,3,893,270,2098,34,20,2,20,20,0,0,20,0,28,27,41,44,18.376,136,3,36.139072,-120.368385,168.703995,7,599,58,3,e00fce6876826e255108c6bd,2025-07-03 08:50:04,2025-07-03 08:50:04,2025-07-03 08:50:04,2025-07-03
598,B4vIZ0JAyN,MOOSPMv3Parser,1751533200,4,4,3,6,6,3,3,6,6,3,899,275,2117,34,22,2,22,22,0,0,22,0,28,27,40,43,16.75,206,3,36.139034,-120.36834,166.468002,9,599,58,3,e00fce6876826e255108c6bd,2025-07-03 09:00:03,2025-07-03 09:00:04,2025-07-03 09:00:04,2025-07-03
604,oAHxBs8Tnn,MOOSPMv3Parser,1751533800,4,4,3,6,6,3,3,6,6,3,871,264,2135,35,21,2,21,21,0,0,21,0,27,27,42,44,15.601,401,2,36.139004,-120.368271,184.048004,7,599,58,3,e00fce6876826e255108c6bd,2025-07-03 09:10:03,2025-07-03 09:10:03,2025-07-03 09:10:03,2025-07-03
616,kNwc6faTdF,MOOSPMv3Parser,1751534400,5,5,3,6,6,3,3,7,7,3,947,290,2151,35,22,2,23,23,0,0,23,0,27,27,43,45,15.18,419,2,36.139004,-120.368271,184.046005,0,600,58,3,e00fce6876826e255108c6bd,2025-07-03 09:20:03,2025-07-03 09:20:03,2025-07-03 09:20:03,2025-07-03
625,QuIXSY3zMT,MOOSPMv3Parser,1751535000,5,5,3,6,6,3,3,7,7,3,939,285,2174,37,22,1,22,22,0,0,22,0,26,26,44,45,14.065,474,1,36.139038,-120.368233,185.069,7,599,58,3,e00fce6876826e255108c6bd,2025-07-03 09:30:03,2025-07-03 09:30:03,2025-07-03 09:30:03,2025-07-03
635,gHh6QYf6Ng,MOOSPMv3Parser,1751535600,5,5,3,7,7,3,3,7,7,3,951,290,2194,36,22,2,22,22,0,0,22,0,26,26,46,48,13.404,475,1,36.139034,-120.36834,172.785995,7,599,58,3,e00fce6876826e255108c6bd,2025-07-03 09:40:03,2025-07-03 09:40:03,2025-07-03 09:40:03,2025-07-03
648,iibXFmjGTx,MOOSPMv3Parser,1751536200,5,5,3,7,7,3,3,7,7,3,979,299,2214,37,24,4,24,24,0,0,24,0,26,26,49,49,12.862,481,1,36.139065,-120.368408,165.046005,7,599,58,3,e00fce6876826e255108c6bd,2025-07-03 09:50:03,2025-07-03 09:50:04,2025-07-03 09:50:04,2025-07-03
1046,e0IA9k8Nyc,MOOSPMv3Parser,1751562601,4,4,104,6,6,834,1438,8,8,1735,883,269,0,40,105,4,819,970,0,0,1003,2,34,39,30,27,4.806,11,1,0.0,0.0,0.0,0,82,58,3,e00fce6876826e255108c6bd,2025-07-03 17:10:07,2025-07-03 17:10:07,2025-07-03 17:10:07,2025-07-03
1051,AVGxNSakbP,MOOSPMv3Parser,1751563201,4,4,152,6,6,727,1201,7,7,1433,915,279,306,38,630,3,1191,1309,0,0,1335,1,35,39,28,26,12.222,59,2,36.13903,-120.368301,184.908997,6,600,58,3,e00fce6876826e255108c6bd,2025-07-03 17:20:03,2025-07-03 17:20:03,2025-07-03 17:20:03,2025-07-03
1064,yI7ZoWeGSZ,MOOSPMv3Parser,1751563801,4,4,29,6,6,31,31,6,6,31,863,262,506,36,230,2,231,231,0,0,231,0,36,40,28,26,15.341,90,3,36.13903,-120.368164,185.945007,6,600,58,3,e00fce6876826e255108c6bd,2025-07-03 17:30:03,2025-07-03 17:30:03,2025-07-03 17:30:03,2025-07-03
1076,LtDSbYp0Wi,MOOSPMv3Parser,1751564401,4,4,3,6,6,3,3,6,6,3,892,269,524,36,21,3,21,21,0,0,21,0,37,40,28,27,16.469,102,3,36.139042,-120.368263,185.720993,5,600,58,3,e00fce6876826e255108c6bd,2025-07-03 17:40:03,2025-07-03 17:40:03,2025-07-03 17:40:03,2025-07-03
1090,fhCCGni75R,MOOSPMv3Parser,1751565001,4,4,3,6,6,3,3,7,7,3,910,275,542,36,20,4,20,20,0,0,20,0,37,41,27,25,17.227,95,2,36.138988,-120.3685,185.014008,6,600,58,3,e00fce6876826e255108c6bd,2025-07-03 17:50:07,2025-07-03 17:50:07,2025-07-03 17:50:07,2025-07-03
1101,TRP1C6PUGf,MOOSPMv3Parser,1751565601,4,4,3,6,6,3,3,7,7,3,901,274,560,36,21,3,21,21,0,0,21,0,38,42,26,24,17.403,101,2,36.139221,-120.36837,184.794006,6,600,58,3,e00fce6876826e255108c6bd,2025-07-03 18:00:08,2025-07-03 18:00:08,2025-07-03 18:00:08,2025-07-03
1110,7WxGKAaI7c,MOOSPMv3Parser,1751566201,4,4,2,6,6,2,2,6,6,2,881,266,576,31,18,3,18,18,0,0,18,0,38,42,25,24,17.051,90,1,36.138859,-120.368355,162.727997,5,600,58,3,e00fce6876826e255108c6bd,2025-07-03 18:10:03,2025-07-03 18:10:03,2025-07-03 18:10:03,2025-07-03
1122,8A7waQjOaB,MOOSPMv3Parser,1751566801,4,4,2,5,5,2,2,6,6,2,846,253,592,31,19,2,19,19,0,0,19,0,38,43,24,23,17.677,55,1,36.138752,-120.368248,145.701004,6,600,58,3,e00fce6876826e255108c6bd,2025-07-03 18:20:03,2025-07-03 18:20:04,2025-07-03 18:20:04,2025-07-03
1134,WUroa2ftef,MOOSPMv3Parser,1751567401,4,4,2,5,5,3,3,6,6,3,822,247,608,32,19,1,19,19,0,0,19,0,39,43,25,23,17.844,23,1,36.138897,-120.368347,168.201996,5,600,58,3,e00fce6876826e255108c6bd,2025-07-03 18:30:04,2025-07-03 18:30:04,2025-07-03 18:30:04,2025-07-03
1140,bUnsZD11qu,MOOSPMv3Parser,1751568001,4,4,2,5,5,2,2,6,6,2,858,257,623,29,17,2,17,17,0,0,17,0,39,44,24,23,18.502,17,1,36.138924,-120.368294,180.557999,6,600,58,3,e00fce6876826e255108c6bd,2025-07-03 18:40:03,2025-07-03 18:40:03,2025-07-03 18:40:03,2025-07-03
1156,rmK3gtAT0F,MOOSPMv3Parser,1751568601,4,4,2,5,5,2,2,5,5,2,850,257,639,30,18,1,18,18,0,0,18,0,40,44,24,22,17.735,51,1,36.139008,-120.368385,178.826996,6,600,58,3,e00fce6876826e255108c6bd,2025-07-03 18:50:09,2025-07-03 18:50:09,2025-07-03 18:50:09,2025-07-03
1165,C2AFZkwx1H,MOOSPMv3Parser,1751569201,4,4,2,5,5,2,2,6,6,2,835,248,653,30,16,2,16,16,0,0,16,0,40,44,23,21,18.877,25,1,36.139008,-120.368385,178.826996,0,600,58,3,e00fce6876826e255108c6bd,2025-07-03 19:00:03,2025-07-03 19:00:04,2025-07-03 19:00:04,2025-07-03
1176,XCMNCTZTpm,MOOSPMv3Parser,1751569801,4,4,2,5,5,2,2,6,6,2,854,255,668,31,18,2,18,18,0,0,18,0,41,45,23,21,17.976,51,1,36.139004,-120.368309,161.990997,5,600,58,3,e00fce6876826e255108c6bd,2025-07-03 19:10:03,2025-07-03 19:10:03,2025-07-03 19:10:03,2025-07-03
1182,X5anGevCBN,MOOSPMv3Parser,1751570401,6,5,6,11,9,10,13,16,13,14,1251,378,703,78,45,17,49,49,0,0,50,1,41,45,22,21,17.967,85,1,36.139023,-120.368301,192.360001,7,600,58,3,e00fce6876826e255108c6bd,2025-07-03 19:20:03,2025-07-03 19:20:03,2025-07-03 19:20:03,2025-07-03
1194,sHtrHAsl7i,MOOSPMv3Parser,1751571001,5,5,5,9,9,9,12,11,11,13,1108,331,731,57,38,10,41,42,1,0,42,1,41,45,23,22,11.602,452,1,36.139011,-120.368378,169.759003,7,600,58,3,e00fce6876826e255108c6bd,2025-07-03 19:30:03,2025-07-03 19:30:03,2025-07-03 19:30:03,2025-07-03
1206,QaeuF37vXC,MOOSPMv3Parser,1751571601,7,6,9,13,12,13,17,17,15,18,1424,431,783,97,66,17,70,71,0,0,71,1,42,46,21,20,13.57,450,1,36.139069,-120.368416,180.181,7,600,58,3,e00fce6876826e255108c6bd,2025-07-03 19:40:03,2025-07-03 19:40:03,2025-07-03 19:40:03,2025-07-03
1218,Wpu2EHi5jm,MOOSPMv3Parser,1751572201,5,5,5,9,8,8,10,14,12,12,1095,323,809,68,35,15,38,39,0,0,39,1,42,46,20,19,13.904,318,1,36.13905,-120.36837,191.998993,7,600,58,3,e00fce6876826e255108c6bd,2025-07-03 19:50:03,2025-07-03 19:50:03,2025-07-03 19:50:03,2025-07-03
1227,u0HuC0rTC7,MOOSPMv3Parser,1751572801,3,3,2,5,5,2,3,5,5,3,792,232,822,30,15,2,16,16,0,0,16,1,42,46,19,19,18.753,182,1,36.139088,-120.368378,176.322006,6,600,58,3,e00fce6876826e255108c6bd,2025-07-03 20:00:03,2025-07-03 20:00:03,2025-07-03 20:00:03,2025-07-03
1239,0XTCnQcpEL,MOOSPMv3Parser,1751573401,5,5,5,9,8,7,8,11,11,9,1075,320,852,61,37,12,38,39,0,0,39,1,43,46,18,18,16.942,248,1,36.139137,-120.368355,174.026001,6,600,58,3,e00fce6876826e255108c6bd,2025-07-03 20:10:03,2025-07-03 20:10:03,2025-07-03 20:10:03,2025-07-03
1250,3BieLD4lH0,MOOSPMv3Parser,1751574001,3,3,2,5,5,2,2,5,5,2,792,230,864,28,14,2,15,15,0,0,15,1,43,47,19,19,18.295,117,1,36.139164,-120.368263,196.910004,6,600,58,3,e00fce6876826e255108c6bd,2025-07-03 20:20:03,2025-07-03 20:20:03,2025-07-03 20:20:03,2025-07-03
1261,qI9eKk8grr,MOOSPMv3Parser,1751574601,3,3,2,5,5,2,2,6,6,2,833,245,877,30,15,2,15,15,0,0,15,0,43,47,18,18,19.198,44,1,36.139118,-120.368515,180.031006,5,600,58,3,e00fce6876826e255108c6bd,2025-07-03 20:30:03,2025-07-03 20:30:03,2025-07-03 20:30:03,2025-07-03
1277,d1HAJyiOtZ,MOOSPMv3Parser,1751575201,3,3,2,5,5,2,2,5,5,2,802,234,890,28,15,2,15,15,0,0,15,0,43,47,18,18,18.937,46,1,36.139053,-120.368408,192.052002,6,600,58,3,e00fce6876826e255108c6bd,2025-07-03 20:40:04,2025-07-03 20:40:04,2025-07-03 20:40:04,2025-07-03
1284,TDuG9SxC6x,MOOSPMv3Parser,1751575801,3,3,2,5,5,2,2,5,5,2,789,229,903,27,15,2,15,15,0,0,15,0,43,47,17,17,19.485,33,1,36.139053,-120.368408,192.048004,0,600,58,3,e00fce6876826e255108c6bd,2025-07-03 20:50:03,2025-07-03 20:50:03,2025-07-03 20:50:03,2025-07-03
1296,kD5femGFEd,MOOSPMv3Parser,1751576401,3,3,2,5,5,2,2,5,5,2,783,228,916,28,15,1,15,15,0,0,15,0,43,47,18,17,20.099,23,1,36.139069,-120.36834,184.416,7,600,58,3,e00fce6876826e255108c6bd,2025-07-03 21:00:03,2025-07-03 21:00:03,2025-07-03 21:00:03,2025-07-03
1310,4854Ktc2YE,MOOSPMv3Parser,1751577001,3,3,2,5,5,2,2,5,5,2,792,232,930,28,15,2,15,15,0,0,15,0,42,46,19,18,20.605,9,1,36.139038,-120.368408,184.856995,8,600,58,3,e00fce6876826e255108c6bd,2025-07-03 21:10:07,2025-07-03 21:10:07,2025-07-03 21:10:07,2025-07-03
1318,BAWqKkwqRn,MOOSPMv3Parser,1751577601,3,3,2,5,5,2,2,5,5,2,798,234,942,30,14,1,14,14,0,0,14,0,43,46,18,18,20.397,4,1,36.139046,-120.36837,189.158005,7,600,58,3,e00fce6876826e255108c6bd,2025-07-03 21:20:03,2025-07-03 21:20:03,2025-07-03 21:20:03,2025-07-03
1327,Jed0mXDJcG,MOOSPMv3Parser,1751578201,2,2,1,2,2,1,1,3,3,1,480,137,951,17,10,1,10,10,0,0,10,0,43,46,11,12,21.071,5,1,36.139042,-120.368286,210.755005,7,600,58,3,e00fce6876826e255108c6bd,2025-07-03 21:30:03,2025-07-03 21:30:03,2025-07-03 21:30:03,2025-07-03
1339,VhV3pK7PsI,MOOSPMv3Parser,1751578801,0,0,1,1,1,1,1,1,1,1,257,68,957,10,6,1,6,6,0,0,6,0,44,47,10,11,20.759,2,1,36.139034,-120.368263,196.112,6,600,58,3,e00fce6876826e255108c6bd,2025-07-03 21:40:03,2025-07-03 21:40:03,2025-07-03 21:40:03,2025-07-03
1354,ZS8mMsq9j2,MOOSPMv3Parser,1751579401,0,0,1,1,1,1,1,1,1,1,277,72,962,9,7,0,7,7,0,0,7,0,44,47,11,12,20.513,6,1,36.139023,-120.36837,183.957001,6,600,58,3,e00fce6876826e255108c6bd,2025-07-03 21:50:07,2025-07-03 21:50:07,2025-07-03 21:50:07,2025-07-03
1361,yI2zyH3KRj,MOOSPMv3Parser,1751580001,0,0,1,1,1,1,1,1,1,1,275,67,968,11,6,1,6,6,0,0,6,0,44,48,10,11,20.887,21,1,36.139084,-120.368393,174.309006,7,600,58,3,e00fce6876826e255108c6bd,2025-07-03 22:00:03,2025-07-03 22:00:03,2025-07-03 22:00:03,2025-07-03
1374,17W0DtkU6t,MOOSPMv3Parser,1751580601,0,0,1,1,1,1,1,1,1,1,276,70,973,9,6,1,6,6,0,0,6,0,44,48,10,11,21.343,23,1,36.139061,-120.368416,167.800003,8,600,58,3,e00fce6876826e255108c6bd,2025-07-03 22:10:03,2025-07-03 22:10:03,2025-07-03 22:10:03,2025-07-03
1386,bABrbwStv6,MOOSPMv3Parser,1751581201,0,0,1,1,1,1,1,1,1,1,284,75,979,11,7,1,7,7,0,0,7,0,43,46,11,11,22.511,9,1,36.13905,-120.368378,179.070007,6,600,58,3,e00fce6876826e255108c6bd,2025-07-03 22:20:04,2025-07-03 22:20:04,2025-07-03 22:20:04,2025-07-03
1398,SqNmyJtCqi,MOOSPMv3Parser,1751581801,0,0,1,1,1,1,1,1,1,1,245,67,986,10,7,1,7,7,0,0,7,0,43,46,10,11,22.018,4,1,36.139023,-120.368263,198.164993,6,600,58,3,e00fce6876826e255108c6bd,2025-07-03 22:30:07,2025-07-03 22:30:07,2025-07-03 22:30:07,2025-07-03
1407,VOVoQ15iU2,MOOSPMv3Parser,1751582401,0,0,1,1,1,1,1,1,1,1,208,56,991,9,7,1,7,7,0,0,7,0,42,45,11,12,21.872,5,1,36.139023,-120.368263,198.164001,0,600,58,3,e00fce6876826e255108c6bd,2025-07-03 22:40:04,2025-07-03 22:40:04,2025-07-03 22:40:04,2025-07-03
1418,juwvKfHXJc,MOOSPMv3Parser,1751583001,0,0,1,1,1,1,1,1,1,1,182,49,997,9,7,1,7,7,0,0,7,1,43,45,11,12,22.645,3,1,36.139057,-120.368301,181.485992,7,600,58,3,e00fce6876826e255108c6bd,2025-07-03 22:50:03,2025-07-03 22:50:04,2025-07-03 22:50:04,2025-07-03
1429,WAB0rsb240,MOOSPMv3Parser,1751583601,0,0,1,0,0,1,1,1,1,1,182,50,1003,11,7,1,7,7,0,0,7,1,42,44,10,12,22.979,2,1,36.139057,-120.368347,190.972,7,600,58,3,e00fce6876826e255108c6bd,2025-07-03 23:00:03,2025-07-03 23:00:04,2025-07-03 23:00:04,2025-07-03
1441,cnNH6koG79,MOOSPMv3Parser,1751584201,0,0,1,0,0,1,1,1,1,1,164,44,1009,10,8,1,8,8,0,0,8,1,42,44,10,12,22.594,1,1,36.139015,-120.368263,186.546005,6,600,58,3,e00fce6876826e255108c6bd,2025-07-03 23:10:04,2025-07-03 23:10:04,2025-07-03 23:10:04,2025-07-03
1447,ptEWVhjqLw,MOOSPMv3Parser,1751584801,0,0,1,0,0,1,1,1,1,1,160,43,1014,8,6,1,6,6,0,0,6,1,42,44,9,11,22.817,1,1,36.139015,-120.368256,192.246994,5,600,58,3,e00fce6876826e255108c6bd,2025-07-03 23:20:03,2025-07-03 23:20:03,2025-07-03 23:20:03,2025-07-03
1459,guMorQM59f,MOOSPMv3Parser,1751585401,0,0,1,0,0,1,1,1,1,1,174,48,1019,8,6,1,6,6,0,0,6,1,42,44,11,12,23.157,1,1,36.139019,-120.368347,185.285004,7,600,58,3,e00fce6876826e255108c6bd,2025-07-03 23:30:03,2025-07-03 23:30:03,2025-07-03 23:30:03,2025-07-03
1474,aeuHLfgyFS,MOOSPMv3Parser,1751586001,0,0,1,0,0,1,1,1,1,1,165,46,1024,10,6,1,6,6,0,0,6,1,42,44,10,12,23.19,1,1,36.138973,-120.368271,181.257004,7,600,58,3,e00fce6876826e255108c6bd,2025-07-03 23:40:04,2025-07-03 23:40:04,2025-07-03 23:40:04,2025-07-03
1482,OoM8h3EFNY,MOOSPMv3Parser,1751586601,0,0,1,0,0,1,1,1,1,1,166,46,1030,9,7,1,7,7,0,0,7,1,41,43,11,12,22.928,2,1,36.13908,-120.368294,180.649002,6,600,58,3,e00fce6876826e255108c6bd,2025-07-03 23:50:03,2025-07-03 23:50:03,2025-07-03 23:50:03,2025-07-03
6,plNGawFDi7,MOOSPMv3Parser,1751587201,0,0,1,0,0,1,1,1,1,1,162,46,1036,8,8,2,8,8,0,0,8,1,41,42,11,12,22.299,2,1,36.138988,-120.368355,180.113007,6,600,58,3,e00fce6876826e255108c6bd,2025-07-04 00:00:03,2025-07-04 00:00:03,2025-07-04 00:00:03,2025-07-04
19,AgUCuur3b4,MOOSPMv3Parser,1751587801,0,0,1,0,0,1,1,0,0,1,147,42,1042,8,6,1,6,6,0,0,6,1,41,42,11,13,22.969,3,1,36.139034,-120.368309,175.602005,5,600,58,3,e00fce6876826e255108c6bd,2025-07-04 00:10:03,2025-07-04 00:10:04,2025-07-04 00:10:04,2025-07-04
33,2CJ0m4GFBR,MOOSPMv3Parser,1751588401,0,0,1,0,0,1,1,1,1,1,177,51,1048,10,7,1,7,7,0,0,7,1,41,42,11,13,22.042,2,1,36.13908,-120.368286,194.296005,5,600,58,3,e00fce6876826e255108c6bd,2025-07-04 00:20:04,2025-07-04 00:20:04,2025-07-04 00:20:04,2025-07-04
44,uN5refQfGf,MOOSPMv3Parser,1751589001,0,0,1,0,0,1,1,0,0,1,162,47,1053,7,7,1,7,7,0,0,7,1,41,41,11,13,22.906,2,1,36.13908,-120.368286,194.294998,0,600,58,3,e00fce6876826e255108c6bd,2025-07-04 00:30:04,2025-07-04 00:30:04,2025-07-04 00:30:04,2025-07-04
55,g17xvAfdhE,MOOSPMv3Parser,1751589601,0,0,1,0,0,1,1,0,0,1,140,41,1059,8,7,1,7,7,0,0,7,1,41,41,12,14,21.699,3,2,36.139,-120.368286,169.695007,6,600,58,3,e00fce6876826e255108c6bd,2025-07-04 00:40:04,2025-07-04 00:40:04,2025-07-04 00:40:04,2025-07-04
62,us54Kky8Zw,MOOSPMv3Parser,1751590201,0,0,1,0,0,1,1,1,1,1,163,48,1067,11,9,1,9,9,0,0,9,1,41,41,12,14,21.358,4,2,36.139084,-120.368378,177.255997,5,600,58,3,e00fce6876826e255108c6bd,2025-07-04 00:50:03,2025-07-04 00:50:03,2025-07-04 00:50:03,2025-07-04
77,fqoYi9f4BZ,MOOSPMv3Parser,1751590801,0,0,1,1,1,1,1,1,1,1,182,54,1074,12,9,2,9,9,0,0,9,1,41,41,12,14,20.963,5,2,36.139076,-120.368408,173.919006,7,600,58,3,e00fce6876826e255108c6bd,2025-07-04 01:00:17,2025-07-04 01:00:18,2025-07-04 01:00:18,2025-07-04
85,qYMRboPKXB,MOOSPMv3Parser,1751591401,1,1,2,2,2,2,2,2,2,2,270,82,1087,20,16,2,16,16,0,0,16,1,40,40,12,14,21.349,5,2,36.139019,-120.368332,186.947998,6,600,58,3,e00fce6876826e255108c6bd,2025-07-04 01:10:03,2025-07-04 01:10:03,2025-07-04 01:10:03,2025-07-04
98,ERMQQOr5oy,MOOSPMv3Parser,1751592001,0,0,1,1,1,1,1,1,1,1,185,56,1096,11,10,1,10,10,0,0,10,1,40,40,13,15,20.687,5,2,36.139076,-120.368294,188.977997,6,600,58,3,e00fce6876826e255108c6bd,2025-07-04 01:20:04,2025-07-04 01:20:04,2025-07-04 01:20:04,2025-07-04
107,UbiKoL2GA7,MOOSPMv3Parser,1751592601,0,0,1,0,0,1,1,1,1,1,155,46,1102,9,7,1,8,8,0,0,8,1,39,39,13,15,21.683,5,2,36.13905,-120.368347,188.005005,7,600,58,3,e00fce6876826e255108c6bd,2025-07-04 01:30:03,2025-07-04 01:30:03,2025-07-04 01:30:03,2025-07-04
121,Ct0m7ORVUW,MOOSPMv3Parser,1751593201,0,0,1,0,0,1,1,1,1,1,164,48,1109,10,7,1,8,8,0,0,8,1,39,39,13,15,21.306,4,2,36.139023,-120.368378,164.768997,6,600,58,3,e00fce6876826e255108c6bd,2025-07-04 01:40:03,2025-07-04 01:40:04,2025-07-04 01:40:04,2025-07-04
132,7kv5J2AFXR,MOOSPMv3Parser,1751593801,0,0,1,0,0,1,1,1,1,1,175,52,1115,10,7,0,7,7,0,0,7,1,39,38,13,15,20.653,5,2,36.139072,-120.368279,170.496994,5,600,58,3,e00fce6876826e255108c6bd,2025-07-04 01:50:04,2025-07-04 01:50:05,2025-07-04 01:50:05,2025-07-04
142,Nt6Uxq97Eq,MOOSPMv3Parser,1751594401,0,0,1,0,0,1,1,0,0,1,146,44,1121,9,7,1,7,7,0,0,7,1,38,38,13,15,21.305,5,2,36.139042,-120.368385,174.544998,6,600,58,3,e00fce6876826e255108c6bd,2025-07-04 02:00:04,2025-07-04 02:00:04,2025-07-04 02:00:04,2025-07-04
154,pHzqfOsNvo,MOOSPMv3Parser,1751595001,0,0,1,0,0,1,1,1,1,1,179,52,1127,9,7,1,7,7,0,0,7,1,38,37,14,16,21.027,5,3,36.139,-120.368225,181.005005,6,600,58,3,e00fce6876826e255108c6bd,2025-07-04 02:10:08,2025-07-04 02:10:09,2025-07-04 02:10:09,2025-07-04
164,D0imdGqBnP,MOOSPMv3Parser,1751595601,0,0,1,0,0,1,1,0,0,1,142,42,1133,9,7,1,7,7,0,0,7,1,37,37,14,16,22.181,4,3,36.139,-120.368225,181.005005,0,600,58,3,e00fce6876826e255108c6bd,2025-07-04 02:20:04,2025-07-04 02:20:04,2025-07-04 02:20:04,2025-07-04
176,cvd8zCXdnE,MOOSPMv3Parser,1751596201,0,0,1,0,0,1,1,0,0,1,120,36,1138,8,6,1,6,6,0,0,6,1,36,36,15,16,22.131,4,3,36.13905,-120.36834,191.667999,6,600,58,3,e00fce6876826e255108c6bd,2025-07-04 02:30:04,2025-07-04 02:30:04,2025-07-04 02:30:04,2025-07-04
184,K92ZY4QF4o,MOOSPMv3Parser,1751596801,0,0,1,0,0,1,1,0,0,1,129,38,1143,8,6,1,6,6,0,0,6,1,35,35,15,17,21.089,5,3,36.139011,-120.36834,178.098999,6,600,58,3,e00fce6876826e255108c6bd,2025-07-04 02:40:03,2025-07-04 02:40:03,2025-07-04 02:40:03,2025-07-04
195,2lKfLsAVUx,MOOSPMv3Parser,1751597401,0,0,1,0,0,1,1,0,0,1,122,37,1149,8,7,1,7,7,0,0,7,1,34,35,16,18,20.081,7,3,36.138855,-120.368347,163.919006,6,600,58,3,e00fce6876826e255108c6bd,2025-07-04 02:50:03,2025-07-04 02:50:03,2025-07-04 02:50:03,2025-07-04
208,DcBG8PxDB1,MOOSPMv3Parser,1751598001,0,0,1,0,0,1,1,1,1,1,147,44,1156,9,8,1,8,8,0,0,8,1,34,34,17,18,19.614,11,3,36.138981,-120.368294,186.548996,6,600,58,3,e00fce6876826e255108c6bd,2025-07-04 03:00:03,2025-07-04 03:00:04,2025-07-04 03:00:04,2025-07-04
219,i08bQPDCU9,MOOSPMv3Parser,1751598601,0,0,1,0,0,1,1,1,1,1,146,45,1164,9,9,1,9,9,0,0,9,1,33,34,17,18,20.254,10,3,36.139034,-120.368347,176.699005,6,600,58,3,e00fce6876826e255108c6bd,2025-07-04 03:10:03,2025-07-04 03:10:04,2025-07-04 03:10:04,2025-07-04
230,hJTkadrnrs,MOOSPMv3Parser,1751599201,0,0,1,1,1,1,1,1,1,1,149,45,1170,10,7,1,7,7,0,0,7,1,33,33,18,19,18.36,28,3,36.139038,-120.368271,173.787994,6,600,58,3,e00fce6876826e255108c6bd,2025-07-04 03:20:03,2025-07-04 03:20:04,2025-07-04 03:20:04,2025-07-04
241,DdsEb1lP0C,MOOSPMv3Parser,1751599801,1,1,2,2,2,2,2,3,3,2,406,124,1181,19,13,2,13,13,0,0,13,1,32,32,19,21,16.77,54,3,36.138985,-120.368347,171.677994,6,600,58,3,e00fce6876826e255108c6bd,2025-07-04 03:30:04,2025-07-04 03:30:04,2025-07-04 03:30:04,2025-07-04
252,lE6FQTtUKF,MOOSPMv3Parser,1751600401,0,0,1,1,1,1,1,1,1,1,184,56,1188,10,9,1,9,9,0,0,9,0,31,32,19,21,16.509,83,2,36.13892,-120.368225,163.878006,6,600,58,3,e00fce6876826e255108c6bd,2025-07-04 03:40:03,2025-07-04 03:40:04,2025-07-04 03:40:04,2025-07-04
264,ejN5PU1svt,MOOSPMv3Parser,1751601001,0,0,1,0,0,1,1,1,1,1,142,43,1195,9,8,1,8,8,0,0,8,0,31,31,20,21,16.998,84,2,36.138985,-120.368217,193.320999,6,600,58,3,e00fce6876826e255108c6bd,2025-07-04 03:50:04,2025-07-04 03:50:04,2025-07-04 03:50:04,2025-07-04
273,NARSiA07BC,MOOSPMv3Parser,1751601601,0,0,1,0,0,1,1,1,1,2,157,47,1203,10,9,1,9,9,0,0,9,1,30,31,21,23,16.661,116,2,36.139,-120.368332,161.134003,5,600,58,3,e00fce6876826e255108c6bd,2025-07-04 04:00:03,2025-07-04 04:00:03,2025-07-04 04:00:03,2025-07-04
286,CpqVj8ghj7,MOOSPMv3Parser,1751602201,0,0,1,1,1,1,1,1,1,1,172,51,1209,10,8,2,8,8,0,0,8,1,29,30,22,23,15.477,172,2,36.139,-120.368332,161.136993,0,600,58,3,e00fce6876826e255108c6bd,2025-07-04 04:10:04,2025-07-04 04:10:04,2025-07-04 04:10:04,2025-07-04
297,Sfs2ZgX0Vm,MOOSPMv3Parser,1751602801,0,0,1,0,0,1,1,1,1,1,143,43,1216,9,8,1,9,9,0,0,9,1,29,29,23,25,16.846,87,2,36.139019,-120.368301,187.052994,7,600,58,3,e00fce6876826e255108c6bd,2025-07-04 04:20:04,2025-07-04 04:20:04,2025-07-04 04:20:04,2025-07-04
307,xhxFt59LBM,MOOSPMv3Parser,1751603401,0,0,1,0,0,1,1,1,1,1,158,47,1223,11,8,1,8,8,0,0,8,1,29,29,24,26,17.255,57,2,36.138985,-120.368279,190.761002,6,600,58,3,e00fce6876826e255108c6bd,2025-07-04 04:30:03,2025-07-04 04:30:04,2025-07-04 04:30:04,2025-07-04
319,slEDMVvwPo,MOOSPMv3Parser,1751604001,0,0,1,1,1,1,1,1,1,1,177,54,1231,11,9,1,9,9,0,0,9,1,29,29,22,24,18.116,36,3,36.139034,-120.368378,179.541,6,600,58,3,e00fce6876826e255108c6bd,2025-07-04 04:40:04,2025-07-04 04:40:04,2025-07-04 04:40:04,2025-07-04
330,38Vs2FpWBE,MOOSPMv3Parser,1751604601,0,0,1,0,0,1,1,1,1,1,151,46,1237,9,8,1,8,8,0,0,8,1,29,28,23,25,19.547,12,4,36.138962,-120.368263,190.679001,6,600,58,3,e00fce6876826e255108c6bd,2025-07-04 04:50:07,2025-07-04 04:50:08,2025-07-04 04:50:08,2025-07-04
341,oP5xkLs3TT,MOOSPMv3Parser,1751605201,0,0,1,0,0,1,1,0,0,1,125,37,1243,8,6,1,7,7,0,0,7,1,29,28,21,23,19.658,12,4,36.139019,-120.368271,180.723999,6,600,58,3,e00fce6876826e255108c6bd,2025-07-04 05:00:04,2025-07-04 05:00:04,2025-07-04 05:00:04,2025-07-04
352,yKXzbbZRkr,MOOSPMv3Parser,1751605801,0,0,1,0,0,1,1,0,0,1,108,32,1247,7,5,1,5,5,0,0,5,1,29,28,21,24,19.056,19,5,36.139038,-120.368294,179.001007,6,600,58,3,e00fce6876826e255108c6bd,2025-07-04 05:10:18,2025-07-04 05:10:18,2025-07-04 05:10:18,2025-07-04
361,hQr8bMaWls,MOOSPMv3Parser,1751606401,0,0,1,0,0,1,1,0,0,1,123,38,1252,7,6,0,6,6,0,0,6,1,29,28,21,24,20.519,7,7,36.138988,-120.368164,195.097,5,600,58,3,e00fce6876826e255108c6bd,2025-07-04 05:20:04,2025-07-04 05:20:04,2025-07-04 05:20:04,2025-07-04
373,qK2ahiCkB8,MOOSPMv3Parser,1751607001,0,0,1,0,0,1,1,1,1,1,140,42,1257,9,6,1,6,6,0,0,6,1,28,28,22,25,20.41,8,8,36.139027,-120.368362,173.598007,6,600,58,3,e00fce6876826e255108c6bd,2025-07-04 05:30:04,2025-07-04 05:30:04,2025-07-04 05:30:04,2025-07-04
384,3oxdd0HDWe,MOOSPMv3Parser,1751607601,0,0,1,0,0,1,1,0,0,1,133,40,1263,9,7,1,7,7,0,0,7,1,28,27,22,26,19.908,9,8,36.139023,-120.368355,166.289001,6,600,58,3,e00fce6876826e255108c6bd,2025-07-04 05:40:04,2025-07-04 05:40:04,2025-07-04 05:40:04,2025-07-04
394,2KhFobPGwk,MOOSPMv3Parser,1751608201,0,0,1,0,0,1,1,0,0,1,121,36,1269,7,7,1,7,7,0,0,7,1,28,27,23,26,20.355,10,8,36.139114,-120.368286,200.291,6,600,58,3,e00fce6876826e255108c6bd,2025-07-04 05:50:03,2025-07-04 05:50:04,2025-07-04 05:50:04,2025-07-04
406,v5a1JfDU9A,MOOSPMv3Parser,1751608801,0,0,1,1,1,1,1,1,1,1,187,57,1277,11,9,2,9,9,0,0,9,1,28,27,24,26,19.911,13,8,36.139114,-120.368286,200.291,0,600,58,3,e00fce6876826e255108c6bd,2025-07-04 06:00:04,2025-07-04 06:00:04,2025-07-04 06:00:04,2025-07-04
417,z91KY49IMu,MOOSPMv3Parser,1751609401,0,0,1,1,1,1,1,1,1,1,208,62,1286,13,10,1,10,10,0,0,10,1,27,27,24,27,18.996,27,7,36.139034,-120.368309,179.824005,6,600,58,3,e00fce6876826e255108c6bd,2025-07-04 06:10:03,2025-07-04 06:10:04,2025-07-04 06:10:04,2025-07-04
429,ViWFgB9IzF,MOOSPMv3Parser,1751610001,0,0,1,1,1,1,1,1,1,1,187,57,1294,12,10,1,10,10,0,0,10,1,27,26,27,30,18.088,58,6,36.139004,-120.368347,179.811996,7,600,58,3,e00fce6876826e255108c6bd,2025-07-04 06:20:04,2025-07-04 06:20:04,2025-07-04 06:20:04,2025-07-04
438,h54nzAnMXW,MOOSPMv3Parser,1751610601,0,0,2,1,1,2,2,1,1,2,195,59,1305,13,12,1,12,12,0,0,12,1,26,26,26,28,17.969,49,5,36.139034,-120.368355,196.255005,6,600,58,3,e00fce6876826e255108c6bd,2025-07-04 06:30:04,2025-07-04 06:30:04,2025-07-04 06:30:04,2025-07-04
449,p9z0xlkl0u,MOOSPMv3Parser,1751611201,0,0,1,1,1,1,1,1,1,1,152,46,1312,10,9,1,9,9,0,0,9,1,27,26,26,29,19.085,20,6,36.139004,-120.368446,162.897995,6,600,58,3,e00fce6876826e255108c6bd,2025-07-04 06:40:03,2025-07-04 06:40:04,2025-07-04 06:40:04,2025-07-04
462,YOS9hUxjfA,MOOSPMv3Parser,1751611801,0,0,1,0,0,1,1,1,1,1,142,43,1319,9,8,1,8,8,0,0,8,1,26,25,27,31,18.966,21,6,36.139004,-120.368416,184.953995,6,600,58,3,e00fce6876826e255108c6bd,2025-07-04 06:50:04,2025-07-04 06:50:04,2025-07-04 06:50:04,2025-07-04
473,9t4HfDJeRa,MOOSPMv3Parser,1751612401,0,0,1,0,0,1,1,1,1,1,137,42,1326,10,8,1,8,8,0,0,8,1,26,25,26,29,19.945,19,6,36.13905,-120.368378,188.701996,6,600,58,3,e00fce6876826e255108c6bd,2025-07-04 07:00:04,2025-07-04 07:00:04,2025-07-04 07:00:04,2025-07-04
483,9E9UmwAHp2,MOOSPMv3Parser,1751613001,0,0,1,1,1,1,1,1,1,1,179,53,1333,12,8,1,8,8,0,0,8,1,26,25,26,29,20.623,11,9,36.13905,-120.368301,179.279007,7,600,58,3,e00fce6876826e255108c6bd,2025-07-04 07:10:04,2025-07-04 07:10:04,2025-07-04 07:10:04,2025-07-04
495,jglzj50esP,MOOSPMv3Parser,1751613601,0,0,1,1,1,1,1,1,1,1,173,54,1340,11,8,2,8,8,0,0,8,1,26,25,27,32,20.182,13,9,36.138924,-120.368378,174.037994,5,600,58,3,e00fce6876826e255108c6bd,2025-07-04 07:20:04,2025-07-04 07:20:04,2025-07-04 07:20:04,2025-07-04
506,XlKtp6Rlnc,MOOSPMv3Parser,1751614201,1,1,4,3,3,5,6,5,5,7,363,114,1363,35,29,7,30,30,0,0,30,1,25,25,29,31,18.297,32,8,36.139004,-120.368393,156.636993,5,600,58,3,e00fce6876826e255108c6bd,2025-07-04 07:30:04,2025-07-04 07:30:04,2025-07-04 07:30:04,2025-07-04
517,5o2bl1O5e4,MOOSPMv3Parser,1751614801,0,0,2,1,1,2,3,2,2,3,188,57,1373,14,12,3,12,13,0,0,13,1,24,24,29,30,16.821,107,5,36.138992,-120.368355,190.300995,6,600,58,3,e00fce6876826e255108c6bd,2025-07-04 07:40:04,2025-07-04 07:40:04,2025-07-04 07:40:04,2025-07-04
527,q2QRNl0jpD,MOOSPMv3Parser,1751615401,0,0,1,0,0,1,1,1,1,1,160,48,1379,10,7,1,8,8,0,0,8,1,23,24,30,31,17.464,57,4,36.138992,-120.368355,190.300995,0,600,58,3,e00fce6876826e255108c6bd,2025-07-04 07:50:04,2025-07-04 07:50:04,2025-07-04 07:50:04,2025-07-04
536,CVvDAPFnXc,MOOSPMv3Parser,1751616001,0,0,1,0,0,1,1,1,1,1,120,35,1385,8,7,1,7,7,0,0,7,1,23,23,30,32,17.242,80,4,36.138916,-120.368393,188.300003,7,600,58,3,e00fce6876826e255108c6bd,2025-07-04 08:00:04,2025-07-04 08:00:04,2025-07-04 08:00:04,2025-07-04
550,ObVSUUn40D,MOOSPMv3Parser,1751616601,0,0,1,0,0,1,1,1,1,1,134,40,1392,9,7,1,8,8,0,0,8,1,23,23,30,31,16.755,114,4,36.138969,-120.368317,169.608002,7,600,58,3,e00fce6876826e255108c6bd,2025-07-04 08:10:08,2025-07-04 08:10:08,2025-07-04 08:10:08,2025-07-04
561,tvKS1LT251,MOOSPMv3Parser,1751617201,0,0,1,0,0,1,1,1,1,1,125,38,1397,6,6,1,7,7,0,0,7,1,22,22,30,32,16.857,132,3,36.139008,-120.368271,183.25,7,600,58,3,e00fce6876826e255108c6bd,2025-07-04 08:20:04,2025-07-04 08:20:04,2025-07-04 08:20:04,2025-07-04
572,gJMMIHAPnV,MOOSPMv3Parser,1751617801,0,0,1,0,0,1,1,1,1,1,118,36,1403,7,7,1,7,7,0,0,7,1,22,22,31,33,16.431,172,3,36.139091,-120.368408,177.733994,8,600,58,3,e00fce6876826e255108c6bd,2025-07-04 08:30:04,2025-07-04 08:30:04,2025-07-04 08:30:04,2025-07-04
583,cmgmdHa6Ps,MOOSPMv3Parser,1751618401,0,0,1,1,1,1,1,1,1,1,138,43,1410,12,8,2,9,9,0,0,9,1,22,22,33,35,14.945,265,3,36.139069,-120.36824,197.822006,7,600,58,3,e00fce6876826e255108c6bd,2025-07-04 08:40:04,2025-07-04 08:40:04,2025-07-04 08:40:04,2025-07-04
592,RRxIvDSLYz,MOOSPMv3Parser,1751619001,0,0,1,1,1,1,1,1,1,1,167,52,1417,11,8,1,8,8,0,0,8,1,22,21,34,36,15.484,246,2,36.138977,-120.368347,174.824005,6,600,58,3,e00fce6876826e255108c6bd,2025-07-04 08:50:03,2025-07-04 08:50:04,2025-07-04 08:50:04,2025-07-04
603,VXdJbfWr73,MOOSPMv3Parser,1751619601,0,0,1,1,1,1,1,1,1,1,153,46,1425,12,9,1,9,9,0,0,9,1,22,21,33,36,15.138,225,2,36.139019,-120.368294,176.891006,7,600,58,3,e00fce6876826e255108c6bd,2025-07-04 09:00:03,2025-07-04 09:00:04,2025-07-04 09:00:04,2025-07-04
616,AfSG3KoDEd,MOOSPMv3Parser,1751620201,0,0,1,1,1,1,1,1,1,1,141,42,1431,8,7,1,7,7,0,0,7,1,21,21,35,39,15.519,217,2,36.139103,-120.368286,174.468994,7,600,58,3,e00fce6876826e255108c6bd,2025-07-04 09:10:04,2025-07-04 09:10:04,2025-07-04 09:10:04,2025-07-04
625,x12HV7a3at,MOOSPMv3Parser,1751620801,0,0,1,0,0,1,1,0,0,1,109,32,1437,7,7,1,7,7,0,0,7,1,21,21,33,35,16.413,160,2,36.138981,-120.368317,173.949997,7,600,58,3,e00fce6876826e255108c6bd,2025-07-04 09:20:04,2025-07-04 09:20:04,2025-07-04 09:20:04,2025-07-04
635,3Es1gOcdvW,MOOSPMv3Parser,1751621401,0,0,1,0,0,1,1,0,0,1,112,34,1442,7,6,1,6,6,0,0,6,1,21,20,35,37,15.574,192,2,36.138924,-120.368416,158.475998,8,600,58,3,e00fce6876826e255108c6bd,2025-07-04 09:30:04,2025-07-04 09:30:04,2025-07-04 09:30:04,2025-07-04
646,1jIcfCNF7g,MOOSPMv3Parser,1751622001,0,0,1,0,0,1,1,0,0,1,111,34,1448,8,7,1,7,7,0,0,7,1,20,20,35,36,14.949,279,2,36.138924,-120.368416,158.477997,0,600,58,3,e00fce6876826e255108c6bd,2025-07-04 09:40:08,2025-07-04 09:40:08,2025-07-04 09:40:08,2025-07-04
655,wY3VBTpr1D,MOOSPMv3Parser,1751622601,0,0,1,1,1,1,1,1,1,1,153,47,1456,10,9,1,9,9,0,0,9,1,20,20,37,40,14.929,256,2,36.138962,-120.368401,157.302994,5,600,58,3,e00fce6876826e255108c6bd,2025-07-04 09:50:04,2025-07-04 09:50:04,2025-07-04 09:50:04,2025-07-04
666,WhwlEEJsVh,MOOSPMv3Parser,1751623201,0,0,1,1,1,1,1,1,1,1,153,46,1463,11,9,2,9,9,0,0,9,1,20,20,36,39,13.573,315,1,36.139103,-120.368393,174.087006,6,600,58,3,e00fce6876826e255108c6bd,2025-07-04 10:00:04,2025-07-04 10:00:04,2025-07-04 10:00:04,2025-07-04
676,fHDQTFWmFz,MOOSPMv3Parser,1751623801,0,0,1,1,1,1,1,1,1,1,146,45,1471,10,9,1,9,9,0,0,9,1,20,19,40,41,14.747,274,1,36.138977,-120.368309,172.470993,6,600,58,3,e00fce6876826e255108c6bd,2025-07-04 10:10:04,2025-07-04 10:10:04,2025-07-04 10:10:04,2025-07-04
685,iIwwtMo01Q,MOOSPMv3Parser,1751624401,0,0,1,1,1,1,1,1,1,1,165,49,1479,13,9,2,9,9,0,0,9,1,19,19,37,38,14.501,253,1,36.138733,-120.368248,165.141006,5,600,58,3,e00fce6876826e255108c6bd,2025-07-04 10:20:04,2025-07-04 10:20:04,2025-07-04 10:20:04,2025-07-04
695,jixF98UIdw,MOOSPMv3Parser,1751625001,0,0,1,1,1,1,1,1,1,1,150,46,1487,11,9,2,9,9,0,0,9,1,19,19,39,42,14.53,224,1,36.138889,-120.368294,154.889999,5,600,58,3,e00fce6876826e255108c6bd,2025-07-04 10:30:04,2025-07-04 10:30:04,2025-07-04 10:30:04,2025-07-04
1053,7XaGDKR9ZT,MOOSPMv3Parser,1751649000,0,0,101,0,0,826,1426,0,0,1720,130,38,0,8,88,1,796,946,0,0,979,2,33,38,20,18,5.708,9,1,36.139023,-120.368408,168.352005,10,102,58,3,e00fce6876826e255108c6bd,2025-07-04 17:10:03,2025-07-04 17:10:03,2025-07-04 17:10:03,2025-07-04
1061,t0uMhur7Bq,MOOSPMv3Parser,1751649600,0,0,133,0,0,761,1278,0,0,1533,105,30,169,6,436,0,1046,1175,0,0,1204,2,34,38,20,19,14.386,55,2,36.139023,-120.368408,168.354004,0,600,58,3,e00fce6876826e255108c6bd,2025-07-04 17:20:02,2025-07-04 17:20:02,2025-07-04 17:20:02,2025-07-04
1077,jx5etlM556,MOOSPMv3Parser,1751650200,0,0,48,0,0,50,50,0,0,50,103,30,496,7,375,1,377,377,0,0,377,0,34,38,19,18,16.986,80,4,36.138969,-120.36837,163.666,6,600,58,3,e00fce6876826e255108c6bd,2025-07-04 17:30:03,2025-07-04 17:30:03,2025-07-04 17:30:03,2025-07-04
1086,QkouBIrZtg,MOOSPMv3Parser,1751650800,0,0,1,0,0,1,1,0,0,1,116,33,501,4,6,1,6,6,0,0,6,0,35,39,19,18,18.031,93,4,36.139057,-120.368454,203.085007,6,600,58,3,e00fce6876826e255108c6bd,2025-07-04 17:40:02,2025-07-04 17:40:03,2025-07-04 17:40:03,2025-07-04
1098,vLDz3B1vzs,MOOSPMv3Parser,1751651400,0,0,1,0,0,1,1,0,0,1,109,33,506,5,6,1,6,6,0,0,6,0,35,39,20,19,18.439,105,2,36.13913,-120.368401,183.582993,6,600,58,3,e00fce6876826e255108c6bd,2025-07-04 17:50:03,2025-07-04 17:50:03,2025-07-04 17:50:03,2025-07-04
1108,GX3GgRJw6k,MOOSPMv3Parser,1751652000,0,0,1,0,0,1,1,0,0,1,133,39,512,8,7,1,7,7,0,0,7,0,35,40,20,18,18.543,92,2,36.139164,-120.368431,190.548996,7,600,58,3,e00fce6876826e255108c6bd,2025-07-04 18:00:02,2025-07-04 18:00:02,2025-07-04 18:00:02,2025-07-04
1117,GEBxMrTLwK,MOOSPMv3Parser,1751652600,0,0,1,0,0,1,1,1,1,1,159,48,518,9,7,1,7,7,0,0,7,0,35,39,21,19,19.397,78,1,36.139233,-120.368103,222.798004,6,600,58,3,e00fce6876826e255108c6bd,2025-07-04 18:10:02,2025-07-04 18:10:02,2025-07-04 18:10:02,2025-07-04
1129,DkCXxfTQvF,MOOSPMv3Parser,1751653200,0,0,1,0,0,1,1,1,1,1,154,46,524,9,7,1,7,7,0,0,7,1,35,39,21,19,19.455,14,1,36.139301,-120.368279,214.837997,7,600,58,3,e00fce6876826e255108c6bd,2025-07-04 18:20:02,2025-07-04 18:20:02,2025-07-04 18:20:02,2025-07-04
1140,2IYw1eTJt5,MOOSPMv3Parser,1751653800,0,0,1,0,0,1,1,0,0,1,153,44,529,9,6,1,6,6,0,0,6,1,35,39,20,18,19.883,9,1,36.139141,-120.368462,163.093994,6,600,58,3,e00fce6876826e255108c6bd,2025-07-04 18:30:02,2025-07-04 18:30:02,2025-07-04 18:30:02,2025-07-04
1153,LgH1bw3BhL,MOOSPMv3Parser,1751654400,0,0,1,0,0,1,1,0,0,1,122,35,534,6,6,1,6,6,0,0,6,1,35,40,19,18,18.996,16,1,36.139114,-120.36834,153.707001,6,600,58,3,e00fce6876826e255108c6bd,2025-07-04 18:40:02,2025-07-04 18:40:03,2025-07-04 18:40:03,2025-07-04
1161,z5okD5jCha,MOOSPMv3Parser,1751655000,0,0,1,0,0,1,1,0,0,1,149,43,539,7,6,1,6,6,0,0,6,1,36,40,19,18,19.772,18,1,36.138973,-120.368393,175.979004,6,600,58,3,e00fce6876826e255108c6bd,2025-07-04 18:50:02,2025-07-04 18:50:02,2025-07-04 18:50:02,2025-07-04
1174,1yREfHg2LY,MOOSPMv3Parser,1751655600,0,0,1,0,0,1,1,0,0,1,144,43,544,8,6,1,6,6,0,0,6,1,36,40,19,18,19.752,10,1,36.139023,-120.368385,180.919006,6,600,58,3,e00fce6876826e255108c6bd,2025-07-04 19:00:02,2025-07-04 19:00:02,2025-07-04 19:00:02,2025-07-04
1187,ndQH706w0a,MOOSPMv3Parser,1751656200,2,2,2,4,4,2,2,4,4,2,602,182,559,27,17,3,17,17,0,0,17,0,36,40,19,18,18.499,50,1,36.139023,-120.368385,180.921997,0,600,58,3,e00fce6876826e255108c6bd,2025-07-04 19:10:03,2025-07-04 19:10:03,2025-07-04 19:10:03,2025-07-04
1195,Gv2NBJfJQV,MOOSPMv3Parser,1751656800,0,0,1,0,0,1,1,1,1,1,156,45,565,8,7,2,7,7,0,0,7,0,36,41,18,17,19.151,55,1,36.139034,-120.368362,180.123001,6,600,58,3,e00fce6876826e255108c6bd,2025-07-04 19:20:02,2025-07-04 19:20:02,2025-07-04 19:20:02,2025-07-04
1209,LgSFCYVCY6,MOOSPMv3Parser,1751657400,0,0,1,0,0,1,1,0,0,1,172,49,570,8,6,1,6,6,0,0,6,0,37,41,18,17,19.272,27,1,36.139019,-120.368301,202.212006,6,600,58,3,e00fce6876826e255108c6bd,2025-07-04 19:30:03,2025-07-04 19:30:03,2025-07-04 19:30:03,2025-07-04
1218,a0S5of3Hxm,MOOSPMv3Parser,1751658000,0,0,1,0,0,1,1,0,0,1,143,42,575,8,6,0,6,6,0,0,6,0,37,41,17,17,19.177,38,1,36.139004,-120.368416,207.524002,6,600,58,3,e00fce6876826e255108c6bd,2025-07-04 19:40:02,2025-07-04 19:40:03,2025-07-04 19:40:03,2025-07-04
1229,x3inJQkRWA,MOOSPMv3Parser,1751658600,0,0,1,1,1,1,1,1,1,1,172,50,580,9,6,1,6,6,0,0,6,0,37,41,17,17,19.176,35,1,36.138943,-120.36824,213.455002,6,600,58,3,e00fce6876826e255108c6bd,2025-07-04 19:50:03,2025-07-04 19:50:03,2025-07-04 19:50:03,2025-07-04
1240,Et9Jvo0Ydj,MOOSPMv3Parser,1751659200,0,0,1,0,0,1,1,0,0,1,153,44,585,8,6,1,6,6,0,0,6,1,37,42,18,17,19.15,39,1,36.139011,-120.36821,189.386002,6,600,58,3,e00fce6876826e255108c6bd,2025-07-04 20:00:02,2025-07-04 20:00:03,2025-07-04 20:00:03,2025-07-04
1261,X9IHO5mT38,MOOSPMv3Parser,1751660400,2,2,2,2,2,2,2,3,3,2,440,129,602,19,12,2,12,13,0,0,13,1,38,42,18,17,19.153,32,1,36.138966,-120.368355,181.901001,6,600,58,3,e00fce6876826e255108c6bd,2025-07-04 20:20:02,2025-07-04 20:20:02,2025-07-04 20:20:02,2025-07-04
1274,c9eFEhqIW0,MOOSPMv3Parser,1751661000,0,0,1,0,0,1,1,0,0,1,140,41,607,7,6,0,6,6,0,0,6,0,38,42,18,17,19.137,44,1,36.138954,-120.368301,180.464996,6,600,58,3,e00fce6876826e255108c6bd,2025-07-04 20:30:03,2025-07-04 20:30:03,2025-07-04 20:30:03,2025-07-04
1283,zu45ShxkjV,MOOSPMv3Parser,1751661600,0,0,1,0,0,1,1,0,0,1,141,42,612,8,6,1,6,6,0,0,6,0,38,42,18,17,19.294,46,1,36.138981,-120.368126,168.186005,6,600,58,3,e00fce6876826e255108c6bd,2025-07-04 20:40:02,2025-07-04 20:40:03,2025-07-04 20:40:03,2025-07-04
1294,jAin58pA2e,MOOSPMv3Parser,1751662200,0,0,1,0,0,1,1,1,1,1,192,54,618,9,7,1,7,7,0,0,7,0,38,42,18,17,18.76,84,1,36.139019,-120.368317,190.621002,5,600,58,3,e00fce6876826e255108c6bd,2025-07-04 20:50:02,2025-07-04 20:50:03,2025-07-04 20:50:03,2025-07-04
1310,xpiRnu350n,MOOSPMv3Parser,1751662800,0,0,1,1,1,1,1,1,1,1,237,70,625,10,8,1,8,8,0,0,8,0,39,42,17,16,19.105,77,1,36.139019,-120.368317,190.626999,0,600,58,3,e00fce6876826e255108c6bd,2025-07-04 21:00:08,2025-07-04 21:00:09,2025-07-04 21:00:09,2025-07-04
1315,T0cUkYOEbj,MOOSPMv3Parser,1751663400,0,0,1,0,0,1,1,0,0,1,174,49,630,8,6,0,6,6,0,0,6,0,38,42,16,16,19.762,40,1,36.139042,-120.368294,179.136993,7,600,58,3,e00fce6876826e255108c6bd,2025-07-04 21:10:02,2025-07-04 21:10:02,2025-07-04 21:10:02,2025-07-04
1329,6XJHWQLr6I,MOOSPMv3Parser,1751664000,0,0,1,0,0,1,1,1,1,1,162,47,636,9,7,1,7,7,0,0,7,0,39,43,18,17,19.589,31,1,36.13903,-120.36837,175.675995,6,600,58,3,e00fce6876826e255108c6bd,2025-07-04 21:20:03,2025-07-04 21:20:03,2025-07-04 21:20:03,2025-07-04
1338,FCxCxJlZTo,MOOSPMv3Parser,1751664600,0,0,1,0,0,1,1,0,0,1,155,42,641,7,5,1,6,6,0,0,6,0,39,43,17,17,18.64,88,1,36.138996,-120.368431,173.016006,6,600,58,3,e00fce6876826e255108c6bd,2025-07-04 21:30:02,2025-07-04 21:30:03,2025-07-04 21:30:03,2025-07-04
1350,T7Bn3LYQSQ,MOOSPMv3Parser,1751665200,0,0,1,0,0,1,1,1,1,1,157,45,645,7,5,1,5,5,0,0,5,0,39,43,17,17,19.635,66,1,36.138969,-120.368332,186.537994,6,600,58,3,e00fce6876826e255108c6bd,2025-07-04 21:40:03,2025-07-04 21:40:03,2025-07-04 21:40:03,2025-07-04
1362,pfnupjv0o7,MOOSPMv3Parser,1751665800,0,0,1,0,0,1,1,0,0,1,152,42,650,7,6,0,6,6,0,0,6,0,39,43,17,16,18.825,61,1,36.139065,-120.368362,170.108994,7,600,58,3,e00fce6876826e255108c6bd,2025-07-04 21:50:03,2025-07-04 21:50:03,2025-07-04 21:50:03,2025-07-04
1372,XxbyTFLw2s,MOOSPMv3Parser,1751666400,0,0,1,0,0,1,1,1,1,1,163,47,655,8,6,1,6,6,0,0,6,0,40,43,16,16,18.436,106,1,36.139034,-120.368385,184.149994,7,600,58,3,e00fce6876826e255108c6bd,2025-07-04 22:00:02,2025-07-04 22:00:03,2025-07-04 22:00:03,2025-07-04
1382,8CuuKoaUmc,MOOSPMv3Parser,1751667000,0,0,1,1,1,1,1,1,1,1,258,73,661,10,8,1,8,8,0,0,8,0,39,43,17,16,18.925,130,1,36.138969,-120.368385,174.238007,6,600,58,3,e00fce6876826e255108c6bd,2025-07-04 22:10:02,2025-07-04 22:10:03,2025-07-04 22:10:03,2025-07-04
1394,TGCc6eBUcG,MOOSPMv3Parser,1751667600,0,0,1,0,0,1,1,1,1,1,157,44,666,8,6,1,6,6,0,0,6,0,39,43,17,17,19.617,94,1,36.139019,-120.368393,162.783997,6,600,58,3,e00fce6876826e255108c6bd,2025-07-04 22:20:02,2025-07-04 22:20:03,2025-07-04 22:20:03,2025-07-04
1404,T0eG2awukh,MOOSPMv3Parser,1751668200,0,0,1,0,0,1,1,1,1,1,177,49,672,7,6,1,6,6,0,0,6,0,39,43,17,16,19.726,46,1,36.139076,-120.368301,183.718002,6,600,58,3,e00fce6876826e255108c6bd,2025-07-04 22:30:03,2025-07-04 22:30:03,2025-07-04 22:30:03,2025-07-04
1415,Q1OvMehPGq,MOOSPMv3Parser,1751668800,0,0,1,0,0,1,1,1,1,1,186,52,677,8,6,1,6,6,0,0,6,0,39,43,17,16,19.427,36,1,36.138992,-120.368294,169.511002,6,600,58,3,e00fce6876826e255108c6bd,2025-07-04 22:40:03,2025-07-04 22:40:03,2025-07-04 22:40:03,2025-07-04
1427,oE6k3vFAPB,MOOSPMv3Parser,1751669400,0,0,1,0,0,1,1,0,0,1,167,47,682,7,6,1,6,6,0,0,6,0,39,42,17,17,19.527,51,1,36.138992,-120.368294,169.509995,0,600,58,3,e00fce6876826e255108c6bd,2025-07-04 22:50:02,2025-07-04 22:50:03,2025-07-04 22:50:03,2025-07-04
1440,7EZhkL384Z,MOOSPMv3Parser,1751670000,1,1,1,2,2,2,2,2,2,2,348,104,692,15,11,2,11,11,0,0,11,0,39,42,17,17,20.291,16,1,36.139099,-120.368332,187.574005,5,600,58,3,e00fce6876826e255108c6bd,2025-07-04 23:00:03,2025-07-04 23:00:04,2025-07-04 23:00:04,2025-07-04
1448,x1ydRt6JUh,MOOSPMv3Parser,1751670600,0,0,1,0,0,1,1,1,1,1,179,51,698,8,7,1,7,7,0,0,7,0,39,42,17,17,20.03,13,1,36.139,-120.368378,191.100998,6,600,58,3,e00fce6876826e255108c6bd,2025-07-04 23:10:02,2025-07-04 23:10:03,2025-07-04 23:10:03,2025-07-04
1460,h3Hqnu2wg5,MOOSPMv3Parser,1751671200,0,0,1,1,1,1,1,1,1,1,189,56,703,9,6,1,6,6,0,0,6,0,38,41,17,18,20.711,7,1,36.139038,-120.368347,182.251999,7,600,58,3,e00fce6876826e255108c6bd,2025-07-04 23:20:02,2025-07-04 23:20:03,2025-07-04 23:20:03,2025-07-04
1475,92TLj02Kx7,MOOSPMv3Parser,1751671800,0,0,1,1,1,1,1,1,1,1,234,70,710,11,8,1,8,8,0,0,8,0,38,41,18,18,20.586,6,1,36.13908,-120.368317,179.294998,7,600,58,3,e00fce6876826e255108c6bd,2025-07-04 23:30:07,2025-07-04 23:30:08,2025-07-04 23:30:08,2025-07-04
1484,tCvRoW4V9e,MOOSPMv3Parser,1751672400,1,1,1,1,1,1,1,1,1,1,303,89,717,13,8,1,8,8,0,0,8,0,38,40,18,18,20.699,6,1,36.139076,-120.368492,162.093002,6,600,58,3,e00fce6876826e255108c6bd,2025-07-04 23:40:04,2025-07-04 23:40:04,2025-07-04 23:40:04,2025-07-04
1496,k7E0iMFO6Y,MOOSPMv3Parser,1751673000,0,0,1,0,0,1,1,1,1,1,188,55,724,10,8,1,8,8,0,0,8,0,38,40,17,18,20.408,4,1,36.139004,-120.368439,164.106003,6,600,58,3,e00fce6876826e255108c6bd,2025-07-04 23:50:07,2025-07-04 23:50:07,2025-07-04 23:50:07,2025-07-04
8,ksTyMZGh3x,MOOSPMv3Parser,1751673600,1,1,1,2,2,1,1,2,2,1,302,89,733,16,10,1,10,10,0,0,10,0,38,40,18,18,20.385,3,1,36.139042,-120.368637,141.634995,6,600,58,3,e00fce6876826e255108c6bd,2025-07-05 00:00:03,2025-07-05 00:00:03,2025-07-05 00:00:03,2025-07-05
21,Leg4YATOKM,MOOSPMv3Parser,1751674200,0,0,1,1,1,1,1,1,1,1,215,66,741,13,9,2,9,9,0,0,9,0,39,40,17,19,20.129,4,1,36.139095,-120.368362,175.979996,6,600,58,3,e00fce6876826e255108c6bd,2025-07-05 00:10:07,2025-07-05 00:10:07,2025-07-05 00:10:07,2025-07-05
33,S0168CZ7w9,MOOSPMv3Parser,1751674800,0,0,1,1,1,1,1,1,1,1,201,58,747,11,8,1,8,8,0,0,8,0,38,39,18,19,20.576,3,2,36.139103,-120.368645,145.886002,6,600,58,3,e00fce6876826e255108c6bd,2025-07-05 00:20:07,2025-07-05 00:20:07,2025-07-05 00:20:07,2025-07-05
41,GvQPEwE4yT,MOOSPMv3Parser,1751675400,0,0,1,0,0,1,1,0,0,1,161,46,753,7,6,1,6,6,0,0,6,0,38,39,18,19,20.651,3,2,36.139046,-120.368706,149.772995,4,600,58,3,e00fce6876826e255108c6bd,2025-07-05 00:30:03,2025-07-05 00:30:03,2025-07-05 00:30:03,2025-07-05
51,qNw0g5iqGr,MOOSPMv3Parser,1751676000,0,0,1,0,0,1,1,0,0,1,157,46,758,7,6,0,6,6,0,0,6,0,38,39,18,20,20.601,3,2,36.139,-120.368385,172.651001,7,600,58,3,e00fce6876826e255108c6bd,2025-07-05 00:40:02,2025-07-05 00:40:03,2025-07-05 00:40:03,2025-07-05
66,O7Ou8bDLQO,MOOSPMv3Parser,1751676600,0,0,1,0,0,1,1,1,1,1,192,58,764,8,7,1,7,7,0,0,7,0,38,38,19,20,20.697,3,2,36.139027,-120.368225,191.031998,8,600,58,3,e00fce6876826e255108c6bd,2025-07-05 00:50:08,2025-07-05 00:50:08,2025-07-05 00:50:08,2025-07-05
73,UVJiNCXulp,MOOSPMv3Parser,1751677200,0,0,1,1,1,1,1,1,1,1,190,56,771,9,7,0,8,8,0,0,8,0,37,38,19,21,21.275,3,2,36.139126,-120.368202,179.119995,7,600,58,3,e00fce6876826e255108c6bd,2025-07-05 01:00:03,2025-07-05 01:00:03,2025-07-05 01:00:03,2025-07-05
85,QOHaXrXaWT,MOOSPMv3Parser,1751677800,0,0,1,1,1,1,1,1,1,1,207,61,776,9,7,0,7,7,0,0,7,0,37,37,20,22,20.875,3,2,36.139004,-120.368423,162.675003,7,600,58,3,e00fce6876826e255108c6bd,2025-07-05 01:10:03,2025-07-05 01:10:03,2025-07-05 01:10:03,2025-07-05
94,c2lBhl7WNA,MOOSPMv3Parser,1751678400,0,0,1,0,0,1,1,1,1,1,175,54,783,9,8,1,8,8,0,0,8,0,37,37,20,22,21.874,3,3,36.13903,-120.36834,188.479004,7,600,58,3,e00fce6876826e255108c6bd,2025-07-05 01:20:02,2025-07-05 01:20:03,2025-07-05 01:20:03,2025-07-05
106,8aBbgzCo1j,MOOSPMv3Parser,1751679000,0,0,1,0,0,1,1,1,1,1,181,53,789,8,7,1,7,7,0,0,7,0,36,36,20,22,22.123,2,3,36.139133,-120.3685,177.268005,5,600,58,3,e00fce6876826e255108c6bd,2025-07-05 01:30:03,2025-07-05 01:30:03,2025-07-05 01:30:03,2025-07-05
117,vqwyz0KYl3,MOOSPMv3Parser,1751679600,0,0,1,1,1,1,1,1,1,1,160,49,795,10,6,1,6,6,0,0,6,0,36,36,20,22,22.384,3,3,36.139004,-120.368423,186.968994,6,600,58,3,e00fce6876826e255108c6bd,2025-07-05 01:40:03,2025-07-05 01:40:03,2025-07-05 01:40:03,2025-07-05
128,0xqdE7wHJ9,MOOSPMv3Parser,1751680200,0,0,1,1,1,1,1,1,1,1,194,58,802,11,8,1,8,8,0,0,8,0,36,36,20,22,22.599,3,4,36.139133,-120.368584,185.014008,6,600,58,3,e00fce6876826e255108c6bd,2025-07-05 01:50:03,2025-07-05 01:50:03,2025-07-05 01:50:03,2025-07-05
138,WdHC6CLpbk,MOOSPMv3Parser,1751680800,0,0,1,0,0,1,1,1,1,1,178,52,809,8,8,1,8,8,0,0,8,0,35,35,20,22,23.839,2,4,36.139191,-120.368629,203.507996,5,600,58,3,e00fce6876826e255108c6bd,2025-07-05 02:00:03,2025-07-05 02:00:03,2025-07-05 02:00:03,2025-07-05
149,VGtDgXf4iM,MOOSPMv3Parser,1751681400,3,3,2,4,4,2,2,4,4,2,617,189,824,26,16,2,16,16,0,0,16,0,34,35,20,22,23.789,2,5,36.138988,-120.368591,154.384995,5,599,58,3,e00fce6876826e255108c6bd,2025-07-05 02:10:03,2025-07-05 02:10:03,2025-07-05 02:10:03,2025-07-05
160,REFBecBn0p,MOOSPMv3Parser,1751682000,0,0,1,1,1,1,1,2,2,1,235,71,831,15,10,2,10,10,0,0,10,0,34,34,21,22,24.421,3,5,36.138988,-120.368591,154.382004,0,600,58,3,e00fce6876826e255108c6bd,2025-07-05 02:20:03,2025-07-05 02:20:03,2025-07-05 02:20:03,2025-07-05
170,UX2t2rrCco,MOOSPMv3Parser,1751682600,1,1,1,2,2,2,2,2,2,2,354,109,843,15,11,1,12,12,0,0,12,1,33,34,20,22,23.706,4,5,36.138878,-120.367905,166.572006,5,599,58,3,e00fce6876826e255108c6bd,2025-07-05 02:30:03,2025-07-05 02:30:03,2025-07-05 02:30:03,2025-07-05
183,XbDCMLiTf2,MOOSPMv3Parser,1751683200,1,1,2,3,3,3,4,4,4,4,432,130,857,24,19,3,20,20,0,0,20,1,32,33,20,22,23.985,6,5,36.13895,-120.368332,160.408997,6,600,58,3,e00fce6876826e255108c6bd,2025-07-05 02:40:03,2025-07-05 02:40:03,2025-07-05 02:40:03,2025-07-05
194,QGTxKNkS40,MOOSPMv3Parser,1751683800,1,1,2,2,2,2,3,3,3,3,308,94,869,19,13,3,13,13,0,0,13,1,32,32,22,24,23.851,9,4,36.13905,-120.368156,178.964005,7,599,58,3,e00fce6876826e255108c6bd,2025-07-05 02:50:03,2025-07-05 02:50:03,2025-07-05 02:50:03,2025-07-05
204,22iAuCAzzL,MOOSPMv3Parser,1751684400,1,1,2,2,2,2,3,3,3,3,318,96,879,18,12,3,13,13,0,0,13,1,31,31,23,25,22.318,15,3,36.139027,-120.368431,200.641998,5,599,58,3,e00fce6876826e255108c6bd,2025-07-05 03:00:03,2025-07-05 03:00:03,2025-07-05 03:00:03,2025-07-05
215,RK7OrfS8fz,MOOSPMv3Parser,1751685000,1,1,3,2,2,4,6,3,3,6,393,120,892,23,18,3,20,20,1,0,20,1,30,31,23,25,24.552,9,4,36.138916,-120.368416,175.820007,6,599,58,3,e00fce6876826e255108c6bd,2025-07-05 03:10:03,2025-07-05 03:10:03,2025-07-05 03:10:03,2025-07-05
227,JzJc9FIA2R,MOOSPMv3Parser,1751685600,5,5,5,8,8,7,8,11,11,9,1036,323,926,60,41,8,43,43,0,0,43,1,30,30,24,26,24.215,7,5,36.138935,-120.368172,197.781006,6,599,58,3,e00fce6876826e255108c6bd,2025-07-05 03:20:03,2025-07-05 03:20:03,2025-07-05 03:20:03,2025-07-05
237,2pOVDteE7w,MOOSPMv3Parser,1751686200,4,4,4,7,7,5,6,8,8,6,797,245,954,47,33,8,34,34,0,0,34,1,30,30,25,27,24.978,6,5,36.13895,-120.368401,171.063004,8,599,58,3,e00fce6876826e255108c6bd,2025-07-05 03:30:03,2025-07-05 03:30:03,2025-07-05 03:30:03,2025-07-05
250,OxOuMsVBQa,MOOSPMv3Parser,1751686800,4,4,5,7,7,6,8,9,9,8,799,246,983,54,36,10,37,37,0,0,37,1,29,29,26,28,23.813,8,6,36.139107,-120.368362,182.313004,6,599,58,3,e00fce6876826e255108c6bd,2025-07-05 03:40:03,2025-07-05 03:40:03,2025-07-05 03:40:03,2025-07-05
264,KInx3GVUvn,MOOSPMv3Parser,1751687400,4,4,4,7,7,5,5,8,8,6,899,277,1010,48,31,6,32,32,0,0,32,1,29,29,26,29,20.29,37,5,36.139015,-120.368416,156.382004,7,599,58,3,e00fce6876826e255108c6bd,2025-07-05 03:50:08,2025-07-05 03:50:08,2025-07-05 03:50:08,2025-07-05
270,lkFGPcezlH,MOOSPMv3Parser,1751688000,2,2,3,4,4,3,3,5,5,3,597,183,1029,30,22,3,22,22,0,0,22,0,29,29,27,29,20.721,36,3,36.139046,-120.368355,166.274002,6,599,58,3,e00fce6876826e255108c6bd,2025-07-05 04:00:03,2025-07-05 04:00:03,2025-07-05 04:00:03,2025-07-05
286,thWVvFaGp8,MOOSPMv3Parser,1751688600,9,9,7,13,13,7,7,14,14,7,1685,515,1072,76,52,7,52,52,1,0,52,0,29,28,27,29,19.303,55,3,36.139046,-120.368355,166.270996,0,600,58,3,e00fce6876826e255108c6bd,2025-07-05 04:10:04,2025-07-05 04:10:04,2025-07-05 04:10:04,2025-07-05
292,Gy9T6X0vjK,MOOSPMv3Parser,1751689200,48,35,30,67,50,32,32,72,55,32,7948,2444,1277,358,236,30,237,237,0,0,237,0,29,28,27,30,19.084,64,2,36.13905,-120.368385,203.091995,5,600,58,3,e00fce6876826e255108c6bd,2025-07-05 04:20:03,2025-07-05 04:20:03,2025-07-05 04:20:03,2025-07-05
305,peumxK4U6e,MOOSPMv3Parser,1751689800,28,24,20,40,36,21,21,43,42,21,4706,1452,1413,226,153,20,154,154,1,0,154,0,28,28,27,30,19.651,45,2,36.138996,-120.368431,175.145004,6,599,58,3,e00fce6876826e255108c6bd,2025-07-05 04:30:03,2025-07-05 04:30:03,2025-07-05 04:30:03,2025-07-05
315,lpJAxGgwhd,MOOSPMv3Parser,1751690400,20,20,16,31,30,17,17,33,33,17,3536,1089,1519,181,125,17,125,125,0,0,125,0,28,28,28,30,19.274,53,2,36.139,-120.368416,183.975998,8,600,58,3,e00fce6876826e255108c6bd,2025-07-05 04:40:03,2025-07-05 04:40:03,2025-07-05 04:40:03,2025-07-05
327,UWfqr2n9cC,MOOSPMv3Parser,1751691000,29,24,23,43,36,25,25,46,42,25,4822,1485,1681,253,184,23,185,185,1,0,185,0,28,27,28,31,18.737,83,2,36.139061,-120.368484,145.427994,6,599,58,3,e00fce6876826e255108c6bd,2025-07-05 04:50:03,2025-07-05 04:50:03,2025-07-05 04:50:03,2025-07-05
336,fjhVExHCfO,MOOSPMv3Parser,1751691600,69,48,50,99,69,52,52,106,77,52,11301,3492,2020,569,389,46,390,390,0,0,390,0,28,27,28,30,17.231,168,2,36.139015,-120.368317,184.294006,8,599,58,3,e00fce6876826e255108c6bd,2025-07-05 05:00:03,2025-07-05 05:00:03,2025-07-05 05:00:03,2025-07-05
347,dm9jbtshoY,MOOSPMv3Parser,1751692200,9,8,8,13,13,9,9,15,15,9,1620,497,2075,82,64,9,65,65,0,0,65,0,27,27,30,32,19.907,46,2,36.139027,-120.368378,180.270004,6,599,58,3,e00fce6876826e255108c6bd,2025-07-05 05:10:03,2025-07-05 05:10:03,2025-07-05 05:10:03,2025-07-05
360,moALGyPlLj,MOOSPMv3Parser,1751692800,8,7,11,14,13,12,12,17,16,13,1476,462,2147,105,84,14,84,85,0,0,85,1,27,26,29,31,19.516,41,2,36.139038,-120.368317,165.936005,7,599,58,3,e00fce6876826e255108c6bd,2025-07-05 05:20:03,2025-07-05 05:20:03,2025-07-05 05:20:03,2025-07-05
371,0paSVXrFba,MOOSPMv3Parser,1751693400,9,9,6,12,12,7,7,13,13,7,1591,485,2190,71,49,6,49,49,0,0,49,0,26,26,28,30,19.902,28,3,36.139065,-120.368439,167.466003,10,599,58,3,e00fce6876826e255108c6bd,2025-07-05 05:30:03,2025-07-05 05:30:04,2025-07-05 05:30:04,2025-07-05
381,eHKcIcLadP,MOOSPMv3Parser,1751694000,19,15,26,34,26,28,28,40,30,28,3372,1057,2364,245,201,27,202,203,4,2,203,0,26,26,29,31,19.945,25,3,36.13908,-120.368134,209.580994,7,599,58,3,e00fce6876826e255108c6bd,2025-07-05 05:40:03,2025-07-05 05:40:03,2025-07-05 05:40:03,2025-07-05
389,DI8Kwodqit,MOOSPMv3Parser,1751694600,54,38,67,92,64,72,73,104,78,74,8964,2809,2816,635,521,67,525,525,1,1,525,1,26,26,30,32,17.834,70,3,36.138969,-120.368462,179.162003,9,599,58,3,e00fce6876826e255108c6bd,2025-07-05 05:50:03,2025-07-05 05:50:03,2025-07-05 05:50:03,2025-07-05
404,6nPDnIladP,MOOSPMv3Parser,1751695200,30,25,27,47,39,29,29,51,48,29,5009,1554,2996,290,213,31,214,214,2,1,214,0,26,25,32,34,16.726,175,2,36.138969,-120.368462,179.164001,0,600,58,3,e00fce6876826e255108c6bd,2025-07-05 06:00:03,2025-07-05 06:00:03,2025-07-05 06:00:03,2025-07-05
414,QPmVZtP5lC,MOOSPMv3Parser,1751695800,50,35,66,88,61,72,74,100,73,74,8284,2601,3449,638,517,67,522,522,0,0,522,1,25,25,30,32,16.109,318,2,36.13903,-120.368408,170.343994,7,599,58,3,e00fce6876826e255108c6bd,2025-07-05 06:10:03,2025-07-05 06:10:03,2025-07-05 06:10:03,2025-07-05
425,EN2KXaKeRA,MOOSPMv3Parser,1751696400,14,14,14,23,23,14,14,25,25,15,2511,775,3541,149,106,17,106,107,1,1,107,0,25,25,31,33,16.164,233,2,36.139042,-120.368187,179.464996,7,599,58,3,e00fce6876826e255108c6bd,2025-07-05 06:20:03,2025-07-05 06:20:03,2025-07-05 06:20:03,2025-07-05
437,V05zHz3RGz,MOOSPMv3Parser,1751697000,12,12,11,19,19,11,11,21,21,11,2160,667,3613,115,83,12,84,84,0,0,84,0,25,24,30,33,15.75,355,1,36.139053,-120.368362,176.041,7,599,58,3,e00fce6876826e255108c6bd,2025-07-05 06:30:03,2025-07-05 06:30:03,2025-07-05 06:30:03,2025-07-05
448,IfExOq3tFN,MOOSPMv3Parser,1751697600,10,10,9,16,16,10,10,17,17,10,1838,565,3677,94,73,11,74,74,0,0,74,0,24,24,31,33,15.718,372,1,36.139008,-120.368378,177.039993,7,599,58,3,e00fce6876826e255108c6bd,2025-07-05 06:40:03,2025-07-05 06:40:04,2025-07-05 06:40:04,2025-07-05
459,xoZRCC9Kkx,MOOSPMv3Parser,1751698200,21,20,16,32,30,17,17,34,34,17,3659,1134,3788,185,128,17,128,128,0,0,128,0,24,24,32,34,14.985,397,1,36.139053,-120.368294,179.052002,7,599,58,3,e00fce6876826e255108c6bd,2025-07-05 06:50:03,2025-07-05 06:50:04,2025-07-05 06:50:04,2025-07-05
468,NVn5xH8cXG,MOOSPMv3Parser,1751698800,21,20,16,31,30,17,17,34,34,17,3585,1109,3896,183,123,19,124,124,0,0,124,0,24,23,33,35,14.637,405,1,36.139004,-120.368301,181.770004,7,599,58,3,e00fce6876826e255108c6bd,2025-07-05 07:00:03,2025-07-05 07:00:03,2025-07-05 07:00:03,2025-07-05
482,9ABypoKEqA,MOOSPMv3Parser,1751699400,14,14,11,21,21,12,12,23,23,12,2503,771,3974,124,90,10,90,90,0,0,90,0,23,23,36,38,15.26,386,1,36.13903,-120.368393,167.100006,7,599,58,3,e00fce6876826e255108c6bd,2025-07-05 07:10:03,2025-07-05 07:10:04,2025-07-05 07:10:04,2025-07-05
494,6GdYGd4F3I,MOOSPMv3Parser,1751700000,9,9,8,14,14,9,9,15,15,9,1710,528,4030,89,64,6,65,65,0,0,65,0,23,23,35,37,14.468,359,1,36.138981,-120.368355,179.222,8,599,58,3,e00fce6876826e255108c6bd,2025-07-05 07:20:04,2025-07-05 07:20:04,2025-07-05 07:20:04,2025-07-05
506,OmgBzaUfTX,MOOSPMv3Parser,1751700600,11,11,10,16,16,10,10,18,18,10,1948,601,4095,104,76,8,76,76,0,0,76,0,22,22,37,39,13.915,392,1,36.139065,-120.368484,161.298004,8,599,58,3,e00fce6876826e255108c6bd,2025-07-05 07:30:19,2025-07-05 07:30:20,2025-07-05 07:30:20,2025-07-05
513,uM4Mk424We,MOOSPMv3Parser,1751701200,9,9,9,13,13,9,9,14,14,9,1573,482,4154,80,67,7,67,67,0,0,67,0,22,22,35,37,14.239,375,1,36.138966,-120.368317,167.729004,9,599,58,3,e00fce6876826e255108c6bd,2025-07-05 07:40:03,2025-07-05 07:40:03,2025-07-05 07:40:03,2025-07-05
523,2v5WXBFTXU,MOOSPMv3Parser,1751701800,5,5,5,7,7,5,5,8,8,5,928,285,4178,47,37,5,37,37,0,0,37,0,22,22,35,37,14.454,370,1,36.138966,-120.368317,167.731995,0,600,58,3,e00fce6876826e255108c6bd,2025-07-05 07:50:03,2025-07-05 07:50:03,2025-07-05 07:50:03,2025-07-05
536,Nepb8xxQI0,MOOSPMv3Parser,1751702400,4,4,4,6,6,4,4,7,7,4,778,240,4212,41,31,3,31,31,0,0,31,0,21,22,38,39,15.24,339,1,36.138985,-120.368317,179.733994,9,599,58,3,e00fce6876826e255108c6bd,2025-07-05 08:00:21,2025-07-05 08:00:21,2025-07-05 08:00:21,2025-07-05
543,u79zSI3xEz,MOOSPMv3Parser,1751703000,4,4,4,6,6,4,4,6,6,4,752,233,4239,39,30,3,30,30,0,0,30,0,21,21,37,39,14.622,362,1,36.139038,-120.368423,172.397003,10,599,58,3,e00fce6876826e255108c6bd,2025-07-05 08:10:03,2025-07-05 08:10:03,2025-07-05 08:10:03,2025-07-05
553,FAby4MldvH,MOOSPMv3Parser,1751703600,4,4,4,6,6,4,4,6,6,4,751,231,4266,36,32,3,32,32,0,0,32,1,21,21,38,40,14.098,360,1,36.13903,-120.368385,177.908997,9,599,58,3,e00fce6876826e255108c6bd,2025-07-05 08:20:03,2025-07-05 08:20:03,2025-07-05 08:20:03,2025-07-05
565,NKIAw1Tlfw,MOOSPMv3Parser,1751704200,4,4,4,6,6,4,4,7,7,4,773,241,4285,41,30,3,30,30,0,0,30,0,21,21,40,41,13.737,401,1,36.13903,-120.368362,176.393997,8,600,58,3,e00fce6876826e255108c6bd,2025-07-05 08:30:04,2025-07-05 08:30:05,2025-07-05 08:30:05,2025-07-05
576,ZEQnl2ju9p,MOOSPMv3Parser,1751704800,3,3,4,6,6,4,4,6,6,4,737,225,4312,39,31,4,31,31,0,0,31,0,21,21,41,43,13.207,418,1,36.139,-120.368309,177.744995,8,600,58,3,e00fce6876826e255108c6bd,2025-07-05 08:40:07,2025-07-05 08:40:07,2025-07-05 08:40:07,2025-07-05
583,k8WaTgurZi,MOOSPMv3Parser,1751705400,4,4,4,7,7,4,4,8,8,4,853,261,4341,45,33,4,33,33,0,0,33,0,21,20,40,42,12.83,427,1,36.13892,-120.368309,168.479996,8,600,58,3,e00fce6876826e255108c6bd,2025-07-05 08:50:03,2025-07-05 08:50:03,2025-07-05 08:50:03,2025-07-05
592,Fa7pAADLCD,MOOSPMv3Parser,1751706000,5,5,5,7,7,5,5,8,8,5,897,276,4372,48,35,3,36,36,0,0,36,0,21,20,42,44,12.048,449,1,36.139023,-120.368355,159.240005,7,600,58,3,e00fce6876826e255108c6bd,2025-07-05 09:00:03,2025-07-05 09:00:03,2025-07-05 09:00:03,2025-07-05
602,98kdJi0opO,MOOSPMv3Parser,1751706600,4,4,4,6,6,5,5,7,7,5,801,248,4401,44,34,4,34,34,0,0,34,0,21,20,40,43,13.055,413,1,36.139011,-120.368355,188.729004,6,600,58,3,e00fce6876826e255108c6bd,2025-07-05 09:10:03,2025-07-05 09:10:03,2025-07-05 09:10:03,2025-07-05
616,VPS5lhMABG,MOOSPMv3Parser,1751707200,3,3,4,5,5,4,4,6,6,4,643,197,4426,34,28,4,28,28,0,0,28,0,20,20,41,43,13.728,402,1,36.139011,-120.368515,169.748993,7,600,58,3,e00fce6876826e255108c6bd,2025-07-05 09:20:08,2025-07-05 09:20:08,2025-07-05 09:20:08,2025-07-05
623,hf7oCcpzFv,MOOSPMv3Parser,1751707800,3,3,4,5,5,4,4,6,6,4,643,198,4451,37,28,4,28,28,0,0,28,0,20,20,41,43,13.63,400,1,36.138996,-120.368256,178.188995,8,600,58,3,e00fce6876826e255108c6bd,2025-07-05 09:30:03,2025-07-05 09:30:03,2025-07-05 09:30:03,2025-07-05
1031,Z31zHYkNib,MOOSPMv3Parser,1751735400,0,0,101,0,0,811,1399,0,0,1688,207,62,0,12,96,0,791,938,0,0,971,2,29,34,24,21,0.0,5,1,0.0,0.0,0.0,0,42,58,3,e00fce6876826e255108c6bd,2025-07-05 17:10:02,2025-07-05 17:10:02,2025-07-05 17:10:02,2025-07-05
1044,ZBJgAJSNCn,MOOSPMv3Parser,1751736000,0,0,125,1,1,783,1326,1,1,1592,236,73,88,15,344,1,985,1120,0,0,1150,2,30,34,25,23,14.12,48,4,36.139019,-120.368362,185.796997,12,599,58,3,e00fce6876826e255108c6bd,2025-07-05 17:20:02,2025-07-05 17:20:02,2025-07-05 17:20:02,2025-07-05
1053,bHkLB9Y25B,MOOSPMv3Parser,1751736600,0,0,62,1,1,65,65,1,1,65,227,70,509,11,484,1,486,486,0,0,486,0,31,35,24,22,17.326,83,7,36.139027,-120.368355,204.744003,7,600,58,3,e00fce6876826e255108c6bd,2025-07-05 17:30:01,2025-07-05 17:30:01,2025-07-05 17:30:01,2025-07-05
1065,QKDobTnFRT,MOOSPMv3Parser,1751737200,0,0,1,1,1,1,1,1,1,1,227,69,519,12,11,2,11,11,0,0,11,0,32,36,22,20,18.307,104,5,36.138992,-120.36824,185.095001,8,600,58,3,e00fce6876826e255108c6bd,2025-07-05 17:40:02,2025-07-05 17:40:02,2025-07-05 17:40:02,2025-07-05
1076,IFvUsMfJV5,MOOSPMv3Parser,1751737800,0,0,1,1,1,1,1,1,1,1,227,67,527,12,9,1,9,9,0,0,9,0,33,37,21,19,19.192,92,3,36.139,-120.368523,156.233994,7,600,58,3,e00fce6876826e255108c6bd,2025-07-05 17:50:02,2025-07-05 17:50:02,2025-07-05 17:50:02,2025-07-05
1086,iSn23vyedu,MOOSPMv3Parser,1751738400,0,0,1,1,1,1,1,1,1,1,227,67,535,11,9,0,9,9,0,0,9,0,33,38,21,19,19.301,92,2,36.138901,-120.368484,138.509995,9,600,58,3,e00fce6876826e255108c6bd,2025-07-05 18:00:01,2025-07-05 18:00:02,2025-07-05 18:00:02,2025-07-05
1097,Oaz5FpXX6V,MOOSPMv3Parser,1751739000,0,0,1,1,1,1,1,1,1,1,215,66,543,12,9,1,9,9,0,0,9,1,34,38,20,19,19.284,34,1,36.138924,-120.368462,141.753998,8,600,58,3,e00fce6876826e255108c6bd,2025-07-05 18:10:01,2025-07-05 18:10:02,2025-07-05 18:10:02,2025-07-05
1111,yFgVQo69WR,MOOSPMv3Parser,1751739600,0,0,1,1,1,1,1,1,1,1,217,63,550,12,9,2,9,9,0,0,9,0,34,39,21,19,19.507,30,1,36.138966,-120.368233,163.839996,7,600,58,3,e00fce6876826e255108c6bd,2025-07-05 18:20:02,2025-07-05 18:20:02,2025-07-05 18:20:02,2025-07-05
1119,RZaevxvNRY,MOOSPMv3Parser,1751740200,0,0,1,1,1,1,1,1,1,1,252,76,557,13,8,1,8,8,0,0,8,0,34,39,20,19,19.168,65,1,36.138977,-120.368011,189.916,7,600,58,3,e00fce6876826e255108c6bd,2025-07-05 18:30:02,2025-07-05 18:30:02,2025-07-05 18:30:02,2025-07-05
1132,Av9FFesecJ,MOOSPMv3Parser,1751740800,0,0,1,1,1,1,1,1,1,1,240,73,566,10,10,1,10,10,0,0,10,0,34,39,22,20,20.299,13,1,36.139027,-120.368202,198.576996,6,600,58,3,e00fce6876826e255108c6bd,2025-07-05 18:40:02,2025-07-05 18:40:02,2025-07-05 18:40:02,2025-07-05
1140,XEKoQDw7Hk,MOOSPMv3Parser,1751741400,1,1,1,1,1,1,1,1,1,2,294,89,575,13,11,1,11,11,0,0,11,0,34,39,22,19,20.275,16,1,36.13903,-120.368439,178.651001,5,600,58,3,e00fce6876826e255108c6bd,2025-07-05 18:50:01,2025-07-05 18:50:02,2025-07-05 18:50:02,2025-07-05
1151,dC6OMrwbNx,MOOSPMv3Parser,1751742000,0,0,1,1,1,1,1,1,1,1,263,79,583,13,9,1,9,9,0,0,9,0,34,39,21,20,20.589,6,1,36.13903,-120.368439,178.649002,0,600,58,3,e00fce6876826e255108c6bd,2025-07-05 19:00:01,2025-07-05 19:00:02,2025-07-05 19:00:02,2025-07-05
1162,3UFM2cYFWt,MOOSPMv3Parser,1751742600,1,1,1,1,1,1,1,2,2,1,259,77,592,13,10,2,10,10,0,0,10,0,35,39,21,19,20.138,5,1,36.139004,-120.368347,172.572006,7,600,58,3,e00fce6876826e255108c6bd,2025-07-05 19:10:01,2025-07-05 19:10:02,2025-07-05 19:10:02,2025-07-05
1173,AoDG6l88G3,MOOSPMv3Parser,1751743200,1,1,1,1,1,1,1,2,2,1,274,82,601,12,11,1,11,11,0,0,11,0,35,40,20,19,20.766,4,1,36.139019,-120.368477,184.063995,7,600,58,3,e00fce6876826e255108c6bd,2025-07-05 19:20:01,2025-07-05 19:20:02,2025-07-05 19:20:02,2025-07-05
1184,mu9BQDwUah,MOOSPMv3Parser,1751743800,1,1,1,1,1,1,1,2,2,1,287,86,610,16,10,2,10,10,0,0,10,0,36,40,20,18,20.916,3,1,36.139034,-120.368385,155.725006,7,600,58,3,e00fce6876826e255108c6bd,2025-07-05 19:30:02,2025-07-05 19:30:02,2025-07-05 19:30:02,2025-07-05
1195,KEchLMft4m,MOOSPMv3Parser,1751744400,1,1,1,1,1,1,1,1,1,2,277,82,619,14,11,1,11,11,0,0,11,0,36,40,19,18,21.444,2,1,36.139046,-120.368332,166.645996,6,600,58,3,e00fce6876826e255108c6bd,2025-07-05 19:40:01,2025-07-05 19:40:02,2025-07-05 19:40:02,2025-07-05
1206,HGJO9BHEET,MOOSPMv3Parser,1751745000,1,1,1,1,1,1,1,1,1,1,268,80,628,14,10,1,10,10,0,0,10,0,36,40,19,19,20.938,4,1,36.139008,-120.368324,178.731003,6,600,58,3,e00fce6876826e255108c6bd,2025-07-05 19:50:02,2025-07-05 19:50:02,2025-07-05 19:50:02,2025-07-05
1217,AMzdqxI7Q4,MOOSPMv3Parser,1751745600,0,0,1,1,1,1,1,1,1,1,273,81,636,14,10,1,10,10,0,0,10,0,36,40,19,18,20.883,6,1,36.138996,-120.368614,178.651001,6,600,58,3,e00fce6876826e255108c6bd,2025-07-05 20:00:02,2025-07-05 20:00:02,2025-07-05 20:00:02,2025-07-05
1228,UTviBx0d8z,MOOSPMv3Parser,1751746200,1,1,1,1,1,2,2,1,1,2,270,79,646,14,11,1,11,11,0,0,11,0,37,41,19,18,20.62,8,1,36.138985,-120.368347,184.005997,5,600,58,3,e00fce6876826e255108c6bd,2025-07-05 20:10:02,2025-07-05 20:10:02,2025-07-05 20:10:02,2025-07-05
1239,oOXePhXHHJ,MOOSPMv3Parser,1751746800,1,1,1,1,1,1,1,2,2,1,282,84,655,15,10,1,10,10,0,0,10,0,37,41,20,19,20.642,22,1,36.139042,-120.368248,193.492996,5,600,58,3,e00fce6876826e255108c6bd,2025-07-05 20:20:01,2025-07-05 20:20:02,2025-07-05 20:20:02,2025-07-05
1250,h5fmHhA8Zu,MOOSPMv3Parser,1751747400,1,1,1,1,1,1,1,2,2,1,280,82,664,14,11,1,11,11,0,0,11,0,37,41,19,18,20.397,13,1,36.138973,-120.368385,188.011002,6,600,58,3,e00fce6876826e255108c6bd,2025-07-05 20:30:01,2025-07-05 20:30:02,2025-07-05 20:30:02,2025-07-05
1261,b6KqSC2MUE,MOOSPMv3Parser,1751748000,1,1,1,1,1,1,1,2,2,1,299,90,673,15,10,1,10,10,0,0,10,0,37,41,19,18,21.491,10,1,36.138927,-120.368469,179.714996,6,600,58,3,e00fce6876826e255108c6bd,2025-07-05 20:40:01,2025-07-05 20:40:02,2025-07-05 20:40:02,2025-07-05
1276,OxJ7wTg695,MOOSPMv3Parser,1751748600,1,1,1,1,1,1,1,1,1,1,291,87,682,14,11,1,11,11,0,0,11,0,37,41,19,18,20.428,19,1,36.138927,-120.368469,179.710999,0,600,58,3,e00fce6876826e255108c6bd,2025-07-05 20:50:02,2025-07-05 20:50:02,2025-07-05 20:50:02,2025-07-05
1283,WErluMaf12,MOOSPMv3Parser,1751749200,1,1,1,1,1,1,1,1,1,1,281,83,691,12,10,1,10,10,0,0,10,0,38,41,19,19,21.075,15,1,36.138996,-120.36824,189.457001,5,600,58,3,e00fce6876826e255108c6bd,2025-07-05 21:00:01,2025-07-05 21:00:02,2025-07-05 21:00:02,2025-07-05
1294,b2vdTviaMk,MOOSPMv3Parser,1751749800,1,1,1,1,1,1,1,2,2,1,291,87,699,16,10,1,10,10,0,0,10,0,38,42,18,18,20.573,18,1,36.138977,-120.368317,191.983994,5,600,58,3,e00fce6876826e255108c6bd,2025-07-05 21:10:02,2025-07-05 21:10:02,2025-07-05 21:10:02,2025-07-05
1306,YoiFiguzxK,MOOSPMv3Parser,1751750400,0,0,1,1,1,1,1,1,1,1,300,90,708,14,9,1,9,9,0,0,9,0,38,42,18,18,20.647,20,1,36.139015,-120.368431,177.606003,6,600,58,3,e00fce6876826e255108c6bd,2025-07-05 21:20:02,2025-07-05 21:20:02,2025-07-05 21:20:02,2025-07-05
1316,IyDBBmCB3F,MOOSPMv3Parser,1751751000,1,1,1,1,1,1,1,2,2,1,315,93,716,15,10,1,10,10,0,0,10,0,38,42,18,18,20.45,21,1,36.139046,-120.368301,174.395996,6,600,58,3,e00fce6876826e255108c6bd,2025-07-05 21:30:02,2025-07-05 21:30:02,2025-07-05 21:30:02,2025-07-05
1337,tdAuKAWs02,MOOSPMv3Parser,1751751600,1,1,1,1,1,2,2,2,2,2,324,95,726,16,12,1,12,12,0,0,12,0,39,42,18,18,20.474,35,1,36.13905,-120.368385,159.423004,6,600,58,3,e00fce6876826e255108c6bd,2025-07-05 21:40:07,2025-07-05 21:40:07,2025-07-05 21:40:07,2025-07-05
1338,Dn1eDWkJrJ,MOOSPMv3Parser,1751752200,1,1,1,2,2,2,2,2,2,2,345,102,736,17,11,2,11,11,0,0,11,0,38,42,19,18,20.229,40,1,36.139027,-120.368408,182.063995,6,600,58,3,e00fce6876826e255108c6bd,2025-07-05 21:50:02,2025-07-05 21:50:02,2025-07-05 21:50:02,2025-07-05
1349,KBn9pgH2O1,MOOSPMv3Parser,1751752800,1,1,2,2,2,2,2,2,2,2,341,100,747,16,12,1,12,12,0,0,12,0,38,42,18,17,20.76,31,1,36.139111,-120.368423,148.009003,7,600,58,3,e00fce6876826e255108c6bd,2025-07-05 22:00:02,2025-07-05 22:00:02,2025-07-05 22:00:02,2025-07-05
1368,fbiwiFGthp,MOOSPMv3Parser,1751753400,1,1,1,2,2,1,1,2,2,1,358,104,756,17,11,1,11,11,0,0,11,0,38,42,18,18,21.312,19,1,36.139038,-120.36834,162.199997,7,600,58,3,e00fce6876826e255108c6bd,2025-07-05 22:10:03,2025-07-05 22:10:03,2025-07-05 22:10:03,2025-07-05
1371,trIuTE9nli,MOOSPMv3Parser,1751754000,1,1,1,1,1,2,2,2,2,2,349,103,766,15,12,1,12,12,0,0,12,0,38,42,18,17,21.396,16,1,36.138981,-120.36824,170.955994,6,600,58,3,e00fce6876826e255108c6bd,2025-07-05 22:20:02,2025-07-05 22:20:02,2025-07-05 22:20:02,2025-07-05
1382,0pdNFQ4wsy,MOOSPMv3Parser,1751754600,1,1,2,2,2,2,2,2,2,2,371,108,778,18,13,1,13,13,0,0,13,0,38,42,18,17,21.404,11,1,36.138981,-120.36824,170.953003,0,600,58,3,e00fce6876826e255108c6bd,2025-07-05 22:30:02,2025-07-05 22:30:02,2025-07-05 22:30:02,2025-07-05
1396,8DMjby71wV,MOOSPMv3Parser,1751755200,1,1,2,2,2,2,2,2,2,2,388,116,790,16,14,1,14,14,0,0,14,0,38,42,18,18,21.956,10,1,36.139,-120.368355,173.850998,7,600,58,3,e00fce6876826e255108c6bd,2025-07-05 22:40:02,2025-07-05 22:40:02,2025-07-05 22:40:02,2025-07-05
1404,6qW4SmHd53,MOOSPMv3Parser,1751755800,1,1,2,3,3,2,2,3,3,2,431,130,802,20,13,2,13,13,0,0,13,0,38,41,17,17,22.449,10,1,36.138988,-120.368393,170.492004,7,600,58,3,e00fce6876826e255108c6bd,2025-07-05 22:50:02,2025-07-05 22:50:02,2025-07-05 22:50:02,2025-07-05
1415,MiEYOP4iOs,MOOSPMv3Parser,1751756400,1,1,2,2,2,2,2,3,3,2,425,127,813,19,13,1,13,13,0,0,13,0,38,41,17,17,22.348,10,1,36.139023,-120.368607,170.744003,7,600,58,3,e00fce6876826e255108c6bd,2025-07-05 23:00:02,2025-07-05 23:00:02,2025-07-05 23:00:02,2025-07-05
1426,VqFzxq7MfB,MOOSPMv3Parser,1751757000,1,1,2,2,2,2,2,2,2,2,421,125,826,22,14,1,14,14,0,0,14,0,39,41,17,17,21.884,7,1,36.138992,-120.368202,178.901001,6,600,58,3,e00fce6876826e255108c6bd,2025-07-05 23:10:02,2025-07-05 23:10:02,2025-07-05 23:10:02,2025-07-05
1438,ww5gt3o9nS,MOOSPMv3Parser,1751757600,1,1,2,3,3,2,2,3,3,2,455,135,839,22,15,1,16,16,0,0,16,0,38,41,17,18,22.565,6,1,36.138992,-120.368355,180.975006,6,600,58,3,e00fce6876826e255108c6bd,2025-07-05 23:20:02,2025-07-05 23:20:02,2025-07-05 23:20:02,2025-07-05
1451,Z5vDBM01P5,MOOSPMv3Parser,1751758200,2,2,2,3,3,2,2,3,3,2,483,147,852,26,15,2,15,15,0,0,15,0,39,41,18,18,22.029,15,1,36.13903,-120.368401,181.222,8,600,58,3,e00fce6876826e255108c6bd,2025-07-05 23:30:02,2025-07-05 23:30:02,2025-07-05 23:30:02,2025-07-05
1460,gAGsz0yxgk,MOOSPMv3Parser,1751758800,1,1,2,3,3,2,2,3,3,2,437,132,866,20,16,1,16,16,0,0,16,0,38,41,18,18,22.587,12,1,36.138992,-120.368309,192.156998,7,600,58,3,e00fce6876826e255108c6bd,2025-07-05 23:40:02,2025-07-05 23:40:02,2025-07-05 23:40:02,2025-07-05
1470,j6bfoKfXxd,MOOSPMv3Parser,1751759400,1,1,2,3,3,2,2,3,3,2,427,131,880,23,16,2,16,16,0,0,16,0,38,40,18,18,22.571,19,1,36.139008,-120.368385,182.423004,7,600,58,3,e00fce6876826e255108c6bd,2025-07-05 23:50:02,2025-07-05 23:50:02,2025-07-05 23:50:02,2025-07-05
1,tvWa6LGBGJ,MOOSPMv3Parser,1751760000,2,2,2,3,3,2,2,3,3,2,468,142,895,22,17,1,17,17,0,0,17,0,38,40,18,19,23.202,17,1,36.138988,-120.368332,176.893997,6,600,58,3,e00fce6876826e255108c6bd,2025-07-06 00:00:02,2025-07-06 00:00:02,2025-07-06 00:00:02,2025-07-06
12,GpItJxxmLL,MOOSPMv3Parser,1751760600,1,1,2,2,2,2,2,3,3,2,443,133,908,21,15,1,15,15,0,0,15,0,38,40,18,19,22.582,6,2,36.139011,-120.36824,192.539993,4,600,58,3,e00fce6876826e255108c6bd,2025-07-06 00:10:02,2025-07-06 00:10:02,2025-07-06 00:10:02,2025-07-06
23,vWknTV4bUw,MOOSPMv3Parser,1751761200,2,2,2,3,3,2,2,3,3,2,445,135,921,22,15,2,15,15,0,0,15,0,38,39,18,19,23.291,4,2,36.13908,-120.368248,191.253006,5,600,58,3,e00fce6876826e255108c6bd,2025-07-06 00:20:02,2025-07-06 00:20:02,2025-07-06 00:20:02,2025-07-06
34,i00LG5jIJc,MOOSPMv3Parser,1751761800,1,1,2,3,3,2,2,3,3,2,436,133,934,23,15,2,15,15,0,0,15,0,38,39,18,20,23.619,4,2,36.139084,-120.36834,179.895996,5,600,58,3,e00fce6876826e255108c6bd,2025-07-06 00:30:02,2025-07-06 00:30:02,2025-07-06 00:30:02,2025-07-06
45,gmZyoXAIDj,MOOSPMv3Parser,1751762400,1,1,2,3,3,2,2,3,3,2,430,131,947,23,15,1,15,15,0,0,15,0,38,38,18,20,24.028,3,2,36.13905,-120.368408,173.968994,5,600,58,3,e00fce6876826e255108c6bd,2025-07-06 00:40:02,2025-07-06 00:40:02,2025-07-06 00:40:02,2025-07-06
56,68m9G6DQuA,MOOSPMv3Parser,1751763000,1,1,2,2,2,2,2,3,3,2,413,126,961,21,15,1,15,15,0,0,15,0,37,38,18,20,24.14,3,2,36.138988,-120.368416,173.128006,5,600,58,3,e00fce6876826e255108c6bd,2025-07-06 00:50:02,2025-07-06 00:50:02,2025-07-06 00:50:02,2025-07-06
72,GT8KsAPG3U,MOOSPMv3Parser,1751763600,1,1,2,2,2,2,2,2,2,2,387,118,972,20,14,1,14,14,0,0,14,0,37,37,18,20,24.631,3,2,36.139061,-120.368393,191.653,6,600,58,3,e00fce6876826e255108c6bd,2025-07-06 01:00:03,2025-07-06 01:00:03,2025-07-06 01:00:03,2025-07-06
78,C6bHjuDD7V,MOOSPMv3Parser,1751764200,1,1,2,2,2,2,2,2,2,2,359,109,985,18,15,1,15,15,0,0,15,0,36,37,19,20,25.388,2,3,36.139019,-120.368378,180.524002,7,600,58,3,e00fce6876826e255108c6bd,2025-07-06 01:10:02,2025-07-06 01:10:02,2025-07-06 01:10:02,2025-07-06
89,z2JixxrUTQ,MOOSPMv3Parser,1751764800,1,1,2,2,2,2,2,2,2,2,352,105,997,17,13,1,13,13,0,0,13,0,36,36,18,20,25.095,2,3,36.138981,-120.368423,188.429993,5,600,58,3,e00fce6876826e255108c6bd,2025-07-06 01:20:02,2025-07-06 01:20:02,2025-07-06 01:20:02,2025-07-06
110,wdg5zuO1x1,MOOSPMv3Parser,1751765400,1,1,2,2,2,2,2,2,2,2,355,107,1009,18,14,1,14,14,0,0,14,0,36,36,19,21,25.764,2,4,36.139061,-120.368446,176.707001,6,600,58,3,e00fce6876826e255108c6bd,2025-07-06 01:30:07,2025-07-06 01:30:08,2025-07-06 01:30:08,2025-07-06
121,Xqf1k4gmHi,MOOSPMv3Parser,1751766000,1,1,2,1,1,2,2,2,2,2,295,89,1019,17,12,1,12,12,0,0,12,0,35,36,18,20,25.869,3,4,36.139038,-120.368347,168.559998,5,600,58,3,e00fce6876826e255108c6bd,2025-07-06 01:40:07,2025-07-06 01:40:07,2025-07-06 01:40:07,2025-07-06
123,oIG4cmgZaq,MOOSPMv3Parser,1751766600,1,1,2,2,2,2,2,2,2,2,325,98,1029,19,12,1,12,12,0,0,12,0,35,35,19,21,26.346,2,5,36.139038,-120.368347,168.565002,0,600,58,3,e00fce6876826e255108c6bd,2025-07-06 01:50:02,2025-07-06 01:50:02,2025-07-06 01:50:02,2025-07-06
133,HpKnC3mXZf,MOOSPMv3Parser,1751767200,1,1,2,2,2,2,2,2,2,2,324,99,1040,19,12,2,12,12,0,0,12,0,35,35,19,21,25.879,3,5,36.138977,-120.368378,177.563004,5,600,58,3,e00fce6876826e255108c6bd,2025-07-06 02:00:02,2025-07-06 02:00:02,2025-07-06 02:00:02,2025-07-06
144,HtRWmiW9vx,MOOSPMv3Parser,1751767800,1,1,2,2,2,2,2,2,2,2,318,96,1051,18,12,2,13,13,0,0,13,0,34,34,19,21,26.812,3,6,36.138977,-120.368202,192.953003,5,600,58,3,e00fce6876826e255108c6bd,2025-07-06 02:10:02,2025-07-06 02:10:02,2025-07-06 02:10:02,2025-07-06
155,vjj7LgK03s,MOOSPMv3Parser,1751768400,1,1,2,2,2,2,2,2,2,2,313,94,1062,16,13,1,13,13,0,0,13,0,34,34,20,22,27.132,3,7,36.139008,-120.36834,176.772995,5,600,58,3,e00fce6876826e255108c6bd,2025-07-06 02:20:02,2025-07-06 02:20:02,2025-07-06 02:20:02,2025-07-06
166,wDHBLcdmRE,MOOSPMv3Parser,1751769000,1,1,2,2,2,2,2,2,2,2,318,96,1073,18,12,1,12,12,0,0,12,0,33,33,20,22,26.426,3,8,36.139015,-120.368271,173.796997,6,600,58,3,e00fce6876826e255108c6bd,2025-07-06 02:30:02,2025-07-06 02:30:02,2025-07-06 02:30:02,2025-07-06
177,W7Y3VP52rW,MOOSPMv3Parser,1751769600,1,1,2,2,2,2,2,2,2,2,346,106,1084,19,13,1,14,14,0,0,14,0,32,33,21,22,26.056,5,8,36.139038,-120.368393,168.936005,7,600,58,3,e00fce6876826e255108c6bd,2025-07-06 02:40:02,2025-07-06 02:40:02,2025-07-06 02:40:02,2025-07-06
198,2FcVZverJu,MOOSPMv3Parser,1751770200,1,1,2,2,2,2,2,2,2,2,335,102,1097,18,15,1,15,15,0,0,15,0,32,32,21,22,27.814,5,9,36.138874,-120.368484,137.138,7,600,58,3,e00fce6876826e255108c6bd,2025-07-06 02:50:04,2025-07-06 02:50:04,2025-07-06 02:50:04,2025-07-06
199,DIPa37VsZd,MOOSPMv3Parser,1751770800,1,1,2,2,2,2,2,3,3,2,348,107,1109,21,14,2,14,14,0,0,14,0,31,32,21,23,28.155,4,11,36.138985,-120.368416,155.475998,6,600,58,3,e00fce6876826e255108c6bd,2025-07-06 03:00:02,2025-07-06 03:00:02,2025-07-06 03:00:02,2025-07-06
210,fDe2n0d0m2,MOOSPMv3Parser,1751771400,1,1,2,2,2,2,2,2,2,2,350,105,1123,16,15,1,16,16,0,0,16,0,31,31,22,24,28.19,4,12,36.139088,-120.36824,177.313995,6,600,58,3,e00fce6876826e255108c6bd,2025-07-06 03:10:02,2025-07-06 03:10:02,2025-07-06 03:10:02,2025-07-06
221,GCpg2ak3ux,MOOSPMv3Parser,1751772000,1,1,2,2,2,2,2,2,2,2,334,103,1135,20,14,2,14,14,0,0,14,0,30,31,22,24,27.777,5,12,36.139053,-120.368469,169.158997,6,600,58,3,e00fce6876826e255108c6bd,2025-07-06 03:20:02,2025-07-06 03:20:02,2025-07-06 03:20:02,2025-07-06
236,9HaSbK5tQs,MOOSPMv3Parser,1751772600,1,1,2,2,2,2,2,2,2,2,321,99,1147,20,13,1,13,13,0,0,13,0,30,30,23,25,27.707,7,13,36.139095,-120.368347,173.906006,6,600,58,3,e00fce6876826e255108c6bd,2025-07-06 03:30:03,2025-07-06 03:30:03,2025-07-06 03:30:03,2025-07-06
247,WYUrB5szHp,MOOSPMv3Parser,1751773200,1,1,2,2,2,2,2,2,2,2,340,105,1159,18,14,2,14,14,0,0,14,0,30,30,24,25,27.501,8,13,36.139095,-120.368347,173.908005,0,600,58,3,e00fce6876826e255108c6bd,2025-07-06 03:40:03,2025-07-06 03:40:03,2025-07-06 03:40:03,2025-07-06
260,lXbcJMRrwa,MOOSPMv3Parser,1751773800,1,1,2,2,2,2,2,2,2,2,343,104,1171,19,14,2,14,14,0,0,14,0,29,29,25,26,26.559,12,12,36.139038,-120.368423,180.263,6,600,58,3,e00fce6876826e255108c6bd,2025-07-06 03:50:03,2025-07-06 03:50:03,2025-07-06 03:50:03,2025-07-06
274,avZ04SAyAJ,MOOSPMv3Parser,1751774400,1,1,2,2,2,2,2,2,2,2,347,107,1184,19,15,1,15,15,0,0,15,0,29,29,25,27,26.594,13,12,36.139069,-120.368484,164.966003,5,600,58,3,e00fce6876826e255108c6bd,2025-07-06 04:00:03,2025-07-06 04:00:03,2025-07-06 04:00:03,2025-07-06
277,IbhMNm5n4A,MOOSPMv3Parser,1751775000,1,1,2,2,2,2,2,3,3,2,375,114,1198,22,16,3,16,16,0,0,16,0,28,29,27,29,23.068,34,9,36.138973,-120.368332,186.416,7,600,58,3,e00fce6876826e255108c6bd,2025-07-06 04:10:02,2025-07-06 04:10:02,2025-07-06 04:10:02,2025-07-06
290,KXx4v3I6RH,MOOSPMv3Parser,1751775600,1,1,2,2,2,2,2,3,3,2,392,120,1213,21,17,2,17,17,0,0,17,0,28,28,27,28,23.275,32,7,36.139011,-120.368286,175.339005,7,600,58,3,e00fce6876826e255108c6bd,2025-07-06 04:20:02,2025-07-06 04:20:02,2025-07-06 04:20:02,2025-07-06
302,b2CD5fLGe4,MOOSPMv3Parser,1751776200,3,3,3,4,4,3,3,5,5,3,625,190,1232,31,22,3,22,22,0,0,22,0,27,28,27,29,24.188,26,6,36.139004,-120.368324,181.865005,5,600,58,3,e00fce6876826e255108c6bd,2025-07-06 04:30:03,2025-07-06 04:30:03,2025-07-06 04:30:03,2025-07-06
309,UFsl0wtfjJ,MOOSPMv3Parser,1751776800,1,1,2,2,2,2,2,3,3,2,382,117,1246,20,17,2,17,17,0,0,17,0,27,27,27,29,24.124,34,6,36.138981,-120.368362,175.037003,8,600,58,3,e00fce6876826e255108c6bd,2025-07-06 04:40:02,2025-07-06 04:40:02,2025-07-06 04:40:02,2025-07-06
322,JVyVWcmzmb,MOOSPMv3Parser,1751777400,1,1,2,2,2,2,2,3,3,2,366,111,1259,23,15,2,15,15,0,0,15,0,27,27,28,31,24.797,24,7,36.139057,-120.368416,166.130005,7,600,58,3,e00fce6876826e255108c6bd,2025-07-06 04:50:02,2025-07-06 04:50:02,2025-07-06 04:50:02,2025-07-06
333,HrNQQOuXuw,MOOSPMv3Parser,1751778000,1,1,2,2,2,2,2,3,3,2,404,124,1273,20,15,2,16,16,0,0,16,0,26,26,28,29,23.887,31,6,36.139122,-120.36821,201.738998,7,600,58,3,e00fce6876826e255108c6bd,2025-07-06 05:00:02,2025-07-06 05:00:03,2025-07-06 05:00:03,2025-07-06
345,nJ5DSr1nQ7,MOOSPMv3Parser,1751778600,1,1,2,2,2,2,2,2,2,2,324,99,1286,19,15,1,15,15,0,0,15,0,26,26,27,29,24.934,21,7,36.138958,-120.368515,159.315002,7,600,58,3,e00fce6876826e255108c6bd,2025-07-06 05:10:02,2025-07-06 05:10:02,2025-07-06 05:10:02,2025-07-06
353,Rf4qnlGvwN,MOOSPMv3Parser,1751779200,1,1,2,2,2,2,2,3,3,2,338,102,1299,20,14,2,14,14,0,0,14,0,26,26,27,29,24.568,32,8,36.138958,-120.368515,159.320007,0,600,58,3,e00fce6876826e255108c6bd,2025-07-06 05:20:02,2025-07-06 05:20:02,2025-07-06 05:20:02,2025-07-06
371,nGsOAUdols,MOOSPMv3Parser,1751779800,1,1,2,1,1,2,2,2,2,2,314,94,1310,17,14,1,14,14,0,0,14,0,26,26,28,30,22.726,55,7,36.13916,-120.36805,228.138,6,600,58,3,e00fce6876826e255108c6bd,2025-07-06 05:30:03,2025-07-06 05:30:03,2025-07-06 05:30:03,2025-07-06
379,cskp46Pd1E,MOOSPMv3Parser,1751780400,1,1,2,2,2,2,2,2,2,2,309,95,1323,18,14,2,14,14,0,0,14,0,26,25,28,31,23.102,47,6,36.139038,-120.36866,136.369003,6,600,58,3,e00fce6876826e255108c6bd,2025-07-06 05:40:03,2025-07-06 05:40:03,2025-07-06 05:40:03,2025-07-06
388,ssnRfGIV0Y,MOOSPMv3Parser,1751781000,1,1,2,2,2,2,2,2,2,2,331,103,1335,20,14,2,14,14,0,0,14,0,26,25,30,32,23.57,49,7,36.139042,-120.368332,180.755005,7,600,58,3,e00fce6876826e255108c6bd,2025-07-06 05:50:02,2025-07-06 05:50:02,2025-07-06 05:50:02,2025-07-06
397,EaoG1FS9Ez,MOOSPMv3Parser,1751781600,1,1,2,1,1,2,2,2,2,2,305,91,1348,17,15,1,15,15,0,0,15,0,25,25,30,33,22.793,54,6,36.139114,-120.368225,215.533005,7,600,58,3,e00fce6876826e255108c6bd,2025-07-06 06:00:02,2025-07-06 06:00:03,2025-07-06 06:00:03,2025-07-06
415,qzWBAJtuLQ,MOOSPMv3Parser,1751782200,1,1,2,2,2,2,2,2,2,2,331,100,1360,17,14,1,14,14,0,0,14,0,25,25,31,34,22.507,53,6,36.138996,-120.368637,150.195999,6,600,58,3,e00fce6876826e255108c6bd,2025-07-06 06:10:03,2025-07-06 06:10:03,2025-07-06 06:10:03,2025-07-06
429,SdSizNmfYA,MOOSPMv3Parser,1751782800,1,1,2,2,2,2,2,2,2,2,356,108,1374,20,16,2,16,16,0,0,16,0,25,24,30,33,22.893,47,5,36.138939,-120.368233,177.735992,7,600,58,3,e00fce6876826e255108c6bd,2025-07-06 06:20:04,2025-07-06 06:20:04,2025-07-06 06:20:04,2025-07-06
433,g2ikFBoGdw,MOOSPMv3Parser,1751783400,1,1,2,2,2,2,2,2,2,2,353,108,1387,19,15,2,15,15,0,0,15,0,24,24,31,33,22.535,54,5,36.139046,-120.36834,178.742004,5,600,58,3,e00fce6876826e255108c6bd,2025-07-06 06:30:02,2025-07-06 06:30:02,2025-07-06 06:30:02,2025-07-06
444,6G8FfFLkz4,MOOSPMv3Parser,1751784000,1,1,2,2,2,2,2,2,2,2,347,107,1400,21,16,2,16,16,0,0,16,0,24,24,32,34,21.711,49,5,36.13903,-120.368324,176.645004,8,600,58,3,e00fce6876826e255108c6bd,2025-07-06 06:40:02,2025-07-06 06:40:02,2025-07-06 06:40:02,2025-07-06
455,l07J65DhyO,MOOSPMv3Parser,1751784600,1,1,2,2,2,2,2,3,3,2,371,114,1415,20,17,2,17,17,0,0,17,0,24,24,32,34,20.043,135,4,36.138973,-120.368309,193.317993,9,600,58,3,e00fce6876826e255108c6bd,2025-07-06 06:50:03,2025-07-06 06:50:03,2025-07-06 06:50:03,2025-07-06
473,YLIKbJjaDZ,MOOSPMv3Parser,1751785200,1,1,2,2,2,2,2,3,3,2,371,112,1430,22,17,2,17,17,0,0,17,0,24,23,33,35,19.584,184,3,36.139019,-120.368393,163.317001,4,600,58,3,e00fce6876826e255108c6bd,2025-07-06 07:00:07,2025-07-06 07:00:07,2025-07-06 07:00:07,2025-07-06
479,OjcCsttpyx,MOOSPMv3Parser,1751785800,1,1,2,2,2,2,2,2,2,2,358,108,1445,22,17,1,17,17,0,0,17,0,24,23,30,33,19.667,111,3,36.139008,-120.368385,165.317993,6,600,58,3,e00fce6876826e255108c6bd,2025-07-06 07:10:03,2025-07-06 07:10:03,2025-07-06 07:10:03,2025-07-06
488,rVttJb2Mcv,MOOSPMv3Parser,1751786400,1,1,2,2,2,2,2,3,3,2,335,103,1458,22,15,2,15,15,0,0,15,0,23,23,32,35,18.865,199,2,36.13895,-120.368286,170.809998,5,600,58,3,e00fce6876826e255108c6bd,2025-07-06 07:20:02,2025-07-06 07:20:02,2025-07-06 07:20:02,2025-07-06
497,y09RTyhG7d,MOOSPMv3Parser,1751787000,1,1,2,2,2,2,2,2,2,2,338,103,1471,20,15,1,15,15,0,0,15,0,23,23,33,35,19.133,149,2,36.139011,-120.368378,168.576004,8,600,58,3,e00fce6876826e255108c6bd,2025-07-06 07:30:02,2025-07-06 07:30:02,2025-07-06 07:30:02,2025-07-06
508,BI2ZqCQjsE,MOOSPMv3Parser,1751787600,1,1,2,2,2,2,2,2,2,2,344,104,1484,20,15,1,15,15,0,0,15,0,22,22,35,36,18.831,183,2,36.138981,-120.368408,179.009003,6,600,58,3,e00fce6876826e255108c6bd,2025-07-06 07:40:02,2025-07-06 07:40:02,2025-07-06 07:40:02,2025-07-06
519,ECXAFsRRaM,MOOSPMv3Parser,1751788200,1,1,2,2,2,2,2,2,2,2,325,101,1497,20,15,2,15,15,0,0,15,0,22,22,35,37,17.835,232,2,36.139076,-120.368477,201.511993,6,600,58,3,e00fce6876826e255108c6bd,2025-07-06 07:50:02,2025-07-06 07:50:03,2025-07-06 07:50:03,2025-07-06
535,DOrqGqY44X,MOOSPMv3Parser,1751788800,1,1,2,2,2,2,2,3,3,2,359,109,1511,20,16,1,16,16,0,0,16,0,22,22,35,36,17.322,338,1,36.139004,-120.368263,155.623001,6,600,58,3,e00fce6876826e255108c6bd,2025-07-06 08:00:07,2025-07-06 08:00:08,2025-07-06 08:00:08,2025-07-06
544,WddYoGpv5t,MOOSPMv3Parser,1751789400,1,1,2,2,2,2,2,3,3,2,350,106,1525,22,17,2,17,17,0,0,17,0,22,21,37,38,16.679,372,1,36.13905,-120.36821,179.858994,8,600,58,3,e00fce6876826e255108c6bd,2025-07-06 08:10:06,2025-07-06 08:10:06,2025-07-06 08:10:06,2025-07-06
549,SjwVJrBeWC,MOOSPMv3Parser,1751790000,1,1,2,2,2,3,3,3,3,3,372,116,1542,21,19,2,19,19,0,0,19,0,22,21,36,38,15.953,409,1,36.138973,-120.368347,163.960999,6,600,58,3,e00fce6876826e255108c6bd,2025-07-06 08:20:02,2025-07-06 08:20:03,2025-07-06 08:20:03,2025-07-06
559,oiiJkWeylj,MOOSPMv3Parser,1751790600,2,2,2,3,3,3,3,3,3,3,403,127,1558,24,19,1,19,19,0,0,19,0,21,21,38,40,16.162,413,1,36.139034,-120.36834,175.994995,7,600,58,3,e00fce6876826e255108c6bd,2025-07-06 08:30:02,2025-07-06 08:30:03,2025-07-06 08:30:03,2025-07-06
569,Hbd57zfgGE,MOOSPMv3Parser,1751791200,1,1,2,3,3,3,3,3,3,3,374,117,1574,22,19,2,19,19,0,0,19,0,21,21,38,40,16.524,400,1,36.139027,-120.368111,195.231995,5,600,58,3,e00fce6876826e255108c6bd,2025-07-06 08:40:02,2025-07-06 08:40:03,2025-07-06 08:40:03,2025-07-06
584,pWGUjAFqTI,MOOSPMv3Parser,1751791800,1,1,2,3,3,2,2,3,3,2,384,116,1589,21,17,2,17,17,0,0,17,0,21,21,37,40,15.526,420,1,36.139027,-120.368111,195.227997,0,600,58,3,e00fce6876826e255108c6bd,2025-07-06 08:50:04,2025-07-06 08:50:04,2025-07-06 08:50:04,2025-07-06
588,a14kGVOJAK,MOOSPMv3Parser,1751792400,1,1,2,3,3,2,2,3,3,2,388,119,1603,23,17,2,17,17,0,0,17,0,21,21,38,40,16.347,394,1,36.138996,-120.368225,195.307999,9,600,58,3,e00fce6876826e255108c6bd,2025-07-06 09:00:02,2025-07-06 09:00:03,2025-07-06 09:00:03,2025-07-06
605,2R5mKcidsz,MOOSPMv3Parser,1751793000,2,2,3,3,3,3,3,5,5,3,447,137,1624,29,24,4,25,25,0,0,25,1,21,20,38,40,15.579,403,1,36.139111,-120.368279,187.824997,7,600,58,3,e00fce6876826e255108c6bd,2025-07-06 09:10:07,2025-07-06 09:10:07,2025-07-06 09:10:07,2025-07-06
608,ukBY9HGluF,MOOSPMv3Parser,1751793600,1,1,2,3,3,3,3,3,3,3,403,123,1641,23,19,3,19,19,0,0,19,0,21,20,39,41,15.393,432,1,36.139103,-120.368347,207.837997,6,600,58,3,e00fce6876826e255108c6bd,2025-07-06 09:20:02,2025-07-06 09:20:03,2025-07-06 09:20:03,2025-07-06
1032,6HLpoLi3yx,MOOSPMv3Parser,1751821800,1,1,102,1,1,827,1427,1,1,1721,343,100,0,13,94,0,803,953,0,0,986,2,32,37,23,20,4.551,7,1,0.0,0.0,0.0,0,72,58,3,e00fce6876826e255108c6bd,2025-07-06 17:10:01,2025-07-06 17:10:01,2025-07-06 17:10:01,2025-07-06
1043,zFyPWwAsD5,MOOSPMv3Parser,1751822400,1,1,128,2,2,780,1319,2,2,1583,390,121,98,20,370,2,1005,1140,0,0,1170,2,33,37,22,20,17.275,42,3,36.139008,-120.36837,174.481995,8,600,58,3,e00fce6876826e255108c6bd,2025-07-06 17:20:01,2025-07-06 17:20:02,2025-07-06 17:20:02,2025-07-06
1054,jd0fhnvs6G,MOOSPMv3Parser,1751823000,1,1,64,2,2,68,68,2,2,68,374,114,536,18,504,1,506,506,0,0,506,0,34,38,21,20,20.383,72,6,36.139027,-120.368797,133.789001,6,600,58,3,e00fce6876826e255108c6bd,2025-07-06 17:30:02,2025-07-06 17:30:02,2025-07-06 17:30:02,2025-07-06
1065,sf8H7ZUpEP,MOOSPMv3Parser,1751823600,1,1,2,2,2,2,2,3,3,2,423,128,548,21,14,2,14,14,0,0,14,0,35,38,21,20,21.69,87,4,36.139053,-120.368378,167.029999,7,600,58,3,e00fce6876826e255108c6bd,2025-07-06 17:40:02,2025-07-06 17:40:02,2025-07-06 17:40:02,2025-07-06
1076,sTLf5VE1i7,MOOSPMv3Parser,1751824200,1,1,2,2,2,2,2,2,2,2,389,119,559,20,13,2,13,13,0,0,13,0,35,39,20,19,21.793,103,3,36.139118,-120.36824,194.453995,7,600,58,3,e00fce6876826e255108c6bd,2025-07-06 17:50:02,2025-07-06 17:50:02,2025-07-06 17:50:02,2025-07-06
1087,AAIobxhrjB,MOOSPMv3Parser,1751824800,1,1,2,2,2,2,2,2,2,2,359,107,570,19,12,1,12,12,0,0,12,0,35,40,19,18,22.393,93,2,36.138828,-120.368507,137.201996,7,600,58,3,e00fce6876826e255108c6bd,2025-07-06 18:00:02,2025-07-06 18:00:02,2025-07-06 18:00:02,2025-07-06
1099,QWdqXMcQdi,MOOSPMv3Parser,1751825400,1,1,2,2,2,2,2,2,2,2,368,111,582,21,13,2,13,13,0,0,13,0,36,40,19,18,22.837,19,1,36.138988,-120.368332,166.854004,7,600,58,3,e00fce6876826e255108c6bd,2025-07-06 18:10:02,2025-07-06 18:10:02,2025-07-06 18:10:02,2025-07-06
1109,E469wC9CUS,MOOSPMv3Parser,1751826000,1,1,2,2,2,2,2,3,3,2,425,130,595,21,15,1,15,15,0,0,15,0,37,41,19,18,21.922,46,1,36.13895,-120.368317,167.600998,7,600,58,3,e00fce6876826e255108c6bd,2025-07-06 18:20:02,2025-07-06 18:20:02,2025-07-06 18:20:02,2025-07-06
1120,e3EmSKz2Fe,MOOSPMv3Parser,1751826600,1,1,2,2,2,2,2,2,2,2,369,110,606,18,13,1,13,13,0,0,13,0,37,41,18,17,23.464,29,1,36.138893,-120.368317,173.126007,6,600,58,3,e00fce6876826e255108c6bd,2025-07-06 18:30:02,2025-07-06 18:30:02,2025-07-06 18:30:02,2025-07-06
1131,zHsBBDiapx,MOOSPMv3Parser,1751827200,1,1,2,2,2,2,2,2,2,2,375,112,616,19,12,1,12,12,0,0,12,0,37,42,18,17,23.65,20,1,36.139069,-120.36834,173.718002,6,600,58,3,e00fce6876826e255108c6bd,2025-07-06 18:40:02,2025-07-06 18:40:02,2025-07-06 18:40:02,2025-07-06
1142,KH2vaeYPHT,MOOSPMv3Parser,1751827800,1,1,2,2,2,2,2,2,2,2,363,108,627,16,12,1,12,12,0,0,12,0,37,42,17,17,23.811,16,1,36.138992,-120.368248,195.932007,5,600,58,3,e00fce6876826e255108c6bd,2025-07-06 18:50:02,2025-07-06 18:50:02,2025-07-06 18:50:02,2025-07-06
1153,Hga4j17I4A,MOOSPMv3Parser,1751828400,1,1,2,2,2,2,2,2,2,2,368,110,638,19,13,1,13,13,0,0,13,0,37,42,17,17,23.984,29,1,36.138992,-120.368248,195.936005,0,600,58,3,e00fce6876826e255108c6bd,2025-07-06 19:00:02,2025-07-06 19:00:02,2025-07-06 19:00:02,2025-07-06
1164,LJFTXW28Ih,MOOSPMv3Parser,1751829000,1,1,2,2,2,2,2,2,2,2,385,113,649,20,12,0,12,12,0,0,12,0,37,42,18,16,25.14,16,1,36.139015,-120.368362,175.367004,6,600,58,3,e00fce6876826e255108c6bd,2025-07-06 19:10:02,2025-07-06 19:10:02,2025-07-06 19:10:02,2025-07-06
1175,YjQrRSmruD,MOOSPMv3Parser,1751829600,1,1,2,2,2,2,2,2,2,2,363,109,660,17,13,1,13,13,0,0,13,0,38,42,17,17,24.075,16,1,36.138985,-120.368301,164.824005,5,600,58,3,e00fce6876826e255108c6bd,2025-07-06 19:20:02,2025-07-06 19:20:02,2025-07-06 19:20:02,2025-07-06
1187,JNPIldiaGU,MOOSPMv3Parser,1751830200,1,1,1,2,2,2,2,2,2,2,353,103,670,17,11,1,12,12,0,0,12,0,38,42,17,16,24.756,15,1,36.138988,-120.368187,192.880997,6,600,58,3,e00fce6876826e255108c6bd,2025-07-06 19:30:02,2025-07-06 19:30:02,2025-07-06 19:30:02,2025-07-06
1197,d10V2jo7CJ,MOOSPMv3Parser,1751830800,1,1,2,1,1,2,2,2,2,2,345,102,681,16,12,1,12,12,0,0,12,0,38,42,16,15,24.907,10,1,36.139095,-120.368271,157.798996,6,600,58,3,e00fce6876826e255108c6bd,2025-07-06 19:40:02,2025-07-06 19:40:02,2025-07-06 19:40:02,2025-07-06
1210,XngyKfwrYr,MOOSPMv3Parser,1751831400,1,1,2,2,2,2,2,2,2,2,361,108,692,20,12,1,13,13,0,0,13,0,39,43,16,16,24.168,21,1,36.138981,-120.368256,170.169006,6,600,58,3,e00fce6876826e255108c6bd,2025-07-06 19:50:02,2025-07-06 19:50:02,2025-07-06 19:50:02,2025-07-06
1230,1YwjwiBr0X,MOOSPMv3Parser,1751832600,1,1,2,2,2,2,2,2,2,2,414,125,715,20,14,1,14,14,0,0,14,0,39,43,16,16,24.563,25,1,36.13895,-120.368141,169.468994,5,600,58,3,e00fce6876826e255108c6bd,2025-07-06 20:10:02,2025-07-06 20:10:02,2025-07-06 20:10:02,2025-07-06
1240,XY3vxoOQQZ,MOOSPMv3Parser,1751833200,1,1,2,2,2,2,2,2,2,2,399,119,725,16,12,1,12,12,0,0,12,0,40,43,15,15,23.906,39,1,36.138954,-120.368233,165.393997,5,600,58,3,e00fce6876826e255108c6bd,2025-07-06 20:20:02,2025-07-06 20:20:02,2025-07-06 20:20:02,2025-07-06
1251,S0GiDvRyay,MOOSPMv3Parser,1751833800,1,1,1,2,2,2,2,2,2,2,382,113,736,18,12,1,12,12,0,0,12,0,40,44,15,15,23.555,56,1,36.139019,-120.368401,183.095993,6,600,58,3,e00fce6876826e255108c6bd,2025-07-06 20:30:02,2025-07-06 20:30:02,2025-07-06 20:30:02,2025-07-06
1263,aHCeLVOeXh,MOOSPMv3Parser,1751834400,2,2,2,3,3,2,2,3,3,2,475,142,747,19,13,1,13,13,0,0,13,0,40,44,14,14,24.795,26,1,36.139019,-120.368401,183.098999,0,600,58,3,e00fce6876826e255108c6bd,2025-07-06 20:40:02,2025-07-06 20:40:02,2025-07-06 20:40:02,2025-07-06
1273,mlleCiYZFN,MOOSPMv3Parser,1751835000,1,1,2,2,2,2,2,3,3,2,469,138,759,19,14,2,14,14,0,0,14,0,40,44,14,15,24.31,35,1,36.138981,-120.368355,173.658005,5,600,58,3,e00fce6876826e255108c6bd,2025-07-06 20:50:02,2025-07-06 20:50:02,2025-07-06 20:50:02,2025-07-06
1284,kD5sYyN0E6,MOOSPMv3Parser,1751835600,2,2,2,3,3,2,2,3,3,2,502,147,772,22,14,2,14,14,0,0,14,0,40,44,16,16,24.729,46,1,36.138905,-120.368355,160.343994,5,600,58,3,e00fce6876826e255108c6bd,2025-07-06 21:00:02,2025-07-06 21:00:02,2025-07-06 21:00:02,2025-07-06
1295,4ofMU77xIo,MOOSPMv3Parser,1751836200,2,2,2,3,3,2,2,3,3,2,524,155,784,22,14,2,14,14,0,0,14,0,41,44,14,14,24.011,75,1,36.138977,-120.368469,139.649002,6,600,58,3,e00fce6876826e255108c6bd,2025-07-06 21:10:02,2025-07-06 21:10:02,2025-07-06 21:10:02,2025-07-06
1316,RHqIZg77jf,MOOSPMv3Parser,1751836800,2,2,2,4,4,2,2,4,4,2,599,181,796,27,14,1,14,14,0,0,14,0,40,44,14,14,25.513,31,1,36.138958,-120.368431,172.360992,6,600,58,3,e00fce6876826e255108c6bd,2025-07-06 21:20:18,2025-07-06 21:20:18,2025-07-06 21:20:18,2025-07-06
1317,1M2G8TbEL5,MOOSPMv3Parser,1751837400,2,2,2,3,3,2,2,3,3,2,591,172,810,24,16,1,16,16,0,0,16,0,40,44,14,14,25.747,29,1,36.139038,-120.368378,170.740997,5,600,58,3,e00fce6876826e255108c6bd,2025-07-06 21:30:02,2025-07-06 21:30:02,2025-07-06 21:30:02,2025-07-06
1333,M7zP4mjcd8,MOOSPMv3Parser,1751838000,2,2,2,4,4,2,2,4,4,2,622,184,824,28,17,2,17,17,0,0,17,0,41,45,15,15,24.709,49,1,36.138996,-120.368355,177.524994,6,600,58,3,e00fce6876826e255108c6bd,2025-07-06 21:40:03,2025-07-06 21:40:03,2025-07-06 21:40:03,2025-07-06
1340,4LV4voFp9u,MOOSPMv3Parser,1751838600,3,3,2,5,5,2,2,5,5,2,754,226,840,31,19,1,19,19,0,0,19,0,41,45,14,14,24.693,42,1,36.138966,-120.368469,183.886002,5,600,58,3,e00fce6876826e255108c6bd,2025-07-06 21:50:02,2025-07-06 21:50:02,2025-07-06 21:50:02,2025-07-06
1350,O9dz8vHz91,MOOSPMv3Parser,1751839200,3,3,2,5,5,2,2,5,5,2,757,221,856,28,18,1,18,18,0,0,18,0,41,45,14,14,25.287,46,1,36.138958,-120.368248,178.699005,7,600,58,3,e00fce6876826e255108c6bd,2025-07-06 22:00:02,2025-07-06 22:00:02,2025-07-06 22:00:02,2025-07-06
1362,U3xfDfu2ht,MOOSPMv3Parser,1751839800,3,3,2,4,4,2,2,5,5,2,740,217,872,28,18,1,18,18,0,0,18,0,41,45,13,14,24.298,75,1,36.138988,-120.368317,182.666,6,600,58,3,e00fce6876826e255108c6bd,2025-07-06 22:10:02,2025-07-06 22:10:02,2025-07-06 22:10:02,2025-07-06
1373,Rmiz9eVc1c,MOOSPMv3Parser,1751840400,3,3,2,5,5,2,2,5,5,2,737,215,888,31,18,2,19,19,0,0,19,0,42,45,13,14,24.454,91,1,36.138988,-120.368317,182.669006,0,600,58,3,e00fce6876826e255108c6bd,2025-07-06 22:20:02,2025-07-06 22:20:02,2025-07-06 22:20:02,2025-07-06
1383,gxTvh4tHWb,MOOSPMv3Parser,1751841000,3,3,2,5,5,2,2,5,5,2,767,227,904,32,18,2,18,18,0,0,18,0,41,45,14,14,24.464,94,1,36.138992,-120.368233,188.733994,8,600,58,3,e00fce6876826e255108c6bd,2025-07-06 22:30:02,2025-07-06 22:30:02,2025-07-06 22:30:02,2025-07-06
1394,wqc4R7nfiC,MOOSPMv3Parser,1751841600,3,3,2,5,5,2,2,5,5,2,744,222,920,32,19,1,19,19,0,0,19,0,41,45,14,14,24.079,131,1,36.13913,-120.368256,145.401993,7,600,58,3,e00fce6876826e255108c6bd,2025-07-06 22:40:02,2025-07-06 22:40:02,2025-07-06 22:40:02,2025-07-06
1406,Z5wgHiLdMC,MOOSPMv3Parser,1751842200,3,3,2,5,5,2,2,5,5,2,777,229,936,30,18,2,18,18,0,0,18,0,41,44,14,15,25.197,54,1,36.139019,-120.368393,188.904007,7,600,58,3,e00fce6876826e255108c6bd,2025-07-06 22:50:02,2025-07-06 22:50:02,2025-07-06 22:50:02,2025-07-06
1417,9iVEWBlgaS,MOOSPMv3Parser,1751842800,3,3,2,5,5,2,2,5,5,2,761,225,952,33,18,1,18,18,0,0,18,0,41,44,14,15,24.66,43,1,36.13903,-120.368408,184.869995,5,600,58,3,e00fce6876826e255108c6bd,2025-07-06 23:00:02,2025-07-06 23:00:02,2025-07-06 23:00:02,2025-07-06
1428,hYMVcBDQx6,MOOSPMv3Parser,1751843400,3,3,3,5,5,3,3,5,5,3,764,229,969,34,20,2,20,20,0,0,20,0,41,44,14,14,25.062,32,1,36.139008,-120.36824,199.106003,7,600,58,3,e00fce6876826e255108c6bd,2025-07-06 23:10:02,2025-07-06 23:10:02,2025-07-06 23:10:02,2025-07-06
1439,LeFkHtBhZn,MOOSPMv3Parser,1751844000,4,4,3,5,5,3,3,6,6,3,794,240,987,31,20,2,20,20,0,0,20,0,41,43,15,16,25.766,15,1,36.138954,-120.368263,173.393005,5,600,58,3,e00fce6876826e255108c6bd,2025-07-06 23:20:02,2025-07-06 23:20:02,2025-07-06 23:20:02,2025-07-06
1449,Zzxr4Phbh4,MOOSPMv3Parser,1751844600,4,4,3,5,5,3,3,5,5,3,779,231,1004,31,20,2,20,20,0,0,20,0,41,43,14,14,25.184,22,1,36.139095,-120.368393,187.014999,6,600,58,3,e00fce6876826e255108c6bd,2025-07-06 23:30:02,2025-07-06 23:30:02,2025-07-06 23:30:02,2025-07-06
1462,IXKQpzibWm,MOOSPMv3Parser,1751845200,4,4,3,6,6,3,3,6,6,3,817,246,1022,36,20,1,20,20,0,0,20,0,41,43,14,15,26.221,8,1,36.139019,-120.368324,187.645004,6,600,58,3,e00fce6876826e255108c6bd,2025-07-06 23:40:02,2025-07-06 23:40:02,2025-07-06 23:40:02,2025-07-06
1471,m47M7mY5NP,MOOSPMv3Parser,1751845800,4,4,3,5,5,3,3,6,6,3,819,248,1040,33,22,1,22,22,0,0,22,0,41,43,14,15,25.738,7,1,36.139,-120.368332,179.483002,5,600,58,3,e00fce6876826e255108c6bd,2025-07-06 23:50:02,2025-07-06 23:50:02,2025-07-06 23:50:02,2025-07-06
1,U2nPVtWWta,MOOSPMv3Parser,1751846400,4,4,3,5,5,3,3,6,6,3,824,252,1058,33,21,2,21,21,0,0,21,0,40,42,14,15,26.351,5,1,36.139,-120.368332,179.488998,0,600,58,3,e00fce6876826e255108c6bd,2025-07-07 00:00:02,2025-07-07 00:00:02,2025-07-07 00:00:02,2025-07-07
23,LZYvittdUG,MOOSPMv3Parser,1751847600,4,4,3,5,5,3,3,6,6,3,797,245,1096,35,21,3,21,21,0,0,21,0,40,41,14,15,28.704,3,1,36.139004,-120.368202,188.298004,6,600,58,3,e00fce6876826e255108c6bd,2025-07-07 00:20:02,2025-07-07 00:20:02,2025-07-07 00:20:02,2025-07-07
33,vpLdnyFzH2,MOOSPMv3Parser,1751848200,4,4,3,5,5,3,3,6,6,3,779,237,1115,34,23,2,23,23,0,0,23,0,40,41,14,16,28.182,2,2,36.139057,-120.368256,191.253998,6,600,58,3,e00fce6876826e255108c6bd,2025-07-07 00:30:02,2025-07-07 00:30:02,2025-07-07 00:30:02,2025-07-07
47,JIdYMYiHrK,MOOSPMv3Parser,1751848800,3,3,3,5,5,3,3,5,5,3,764,230,1134,32,22,2,22,22,0,0,22,0,40,40,14,16,28.501,2,2,36.139042,-120.368332,166.457001,5,600,58,3,e00fce6876826e255108c6bd,2025-07-07 00:40:02,2025-07-07 00:40:02,2025-07-07 00:40:02,2025-07-07
58,sVosDqECNo,MOOSPMv3Parser,1751849400,4,4,3,5,5,3,3,5,5,3,768,236,1153,32,22,1,22,22,0,0,22,0,40,40,14,16,28.693,2,2,36.139023,-120.368355,197.160004,7,600,58,3,e00fce6876826e255108c6bd,2025-07-07 00:50:02,2025-07-07 00:50:03,2025-07-07 00:50:03,2025-07-07
70,WqOMOG0fiG,MOOSPMv3Parser,1751850000,3,3,3,5,5,3,3,5,5,3,760,231,1172,34,22,1,22,22,0,0,22,0,39,39,14,16,29.191,2,2,36.139,-120.368469,167.628006,5,600,58,3,e00fce6876826e255108c6bd,2025-07-07 01:00:02,2025-07-07 01:00:03,2025-07-07 01:00:03,2025-07-07
78,EXqz56O2H7,MOOSPMv3Parser,1751850600,4,4,3,5,5,3,3,6,6,3,764,233,1191,37,22,2,22,22,0,0,22,0,39,39,15,17,29.271,2,3,36.139027,-120.368431,160.908005,5,600,58,3,e00fce6876826e255108c6bd,2025-07-07 01:10:02,2025-07-07 01:10:02,2025-07-07 01:10:02,2025-07-07
88,luxAjTVmyI,MOOSPMv3Parser,1751851200,4,4,3,6,6,3,3,6,6,3,885,269,1213,39,25,1,25,25,0,0,25,0,39,39,15,17,29.076,2,3,36.139042,-120.368431,177.179001,5,600,58,3,e00fce6876826e255108c6bd,2025-07-07 01:20:02,2025-07-07 01:20:02,2025-07-07 01:20:02,2025-07-07
100,COieG54IL1,MOOSPMv3Parser,1751851800,5,5,3,6,6,4,4,7,7,4,939,286,1237,42,27,2,27,27,0,0,27,0,38,38,15,17,29.424,2,4,36.139053,-120.368416,180.563004,5,600,58,3,e00fce6876826e255108c6bd,2025-07-07 01:30:02,2025-07-07 01:30:02,2025-07-07 01:30:02,2025-07-07
112,eoLnbW3aFP,MOOSPMv3Parser,1751852400,5,5,4,7,7,4,4,8,8,4,1016,312,1261,45,28,3,28,28,0,0,28,0,38,38,16,18,29.586,3,4,36.139004,-120.36837,194.25,6,600,58,3,e00fce6876826e255108c6bd,2025-07-07 01:40:02,2025-07-07 01:40:02,2025-07-07 01:40:02,2025-07-07
124,LZUFDwYk9C,MOOSPMv3Parser,1751853000,5,5,4,8,8,4,4,8,8,4,1075,331,1289,45,32,2,32,32,0,0,32,0,38,37,16,18,28.901,3,4,36.139004,-120.36837,194.244995,0,600,58,3,e00fce6876826e255108c6bd,2025-07-07 01:50:02,2025-07-07 01:50:02,2025-07-07 01:50:02,2025-07-07
133,GJgakBeW35,MOOSPMv3Parser,1751853600,5,5,4,8,8,4,4,8,8,4,1081,332,1315,51,30,2,30,30,0,0,30,0,37,37,16,18,30.089,3,5,36.139,-120.368378,168.955994,6,600,58,3,e00fce6876826e255108c6bd,2025-07-07 02:00:02,2025-07-07 02:00:02,2025-07-07 02:00:02,2025-07-07
144,OTFMMA71Vw,MOOSPMv3Parser,1751854200,5,5,4,8,8,4,4,8,8,4,1065,324,1342,53,31,2,31,31,0,0,31,0,37,37,17,19,28.937,4,5,36.138939,-120.368393,194.766006,5,600,58,3,e00fce6876826e255108c6bd,2025-07-07 02:10:02,2025-07-07 02:10:02,2025-07-07 02:10:02,2025-07-07
156,9MMZnBt4Vz,MOOSPMv3Parser,1751854800,5,5,4,8,8,4,4,8,8,4,1033,319,1367,47,30,3,30,30,0,0,30,0,36,36,17,19,28.752,5,5,36.139053,-120.368279,178.520004,6,600,58,3,e00fce6876826e255108c6bd,2025-07-07 02:20:02,2025-07-07 02:20:02,2025-07-07 02:20:02,2025-07-07
166,Gho8vWKEEM,MOOSPMv3Parser,1751855400,5,5,4,7,7,4,4,7,7,4,938,287,1392,42,28,2,28,28,0,0,28,0,36,36,18,20,28.298,5,6,36.139019,-120.368423,179.996002,6,600,58,3,e00fce6876826e255108c6bd,2025-07-07 02:30:02,2025-07-07 02:30:02,2025-07-07 02:30:02,2025-07-07
177,4KWFxC67h7,MOOSPMv3Parser,1751856000,4,4,4,6,6,4,4,7,7,4,896,274,1417,40,29,2,29,29,0,0,29,0,35,35,19,21,28.851,6,6,36.139,-120.368317,171.731995,5,600,58,3,e00fce6876826e255108c6bd,2025-07-07 02:40:02,2025-07-07 02:40:02,2025-07-07 02:40:02,2025-07-07
190,yKhXY47hGo,MOOSPMv3Parser,1751856600,4,4,4,7,7,4,4,7,7,4,939,289,1442,44,29,3,29,29,0,0,29,0,34,35,20,22,28.895,7,6,36.139034,-120.368294,188.067001,6,600,58,3,e00fce6876826e255108c6bd,2025-07-07 02:50:02,2025-07-07 02:50:03,2025-07-07 02:50:03,2025-07-07
200,GKCep6Iot9,MOOSPMv3Parser,1751857200,6,6,4,8,8,5,5,8,8,5,1080,333,1472,48,34,2,34,34,0,0,34,0,34,34,21,23,28.788,8,7,36.139034,-120.368301,185.889008,7,600,58,3,e00fce6876826e255108c6bd,2025-07-07 03:00:02,2025-07-07 03:00:03,2025-07-07 03:00:03,2025-07-07
211,OjnODQnbfQ,MOOSPMv3Parser,1751857800,7,7,5,9,9,5,5,10,10,5,1248,384,1506,57,39,3,39,39,0,0,39,0,33,34,22,24,27.178,11,7,36.138958,-120.368385,188.399002,7,600,58,3,e00fce6876826e255108c6bd,2025-07-07 03:10:02,2025-07-07 03:10:02,2025-07-07 03:10:02,2025-07-07
221,7LWB6nm0oG,MOOSPMv3Parser,1751858400,7,7,5,10,10,6,6,11,11,6,1270,389,1542,66,42,5,42,42,0,0,42,0,32,33,22,24,27.246,20,6,36.139,-120.368095,189.412994,6,600,58,3,e00fce6876826e255108c6bd,2025-07-07 03:20:02,2025-07-07 03:20:02,2025-07-07 03:20:02,2025-07-07
236,iYzaIA7OWk,MOOSPMv3Parser,1751859000,6,6,5,9,9,5,5,10,10,5,1229,377,1576,55,39,3,39,39,0,0,39,0,32,32,23,25,27.457,14,7,36.138897,-120.368385,160.654999,7,600,58,3,e00fce6876826e255108c6bd,2025-07-07 03:30:03,2025-07-07 03:30:03,2025-07-07 03:30:03,2025-07-07
248,9FQTFVMy4l,MOOSPMv3Parser,1751859600,6,6,5,8,8,5,5,9,9,5,1123,344,1607,49,35,2,36,36,0,0,36,0,32,32,24,25,26.882,39,6,36.138897,-120.368385,160.653,0,600,58,3,e00fce6876826e255108c6bd,2025-07-07 03:40:03,2025-07-07 03:40:03,2025-07-07 03:40:03,2025-07-07
259,KUyl0RE4sH,MOOSPMv3Parser,1751860200,4,4,4,7,7,4,4,7,7,4,945,292,1634,49,30,2,31,31,0,0,31,0,31,31,24,26,25.683,38,5,36.138828,-120.368401,175.367996,5,600,58,3,e00fce6876826e255108c6bd,2025-07-07 03:50:03,2025-07-07 03:50:03,2025-07-07 03:50:03,2025-07-07
266,OeCY9i1cIW,MOOSPMv3Parser,1751860800,4,4,4,6,6,4,4,7,7,4,874,271,1659,44,29,3,29,29,0,0,29,0,31,31,26,27,25.114,57,5,36.138912,-120.368439,176.110001,6,600,58,3,e00fce6876826e255108c6bd,2025-07-07 04:00:02,2025-07-07 04:00:03,2025-07-07 04:00:03,2025-07-07
285,lSHywBAlEL,MOOSPMv3Parser,1751861400,5,5,4,7,7,4,4,8,8,4,1001,307,1688,48,33,3,33,33,0,0,33,0,30,30,26,28,21.297,119,4,36.13895,-120.368126,184.151001,7,600,58,3,e00fce6876826e255108c6bd,2025-07-07 04:10:07,2025-07-07 04:10:07,2025-07-07 04:10:07,2025-07-07
293,AD1GuBizhl,MOOSPMv3Parser,1751862000,6,6,5,9,9,5,5,10,10,5,1140,352,1719,58,36,5,36,36,0,0,36,0,29,30,27,29,21.418,165,3,36.139034,-120.368446,165.759003,7,600,58,3,e00fce6876826e255108c6bd,2025-07-07 04:20:03,2025-07-07 04:20:03,2025-07-07 04:20:03,2025-07-07
307,qvDFFdOW3z,MOOSPMv3Parser,1751862600,6,6,5,9,9,5,5,10,10,5,1138,353,1754,61,39,4,39,39,0,0,39,0,29,29,28,29,21.452,100,3,36.139072,-120.36837,159.580002,7,600,58,3,e00fce6876826e255108c6bd,2025-07-07 04:30:07,2025-07-07 04:30:07,2025-07-07 04:30:07,2025-07-07
313,gIkXsYGpLh,MOOSPMv3Parser,1751863200,6,6,5,8,8,5,5,9,9,5,1150,353,1787,55,39,3,39,39,0,0,39,0,29,29,27,29,22.499,87,3,36.139099,-120.368065,195.453995,6,600,58,3,e00fce6876826e255108c6bd,2025-07-07 04:40:02,2025-07-07 04:40:03,2025-07-07 04:40:03,2025-07-07
323,A1NBgozPKU,MOOSPMv3Parser,1751863800,6,6,5,9,9,5,5,9,9,5,1152,357,1822,56,40,3,40,40,0,0,40,0,28,28,27,29,22.98,65,3,36.139011,-120.368362,171.440994,8,600,58,3,e00fce6876826e255108c6bd,2025-07-07 04:50:03,2025-07-07 04:50:03,2025-07-07 04:50:03,2025-07-07
334,m9pGZqSemv,MOOSPMv3Parser,1751864400,5,5,5,8,8,5,5,9,9,5,1080,333,1854,56,37,3,37,37,0,0,37,0,28,28,27,29,23.808,36,3,36.138996,-120.368263,178.307007,7,600,58,3,e00fce6876826e255108c6bd,2025-07-07 05:00:02,2025-07-07 05:00:03,2025-07-07 05:00:03,2025-07-07
345,E0woIYNjmv,MOOSPMv3Parser,1751865000,5,5,4,7,7,4,4,8,8,4,981,304,1884,45,34,3,34,34,0,0,34,0,28,28,27,29,22.544,78,4,36.139023,-120.368507,150.158997,7,600,58,3,e00fce6876826e255108c6bd,2025-07-07 05:10:03,2025-07-07 05:10:03,2025-07-07 05:10:03,2025-07-07
356,6M9KGagTT7,MOOSPMv3Parser,1751865600,4,4,4,7,7,4,4,8,8,4,903,278,1911,50,32,3,32,32,0,0,32,0,28,27,27,30,23.793,66,4,36.139084,-120.368279,182.957001,7,600,58,3,e00fce6876826e255108c6bd,2025-07-07 05:20:02,2025-07-07 05:20:03,2025-07-07 05:20:03,2025-07-07
367,oqx2GvMsw8,MOOSPMv3Parser,1751866200,4,4,4,7,7,4,4,7,7,4,908,280,1938,46,31,3,31,31,0,0,31,0,28,27,27,30,23.681,49,4,36.139084,-120.368279,182.953995,0,600,58,3,e00fce6876826e255108c6bd,2025-07-07 05:30:03,2025-07-07 05:30:03,2025-07-07 05:30:03,2025-07-07
381,h9SIkoxd30,MOOSPMv3Parser,1751866800,5,5,5,7,7,5,5,8,8,5,938,291,1969,49,36,4,36,36,0,0,36,0,28,27,27,30,22.301,78,4,36.139011,-120.36837,179.714996,12,600,58,3,e00fce6876826e255108c6bd,2025-07-07 05:40:03,2025-07-07 05:40:03,2025-07-07 05:40:03,2025-07-07
395,O6qwmXW40e,MOOSPMv3Parser,1751867400,4,4,4,7,7,4,4,7,7,4,929,287,1998,47,32,2,32,32,0,0,32,0,27,27,26,29,22.874,60,4,36.138962,-120.368317,177.274994,8,600,58,3,e00fce6876826e255108c6bd,2025-07-07 05:50:07,2025-07-07 05:50:07,2025-07-07 05:50:07,2025-07-07
406,BUn1xbFEHy,MOOSPMv3Parser,1751868001,5,5,4,7,7,4,4,8,8,4,977,302,2023,48,34,3,34,34,0,0,34,0,27,27,28,31,21.598,101,3,36.139015,-120.368309,165.460999,8,601,58,3,e00fce6876826e255108c6bd,2025-07-07 06:00:07,2025-07-07 06:00:07,2025-07-07 06:00:07,2025-07-07
417,IlrKCX5hdF,MOOSPMv3Parser,1751868601,5,5,5,8,8,5,5,9,9,5,1015,312,2058,50,36,4,36,36,0,0,36,0,27,26,29,31,20.564,178,3,36.13903,-120.368301,180.483994,9,600,58,3,e00fce6876826e255108c6bd,2025-07-07 06:10:04,2025-07-07 06:10:04,2025-07-07 06:10:04,2025-07-07
426,orWwW57nfL,MOOSPMv3Parser,1751869201,6,6,5,8,8,5,5,9,9,5,1088,335,2090,54,36,3,37,37,0,0,37,0,26,26,29,31,22.318,96,3,36.139042,-120.36834,173.936005,9,600,58,3,e00fce6876826e255108c6bd,2025-07-07 06:20:03,2025-07-07 06:20:03,2025-07-07 06:20:03,2025-07-07
437,sQ9NgoGRiG,MOOSPMv3Parser,1751869801,6,6,5,8,8,5,5,9,9,5,1085,335,2123,54,39,3,39,39,0,0,39,0,26,26,29,32,22.4,70,3,36.139126,-120.368416,176.033997,8,600,58,3,e00fce6876826e255108c6bd,2025-07-07 06:30:03,2025-07-07 06:30:03,2025-07-07 06:30:03,2025-07-07
448,o40Rdt0Ird,MOOSPMv3Parser,1751870401,5,5,5,8,8,5,5,9,9,5,1070,328,2156,54,38,3,38,38,0,0,38,0,26,25,28,32,22.264,55,3,36.139,-120.368378,176.0,8,600,58,3,e00fce6876826e255108c6bd,2025-07-07 06:40:03,2025-07-07 06:40:03,2025-07-07 06:40:03,2025-07-07
459,GfcDiXDusA,MOOSPMv3Parser,1751871001,6,6,5,9,9,5,5,9,9,5,1112,344,2190,56,39,4,39,39,0,0,39,0,26,25,29,32,21.292,108,3,36.139019,-120.368355,170.013,9,600,58,3,e00fce6876826e255108c6bd,2025-07-07 06:50:03,2025-07-07 06:50:03,2025-07-07 06:50:03,2025-07-07
469,NdTdaDgGNG,MOOSPMv3Parser,1751871601,13,11,9,18,15,9,9,20,18,9,2232,687,2249,107,68,9,68,68,0,0,68,0,25,25,30,32,18.415,296,3,36.139023,-120.368431,159.274994,7,600,58,3,e00fce6876826e255108c6bd,2025-07-07 07:00:03,2025-07-07 07:00:03,2025-07-07 07:00:03,2025-07-07
482,g8dHtRtWmE,MOOSPMv3Parser,1751872201,8,8,6,11,11,7,7,12,12,7,1442,442,2292,72,50,4,50,50,0,0,50,0,25,25,32,34,18.56,425,2,36.139027,-120.368454,175.973007,7,600,58,3,e00fce6876826e255108c6bd,2025-07-07 07:10:03,2025-07-07 07:10:04,2025-07-07 07:10:04,2025-07-07
493,hrTTvqfP9Z,MOOSPMv3Parser,1751872801,6,6,5,9,9,5,5,9,9,5,1170,358,2326,52,39,4,39,39,0,0,39,0,25,24,32,34,16.762,476,1,36.139027,-120.368454,175.975998,0,600,58,3,e00fce6876826e255108c6bd,2025-07-07 07:20:04,2025-07-07 07:20:04,2025-07-07 07:20:04,2025-07-07
505,FzgJio3DaZ,MOOSPMv3Parser,1751873401,6,6,5,8,8,5,5,9,9,5,1116,341,2358,54,37,4,37,37,0,0,37,0,24,24,32,34,17.329,470,1,36.13905,-120.368378,163.238007,7,600,58,3,e00fce6876826e255108c6bd,2025-07-07 07:30:03,2025-07-07 07:30:04,2025-07-07 07:30:04,2025-07-07
513,LXUyP0B8G2,MOOSPMv3Parser,1751874001,40,28,40,64,46,41,41,68,50,41,6531,2038,2628,421,309,35,311,311,0,0,311,0,24,24,32,34,15.581,491,1,36.139069,-120.368393,166.964005,8,600,58,3,e00fce6876826e255108c6bd,2025-07-07 07:40:04,2025-07-07 07:40:04,2025-07-07 07:40:04,2025-07-07
524,3SiPdHUMC1,MOOSPMv3Parser,1751874601,5,5,5,8,8,5,5,10,10,5,1045,320,2659,57,35,5,36,36,0,0,36,0,24,24,32,34,16.811,493,1,36.139042,-120.368423,160.798996,8,600,58,3,e00fce6876826e255108c6bd,2025-07-07 07:50:03,2025-07-07 07:50:04,2025-07-07 07:50:04,2025-07-07
534,Mbi0nOuGMq,MOOSPMv3Parser,1751875201,5,5,4,7,7,4,4,8,8,4,933,285,2687,49,32,4,33,33,0,0,33,0,24,23,32,35,19.209,474,1,36.138985,-120.368408,169.716003,8,600,58,3,e00fce6876826e255108c6bd,2025-07-07 08:00:03,2025-07-07 08:00:04,2025-07-07 08:00:04,2025-07-07
543,CiaXOA58SL,MOOSPMv3Parser,1751875801,5,5,4,7,7,5,5,8,8,5,927,287,2716,48,34,4,34,34,0,0,34,0,23,23,34,36,17.683,477,1,36.13905,-120.368355,156.505005,7,600,58,3,e00fce6876826e255108c6bd,2025-07-07 08:10:03,2025-07-07 08:10:04,2025-07-07 08:10:04,2025-07-07
554,pAbOsCJX76,MOOSPMv3Parser,1751876401,5,5,4,7,7,4,4,8,8,4,939,290,2745,46,33,3,33,33,0,0,33,0,23,23,33,35,17.81,483,1,36.138924,-120.3685,157.171997,5,600,58,3,e00fce6876826e255108c6bd,2025-07-07 08:20:04,2025-07-07 08:20:04,2025-07-07 08:20:04,2025-07-07
564,1CHqK8VRx1,MOOSPMv3Parser,1751877001,4,4,4,7,7,4,4,8,8,4,907,280,2773,47,32,4,32,32,0,0,32,0,23,23,32,34,19.124,454,1,36.139114,-120.368149,190.343002,7,600,58,3,e00fce6876826e255108c6bd,2025-07-07 08:30:03,2025-07-07 08:30:03,2025-07-07 08:30:03,2025-07-07
575,AIyr6JTg96,MOOSPMv3Parser,1751877601,5,5,4,8,8,4,4,8,8,4,1021,315,2802,47,34,4,34,34,0,0,34,0,23,22,32,35,20.98,397,1,36.138966,-120.368309,179.822006,6,600,58,3,e00fce6876826e255108c6bd,2025-07-07 08:40:04,2025-07-07 08:40:04,2025-07-07 08:40:04,2025-07-07
583,nbQa4ROkz7,MOOSPMv3Parser,1751878201,5,5,4,8,8,5,5,8,8,5,1025,317,2832,51,34,3,35,35,0,0,35,0,23,22,31,35,20.733,340,1,36.139057,-120.368286,186.369995,7,600,58,3,e00fce6876826e255108c6bd,2025-07-07 08:50:03,2025-07-07 08:50:03,2025-07-07 08:50:03,2025-07-07
595,jku1THtVa8,MOOSPMv3Parser,1751878801,5,5,4,8,8,5,5,8,8,5,1042,320,2862,49,35,3,35,35,0,0,35,0,23,22,31,34,22.088,200,2,36.139008,-120.368256,169.764999,6,600,58,3,e00fce6876826e255108c6bd,2025-07-07 09:00:04,2025-07-07 09:00:04,2025-07-07 09:00:04,2025-07-07
604,xHq8VUjBpq,MOOSPMv3Parser,1751879401,5,5,4,8,8,5,5,9,9,5,1032,319,2892,53,34,4,34,34,0,0,34,0,23,22,32,35,21.362,88,2,36.139008,-120.368256,169.766998,0,600,58,3,e00fce6876826e255108c6bd,2025-07-07 09:10:04,2025-07-07 09:10:04,2025-07-07 09:10:04,2025-07-07
615,BAk9xQ5MKo,MOOSPMv3Parser,1751880001,5,5,4,8,8,5,5,9,9,5,1030,317,2922,52,34,4,34,34,0,0,34,0,23,22,31,34,20.498,116,3,36.13903,-120.368263,175.091995,6,600,58,3,e00fce6876826e255108c6bd,2025-07-07 09:20:04,2025-07-07 09:20:04,2025-07-07 09:20:04,2025-07-07
622,jHRh1Mk9cN,MOOSPMv3Parser,1751880601,5,5,4,8,8,5,5,9,9,5,1021,313,2951,50,34,4,34,34,0,0,34,0,22,22,32,34,20.3,161,2,36.139034,-120.368271,169.380005,7,600,58,3,e00fce6876826e255108c6bd,2025-07-07 09:30:03,2025-07-07 09:30:03,2025-07-07 09:30:03,2025-07-07
1035,ZCgOMlWzrU,MOOSPMv3Parser,1751908201,3,3,104,5,5,808,1390,5,5,1676,742,230,0,24,126,2,814,960,0,0,992,2,35,40,21,19,0.0,4,1,0.0,0.0,0.0,0,30,58,3,e00fce6876826e255108c6bd,2025-07-07 17:10:02,2025-07-07 17:10:03,2025-07-07 17:10:03,2025-07-07
1053,NhDMcxBfXi,MOOSPMv3Parser,1751908801,3,3,127,5,5,791,1339,5,5,1608,748,228,71,34,349,1,997,1134,0,0,1164,2,36,40,21,20,15.529,40,2,36.139011,-120.368362,183.647003,7,600,58,3,e00fce6876826e255108c6bd,2025-07-07 17:20:04,2025-07-07 17:20:04,2025-07-07 17:20:04,2025-07-07
1059,E8o6KTNbFq,MOOSPMv3Parser,1751909401,3,3,77,5,5,80,81,6,6,81,768,232,593,37,599,3,602,602,0,0,602,0,37,41,20,19,19.282,83,5,36.139053,-120.368263,199.360001,7,600,58,3,e00fce6876826e255108c6bd,2025-07-07 17:30:03,2025-07-07 17:30:03,2025-07-07 17:30:03,2025-07-07
1069,NWDpB9aALv,MOOSPMv3Parser,1751910001,3,3,3,5,5,3,3,5,5,3,742,225,611,34,21,2,22,22,0,0,22,0,37,42,18,17,21.489,80,4,36.138996,-120.368279,175.919006,6,600,58,3,e00fce6876826e255108c6bd,2025-07-07 17:40:02,2025-07-07 17:40:03,2025-07-07 17:40:03,2025-07-07
1080,EuNF83IkXp,MOOSPMv3Parser,1751910601,3,3,3,4,4,3,3,5,5,3,678,204,629,31,20,2,20,20,0,0,20,0,38,42,17,17,22.636,96,2,36.138912,-120.368408,152.987,7,600,58,3,e00fce6876826e255108c6bd,2025-07-07 17:50:03,2025-07-07 17:50:03,2025-07-07 17:50:03,2025-07-07
1093,baOZnaiTOJ,MOOSPMv3Parser,1751911201,3,3,2,4,4,2,2,5,5,2,685,208,645,30,18,1,18,18,0,0,18,0,38,42,17,16,23.783,69,2,36.139027,-120.368355,172.695007,6,600,58,3,e00fce6876826e255108c6bd,2025-07-07 18:00:03,2025-07-07 18:00:03,2025-07-07 18:00:03,2025-07-07
1101,N9gPVDOjLa,MOOSPMv3Parser,1751911801,2,2,2,4,4,3,3,4,4,3,635,190,661,27,19,2,19,19,0,0,19,0,38,43,18,17,25.08,71,1,36.138943,-120.368317,165.511002,6,600,58,3,e00fce6876826e255108c6bd,2025-07-07 18:10:03,2025-07-07 18:10:03,2025-07-07 18:10:03,2025-07-07
1113,ALxRq9v4pV,MOOSPMv3Parser,1751912401,3,3,2,4,4,2,2,4,4,2,672,200,677,28,18,2,18,18,0,0,18,0,38,43,19,18,23.892,171,1,36.139076,-120.368401,183.621002,6,600,58,3,e00fce6876826e255108c6bd,2025-07-07 18:20:03,2025-07-07 18:20:03,2025-07-07 18:20:03,2025-07-07
1125,qbcXhWrF9w,MOOSPMv3Parser,1751913001,3,3,2,5,5,2,2,5,5,2,714,215,693,34,19,3,19,19,0,0,19,0,38,43,19,18,23.982,234,1,36.139008,-120.368378,174.854996,7,600,58,3,e00fce6876826e255108c6bd,2025-07-07 18:30:03,2025-07-07 18:30:03,2025-07-07 18:30:03,2025-07-07
1136,za2WkZnDBW,MOOSPMv3Parser,1751913601,3,3,2,4,4,2,2,5,5,2,690,207,709,28,18,1,18,18,0,0,18,0,39,43,18,17,22.999,315,1,36.139042,-120.368347,172.498001,5,600,58,3,e00fce6876826e255108c6bd,2025-07-07 18:40:03,2025-07-07 18:40:03,2025-07-07 18:40:03,2025-07-07
1147,UpIdCXEB3I,MOOSPMv3Parser,1751914201,3,3,2,4,4,2,2,5,5,2,678,202,725,31,18,3,18,18,0,0,18,0,40,44,17,17,23.241,212,1,36.138988,-120.368362,184.578003,7,600,58,3,e00fce6876826e255108c6bd,2025-07-07 18:50:03,2025-07-07 18:50:03,2025-07-07 18:50:03,2025-07-07
1162,RSKFzON70m,MOOSPMv3Parser,1751914801,3,3,2,4,4,2,2,5,5,2,699,208,740,29,18,2,18,18,0,0,18,0,40,44,17,17,23.232,197,1,36.138988,-120.368362,184.576004,0,600,58,3,e00fce6876826e255108c6bd,2025-07-07 19:00:04,2025-07-07 19:00:04,2025-07-07 19:00:04,2025-07-07
1168,gLIUSkBlgx,MOOSPMv3Parser,1751915401,3,3,2,5,5,2,2,5,5,2,689,207,756,34,18,3,18,18,0,0,18,0,40,44,16,16,24.589,107,1,36.139046,-120.368355,185.570007,7,600,58,3,e00fce6876826e255108c6bd,2025-07-07 19:10:03,2025-07-07 19:10:03,2025-07-07 19:10:03,2025-07-07
1181,jAVYMJCpKP,MOOSPMv3Parser,1751916001,3,3,2,5,5,2,2,5,5,2,720,216,772,31,18,1,18,18,0,0,18,0,40,45,16,16,23.894,150,1,36.138985,-120.368385,205.123001,8,600,58,3,e00fce6876826e255108c6bd,2025-07-07 19:20:03,2025-07-07 19:20:03,2025-07-07 19:20:03,2025-07-07
1191,bCB5Pw5a2k,MOOSPMv3Parser,1751916601,3,3,2,5,5,2,2,5,5,2,746,222,787,32,18,3,18,18,0,0,18,0,40,45,17,16,25.136,142,1,36.139107,-120.368401,168.979004,7,600,58,3,e00fce6876826e255108c6bd,2025-07-07 19:30:03,2025-07-07 19:30:03,2025-07-07 19:30:03,2025-07-07
1203,9mqWL96qAM,MOOSPMv3Parser,1751917201,3,3,2,5,5,3,3,5,5,3,739,221,804,29,19,1,19,19,0,0,19,0,40,45,16,16,24.644,148,1,36.139107,-120.368286,174.014008,7,600,58,3,e00fce6876826e255108c6bd,2025-07-07 19:40:03,2025-07-07 19:40:03,2025-07-07 19:40:03,2025-07-07
1214,QkF5SWDPlj,MOOSPMv3Parser,1751917801,3,3,2,5,5,3,3,5,5,3,730,215,820,29,19,2,19,19,0,0,19,0,41,45,16,16,24.155,134,1,36.139053,-120.368408,172.440002,7,600,58,3,e00fce6876826e255108c6bd,2025-07-07 19:50:03,2025-07-07 19:50:03,2025-07-07 19:50:03,2025-07-07
1228,caJzBSFnmi,MOOSPMv3Parser,1751918401,3,3,2,5,5,3,3,6,6,3,734,220,837,32,19,3,19,19,0,0,19,0,42,45,16,16,22.814,295,1,36.139027,-120.368408,177.513,7,600,58,3,e00fce6876826e255108c6bd,2025-07-07 20:00:03,2025-07-07 20:00:04,2025-07-07 20:00:04,2025-07-07
1234,tI5s38i7M5,MOOSPMv3Parser,1751919001,3,3,2,5,5,3,3,5,5,3,741,219,854,30,19,1,19,19,0,0,19,0,42,46,15,15,24.371,268,1,36.139023,-120.368225,175.085007,8,600,58,3,e00fce6876826e255108c6bd,2025-07-07 20:10:03,2025-07-07 20:10:03,2025-07-07 20:10:03,2025-07-07
1246,4U1JVpSB26,MOOSPMv3Parser,1751919601,3,3,2,5,5,3,3,5,5,3,777,231,870,34,19,2,19,19,0,0,19,0,41,46,16,16,24.745,270,1,36.139061,-120.368324,184.462006,7,600,58,3,e00fce6876826e255108c6bd,2025-07-07 20:20:03,2025-07-07 20:20:03,2025-07-07 20:20:03,2025-07-07
1257,HYX2Dgp2fs,MOOSPMv3Parser,1751920201,3,3,2,5,5,3,3,5,5,3,766,227,887,31,19,2,20,20,0,0,20,0,42,46,15,15,24.507,264,1,36.138916,-120.368324,187.179001,6,600,58,3,e00fce6876826e255108c6bd,2025-07-07 20:30:03,2025-07-07 20:30:03,2025-07-07 20:30:03,2025-07-07
1268,D6kfYHdLDB,MOOSPMv3Parser,1751920801,3,3,2,5,5,3,3,5,5,3,791,231,903,31,19,2,19,19,0,0,19,0,42,46,14,14,24.038,319,1,36.139027,-120.368118,192.270996,6,600,58,3,e00fce6876826e255108c6bd,2025-07-07 20:40:03,2025-07-07 20:40:03,2025-07-07 20:40:03,2025-07-07
1280,11HptADqKt,MOOSPMv3Parser,1751921401,3,3,3,5,5,3,3,5,5,3,750,222,921,31,20,2,20,20,0,0,20,0,41,46,15,15,26.037,248,1,36.139027,-120.368118,192.276001,0,600,58,3,e00fce6876826e255108c6bd,2025-07-07 20:50:03,2025-07-07 20:50:03,2025-07-07 20:50:03,2025-07-07
1294,9hbL5pJMDX,MOOSPMv3Parser,1751922001,3,3,2,4,4,2,2,5,5,2,694,205,937,30,18,2,18,18,0,0,18,0,42,46,12,13,24.465,233,1,36.139057,-120.368309,169.507996,5,600,58,3,e00fce6876826e255108c6bd,2025-07-07 21:00:03,2025-07-07 21:00:04,2025-07-07 21:00:04,2025-07-07
1302,J17zQXXE2l,MOOSPMv3Parser,1751922601,3,3,2,4,4,2,2,5,5,2,688,205,953,30,19,1,19,19,0,0,19,0,42,46,13,13,26.021,94,1,36.139011,-120.368408,164.720001,6,600,58,3,e00fce6876826e255108c6bd,2025-07-07 21:10:03,2025-07-07 21:10:03,2025-07-07 21:10:03,2025-07-07
1317,hL3BlvqsFQ,MOOSPMv3Parser,1751923201,3,3,2,4,4,2,2,5,5,2,684,202,969,31,18,2,18,18,0,0,18,0,42,46,13,13,27.402,59,1,36.139004,-120.368385,176.569,8,600,58,3,e00fce6876826e255108c6bd,2025-07-07 21:20:19,2025-07-07 21:20:19,2025-07-07 21:20:19,2025-07-07
1325,XtFV6iRVJG,MOOSPMv3Parser,1751923801,3,3,2,4,4,2,2,5,5,2,710,209,985,30,18,2,18,18,0,0,18,0,42,45,12,13,78.982,29,1,36.138924,-120.368263,190.819,7,600,58,3,e00fce6876826e255108c6bd,2025-07-07 21:30:03,2025-07-07 21:30:04,2025-07-07 21:30:04,2025-07-07
1339,aoNu8oMHUL,MOOSPMv3Parser,1751924401,3,3,2,4,4,2,2,5,5,2,680,200,1001,31,18,2,18,18,0,0,18,0,41,45,12,12,265.753,10,1,36.139004,-120.368317,182.186005,8,600,58,3,e00fce6876826e255108c6bd,2025-07-07 21:40:07,2025-07-07 21:40:08,2025-07-07 21:40:08,2025-07-07
1346,CnmsMB64Mz,MOOSPMv3Parser,1751925001,3,3,2,4,4,3,3,5,5,3,713,209,1018,31,19,2,19,19,0,0,19,0,41,45,12,13,352.814,8,1,36.13908,-120.368408,164.496002,7,600,58,3,e00fce6876826e255108c6bd,2025-07-07 21:50:03,2025-07-07 21:50:03,2025-07-07 21:50:03,2025-07-07
1358,3g4dsitlLp,MOOSPMv3Parser,1751925601,3,3,2,4,4,2,2,4,4,2,638,192,1033,29,18,2,18,18,0,0,18,0,41,45,12,13,27.914,10,1,36.139126,-120.368324,174.990997,7,600,58,3,e00fce6876826e255108c6bd,2025-07-07 22:00:03,2025-07-07 22:00:04,2025-07-07 22:00:04,2025-07-07
1372,8iFDqKHL6b,MOOSPMv3Parser,1751926201,2,2,2,4,4,2,2,4,4,2,618,180,1049,27,18,2,18,18,0,0,18,0,41,45,12,12,395.249,8,1,36.139061,-120.368301,184.449005,5,600,58,3,e00fce6876826e255108c6bd,2025-07-07 22:10:07,2025-07-07 22:10:07,2025-07-07 22:10:07,2025-07-07
1379,MWaHb9tABG,MOOSPMv3Parser,1751926801,2,2,2,3,3,2,2,4,4,2,585,171,1064,27,17,1,17,17,0,0,17,0,41,44,11,12,514.297,4,1,36.138969,-120.368385,196.798004,5,600,58,3,e00fce6876826e255108c6bd,2025-07-07 22:20:03,2025-07-07 22:20:03,2025-07-07 22:20:03,2025-07-07
1390,1JNJA2dS4x,MOOSPMv3Parser,1751927401,2,2,2,3,3,2,2,3,3,2,538,158,1078,24,16,1,16,16,0,0,16,0,41,44,10,10,514.499,2,1,36.138973,-120.368301,174.449005,5,600,58,3,e00fce6876826e255108c6bd,2025-07-07 22:30:03,2025-07-07 22:30:04,2025-07-07 22:30:04,2025-07-07
1405,F34HZsntZX,MOOSPMv3Parser,1751928001,2,2,2,3,3,2,2,3,3,2,490,144,1090,23,14,1,15,15,0,0,15,0,41,43,10,10,514.415,1,1,36.138973,-120.368301,174.447006,0,600,58,3,e00fce6876826e255108c6bd,2025-07-07 22:40:07,2025-07-07 22:40:07,2025-07-07 22:40:07,2025-07-07
1416,zhlIPiBQIt,MOOSPMv3Parser,1751928601,1,1,2,2,2,2,2,3,3,2,444,132,1104,22,16,2,16,16,0,0,16,0,41,43,8,9,514.478,1,1,36.139027,-120.368439,162.917999,6,600,58,3,e00fce6876826e255108c6bd,2025-07-07 22:50:04,2025-07-07 22:50:04,2025-07-07 22:50:04,2025-07-07
1427,O7Lm6z5xMA,MOOSPMv3Parser,1751929201,1,1,2,2,2,2,2,2,2,2,350,103,1115,19,13,1,13,13,0,0,13,0,40,43,8,9,514.463,1,1,36.13895,-120.368294,184.072998,6,600,58,3,e00fce6876826e255108c6bd,2025-07-07 23:00:09,2025-07-07 23:00:09,2025-07-07 23:00:09,2025-07-07
1433,6BMEpPQWeF,MOOSPMv3Parser,1751929801,1,1,1,1,1,2,2,1,1,2,310,93,1127,16,12,1,12,12,0,0,12,0,40,42,8,9,514.53,1,2,36.139004,-120.36821,200.653,7,599,58,3,e00fce6876826e255108c6bd,2025-07-07 23:10:03,2025-07-07 23:10:03,2025-07-07 23:10:03,2025-07-07
1448,mQMTwHcOHP,MOOSPMv3Parser,1751930401,0,0,1,1,1,1,1,1,1,1,261,77,1136,13,10,1,10,10,0,0,10,0,40,42,7,8,514.61,1,2,36.139,-120.368347,195.479004,6,599,58,3,e00fce6876826e255108c6bd,2025-07-07 23:20:04,2025-07-07 23:20:04,2025-07-07 23:20:04,2025-07-07
1460,EUKBx19uIp,MOOSPMv3Parser,1751931001,0,0,1,1,1,1,1,1,1,1,243,73,1144,13,9,1,9,9,0,0,9,0,40,42,7,8,514.616,1,2,36.138954,-120.36834,181.772995,5,599,58,3,e00fce6876826e255108c6bd,2025-07-07 23:30:04,2025-07-07 23:30:04,2025-07-07 23:30:04,2025-07-07
1467,E7sxQbaCKo,MOOSPMv3Parser,1751931601,1,1,1,1,1,1,1,1,1,1,280,84,1153,13,10,1,10,10,0,0,10,0,40,41,8,9,514.572,1,2,36.139034,-120.368439,168.776001,5,599,58,3,e00fce6876826e255108c6bd,2025-07-07 23:40:03,2025-07-07 23:40:03,2025-07-07 23:40:03,2025-07-07
1482,GOKS2heHPG,MOOSPMv3Parser,1751932201,1,1,1,2,2,1,1,2,2,1,344,104,1163,19,11,1,11,11,0,0,11,0,40,41,8,10,514.702,2,2,36.139023,-120.368378,173.098007,6,599,58,3,e00fce6876826e255108c6bd,2025-07-07 23:50:08,2025-07-07 23:50:09,2025-07-07 23:50:09,2025-07-07
7,P6nWbsesl3,MOOSPMv3Parser,1751932801,1,1,2,2,2,2,2,2,2,2,431,130,1174,18,13,1,13,13,0,0,13,0,40,41,9,10,514.827,2,2,36.139103,-120.368538,144.910995,6,599,58,3,e00fce6876826e255108c6bd,2025-07-08 00:00:03,2025-07-08 00:00:03,2025-07-08 00:00:03,2025-07-08
21,4HC40N8e06,MOOSPMv3Parser,1751933401,2,2,2,3,3,2,2,3,3,2,483,146,1186,26,13,1,13,13,0,0,13,0,40,40,9,11,514.747,3,3,36.139004,-120.368355,170.619003,5,599,58,3,e00fce6876826e255108c6bd,2025-07-08 00:10:08,2025-07-08 00:10:08,2025-07-08 00:10:08,2025-07-08
28,6lfzCowiG7,MOOSPMv3Parser,1751934001,3,3,2,4,4,2,2,4,4,2,633,190,1199,34,18,1,18,18,0,0,18,0,40,40,11,13,514.696,5,3,36.139004,-120.368355,170.617996,0,600,58,3,e00fce6876826e255108c6bd,2025-07-08 00:20:03,2025-07-08 00:20:03,2025-07-08 00:20:03,2025-07-08
43,6xDVR7hxLB,MOOSPMv3Parser,1751934601,4,4,3,6,6,3,3,6,6,3,772,237,1220,37,22,2,22,22,0,0,22,0,40,40,12,14,514.749,7,3,36.13903,-120.368423,167.701004,5,599,58,3,e00fce6876826e255108c6bd,2025-07-08 00:30:08,2025-07-08 00:30:08,2025-07-08 00:30:08,2025-07-08
54,vVEJ9QLifO,MOOSPMv3Parser,1751935201,4,4,3,5,5,3,3,6,6,3,814,247,1241,37,24,2,24,24,0,0,24,0,39,39,12,14,514.818,8,3,36.139091,-120.368385,186.391006,5,599,58,3,e00fce6876826e255108c6bd,2025-07-08 00:40:09,2025-07-08 00:40:09,2025-07-08 00:40:09,2025-07-08
64,taVcS0IeVS,MOOSPMv3Parser,1751935801,4,4,3,6,6,3,3,6,6,3,843,257,1262,38,24,3,24,24,0,0,24,0,39,39,13,15,289.278,10,3,36.139038,-120.368393,180.220993,6,599,58,3,e00fce6876826e255108c6bd,2025-07-08 00:50:03,2025-07-08 00:50:04,2025-07-08 00:50:04,2025-07-08
74,teNQIv7Lu5,MOOSPMv3Parser,1751936401,4,4,3,6,6,3,3,6,6,3,839,256,1282,38,23,2,24,24,0,0,24,0,39,38,13,15,130.382,9,4,36.139019,-120.368362,186.628998,5,599,58,3,e00fce6876826e255108c6bd,2025-07-08 01:00:03,2025-07-08 01:00:04,2025-07-08 01:00:04,2025-07-08
88,gS4maZLC6K,MOOSPMv3Parser,1751937001,5,5,3,6,6,4,4,7,7,4,934,283,1306,41,27,2,27,27,0,0,27,0,38,38,14,16,28.575,11,4,36.13908,-120.368347,164.884003,8,599,58,3,e00fce6876826e255108c6bd,2025-07-08 01:10:21,2025-07-08 01:10:21,2025-07-08 01:10:21,2025-07-08
96,ryAnlOXKX9,MOOSPMv3Parser,1751937601,5,5,3,7,7,4,4,8,8,4,982,302,1329,48,27,3,27,27,0,0,27,0,37,37,15,17,28.4,11,4,36.139019,-120.368362,182.283997,7,599,58,3,e00fce6876826e255108c6bd,2025-07-08 01:20:03,2025-07-08 01:20:03,2025-07-08 01:20:03,2025-07-08
110,bJjmmlNSAS,MOOSPMv3Parser,1751938201,5,5,3,7,7,4,4,8,8,4,1005,310,1352,47,26,2,27,27,0,0,27,0,37,37,16,18,29.076,11,5,36.139053,-120.368454,163.225998,8,599,58,3,e00fce6876826e255108c6bd,2025-07-08 01:30:04,2025-07-08 01:30:04,2025-07-08 01:30:04,2025-07-08
119,ViKi4trsy2,MOOSPMv3Parser,1751938801,4,4,3,6,6,3,3,6,6,3,877,265,1373,35,24,2,24,24,0,0,24,0,36,36,16,18,81.272,9,5,36.139027,-120.368332,183.727997,6,599,58,3,e00fce6876826e255108c6bd,2025-07-08 01:40:04,2025-07-08 01:40:04,2025-07-08 01:40:04,2025-07-08
129,q0TT5r585Y,MOOSPMv3Parser,1751939401,4,4,3,6,6,3,3,6,6,3,835,255,1392,38,22,2,22,22,0,0,22,0,36,36,16,18,28.779,9,6,36.138977,-120.368141,206.526993,6,599,58,3,e00fce6876826e255108c6bd,2025-07-08 01:50:04,2025-07-08 01:50:04,2025-07-08 01:50:04,2025-07-08
140,C20ZZFzJWU,MOOSPMv3Parser,1751940001,4,4,3,5,5,3,3,6,6,3,777,236,1410,35,21,2,21,21,0,0,21,0,35,35,16,18,29.266,8,6,36.139019,-120.368279,177.682999,6,599,58,3,e00fce6876826e255108c6bd,2025-07-08 02:00:03,2025-07-08 02:00:03,2025-07-08 02:00:03,2025-07-08
149,qDMqZ8VV0n,MOOSPMv3Parser,1751940601,3,3,3,5,5,3,3,5,5,3,759,231,1426,32,20,2,21,21,0,0,21,0,35,35,16,18,29.778,7,8,36.139019,-120.368279,177.684998,0,600,58,3,e00fce6876826e255108c6bd,2025-07-08 02:10:03,2025-07-08 02:10:03,2025-07-08 02:10:03,2025-07-08
162,W8Crld1lYx,MOOSPMv3Parser,1751941201,3,3,3,5,5,3,3,5,5,3,719,220,1446,33,20,3,21,21,0,0,21,0,35,34,15,17,28.89,8,8,36.139019,-120.368248,171.798004,6,599,58,3,e00fce6876826e255108c6bd,2025-07-08 02:20:04,2025-07-08 02:20:04,2025-07-08 02:20:04,2025-07-08
171,oDNOpYFLik,MOOSPMv3Parser,1751941801,3,3,2,4,4,3,3,4,4,3,641,196,1462,26,19,1,19,19,0,0,19,0,34,34,15,17,28.847,8,9,36.138969,-120.368332,180.925995,5,599,58,3,e00fce6876826e255108c6bd,2025-07-08 02:30:03,2025-07-08 02:30:03,2025-07-08 02:30:03,2025-07-08
185,3zHAGCBM1x,MOOSPMv3Parser,1751942401,3,3,2,4,4,2,2,4,4,2,600,185,1478,26,18,1,18,18,0,0,18,0,33,33,16,18,29.281,7,10,36.139027,-120.368423,184.429993,5,599,58,3,e00fce6876826e255108c6bd,2025-07-08 02:40:03,2025-07-08 02:40:03,2025-07-08 02:40:03,2025-07-08
198,rfwJjGrfu5,MOOSPMv3Parser,1751943001,2,2,2,4,4,2,2,4,4,2,613,188,1494,28,19,2,19,19,0,0,19,0,33,33,17,18,28.573,8,11,36.139004,-120.368324,170.641998,6,599,58,3,e00fce6876826e255108c6bd,2025-07-08 02:50:08,2025-07-08 02:50:08,2025-07-08 02:50:08,2025-07-08
207,DyXNXDk6iI,MOOSPMv3Parser,1751943601,3,3,3,4,4,3,3,5,5,3,653,200,1511,31,20,1,20,20,0,0,20,0,32,32,17,19,28.395,9,12,36.139091,-120.368286,202.973007,6,599,58,3,e00fce6876826e255108c6bd,2025-07-08 03:00:03,2025-07-08 03:00:04,2025-07-08 03:00:04,2025-07-08
218,5LdXofoVbE,MOOSPMv3Parser,1751944201,3,3,2,4,4,3,3,4,4,3,628,191,1528,30,19,2,19,19,0,0,19,0,32,32,17,19,27.639,10,13,36.139053,-120.368271,186.884995,5,599,58,3,e00fce6876826e255108c6bd,2025-07-08 03:10:04,2025-07-08 03:10:04,2025-07-08 03:10:04,2025-07-08
231,S5cFK5DnVd,MOOSPMv3Parser,1751944801,2,2,3,4,4,3,3,5,5,3,600,186,1545,30,20,3,20,20,0,0,20,0,31,31,17,19,29.663,9,13,36.13903,-120.36834,153.115005,7,599,58,3,e00fce6876826e255108c6bd,2025-07-08 03:20:08,2025-07-08 03:20:08,2025-07-08 03:20:08,2025-07-08
241,dz0WUyonfw,MOOSPMv3Parser,1751945401,3,3,2,4,4,2,2,4,4,2,613,188,1560,28,17,1,17,17,0,0,17,0,31,31,16,18,81.965,8,18,36.139023,-120.36837,162.231995,7,599,58,3,e00fce6876826e255108c6bd,2025-07-08 03:30:04,2025-07-08 03:30:04,2025-07-08 03:30:04,2025-07-08
248,kticFgogzR,MOOSPMv3Parser,1751946001,2,2,2,4,4,3,3,4,4,3,582,179,1577,30,19,2,19,19,0,0,19,0,31,31,16,18,29.862,9,22,36.138977,-120.368317,169.828003,7,599,58,3,e00fce6876826e255108c6bd,2025-07-08 03:40:03,2025-07-08 03:40:03,2025-07-08 03:40:03,2025-07-08
264,ElPVfCnpO6,MOOSPMv3Parser,1751946601,2,2,2,3,3,2,2,3,3,2,494,153,1589,24,17,1,17,17,0,0,17,0,30,30,16,18,30.178,9,22,36.138977,-120.368317,169.830002,0,600,58,3,e00fce6876826e255108c6bd,2025-07-08 03:50:08,2025-07-08 03:50:08,2025-07-08 03:50:08,2025-07-08
274,1ZeG9NvgBt,MOOSPMv3Parser,1751947201,3,3,4,5,5,4,4,6,6,4,603,186,1617,38,28,5,29,29,0,0,29,0,30,30,16,18,29.406,10,24,36.139038,-120.368385,174.496002,6,599,58,3,e00fce6876826e255108c6bd,2025-07-08 04:00:04,2025-07-08 04:00:04,2025-07-08 04:00:04,2025-07-08
285,Qb1WKLQhGl,MOOSPMv3Parser,1751947801,2,2,2,3,3,2,2,4,4,2,507,156,1632,27,17,2,17,17,0,0,17,0,30,29,16,18,29.394,11,24,36.138954,-120.36837,196.781006,6,599,58,3,e00fce6876826e255108c6bd,2025-07-08 04:10:04,2025-07-08 04:10:04,2025-07-08 04:10:04,2025-07-08
294,q9wqUfeFfY,MOOSPMv3Parser,1751948401,1,1,2,2,2,2,2,3,3,2,406,125,1645,19,15,1,15,15,0,0,15,0,29,29,19,21,27.944,12,24,36.139015,-120.368385,179.048996,6,599,58,3,e00fce6876826e255108c6bd,2025-07-08 04:20:03,2025-07-08 04:20:04,2025-07-08 04:20:04,2025-07-08
305,Sze9UN3PQ0,MOOSPMv3Parser,1751949001,1,1,2,2,2,2,2,2,2,2,381,116,1657,19,14,2,14,14,0,0,14,0,29,29,18,20,27.012,17,21,36.138996,-120.368317,183.729996,6,599,58,3,e00fce6876826e255108c6bd,2025-07-08 04:30:04,2025-07-08 04:30:04,2025-07-08 04:30:04,2025-07-08
318,cUD9xS1RKj,MOOSPMv3Parser,1751949601,1,1,2,2,2,2,2,2,2,2,386,118,1668,19,13,1,13,13,0,0,13,0,28,28,19,21,23.42,58,14,36.139004,-120.368324,164.063995,6,599,58,3,e00fce6876826e255108c6bd,2025-07-08 04:40:04,2025-07-08 04:40:04,2025-07-08 04:40:04,2025-07-08
329,ZKofyzymUS,MOOSPMv3Parser,1751950201,1,1,2,2,2,2,2,2,2,2,369,112,1680,18,13,1,13,13,0,0,13,0,27,28,20,22,24.672,75,8,36.139061,-120.368217,194.227997,6,599,58,3,e00fce6876826e255108c6bd,2025-07-08 04:50:04,2025-07-08 04:50:04,2025-07-08 04:50:04,2025-07-08
341,GIXkvAtve4,MOOSPMv3Parser,1751950801,1,1,2,2,2,2,2,2,2,2,359,108,1692,21,14,2,14,14,0,0,14,0,27,27,23,25,25.138,30,11,36.139072,-120.368248,187.054001,5,599,58,3,e00fce6876826e255108c6bd,2025-07-08 05:00:09,2025-07-08 05:00:09,2025-07-08 05:00:09,2025-07-08
352,6jansDx9XL,MOOSPMv3Parser,1751951401,1,1,2,2,2,2,2,2,2,2,331,103,1703,19,14,2,14,14,0,0,14,0,27,27,21,23,25.882,29,11,36.138943,-120.36834,181.356003,6,599,58,3,e00fce6876826e255108c6bd,2025-07-08 05:10:04,2025-07-08 05:10:04,2025-07-08 05:10:04,2025-07-08
360,jjMW5GfWWR,MOOSPMv3Parser,1751952001,2,2,3,3,3,3,3,4,4,3,493,153,1724,29,24,2,24,24,0,0,24,0,26,26,21,23,24.024,61,10,36.139,-120.368233,175.787994,6,599,58,3,e00fce6876826e255108c6bd,2025-07-08 05:20:03,2025-07-08 05:20:03,2025-07-08 05:20:03,2025-07-08
370,8nkwcG7sdf,MOOSPMv3Parser,1751952600,1,1,2,2,2,2,2,2,2,2,340,103,1737,19,14,2,14,14,0,0,14,0,26,26,24,26,24.185,65,8,36.139099,-120.368095,196.578003,6,599,58,3,e00fce6876826e255108c6bd,2025-07-08 05:30:03,2025-07-08 05:30:03,2025-07-08 05:30:03,2025-07-08
383,9KWgTNJIZ3,MOOSPMv3Parser,1751953201,1,1,2,2,2,2,2,2,2,2,295,90,1745,17,12,1,12,12,0,0,12,0,26,26,23,25,22.789,57,8,36.139099,-120.368095,196.576004,0,600,58,3,e00fce6876826e255108c6bd,2025-07-08 05:40:04,2025-07-08 05:40:04,2025-07-08 05:40:04,2025-07-08
395,X6VUvsfMGZ,MOOSPMv3Parser,1751953801,0,0,2,1,1,2,2,2,2,2,286,89,1758,17,12,2,12,12,0,0,12,0,25,25,24,26,20.36,145,6,36.139034,-120.368279,185.154007,6,599,58,3,e00fce6876826e255108c6bd,2025-07-08 05:50:04,2025-07-08 05:50:04,2025-07-08 05:50:04,2025-07-08
405,Dnx2iT3p7d,MOOSPMv3Parser,1751954401,1,1,1,1,1,1,1,1,1,1,250,77,1767,14,10,1,10,10,0,0,10,0,25,25,25,27,22.039,84,5,36.139011,-120.36805,206.552994,6,599,58,3,e00fce6876826e255108c6bd,2025-07-08 06:00:04,2025-07-08 06:00:04,2025-07-08 06:00:04,2025-07-08
418,GF3dOt3K5e,MOOSPMv3Parser,1751955001,0,0,2,1,1,2,2,1,1,2,247,75,1778,15,12,1,12,12,0,0,12,0,25,25,24,27,23.315,61,5,36.139015,-120.368317,181.184998,6,599,58,3,e00fce6876826e255108c6bd,2025-07-08 06:10:09,2025-07-08 06:10:09,2025-07-08 06:10:09,2025-07-08
428,ynJRvYuFCB,MOOSPMv3Parser,1751955601,0,0,1,1,1,1,1,1,1,1,209,64,1786,13,10,1,10,10,0,0,10,0,25,25,24,27,24.58,34,7,36.139004,-120.368378,176.059006,6,599,58,3,e00fce6876826e255108c6bd,2025-07-08 06:20:04,2025-07-08 06:20:04,2025-07-08 06:20:04,2025-07-08
438,cVFhJdveBq,MOOSPMv3Parser,1751956201,0,0,1,1,1,1,1,1,1,1,217,66,1794,12,9,1,9,9,0,0,9,0,25,24,24,27,24.993,24,10,36.139,-120.368446,185.408005,6,599,58,3,e00fce6876826e255108c6bd,2025-07-08 06:30:04,2025-07-08 06:30:04,2025-07-08 06:30:04,2025-07-08
451,qRlwNCLoqL,MOOSPMv3Parser,1751956801,0,0,1,1,1,1,1,1,1,1,218,66,1802,12,10,1,10,10,0,0,10,0,25,24,23,26,24.941,29,11,36.139015,-120.368454,158.376007,6,599,58,3,e00fce6876826e255108c6bd,2025-07-08 06:40:05,2025-07-08 06:40:05,2025-07-08 06:40:05,2025-07-08
460,VqOVjO0rjd,MOOSPMv3Parser,1751957401,0,0,2,1,1,2,2,1,1,2,226,69,1813,16,12,2,12,12,0,0,12,0,26,24,24,27,26.254,23,12,36.139,-120.368408,168.852005,6,599,58,3,e00fce6876826e255108c6bd,2025-07-08 06:50:04,2025-07-08 06:50:04,2025-07-08 06:50:04,2025-07-08
473,4Z3IcENwMj,MOOSPMv3Parser,1751958001,0,0,1,1,1,1,1,1,1,1,202,62,1820,10,9,1,9,9,0,0,9,0,26,24,22,25,25.592,25,14,36.139,-120.368378,147.854996,5,599,58,3,e00fce6876826e255108c6bd,2025-07-08 07:00:07,2025-07-08 07:00:07,2025-07-08 07:00:07,2025-07-08
484,UQSx8hfUVA,MOOSPMv3Parser,1751958601,0,0,1,0,0,1,1,1,1,1,189,58,1828,10,9,1,9,9,0,0,9,0,26,25,23,27,26.195,23,16,36.138985,-120.368362,185.494995,7,599,58,3,e00fce6876826e255108c6bd,2025-07-08 07:10:09,2025-07-08 07:10:09,2025-07-08 07:10:09,2025-07-08
489,B4GaQ21iWR,MOOSPMv3Parser,1751959200,0,0,1,1,1,1,1,1,1,1,198,61,1835,12,8,1,8,8,0,0,8,0,25,24,24,27,23.993,52,13,36.139,-120.368317,178.054001,7,599,58,3,e00fce6876826e255108c6bd,2025-07-08 07:20:03,2025-07-08 07:20:03,2025-07-08 07:20:03,2025-07-08
501,MVbGmCRrAJ,MOOSPMv3Parser,1751959801,0,0,1,1,1,1,1,1,1,1,197,59,1839,12,9,1,9,9,0,0,9,0,25,24,24,27,22.934,75,9,36.139,-120.368317,178.054993,0,600,58,3,e00fce6876826e255108c6bd,2025-07-08 07:30:03,2025-07-08 07:30:04,2025-07-08 07:30:04,2025-07-08
513,JI0qlzFRVh,MOOSPMv3Parser,1751960401,0,0,1,1,1,1,1,1,1,1,220,68,1850,13,9,1,9,9,0,0,9,0,24,24,23,25,22.941,96,8,36.138947,-120.36837,173.442993,7,599,58,3,e00fce6876826e255108c6bd,2025-07-08 07:40:03,2025-07-08 07:40:04,2025-07-08 07:40:04,2025-07-08
523,Hyn61XnpBq,MOOSPMv3Parser,1751961001,0,0,1,1,1,1,1,1,1,1,205,63,1858,13,9,1,9,9,0,0,9,0,24,23,25,28,22.307,107,7,36.138966,-120.368248,193.358994,9,599,58,3,e00fce6876826e255108c6bd,2025-07-08 07:50:03,2025-07-08 07:50:03,2025-07-08 07:50:03,2025-07-08
535,l0XthCdK1c,MOOSPMv3Parser,1751961601,0,0,1,1,1,1,1,1,1,1,209,64,1866,13,9,1,9,9,0,0,9,0,23,23,29,31,21.482,138,6,36.138981,-120.36834,173.065994,6,599,58,3,e00fce6876826e255108c6bd,2025-07-08 08:00:04,2025-07-08 08:00:04,2025-07-08 08:00:04,2025-07-08
545,5CHGLlFBOs,MOOSPMv3Parser,1751962201,0,0,1,1,1,1,1,1,1,1,211,65,1874,12,9,1,10,10,0,0,10,0,23,23,31,33,21.588,91,5,36.139004,-120.368324,166.787994,6,599,58,3,e00fce6876826e255108c6bd,2025-07-08 08:10:04,2025-07-08 08:10:04,2025-07-08 08:10:04,2025-07-08
556,F3NdiCST5y,MOOSPMv3Parser,1751962801,0,0,1,1,1,1,1,1,1,1,219,67,1882,12,10,1,10,10,0,0,10,0,22,22,26,29,19.926,148,5,36.139023,-120.368332,168.091003,6,599,58,3,e00fce6876826e255108c6bd,2025-07-08 08:20:04,2025-07-08 08:20:04,2025-07-08 08:20:04,2025-07-08
562,lUkOwUMNUn,MOOSPMv3Parser,1751963401,0,0,1,1,1,1,1,1,1,1,238,73,1891,14,9,1,10,10,0,0,10,0,22,22,25,27,21.942,99,4,36.139038,-120.368301,179.011002,6,599,58,3,e00fce6876826e255108c6bd,2025-07-08 08:30:03,2025-07-08 08:30:04,2025-07-08 08:30:04,2025-07-08
574,t7XIVq5OAS,MOOSPMv3Parser,1751964001,0,0,1,1,1,1,1,1,1,1,218,66,1899,11,9,0,10,10,0,0,10,0,22,22,26,28,21.273,165,4,36.138973,-120.368393,167.263,6,599,58,3,e00fce6876826e255108c6bd,2025-07-08 08:40:03,2025-07-08 08:40:03,2025-07-08 08:40:03,2025-07-08
1041,46hL5cOvwE,MOOSPMv3Parser,1751995200,1,1,117,2,2,807,1377,3,3,1657,432,132,0,22,246,2,920,1062,0,0,1094,2,33,37,26,23,13.749,39,2,36.139027,-120.368355,178.360992,8,559,58,3,e00fce6876826e255108c6bd,2025-07-08 17:20:03,2025-07-08 17:20:03,2025-07-08 17:20:03,2025-07-08
1047,LrkPtCKLek,MOOSPMv3Parser,1751995800,1,1,99,2,2,131,153,3,3,163,423,127,618,19,752,2,781,786,0,0,788,0,34,38,23,22,17.552,76,4,36.139065,-120.368385,175.589005,6,600,58,3,e00fce6876826e255108c6bd,2025-07-08 17:30:02,2025-07-08 17:30:02,2025-07-08 17:30:02,2025-07-08
1062,jGJHdHpumR,MOOSPMv3Parser,1751996400,1,1,2,2,2,2,2,2,2,2,369,111,629,18,13,1,13,13,0,0,13,0,35,39,20,19,20.814,71,4,36.139034,-120.368332,199.897003,7,600,58,3,e00fce6876826e255108c6bd,2025-07-08 17:40:02,2025-07-08 17:40:03,2025-07-08 17:40:03,2025-07-08
1071,oRjkwmhOEa,MOOSPMv3Parser,1751997000,1,1,2,2,2,2,2,2,2,2,341,102,639,18,12,2,12,12,0,0,12,0,35,39,20,19,21.513,109,3,36.13905,-120.36834,180.514008,7,600,58,3,e00fce6876826e255108c6bd,2025-07-08 17:50:02,2025-07-08 17:50:02,2025-07-08 17:50:02,2025-07-08
1090,pMzwQSIiFm,MOOSPMv3Parser,1751997600,1,1,2,2,2,3,3,3,3,3,380,115,654,23,18,3,18,18,0,0,18,0,35,40,18,17,21.405,108,2,36.139004,-120.368309,159.753006,7,600,58,3,e00fce6876826e255108c6bd,2025-07-08 18:00:08,2025-07-08 18:00:09,2025-07-08 18:00:09,2025-07-08
1093,EY1PDS3faY,MOOSPMv3Parser,1751998200,0,0,1,1,1,1,1,1,1,1,281,84,662,14,9,1,9,9,0,0,9,0,36,40,18,17,21.504,39,1,36.13905,-120.368332,179.942001,7,600,58,3,e00fce6876826e255108c6bd,2025-07-08 18:10:02,2025-07-08 18:10:02,2025-07-08 18:10:02,2025-07-08
1103,IMwBXfsOt2,MOOSPMv3Parser,1751998800,1,1,1,2,2,1,1,2,2,1,308,94,671,16,10,2,10,10,0,0,10,0,36,41,19,18,22.011,28,1,36.138901,-120.368431,164.804993,6,600,58,3,e00fce6876826e255108c6bd,2025-07-08 18:20:02,2025-07-08 18:20:02,2025-07-08 18:20:02,2025-07-08
1117,h2XHdyNGF1,MOOSPMv3Parser,1751999400,1,1,1,1,1,2,2,2,2,2,334,99,681,15,12,1,12,12,0,0,12,0,37,41,19,18,21.694,52,1,36.138828,-120.368408,179.460999,7,600,58,3,e00fce6876826e255108c6bd,2025-07-08 18:30:03,2025-07-08 18:30:03,2025-07-08 18:30:03,2025-07-08
1125,dUkOIkgUHF,MOOSPMv3Parser,1752000000,1,1,2,3,3,2,2,3,3,2,433,130,693,24,14,3,14,14,0,0,14,0,37,41,20,19,21.93,113,1,36.138828,-120.368408,179.460999,0,600,58,3,e00fce6876826e255108c6bd,2025-07-08 18:40:02,2025-07-08 18:40:03,2025-07-08 18:40:03,2025-07-08
1137,HPEL646A4y,MOOSPMv3Parser,1752000600,1,1,2,2,2,2,2,3,3,2,418,127,705,24,15,2,15,15,0,0,15,0,37,42,20,18,22.809,58,1,36.139057,-120.368301,173.365005,5,600,58,3,e00fce6876826e255108c6bd,2025-07-08 18:50:02,2025-07-08 18:50:03,2025-07-08 18:50:03,2025-07-08
1149,HExu7J7Ulq,MOOSPMv3Parser,1752001200,1,1,2,2,2,2,2,2,2,2,416,122,716,21,12,1,12,12,0,0,12,0,37,42,19,18,22.631,30,1,36.139023,-120.368378,184.397003,5,600,58,3,e00fce6876826e255108c6bd,2025-07-08 19:00:02,2025-07-08 19:00:03,2025-07-08 19:00:03,2025-07-08
1159,skvBOo4gRz,MOOSPMv3Parser,1752001800,1,1,2,2,2,2,2,2,2,2,406,121,727,18,13,1,13,13,0,0,13,0,38,42,19,18,21.819,63,1,36.139065,-120.368362,179.820007,6,600,58,3,e00fce6876826e255108c6bd,2025-07-08 19:10:02,2025-07-08 19:10:03,2025-07-08 19:10:03,2025-07-08
1172,uVzgNQL02E,MOOSPMv3Parser,1752002400,2,2,2,3,3,2,2,3,3,2,472,144,738,22,13,1,13,13,0,0,13,0,38,42,18,18,22.062,40,1,36.139004,-120.368385,175.585999,6,600,58,3,e00fce6876826e255108c6bd,2025-07-08 19:20:03,2025-07-08 19:20:03,2025-07-08 19:20:03,2025-07-08
1182,EuvRtpFb6E,MOOSPMv3Parser,1752003000,2,2,2,3,3,2,2,4,4,2,541,163,752,24,16,2,16,16,0,0,16,0,38,42,17,17,23.307,21,1,36.139114,-120.368324,155.585007,5,600,58,3,e00fce6876826e255108c6bd,2025-07-08 19:30:02,2025-07-08 19:30:02,2025-07-08 19:30:02,2025-07-08
1194,vnwyo8y7Hp,MOOSPMv3Parser,1752003600,2,2,2,3,3,2,2,4,4,2,539,164,765,23,16,2,16,16,0,0,16,0,38,42,18,17,23.861,7,1,36.139,-120.36834,199.016006,6,600,58,3,e00fce6876826e255108c6bd,2025-07-08 19:40:02,2025-07-08 19:40:03,2025-07-08 19:40:03,2025-07-08
1203,Eo1TSMzXTU,MOOSPMv3Parser,1752004200,2,2,2,4,4,2,2,4,4,2,582,176,779,26,16,1,16,16,0,0,16,0,39,43,18,18,23.617,18,1,36.139179,-120.368446,164.091003,6,600,58,3,e00fce6876826e255108c6bd,2025-07-08 19:50:03,2025-07-08 19:50:03,2025-07-08 19:50:03,2025-07-08
1213,URuy566sbw,MOOSPMv3Parser,1752004800,2,2,2,4,4,2,2,4,4,2,585,177,793,27,16,1,16,16,0,0,16,0,39,43,18,17,23.397,13,1,36.139103,-120.368225,196.703995,6,600,58,3,e00fce6876826e255108c6bd,2025-07-08 20:00:02,2025-07-08 20:00:02,2025-07-08 20:00:02,2025-07-08
1226,QuxFBkE90L,MOOSPMv3Parser,1752005400,3,3,2,4,4,2,2,4,4,2,614,188,807,31,16,2,16,16,0,0,16,0,39,43,18,17,23.668,13,1,36.13905,-120.368362,197.804001,6,600,58,3,e00fce6876826e255108c6bd,2025-07-08 20:10:03,2025-07-08 20:10:03,2025-07-08 20:10:03,2025-07-08
1238,noKGaQWVMB,MOOSPMv3Parser,1752006000,2,2,2,4,4,2,2,4,4,2,576,171,821,27,17,3,17,17,0,0,17,0,40,43,18,17,24.309,5,1,36.13905,-120.368362,197.807999,0,600,58,3,e00fce6876826e255108c6bd,2025-07-08 20:20:03,2025-07-08 20:20:03,2025-07-08 20:20:03,2025-07-08
1247,bxUEevBXEi,MOOSPMv3Parser,1752006600,2,2,2,4,4,2,2,4,4,2,623,187,837,29,17,1,17,17,0,0,17,0,40,44,17,17,24.092,20,1,36.139225,-120.368233,203.485992,5,600,58,3,e00fce6876826e255108c6bd,2025-07-08 20:30:03,2025-07-08 20:30:03,2025-07-08 20:30:03,2025-07-08
1259,DR20RskM1u,MOOSPMv3Parser,1752007200,3,3,2,4,4,2,2,4,4,2,647,193,851,29,17,1,17,17,0,0,17,0,40,44,17,17,23.307,28,1,36.139088,-120.368187,200.936996,6,600,58,3,e00fce6876826e255108c6bd,2025-07-08 20:40:02,2025-07-08 20:40:03,2025-07-08 20:40:03,2025-07-08
1270,BNPbuQ4sZn,MOOSPMv3Parser,1752007800,3,3,2,4,4,2,2,4,4,2,639,193,866,29,17,1,17,17,0,0,17,0,41,44,16,16,24.22,33,1,36.138962,-120.368271,187.656998,5,600,58,3,e00fce6876826e255108c6bd,2025-07-08 20:50:02,2025-07-08 20:50:03,2025-07-08 20:50:03,2025-07-08
1282,vcmWEd4NqQ,MOOSPMv3Parser,1752008400,3,3,2,4,4,2,2,5,5,2,679,203,881,28,18,1,18,18,0,0,18,0,41,44,16,16,23.717,40,1,36.139027,-120.368294,197.222,5,600,58,3,e00fce6876826e255108c6bd,2025-07-08 21:00:03,2025-07-08 21:00:03,2025-07-08 21:00:03,2025-07-08
1291,r3OGEHygZ1,MOOSPMv3Parser,1752009000,3,3,2,4,4,2,2,4,4,2,662,199,896,27,17,2,17,17,0,0,17,0,40,44,16,16,25.079,21,1,36.139027,-120.368195,204.311005,6,600,58,3,e00fce6876826e255108c6bd,2025-07-08 21:10:03,2025-07-08 21:10:03,2025-07-08 21:10:03,2025-07-08
1303,oSvVU8SUBY,MOOSPMv3Parser,1752009600,3,3,2,4,4,2,2,4,4,2,657,193,910,29,16,2,16,16,0,0,16,0,41,45,15,15,24.361,41,1,36.13903,-120.368423,169.548996,6,600,58,3,e00fce6876826e255108c6bd,2025-07-08 21:20:02,2025-07-08 21:20:03,2025-07-08 21:20:03,2025-07-08
1315,VIZSnTLpzB,MOOSPMv3Parser,1752010200,3,3,2,4,4,2,2,4,4,2,624,186,924,27,16,2,16,16,0,0,16,0,41,45,16,16,24.464,44,1,36.139069,-120.36824,182.5,6,600,58,3,e00fce6876826e255108c6bd,2025-07-08 21:30:03,2025-07-08 21:30:03,2025-07-08 21:30:03,2025-07-08
1326,HCxCP2Ejpn,MOOSPMv3Parser,1752010800,1,1,1,2,2,1,1,3,3,1,439,128,933,22,11,1,11,11,0,0,11,0,41,45,11,11,25.242,39,1,36.138992,-120.368118,214.985001,6,600,58,3,e00fce6876826e255108c6bd,2025-07-08 21:40:03,2025-07-08 21:40:03,2025-07-08 21:40:03,2025-07-08
1339,LhWfF8i3kP,MOOSPMv3Parser,1752011400,1,1,1,1,1,1,1,1,1,1,341,97,941,14,9,0,9,9,0,0,9,0,41,45,11,11,27.459,5,1,36.139027,-120.368385,178.223999,6,600,58,3,e00fce6876826e255108c6bd,2025-07-08 21:50:03,2025-07-08 21:50:03,2025-07-08 21:50:03,2025-07-08
1348,oEhqnnUeqB,MOOSPMv3Parser,1752012000,1,1,1,1,1,1,1,1,1,1,350,100,949,14,9,0,9,9,0,0,9,0,42,45,10,11,26.453,4,1,36.138981,-120.368416,188.766006,7,600,58,3,e00fce6876826e255108c6bd,2025-07-08 22:00:02,2025-07-08 22:00:03,2025-07-08 22:00:03,2025-07-08
1359,TImHJNdEZk,MOOSPMv3Parser,1752012600,1,1,1,2,2,1,1,2,2,1,353,102,957,15,9,1,9,9,0,0,9,0,42,45,10,11,334.76,3,1,36.138981,-120.368416,188.764008,0,600,58,3,e00fce6876826e255108c6bd,2025-07-08 22:10:03,2025-07-08 22:10:03,2025-07-08 22:10:03,2025-07-08
1373,uv4HVXTuLT,MOOSPMv3Parser,1752013200,1,1,1,1,1,1,1,1,1,1,315,89,964,13,8,1,8,8,0,0,8,0,42,45,10,10,78.848,6,1,36.138943,-120.368385,193.718994,5,600,58,3,e00fce6876826e255108c6bd,2025-07-08 22:20:03,2025-07-08 22:20:03,2025-07-08 22:20:03,2025-07-08
1381,c08qouxjjp,MOOSPMv3Parser,1752013800,1,1,1,1,1,1,1,1,1,1,290,80,970,10,7,0,8,8,0,0,8,0,42,45,10,10,26.432,8,1,36.139008,-120.368401,168.401993,7,600,58,3,e00fce6876826e255108c6bd,2025-07-08 22:30:03,2025-07-08 22:30:03,2025-07-08 22:30:03,2025-07-08
1391,PKV1V0zhYS,MOOSPMv3Parser,1752014400,1,1,1,1,1,1,1,1,1,1,286,79,977,13,8,1,8,8,0,0,8,0,42,45,9,10,283.748,7,1,36.139034,-120.368362,173.526001,6,600,58,3,e00fce6876826e255108c6bd,2025-07-08 22:40:02,2025-07-08 22:40:03,2025-07-08 22:40:03,2025-07-08
1409,a3AxwPRTDV,MOOSPMv3Parser,1752015000,0,0,1,1,1,1,1,1,1,1,280,79,984,13,7,1,7,7,0,0,7,0,42,45,9,10,384.96,5,1,36.138817,-120.368286,195.516006,7,600,58,3,e00fce6876826e255108c6bd,2025-07-08 22:50:07,2025-07-08 22:50:07,2025-07-08 22:50:07,2025-07-08
1420,fl2ZbdOTaF,MOOSPMv3Parser,1752015600,0,0,1,1,1,1,1,1,1,1,273,77,990,13,8,1,8,8,0,0,8,0,42,45,9,10,468.93,4,1,36.139015,-120.368271,146.149994,5,600,58,3,e00fce6876826e255108c6bd,2025-07-08 23:00:04,2025-07-08 23:00:04,2025-07-08 23:00:04,2025-07-08
1424,ypMdHbyJia,MOOSPMv3Parser,1752016200,0,0,1,1,1,1,1,1,1,1,278,78,997,13,8,1,8,8,0,0,8,0,43,45,9,10,514.351,2,1,36.138985,-120.368263,174.059006,5,600,58,3,e00fce6876826e255108c6bd,2025-07-08 23:10:03,2025-07-08 23:10:03,2025-07-08 23:10:03,2025-07-08
1436,LOjYjRW67h,MOOSPMv3Parser,1752016800,1,1,1,1,1,1,1,1,1,1,285,82,1004,15,8,0,8,8,0,0,8,0,43,44,9,10,514.379,3,1,36.138973,-120.368248,207.524002,6,600,58,3,e00fce6876826e255108c6bd,2025-07-08 23:20:03,2025-07-08 23:20:03,2025-07-08 23:20:03,2025-07-08
1448,aaRqI6cXmY,MOOSPMv3Parser,1752017400,0,0,1,1,1,1,1,1,1,1,261,73,1011,12,8,1,8,8,0,0,8,0,43,44,9,11,412.024,4,1,36.13913,-120.368202,192.244995,7,600,58,3,e00fce6876826e255108c6bd,2025-07-08 23:30:03,2025-07-08 23:30:03,2025-07-08 23:30:03,2025-07-08
1459,9KoTaeGmdL,MOOSPMv3Parser,1752018000,0,0,1,1,1,1,1,1,1,1,271,77,1018,13,7,0,8,8,0,0,8,0,43,44,9,11,326.551,4,1,36.138988,-120.368279,181.945007,6,600,58,3,e00fce6876826e255108c6bd,2025-07-08 23:40:03,2025-07-08 23:40:03,2025-07-08 23:40:03,2025-07-08
1468,NFWq37jecd,MOOSPMv3Parser,1752018600,0,0,1,1,1,1,1,1,1,1,276,79,1025,13,8,1,8,8,0,0,8,0,42,43,9,11,446.917,4,1,36.139015,-120.368286,187.001007,7,600,58,3,e00fce6876826e255108c6bd,2025-07-08 23:50:02,2025-07-08 23:50:03,2025-07-08 23:50:03,2025-07-08
5,klaQ9347kD,MOOSPMv3Parser,1752019200,0,0,1,1,1,1,1,1,1,1,260,74,1031,12,7,0,7,7,0,0,7,0,42,43,9,10,463.309,4,1,36.139015,-120.368279,187.003998,0,600,58,3,e00fce6876826e255108c6bd,2025-07-09 00:00:03,2025-07-09 00:00:03,2025-07-09 00:00:03,2025-07-09
16,NnEk7yIsiS,MOOSPMv3Parser,1752019800,0,0,1,1,1,1,1,1,1,1,231,68,1038,11,7,0,7,7,0,0,7,0,42,43,9,11,514.531,3,1,36.139004,-120.36837,176.613007,6,600,58,3,e00fce6876826e255108c6bd,2025-07-09 00:10:03,2025-07-09 00:10:03,2025-07-09 00:10:03,2025-07-09
33,7UBjItZNYE,MOOSPMv3Parser,1752020400,0,0,1,1,1,1,1,1,1,1,240,69,1045,11,8,1,8,8,0,0,8,0,42,43,9,11,207.787,5,1,36.139061,-120.368332,184.654007,7,600,58,3,e00fce6876826e255108c6bd,2025-07-09 00:20:09,2025-07-09 00:20:09,2025-07-09 00:20:09,2025-07-09
43,bjS2ySKGnB,MOOSPMv3Parser,1752021000,0,0,1,1,1,1,1,1,1,1,236,69,1053,11,8,0,8,8,0,0,8,0,42,42,8,10,412.817,4,1,36.139004,-120.368332,184.384003,7,599,58,3,e00fce6876826e255108c6bd,2025-07-09 00:30:04,2025-07-09 00:30:04,2025-07-09 00:30:04,2025-07-09
48,xqstBn1Pta,MOOSPMv3Parser,1752021600,0,0,1,1,1,1,1,1,1,1,246,73,1059,12,7,0,7,7,0,0,7,0,42,42,9,11,361.188,4,1,36.139091,-120.368362,182.727997,7,599,58,3,e00fce6876826e255108c6bd,2025-07-09 00:40:02,2025-07-09 00:40:03,2025-07-09 00:40:03,2025-07-09
59,WCXgQDlb3E,MOOSPMv3Parser,1752022200,0,0,1,1,1,1,1,1,1,1,246,73,1066,12,8,1,8,8,0,0,8,0,42,42,9,11,463.545,4,1,36.139114,-120.368378,187.063995,6,599,58,3,e00fce6876826e255108c6bd,2025-07-09 00:50:03,2025-07-09 00:50:03,2025-07-09 00:50:03,2025-07-09
72,tQiJrtc6Y7,MOOSPMv3Parser,1752022800,0,0,1,1,1,1,1,1,1,1,273,81,1074,14,9,1,9,9,0,0,9,0,42,41,9,11,514.813,4,2,36.138805,-120.368256,180.539001,6,599,58,3,e00fce6876826e255108c6bd,2025-07-09 01:00:03,2025-07-09 01:00:03,2025-07-09 01:00:03,2025-07-09
82,qX6f6GKz5t,MOOSPMv3Parser,1752023400,0,0,1,1,1,1,1,1,1,1,241,71,1081,13,8,1,8,8,0,0,8,0,42,41,10,12,463.506,4,2,36.139053,-120.368393,185.020004,6,599,58,3,e00fce6876826e255108c6bd,2025-07-09 01:10:03,2025-07-09 01:10:03,2025-07-09 01:10:03,2025-07-09
99,4jokBX9AcV,MOOSPMv3Parser,1752024000,0,0,1,1,1,1,1,1,1,1,222,66,1087,13,7,1,7,7,0,0,7,0,41,40,10,12,361.957,4,2,36.139072,-120.368408,167.867996,6,599,58,3,e00fce6876826e255108c6bd,2025-07-09 01:20:07,2025-07-09 01:20:07,2025-07-09 01:20:07,2025-07-09
102,p6jitqycei,MOOSPMv3Parser,1752024600,0,0,1,1,1,1,1,1,1,1,220,67,1094,12,8,1,8,8,0,0,8,0,41,40,9,11,206.73,5,2,36.13905,-120.368309,161.199005,5,599,58,3,e00fce6876826e255108c6bd,2025-07-09 01:30:03,2025-07-09 01:30:03,2025-07-09 01:30:03,2025-07-09
116,vyscaxxvtl,MOOSPMv3Parser,1752025200,1,1,1,1,1,1,1,1,1,1,320,95,1100,13,10,0,10,10,0,0,10,0,40,39,9,12,514.924,5,2,36.13905,-120.368309,161.201004,0,600,58,3,e00fce6876826e255108c6bd,2025-07-09 01:40:03,2025-07-09 01:40:03,2025-07-09 01:40:03,2025-07-09
124,0Bc27ihXux,MOOSPMv3Parser,1752025800,2,2,2,4,4,2,2,4,4,2,590,177,1113,25,12,2,13,13,0,0,13,0,40,39,10,12,361.219,10,2,36.13908,-120.368393,155.593002,5,599,58,3,e00fce6876826e255108c6bd,2025-07-09 01:50:02,2025-07-09 01:50:03,2025-07-09 01:50:03,2025-07-09
138,IViC1zqEm4,MOOSPMv3Parser,1752026400,1,1,1,1,1,1,1,1,1,1,296,90,1122,12,10,1,10,10,0,0,10,0,40,38,10,12,361.361,9,2,36.139046,-120.368416,205.996002,7,599,58,3,e00fce6876826e255108c6bd,2025-07-09 02:00:03,2025-07-09 02:00:03,2025-07-09 02:00:03,2025-07-09
149,HZQBHaTDeL,MOOSPMv3Parser,1752027000,2,2,2,3,3,2,2,3,3,2,499,153,1135,25,15,1,15,15,0,0,15,0,39,38,19,23,132.54,33,2,36.139038,-120.368279,152.296005,5,599,58,3,e00fce6876826e255108c6bd,2025-07-09 02:10:03,2025-07-09 02:10:03,2025-07-09 02:10:03,2025-07-09
162,0TlyDtdO68,MOOSPMv3Parser,1752027600,2,2,2,3,3,2,2,3,3,2,499,152,1148,25,15,2,15,15,0,0,15,0,38,37,21,24,23.437,45,2,36.139057,-120.368378,184.093994,6,599,58,3,e00fce6876826e255108c6bd,2025-07-09 02:20:03,2025-07-09 02:20:03,2025-07-09 02:20:03,2025-07-09
169,CtVzVgjib8,MOOSPMv3Parser,1752028200,2,2,2,3,3,2,2,3,3,2,511,154,1161,21,15,1,15,15,0,0,15,0,37,37,22,24,23.749,42,2,36.138985,-120.368118,158.130005,6,599,58,3,e00fce6876826e255108c6bd,2025-07-09 02:30:03,2025-07-09 02:30:03,2025-07-09 02:30:03,2025-07-09
182,pVDRkG6pr1,MOOSPMv3Parser,1752028800,2,2,2,3,3,2,2,3,3,2,485,147,1173,21,14,1,14,14,0,0,14,0,35,36,24,25,24.031,49,2,36.13905,-120.368332,165.697006,6,599,58,3,e00fce6876826e255108c6bd,2025-07-09 02:40:03,2025-07-09 02:40:03,2025-07-09 02:40:03,2025-07-09
194,k7y2hpbRaB,MOOSPMv3Parser,1752029400,2,2,2,3,3,2,2,3,3,2,446,135,1186,22,15,2,15,15,0,0,15,0,34,35,25,26,24.575,29,2,36.13905,-120.368279,157.459,6,599,58,3,e00fce6876826e255108c6bd,2025-07-09 02:50:03,2025-07-09 02:50:03,2025-07-09 02:50:03,2025-07-09
209,u6deyQD6Z4,MOOSPMv3Parser,1752030000,1,1,2,3,3,2,2,3,3,2,450,136,1199,22,14,2,14,14,0,0,14,0,34,35,26,27,24.855,24,3,36.139027,-120.368286,182.524994,6,599,58,3,e00fce6876826e255108c6bd,2025-07-09 03:00:04,2025-07-09 03:00:05,2025-07-09 03:00:05,2025-07-09
218,unrwdGfFaT,MOOSPMv3Parser,1752030600,1,1,2,3,3,2,2,3,3,2,478,146,1211,23,15,2,15,15,0,0,15,0,33,34,27,28,24.413,37,3,36.139053,-120.368317,178.313004,6,599,58,3,e00fce6876826e255108c6bd,2025-07-09 03:10:03,2025-07-09 03:10:03,2025-07-09 03:10:03,2025-07-09
228,rRqPlT43cO,MOOSPMv3Parser,1752031200,2,2,2,3,3,2,2,3,3,2,487,149,1226,21,16,1,16,16,0,0,16,0,33,33,27,28,24.173,29,3,36.138947,-120.368332,175.283997,6,599,58,3,e00fce6876826e255108c6bd,2025-07-09 03:20:03,2025-07-09 03:20:03,2025-07-09 03:20:03,2025-07-09
239,GbdrYHYZ3J,MOOSPMv3Parser,1752031800,2,2,2,3,3,2,2,3,3,2,466,145,1237,22,16,2,16,16,0,0,16,0,32,33,27,28,25.264,20,4,36.138947,-120.368332,175.283005,0,600,58,3,e00fce6876826e255108c6bd,2025-07-09 03:30:04,2025-07-09 03:30:04,2025-07-09 03:30:04,2025-07-09
253,LolXaxpf2i,MOOSPMv3Parser,1752032400,2,2,2,3,3,2,2,3,3,2,465,142,1253,22,15,1,15,15,0,0,15,0,32,32,27,29,25.08,29,4,36.139015,-120.368393,166.828995,6,599,58,3,e00fce6876826e255108c6bd,2025-07-09 03:40:08,2025-07-09 03:40:09,2025-07-09 03:40:09,2025-07-09
259,Avg8QrPQwr,MOOSPMv3Parser,1752033000,2,2,2,3,3,2,2,4,4,2,493,151,1267,25,16,3,16,16,0,0,16,0,32,32,28,29,24.758,24,5,36.139053,-120.368317,193.244003,5,599,58,3,e00fce6876826e255108c6bd,2025-07-09 03:50:03,2025-07-09 03:50:03,2025-07-09 03:50:03,2025-07-09
270,LXiFWJ8b7y,MOOSPMv3Parser,1752033600,1,1,2,3,3,2,2,3,3,2,438,134,1282,21,17,2,17,17,0,0,17,0,31,31,28,30,23.356,38,5,36.139023,-120.36837,166.472,7,599,58,3,e00fce6876826e255108c6bd,2025-07-09 04:00:03,2025-07-09 04:00:03,2025-07-09 04:00:03,2025-07-09
281,hr88pZFNlD,MOOSPMv3Parser,1752034200,2,2,2,3,3,2,2,4,4,2,482,148,1297,27,18,3,18,18,0,0,18,0,31,31,28,30,23.04,49,4,36.138973,-120.368317,174.477005,7,599,58,3,e00fce6876826e255108c6bd,2025-07-09 04:10:03,2025-07-09 04:10:03,2025-07-09 04:10:03,2025-07-09
291,tKGfVWRiGe,MOOSPMv3Parser,1752034800,2,2,2,3,3,2,2,3,3,2,453,139,1311,22,16,2,16,16,0,0,16,0,30,30,25,28,23.616,33,4,36.139061,-120.368385,171.929993,7,599,58,3,e00fce6876826e255108c6bd,2025-07-09 04:20:03,2025-07-09 04:20:03,2025-07-09 04:20:03,2025-07-09
303,uudtgpsZlD,MOOSPMv3Parser,1752035400,1,1,1,1,1,1,1,2,2,1,290,88,1320,14,11,1,11,11,0,0,11,0,30,30,22,23,22.285,43,4,36.138981,-120.368408,176.147003,6,599,58,3,e00fce6876826e255108c6bd,2025-07-09 04:30:03,2025-07-09 04:30:03,2025-07-09 04:30:03,2025-07-09
314,SoRqHkCaEi,MOOSPMv3Parser,1752036000,0,0,2,1,1,2,2,1,1,2,288,88,1330,16,12,1,12,12,0,0,12,0,29,29,21,23,22.244,41,3,36.139084,-120.368317,182.934998,6,599,58,3,e00fce6876826e255108c6bd,2025-07-09 04:40:03,2025-07-09 04:40:03,2025-07-09 04:40:03,2025-07-09
325,k8wiBkr4eR,MOOSPMv3Parser,1752036600,0,0,1,1,1,1,1,2,2,1,264,79,1340,15,11,2,11,11,0,0,11,0,29,29,22,24,22.943,23,4,36.139111,-120.368271,189.764999,6,599,58,3,e00fce6876826e255108c6bd,2025-07-09 04:50:03,2025-07-09 04:50:03,2025-07-09 04:50:03,2025-07-09
336,fzHvZyvVAz,MOOSPMv3Parser,1752037200,1,1,1,1,1,1,1,2,2,1,277,86,1348,16,9,1,10,10,0,0,10,0,29,29,22,24,22.814,26,4,36.139065,-120.368111,201.003006,5,599,58,3,e00fce6876826e255108c6bd,2025-07-09 05:00:03,2025-07-09 05:00:03,2025-07-09 05:00:03,2025-07-09
346,QMb2NDEBnH,MOOSPMv3Parser,1752037800,1,1,2,2,2,2,2,2,2,2,321,98,1359,18,13,2,13,13,0,0,13,0,29,28,24,26,22.243,36,4,36.139019,-120.368309,181.580002,6,599,58,3,e00fce6876826e255108c6bd,2025-07-09 05:10:03,2025-07-09 05:10:03,2025-07-09 05:10:03,2025-07-09
357,0NszWq2F0N,MOOSPMv3Parser,1752038400,0,0,1,1,1,1,1,1,1,1,246,74,1365,14,9,2,9,9,0,0,9,0,28,28,25,27,22.686,25,4,36.139019,-120.368309,181.578003,0,600,58,3,e00fce6876826e255108c6bd,2025-07-09 05:20:03,2025-07-09 05:20:03,2025-07-09 05:20:03,2025-07-09
368,8ZWuKe2lJc,MOOSPMv3Parser,1752039000,0,0,1,1,1,1,1,1,1,1,249,75,1376,15,10,1,10,10,0,0,10,0,28,28,26,28,21.306,66,4,36.139004,-120.368332,170.839996,6,599,58,3,e00fce6876826e255108c6bd,2025-07-09 05:30:03,2025-07-09 05:30:03,2025-07-09 05:30:03,2025-07-09
379,QX9FmM7FTu,MOOSPMv3Parser,1752039600,0,0,1,1,1,1,1,2,2,1,262,80,1384,15,9,1,9,9,0,0,9,0,27,27,26,28,20.263,125,3,36.13903,-120.368279,175.113998,8,599,58,3,e00fce6876826e255108c6bd,2025-07-09 05:40:03,2025-07-09 05:40:03,2025-07-09 05:40:03,2025-07-09
392,bAzDLgzU69,MOOSPMv3Parser,1752040200,0,0,1,1,1,1,1,1,1,1,243,75,1392,14,9,1,9,9,0,0,9,0,27,27,28,30,20.708,69,3,36.139011,-120.368309,163.942001,8,599,58,3,e00fce6876826e255108c6bd,2025-07-09 05:50:03,2025-07-09 05:50:03,2025-07-09 05:50:03,2025-07-09
403,JOgvfA4RAb,MOOSPMv3Parser,1752040800,1,1,1,1,1,1,1,1,1,1,264,81,1400,13,9,1,9,9,0,0,9,0,26,26,28,30,18.971,192,3,36.139019,-120.368401,177.037994,7,599,58,3,e00fce6876826e255108c6bd,2025-07-09 06:00:03,2025-07-09 06:00:03,2025-07-09 06:00:03,2025-07-09
414,tNvpp1BdkF,MOOSPMv3Parser,1752041400,1,1,1,1,1,1,1,2,2,1,310,93,1407,16,11,1,11,11,0,0,11,0,26,26,30,32,18.279,336,2,36.139034,-120.368294,170.272995,7,600,58,3,e00fce6876826e255108c6bd,2025-07-09 06:10:03,2025-07-09 06:10:03,2025-07-09 06:10:03,2025-07-09
426,Cnwn1OXkr8,MOOSPMv3Parser,1752042000,1,1,1,1,1,1,1,2,2,1,288,89,1416,13,11,1,11,11,0,0,11,0,25,25,29,31,18.604,265,2,36.139008,-120.368423,165.554001,6,600,58,3,e00fce6876826e255108c6bd,2025-07-09 06:20:03,2025-07-09 06:20:03,2025-07-09 06:20:03,2025-07-09
435,ZmtIGeRv9e,MOOSPMv3Parser,1752042600,1,1,1,1,1,1,1,2,2,1,281,86,1426,15,11,2,11,11,0,0,11,0,25,25,31,32,18.196,248,2,36.139065,-120.368317,199.470993,7,600,58,3,e00fce6876826e255108c6bd,2025-07-09 06:30:03,2025-07-09 06:30:03,2025-07-09 06:30:03,2025-07-09
446,7AkH6e1MTA,MOOSPMv3Parser,1752043200,1,1,2,2,2,2,2,2,2,2,311,96,1439,18,15,2,16,16,0,0,16,0,25,25,32,33,17.939,348,2,36.139034,-120.368271,189.363007,6,600,58,3,e00fce6876826e255108c6bd,2025-07-09 06:40:03,2025-07-09 06:40:03,2025-07-09 06:40:03,2025-07-09
458,r3ySHBrgux,MOOSPMv3Parser,1752043800,1,1,2,2,2,2,2,2,2,2,326,99,1452,16,15,1,15,15,0,0,15,1,24,24,30,32,17.738,361,1,36.139027,-120.368362,187.186996,5,600,58,3,e00fce6876826e255108c6bd,2025-07-09 06:50:03,2025-07-09 06:50:03,2025-07-09 06:50:03,2025-07-09
467,Dp0vwFNdbx,MOOSPMv3Parser,1752044400,1,1,2,1,1,2,2,2,2,2,299,91,1464,16,13,1,13,13,0,0,13,0,24,24,31,33,17.564,402,1,36.138943,-120.368294,171.794006,7,600,58,3,e00fce6876826e255108c6bd,2025-07-09 07:00:03,2025-07-09 07:00:03,2025-07-09 07:00:03,2025-07-09
480,38XGWl6pcD,MOOSPMv3Parser,1752045000,1,1,1,1,1,2,2,2,2,2,299,91,1474,17,12,1,12,12,0,0,12,0,24,24,32,34,16.83,418,1,36.138943,-120.368294,171.791,0,600,58,3,e00fce6876826e255108c6bd,2025-07-09 07:10:03,2025-07-09 07:10:03,2025-07-09 07:10:03,2025-07-09
494,wjUQsQJZOw,MOOSPMv3Parser,1752045600,1,1,2,1,1,2,2,2,2,2,286,88,1485,15,13,2,13,13,0,0,13,0,23,23,31,33,16.131,484,1,36.138954,-120.36834,170.613998,8,600,58,3,e00fce6876826e255108c6bd,2025-07-09 07:20:19,2025-07-09 07:20:19,2025-07-09 07:20:19,2025-07-09
501,BxfzN9tOzC,MOOSPMv3Parser,1752046200,1,1,2,1,1,2,2,2,2,2,286,88,1495,15,12,2,12,12,0,0,12,0,23,23,31,32,15.844,489,1,36.139057,-120.368454,160.046997,8,600,58,3,e00fce6876826e255108c6bd,2025-07-09 07:30:03,2025-07-09 07:30:03,2025-07-09 07:30:03,2025-07-09
515,qVaVDSO3FC,MOOSPMv3Parser,1752046800,1,1,1,1,1,2,2,2,2,2,277,85,1505,16,11,1,11,11,0,0,11,0,23,23,33,34,16.431,479,1,36.139019,-120.368393,160.755005,8,600,58,3,e00fce6876826e255108c6bd,2025-07-09 07:40:08,2025-07-09 07:40:08,2025-07-09 07:40:08,2025-07-09
520,YlmQSCjb6r,MOOSPMv3Parser,1752047400,1,1,1,1,1,2,2,1,1,2,273,84,1515,14,12,1,12,12,0,0,12,0,22,22,34,35,15.41,484,1,36.139179,-120.368797,136.100998,6,600,58,3,e00fce6876826e255108c6bd,2025-07-09 07:50:03,2025-07-09 07:50:03,2025-07-09 07:50:03,2025-07-09
531,xEjiUTKb1p,MOOSPMv3Parser,1752048000,1,1,2,1,1,2,2,2,2,2,278,85,1525,14,12,1,12,12,0,0,12,0,22,22,34,36,15.097,492,1,36.139084,-120.368385,176.714996,6,600,58,3,e00fce6876826e255108c6bd,2025-07-09 08:00:03,2025-07-09 08:00:03,2025-07-09 08:00:03,2025-07-09
543,GxlHA0OMSq,MOOSPMv3Parser,1752048600,1,1,1,2,2,2,2,2,2,2,302,92,1535,16,12,2,12,12,0,0,12,0,22,22,35,37,14.611,494,1,36.138985,-120.368309,169.692993,9,600,58,3,e00fce6876826e255108c6bd,2025-07-09 08:10:04,2025-07-09 08:10:04,2025-07-09 08:10:04,2025-07-09
550,oq0RdwrhHS,MOOSPMv3Parser,1752049200,1,1,1,1,1,2,2,2,2,2,266,80,1546,14,12,1,12,12,0,0,12,0,22,22,34,36,14.126,495,1,36.138958,-120.368393,170.084,7,600,58,3,e00fce6876826e255108c6bd,2025-07-09 08:20:03,2025-07-09 08:20:03,2025-07-09 08:20:03,2025-07-09
562,EmGVCnBFxK,MOOSPMv3Parser,1752049800,1,1,1,2,2,2,2,2,2,2,290,88,1556,15,12,1,12,12,0,0,12,0,22,21,34,36,14.288,497,1,36.139015,-120.368477,169.445007,8,600,58,3,e00fce6876826e255108c6bd,2025-07-09 08:30:03,2025-07-09 08:30:04,2025-07-09 08:30:04,2025-07-09
572,X1yqTVufSx,MOOSPMv3Parser,1752050400,1,1,2,2,2,2,2,2,2,2,269,81,1566,16,12,2,12,12,0,0,12,0,22,21,34,37,15.728,492,1,36.139011,-120.368324,177.559998,10,600,58,3,e00fce6876826e255108c6bd,2025-07-09 08:40:03,2025-07-09 08:40:03,2025-07-09 08:40:03,2025-07-09
1041,mHtttzgmkf,MOOSPMv3Parser,1752081601,1,1,118,2,2,802,1367,2,2,1644,391,118,4,19,263,1,929,1070,0,0,1101,2,33,37,24,22,13.069,36,3,36.139027,-120.368347,190.626999,8,580,58,3,e00fce6876826e255108c6bd,2025-07-09 17:20:03,2025-07-09 17:20:03,2025-07-09 17:20:03,2025-07-09
1051,fdpqqrpQxF,MOOSPMv3Parser,1752082201,1,1,105,2,2,136,157,2,2,168,399,121,661,20,796,2,825,830,0,0,831,0,34,38,24,22,18.175,78,7,36.139095,-120.368347,176.442001,7,600,58,3,e00fce6876826e255108c6bd,2025-07-09 17:30:03,2025-07-09 17:30:03,2025-07-09 17:30:03,2025-07-09
1063,8O8qcBLgyB,MOOSPMv3Parser,1752082801,1,1,1,2,2,1,1,2,2,1,374,114,671,16,11,1,11,11,0,0,11,0,35,38,22,20,18.699,100,5,36.13913,-120.368355,180.727997,7,600,58,3,e00fce6876826e255108c6bd,2025-07-09 17:40:03,2025-07-09 17:40:03,2025-07-09 17:40:03,2025-07-09
1072,oS4HxQm16C,MOOSPMv3Parser,1752083401,1,1,1,2,2,1,1,2,2,1,375,114,680,18,11,1,11,11,0,0,11,0,36,40,21,20,18.41,109,3,36.139076,-120.368195,170.591995,7,600,58,3,e00fce6876826e255108c6bd,2025-07-09 17:50:03,2025-07-09 17:50:03,2025-07-09 17:50:03,2025-07-09
1083,EzFX5l81Wa,MOOSPMv3Parser,1752084001,1,1,1,2,2,1,1,2,2,1,379,115,689,17,11,1,11,11,0,0,11,0,36,40,21,20,14.534,232,2,36.138889,-120.36834,145.203995,7,600,58,3,e00fce6876826e255108c6bd,2025-07-09 18:00:03,2025-07-09 18:00:03,2025-07-09 18:00:03,2025-07-09
1094,dTHrgNFiin,MOOSPMv3Parser,1752084601,1,1,1,2,2,1,1,2,2,1,374,110,698,16,10,1,10,10,0,0,10,0,36,41,21,19,19.484,26,1,36.138939,-120.368317,164.654999,7,600,58,3,e00fce6876826e255108c6bd,2025-07-09 18:10:03,2025-07-09 18:10:03,2025-07-09 18:10:03,2025-07-09
1106,hmoE18FppC,MOOSPMv3Parser,1752085201,1,1,1,2,2,1,1,2,2,1,396,116,706,18,10,1,10,10,0,0,10,0,36,41,20,19,20.044,9,1,36.139015,-120.368279,142.595993,7,600,58,3,e00fce6876826e255108c6bd,2025-07-09 18:20:03,2025-07-09 18:20:03,2025-07-09 18:20:03,2025-07-09
1116,GM4LYzq56o,MOOSPMv3Parser,1752085801,1,1,1,2,2,1,1,2,2,1,362,108,715,18,10,1,10,10,0,0,10,0,36,41,21,19,21.53,9,1,36.138893,-120.368317,163.983002,7,600,58,3,e00fce6876826e255108c6bd,2025-07-09 18:30:02,2025-07-09 18:30:03,2025-07-09 18:30:03,2025-07-09
1127,6uhERF30Oy,MOOSPMv3Parser,1752086401,1,1,1,2,2,1,1,2,2,1,397,120,723,18,10,2,10,10,0,0,10,0,36,42,21,19,21.135,11,1,36.139008,-120.368378,177.434006,5,600,58,3,e00fce6876826e255108c6bd,2025-07-09 18:40:02,2025-07-09 18:40:03,2025-07-09 18:40:03,2025-07-09
1138,39lXfc7ZeW,MOOSPMv3Parser,1752087001,1,1,1,2,2,1,1,2,2,1,409,123,733,16,11,1,11,11,0,0,11,0,37,42,20,19,20.707,17,1,36.139008,-120.368378,177.438004,0,600,58,3,e00fce6876826e255108c6bd,2025-07-09 18:50:02,2025-07-09 18:50:03,2025-07-09 18:50:03,2025-07-09
1150,fvoroIRECy,MOOSPMv3Parser,1752087601,1,1,1,2,2,1,1,2,2,1,423,124,742,16,11,1,11,11,0,0,11,0,38,42,20,19,19.746,26,1,36.139034,-120.368423,183.886993,7,600,58,3,e00fce6876826e255108c6bd,2025-07-09 19:00:03,2025-07-09 19:00:03,2025-07-09 19:00:03,2025-07-09
1162,mTlOJtqpB1,MOOSPMv3Parser,1752088201,1,1,1,2,2,2,2,3,3,2,442,131,752,19,12,1,12,12,0,0,12,0,38,42,20,19,21.182,26,1,36.139027,-120.368286,173.177002,6,600,58,3,e00fce6876826e255108c6bd,2025-07-09 19:10:03,2025-07-09 19:10:03,2025-07-09 19:10:03,2025-07-09
1171,ofGW0T3wdJ,MOOSPMv3Parser,1752088801,1,1,1,2,2,2,2,3,3,2,427,128,762,18,12,1,12,12,0,0,12,0,39,43,19,18,19.384,26,1,36.139046,-120.368332,182.477997,7,600,58,3,e00fce6876826e255108c6bd,2025-07-09 19:20:03,2025-07-09 19:20:03,2025-07-09 19:20:03,2025-07-09
1182,NHHwhMiGmB,MOOSPMv3Parser,1752089401,1,1,1,3,3,1,1,3,3,1,444,133,772,20,11,2,11,11,0,0,11,0,39,43,19,18,21.363,22,1,36.139095,-120.36834,171.141006,7,600,58,3,e00fce6876826e255108c6bd,2025-07-09 19:30:03,2025-07-09 19:30:03,2025-07-09 19:30:03,2025-07-09
1195,UqSHzVrIKS,MOOSPMv3Parser,1752090001,1,1,1,2,2,1,1,2,2,1,415,124,781,17,11,1,11,11,0,0,11,0,39,43,19,18,21.048,20,1,36.139053,-120.368256,174.449005,5,600,58,3,e00fce6876826e255108c6bd,2025-07-09 19:40:03,2025-07-09 19:40:03,2025-07-09 19:40:03,2025-07-09
1205,q9VD2jTFWx,MOOSPMv3Parser,1752090601,1,1,1,2,2,1,1,2,2,1,431,129,790,16,10,1,10,10,0,0,10,0,40,43,18,18,20.695,22,1,36.139069,-120.368301,179.468994,6,600,58,3,e00fce6876826e255108c6bd,2025-07-09 19:50:03,2025-07-09 19:50:03,2025-07-09 19:50:03,2025-07-09
1215,hVj5sKhsjx,MOOSPMv3Parser,1752091201,1,1,1,2,2,1,1,2,2,1,430,128,799,19,11,1,11,11,0,0,11,0,39,44,20,19,21.102,21,1,36.139091,-120.368355,193.143005,6,600,58,3,e00fce6876826e255108c6bd,2025-07-09 20:00:03,2025-07-09 20:00:03,2025-07-09 20:00:03,2025-07-09
1227,CH4evMTWgS,MOOSPMv3Parser,1752091801,1,1,1,2,2,1,1,3,3,1,447,132,808,18,11,1,11,11,0,0,11,0,40,44,18,18,20.208,26,1,36.138882,-120.368317,165.809998,6,600,58,3,e00fce6876826e255108c6bd,2025-07-09 20:10:03,2025-07-09 20:10:03,2025-07-09 20:10:03,2025-07-09
1237,Y9Fnyy266U,MOOSPMv3Parser,1752092401,1,1,1,2,2,1,1,3,3,1,456,137,818,19,11,1,11,11,0,0,11,0,40,44,18,17,20.775,26,1,36.138943,-120.36834,170.514008,6,600,58,3,e00fce6876826e255108c6bd,2025-07-09 20:20:03,2025-07-09 20:20:03,2025-07-09 20:20:03,2025-07-09
1250,AagEEEquO4,MOOSPMv3Parser,1752093001,1,1,1,2,2,1,1,2,2,1,465,135,827,20,10,1,10,10,0,0,10,0,40,44,17,17,21.317,24,1,36.138939,-120.368294,181.501007,5,600,58,3,e00fce6876826e255108c6bd,2025-07-09 20:30:03,2025-07-09 20:30:03,2025-07-09 20:30:03,2025-07-09
1260,vYCxNUkd8X,MOOSPMv3Parser,1752093601,1,1,1,2,2,1,1,3,3,1,450,130,837,17,11,1,11,11,0,0,11,0,40,44,17,16,21.74,21,1,36.138939,-120.368294,181.503998,0,600,58,3,e00fce6876826e255108c6bd,2025-07-09 20:40:03,2025-07-09 20:40:03,2025-07-09 20:40:03,2025-07-09
1271,AYlBj1Z9SL,MOOSPMv3Parser,1752094201,1,1,1,2,2,1,1,3,3,1,471,138,846,17,11,1,11,11,0,0,11,0,40,44,17,16,22.538,20,1,36.138958,-120.368202,217.341995,6,600,58,3,e00fce6876826e255108c6bd,2025-07-09 20:50:03,2025-07-09 20:50:03,2025-07-09 20:50:03,2025-07-09
1281,4cVpGRyHbL,MOOSPMv3Parser,1752094801,1,1,1,2,2,1,1,2,2,1,453,132,856,18,11,1,11,11,0,0,11,0,40,44,17,17,21.738,19,1,36.139027,-120.368439,152.149002,5,600,58,3,e00fce6876826e255108c6bd,2025-07-09 21:00:03,2025-07-09 21:00:03,2025-07-09 21:00:03,2025-07-09
1293,UOicsXjY0U,MOOSPMv3Parser,1752095401,2,2,1,2,2,2,2,3,3,2,482,144,866,19,12,1,12,12,0,0,12,0,41,45,16,16,21.603,23,1,36.139095,-120.368446,153.917999,7,600,58,3,e00fce6876826e255108c6bd,2025-07-09 21:10:03,2025-07-09 21:10:03,2025-07-09 21:10:03,2025-07-09
1304,qBrQAdpxUs,MOOSPMv3Parser,1752096001,2,2,1,2,2,2,2,3,3,2,484,143,876,18,11,1,11,11,0,0,11,0,40,45,17,16,22.122,25,1,36.139027,-120.368401,169.266998,6,600,58,3,e00fce6876826e255108c6bd,2025-07-09 21:20:03,2025-07-09 21:20:03,2025-07-09 21:20:03,2025-07-09
1319,VB7NGiBpDN,MOOSPMv3Parser,1752096601,2,2,1,3,3,1,1,3,3,1,497,146,884,20,10,1,10,10,0,0,10,0,40,45,17,16,23.09,24,1,36.139008,-120.368271,190.276993,6,600,58,3,e00fce6876826e255108c6bd,2025-07-09 21:30:03,2025-07-09 21:30:04,2025-07-09 21:30:04,2025-07-09
1327,Ym1RuAIghK,MOOSPMv3Parser,1752097201,1,1,1,2,2,2,2,2,2,2,474,137,894,18,11,1,11,11,0,0,11,0,41,45,16,16,21.628,23,1,36.139133,-120.368439,151.699005,7,600,58,3,e00fce6876826e255108c6bd,2025-07-09 21:40:03,2025-07-09 21:40:03,2025-07-09 21:40:03,2025-07-09
1337,HUzH8xBZSP,MOOSPMv3Parser,1752097801,2,2,1,2,2,1,1,3,3,1,477,139,904,18,11,1,11,11,0,0,11,0,41,45,16,16,22.262,22,1,36.139236,-120.368393,157.561005,6,600,58,3,e00fce6876826e255108c6bd,2025-07-09 21:50:03,2025-07-09 21:50:03,2025-07-09 21:50:03,2025-07-09
1348,7HL0TCnbnE,MOOSPMv3Parser,1752098401,2,2,1,3,3,1,1,3,3,1,486,141,913,18,11,1,11,11,0,0,11,0,41,45,17,16,22.13,24,1,36.139057,-120.368309,163.324005,5,600,58,3,e00fce6876826e255108c6bd,2025-07-09 22:00:03,2025-07-09 22:00:03,2025-07-09 22:00:03,2025-07-09
1359,rkAkialo1m,MOOSPMv3Parser,1752099001,1,1,1,2,2,1,1,2,2,1,481,138,922,16,10,1,10,10,0,0,10,0,41,45,16,16,22.167,25,1,36.139236,-120.368462,164.481003,6,600,58,3,e00fce6876826e255108c6bd,2025-07-09 22:10:03,2025-07-09 22:10:03,2025-07-09 22:10:03,2025-07-09
1371,ZHjLlMM3qe,MOOSPMv3Parser,1752099601,1,1,1,2,2,1,1,3,3,1,467,136,931,18,11,1,11,11,0,0,11,0,41,45,16,16,22.323,24,1,36.139294,-120.368492,137.539001,6,600,58,3,e00fce6876826e255108c6bd,2025-07-09 22:20:03,2025-07-09 22:20:03,2025-07-09 22:20:03,2025-07-09
1381,AFt08nJFH3,MOOSPMv3Parser,1752100201,2,2,1,3,3,1,1,3,3,1,511,147,940,18,10,1,10,10,0,0,10,0,41,45,17,17,22.259,24,1,36.139294,-120.368492,137.533997,0,600,58,3,e00fce6876826e255108c6bd,2025-07-09 22:30:03,2025-07-09 22:30:03,2025-07-09 22:30:03,2025-07-09
1392,Rtj0hKaXG0,MOOSPMv3Parser,1752100801,2,2,1,2,2,1,1,3,3,1,506,146,950,18,11,0,11,11,0,0,11,0,41,45,17,17,22.838,25,1,36.139091,-120.368385,167.544006,7,600,58,3,e00fce6876826e255108c6bd,2025-07-09 22:40:03,2025-07-09 22:40:03,2025-07-09 22:40:03,2025-07-09
1403,fcNAX5byDn,MOOSPMv3Parser,1752101401,2,2,1,3,3,1,1,3,3,1,515,149,959,20,11,1,11,11,0,0,11,0,40,44,18,17,23.367,21,1,36.139019,-120.368324,184.320007,6,600,58,3,e00fce6876826e255108c6bd,2025-07-09 22:50:03,2025-07-09 22:50:03,2025-07-09 22:50:03,2025-07-09
1415,6boFwhW30D,MOOSPMv3Parser,1752102001,2,2,1,3,3,2,2,3,3,2,482,143,969,20,11,2,11,11,0,0,11,0,41,44,17,17,22.784,21,1,36.138977,-120.368324,179.214005,7,600,58,3,e00fce6876826e255108c6bd,2025-07-09 23:00:03,2025-07-09 23:00:03,2025-07-09 23:00:03,2025-07-09
1425,hWmCfZF0xv,MOOSPMv3Parser,1752102601,2,2,1,3,3,1,1,3,3,1,523,156,978,21,11,1,11,11,0,0,11,0,41,44,17,18,23.606,19,1,36.139046,-120.36834,189.212997,7,600,58,3,e00fce6876826e255108c6bd,2025-07-09 23:10:03,2025-07-09 23:10:03,2025-07-09 23:10:03,2025-07-09
1436,hnsbJuo3cp,MOOSPMv3Parser,1752103201,2,2,2,3,3,2,2,3,3,2,480,142,989,21,12,2,12,12,0,0,12,0,40,43,18,18,23.95,16,1,36.139061,-120.36834,184.792007,7,600,58,3,e00fce6876826e255108c6bd,2025-07-09 23:20:03,2025-07-09 23:20:03,2025-07-09 23:20:03,2025-07-09
1447,oaCgAxELuj,MOOSPMv3Parser,1752103801,2,2,1,3,3,2,2,3,3,2,512,153,999,19,12,1,12,12,0,0,12,0,41,43,18,18,23.761,15,1,36.139107,-120.368271,184.192993,6,600,58,3,e00fce6876826e255108c6bd,2025-07-09 23:30:03,2025-07-09 23:30:03,2025-07-09 23:30:03,2025-07-09
1460,EEFjdq9gKE,MOOSPMv3Parser,1752104401,2,2,2,3,3,2,2,3,3,2,508,148,1010,19,13,1,13,13,0,0,13,0,41,43,18,19,23.71,14,1,36.138992,-120.368271,178.990997,5,600,58,3,e00fce6876826e255108c6bd,2025-07-09 23:40:03,2025-07-09 23:40:03,2025-07-09 23:40:03,2025-07-09
1471,iddtwSz0Tn,MOOSPMv3Parser,1752105001,2,2,1,3,3,2,2,3,3,2,525,158,1020,20,12,1,12,12,0,0,12,0,41,43,17,18,23.176,14,1,36.139069,-120.368271,178.106003,7,600,58,3,e00fce6876826e255108c6bd,2025-07-09 23:50:03,2025-07-09 23:50:03,2025-07-09 23:50:03,2025-07-09
8,YuCFdAaZlO,MOOSPMv3Parser,1752105601,2,2,1,3,3,2,2,3,3,2,517,151,1030,22,12,1,12,12,0,0,12,0,41,42,18,19,23.901,14,2,36.139107,-120.368401,164.707993,7,600,58,3,e00fce6876826e255108c6bd,2025-07-10 00:00:03,2025-07-10 00:00:04,2025-07-10 00:00:04,2025-07-10
17,B5iWgaJf22,MOOSPMv3Parser,1752106201,2,2,2,3,3,2,2,3,3,2,504,150,1040,19,12,1,12,12,0,0,12,0,41,42,17,18,23.976,13,2,36.13908,-120.368286,197.673004,5,600,58,3,e00fce6876826e255108c6bd,2025-07-10 00:10:03,2025-07-10 00:10:03,2025-07-10 00:10:03,2025-07-10
30,y1F1NAolKE,MOOSPMv3Parser,1752106801,1,1,2,2,2,2,2,3,3,2,450,132,1051,19,12,1,12,12,0,0,12,0,41,42,17,19,24.514,12,2,36.13908,-120.368286,197.673996,0,600,58,3,e00fce6876826e255108c6bd,2025-07-10 00:20:03,2025-07-10 00:20:03,2025-07-10 00:20:03,2025-07-10
41,MA5KjAlfh1,MOOSPMv3Parser,1752107401,2,2,1,3,3,1,1,3,3,1,470,139,1060,21,11,2,11,11,0,0,11,0,40,41,17,18,24.759,12,2,36.139091,-120.368439,134.419006,6,600,58,3,e00fce6876826e255108c6bd,2025-07-10 00:30:03,2025-07-10 00:30:03,2025-07-10 00:30:03,2025-07-10
52,cRqMACrHYn,MOOSPMv3Parser,1752108001,1,1,1,2,2,2,2,2,2,2,427,129,1070,16,11,1,11,11,0,0,11,0,40,41,17,19,25.451,11,2,36.139027,-120.368332,204.453995,5,600,58,3,e00fce6876826e255108c6bd,2025-07-10 00:40:03,2025-07-10 00:40:03,2025-07-10 00:40:03,2025-07-10
62,hF05dHwsba,MOOSPMv3Parser,1752108601,2,2,1,2,2,2,2,3,3,2,462,139,1080,20,12,1,12,12,0,0,12,0,40,41,18,20,24.373,11,2,36.139023,-120.368378,170.914001,7,600,58,3,e00fce6876826e255108c6bd,2025-07-10 00:50:03,2025-07-10 00:50:03,2025-07-10 00:50:03,2025-07-10
74,a0NoScLApn,MOOSPMv3Parser,1752109201,1,1,1,2,2,2,2,3,3,2,431,129,1090,19,11,2,11,11,0,0,11,0,40,40,18,20,24.777,12,2,36.139027,-120.368347,176.139999,7,600,58,3,e00fce6876826e255108c6bd,2025-07-10 01:00:03,2025-07-10 01:00:03,2025-07-10 01:00:03,2025-07-10
86,LyYfnTP1hZ,MOOSPMv3Parser,1752109801,1,1,1,3,3,2,2,3,3,2,454,135,1100,22,11,4,11,11,0,0,11,0,39,40,19,20,25.638,11,3,36.139011,-120.368332,199.843994,6,600,58,3,e00fce6876826e255108c6bd,2025-07-10 01:10:03,2025-07-10 01:10:03,2025-07-10 01:10:03,2025-07-10
96,ksAO4Z6fD2,MOOSPMv3Parser,1752110401,2,2,1,2,2,2,2,3,3,2,450,136,1110,18,11,1,11,11,0,0,11,0,39,39,20,22,25.625,11,3,36.139061,-120.368332,191.214005,7,600,58,3,e00fce6876826e255108c6bd,2025-07-10 01:20:03,2025-07-10 01:20:03,2025-07-10 01:20:03,2025-07-10
110,ukHQ6NXkx2,MOOSPMv3Parser,1752111001,1,1,1,2,2,2,2,3,3,2,449,135,1120,20,12,1,12,12,0,0,12,0,38,39,21,22,25.912,10,3,36.138992,-120.368317,169.350998,6,600,58,3,e00fce6876826e255108c6bd,2025-07-10 01:30:08,2025-07-10 01:30:09,2025-07-10 01:30:09,2025-07-10
121,kwlTlCBP0q,MOOSPMv3Parser,1752111601,2,2,2,2,2,2,2,3,3,2,438,130,1131,19,13,1,13,13,0,0,13,0,38,38,21,23,25.722,11,4,36.139099,-120.36834,186.199997,5,600,58,3,e00fce6876826e255108c6bd,2025-07-10 01:40:07,2025-07-10 01:40:07,2025-07-10 01:40:07,2025-07-10
130,IA0kK79lAL,MOOSPMv3Parser,1752112201,2,2,2,3,3,2,2,3,3,2,490,148,1143,21,13,1,14,14,0,0,14,0,37,38,22,24,25.83,11,4,36.138969,-120.368347,159.464996,6,600,58,3,e00fce6876826e255108c6bd,2025-07-10 01:50:03,2025-07-10 01:50:03,2025-07-10 01:50:03,2025-07-10
140,Cxum8ubXNj,MOOSPMv3Parser,1752112801,2,2,2,3,3,2,2,3,3,2,474,141,1154,20,13,1,13,13,0,0,13,0,37,37,21,23,26.047,11,4,36.139042,-120.368286,166.266006,4,600,58,3,e00fce6876826e255108c6bd,2025-07-10 02:00:03,2025-07-10 02:00:03,2025-07-10 02:00:03,2025-07-10
151,yPb7KgBLrf,MOOSPMv3Parser,1752113401,2,2,2,3,3,2,2,3,3,2,484,146,1166,20,14,1,14,14,0,0,14,0,37,37,21,23,26.176,11,5,36.139053,-120.368385,183.054001,7,600,58,3,e00fce6876826e255108c6bd,2025-07-10 02:10:03,2025-07-10 02:10:03,2025-07-10 02:10:03,2025-07-10
163,MJpd79ThVA,MOOSPMv3Parser,1752114001,2,2,2,3,3,2,2,3,3,2,508,153,1178,20,14,1,14,14,0,0,14,0,36,36,22,24,26.0,11,5,36.139027,-120.368431,181.046997,7,600,58,3,e00fce6876826e255108c6bd,2025-07-10 02:20:03,2025-07-10 02:20:03,2025-07-10 02:20:03,2025-07-10
175,DvO0t5iImE,MOOSPMv3Parser,1752114601,2,2,2,3,3,2,2,3,3,2,535,163,1191,23,14,1,14,14,0,0,14,0,36,36,23,25,25.788,12,5,36.138988,-120.368347,178.164001,8,600,58,3,e00fce6876826e255108c6bd,2025-07-10 02:30:04,2025-07-10 02:30:04,2025-07-10 02:30:04,2025-07-10
187,PQSfl6dShG,MOOSPMv3Parser,1752115201,2,2,2,3,3,2,2,4,4,2,532,162,1203,24,15,2,15,15,0,0,15,0,35,35,24,25,26.948,11,6,36.139072,-120.368362,193.438995,7,600,58,3,e00fce6876826e255108c6bd,2025-07-10 02:40:04,2025-07-10 02:40:04,2025-07-10 02:40:04,2025-07-10
198,Vc3zyltOm2,MOOSPMv3Parser,1752115801,2,2,2,3,3,2,2,3,3,2,511,155,1216,25,14,2,14,14,0,0,14,0,34,35,25,26,26.648,11,7,36.139069,-120.368294,193.259995,7,600,58,3,e00fce6876826e255108c6bd,2025-07-10 02:50:07,2025-07-10 02:50:08,2025-07-10 02:50:08,2025-07-10
209,NJRcJ31fku,MOOSPMv3Parser,1752116401,2,2,2,3,3,2,2,3,3,2,522,157,1229,21,15,1,15,15,0,0,15,0,34,34,25,27,26.911,12,7,36.139065,-120.368393,186.546005,7,600,58,3,e00fce6876826e255108c6bd,2025-07-10 03:00:04,2025-07-10 03:00:04,2025-07-10 03:00:04,2025-07-10
218,UyXY6AZMfU,MOOSPMv3Parser,1752117001,2,2,2,3,3,2,2,3,3,2,532,160,1242,22,15,2,15,15,0,0,15,0,33,34,26,27,26.272,13,7,36.138988,-120.368248,174.304993,9,600,58,3,e00fce6876826e255108c6bd,2025-07-10 03:10:03,2025-07-10 03:10:03,2025-07-10 03:10:03,2025-07-10
229,suywopQZqI,MOOSPMv3Parser,1752117601,2,2,2,4,4,2,2,4,4,2,572,173,1256,27,16,3,16,16,0,0,16,0,33,33,26,27,26.44,13,8,36.139,-120.368309,176.509995,6,600,58,3,e00fce6876826e255108c6bd,2025-07-10 03:20:03,2025-07-10 03:20:03,2025-07-10 03:20:03,2025-07-10
239,ApYytDxDAv,MOOSPMv3Parser,1752118201,2,2,2,3,3,2,2,3,3,2,516,156,1270,23,16,1,16,16,0,0,16,0,32,33,27,29,24.641,19,7,36.138939,-120.368416,188.261993,7,600,58,3,e00fce6876826e255108c6bd,2025-07-10 03:30:03,2025-07-10 03:30:03,2025-07-10 03:30:03,2025-07-10
251,WJJAl6NbWA,MOOSPMv3Parser,1752118801,2,2,2,3,3,2,2,4,4,2,546,165,1284,25,16,2,16,16,0,0,16,0,32,32,27,28,23.978,28,6,36.139008,-120.368294,163.802994,5,600,58,3,e00fce6876826e255108c6bd,2025-07-10 03:40:03,2025-07-10 03:40:03,2025-07-10 03:40:03,2025-07-10
262,IuUGFlgVHi,MOOSPMv3Parser,1752119401,2,2,2,4,4,2,2,4,4,2,553,169,1300,30,18,3,19,19,0,0,19,0,31,32,28,29,24.433,25,6,36.139008,-120.368294,163.800003,0,600,58,3,e00fce6876826e255108c6bd,2025-07-10 03:50:03,2025-07-10 03:50:03,2025-07-10 03:50:03,2025-07-10
275,bzKdm7To7Q,MOOSPMv3Parser,1752120001,2,2,2,4,4,2,2,4,4,2,562,173,1315,27,17,2,17,17,0,0,17,0,31,31,28,30,23.752,30,6,36.139053,-120.368423,160.227005,6,600,58,3,e00fce6876826e255108c6bd,2025-07-10 04:00:04,2025-07-10 04:00:04,2025-07-10 04:00:04,2025-07-10
283,Cn9LTmDDw9,MOOSPMv3Parser,1752120601,2,2,2,4,4,2,2,4,4,2,578,177,1329,25,16,2,16,16,0,0,16,0,31,31,29,30,22.559,32,5,36.139137,-120.368423,178.514999,6,600,58,3,e00fce6876826e255108c6bd,2025-07-10 04:10:03,2025-07-10 04:10:03,2025-07-10 04:10:03,2025-07-10
294,OFbdwQjE7z,MOOSPMv3Parser,1752121201,2,2,2,3,3,2,2,3,3,2,550,168,1343,25,17,1,17,17,0,0,17,0,30,30,29,31,22.919,27,5,36.139088,-120.368431,185.524994,5,600,58,3,e00fce6876826e255108c6bd,2025-07-10 04:20:03,2025-07-10 04:20:04,2025-07-10 04:20:04,2025-07-10
307,vjI2Dv0p7D,MOOSPMv3Parser,1752121801,2,2,2,4,4,2,2,4,4,2,618,187,1358,27,17,2,17,17,0,0,17,0,30,30,29,31,24.096,24,6,36.139126,-120.368324,168.218002,6,600,58,3,e00fce6876826e255108c6bd,2025-07-10 04:30:04,2025-07-10 04:30:04,2025-07-10 04:30:04,2025-07-10
319,GhXD3NYrCn,MOOSPMv3Parser,1752122401,2,2,2,4,4,2,2,4,4,2,593,181,1373,29,17,3,17,17,0,0,17,0,30,30,29,31,24.776,22,7,36.138962,-120.368294,183.619003,7,600,58,3,e00fce6876826e255108c6bd,2025-07-10 04:40:04,2025-07-10 04:40:04,2025-07-10 04:40:04,2025-07-10
330,eLrGXOpk8w,MOOSPMv3Parser,1752123001,3,3,2,4,4,3,3,5,5,3,621,189,1389,31,19,2,19,19,0,0,19,0,30,29,30,32,25.007,21,8,36.138962,-120.368294,183.621002,0,600,58,3,e00fce6876826e255108c6bd,2025-07-10 04:50:04,2025-07-10 04:50:04,2025-07-10 04:50:04,2025-07-10
341,C1AGJIFH7o,MOOSPMv3Parser,1752123601,2,2,2,3,3,2,2,4,4,2,582,177,1404,25,17,1,17,17,0,0,17,0,30,29,30,32,25.142,20,9,36.139061,-120.368118,186.755997,5,600,58,3,e00fce6876826e255108c6bd,2025-07-10 05:00:04,2025-07-10 05:00:04,2025-07-10 05:00:04,2025-07-10
352,QOzGiJCtZh,MOOSPMv3Parser,1752124201,2,2,2,3,3,2,2,4,4,2,554,168,1418,24,16,2,16,16,0,0,16,0,29,29,31,33,23.988,23,9,36.139149,-120.367996,211.835007,6,600,58,3,e00fce6876826e255108c6bd,2025-07-10 05:10:08,2025-07-10 05:10:08,2025-07-10 05:10:08,2025-07-10
361,tMAsRB95BL,MOOSPMv3Parser,1752124801,2,2,2,4,4,2,2,4,4,2,578,176,1431,26,15,1,15,15,0,0,15,0,29,29,31,33,22.938,30,7,36.139256,-120.367859,241.735992,5,600,58,3,e00fce6876826e255108c6bd,2025-07-10 05:20:03,2025-07-10 05:20:04,2025-07-10 05:20:04,2025-07-10
373,2wlcP733R4,MOOSPMv3Parser,1752125401,2,2,2,3,3,2,2,4,4,2,549,168,1445,24,16,1,16,16,0,0,16,0,29,28,32,34,22.702,41,7,36.139252,-120.367989,235.082001,6,600,58,3,e00fce6876826e255108c6bd,2025-07-10 05:30:04,2025-07-10 05:30:04,2025-07-10 05:30:04,2025-07-10
384,xp44nEmjAS,MOOSPMv3Parser,1752126001,2,2,2,3,3,2,2,4,4,2,555,168,1460,25,17,2,17,17,0,0,17,0,28,28,33,35,21.777,52,5,36.138988,-120.36834,171.718002,6,600,58,3,e00fce6876826e255108c6bd,2025-07-10 05:40:04,2025-07-10 05:40:04,2025-07-10 05:40:04,2025-07-10
396,kEAziHSraq,MOOSPMv3Parser,1752126601,2,2,2,3,3,2,2,4,4,2,554,170,1475,24,16,2,16,16,0,0,16,0,28,28,34,35,19.662,86,4,36.139072,-120.368355,160.173004,5,600,58,3,e00fce6876826e255108c6bd,2025-07-10 05:50:07,2025-07-10 05:50:07,2025-07-10 05:50:07,2025-07-10
407,sAX2kxDvv8,MOOSPMv3Parser,1752127201,2,2,2,3,3,2,2,4,4,2,562,170,1489,24,16,2,16,16,0,0,16,0,27,27,34,35,20.429,72,3,36.139004,-120.368309,183.542007,6,600,58,3,e00fce6876826e255108c6bd,2025-07-10 06:00:09,2025-07-10 06:00:09,2025-07-10 06:00:09,2025-07-10
416,wHLO3nVwG9,MOOSPMv3Parser,1752127801,2,2,2,3,3,2,2,4,4,2,545,166,1503,25,16,2,16,16,0,0,16,0,27,27,36,37,19.157,98,3,36.138905,-120.368378,187.731003,7,600,58,3,e00fce6876826e255108c6bd,2025-07-10 06:10:04,2025-07-10 06:10:04,2025-07-10 06:10:04,2025-07-10
426,zBRy0H50y7,MOOSPMv3Parser,1752128401,2,2,2,3,3,2,2,3,3,2,545,164,1518,24,17,2,17,17,0,0,17,0,26,27,38,39,18.624,132,3,36.139053,-120.368385,178.460999,7,600,58,3,e00fce6876826e255108c6bd,2025-07-10 06:20:03,2025-07-10 06:20:03,2025-07-10 06:20:03,2025-07-10
438,emcsXxBbLF,MOOSPMv3Parser,1752129001,2,2,2,3,3,2,2,4,4,2,555,171,1532,26,16,2,16,16,0,0,16,0,26,26,40,41,17.04,147,2,36.139061,-120.368347,169.477005,4,600,58,3,e00fce6876826e255108c6bd,2025-07-10 06:30:03,2025-07-10 06:30:03,2025-07-10 06:30:03,2025-07-10
451,AfhPIDVIHl,MOOSPMv3Parser,1752129601,2,2,2,4,4,2,2,4,4,2,597,182,1547,27,17,1,17,17,0,0,17,0,26,26,38,39,15.221,277,2,36.139011,-120.368294,188.649002,8,600,58,3,e00fce6876826e255108c6bd,2025-07-10 06:40:04,2025-07-10 06:40:05,2025-07-10 06:40:05,2025-07-10
462,QgJ97qKEj1,MOOSPMv3Parser,1752130201,2,2,2,4,4,2,2,4,4,2,602,184,1562,28,18,1,18,18,0,0,18,0,25,25,36,37,15.89,295,1,36.139004,-120.368263,206.442993,6,600,58,3,e00fce6876826e255108c6bd,2025-07-10 06:50:05,2025-07-10 06:50:05,2025-07-10 06:50:05,2025-07-10
473,AwO0JUL8H1,MOOSPMv3Parser,1752130801,3,3,3,4,4,3,3,5,5,3,605,188,1580,29,20,2,20,20,0,0,20,0,25,25,37,39,17.835,174,1,36.139004,-120.368401,145.929001,8,600,58,3,e00fce6876826e255108c6bd,2025-07-10 07:00:09,2025-07-10 07:00:09,2025-07-10 07:00:09,2025-07-10
482,cvoEBVkKgU,MOOSPMv3Parser,1752131401,3,3,4,5,5,4,4,7,7,4,679,208,1604,38,28,5,28,28,0,0,28,0,25,25,38,39,17.667,157,2,36.138973,-120.368309,194.895004,7,600,58,3,e00fce6876826e255108c6bd,2025-07-10 07:10:03,2025-07-10 07:10:04,2025-07-10 07:10:04,2025-07-10
495,Zd5vHP6fGI,MOOSPMv3Parser,1752132001,2,2,2,4,4,3,3,4,4,3,589,179,1621,26,19,2,19,19,0,0,19,0,25,25,38,40,17.723,142,2,36.139057,-120.368317,164.557999,8,600,58,3,e00fce6876826e255108c6bd,2025-07-10 07:20:04,2025-07-10 07:20:04,2025-07-10 07:20:04,2025-07-10
504,Rr6AdJCiAB,MOOSPMv3Parser,1752132601,2,2,2,4,4,3,3,4,4,3,609,188,1638,26,19,2,20,20,0,0,20,0,24,24,38,40,17.897,137,2,36.138981,-120.368362,161.393997,6,600,58,3,e00fce6876826e255108c6bd,2025-07-10 07:30:04,2025-07-10 07:30:04,2025-07-10 07:30:04,2025-07-10
514,tphFmhI170,MOOSPMv3Parser,1752133201,2,2,2,4,4,2,2,4,4,2,578,176,1653,26,17,1,17,17,0,0,17,0,24,24,40,42,17.726,161,2,36.139004,-120.368294,179.367004,7,600,58,3,e00fce6876826e255108c6bd,2025-07-10 07:40:04,2025-07-10 07:40:04,2025-07-10 07:40:04,2025-07-10
525,881M1OAU2l,MOOSPMv3Parser,1752133801,2,2,2,4,4,2,2,4,4,2,587,180,1668,24,17,2,17,17,0,0,17,0,24,24,38,40,16.834,165,2,36.138988,-120.368248,179.526993,6,600,58,3,e00fce6876826e255108c6bd,2025-07-10 07:50:04,2025-07-10 07:50:04,2025-07-10 07:50:04,2025-07-10
534,AzGnX3TcFy,MOOSPMv3Parser,1752134401,3,3,2,4,4,2,2,4,4,2,591,181,1683,28,17,2,18,18,0,0,18,0,23,23,41,43,18.012,139,2,36.13913,-120.368088,175.255997,6,600,58,3,e00fce6876826e255108c6bd,2025-07-10 08:00:03,2025-07-10 08:00:04,2025-07-10 08:00:04,2025-07-10
544,cDXzcsiHLy,MOOSPMv3Parser,1752135001,2,2,2,4,4,2,2,4,4,2,583,181,1699,27,18,1,18,18,0,0,18,0,23,23,40,41,18.344,137,2,36.139023,-120.368347,181.466003,5,600,58,3,e00fce6876826e255108c6bd,2025-07-10 08:10:04,2025-07-10 08:10:04,2025-07-10 08:10:04,2025-07-10
554,JESq3guDTW,MOOSPMv3Parser,1752135601,2,2,2,4,4,2,2,4,4,2,597,181,1715,25,18,2,18,18,0,0,18,0,23,23,43,45,19.047,82,2,36.139023,-120.368347,181.470001,0,600,58,3,e00fce6876826e255108c6bd,2025-07-10 08:20:03,2025-07-10 08:20:04,2025-07-10 08:20:04,2025-07-10
565,MEctdg9d0e,MOOSPMv3Parser,1752136201,3,3,2,4,4,2,2,4,4,2,605,184,1730,24,18,2,18,18,0,0,18,0,23,23,43,45,16.812,168,2,36.139141,-120.368217,187.251999,6,600,58,3,e00fce6876826e255108c6bd,2025-07-10 08:30:04,2025-07-10 08:30:04,2025-07-10 08:30:04,2025-07-10
574,kXZhGr5k6s,MOOSPMv3Parser,1752136801,3,3,2,4,4,3,3,4,4,3,617,187,1747,25,20,3,20,20,0,0,20,0,23,23,42,44,17.292,174,1,36.138927,-120.368317,178.960999,7,600,58,3,e00fce6876826e255108c6bd,2025-07-10 08:40:03,2025-07-10 08:40:04,2025-07-10 08:40:04,2025-07-10
584,Dx7ISqie8F,MOOSPMv3Parser,1752137401,3,3,2,4,4,2,2,5,5,2,618,188,1763,29,18,2,18,18,0,0,18,0,23,23,42,44,19.344,80,2,36.139034,-120.368179,182.490005,5,600,58,3,e00fce6876826e255108c6bd,2025-07-10 08:50:04,2025-07-10 08:50:04,2025-07-10 08:50:04,2025-07-10
594,ClSCDuocCe,MOOSPMv3Parser,1752138001,2,2,2,4,4,2,2,4,4,2,555,168,1778,27,17,3,17,17,0,0,17,0,23,23,40,43,19.828,69,2,36.139015,-120.368408,184.953995,7,600,58,3,e00fce6876826e255108c6bd,2025-07-10 09:00:03,2025-07-10 09:00:04,2025-07-10 09:00:04,2025-07-10
605,5U8kuWZi4I,MOOSPMv3Parser,1752138601,3,3,2,4,4,2,2,4,4,2,604,186,1793,23,17,2,18,18,0,0,18,0,23,23,39,42,18.805,129,2,36.139027,-120.368286,173.533997,7,600,58,3,e00fce6876826e255108c6bd,2025-07-10 09:10:04,2025-07-10 09:10:04,2025-07-10 09:10:04,2025-07-10
1039,M6XEV34O8Y,MOOSPMv3Parser,1752168001,2,2,123,3,3,791,1343,3,3,1613,539,164,4,22,317,1,969,1107,0,0,1137,2,36,40,22,21,12.848,38,3,36.139023,-120.368294,185.414001,7,496,58,3,e00fce6876826e255108c6bd,2025-07-10 17:20:03,2025-07-10 17:20:03,2025-07-10 17:20:03,2025-07-10
1047,tRAYG0UYmB,MOOSPMv3Parser,1752168601,2,2,107,3,3,155,190,3,3,207,545,163,635,21,795,2,840,849,0,0,851,0,37,41,21,20,17.829,76,6,36.139015,-120.36837,175.421005,11,600,58,3,e00fce6876826e255108c6bd,2025-07-10 17:30:20,2025-07-10 17:30:20,2025-07-10 17:30:20,2025-07-10
1050,bYD9VmC3Os,MOOSPMv3Parser,1752169201,2,2,2,3,3,2,2,3,3,2,524,158,648,20,13,1,13,13,0,0,13,0,38,42,20,19,20.024,81,5,36.139072,-120.368317,191.942001,11,599,58,3,e00fce6876826e255108c6bd,2025-07-10 17:40:03,2025-07-10 17:40:03,2025-07-10 17:40:03,2025-07-10
1057,hTGdIIu9r9,MOOSPMv3Parser,1752169801,2,2,2,3,3,2,2,3,3,2,534,160,658,21,12,1,12,12,0,0,12,0,38,42,19,18,20.868,93,3,36.138863,-120.368324,155.606995,11,599,58,3,e00fce6876826e255108c6bd,2025-07-10 17:50:03,2025-07-10 17:50:03,2025-07-10 17:50:03,2025-07-10
1062,zkyoXTakO2,MOOSPMv3Parser,1752170401,2,2,1,3,3,1,1,3,3,1,517,155,668,21,11,1,11,11,0,0,11,0,38,43,18,17,21.743,126,2,36.138908,-120.368279,159.279999,7,599,58,3,e00fce6876826e255108c6bd,2025-07-10 18:00:08,2025-07-10 18:00:08,2025-07-10 18:00:08,2025-07-10
1066,IEBxeyDn3M,MOOSPMv3Parser,1752171001,2,2,2,3,3,2,2,3,3,2,551,164,678,21,12,2,12,12,0,0,12,0,39,43,18,17,21.549,39,1,36.138954,-120.368408,195.337997,10,599,58,3,e00fce6876826e255108c6bd,2025-07-10 18:10:03,2025-07-10 18:10:03,2025-07-10 18:10:03,2025-07-10
1070,YaGl028ANX,MOOSPMv3Parser,1752171601,2,2,2,3,3,2,2,3,3,2,515,156,689,20,12,1,12,12,0,0,12,0,39,44,18,18,21.322,59,1,36.138985,-120.368355,175.382004,10,599,58,3,e00fce6876826e255108c6bd,2025-07-10 18:20:03,2025-07-10 18:20:03,2025-07-10 18:20:03,2025-07-10
1077,uc6q1zEw7V,MOOSPMv3Parser,1752172201,2,2,2,3,3,2,2,4,4,2,589,174,698,22,12,1,12,12,0,0,12,0,39,44,19,18,22.262,65,1,36.138985,-120.368355,175.382004,0,600,58,3,e00fce6876826e255108c6bd,2025-07-10 18:30:03,2025-07-10 18:30:03,2025-07-10 18:30:03,2025-07-10
1080,v97ZiC9jCU,MOOSPMv3Parser,1752172801,2,2,2,3,3,2,2,4,4,2,590,174,709,22,13,1,13,13,0,0,13,0,39,44,19,18,22.054,65,1,36.138981,-120.368378,171.669998,12,600,58,3,e00fce6876826e255108c6bd,2025-07-10 18:40:03,2025-07-10 18:40:03,2025-07-10 18:40:03,2025-07-10
1086,sJgnLP4etR,MOOSPMv3Parser,1752173401,2,2,2,3,3,2,2,3,3,2,559,166,721,21,12,2,12,12,0,0,12,0,40,44,18,17,20.9,202,1,36.138943,-120.368362,186.311005,7,599,58,3,e00fce6876826e255108c6bd,2025-07-10 18:50:03,2025-07-10 18:50:03,2025-07-10 18:50:03,2025-07-10
1091,vaJfka6KUj,MOOSPMv3Parser,1752174001,2,2,2,3,3,2,2,3,3,2,529,154,732,20,12,1,12,12,0,0,12,0,40,44,17,17,22.101,117,1,36.138954,-120.368271,174.464996,8,599,58,3,e00fce6876826e255108c6bd,2025-07-10 19:00:03,2025-07-10 19:00:04,2025-07-10 19:00:04,2025-07-10
1096,UcADQISF1q,MOOSPMv3Parser,1752174601,2,2,2,3,3,2,2,3,3,2,559,167,743,19,13,1,13,13,0,0,13,0,40,45,17,16,22.667,32,1,36.139042,-120.368408,178.119003,5,599,58,3,e00fce6876826e255108c6bd,2025-07-10 19:10:03,2025-07-10 19:10:03,2025-07-10 19:10:03,2025-07-10
1101,OQdBXLJlBE,MOOSPMv3Parser,1752175201,2,2,2,3,3,2,2,3,3,2,551,162,753,22,12,1,12,12,0,0,12,0,40,45,16,15,22.665,16,1,36.139034,-120.368477,176.807999,5,599,58,3,e00fce6876826e255108c6bd,2025-07-10 19:20:03,2025-07-10 19:20:03,2025-07-10 19:20:03,2025-07-10
1105,gkqxbXT6wu,MOOSPMv3Parser,1752175801,2,2,2,3,3,2,2,3,3,2,549,162,764,21,12,1,12,12,0,0,12,0,40,45,16,15,23.777,4,1,36.139095,-120.368439,165.244003,5,599,58,3,e00fce6876826e255108c6bd,2025-07-10 19:30:03,2025-07-10 19:30:03,2025-07-10 19:30:03,2025-07-10
1110,LCyvHBHzHt,MOOSPMv3Parser,1752176401,2,2,2,3,3,2,2,4,4,2,598,178,773,22,12,2,12,12,0,0,12,0,40,45,16,16,23.815,2,1,36.139015,-120.368355,186.697006,5,600,58,3,e00fce6876826e255108c6bd,2025-07-10 19:40:03,2025-07-10 19:40:03,2025-07-10 19:40:03,2025-07-10
1116,sxTEYfVN5E,MOOSPMv3Parser,1752177001,2,2,2,3,3,2,2,4,4,2,606,179,783,23,12,1,12,12,0,0,12,0,40,45,17,17,24.258,2,1,36.13903,-120.368187,200.953003,7,600,58,3,e00fce6876826e255108c6bd,2025-07-10 19:50:03,2025-07-10 19:50:03,2025-07-10 19:50:03,2025-07-10
1121,QXFHel74G9,MOOSPMv3Parser,1752177601,2,2,2,3,3,2,2,4,4,2,630,184,795,22,13,1,13,13,0,0,13,0,41,45,17,17,22.902,8,1,36.139107,-120.368095,179.880005,8,600,58,3,e00fce6876826e255108c6bd,2025-07-10 20:00:03,2025-07-10 20:00:03,2025-07-10 20:00:03,2025-07-10
1125,G34rPEi3la,MOOSPMv3Parser,1752178201,2,2,2,3,3,2,2,4,4,2,617,181,806,21,13,1,13,13,0,0,13,0,41,45,17,16,22.549,26,1,36.139027,-120.368279,183.636993,6,600,58,3,e00fce6876826e255108c6bd,2025-07-10 20:10:03,2025-07-10 20:10:04,2025-07-10 20:10:04,2025-07-10
1131,Tlrosi0Zxq,MOOSPMv3Parser,1752178801,3,3,2,4,4,2,2,4,4,2,655,196,817,25,13,2,13,13,0,0,13,0,41,45,17,17,22.682,40,1,36.139027,-120.368279,183.636002,0,600,58,3,e00fce6876826e255108c6bd,2025-07-10 20:20:05,2025-07-10 20:20:05,2025-07-10 20:20:05,2025-07-10
1136,ijZ72HwPlE,MOOSPMv3Parser,1752179401,2,2,2,3,3,2,2,3,3,2,592,171,828,22,13,1,13,13,0,0,13,0,41,45,17,17,22.305,34,1,36.139011,-120.368073,195.649002,6,600,58,3,e00fce6876826e255108c6bd,2025-07-10 20:30:03,2025-07-10 20:30:03,2025-07-10 20:30:03,2025-07-10
1140,UU9H9dtAia,MOOSPMv3Parser,1752180001,2,2,2,4,4,2,2,4,4,2,627,183,839,23,13,1,13,13,0,0,13,0,42,46,17,17,21.823,75,1,36.13903,-120.368233,185.541,8,600,58,3,e00fce6876826e255108c6bd,2025-07-10 20:40:03,2025-07-10 20:40:03,2025-07-10 20:40:03,2025-07-10
1145,Gbpc4414Nz,MOOSPMv3Parser,1752180601,3,3,2,4,4,2,2,4,4,2,650,189,850,24,13,2,13,13,0,0,13,0,42,46,17,17,22.103,84,1,36.139011,-120.368141,172.550995,7,600,58,3,e00fce6876826e255108c6bd,2025-07-10 20:50:03,2025-07-10 20:50:04,2025-07-10 20:50:04,2025-07-10
1152,9kfj8mHVyI,MOOSPMv3Parser,1752181201,3,3,2,4,4,2,2,4,4,2,665,197,861,24,12,1,12,12,0,0,12,0,42,46,16,16,22.292,69,1,36.139084,-120.368309,168.718002,6,600,58,3,e00fce6876826e255108c6bd,2025-07-10 21:00:04,2025-07-10 21:00:04,2025-07-10 21:00:04,2025-07-10
1157,xcECaAKJ0T,MOOSPMv3Parser,1752181801,3,3,2,4,4,2,2,4,4,2,656,193,872,23,13,1,13,13,0,0,13,0,42,46,16,16,22.189,110,1,36.139038,-120.368225,195.003006,8,600,58,3,e00fce6876826e255108c6bd,2025-07-10 21:10:03,2025-07-10 21:10:03,2025-07-10 21:10:03,2025-07-10
1164,M3rakJc46f,MOOSPMv3Parser,1752182401,3,3,2,4,4,2,2,4,4,2,711,203,883,25,13,1,13,13,0,0,13,0,43,46,16,16,22.279,186,1,36.139019,-120.36837,181.143005,7,600,58,3,e00fce6876826e255108c6bd,2025-07-10 21:20:03,2025-07-10 21:20:03,2025-07-10 21:20:03,2025-07-10
1170,2CRROCg4gU,MOOSPMv3Parser,1752183001,3,3,2,4,4,2,2,4,4,2,698,205,894,24,13,1,13,13,0,0,13,0,42,46,16,16,23.161,89,1,36.138996,-120.368324,190.537994,6,600,58,3,e00fce6876826e255108c6bd,2025-07-10 21:30:04,2025-07-10 21:30:04,2025-07-10 21:30:04,2025-07-10
1176,PICU2CfMCR,MOOSPMv3Parser,1752183601,3,3,2,4,4,2,2,4,4,2,695,200,905,24,13,2,13,13,0,0,13,0,43,47,15,15,22.065,158,1,36.139061,-120.368393,171.304993,5,600,58,3,e00fce6876826e255108c6bd,2025-07-10 21:40:08,2025-07-10 21:40:08,2025-07-10 21:40:08,2025-07-10
1181,rzAK1Ngk7c,MOOSPMv3Parser,1752184201,3,3,2,4,4,2,2,4,4,2,673,193,916,24,12,2,12,12,0,0,12,0,43,47,15,15,22.559,120,1,36.139023,-120.368225,183.061005,7,600,58,3,e00fce6876826e255108c6bd,2025-07-10 21:50:03,2025-07-10 21:50:03,2025-07-10 21:50:03,2025-07-10
1187,bC5SVwkkGD,MOOSPMv3Parser,1752184801,3,3,2,4,4,2,2,4,4,2,672,190,926,23,12,1,12,12,0,0,12,0,43,47,14,15,22.08,175,1,36.138992,-120.368156,178.296005,8,600,58,3,e00fce6876826e255108c6bd,2025-07-10 22:00:03,2025-07-10 22:00:03,2025-07-10 22:00:03,2025-07-10
1192,gNKUODLyTZ,MOOSPMv3Parser,1752185401,2,2,1,3,3,1,1,3,3,1,631,178,936,20,11,1,11,11,0,0,11,0,43,47,14,14,23.229,60,1,36.138992,-120.368156,178.298004,0,600,58,3,e00fce6876826e255108c6bd,2025-07-10 22:10:03,2025-07-10 22:10:03,2025-07-10 22:10:03,2025-07-10
1199,hkFE3P8eUx,MOOSPMv3Parser,1752186001,2,2,1,3,3,1,1,3,3,1,631,176,945,22,11,1,11,11,0,0,11,0,43,47,15,15,22.894,103,1,36.138988,-120.368301,181.794998,8,600,58,3,e00fce6876826e255108c6bd,2025-07-10 22:20:03,2025-07-10 22:20:04,2025-07-10 22:20:04,2025-07-10
1205,oGtGd19GID,MOOSPMv3Parser,1752186601,2,2,1,3,3,2,2,3,3,2,628,179,955,20,11,1,11,11,0,0,11,0,43,47,15,15,23.357,108,1,36.138988,-120.368141,187.380005,7,600,58,3,e00fce6876826e255108c6bd,2025-07-10 22:30:03,2025-07-10 22:30:03,2025-07-10 22:30:03,2025-07-10
1213,J17b84wMPP,MOOSPMv3Parser,1752187201,2,2,1,3,3,1,1,3,3,1,617,175,965,22,11,1,11,11,0,0,11,0,43,47,14,14,22.86,73,1,36.138996,-120.367989,199.270004,6,600,58,3,e00fce6876826e255108c6bd,2025-07-10 22:40:03,2025-07-10 22:40:03,2025-07-10 22:40:03,2025-07-10
1220,CnKkWqAuBK,MOOSPMv3Parser,1752187801,2,2,1,3,3,2,2,3,3,2,615,175,974,20,11,1,11,11,0,0,11,0,43,47,14,14,23.741,36,1,36.138981,-120.368347,179.395004,6,600,58,3,e00fce6876826e255108c6bd,2025-07-10 22:50:07,2025-07-10 22:50:07,2025-07-10 22:50:07,2025-07-10
1225,UroZveOMGo,MOOSPMv3Parser,1752188401,2,2,1,3,3,1,1,3,3,1,563,161,984,22,11,1,11,11,0,0,11,0,43,46,15,16,24.113,16,1,36.138977,-120.368263,196.276993,8,600,58,3,e00fce6876826e255108c6bd,2025-07-10 23:00:03,2025-07-10 23:00:03,2025-07-10 23:00:03,2025-07-10
1234,uYkWkXSdm0,MOOSPMv3Parser,1752189001,2,2,1,3,3,1,1,3,3,1,537,152,993,17,10,1,10,10,0,0,10,0,43,46,13,14,23.993,17,1,36.139084,-120.36834,189.434998,6,600,58,3,e00fce6876826e255108c6bd,2025-07-10 23:10:03,2025-07-10 23:10:03,2025-07-10 23:10:03,2025-07-10
1241,ATkPDEgdsL,MOOSPMv3Parser,1752189601,2,2,1,3,3,2,2,3,3,2,565,162,1003,21,11,1,11,11,0,0,11,0,43,46,13,14,24.873,3,1,36.139027,-120.368324,180.343994,9,600,58,3,e00fce6876826e255108c6bd,2025-07-10 23:20:03,2025-07-10 23:20:03,2025-07-10 23:20:03,2025-07-10
1248,qqhlr4sERG,MOOSPMv3Parser,1752190201,2,2,1,3,3,2,2,3,3,2,574,166,1013,19,12,1,12,12,0,0,12,0,43,45,14,15,24.371,3,1,36.139069,-120.368401,173.552994,12,600,58,3,e00fce6876826e255108c6bd,2025-07-10 23:30:04,2025-07-10 23:30:04,2025-07-10 23:30:04,2025-07-10
1254,ZnH9FCkgY9,MOOSPMv3Parser,1752190801,2,2,2,3,3,2,2,3,3,2,556,164,1023,20,12,1,12,12,0,0,12,0,43,45,14,15,24.22,3,1,36.139027,-120.368324,187.287994,7,600,58,3,e00fce6876826e255108c6bd,2025-07-10 23:40:03,2025-07-10 23:40:04,2025-07-10 23:40:04,2025-07-10
1262,kw7ciQXHAa,MOOSPMv3Parser,1752191401,2,2,1,3,3,2,2,3,3,2,563,166,1033,20,12,1,12,12,0,0,12,0,43,45,14,15,24.356,3,1,36.138977,-120.368362,181.311005,9,600,58,3,e00fce6876826e255108c6bd,2025-07-10 23:50:03,2025-07-10 23:50:03,2025-07-10 23:50:03,2025-07-10
6,5ME0xdgRjN,MOOSPMv3Parser,1752192001,2,2,1,3,3,2,2,3,3,2,558,163,1043,20,11,1,11,11,0,0,12,0,43,44,15,16,24.86,2,1,36.138977,-120.368362,181.309998,0,600,58,3,e00fce6876826e255108c6bd,2025-07-11 00:00:03,2025-07-11 00:00:03,2025-07-11 00:00:03,2025-07-11
13,bUetcFc3ET,MOOSPMv3Parser,1752192601,2,2,1,3,3,2,2,3,3,2,543,158,1053,17,11,1,11,11,0,0,11,0,43,44,14,15,25.121,2,1,36.139023,-120.368317,178.850006,11,600,58,3,e00fce6876826e255108c6bd,2025-07-11 00:10:03,2025-07-11 00:10:03,2025-07-11 00:10:03,2025-07-11
22,62NLyCi2ir,MOOSPMv3Parser,1752193201,2,2,2,3,3,2,2,3,3,2,521,151,1063,19,12,1,12,12,0,0,12,0,42,44,15,16,25.197,2,1,36.138939,-120.368263,199.679993,6,600,58,3,e00fce6876826e255108c6bd,2025-07-11 00:20:04,2025-07-11 00:20:04,2025-07-11 00:20:04,2025-07-11
30,Y6oDYsotG5,MOOSPMv3Parser,1752193801,2,2,1,3,3,2,2,4,4,2,572,171,1073,24,12,2,12,12,0,0,12,0,42,43,15,16,25.393,2,2,36.138981,-120.367989,207.610992,7,600,58,3,e00fce6876826e255108c6bd,2025-07-11 00:30:03,2025-07-11 00:30:04,2025-07-11 00:30:04,2025-07-11
38,F7ymFyk2GF,MOOSPMv3Parser,1752194401,2,2,1,3,3,2,2,3,3,2,529,157,1083,19,12,1,12,12,0,0,12,0,42,43,15,16,25.347,2,2,36.139015,-120.368332,187.104996,5,600,58,3,e00fce6876826e255108c6bd,2025-07-11 00:40:03,2025-07-11 00:40:03,2025-07-11 00:40:03,2025-07-11
45,VV4YLZIxVw,MOOSPMv3Parser,1752195001,2,2,2,3,3,2,2,3,3,2,518,155,1094,21,12,1,12,12,0,0,12,0,42,42,14,16,25.954,1,2,36.139057,-120.368401,185.373993,6,600,58,3,e00fce6876826e255108c6bd,2025-07-11 00:50:04,2025-07-11 00:50:04,2025-07-11 00:50:04,2025-07-11
53,dXTczs0BEG,MOOSPMv3Parser,1752195601,2,2,1,2,2,2,2,3,3,2,486,143,1104,19,11,0,11,11,0,0,11,0,42,42,15,16,26.674,1,2,36.139015,-120.368477,189.602005,7,600,58,3,e00fce6876826e255108c6bd,2025-07-11 01:00:03,2025-07-11 01:00:03,2025-07-11 01:00:03,2025-07-11
62,8lySsPdngi,MOOSPMv3Parser,1752196201,2,2,1,3,3,1,1,3,3,1,497,148,1113,19,11,1,11,11,0,0,11,0,41,42,15,17,25.847,1,2,36.139076,-120.368515,162.044006,7,600,58,3,e00fce6876826e255108c6bd,2025-07-11 01:10:03,2025-07-11 01:10:03,2025-07-11 01:10:03,2025-07-11
68,kJu5DctLjz,MOOSPMv3Parser,1752196801,2,2,1,3,3,2,2,3,3,2,531,160,1123,19,12,1,12,12,0,0,12,0,41,41,15,17,26.191,2,2,36.138981,-120.368294,169.858002,7,600,58,3,e00fce6876826e255108c6bd,2025-07-11 01:20:03,2025-07-11 01:20:03,2025-07-11 01:20:03,2025-07-11
77,KJ2dJhdRVy,MOOSPMv3Parser,1752197401,2,2,2,3,3,2,2,3,3,2,477,142,1134,20,12,1,12,12,0,0,12,0,41,41,14,16,26.514,2,3,36.139095,-120.368492,189.003006,6,600,58,3,e00fce6876826e255108c6bd,2025-07-11 01:30:03,2025-07-11 01:30:03,2025-07-11 01:30:03,2025-07-11
85,oW1VSlEceM,MOOSPMv3Parser,1752198001,2,2,3,4,4,4,4,5,5,4,543,162,1152,30,21,4,22,22,0,0,22,1,41,40,15,17,26.936,2,3,36.139107,-120.368248,173.442001,5,600,58,3,e00fce6876826e255108c6bd,2025-07-11 01:40:03,2025-07-11 01:40:03,2025-07-11 01:40:03,2025-07-11
94,u8jtc83a6Z,MOOSPMv3Parser,1752198601,2,2,1,2,2,2,2,2,2,2,468,140,1160,18,10,1,11,11,0,0,11,1,40,40,15,17,26.99,2,3,36.139107,-120.368248,173.438004,0,600,58,3,e00fce6876826e255108c6bd,2025-07-11 01:50:03,2025-07-11 01:50:03,2025-07-11 01:50:03,2025-07-11
101,zhDnSSYVbm,MOOSPMv3Parser,1752199201,1,1,1,2,2,1,1,3,3,1,432,130,1170,18,11,1,11,11,0,0,11,0,40,40,16,18,26.668,2,3,36.138985,-120.36834,175.371994,6,600,58,3,e00fce6876826e255108c6bd,2025-07-11 02:00:03,2025-07-11 02:00:03,2025-07-11 02:00:03,2025-07-11
109,f4UJRzGgIP,MOOSPMv3Parser,1752199801,1,1,1,2,2,2,2,3,3,2,424,127,1180,17,11,2,11,11,0,0,11,0,40,39,16,18,27.156,3,4,36.139019,-120.368393,197.466003,7,600,58,3,e00fce6876826e255108c6bd,2025-07-11 02:10:03,2025-07-11 02:10:03,2025-07-11 02:10:03,2025-07-11
117,2KPIgsM0Ah,MOOSPMv3Parser,1752200401,2,2,1,2,2,2,2,3,3,2,446,135,1189,18,11,1,11,11,0,0,11,0,39,39,15,18,28.351,3,4,36.139,-120.368423,179.992004,9,600,58,3,e00fce6876826e255108c6bd,2025-07-11 02:20:03,2025-07-11 02:20:03,2025-07-11 02:20:03,2025-07-11
126,2ZqS5NcEp2,MOOSPMv3Parser,1752201001,2,2,2,3,3,2,2,3,3,2,470,140,1200,20,12,1,12,12,0,0,12,0,38,38,16,18,27.794,3,5,36.139046,-120.36837,187.897995,8,600,58,3,e00fce6876826e255108c6bd,2025-07-11 02:30:03,2025-07-11 02:30:03,2025-07-11 02:30:03,2025-07-11
133,mWPBqBt4yk,MOOSPMv3Parser,1752201601,1,1,1,2,2,2,2,2,2,2,437,127,1210,19,11,1,11,11,0,0,11,0,37,38,17,19,28.317,3,5,36.139149,-120.368431,182.162994,8,600,58,3,e00fce6876826e255108c6bd,2025-07-11 02:40:03,2025-07-11 02:40:03,2025-07-11 02:40:03,2025-07-11
142,7eBHcpydww,MOOSPMv3Parser,1752202201,2,2,2,2,2,2,2,3,3,2,439,133,1220,17,12,1,12,12,0,0,12,0,37,37,18,19,28.708,3,6,36.138947,-120.368263,172.878006,7,600,58,3,e00fce6876826e255108c6bd,2025-07-11 02:50:05,2025-07-11 02:50:05,2025-07-11 02:50:05,2025-07-11
149,Oz1ecj2sfW,MOOSPMv3Parser,1752202801,2,2,2,3,3,2,2,3,3,2,540,163,1232,22,14,1,14,14,0,0,14,0,36,37,20,21,28.825,3,7,36.139103,-120.36853,184.847,6,600,58,3,e00fce6876826e255108c6bd,2025-07-11 03:00:03,2025-07-11 03:00:03,2025-07-11 03:00:03,2025-07-11
158,CY8vJGWNqy,MOOSPMv3Parser,1752203401,2,2,2,4,4,2,2,4,4,2,597,179,1247,24,16,1,16,16,0,0,16,0,35,36,22,23,26.262,6,7,36.13903,-120.368538,165.807007,7,600,58,3,e00fce6876826e255108c6bd,2025-07-11 03:10:03,2025-07-11 03:10:03,2025-07-11 03:10:03,2025-07-11
166,B1YPFnPI8c,MOOSPMv3Parser,1752204001,3,3,2,4,4,2,2,5,5,2,675,204,1262,30,18,2,18,18,0,0,18,0,35,35,22,24,24.863,13,6,36.139172,-120.3685,204.412994,7,600,58,3,e00fce6876826e255108c6bd,2025-07-11 03:20:03,2025-07-11 03:20:04,2025-07-11 03:20:04,2025-07-11
173,rYHAdNPFgb,MOOSPMv3Parser,1752204601,2,2,2,4,4,2,2,5,5,2,677,206,1277,29,18,2,18,18,0,0,18,0,34,35,23,24,25.156,20,5,36.139172,-120.3685,204.414993,0,600,58,3,e00fce6876826e255108c6bd,2025-07-11 03:30:03,2025-07-11 03:30:04,2025-07-11 03:30:04,2025-07-11
181,7fNSy2bcEy,MOOSPMv3Parser,1752205201,3,3,2,4,4,2,2,4,4,2,642,194,1293,28,18,1,18,18,0,0,18,0,34,34,24,25,24.439,22,5,36.139175,-120.368767,200.492996,6,600,58,3,e00fce6876826e255108c6bd,2025-07-11 03:40:03,2025-07-11 03:40:04,2025-07-11 03:40:04,2025-07-11
189,AAPuNMNoj2,MOOSPMv3Parser,1752205801,2,2,2,4,4,2,2,4,4,2,622,188,1308,26,17,2,17,17,0,0,17,0,34,34,24,25,23.272,27,5,36.138931,-120.368279,171.376999,5,600,58,3,e00fce6876826e255108c6bd,2025-07-11 03:50:04,2025-07-11 03:50:04,2025-07-11 03:50:04,2025-07-11
198,XdpBJ1rlEa,MOOSPMv3Parser,1752206401,3,3,2,4,4,2,2,4,4,2,667,204,1323,27,17,2,17,17,0,0,17,0,33,33,24,26,23.047,33,4,36.138981,-120.368217,180.768005,6,600,58,3,e00fce6876826e255108c6bd,2025-07-11 04:00:04,2025-07-11 04:00:04,2025-07-11 04:00:04,2025-07-11
206,99JG4V09sc,MOOSPMv3Parser,1752207001,3,3,3,4,4,3,3,5,5,3,698,212,1340,30,20,2,20,20,0,0,20,0,33,33,24,26,23.124,43,4,36.138996,-120.368317,175.358002,6,600,58,3,e00fce6876826e255108c6bd,2025-07-11 04:10:08,2025-07-11 04:10:08,2025-07-11 04:10:08,2025-07-11
214,1sGtrP8OON,MOOSPMv3Parser,1752207601,3,3,3,4,4,3,3,5,5,3,651,199,1358,31,21,2,21,21,0,0,21,0,33,33,25,27,23.687,27,5,36.139015,-120.368446,191.699997,5,600,58,3,e00fce6876826e255108c6bd,2025-07-11 04:20:04,2025-07-11 04:20:04,2025-07-11 04:20:04,2025-07-11
222,jX8wFaUXlq,MOOSPMv3Parser,1752208201,2,2,2,4,4,2,2,4,4,2,620,190,1374,27,18,2,18,18,0,0,18,0,32,32,24,27,21.74,77,4,36.139015,-120.368225,181.369003,6,600,58,3,e00fce6876826e255108c6bd,2025-07-11 04:30:03,2025-07-11 04:30:03,2025-07-11 04:30:03,2025-07-11
230,CAW6f2xDIe,MOOSPMv3Parser,1752208801,3,3,2,4,4,2,2,4,4,2,603,185,1389,25,18,2,18,18,0,0,18,0,32,32,24,27,23.621,29,4,36.139004,-120.368416,171.050003,5,600,58,3,e00fce6876826e255108c6bd,2025-07-11 04:40:19,2025-07-11 04:40:19,2025-07-11 04:40:19,2025-07-11
238,3PAJGOcLhE,MOOSPMv3Parser,1752209401,3,3,2,4,4,2,2,4,4,2,631,192,1404,25,17,1,17,17,0,0,17,0,31,31,27,29,22.641,52,4,36.139061,-120.368248,208.537994,7,600,58,3,e00fce6876826e255108c6bd,2025-07-11 04:50:04,2025-07-11 04:50:04,2025-07-11 04:50:04,2025-07-11
245,7yPXQ4j4AP,MOOSPMv3Parser,1752210001,3,3,2,4,4,3,3,5,5,3,693,210,1421,28,19,2,19,19,0,0,19,0,31,31,27,28,21.229,80,4,36.139091,-120.368393,188.436996,7,600,58,3,e00fce6876826e255108c6bd,2025-07-11 05:00:04,2025-07-11 05:00:04,2025-07-11 05:00:04,2025-07-11
254,h9hdH7fzyw,MOOSPMv3Parser,1752210601,3,3,2,5,5,3,3,5,5,3,759,228,1438,29,19,1,20,20,0,0,20,0,31,30,28,30,24.339,22,4,36.13905,-120.368301,182.207001,7,600,58,3,e00fce6876826e255108c6bd,2025-07-11 05:10:04,2025-07-11 05:10:04,2025-07-11 05:10:04,2025-07-11
262,QJtHOJn0S2,MOOSPMv3Parser,1752211201,3,3,2,4,4,3,3,4,4,3,652,198,1454,26,19,2,19,19,0,0,19,0,30,30,27,30,23.551,38,5,36.13905,-120.368301,182.207993,0,600,58,3,e00fce6876826e255108c6bd,2025-07-11 05:20:04,2025-07-11 05:20:04,2025-07-11 05:20:04,2025-07-11
269,qGngajC0Ln,MOOSPMv3Parser,1752211801,3,3,2,4,4,3,3,5,5,3,671,204,1471,32,19,3,19,19,0,0,19,0,30,30,27,30,23.047,41,5,36.139172,-120.368248,195.737,8,600,58,3,e00fce6876826e255108c6bd,2025-07-11 05:30:04,2025-07-11 05:30:04,2025-07-11 05:30:04,2025-07-11
276,J1cONidDIF,MOOSPMv3Parser,1752212401,3,3,2,4,4,2,2,5,5,2,669,203,1487,26,18,2,18,18,0,0,18,0,30,29,29,31,22.036,64,5,36.138996,-120.368393,176.947998,7,600,58,3,e00fce6876826e255108c6bd,2025-07-11 05:40:04,2025-07-11 05:40:04,2025-07-11 05:40:04,2025-07-11
283,MPZCuQQqla,MOOSPMv3Parser,1752213001,3,3,2,4,4,3,3,4,4,3,630,192,1503,25,19,2,19,19,0,0,19,0,29,29,29,31,19.761,141,3,36.139027,-120.368408,167.975006,8,600,58,3,e00fce6876826e255108c6bd,2025-07-11 05:50:04,2025-07-11 05:50:05,2025-07-11 05:50:05,2025-07-11
291,JMtGvdZBDO,MOOSPMv3Parser,1752213601,2,2,2,4,4,2,2,4,4,2,618,187,1518,29,17,2,18,18,0,0,18,0,29,29,29,31,22.612,63,3,36.139027,-120.368317,178.759003,7,600,58,3,e00fce6876826e255108c6bd,2025-07-11 06:00:05,2025-07-11 06:00:05,2025-07-11 06:00:05,2025-07-11
299,lICiT1Z2iP,MOOSPMv3Parser,1752214201,3,3,2,4,4,2,2,4,4,2,622,191,1533,25,17,1,17,17,0,0,17,0,28,28,28,30,22.937,54,4,36.138985,-120.368423,175.403,7,600,58,3,e00fce6876826e255108c6bd,2025-07-11 06:10:04,2025-07-11 06:10:04,2025-07-11 06:10:04,2025-07-11
307,mbXinpKDfk,MOOSPMv3Parser,1752214801,2,2,2,4,4,2,2,4,4,2,611,185,1547,22,17,1,17,17,0,0,17,0,29,28,27,30,23.784,34,5,36.138935,-120.3685,175.093002,7,600,58,3,e00fce6876826e255108c6bd,2025-07-11 06:20:04,2025-07-11 06:20:04,2025-07-11 06:20:04,2025-07-11
315,Gcpyd8UogE,MOOSPMv3Parser,1752215401,4,4,4,7,7,4,4,7,7,4,910,277,1574,44,31,4,31,31,0,0,31,0,28,28,29,31,19.792,138,4,36.139046,-120.368309,178.871994,8,600,58,3,e00fce6876826e255108c6bd,2025-07-11 06:30:04,2025-07-11 06:30:04,2025-07-11 06:30:04,2025-07-11
323,4ADFvOw1Ur,MOOSPMv3Parser,1752216001,3,3,3,5,5,3,3,5,5,3,696,212,1593,29,22,1,22,22,0,0,22,0,28,27,30,32,19.602,259,2,36.139034,-120.368355,192.184998,7,600,58,3,e00fce6876826e255108c6bd,2025-07-11 06:40:04,2025-07-11 06:40:04,2025-07-11 06:40:04,2025-07-11
331,ZQqBZOg2BL,MOOSPMv3Parser,1752216601,3,3,2,4,4,2,2,5,5,2,666,203,1609,29,18,2,18,18,0,0,18,0,28,27,30,33,18.712,375,2,36.138977,-120.368271,177.626999,8,600,58,3,e00fce6876826e255108c6bd,2025-07-11 06:50:03,2025-07-11 06:50:04,2025-07-11 06:50:04,2025-07-11
339,AFIadyJOdi,MOOSPMv3Parser,1752217201,3,3,2,4,4,2,2,5,5,2,648,198,1625,27,18,3,18,18,0,0,18,0,27,27,31,33,18.454,376,2,36.139,-120.368301,159.188004,8,600,58,3,e00fce6876826e255108c6bd,2025-07-11 07:00:04,2025-07-11 07:00:04,2025-07-11 07:00:04,2025-07-11
345,Wo6I32IIlq,MOOSPMv3Parser,1752217801,3,3,3,4,4,3,3,4,4,3,630,192,1642,27,20,2,20,20,0,0,20,0,27,27,32,34,17.269,419,2,36.139,-120.368301,159.190002,0,600,58,3,e00fce6876826e255108c6bd,2025-07-11 07:10:03,2025-07-11 07:10:04,2025-07-11 07:10:04,2025-07-11
355,ilH6uJ3vUb,MOOSPMv3Parser,1752218401,3,3,2,4,4,3,3,4,4,3,621,191,1659,27,19,2,19,19,0,0,19,0,27,26,34,36,18.377,362,2,36.138966,-120.368309,182.929993,7,600,58,3,e00fce6876826e255108c6bd,2025-07-11 07:20:08,2025-07-11 07:20:08,2025-07-11 07:20:08,2025-07-11
363,tRoEnDNiSk,MOOSPMv3Parser,1752219001,3,3,3,4,4,3,3,5,5,3,670,207,1677,29,21,2,21,21,0,0,21,0,26,26,34,36,16.317,408,2,36.139027,-120.36837,186.210999,7,600,58,3,e00fce6876826e255108c6bd,2025-07-11 07:30:03,2025-07-11 07:30:04,2025-07-11 07:30:04,2025-07-11
368,2E5PA7KsQP,MOOSPMv3Parser,1752219601,3,3,2,5,5,3,3,5,5,3,668,205,1694,32,19,3,20,20,0,0,20,0,26,26,36,38,15.587,442,1,36.138988,-120.368431,165.386002,8,600,58,3,e00fce6876826e255108c6bd,2025-07-11 07:40:04,2025-07-11 07:40:04,2025-07-11 07:40:04,2025-07-11
377,An2AaRawW7,MOOSPMv3Parser,1752220201,3,3,2,4,4,3,3,5,5,3,631,192,1711,27,19,2,19,19,0,0,19,0,26,26,35,37,15.68,424,1,36.138859,-120.368401,168.311005,7,600,58,3,e00fce6876826e255108c6bd,2025-07-11 07:50:04,2025-07-11 07:50:04,2025-07-11 07:50:04,2025-07-11
384,gvz04k3qvL,MOOSPMv3Parser,1752220801,3,3,3,5,5,3,3,5,5,3,684,209,1729,30,21,2,21,21,0,0,21,0,25,25,35,37,14.093,474,1,36.139042,-120.36837,166.391998,5,600,58,3,e00fce6876826e255108c6bd,2025-07-11 08:00:04,2025-07-11 08:00:04,2025-07-11 08:00:04,2025-07-11
390,8LurrCwyBP,MOOSPMv3Parser,1752221401,3,3,3,5,5,3,3,5,5,3,767,234,1750,34,24,2,24,24,0,0,24,0,25,25,39,41,13.888,482,1,36.138992,-120.368416,163.192993,6,600,58,3,e00fce6876826e255108c6bd,2025-07-11 08:10:04,2025-07-11 08:10:04,2025-07-11 08:10:04,2025-07-11
397,wFMKYVkkTB,MOOSPMv3Parser,1752222001,3,3,3,5,5,3,3,5,5,3,701,215,1770,35,23,3,24,24,0,0,24,0,25,25,36,39,13.507,469,1,36.139053,-120.368423,180.207993,7,600,58,3,e00fce6876826e255108c6bd,2025-07-11 08:20:04,2025-07-11 08:20:04,2025-07-11 08:20:04,2025-07-11
404,O24OesQ0Ux,MOOSPMv3Parser,1752222601,3,3,3,5,5,3,3,5,5,3,705,216,1789,32,22,2,22,22,0,0,22,0,25,25,39,41,14.049,470,1,36.139149,-120.368279,225.875,7,600,58,3,e00fce6876826e255108c6bd,2025-07-11 08:30:04,2025-07-11 08:30:04,2025-07-11 08:30:04,2025-07-11
411,UBSUCqAinx,MOOSPMv3Parser,1752223201,3,3,3,4,4,3,3,5,5,3,681,208,1808,30,21,3,22,22,0,0,22,0,25,24,38,40,12.521,481,1,36.138985,-120.368332,170.703995,5,600,58,3,e00fce6876826e255108c6bd,2025-07-11 08:40:04,2025-07-11 08:40:04,2025-07-11 08:40:04,2025-07-11
418,EU9yCbtvfb,MOOSPMv3Parser,1752223801,3,3,3,5,5,3,3,5,5,3,685,207,1826,31,21,3,21,21,0,0,21,0,24,24,40,42,12.792,485,1,36.138981,-120.368431,190.843002,6,600,58,3,e00fce6876826e255108c6bd,2025-07-11 08:50:04,2025-07-11 08:50:04,2025-07-11 08:50:04,2025-07-11
425,wyUz1vUIUK,MOOSPMv3Parser,1752224401,2,2,3,4,4,3,3,4,4,3,630,194,1843,28,20,2,20,20,0,0,20,0,24,24,37,39,13.834,475,1,36.138981,-120.368431,190.839005,0,600,58,3,e00fce6876826e255108c6bd,2025-07-11 09:00:04,2025-07-11 09:00:04,2025-07-11 09:00:04,2025-07-11
432,7NwRmxxAKf,MOOSPMv3Parser,1752225001,3,3,3,4,4,3,3,5,5,3,668,204,1861,29,21,3,21,21,0,0,21,0,24,24,38,41,14.51,447,1,36.139027,-120.368317,170.699005,10,600,58,3,e00fce6876826e255108c6bd,2025-07-11 09:10:03,2025-07-11 09:10:04,2025-07-11 09:10:04,2025-07-11
439,zH4FKYwtp6,MOOSPMv3Parser,1752225601,3,3,3,4,4,3,3,5,5,3,670,205,1879,29,20,2,20,20,0,0,20,0,24,24,38,40,13.774,468,1,36.139,-120.368454,164.358002,8,600,58,3,e00fce6876826e255108c6bd,2025-07-11 09:20:04,2025-07-11 09:20:04,2025-07-11 09:20:04,2025-07-11
722,Upnxscob1z,MOOSPMv3Parser,1752254401,12,12,152,16,16,753,1249,17,17,1492,2069,631,151,98,603,5,1190,1314,0,0,1342,1,41,44,19,18,12.339,40,2,36.139103,-120.368202,196.003998,7,508,58,3,e00fce6876826e255108c6bd,2025-07-11 17:20:02,2025-07-11 17:20:02,2025-07-11 17:20:02,2025-07-11
732,QyZI8ZIai0,MOOSPMv3Parser,1752255001,11,11,113,15,15,120,121,15,15,121,1892,578,896,87,885,4,889,890,0,0,890,0,41,45,18,18,18.439,96,4,36.138935,-120.368324,160.639999,7,599,58,3,e00fce6876826e255108c6bd,2025-07-11 17:30:02,2025-07-11 17:30:03,2025-07-11 17:30:03,2025-07-11
743,y3B9HUEPnx,MOOSPMv3Parser,1752255601,12,12,7,16,16,7,7,17,17,7,2079,629,944,100,54,4,54,54,0,0,54,0,42,46,17,17,19.975,85,3,36.138847,-120.368378,151.483002,7,599,58,3,e00fce6876826e255108c6bd,2025-07-11 17:40:03,2025-07-11 17:40:03,2025-07-11 17:40:03,2025-07-11
745,8i56PDIAwQ,MOOSPMv3Parser,1752256201,11,11,6,16,16,6,6,16,16,6,2030,618,986,90,48,5,49,49,0,0,49,0,42,46,18,17,20.549,112,2,36.139065,-120.368431,189.751007,7,599,58,3,e00fce6876826e255108c6bd,2025-07-11 17:50:02,2025-07-11 17:50:02,2025-07-11 17:50:02,2025-07-11
759,CfURm6bzCZ,MOOSPMv3Parser,1752256801,12,12,6,15,15,6,6,16,16,6,2039,619,1027,84,48,2,48,48,0,0,48,0,42,47,17,17,21.149,99,2,36.138939,-120.368301,158.037994,6,599,58,3,e00fce6876826e255108c6bd,2025-07-11 18:00:03,2025-07-11 18:00:03,2025-07-11 18:00:03,2025-07-11
765,nsJiPSaIFF,MOOSPMv3Parser,1752257401,12,12,6,16,16,6,6,17,17,6,2082,634,1068,89,47,4,47,47,0,0,47,0,42,47,18,17,21.245,124,1,36.138969,-120.368263,175.878006,7,599,58,3,e00fce6876826e255108c6bd,2025-07-11 18:10:03,2025-07-11 18:10:03,2025-07-11 18:10:03,2025-07-11
770,11oytTHTrd,MOOSPMv3Parser,1752258001,11,11,6,15,15,6,6,16,16,6,1996,605,1110,85,47,4,47,47,0,0,47,0,42,47,18,17,22.834,43,1,36.139053,-120.36837,149.539993,7,599,58,3,e00fce6876826e255108c6bd,2025-07-11 18:20:03,2025-07-11 18:20:03,2025-07-11 18:20:03,2025-07-11
777,qAe2KtQziJ,MOOSPMv3Parser,1752258600,11,11,6,15,15,6,6,15,15,6,2004,602,1149,84,45,3,45,45,0,0,45,0,42,47,17,17,22.241,44,1,36.139023,-120.368423,170.033997,6,599,58,3,e00fce6876826e255108c6bd,2025-07-11 18:30:02,2025-07-11 18:30:02,2025-07-11 18:30:02,2025-07-11
787,4wUN19AiQ0,MOOSPMv3Parser,1752259201,11,11,6,14,14,6,6,15,15,6,1935,583,1185,85,44,4,44,44,0,0,44,0,44,48,16,16,20.166,233,1,36.139023,-120.368423,170.035995,0,600,58,3,e00fce6876826e255108c6bd,2025-07-11 18:40:02,2025-07-11 18:40:02,2025-07-11 18:40:02,2025-07-11
798,6Wmf1AmE1k,MOOSPMv3Parser,1752259801,10,10,5,13,13,5,5,14,14,5,1829,550,1220,76,38,4,38,38,0,0,38,0,44,48,15,15,21.153,210,1,36.139034,-120.368469,173.791,5,599,58,3,e00fce6876826e255108c6bd,2025-07-11 18:50:03,2025-07-11 18:50:03,2025-07-11 18:50:03,2025-07-11
808,r6ECbAvnej,MOOSPMv3Parser,1752260401,9,9,5,13,13,5,5,13,13,5,1743,516,1252,78,37,3,37,37,0,0,37,0,44,48,15,15,21.362,273,1,36.139046,-120.368347,179.664993,6,599,58,3,e00fce6876826e255108c6bd,2025-07-11 19:00:07,2025-07-11 19:00:07,2025-07-11 19:00:07,2025-07-11
813,MlHyeBxANx,MOOSPMv3Parser,1752261001,8,8,4,11,11,4,4,12,12,4,1580,468,1281,67,32,3,33,33,0,0,33,0,44,48,16,16,22.343,454,1,36.13905,-120.368301,163.860992,7,599,58,3,e00fce6876826e255108c6bd,2025-07-11 19:10:03,2025-07-11 19:10:03,2025-07-11 19:10:03,2025-07-11
820,bsgK7FIJSc,MOOSPMv3Parser,1752261601,8,8,4,11,11,4,4,12,12,4,1600,472,1309,68,33,3,33,33,0,0,33,0,44,49,15,15,21.266,369,1,36.139061,-120.368279,176.940002,7,599,58,3,e00fce6876826e255108c6bd,2025-07-11 19:20:02,2025-07-11 19:20:02,2025-07-11 19:20:02,2025-07-11
835,EJismalbAk,MOOSPMv3Parser,1752262201,8,8,4,11,11,4,4,11,11,4,1574,463,1336,61,31,3,31,31,0,0,31,0,44,49,14,15,21.54,320,1,36.139011,-120.368187,203.632004,6,599,58,3,e00fce6876826e255108c6bd,2025-07-11 19:30:07,2025-07-11 19:30:08,2025-07-11 19:30:08,2025-07-11
841,2zCyuKxM9n,MOOSPMv3Parser,1752262801,8,8,4,11,11,4,4,11,11,4,1589,473,1365,62,33,3,33,34,0,0,34,0,44,49,15,15,21.616,258,1,36.138977,-120.367973,197.774002,6,599,58,3,e00fce6876826e255108c6bd,2025-07-11 19:40:03,2025-07-11 19:40:03,2025-07-11 19:40:03,2025-07-11
846,Xg4w3zvsfi,MOOSPMv3Parser,1752263400,10,10,5,13,13,5,5,13,13,5,1828,544,1399,74,39,2,39,39,0,0,39,0,45,49,15,15,21.166,346,1,36.139027,-120.368301,155.768005,7,599,58,3,e00fce6876826e255108c6bd,2025-07-11 19:50:02,2025-07-11 19:50:02,2025-07-11 19:50:02,2025-07-11
857,Xich8Chs3y,MOOSPMv3Parser,1752264001,10,10,5,13,13,5,5,14,14,5,1840,542,1429,80,37,3,37,37,0,0,37,0,44,49,15,15,22.463,216,1,36.139027,-120.368301,155.770996,0,600,58,3,e00fce6876826e255108c6bd,2025-07-11 20:00:02,2025-07-11 20:00:03,2025-07-11 20:00:03,2025-07-11
866,d4qXiKDkxd,MOOSPMv3Parser,1752264601,10,10,5,13,13,5,5,14,14,5,1852,551,1464,70,38,3,38,38,0,0,38,0,45,49,16,16,21.681,279,1,36.13903,-120.368362,179.865005,7,599,58,3,e00fce6876826e255108c6bd,2025-07-11 20:10:02,2025-07-11 20:10:02,2025-07-11 20:10:02,2025-07-11
880,C6W8fRScAG,MOOSPMv3Parser,1752265201,10,10,5,14,14,5,5,14,14,5,1903,563,1497,77,38,3,38,38,0,0,38,0,45,49,14,15,21.339,300,1,36.139023,-120.36834,175.481995,7,599,58,3,e00fce6876826e255108c6bd,2025-07-11 20:20:03,2025-07-11 20:20:03,2025-07-11 20:20:03,2025-07-11
883,mpXyxOHiqc,MOOSPMv3Parser,1752265801,10,10,5,13,13,5,5,13,13,5,1868,552,1531,72,39,2,39,39,0,0,39,0,45,49,16,16,23.053,153,1,36.139065,-120.368027,221.850998,6,599,58,3,e00fce6876826e255108c6bd,2025-07-11 20:30:03,2025-07-11 20:30:03,2025-07-11 20:30:03,2025-07-11
896,GUzPyA6xKl,MOOSPMv3Parser,1752266401,11,11,5,15,15,5,5,16,16,5,2078,610,1566,83,41,4,41,41,0,0,41,0,45,49,15,16,20.631,374,1,36.139015,-120.36837,168.789993,6,599,58,3,e00fce6876826e255108c6bd,2025-07-11 20:40:03,2025-07-11 20:40:03,2025-07-11 20:40:03,2025-07-11
907,CEpd3z94J1,MOOSPMv3Parser,1752267001,12,12,5,15,15,6,6,16,16,6,2123,627,1603,82,42,3,43,43,0,0,43,0,45,48,16,16,21.482,325,1,36.139072,-120.368469,145.798996,7,599,58,3,e00fce6876826e255108c6bd,2025-07-11 20:50:03,2025-07-11 20:50:03,2025-07-11 20:50:03,2025-07-11
909,BnDMMT1XXU,MOOSPMv3Parser,1752267601,11,11,5,14,14,6,6,15,15,6,2056,608,1639,82,42,4,42,42,0,0,42,0,44,48,16,16,21.521,263,1,36.139034,-120.368385,168.475998,8,599,58,3,e00fce6876826e255108c6bd,2025-07-11 21:00:02,2025-07-11 21:00:03,2025-07-11 21:00:03,2025-07-11
925,uL6FeaPLUI,MOOSPMv3Parser,1752268201,12,12,5,16,16,6,6,16,16,6,2159,637,1676,85,42,4,42,42,0,0,42,0,45,48,15,16,21.232,353,1,36.138988,-120.368324,164.425003,7,599,58,3,e00fce6876826e255108c6bd,2025-07-11 21:10:40,2025-07-11 21:10:40,2025-07-11 21:10:40,2025-07-11
934,DtNMpGo5Ak,MOOSPMv3Parser,1752268801,12,12,6,15,15,6,6,16,16,6,2123,629,1714,92,44,3,44,44,0,0,44,0,45,49,15,16,20.706,335,1,36.139008,-120.368332,163.975006,7,599,58,3,e00fce6876826e255108c6bd,2025-07-11 21:20:03,2025-07-11 21:20:03,2025-07-11 21:20:03,2025-07-11
943,HRIKE19wMg,MOOSPMv3Parser,1752269401,12,12,5,15,15,6,6,16,16,6,2151,630,1747,84,42,3,42,42,0,0,42,0,45,49,15,16,21.12,367,1,36.138973,-120.36837,164.259003,6,600,58,3,e00fce6876826e255108c6bd,2025-07-11 21:30:04,2025-07-11 21:30:04,2025-07-11 21:30:04,2025-07-11
950,BjJbbSejiP,MOOSPMv3Parser,1752270001,11,11,5,15,15,6,6,15,15,6,2131,626,1784,84,42,3,42,42,0,0,42,0,45,49,15,16,20.979,370,1,36.139061,-120.368416,171.052994,6,600,58,3,e00fce6876826e255108c6bd,2025-07-11 21:40:03,2025-07-11 21:40:03,2025-07-11 21:40:03,2025-07-11
956,e0M9iEBKyM,MOOSPMv3Parser,1752270601,12,12,5,16,16,6,6,16,16,6,2226,652,1821,87,43,4,43,43,0,0,43,0,46,49,15,16,20.449,415,1,36.139061,-120.368416,171.054993,0,600,58,3,e00fce6876826e255108c6bd,2025-07-11 21:50:02,2025-07-11 21:50:03,2025-07-11 21:50:03,2025-07-11
970,LxVbX83xbS,MOOSPMv3Parser,1752271201,12,12,5,15,15,5,5,15,15,5,2166,634,1856,85,41,2,41,41,0,0,41,0,45,49,15,15,21.279,363,1,36.139057,-120.368401,186.604004,6,600,58,3,e00fce6876826e255108c6bd,2025-07-11 22:00:18,2025-07-11 22:00:18,2025-07-11 22:00:18,2025-07-11
974,9pGprCYDR5,MOOSPMv3Parser,1752271801,12,12,5,16,16,6,6,16,16,6,2244,659,1893,83,42,3,42,42,0,0,42,0,45,49,16,16,22.112,346,1,36.139042,-120.368324,179.572998,5,600,58,3,e00fce6876826e255108c6bd,2025-07-11 22:10:02,2025-07-11 22:10:03,2025-07-11 22:10:03,2025-07-11
987,eJ3zGYEavw,MOOSPMv3Parser,1752272401,12,12,5,16,16,6,6,16,16,6,2203,645,1930,91,42,4,43,43,0,0,43,0,45,49,16,16,21.17,327,1,36.139008,-120.368347,162.632996,5,600,58,3,e00fce6876826e255108c6bd,2025-07-11 22:20:03,2025-07-11 22:20:03,2025-07-11 22:20:03,2025-07-11
996,BpD9EHA12v,MOOSPMv3Parser,1752273001,12,12,6,16,16,6,6,17,17,6,2282,671,1968,86,44,3,44,44,0,0,44,0,45,49,16,16,20.752,373,1,36.13903,-120.368225,184.871002,5,600,58,3,e00fce6876826e255108c6bd,2025-07-11 22:30:03,2025-07-11 22:30:04,2025-07-11 22:30:04,2025-07-11
1005,1DmkHIitqS,MOOSPMv3Parser,1752273601,12,12,6,17,17,6,6,17,17,6,2297,678,2007,88,45,4,45,45,0,0,45,0,45,49,16,16,22.002,257,1,36.138981,-120.368401,181.203995,6,600,58,3,e00fce6876826e255108c6bd,2025-07-11 22:40:03,2025-07-11 22:40:03,2025-07-11 22:40:03,2025-07-11
1015,jIBfOGeE44,MOOSPMv3Parser,1752274201,13,13,6,17,17,6,6,18,18,6,2338,692,2047,92,46,4,46,46,0,0,46,0,45,49,16,16,21.554,197,1,36.138889,-120.368172,185.248001,7,600,58,3,e00fce6876826e255108c6bd,2025-07-11 22:50:03,2025-07-11 22:50:03,2025-07-11 22:50:03,2025-07-11
1021,M8Nb9VICEx,MOOSPMv3Parser,1752274801,12,12,6,16,16,6,6,17,17,6,2245,657,2086,91,45,5,45,45,0,0,45,0,46,48,16,16,20.561,283,1,36.138988,-120.368225,163.395004,7,600,58,3,e00fce6876826e255108c6bd,2025-07-11 23:00:03,2025-07-11 23:00:03,2025-07-11 23:00:03,2025-07-11
1031,pIzXCL52jA,MOOSPMv3Parser,1752275401,13,13,6,17,17,6,6,18,18,6,2356,696,2126,93,46,4,46,46,0,0,46,0,45,48,15,16,22.288,105,1,36.139076,-120.368431,178.341995,7,600,58,3,e00fce6876826e255108c6bd,2025-07-11 23:10:02,2025-07-11 23:10:03,2025-07-11 23:10:03,2025-07-11
1045,PFq71aKKYw,MOOSPMv3Parser,1752276001,12,12,6,17,17,6,6,17,17,6,2258,666,2165,94,44,5,45,45,0,0,45,0,45,48,15,16,22.353,37,1,36.139076,-120.368431,178.343994,0,600,58,3,e00fce6876826e255108c6bd,2025-07-11 23:20:03,2025-07-11 23:20:03,2025-07-11 23:20:03,2025-07-11
1052,HK2z9TJDc0,MOOSPMv3Parser,1752276601,13,13,6,17,17,6,6,17,17,6,2250,669,2205,90,46,4,46,46,0,0,46,0,45,48,16,17,22.68,19,1,36.139,-120.368279,170.578995,7,600,58,3,e00fce6876826e255108c6bd,2025-07-11 23:30:02,2025-07-11 23:30:03,2025-07-11 23:30:03,2025-07-11
1059,ScsH5mOfwS,MOOSPMv3Parser,1752277201,13,13,6,17,17,6,6,17,17,6,2279,681,2245,92,46,3,46,46,0,0,46,0,45,47,16,17,23.225,4,1,36.139023,-120.368301,172.895996,7,600,58,3,e00fce6876826e255108c6bd,2025-07-11 23:40:02,2025-07-11 23:40:03,2025-07-11 23:40:03,2025-07-11
1071,kfsZrQ8uyd,MOOSPMv3Parser,1752277801,13,13,6,17,17,6,6,17,17,6,2228,667,2285,93,46,4,46,46,0,0,46,0,45,47,16,17,23.539,2,2,36.139076,-120.368324,164.585999,8,600,58,3,e00fce6876826e255108c6bd,2025-07-11 23:50:03,2025-07-11 23:50:03,2025-07-11 23:50:03,2025-07-11
5,GKZIhRlEj3,MOOSPMv3Parser,1752278401,13,13,6,17,17,6,6,18,18,6,2303,693,2327,95,48,5,48,49,0,0,49,0,45,47,16,17,23.897,1,2,36.139084,-120.368408,172.839996,8,600,58,3,e00fce6876826e255108c6bd,2025-07-12 00:00:03,2025-07-12 00:00:03,2025-07-12 00:00:03,2025-07-12
20,HM6S47H0Ph,MOOSPMv3Parser,1752279001,13,13,6,18,18,7,7,18,18,7,2337,705,2370,100,50,4,50,50,0,0,50,0,45,46,16,18,23.981,1,2,36.139011,-120.368279,186.992996,5,600,58,3,e00fce6876826e255108c6bd,2025-07-12 00:10:04,2025-07-12 00:10:04,2025-07-12 00:10:04,2025-07-12
24,nvodeWDycc,MOOSPMv3Parser,1752279601,13,13,6,18,18,7,7,19,19,7,2389,718,2415,101,51,6,51,51,0,0,51,0,44,46,16,18,24.431,1,2,36.139042,-120.368385,178.195999,5,600,58,3,e00fce6876826e255108c6bd,2025-07-12 00:20:03,2025-07-12 00:20:03,2025-07-12 00:20:03,2025-07-12
38,ev9n8GFGpN,MOOSPMv3Parser,1752280201,14,14,7,19,19,7,7,20,20,7,2455,742,2460,105,53,4,53,53,0,0,53,0,44,45,17,18,24.904,1,2,36.139053,-120.368446,172.764008,5,600,58,3,e00fce6876826e255108c6bd,2025-07-12 00:30:03,2025-07-12 00:30:03,2025-07-12 00:30:03,2025-07-12
50,cKFwllZRnZ,MOOSPMv3Parser,1752280801,14,14,7,19,19,7,7,19,19,7,2441,741,2508,107,55,6,55,55,0,0,55,0,44,45,17,18,25.085,1,2,36.138992,-120.368355,184.791,7,600,58,3,e00fce6876826e255108c6bd,2025-07-12 00:40:07,2025-07-12 00:40:07,2025-07-12 00:40:07,2025-07-12
55,FMMev0wWxr,MOOSPMv3Parser,1752281401,14,14,7,20,20,8,8,20,20,8,2505,762,2558,108,58,5,58,58,0,0,58,0,44,44,17,19,24.479,1,3,36.138988,-120.368301,190.419998,6,600,58,3,e00fce6876826e255108c6bd,2025-07-12 00:50:02,2025-07-12 00:50:03,2025-07-12 00:50:03,2025-07-12
64,kaA6Pb5fdE,MOOSPMv3Parser,1752282001,14,14,7,20,20,8,8,20,20,8,2498,760,2609,114,59,5,59,59,0,0,59,0,44,44,17,19,25.084,1,3,36.138988,-120.368301,190.423004,0,600,58,3,e00fce6876826e255108c6bd,2025-07-12 01:00:03,2025-07-12 01:00:03,2025-07-12 01:00:03,2025-07-12
74,Yalgw64okx,MOOSPMv3Parser,1752282601,14,14,8,19,19,8,8,20,20,8,2511,767,2661,113,59,4,59,59,0,0,59,0,43,44,17,19,24.864,1,3,36.139053,-120.368393,170.737,7,600,58,3,e00fce6876826e255108c6bd,2025-07-12 01:10:03,2025-07-12 01:10:03,2025-07-12 01:10:03,2025-07-12
86,Hp50Dsi7D2,MOOSPMv3Parser,1752283201,14,14,8,20,20,8,8,21,21,8,2536,776,2712,119,60,6,60,60,0,0,60,0,43,43,18,20,25.002,1,3,36.138985,-120.368347,170.531006,7,600,58,3,e00fce6876826e255108c6bd,2025-07-12 01:20:03,2025-07-12 01:20:03,2025-07-12 01:20:03,2025-07-12
95,oXvpXUl54a,MOOSPMv3Parser,1752283801,15,15,8,20,20,8,8,21,21,8,2579,786,2765,114,61,7,61,61,0,0,61,0,42,43,18,20,26.216,2,4,36.139,-120.368301,168.692001,7,600,58,3,e00fce6876826e255108c6bd,2025-07-12 01:30:03,2025-07-12 01:30:03,2025-07-12 01:30:03,2025-07-12
110,QPcKA5hPOi,MOOSPMv3Parser,1752284401,15,15,8,21,21,8,8,21,21,8,2608,801,2819,120,61,5,61,61,0,0,61,0,42,42,19,21,26.408,2,4,36.138947,-120.368294,160.707001,7,600,58,3,e00fce6876826e255108c6bd,2025-07-12 01:40:08,2025-07-12 01:40:08,2025-07-12 01:40:08,2025-07-12
113,CtsJttwHNG,MOOSPMv3Parser,1752285001,15,15,8,21,21,9,9,22,22,9,2655,811,2874,120,64,8,64,64,0,0,64,0,42,42,19,22,25.5,2,5,36.139038,-120.368378,170.889999,7,600,58,3,e00fce6876826e255108c6bd,2025-07-12 01:50:03,2025-07-12 01:50:03,2025-07-12 01:50:03,2025-07-12
124,oiDpSOgsfA,MOOSPMv3Parser,1752285601,16,16,8,21,21,9,9,22,22,9,2702,829,2931,116,65,6,66,66,0,0,66,0,41,41,21,23,24.972,3,5,36.139015,-120.368355,156.694,7,600,58,3,e00fce6876826e255108c6bd,2025-07-12 02:00:02,2025-07-12 02:00:03,2025-07-12 02:00:03,2025-07-12
135,wfbswTtkuP,MOOSPMv3Parser,1752286201,16,16,8,22,22,9,9,23,23,9,2770,848,2988,124,66,6,66,66,0,0,66,0,41,41,21,24,25.051,3,5,36.139034,-120.368385,163.533997,7,600,58,3,e00fce6876826e255108c6bd,2025-07-12 02:10:03,2025-07-12 02:10:03,2025-07-12 02:10:03,2025-07-12
148,9jB3SgPYax,MOOSPMv3Parser,1752286801,16,16,9,22,22,9,9,23,23,9,2815,865,3048,130,69,6,69,69,0,0,69,0,40,40,22,24,25.082,4,6,36.139,-120.368416,178.878006,6,600,58,3,e00fce6876826e255108c6bd,2025-07-12 02:20:03,2025-07-12 02:20:03,2025-07-12 02:20:03,2025-07-12
154,RnfjEpX2I6,MOOSPMv3Parser,1752287401,16,16,9,23,23,9,9,24,24,9,2858,874,3109,129,70,7,70,70,0,0,70,0,39,40,23,24,25.496,4,6,36.139,-120.368332,170.100006,6,600,58,3,e00fce6876826e255108c6bd,2025-07-12 02:30:03,2025-07-12 02:30:03,2025-07-12 02:30:03,2025-07-12
169,EpC2KU8Kl0,MOOSPMv3Parser,1752288001,16,16,9,23,23,10,10,23,23,10,2819,868,3176,133,71,5,71,71,0,0,71,0,38,39,24,25,25.676,4,7,36.139065,-120.368347,182.998993,6,599,58,3,e00fce6876826e255108c6bd,2025-07-12 02:40:03,2025-07-12 02:40:03,2025-07-12 02:40:03,2025-07-12
180,vwmW9BqPWE,MOOSPMv3Parser,1752288601,16,16,9,23,23,10,10,24,24,10,2836,874,3234,135,73,10,73,73,0,0,73,0,38,39,25,26,24.804,5,7,36.139065,-120.368347,182.998001,0,600,58,3,e00fce6876826e255108c6bd,2025-07-12 02:50:03,2025-07-12 02:50:04,2025-07-12 02:50:04,2025-07-12
188,FHlXHbzaC7,MOOSPMv3Parser,1752289201,17,17,9,23,23,10,10,24,24,10,2818,867,3302,135,72,8,72,72,0,0,72,0,37,38,26,27,23.833,7,7,36.139088,-120.368301,175.100006,6,599,58,3,e00fce6876826e255108c6bd,2025-07-12 03:00:03,2025-07-12 03:00:03,2025-07-12 03:00:03,2025-07-12
196,dqPurDFBAk,MOOSPMv3Parser,1752289801,17,17,9,23,23,10,10,24,24,10,2851,878,3366,136,74,8,75,75,0,0,75,0,37,38,26,27,24.306,8,7,36.139095,-120.368469,170.561996,5,599,58,3,e00fce6876826e255108c6bd,2025-07-12 03:10:03,2025-07-12 03:10:03,2025-07-12 03:10:03,2025-07-12
205,uYalsVTclw,MOOSPMv3Parser,1752290401,17,17,9,23,23,10,10,25,25,10,2838,880,3431,137,74,7,74,74,0,0,74,0,37,37,27,29,23.495,12,7,36.138905,-120.368309,169.460007,5,599,58,3,e00fce6876826e255108c6bd,2025-07-12 03:20:03,2025-07-12 03:20:03,2025-07-12 03:20:03,2025-07-12
215,PNOKJ8ZZrH,MOOSPMv3Parser,1752291001,17,17,10,23,23,10,10,24,24,10,2848,881,3498,134,77,7,78,78,0,0,78,0,36,37,28,29,22.746,24,6,36.138996,-120.36834,163.320007,5,599,58,3,e00fce6876826e255108c6bd,2025-07-12 03:30:03,2025-07-12 03:30:03,2025-07-12 03:30:03,2025-07-12
229,2ej1y6MDBU,MOOSPMv3Parser,1752291601,17,17,10,24,24,11,11,25,25,11,2935,900,3569,142,81,9,81,81,0,0,81,0,36,36,29,30,21.47,38,6,36.139023,-120.36837,161.759003,6,599,58,3,e00fce6876826e255108c6bd,2025-07-12 03:40:03,2025-07-12 03:40:03,2025-07-12 03:40:03,2025-07-12
236,tHIzjZSbVj,MOOSPMv3Parser,1752292201,17,17,10,24,24,10,10,24,24,10,2876,882,3636,139,78,8,78,78,0,0,78,0,35,35,30,31,19.331,48,5,36.139019,-120.368546,152.927002,7,599,58,3,e00fce6876826e255108c6bd,2025-07-12 03:50:03,2025-07-12 03:50:03,2025-07-12 03:50:03,2025-07-12
250,QKNRQo8HTd,MOOSPMv3Parser,1752292801,16,16,10,23,23,11,11,24,24,11,2776,854,3699,136,79,6,79,79,0,0,79,0,34,35,31,32,18.468,64,4,36.138954,-120.368393,175.832001,7,600,58,3,e00fce6876826e255108c6bd,2025-07-12 04:00:04,2025-07-12 04:00:04,2025-07-12 04:00:04,2025-07-12
259,8LYfeiZPSZ,MOOSPMv3Parser,1752293401,16,16,10,23,23,11,11,24,24,11,2816,866,3774,137,79,8,79,79,0,0,79,0,34,34,30,32,18.383,103,4,36.139019,-120.368309,174.404007,7,599,58,3,e00fce6876826e255108c6bd,2025-07-12 04:10:03,2025-07-12 04:10:03,2025-07-12 04:10:03,2025-07-12
268,26AzSvwAQA,MOOSPMv3Parser,1752294001,17,17,10,24,24,11,11,25,25,11,2814,867,3842,141,78,10,79,79,0,0,79,0,33,34,32,33,18.685,105,3,36.139015,-120.368294,175.759003,6,599,58,3,e00fce6876826e255108c6bd,2025-07-12 04:20:03,2025-07-12 04:20:03,2025-07-12 04:20:03,2025-07-12
280,DLpCVDgXi9,MOOSPMv3Parser,1752294601,17,17,10,24,24,11,11,25,25,11,2864,886,3913,139,81,9,81,81,0,0,81,0,33,33,32,33,18.082,137,3,36.13903,-120.368317,178.539993,6,599,58,3,e00fce6876826e255108c6bd,2025-07-12 04:30:08,2025-07-12 04:30:08,2025-07-12 04:30:08,2025-07-12
290,5Oa16TeECD,MOOSPMv3Parser,1752295201,16,16,10,23,23,11,11,24,24,11,2792,859,3975,137,79,9,79,79,0,0,79,0,33,33,30,32,18.877,187,3,36.13903,-120.368317,178.541,0,600,58,3,e00fce6876826e255108c6bd,2025-07-12 04:40:03,2025-07-12 04:40:03,2025-07-12 04:40:03,2025-07-12
296,IaNQYGRRta,MOOSPMv3Parser,1752295801,15,15,10,21,21,10,10,22,22,10,2593,797,4047,128,75,7,76,76,0,0,76,0,33,33,28,30,20.091,65,4,36.139027,-120.368477,173.031998,5,599,58,3,e00fce6876826e255108c6bd,2025-07-12 04:50:03,2025-07-12 04:50:03,2025-07-12 04:50:03,2025-07-12
306,lvAHOByDyU,MOOSPMv3Parser,1752296401,13,13,9,19,19,9,9,20,20,9,2290,707,4107,111,68,7,69,69,0,0,69,0,33,32,28,31,22.471,20,5,36.138996,-120.368347,170.199997,6,599,58,3,e00fce6876826e255108c6bd,2025-07-12 05:00:03,2025-07-12 05:00:03,2025-07-12 05:00:03,2025-07-12
320,e3L0Q2mtec,MOOSPMv3Parser,1752297001,11,11,7,16,16,8,8,17,17,8,1979,608,4158,103,59,7,59,59,1,0,59,0,33,32,25,27,22.222,20,5,36.13903,-120.368034,202.542007,6,599,58,3,e00fce6876826e255108c6bd,2025-07-12 05:10:04,2025-07-12 05:10:04,2025-07-12 05:10:04,2025-07-12
326,LJcsi80QQl,MOOSPMv3Parser,1752297601,9,9,6,13,13,7,7,14,14,7,1655,508,4201,82,50,5,50,50,0,0,50,0,33,32,26,29,22.018,19,6,36.138969,-120.368385,168.332001,7,599,58,3,e00fce6876826e255108c6bd,2025-07-12 05:20:03,2025-07-12 05:20:03,2025-07-12 05:20:03,2025-07-12
339,sC2sH1nBXU,MOOSPMv3Parser,1752298201,12,12,9,17,17,10,10,18,18,10,2054,633,4264,107,72,7,72,72,0,0,72,0,32,32,26,29,18.944,103,5,36.138969,-120.368347,174.445999,5,599,58,3,e00fce6876826e255108c6bd,2025-07-12 05:30:03,2025-07-12 05:30:03,2025-07-12 05:30:03,2025-07-12
350,EmY1W6k8qT,MOOSPMv3Parser,1752298801,8,8,6,11,11,6,6,12,12,6,1435,440,4303,67,45,3,45,45,0,0,45,0,32,31,27,29,19.982,41,4,36.139076,-120.368355,189.319,7,599,58,3,e00fce6876826e255108c6bd,2025-07-12 05:40:07,2025-07-12 05:40:07,2025-07-12 05:40:07,2025-07-12
359,3Els8wKFEo,MOOSPMv3Parser,1752299401,8,8,6,12,12,6,6,12,12,6,1471,453,4337,74,48,4,48,48,0,0,48,0,31,31,28,30,18.484,94,4,36.139004,-120.368294,170.084,6,600,58,3,e00fce6876826e255108c6bd,2025-07-12 05:50:04,2025-07-12 05:50:04,2025-07-12 05:50:04,2025-07-12
370,pr4nG5x9Jw,MOOSPMv3Parser,1752300001,9,9,6,13,13,7,7,14,14,7,1592,487,4389,82,51,8,51,51,0,0,51,0,30,31,30,32,16.979,215,3,36.139008,-120.368355,163.615997,6,599,58,3,e00fce6876826e255108c6bd,2025-07-12 06:00:04,2025-07-12 06:00:04,2025-07-12 06:00:04,2025-07-12
380,wUSmBRBmZQ,MOOSPMv3Parser,1752300601,9,9,7,13,13,7,7,14,14,7,1723,528,4435,83,53,5,53,53,0,0,53,0,30,30,31,32,15.65,317,3,36.138992,-120.368378,177.960007,7,599,58,3,e00fce6876826e255108c6bd,2025-07-12 06:10:08,2025-07-12 06:10:08,2025-07-12 06:10:08,2025-07-12
388,6yfWdlREpB,MOOSPMv3Parser,1752301201,10,10,7,14,14,7,7,15,15,7,1790,551,4483,89,55,5,55,55,0,0,55,0,30,30,29,31,16.832,310,2,36.138973,-120.368393,159.320007,7,599,58,3,e00fce6876826e255108c6bd,2025-07-12 06:20:03,2025-07-12 06:20:03,2025-07-12 06:20:03,2025-07-12
397,Nedc2LefCc,MOOSPMv3Parser,1752301801,10,10,7,15,15,8,8,16,16,8,1822,560,4525,93,56,6,57,57,0,0,57,0,30,29,33,35,16.904,169,3,36.138973,-120.368393,159.319,0,600,58,3,e00fce6876826e255108c6bd,2025-07-12 06:30:03,2025-07-12 06:30:03,2025-07-12 06:30:03,2025-07-12
410,IrOsMto0nv,MOOSPMv3Parser,1752302401,10,10,7,14,14,8,8,15,15,8,1789,552,4582,89,57,4,57,57,0,0,57,0,29,29,30,32,16.151,174,3,36.139061,-120.36837,179.582001,7,599,58,3,e00fce6876826e255108c6bd,2025-07-12 06:40:08,2025-07-12 06:40:08,2025-07-12 06:40:08,2025-07-12
419,GRyJ1k6FHe,MOOSPMv3Parser,1752303001,10,10,7,14,14,8,8,15,15,8,1760,547,4631,85,57,4,57,57,0,0,57,0,29,29,31,33,16.171,229,2,36.138996,-120.368385,171.526001,8,599,58,3,e00fce6876826e255108c6bd,2025-07-12 06:50:03,2025-07-12 06:50:03,2025-07-12 06:50:03,2025-07-12
426,8Bi9TcqAWH,MOOSPMv3Parser,1752303601,10,10,7,13,13,7,7,14,14,7,1733,535,4679,82,55,4,55,55,0,0,55,0,29,29,31,33,15.365,329,2,36.138981,-120.368332,171.639999,7,599,58,3,e00fce6876826e255108c6bd,2025-07-12 07:00:03,2025-07-12 07:00:03,2025-07-12 07:00:03,2025-07-12
438,aj8oZbbNCf,MOOSPMv3Parser,1752304201,8,8,6,12,12,7,7,13,13,7,1518,467,4722,76,50,5,50,50,0,0,50,0,29,28,29,32,16.461,237,2,36.138977,-120.368393,183.016998,7,599,58,3,e00fce6876826e255108c6bd,2025-07-12 07:10:03,2025-07-12 07:10:03,2025-07-12 07:10:03,2025-07-12
446,8xbMbxHGH4,MOOSPMv3Parser,1752304801,7,7,6,11,11,6,6,12,12,6,1379,427,4763,71,46,4,47,47,0,0,47,0,29,28,28,31,16.956,202,2,36.138931,-120.368309,168.968002,9,599,58,3,e00fce6876826e255108c6bd,2025-07-12 07:20:03,2025-07-12 07:20:03,2025-07-12 07:20:03,2025-07-12
460,wMOn4rURil,MOOSPMv3Parser,1752305401,7,7,6,11,11,6,6,12,12,6,1361,421,4801,71,44,6,44,44,0,0,44,0,29,28,29,32,17.376,215,3,36.139019,-120.368378,160.837997,7,599,58,3,e00fce6876826e255108c6bd,2025-07-12 07:30:04,2025-07-12 07:30:04,2025-07-12 07:30:04,2025-07-12
470,5FBsiOFsgM,MOOSPMv3Parser,1752306001,7,7,6,11,11,6,6,11,11,6,1356,421,4841,67,45,3,46,46,0,0,46,0,29,28,33,36,17.469,236,2,36.139065,-120.3685,150.141006,6,599,58,3,e00fce6876826e255108c6bd,2025-07-12 07:40:03,2025-07-12 07:40:03,2025-07-12 07:40:03,2025-07-12
476,ZurelVoqA9,MOOSPMv3Parser,1752306601,8,8,6,12,12,6,6,13,13,6,1474,454,4874,77,47,5,47,47,0,0,47,0,28,28,34,36,16.28,120,3,36.139046,-120.368439,163.796997,7,600,58,3,e00fce6876826e255108c6bd,2025-07-12 07:50:03,2025-07-12 07:50:03,2025-07-12 07:50:03,2025-07-12
485,9Wf1Otu11S,MOOSPMv3Parser,1752307201,8,8,6,12,12,6,6,13,13,6,1474,453,4924,74,48,6,48,48,0,0,48,0,28,27,34,37,15.546,168,3,36.139179,-120.368355,202.968002,8,599,58,3,e00fce6876826e255108c6bd,2025-07-12 08:00:03,2025-07-12 08:00:03,2025-07-12 08:00:03,2025-07-12
497,Kl4TAEb2H8,MOOSPMv3Parser,1752307801,8,8,6,11,11,6,6,12,12,6,1400,433,4964,70,47,4,47,47,0,0,47,0,28,27,31,34,16.215,201,2,36.139015,-120.368484,153.117996,6,599,58,3,e00fce6876826e255108c6bd,2025-07-12 08:10:03,2025-07-12 08:10:04,2025-07-12 08:10:04,2025-07-12
503,kp8ThvgzFE,MOOSPMv3Parser,1752308401,7,7,6,11,11,6,6,12,12,6,1336,413,4997,71,47,5,47,47,0,0,47,0,28,27,31,33,18.205,95,3,36.139015,-120.368484,153.117996,0,600,58,3,e00fce6876826e255108c6bd,2025-07-12 08:20:03,2025-07-12 08:20:03,2025-07-12 08:20:03,2025-07-12
513,fzhP5QduY2,MOOSPMv3Parser,1752309001,7,7,6,11,11,6,6,11,11,6,1369,423,5045,71,46,4,46,46,0,0,46,0,28,27,30,33,18.424,48,3,36.138981,-120.368416,160.334,10,599,58,3,e00fce6876826e255108c6bd,2025-07-12 08:30:03,2025-07-12 08:30:04,2025-07-12 08:30:04,2025-07-12
524,W05sDSLTjH,MOOSPMv3Parser,1752309601,7,7,6,11,11,6,6,12,12,6,1355,416,5085,69,46,5,46,46,0,0,46,0,28,27,31,34,16.267,217,3,36.139061,-120.368347,168.041,8,599,58,3,e00fce6876826e255108c6bd,2025-07-12 08:40:03,2025-07-12 08:40:03,2025-07-12 08:40:03,2025-07-12
532,V2XTYaUnoA,MOOSPMv3Parser,1752310201,8,8,6,11,11,6,6,12,12,6,1398,433,5126,72,48,5,48,48,0,0,48,0,27,27,34,36,15.195,307,2,36.138935,-120.36837,165.957993,7,599,58,3,e00fce6876826e255108c6bd,2025-07-12 08:50:03,2025-07-12 08:50:03,2025-07-12 08:50:03,2025-07-12
541,QpFtPlAWVY,MOOSPMv3Parser,1752310801,7,7,6,11,11,6,6,12,12,6,1383,428,5167,75,47,5,47,47,0,0,47,0,27,26,35,37,14.449,332,2,36.138985,-120.368347,168.289993,8,599,58,3,e00fce6876826e255108c6bd,2025-07-12 09:00:03,2025-07-12 09:00:03,2025-07-12 09:00:03,2025-07-12
548,XQuv5GuNYk,MOOSPMv3Parser,1752311401,8,8,6,11,11,6,6,12,12,6,1395,433,5208,74,47,4,48,48,0,0,48,0,26,26,33,35,15.296,300,2,36.139023,-120.368416,169.313004,8,599,58,3,e00fce6876826e255108c6bd,2025-07-12 09:10:03,2025-07-12 09:10:03,2025-07-12 09:10:03,2025-07-12
560,g0wp6EEhXc,MOOSPMv3Parser,1752312001,7,7,6,11,11,6,6,11,11,6,1371,424,5249,71,46,4,47,47,0,0,47,0,26,26,35,36,16.398,203,2,36.138996,-120.368431,167.113998,7,599,58,3,e00fce6876826e255108c6bd,2025-07-12 09:20:04,2025-07-12 09:20:04,2025-07-12 09:20:04,2025-07-12
568,SrpNenVGLv,MOOSPMv3Parser,1752312601,7,7,6,11,11,6,6,12,12,6,1388,431,5290,74,48,5,48,48,0,0,48,0,25,25,35,36,15.611,220,2,36.139015,-120.368347,166.908997,6,599,58,3,e00fce6876826e255108c6bd,2025-07-12 09:30:03,2025-07-12 09:30:03,2025-07-12 09:30:03,2025-07-12
945,hDLHT2o4Bq,MOOSPMv3Parser,1752340801,11,11,175,15,15,691,1115,16,16,1323,1981,604,351,88,868,4,1372,1477,0,0,1501,1,40,44,20,19,12.43,45,2,36.139065,-120.368294,187.723007,9,550,58,3,e00fce6876826e255108c6bd,2025-07-12 17:20:03,2025-07-12 17:20:03,2025-07-12 17:20:03,2025-07-12
959,xR2gHDOXxz,MOOSPMv3Parser,1752341401,11,11,106,15,15,111,111,16,16,111,1993,611,1044,89,828,5,832,832,0,0,832,0,41,45,20,19,15.759,88,3,36.139137,-120.368462,197.434006,7,599,58,3,e00fce6876826e255108c6bd,2025-07-12 17:30:03,2025-07-12 17:30:03,2025-07-12 17:30:03,2025-07-12
969,qewAXAtSSZ,MOOSPMv3Parser,1752342001,11,11,7,15,15,7,7,15,15,7,1941,590,1088,88,51,5,51,51,0,0,51,0,42,45,19,18,16.804,97,3,36.139069,-120.368401,195.294998,7,599,58,3,e00fce6876826e255108c6bd,2025-07-12 17:40:04,2025-07-12 17:40:04,2025-07-12 17:40:04,2025-07-12
979,ILq4KGdoEu,MOOSPMv3Parser,1752342601,12,12,6,16,16,6,6,17,17,6,2082,632,1129,94,47,4,47,47,0,0,47,0,42,46,18,17,19.969,88,2,36.139034,-120.36837,174.990997,7,599,58,3,e00fce6876826e255108c6bd,2025-07-12 17:50:03,2025-07-12 17:50:04,2025-07-12 17:50:04,2025-07-12
987,0ILUbRt8Ps,MOOSPMv3Parser,1752343201,11,11,6,16,16,6,6,16,16,6,2063,623,1171,91,48,5,48,48,0,0,48,0,42,46,18,18,19.995,127,2,36.139095,-120.368347,192.488007,7,599,58,3,e00fce6876826e255108c6bd,2025-07-12 18:00:03,2025-07-12 18:00:03,2025-07-12 18:00:03,2025-07-12
996,XAowWw6BdT,MOOSPMv3Parser,1752343801,11,11,6,15,15,6,6,16,16,6,2018,614,1210,88,48,4,48,48,0,0,48,0,42,47,19,18,18.757,323,1,36.139027,-120.368256,178.212006,8,600,58,3,e00fce6876826e255108c6bd,2025-07-12 18:10:03,2025-07-12 18:10:03,2025-07-12 18:10:03,2025-07-12
1010,rAe6LlyPu2,MOOSPMv3Parser,1752344401,11,11,6,16,16,6,6,17,17,6,2080,628,1250,91,46,5,46,46,0,0,46,0,42,47,18,18,19.816,161,1,36.138996,-120.368301,147.830002,6,600,58,3,e00fce6876826e255108c6bd,2025-07-12 18:20:07,2025-07-12 18:20:07,2025-07-12 18:20:07,2025-07-12
1020,gnQtk1dLTJ,MOOSPMv3Parser,1752345001,12,12,6,17,17,6,6,17,17,6,2130,644,1291,95,47,6,48,48,0,0,48,0,42,47,20,18,20.489,90,1,36.138962,-120.367981,163.794006,6,600,58,3,e00fce6876826e255108c6bd,2025-07-12 18:30:03,2025-07-12 18:30:03,2025-07-12 18:30:03,2025-07-12
1029,fN2p05fix2,MOOSPMv3Parser,1752345601,12,12,6,16,16,7,7,17,17,7,2139,650,1334,97,49,3,49,49,0,0,49,0,42,47,19,18,20.788,79,1,36.138962,-120.367981,163.794998,0,600,58,3,e00fce6876826e255108c6bd,2025-07-12 18:40:03,2025-07-12 18:40:03,2025-07-12 18:40:03,2025-07-12
1039,jnECQMYc2k,MOOSPMv3Parser,1752346201,12,12,6,16,16,7,7,17,17,7,2111,639,1376,93,49,4,49,49,0,0,49,0,42,47,19,18,21.093,22,1,36.13905,-120.36834,192.460999,7,600,58,3,e00fce6876826e255108c6bd,2025-07-12 18:50:03,2025-07-12 18:50:03,2025-07-12 18:50:03,2025-07-12
1052,atpmBRizKV,MOOSPMv3Parser,1752346801,12,12,6,16,16,7,7,17,17,7,2160,651,1418,93,49,5,49,49,0,0,49,0,43,47,18,18,20.391,47,1,36.139027,-120.368355,207.955994,6,600,58,3,e00fce6876826e255108c6bd,2025-07-12 19:00:03,2025-07-12 19:00:03,2025-07-12 19:00:03,2025-07-12
1064,EfFyX8v7Bl,MOOSPMv3Parser,1752347401,14,14,7,20,20,7,7,21,21,7,2485,752,1464,113,53,9,53,53,0,0,53,0,43,47,18,18,19.814,169,1,36.139053,-120.368378,179.889008,5,600,58,3,e00fce6876826e255108c6bd,2025-07-12 19:10:03,2025-07-12 19:10:03,2025-07-12 19:10:03,2025-07-12
1073,PCdf1FzHbc,MOOSPMv3Parser,1752348001,13,13,7,18,18,7,7,18,18,7,2308,697,1509,100,51,4,52,52,0,0,52,0,43,47,19,18,20.247,184,1,36.139038,-120.368362,177.714005,5,600,58,3,e00fce6876826e255108c6bd,2025-07-12 19:20:03,2025-07-12 19:20:03,2025-07-12 19:20:03,2025-07-12
1086,FB27tp9NGF,MOOSPMv3Parser,1752348601,13,13,7,18,18,7,7,19,19,7,2360,710,1555,104,53,6,53,53,0,0,53,0,43,47,18,18,20.71,217,1,36.139015,-120.368431,176.852997,6,600,58,3,e00fce6876826e255108c6bd,2025-07-12 19:30:03,2025-07-12 19:30:03,2025-07-12 19:30:03,2025-07-12
1095,Gp320rP6pp,MOOSPMv3Parser,1752349201,13,13,7,19,19,7,7,19,19,7,2337,701,1600,105,51,8,51,51,0,0,51,0,43,47,18,18,20.73,116,1,36.138988,-120.368187,203.776001,6,600,58,3,e00fce6876826e255108c6bd,2025-07-12 19:40:03,2025-07-12 19:40:03,2025-07-12 19:40:03,2025-07-12
1107,vmMIzo7HQv,MOOSPMv3Parser,1752349801,13,13,7,18,18,7,7,18,18,7,2304,691,1645,106,52,4,52,52,0,0,52,0,44,48,18,18,21.073,83,1,36.139057,-120.368134,192.432999,6,600,58,3,e00fce6876826e255108c6bd,2025-07-12 19:50:03,2025-07-12 19:50:03,2025-07-12 19:50:03,2025-07-12
1120,aiFg2VjVfu,MOOSPMv3Parser,1752350401,13,13,7,18,18,7,7,19,19,7,2367,710,1689,103,51,4,51,51,0,0,51,0,44,48,18,18,19.921,122,1,36.139023,-120.368225,184.992996,5,600,58,3,e00fce6876826e255108c6bd,2025-07-12 20:00:04,2025-07-12 20:00:04,2025-07-12 20:00:04,2025-07-12
1130,pNU2OR5Cvu,MOOSPMv3Parser,1752351001,13,13,6,17,17,7,7,18,18,7,2358,704,1732,97,49,3,49,49,0,0,49,0,44,48,18,18,19.938,208,1,36.138977,-120.368584,161.460999,6,600,58,3,e00fce6876826e255108c6bd,2025-07-12 20:10:03,2025-07-12 20:10:03,2025-07-12 20:10:03,2025-07-12
1141,85BIsjw4jw,MOOSPMv3Parser,1752351601,13,13,6,18,18,7,7,18,18,7,2313,696,1774,103,49,4,49,49,0,0,49,0,45,48,17,18,20.449,176,1,36.138912,-120.368454,168.078995,6,600,58,3,e00fce6876826e255108c6bd,2025-07-12 20:20:03,2025-07-12 20:20:03,2025-07-12 20:20:03,2025-07-12
1150,yPjTB5naxd,MOOSPMv3Parser,1752352201,13,13,6,17,17,6,6,18,18,6,2305,689,1815,99,46,3,47,47,0,0,47,0,46,49,17,17,19.819,211,1,36.138912,-120.368454,168.072998,0,600,58,3,e00fce6876826e255108c6bd,2025-07-12 20:30:03,2025-07-12 20:30:03,2025-07-12 20:30:03,2025-07-12
1163,7ZORdyIpXh,MOOSPMv3Parser,1752352801,12,12,6,16,16,6,6,17,17,6,2222,659,1855,92,46,4,46,46,0,0,46,0,46,49,16,17,19.737,258,1,36.138908,-120.3685,179.860992,6,600,58,3,e00fce6876826e255108c6bd,2025-07-12 20:40:03,2025-07-12 20:40:03,2025-07-12 20:40:03,2025-07-12
1174,9SmKx5zJFz,MOOSPMv3Parser,1752353401,13,13,6,17,17,6,6,17,17,6,2288,682,1895,95,46,3,46,46,0,0,46,0,46,49,16,17,21.274,157,1,36.13903,-120.368294,170.063004,6,600,58,3,e00fce6876826e255108c6bd,2025-07-12 20:50:03,2025-07-12 20:50:03,2025-07-12 20:50:03,2025-07-12
1184,xxxxxweSPn,MOOSPMv3Parser,1752354001,12,12,6,16,16,6,6,17,17,6,2242,661,1933,96,44,4,44,44,0,0,44,0,46,49,16,16,20.704,210,1,36.138988,-120.368263,191.862,5,600,58,3,e00fce6876826e255108c6bd,2025-07-12 21:00:03,2025-07-12 21:00:03,2025-07-12 21:00:03,2025-07-12
1195,YRCq9IGIpv,MOOSPMv3Parser,1752354601,13,13,6,16,16,6,6,17,17,6,2300,674,1973,94,46,3,46,46,0,0,46,0,46,49,16,16,20.886,237,1,36.138947,-120.368332,194.113007,7,600,58,3,e00fce6876826e255108c6bd,2025-07-12 21:10:03,2025-07-12 21:10:03,2025-07-12 21:10:03,2025-07-12
1205,5cMVWrvQXZ,MOOSPMv3Parser,1752355201,13,13,6,17,17,6,6,17,17,6,2328,686,2013,89,46,3,46,46,0,0,46,0,46,50,15,16,20.771,315,1,36.138947,-120.36837,180.322006,7,600,58,3,e00fce6876826e255108c6bd,2025-07-12 21:20:03,2025-07-12 21:20:03,2025-07-12 21:20:03,2025-07-12
1219,TZ1tGvbCng,MOOSPMv3Parser,1752355801,13,13,6,17,17,6,6,17,17,6,2368,690,2054,96,46,2,46,46,0,0,46,0,46,50,16,16,20.101,359,1,36.138981,-120.368332,185.584,6,600,58,3,e00fce6876826e255108c6bd,2025-07-12 21:30:07,2025-07-12 21:30:07,2025-07-12 21:30:07,2025-07-12
1227,2RdbKjHHY8,MOOSPMv3Parser,1752356401,14,14,6,18,18,6,6,18,18,6,2506,730,2094,88,47,3,47,47,0,0,47,0,46,50,15,15,21.218,389,1,36.138954,-120.368294,187.095001,7,600,58,3,e00fce6876826e255108c6bd,2025-07-12 21:40:03,2025-07-12 21:40:03,2025-07-12 21:40:03,2025-07-12
1240,8iCCT8UJ0O,MOOSPMv3Parser,1752357001,13,13,6,17,17,6,6,17,17,6,2432,706,2135,91,47,3,47,47,0,0,47,0,46,50,15,15,21.103,395,1,36.13908,-120.368332,169.591995,5,600,58,3,e00fce6876826e255108c6bd,2025-07-12 21:50:09,2025-07-12 21:50:09,2025-07-12 21:50:09,2025-07-12
1252,kQfS9P79FH,MOOSPMv3Parser,1752357601,13,13,6,17,17,6,6,18,18,6,2344,682,2174,93,44,5,45,45,0,0,45,0,45,50,16,16,22.86,212,1,36.139008,-120.368362,158.520996,7,600,58,3,e00fce6876826e255108c6bd,2025-07-12 22:00:04,2025-07-12 22:00:04,2025-07-12 22:00:04,2025-07-12
1263,UuPXTIxq0q,MOOSPMv3Parser,1752358201,13,13,6,17,17,6,6,17,17,6,2365,685,2213,95,44,3,45,45,0,0,45,0,45,50,15,15,22.072,229,1,36.139061,-120.368439,159.585999,5,600,58,3,e00fce6876826e255108c6bd,2025-07-12 22:10:08,2025-07-12 22:10:09,2025-07-12 22:10:09,2025-07-12
1274,hK9hyErqbt,MOOSPMv3Parser,1752358801,13,13,6,17,17,6,6,18,18,6,2394,701,2252,94,45,5,45,45,0,0,45,0,46,50,15,16,22.594,207,1,36.139061,-120.368439,159.585007,0,600,58,3,e00fce6876826e255108c6bd,2025-07-12 22:20:03,2025-07-12 22:20:04,2025-07-12 22:20:04,2025-07-12
1285,qoxATYG6DI,MOOSPMv3Parser,1752359401,13,13,6,17,17,6,6,18,18,6,2424,708,2291,93,45,4,45,45,0,0,45,0,46,50,15,15,21.508,242,1,36.139175,-120.368347,154.748993,5,600,58,3,e00fce6876826e255108c6bd,2025-07-12 22:30:03,2025-07-12 22:30:03,2025-07-12 22:30:03,2025-07-12
1296,LFttV9cOla,MOOSPMv3Parser,1752360001,13,13,6,17,17,6,6,18,18,6,2353,688,2329,90,43,5,43,43,0,0,43,0,46,50,15,15,21.31,216,1,36.138847,-120.368256,173.578995,5,600,58,3,e00fce6876826e255108c6bd,2025-07-12 22:40:04,2025-07-12 22:40:04,2025-07-12 22:40:04,2025-07-12
1304,iKl1Yrjw8c,MOOSPMv3Parser,1752360601,13,13,6,17,17,6,6,18,18,6,2331,682,2367,97,45,5,45,45,0,0,45,0,46,49,14,15,21.9,125,1,36.138958,-120.368233,181.035004,5,600,58,3,e00fce6876826e255108c6bd,2025-07-12 22:50:03,2025-07-12 22:50:03,2025-07-12 22:50:03,2025-07-12
1318,jaX70fa9de,MOOSPMv3Parser,1752361201,12,12,6,16,16,6,6,17,17,6,2313,673,2407,88,45,4,45,45,0,0,45,0,46,49,14,15,21.953,143,1,36.139015,-120.368332,177.731995,5,600,58,3,e00fce6876826e255108c6bd,2025-07-12 23:00:03,2025-07-12 23:00:04,2025-07-12 23:00:04,2025-07-12
1327,W7i9y4PDyS,MOOSPMv3Parser,1752361801,12,12,6,17,17,6,6,17,17,6,2264,665,2445,94,44,4,44,44,0,0,44,0,46,49,15,15,21.946,88,1,36.139015,-120.368279,179.061996,8,600,58,3,e00fce6876826e255108c6bd,2025-07-12 23:10:03,2025-07-12 23:10:03,2025-07-12 23:10:03,2025-07-12
1340,uJHZfEWk5M,MOOSPMv3Parser,1752362401,13,13,6,17,17,6,6,17,17,6,2251,667,2484,93,45,4,45,45,0,0,45,0,46,49,15,16,21.94,24,1,36.139008,-120.368286,172.238007,7,600,58,3,e00fce6876826e255108c6bd,2025-07-12 23:20:10,2025-07-12 23:20:10,2025-07-12 23:20:10,2025-07-12
1351,8nJP0Yc2Hu,MOOSPMv3Parser,1752363001,12,12,6,17,17,6,6,17,17,6,2263,670,2524,92,46,4,46,46,0,0,46,0,46,48,14,15,22.258,12,1,36.138947,-120.368553,143.416,7,600,58,3,e00fce6876826e255108c6bd,2025-07-12 23:30:08,2025-07-12 23:30:08,2025-07-12 23:30:08,2025-07-12
1360,GqFFiVan4F,MOOSPMv3Parser,1752363601,12,12,6,17,17,6,6,17,17,6,2224,658,2564,94,46,4,46,46,0,0,46,0,46,48,14,15,22.554,6,1,36.139114,-120.368378,166.871994,7,600,58,3,e00fce6876826e255108c6bd,2025-07-12 23:40:03,2025-07-12 23:40:03,2025-07-12 23:40:03,2025-07-12
1371,W6Wg03HCuC,MOOSPMv3Parser,1752364201,12,12,6,17,17,6,6,18,18,6,2227,667,2604,97,46,5,47,47,0,0,47,0,46,48,15,16,23.556,2,1,36.139061,-120.368401,168.828995,8,600,58,3,e00fce6876826e255108c6bd,2025-07-12 23:50:03,2025-07-12 23:50:03,2025-07-12 23:50:03,2025-07-12
9,sYKGEKwKiX,MOOSPMv3Parser,1752364801,12,12,6,16,16,6,6,17,17,6,2145,644,2644,97,46,5,46,46,0,0,46,0,45,47,15,16,23.095,1,1,36.139061,-120.368401,168.828995,0,600,58,3,e00fce6876826e255108c6bd,2025-07-13 00:00:03,2025-07-13 00:00:04,2025-07-13 00:00:04,2025-07-13
20,XHRAkU1B3j,MOOSPMv3Parser,1752365401,13,13,6,18,18,7,7,18,18,7,2338,703,2688,100,51,5,51,51,0,0,51,0,46,47,16,17,22.697,1,1,36.13903,-120.368317,175.059006,9,600,58,3,e00fce6876826e255108c6bd,2025-07-13 00:10:03,2025-07-13 00:10:04,2025-07-13 00:10:04,2025-07-13
29,n4EaGpr74H,MOOSPMv3Parser,1752366001,17,17,8,23,23,8,8,24,24,8,2983,897,2743,126,62,8,63,63,0,0,63,0,45,47,15,17,24.059,1,2,36.13905,-120.368324,171.828003,8,600,58,3,e00fce6876826e255108c6bd,2025-07-13 00:20:03,2025-07-13 00:20:03,2025-07-13 00:20:03,2025-07-13
43,aPAUNWxWqO,MOOSPMv3Parser,1752366601,19,19,9,26,26,9,9,27,27,9,3275,994,2803,144,69,8,69,69,0,0,69,0,45,46,15,17,25.262,1,2,36.13903,-120.36837,168.003998,6,600,58,3,e00fce6876826e255108c6bd,2025-07-13 00:30:03,2025-07-13 00:30:04,2025-07-13 00:30:04,2025-07-13
52,spe1brpnmB,MOOSPMv3Parser,1752367201,20,20,10,27,27,10,10,27,27,10,3430,1040,2868,146,75,5,76,76,0,0,76,0,45,46,16,17,25.586,1,2,36.139027,-120.368317,174.886002,8,600,58,3,e00fce6876826e255108c6bd,2025-07-13 00:40:03,2025-07-13 00:40:03,2025-07-13 00:40:03,2025-07-13
64,NVMolSFcNN,MOOSPMv3Parser,1752367801,22,21,10,30,29,11,11,31,31,11,3708,1128,2937,166,79,9,79,79,0,0,79,0,44,45,16,17,26.549,1,2,36.139008,-120.368317,167.427994,6,600,58,3,e00fce6876826e255108c6bd,2025-07-13 00:50:03,2025-07-13 00:50:03,2025-07-13 00:50:03,2025-07-13
75,Ambhue51DA,MOOSPMv3Parser,1752368401,23,21,11,31,30,12,12,32,32,12,3835,1166,3012,174,86,11,86,86,0,0,86,0,44,45,15,17,25.814,1,3,36.139034,-120.368378,159.199997,8,600,58,3,e00fce6876826e255108c6bd,2025-07-13 01:00:03,2025-07-13 01:00:03,2025-07-13 01:00:03,2025-07-13
86,7uluWhnOqo,MOOSPMv3Parser,1752369001,9,9,5,13,13,5,5,13,13,5,1645,504,3045,74,39,5,39,39,0,0,39,0,44,44,15,17,21.975,3,2,36.139046,-120.368355,164.667007,7,600,58,3,e00fce6876826e255108c6bd,2025-07-13 01:10:03,2025-07-13 01:10:03,2025-07-13 01:10:03,2025-07-13
97,MwB7rBHPfx,MOOSPMv3Parser,1752369601,7,7,4,10,10,4,4,10,10,4,1288,391,3074,59,32,3,32,32,0,0,32,0,43,44,15,17,21.285,7,2,36.139046,-120.368301,186.070007,7,600,58,3,e00fce6876826e255108c6bd,2025-07-13 01:20:03,2025-07-13 01:20:04,2025-07-13 01:20:04,2025-07-13
109,a0y3xgNL2c,MOOSPMv3Parser,1752370201,7,7,5,10,10,5,5,10,10,5,1299,394,3106,61,37,3,37,37,0,0,37,0,42,43,16,18,22.059,9,2,36.139072,-120.36834,165.251999,6,600,58,3,e00fce6876826e255108c6bd,2025-07-13 01:30:04,2025-07-13 01:30:04,2025-07-13 01:30:04,2025-07-13
119,7wFAEX09ir,MOOSPMv3Parser,1752370801,5,5,3,8,8,4,4,8,8,4,1067,325,3129,48,27,2,27,27,0,0,27,0,41,42,17,18,22.013,10,2,36.138939,-120.368217,156.173996,5,600,58,3,e00fce6876826e255108c6bd,2025-07-13 01:40:03,2025-07-13 01:40:03,2025-07-13 01:40:03,2025-07-13
130,1Ie4xZf5FC,MOOSPMv3Parser,1752371401,5,5,3,7,7,3,3,8,8,3,1010,310,3152,48,26,2,26,26,0,0,26,0,41,42,17,19,19.577,16,2,36.138939,-120.368217,156.171997,0,600,58,3,e00fce6876826e255108c6bd,2025-07-13 01:50:03,2025-07-13 01:50:04,2025-07-13 01:50:04,2025-07-13
140,q6MFwUHnOB,MOOSPMv3Parser,1752372001,5,5,3,7,7,4,4,8,8,4,1044,317,3176,47,27,2,27,27,0,0,27,0,41,41,17,19,19.799,16,2,36.139072,-120.368324,183.296005,6,600,58,3,e00fce6876826e255108c6bd,2025-07-13 02:00:03,2025-07-13 02:00:03,2025-07-13 02:00:03,2025-07-13
152,brZ5uP8hBE,MOOSPMv3Parser,1752372601,8,8,5,11,11,5,5,11,11,5,1431,438,3209,65,38,3,38,38,0,0,38,0,41,41,22,27,20.0,16,2,36.138958,-120.368263,148.589005,5,600,58,3,e00fce6876826e255108c6bd,2025-07-13 02:10:03,2025-07-13 02:10:04,2025-07-13 02:10:04,2025-07-13
164,vwi0U2MlEl,MOOSPMv3Parser,1752373201,19,19,12,28,28,12,12,29,29,12,3281,1011,3289,174,92,9,92,92,0,0,92,0,40,40,22,26,25.314,4,3,36.139053,-120.36792,168.315994,6,600,58,3,e00fce6876826e255108c6bd,2025-07-13 02:20:03,2025-07-13 02:20:04,2025-07-13 02:20:04,2025-07-13
175,K9Jq9tTvra,MOOSPMv3Parser,1752373801,19,19,12,27,27,12,12,28,28,12,3201,991,3370,162,93,10,93,93,0,0,93,0,39,39,23,26,25.063,2,4,36.139,-120.368355,160.229004,6,600,58,3,e00fce6876826e255108c6bd,2025-07-13 02:30:03,2025-07-13 02:30:04,2025-07-13 02:30:04,2025-07-13
183,QVbqbMjG2n,MOOSPMv3Parser,1752374401,18,18,12,26,26,12,12,27,27,12,3080,952,3450,158,92,9,92,92,0,0,92,0,38,39,25,27,26.515,2,5,36.139046,-120.368401,161.653,5,600,58,3,e00fce6876826e255108c6bd,2025-07-13 02:40:03,2025-07-13 02:40:03,2025-07-13 02:40:03,2025-07-13
198,0LMvhaU1qC,MOOSPMv3Parser,1752375001,18,18,12,26,26,12,12,27,27,12,2993,924,3531,156,93,11,93,93,0,0,93,0,38,38,25,27,26.067,2,6,36.138924,-120.368217,169.910004,6,600,58,3,e00fce6876826e255108c6bd,2025-07-13 02:50:04,2025-07-13 02:50:04,2025-07-13 02:50:04,2025-07-13
208,ed1FJJtXBE,MOOSPMv3Parser,1752375601,17,17,11,25,25,12,12,27,27,12,2962,916,3608,154,89,11,89,89,0,0,89,0,37,38,26,29,26.551,2,7,36.139046,-120.36834,160.529007,5,600,58,3,e00fce6876826e255108c6bd,2025-07-13 03:00:04,2025-07-13 03:00:04,2025-07-13 03:00:04,2025-07-13
219,m9DhVPFpyA,MOOSPMv3Parser,1752376201,16,16,11,24,24,11,11,25,25,11,2802,864,3681,142,84,11,84,84,0,0,84,0,37,37,26,29,24.637,4,7,36.139057,-120.368561,158.173996,6,600,58,3,e00fce6876826e255108c6bd,2025-07-13 03:10:03,2025-07-13 03:10:04,2025-07-13 03:10:04,2025-07-13
231,ukAajbOtzN,MOOSPMv3Parser,1752376801,10,10,7,14,14,7,7,15,15,7,1768,545,3726,87,52,5,52,52,0,0,52,0,36,37,23,25,21.24,13,6,36.138992,-120.368469,156.231995,6,600,58,3,e00fce6876826e255108c6bd,2025-07-13 03:20:08,2025-07-13 03:20:09,2025-07-13 03:20:09,2025-07-13
242,BoPE8t0g3D,MOOSPMv3Parser,1752377401,6,6,5,9,9,5,5,10,10,5,1230,377,3758,60,37,3,37,37,0,0,37,0,36,36,24,26,20.43,13,4,36.138897,-120.368454,146.182999,4,600,58,3,e00fce6876826e255108c6bd,2025-07-13 03:30:03,2025-07-13 03:30:04,2025-07-13 03:30:04,2025-07-13
252,ncP3jEjvbt,MOOSPMv3Parser,1752378001,7,7,5,10,10,5,5,11,11,5,1318,406,3793,65,40,3,40,40,0,0,40,0,36,36,23,26,21.466,9,4,36.138996,-120.368401,140.251999,6,600,58,3,e00fce6876826e255108c6bd,2025-07-13 03:40:04,2025-07-13 03:40:04,2025-07-13 03:40:04,2025-07-13
263,xPc2GyHpA7,MOOSPMv3Parser,1752378601,4,4,3,6,6,3,3,7,7,3,872,269,3815,41,26,2,26,26,0,0,26,0,36,36,23,25,20.302,9,4,36.138996,-120.368576,143.979004,6,600,58,3,e00fce6876826e255108c6bd,2025-07-13 03:50:04,2025-07-13 03:50:04,2025-07-13 03:50:04,2025-07-13
273,hMGDMATkHV,MOOSPMv3Parser,1752379201,4,4,3,6,6,3,3,6,6,3,789,242,3836,38,24,2,24,24,0,0,24,0,35,35,23,25,19.826,11,4,36.139046,-120.368507,178.807999,6,600,58,3,e00fce6876826e255108c6bd,2025-07-13 04:00:04,2025-07-13 04:00:04,2025-07-13 04:00:04,2025-07-13
286,6CdGZxTmiB,MOOSPMv3Parser,1752379801,4,4,3,6,6,3,3,6,6,3,815,249,3856,38,24,2,24,24,0,0,24,0,35,35,23,26,19.05,18,3,36.139069,-120.368454,170.149994,7,600,58,3,e00fce6876826e255108c6bd,2025-07-13 04:10:04,2025-07-13 04:10:04,2025-07-13 04:10:04,2025-07-13
297,C4Cw2T7BRJ,MOOSPMv3Parser,1752380401,4,4,3,5,5,3,3,6,6,3,796,245,3878,36,25,2,25,25,0,0,25,0,34,34,24,26,19.133,18,3,36.139038,-120.368301,163.759003,6,600,58,3,e00fce6876826e255108c6bd,2025-07-13 04:20:04,2025-07-13 04:20:04,2025-07-13 04:20:04,2025-07-13
307,07Os20k371,MOOSPMv3Parser,1752381001,4,4,3,6,6,3,3,6,6,3,804,248,3900,41,26,2,26,26,0,0,26,0,34,34,25,27,18.794,19,3,36.139118,-120.368416,166.772003,6,600,58,3,e00fce6876826e255108c6bd,2025-07-13 04:30:03,2025-07-13 04:30:04,2025-07-13 04:30:04,2025-07-13
319,Lc4ObpT6Gq,MOOSPMv3Parser,1752381601,3,3,3,6,6,4,4,6,6,4,769,239,3924,41,27,3,27,27,0,0,27,0,34,33,25,28,18.265,28,3,36.13908,-120.368439,159.268997,7,600,58,3,e00fce6876826e255108c6bd,2025-07-13 04:40:04,2025-07-13 04:40:04,2025-07-13 04:40:04,2025-07-13
328,AhYf8XHE0r,MOOSPMv3Parser,1752382201,4,4,3,5,5,3,3,6,6,3,783,241,3946,36,26,2,26,26,0,0,26,0,33,33,26,28,17.166,98,3,36.13908,-120.368454,169.328003,7,600,58,3,e00fce6876826e255108c6bd,2025-07-13 04:50:03,2025-07-13 04:50:04,2025-07-13 04:50:04,2025-07-13
341,NrqV7lFjdX,MOOSPMv3Parser,1752382801,4,4,4,6,6,4,4,7,7,4,826,256,3975,41,32,4,32,32,0,0,32,0,32,32,26,28,16.639,116,3,36.138844,-120.368355,128.360001,6,600,58,3,e00fce6876826e255108c6bd,2025-07-13 05:00:04,2025-07-13 05:00:05,2025-07-13 05:00:05,2025-07-13
352,JraFBrnqLH,MOOSPMv3Parser,1752383401,4,4,3,5,5,3,3,6,6,3,778,240,3997,38,25,1,26,26,0,0,26,0,32,32,29,31,15.586,186,2,36.138844,-120.368355,128.362,0,600,58,3,e00fce6876826e255108c6bd,2025-07-13 05:10:04,2025-07-13 05:10:04,2025-07-13 05:10:04,2025-07-13
363,fpZzfQvanS,MOOSPMv3Parser,1752384001,4,4,3,5,5,3,3,5,5,3,762,235,4019,32,25,1,25,25,0,0,25,0,31,31,29,31,15.687,260,2,36.139057,-120.368385,180.246994,6,600,58,3,e00fce6876826e255108c6bd,2025-07-13 05:20:04,2025-07-13 05:20:04,2025-07-13 05:20:04,2025-07-13
374,N5Vj2kMkhN,MOOSPMv3Parser,1752384601,4,4,4,7,7,4,4,7,7,4,875,267,4044,45,28,2,28,28,0,0,28,0,31,31,28,31,14.37,287,2,36.139061,-120.368439,179.557999,7,600,58,3,e00fce6876826e255108c6bd,2025-07-13 05:30:08,2025-07-13 05:30:08,2025-07-13 05:30:08,2025-07-13
385,HLKwaZZ2qN,MOOSPMv3Parser,1752385201,4,4,4,6,6,4,4,7,7,4,852,264,4068,42,28,3,28,28,0,0,28,0,31,31,28,32,15.55,171,2,36.139153,-120.368401,193.158005,6,600,58,3,e00fce6876826e255108c6bd,2025-07-13 05:40:09,2025-07-13 05:40:09,2025-07-13 05:40:09,2025-07-13
396,bvpmO59NT3,MOOSPMv3Parser,1752385801,4,4,3,6,6,4,4,7,7,4,823,255,4091,41,26,3,27,27,0,0,27,0,31,30,28,31,14.259,249,2,36.139137,-120.368156,252.600006,6,600,58,3,e00fce6876826e255108c6bd,2025-07-13 05:50:04,2025-07-13 05:50:04,2025-07-13 05:50:04,2025-07-13
404,uvvCG7S72g,MOOSPMv3Parser,1752386401,4,4,3,6,6,4,4,6,6,4,787,246,4114,41,27,2,27,27,0,0,27,0,30,30,29,31,14.314,369,1,36.139,-120.368393,182.595001,7,600,58,3,e00fce6876826e255108c6bd,2025-07-13 06:00:04,2025-07-13 06:00:04,2025-07-13 06:00:04,2025-07-13
418,7ZCaRffmmM,MOOSPMv3Parser,1752387001,4,4,3,6,6,3,3,6,6,3,816,249,4136,42,26,3,26,26,0,0,26,0,30,30,29,32,15.242,201,1,36.139019,-120.368362,179.462006,6,600,58,3,e00fce6876826e255108c6bd,2025-07-13 06:10:20,2025-07-13 06:10:20,2025-07-13 06:10:20,2025-07-13
429,ppImceZcIR,MOOSPMv3Parser,1752387601,3,3,3,5,5,3,3,6,6,3,768,238,4158,40,25,1,25,25,0,0,25,0,30,29,30,32,14.444,311,2,36.139118,-120.368393,197.391998,5,600,58,3,e00fce6876826e255108c6bd,2025-07-13 06:20:04,2025-07-13 06:20:04,2025-07-13 06:20:04,2025-07-13
440,hdG2P9X9dJ,MOOSPMv3Parser,1752388201,3,3,3,5,5,3,3,6,6,3,741,228,4181,40,26,3,26,26,0,0,26,0,29,29,31,34,13.446,308,1,36.139061,-120.368294,175.287003,8,600,58,3,e00fce6876826e255108c6bd,2025-07-13 06:30:09,2025-07-13 06:30:09,2025-07-13 06:30:09,2025-07-13
451,ZXPE5gOpoH,MOOSPMv3Parser,1752388801,5,5,5,7,7,5,5,8,8,5,935,289,4216,53,40,5,40,40,0,0,40,0,29,29,30,32,13.343,329,1,36.139004,-120.368385,178.292999,6,600,58,3,e00fce6876826e255108c6bd,2025-07-13 06:40:04,2025-07-13 06:40:04,2025-07-13 06:40:04,2025-07-13
462,e1cTegm80f,MOOSPMv3Parser,1752389401,4,4,4,6,6,4,4,7,7,4,837,261,4241,47,29,3,29,29,0,0,29,0,28,28,31,33,13.935,308,1,36.138912,-120.368248,198.231995,7,600,58,3,e00fce6876826e255108c6bd,2025-07-13 06:50:04,2025-07-13 06:50:04,2025-07-13 06:50:04,2025-07-13
472,2ZSjlOZ6GR,MOOSPMv3Parser,1752390001,4,4,4,7,7,4,4,8,8,4,876,272,4266,51,29,4,29,29,0,0,29,0,28,28,31,33,13.973,288,1,36.138912,-120.368248,198.237,0,600,58,3,e00fce6876826e255108c6bd,2025-07-13 07:00:04,2025-07-13 07:00:04,2025-07-13 07:00:04,2025-07-13
484,g8Q3puy2NZ,MOOSPMv3Parser,1752390601,5,5,5,7,7,5,5,8,8,5,911,281,4298,51,36,5,36,36,0,0,36,0,28,28,33,35,12.502,322,1,36.13903,-120.368332,180.761993,12,600,58,3,e00fce6876826e255108c6bd,2025-07-13 07:10:08,2025-07-13 07:10:08,2025-07-13 07:10:08,2025-07-13
495,48GWCfFTF4,MOOSPMv3Parser,1752391201,4,4,4,7,7,5,5,7,7,5,879,272,4328,44,35,3,35,35,0,0,35,0,28,28,34,35,11.939,379,1,36.138988,-120.368324,164.630997,7,600,58,3,e00fce6876826e255108c6bd,2025-07-13 07:20:04,2025-07-13 07:20:04,2025-07-13 07:20:04,2025-07-13
504,DGS5ow4w3v,MOOSPMv3Parser,1752391801,4,4,4,7,7,4,4,8,8,4,946,292,4358,52,33,6,34,34,0,0,34,0,28,27,34,36,11.761,373,1,36.139019,-120.36824,184.177994,10,600,58,3,e00fce6876826e255108c6bd,2025-07-13 07:30:04,2025-07-13 07:30:04,2025-07-13 07:30:04,2025-07-13
516,nGsuXTvwlu,MOOSPMv3Parser,1752392401,4,4,4,7,7,4,4,8,8,4,881,271,4386,48,32,3,32,32,0,0,32,0,27,27,34,36,12.402,368,1,36.139019,-120.368317,180.298996,10,600,58,3,e00fce6876826e255108c6bd,2025-07-13 07:40:04,2025-07-13 07:40:04,2025-07-13 07:40:04,2025-07-13
525,wCwM0dQDZ9,MOOSPMv3Parser,1752393001,4,4,4,6,6,4,4,7,7,4,857,265,4413,45,31,3,31,31,0,0,31,0,27,27,34,37,12.284,343,1,36.139011,-120.36834,180.606003,11,600,58,3,e00fce6876826e255108c6bd,2025-07-13 07:50:04,2025-07-13 07:50:04,2025-07-13 07:50:04,2025-07-13
533,HxWyvOvtPJ,MOOSPMv3Parser,1752393601,4,4,4,6,6,4,4,7,7,4,818,252,4440,46,31,3,31,31,0,0,31,0,27,27,33,36,13.217,295,1,36.138981,-120.368378,169.994995,8,600,58,3,e00fce6876826e255108c6bd,2025-07-13 08:00:03,2025-07-13 08:00:04,2025-07-13 08:00:04,2025-07-13
546,1qPticqjuB,MOOSPMv3Parser,1752394201,4,4,4,6,6,4,4,7,7,4,826,257,4467,45,31,4,31,31,0,0,31,0,27,27,33,36,13.179,295,1,36.138977,-120.368279,171.990005,6,600,58,3,e00fce6876826e255108c6bd,2025-07-13 08:10:04,2025-07-13 08:10:04,2025-07-13 08:10:04,2025-07-13
556,rckPupjEYM,MOOSPMv3Parser,1752394801,4,4,4,6,6,4,4,7,7,4,864,264,4494,44,31,3,31,31,0,0,31,0,27,27,33,36,14.317,247,1,36.139019,-120.368286,196.766998,11,600,58,3,e00fce6876826e255108c6bd,2025-07-13 08:20:04,2025-07-13 08:20:04,2025-07-13 08:20:04,2025-07-13
566,KcGoDLqTLC,MOOSPMv3Parser,1752395401,4,4,4,7,7,4,4,7,7,4,868,267,4520,46,30,3,30,30,0,0,30,0,27,26,31,35,15.476,188,1,36.139248,-120.368309,199.382996,7,600,58,3,e00fce6876826e255108c6bd,2025-07-13 08:30:04,2025-07-13 08:30:04,2025-07-13 08:30:04,2025-07-13
575,l9AB3wpCcZ,MOOSPMv3Parser,1752396001,4,4,4,6,6,4,4,7,7,4,828,258,4546,47,31,3,31,31,0,0,31,0,27,26,32,36,16.388,113,2,36.139004,-120.368332,182.285004,6,600,58,3,e00fce6876826e255108c6bd,2025-07-13 08:40:04,2025-07-13 08:40:04,2025-07-13 08:40:04,2025-07-13
586,bsGNBMEiA9,MOOSPMv3Parser,1752396601,4,4,4,7,7,4,4,7,7,4,885,272,4573,47,30,3,30,30,0,0,30,0,27,26,31,34,15.076,221,2,36.139004,-120.368332,182.289001,0,600,58,3,e00fce6876826e255108c6bd,2025-07-13 08:50:04,2025-07-13 08:50:04,2025-07-13 08:50:04,2025-07-13
595,ISRpasn5u0,MOOSPMv3Parser,1752397201,4,4,4,6,6,4,4,7,7,4,859,267,4598,39,30,3,30,30,0,0,30,0,26,26,31,34,14.492,257,2,36.139145,-120.36837,189.207993,9,600,58,3,e00fce6876826e255108c6bd,2025-07-13 09:00:04,2025-07-13 09:00:04,2025-07-13 09:00:04,2025-07-13
605,3uH9CZAp7R,MOOSPMv3Parser,1752397801,4,4,4,6,6,4,4,6,6,4,829,257,4625,42,31,3,31,31,0,0,31,0,26,26,32,34,13.581,297,2,36.139042,-120.368324,185.195999,8,600,58,3,e00fce6876826e255108c6bd,2025-07-13 09:10:04,2025-07-13 09:10:05,2025-07-13 09:10:05,2025-07-13
615,3Ssw7GtRPs,MOOSPMv3Parser,1752398401,4,4,4,7,7,4,4,8,8,4,841,260,4651,47,30,5,30,30,0,0,30,0,25,25,34,36,13.14,330,1,36.139046,-120.368393,160.994003,7,600,58,3,e00fce6876826e255108c6bd,2025-07-13 09:20:04,2025-07-13 09:20:04,2025-07-13 09:20:04,2025-07-13
624,0s1zsbeCkw,MOOSPMv3Parser,1752399001,4,4,4,7,7,4,4,7,7,4,868,269,4679,49,32,2,33,33,0,0,33,0,25,25,34,36,12.827,332,1,36.139042,-120.368378,172.261002,7,600,58,3,e00fce6876826e255108c6bd,2025-07-13 09:30:04,2025-07-13 09:30:04,2025-07-13 09:30:04,2025-07-13
1043,H9HTO4iMOu,MOOSPMv3Parser,1752427200,7,7,174,11,11,684,1102,12,12,1307,1411,436,262,72,866,4,1363,1467,0,0,1491,1,35,39,28,26,10.369,49,2,36.139023,-120.368279,189.033005,8,513,58,3,e00fce6876826e255108c6bd,2025-07-13 17:20:02,2025-07-13 17:20:02,2025-07-13 17:20:02,2025-07-13
1053,mtuFFc8spG,MOOSPMv3Parser,1752427800,8,8,116,11,11,122,122,12,12,122,1396,430,1017,72,910,4,914,914,0,0,914,0,36,39,26,24,14.141,80,4,36.138992,-120.368362,182.701004,8,600,58,3,e00fce6876826e255108c6bd,2025-07-13 17:30:02,2025-07-13 17:30:02,2025-07-13 17:30:02,2025-07-13
1065,21u5Xo9ENc,MOOSPMv3Parser,1752428400,7,7,5,11,11,6,6,11,11,6,1397,429,1053,64,42,4,42,42,0,0,42,0,36,40,25,23,15.232,94,3,36.138947,-120.368271,172.246994,6,600,58,3,e00fce6876826e255108c6bd,2025-07-13 17:40:02,2025-07-13 17:40:02,2025-07-13 17:40:02,2025-07-13
1076,eTWE5nfLGt,MOOSPMv3Parser,1752429000,8,8,5,11,11,5,5,11,11,5,1414,436,1088,66,40,3,40,40,0,0,40,0,37,41,24,22,16.144,99,2,36.138992,-120.368317,160.921997,6,600,58,3,e00fce6876826e255108c6bd,2025-07-13 17:50:02,2025-07-13 17:50:02,2025-07-13 17:50:02,2025-07-13
1087,H5vVP7YtTx,MOOSPMv3Parser,1752429600,8,8,5,11,11,5,5,11,11,5,1422,436,1122,68,40,3,40,40,0,0,40,0,38,42,23,21,16.206,115,2,36.139057,-120.368561,150.996994,6,600,58,3,e00fce6876826e255108c6bd,2025-07-13 18:00:02,2025-07-13 18:00:02,2025-07-13 18:00:02,2025-07-13
1099,3kNfRz9UH0,MOOSPMv3Parser,1752430200,8,8,5,12,12,5,5,12,12,5,1509,461,1157,70,40,3,41,41,0,0,41,0,38,42,24,22,16.992,181,1,36.139065,-120.368149,205.654999,5,600,58,3,e00fce6876826e255108c6bd,2025-07-13 18:10:02,2025-07-13 18:10:02,2025-07-13 18:10:02,2025-07-13
1108,UFiifflvkM,MOOSPMv3Parser,1752430800,8,8,5,12,12,5,5,12,12,5,1559,476,1192,69,40,2,40,40,0,0,40,0,39,43,23,21,17.052,156,1,36.138954,-120.368393,175.464996,5,600,58,3,e00fce6876826e255108c6bd,2025-07-13 18:20:02,2025-07-13 18:20:02,2025-07-13 18:20:02,2025-07-13
1122,VOuC4LQApV,MOOSPMv3Parser,1752431400,9,9,5,12,12,5,5,13,13,5,1580,481,1225,70,39,4,39,39,0,0,39,0,39,43,22,20,17.85,46,1,36.139023,-120.36834,172.201996,7,600,58,3,e00fce6876826e255108c6bd,2025-07-13 18:30:02,2025-07-13 18:30:02,2025-07-13 18:30:02,2025-07-13
1131,6m4ftGjFCC,MOOSPMv3Parser,1752432000,8,8,5,12,12,6,6,12,12,6,1560,479,1262,71,42,2,42,42,0,0,42,0,40,44,23,22,17.335,120,1,36.139023,-120.36834,172.199997,0,600,58,3,e00fce6876826e255108c6bd,2025-07-13 18:40:02,2025-07-13 18:40:02,2025-07-13 18:40:02,2025-07-13
1151,LdGrnZzMYe,MOOSPMv3Parser,1752432600,9,9,5,12,12,5,5,13,13,5,1543,468,1295,77,38,3,38,38,0,0,38,0,40,45,21,20,17.09,141,1,36.139038,-120.368416,179.427994,7,600,58,3,e00fce6876826e255108c6bd,2025-07-13 18:50:07,2025-07-13 18:50:07,2025-07-13 18:50:07,2025-07-13
1154,EiiiWLqHH5,MOOSPMv3Parser,1752433200,8,8,5,11,11,5,5,12,12,5,1534,466,1327,66,36,2,36,36,0,0,36,0,41,45,19,19,16.485,162,1,36.139057,-120.368286,179.259995,7,600,58,3,e00fce6876826e255108c6bd,2025-07-13 19:00:02,2025-07-13 19:00:02,2025-07-13 19:00:02,2025-07-13
1164,KSyd3O3iQD,MOOSPMv3Parser,1752433800,8,8,4,11,11,5,5,11,11,5,1498,455,1357,65,34,3,34,34,0,0,34,0,41,45,19,18,17.953,81,1,36.13908,-120.368462,188.891006,6,600,58,3,e00fce6876826e255108c6bd,2025-07-13 19:10:02,2025-07-13 19:10:02,2025-07-13 19:10:02,2025-07-13
1176,RcaxuHpyzo,MOOSPMv3Parser,1752434400,8,8,4,11,11,4,4,11,11,4,1499,451,1386,67,33,4,33,33,0,0,33,0,41,46,19,18,18.446,54,1,36.139046,-120.368332,181.313995,7,600,58,3,e00fce6876826e255108c6bd,2025-07-13 19:20:02,2025-07-13 19:20:03,2025-07-13 19:20:03,2025-07-13
1189,lQH33IUdBF,MOOSPMv3Parser,1752435000,8,8,4,11,11,5,5,11,11,5,1467,440,1415,64,34,3,34,34,1,0,34,0,42,46,18,18,18.836,57,1,36.138996,-120.368294,193.315002,7,600,58,3,e00fce6876826e255108c6bd,2025-07-13 19:30:02,2025-07-13 19:30:03,2025-07-13 19:30:03,2025-07-13
1198,4ZSrPPj7N3,MOOSPMv3Parser,1752435600,8,8,5,12,12,5,5,13,13,5,1574,474,1448,77,38,5,38,38,0,0,38,0,41,46,19,18,18.018,267,1,36.13924,-120.368286,205.438995,5,600,58,3,e00fce6876826e255108c6bd,2025-07-13 19:40:02,2025-07-13 19:40:02,2025-07-13 19:40:02,2025-07-13
1210,A2GwoTaNzr,MOOSPMv3Parser,1752436200,8,8,4,10,10,5,5,11,11,5,1473,443,1477,60,34,2,34,34,0,0,34,0,42,46,18,18,18.417,281,1,36.138996,-120.368362,170.942993,7,600,58,3,e00fce6876826e255108c6bd,2025-07-13 19:50:02,2025-07-13 19:50:02,2025-07-13 19:50:02,2025-07-13
1219,Gbn4eE4xz3,MOOSPMv3Parser,1752436800,8,8,4,11,11,5,5,11,11,5,1510,451,1507,65,34,2,34,34,0,0,34,0,42,46,18,18,18.531,214,1,36.139133,-120.368439,177.393997,7,600,58,3,e00fce6876826e255108c6bd,2025-07-13 20:00:02,2025-07-13 20:00:02,2025-07-13 20:00:02,2025-07-13
1237,jYbV5hAUmi,MOOSPMv3Parser,1752437400,8,8,4,11,11,4,4,11,11,4,1454,439,1535,65,31,2,32,32,0,0,32,0,42,46,18,17,19.748,79,1,36.139034,-120.368355,154.028,7,600,58,3,e00fce6876826e255108c6bd,2025-07-13 20:10:03,2025-07-13 20:10:03,2025-07-13 20:10:03,2025-07-13
1242,V4U96JtUdd,MOOSPMv3Parser,1752438000,8,8,4,10,10,4,4,10,10,4,1409,425,1562,63,31,2,31,31,0,0,31,0,43,46,18,18,18.02,105,1,36.138996,-120.368393,142.470993,6,600,58,3,e00fce6876826e255108c6bd,2025-07-13 20:20:02,2025-07-13 20:20:02,2025-07-13 20:20:02,2025-07-13
1254,3mViH0htHT,MOOSPMv3Parser,1752438600,8,8,4,11,11,4,4,11,11,4,1452,436,1588,60,30,3,30,30,0,0,30,0,43,47,17,17,18.54,128,1,36.138996,-120.368393,142.473999,0,600,58,3,e00fce6876826e255108c6bd,2025-07-13 20:30:02,2025-07-13 20:30:02,2025-07-13 20:30:02,2025-07-13
1264,6SrjwVHCDR,MOOSPMv3Parser,1752439200,7,7,4,10,10,4,4,10,10,4,1395,416,1615,59,31,2,31,31,0,0,31,0,43,47,18,18,18.903,97,1,36.139042,-120.368385,176.608994,6,600,58,3,e00fce6876826e255108c6bd,2025-07-13 20:40:02,2025-07-13 20:40:02,2025-07-13 20:40:02,2025-07-13
1276,87s6hwLPPr,MOOSPMv3Parser,1752439800,7,7,4,10,10,4,4,10,10,4,1402,420,1642,61,31,2,31,31,0,0,31,0,42,47,19,18,19.478,111,1,36.139034,-120.368401,174.436005,6,600,58,3,e00fce6876826e255108c6bd,2025-07-13 20:50:02,2025-07-13 20:50:02,2025-07-13 20:50:02,2025-07-13
1286,HzcxRKWEa7,MOOSPMv3Parser,1752440400,7,7,4,10,10,4,4,10,10,4,1454,435,1669,63,31,2,31,31,0,0,31,0,43,47,18,18,18.942,112,1,36.13903,-120.368416,164.018005,6,600,58,3,e00fce6876826e255108c6bd,2025-07-13 21:00:02,2025-07-13 21:00:03,2025-07-13 21:00:03,2025-07-13
1297,1oywilOB5R,MOOSPMv3Parser,1752441000,8,8,4,10,10,4,4,11,11,4,1468,437,1696,59,31,2,31,31,0,0,31,0,43,47,18,18,18.965,116,1,36.139015,-120.368401,173.462006,6,600,58,3,e00fce6876826e255108c6bd,2025-07-13 21:10:02,2025-07-13 21:10:02,2025-07-13 21:10:02,2025-07-13
1308,LDXSf02HwI,MOOSPMv3Parser,1752441600,8,8,4,11,11,4,4,11,11,4,1510,450,1724,60,32,2,32,32,0,0,32,0,44,47,18,18,18.765,144,1,36.139076,-120.368401,166.169998,5,600,58,3,e00fce6876826e255108c6bd,2025-07-13 21:20:02,2025-07-13 21:20:02,2025-07-13 21:20:02,2025-07-13
1320,EHVg7yAxS1,MOOSPMv3Parser,1752442200,8,8,4,11,11,4,4,11,11,4,1556,459,1751,63,32,2,32,32,0,0,32,0,44,48,17,17,19.297,95,1,36.139103,-120.368423,156.917999,6,600,58,3,e00fce6876826e255108c6bd,2025-07-13 21:30:02,2025-07-13 21:30:02,2025-07-13 21:30:02,2025-07-13
1330,gxbwhA70GI,MOOSPMv3Parser,1752442800,8,8,4,11,11,4,4,11,11,4,1504,446,1779,64,31,2,32,32,0,0,32,0,44,48,18,17,19.463,79,1,36.139099,-120.368385,167.009995,6,600,58,3,e00fce6876826e255108c6bd,2025-07-13 21:40:02,2025-07-13 21:40:02,2025-07-13 21:40:02,2025-07-13
1343,qjtFpfjqWX,MOOSPMv3Parser,1752443400,8,8,4,11,11,4,4,12,12,4,1579,468,1808,63,34,2,34,34,0,0,34,0,44,48,17,17,19.675,74,1,36.139046,-120.368332,166.289993,7,600,58,3,e00fce6876826e255108c6bd,2025-07-13 21:50:03,2025-07-13 21:50:03,2025-07-13 21:50:03,2025-07-13
1352,3RFmhYQJ7H,MOOSPMv3Parser,1752444000,9,9,5,12,12,5,5,12,12,5,1625,484,1839,71,36,4,36,36,0,0,36,0,44,48,16,17,18.683,193,1,36.13905,-120.368385,165.735001,7,600,58,3,e00fce6876826e255108c6bd,2025-07-13 22:00:02,2025-07-13 22:00:02,2025-07-13 22:00:02,2025-07-13
1365,uFZNSND2E1,MOOSPMv3Parser,1752444600,8,8,5,11,11,5,5,12,12,5,1620,473,1871,66,36,3,37,37,0,0,37,0,44,48,17,17,19.028,170,1,36.139008,-120.368309,168.841995,6,600,58,3,e00fce6876826e255108c6bd,2025-07-13 22:10:02,2025-07-13 22:10:02,2025-07-13 22:10:02,2025-07-13
1374,5W7xap13pR,MOOSPMv3Parser,1752445200,9,9,5,12,12,5,5,12,12,5,1674,494,1902,67,35,3,35,35,0,0,35,0,44,48,17,17,19.759,151,1,36.139008,-120.368309,168.839996,0,600,58,3,e00fce6876826e255108c6bd,2025-07-13 22:20:02,2025-07-13 22:20:03,2025-07-13 22:20:03,2025-07-13
1384,lrq7cGH0Pj,MOOSPMv3Parser,1752445800,9,9,4,12,12,5,5,12,12,5,1677,491,1932,66,35,2,35,35,0,0,35,0,44,48,16,17,19.648,151,1,36.139019,-120.368301,174.335007,5,600,58,3,e00fce6876826e255108c6bd,2025-07-13 22:30:02,2025-07-13 22:30:02,2025-07-13 22:30:02,2025-07-13
1395,hBzTKlFi5v,MOOSPMv3Parser,1752446400,9,9,5,12,12,5,5,12,12,5,1718,509,1963,70,36,2,36,36,0,0,36,0,44,48,16,17,19.915,62,1,36.139008,-120.368324,168.451996,5,600,58,3,e00fce6876826e255108c6bd,2025-07-13 22:40:02,2025-07-13 22:40:02,2025-07-13 22:40:02,2025-07-13
1407,O8pqarSBhg,MOOSPMv3Parser,1752447000,9,9,5,12,12,5,5,13,13,5,1718,511,1996,70,37,3,37,37,0,0,37,0,44,48,17,17,20.181,28,1,36.138992,-120.368332,176.522003,6,600,58,3,e00fce6876826e255108c6bd,2025-07-13 22:50:02,2025-07-13 22:50:02,2025-07-13 22:50:02,2025-07-13
1418,X8zhYPwe7x,MOOSPMv3Parser,1752447600,9,9,5,12,12,5,5,13,13,5,1717,509,2028,76,37,3,37,37,0,0,37,0,44,47,16,17,20.202,20,1,36.138981,-120.368378,191.815994,6,600,58,3,e00fce6876826e255108c6bd,2025-07-13 23:00:02,2025-07-13 23:00:03,2025-07-13 23:00:03,2025-07-13
1429,gLDqtELgkT,MOOSPMv3Parser,1752448200,9,9,5,13,13,5,5,13,13,5,1719,512,2059,75,36,4,36,36,0,0,36,0,45,47,16,17,19.814,38,1,36.139019,-120.368301,183.518997,7,600,58,3,e00fce6876826e255108c6bd,2025-07-13 23:10:02,2025-07-13 23:10:02,2025-07-13 23:10:02,2025-07-13
1439,JqOLHkVcKU,MOOSPMv3Parser,1752448800,9,9,5,12,12,5,5,12,12,5,1685,500,2092,75,38,2,38,38,0,0,38,0,44,47,16,16,20.55,13,1,36.139027,-120.368324,177.231995,6,600,58,3,e00fce6876826e255108c6bd,2025-07-13 23:20:02,2025-07-13 23:20:02,2025-07-13 23:20:02,2025-07-13
1452,2EgXWFIILa,MOOSPMv3Parser,1752449400,9,9,5,12,12,5,5,13,13,5,1655,498,2124,69,36,3,36,36,0,0,36,0,44,47,16,17,20.774,5,1,36.138996,-120.36834,167.927994,6,600,58,3,e00fce6876826e255108c6bd,2025-07-13 23:30:03,2025-07-13 23:30:03,2025-07-13 23:30:03,2025-07-13
1470,DQIRmBCNE4,MOOSPMv3Parser,1752450000,9,9,5,12,12,5,5,13,13,5,1702,509,2156,73,37,3,37,37,0,0,37,0,44,46,16,17,20.853,4,1,36.138981,-120.368324,182.319,6,600,58,3,e00fce6876826e255108c6bd,2025-07-13 23:40:07,2025-07-13 23:40:07,2025-07-13 23:40:07,2025-07-13
1474,BuBuRww6vq,MOOSPMv3Parser,1752450600,9,9,5,13,13,5,5,13,13,5,1728,520,2190,75,39,5,40,40,0,0,40,0,44,46,16,17,21.38,2,1,36.139053,-120.368332,170.139999,6,600,58,3,e00fce6876826e255108c6bd,2025-07-13 23:50:02,2025-07-13 23:50:03,2025-07-13 23:50:03,2025-07-13
3,mJD01g2fAa,MOOSPMv3Parser,1752451200,10,10,6,14,14,6,6,14,14,6,1855,560,2228,82,44,3,44,44,0,0,44,0,43,46,17,18,22.692,1,1,36.139004,-120.368492,164.354004,6,600,58,3,e00fce6876826e255108c6bd,2025-07-14 00:00:03,2025-07-14 00:00:03,2025-07-14 00:00:03,2025-07-14
14,zWiGr33WlC,MOOSPMv3Parser,1752451800,12,12,7,16,16,7,7,17,17,7,2183,657,2273,93,52,3,52,52,0,0,52,0,43,45,17,18,23.36,1,2,36.139004,-120.368492,164.354004,0,600,58,3,e00fce6876826e255108c6bd,2025-07-14 00:10:02,2025-07-14 00:10:02,2025-07-14 00:10:02,2025-07-14
24,UOBrbbm8ha,MOOSPMv3Parser,1752452400,15,15,8,21,21,9,9,22,22,9,2637,804,2330,120,65,7,65,65,0,0,65,0,43,45,18,19,23.491,1,2,36.139038,-120.368584,161.587006,5,600,58,3,e00fce6876826e255108c6bd,2025-07-14 00:20:02,2025-07-14 00:20:02,2025-07-14 00:20:02,2025-07-14
36,UCwKMmIANJ,MOOSPMv3Parser,1752453000,17,17,10,24,24,10,10,25,25,10,2895,880,2395,137,75,10,75,75,0,0,75,0,43,44,18,19,23.584,1,2,36.138973,-120.368301,191.520004,6,600,58,3,e00fce6876826e255108c6bd,2025-07-14 00:30:02,2025-07-14 00:30:02,2025-07-14 00:30:02,2025-07-14
47,MU30zWbOCb,MOOSPMv3Parser,1752453600,15,15,9,21,21,9,9,22,22,9,2551,777,2455,122,69,7,69,69,0,0,69,0,43,44,18,20,22.956,1,2,36.138943,-120.368294,185.358002,5,600,58,3,e00fce6876826e255108c6bd,2025-07-14 00:40:02,2025-07-14 00:40:03,2025-07-14 00:40:03,2025-07-14
58,czrcze2DxP,MOOSPMv3Parser,1752454200,13,13,8,19,19,8,8,19,19,8,2293,699,2507,112,59,7,59,59,0,0,59,0,43,43,19,20,23.305,1,2,36.138981,-120.368332,176.332001,6,600,58,3,e00fce6876826e255108c6bd,2025-07-14 00:50:02,2025-07-14 00:50:03,2025-07-14 00:50:03,2025-07-14
69,MxDGNjyh6L,MOOSPMv3Parser,1752454800,12,12,7,17,17,8,8,17,17,8,2143,651,2556,99,56,5,56,56,0,0,56,0,42,43,20,21,23.308,1,3,36.139042,-120.368332,185.897995,6,600,58,3,e00fce6876826e255108c6bd,2025-07-14 01:00:02,2025-07-14 01:00:03,2025-07-14 01:00:03,2025-07-14
79,oPrM8CEJQa,MOOSPMv3Parser,1752455400,11,11,7,16,16,7,7,17,17,7,2053,626,2604,95,55,4,55,55,0,0,55,0,42,42,20,22,23.04,2,3,36.138996,-120.368431,188.977997,5,600,58,3,e00fce6876826e255108c6bd,2025-07-14 01:10:02,2025-07-14 01:10:02,2025-07-14 01:10:02,2025-07-14
90,hM2CpdHU2s,MOOSPMv3Parser,1752456000,11,11,6,15,15,7,7,16,16,7,1937,591,2647,95,50,5,50,50,0,0,50,0,42,42,19,21,23.027,2,3,36.139053,-120.368294,145.492996,5,600,58,3,e00fce6876826e255108c6bd,2025-07-14 01:20:02,2025-07-14 01:20:02,2025-07-14 01:20:02,2025-07-14
101,jwgk2QjVB0,MOOSPMv3Parser,1752456600,11,11,7,16,16,7,7,17,17,7,2055,624,2694,97,54,6,54,54,0,0,54,0,42,42,20,22,23.256,2,3,36.138947,-120.368347,176.117996,5,600,58,3,e00fce6876826e255108c6bd,2025-07-14 01:30:02,2025-07-14 01:30:02,2025-07-14 01:30:02,2025-07-14
114,VoYUKGr8TL,MOOSPMv3Parser,1752457200,11,11,6,15,15,7,7,16,16,7,1916,588,2737,94,50,5,50,50,0,0,50,0,41,41,20,22,23.875,2,4,36.139038,-120.368309,179.884995,5,600,58,3,e00fce6876826e255108c6bd,2025-07-14 01:40:02,2025-07-14 01:40:03,2025-07-14 01:40:03,2025-07-14
124,ehIXANtJCw,MOOSPMv3Parser,1752457800,10,10,6,14,14,6,6,15,15,6,1807,553,2778,84,47,4,47,47,0,0,47,0,41,41,21,23,24.073,2,4,36.139038,-120.368309,179.882996,0,600,58,3,e00fce6876826e255108c6bd,2025-07-14 01:50:02,2025-07-14 01:50:02,2025-07-14 01:50:02,2025-07-14
134,llF82H3jtf,MOOSPMv3Parser,1752458400,10,10,6,13,13,6,6,14,14,6,1748,538,2819,78,47,4,47,47,0,0,47,0,40,41,21,23,23.992,2,4,36.138996,-120.368324,191.067993,6,600,58,3,e00fce6876826e255108c6bd,2025-07-14 02:00:02,2025-07-14 02:00:03,2025-07-14 02:00:03,2025-07-14
146,iPoOcdEwpW,MOOSPMv3Parser,1752459000,9,9,5,12,12,6,6,12,12,6,1607,496,2856,70,43,2,43,43,0,0,43,0,40,40,21,23,23.892,3,5,36.13895,-120.368279,179.121002,6,600,58,3,e00fce6876826e255108c6bd,2025-07-14 02:10:02,2025-07-14 02:10:02,2025-07-14 02:10:02,2025-07-14
156,gJdO4PKSgh,MOOSPMv3Parser,1752459600,9,9,6,12,12,6,6,13,13,6,1556,482,2893,74,43,2,43,43,0,0,43,0,40,40,22,24,23.501,3,5,36.139061,-120.368492,178.584,5,600,58,3,e00fce6876826e255108c6bd,2025-07-14 02:20:02,2025-07-14 02:20:03,2025-07-14 02:20:03,2025-07-14
168,0scYKtYQsm,MOOSPMv3Parser,1752460200,8,8,5,12,12,5,5,12,12,5,1539,467,2929,71,41,4,41,41,0,0,41,0,39,39,22,24,24.157,4,5,36.139046,-120.368431,178.363998,6,600,58,3,e00fce6876826e255108c6bd,2025-07-14 02:30:02,2025-07-14 02:30:02,2025-07-14 02:30:02,2025-07-14
178,3f78YUouHA,MOOSPMv3Parser,1752460800,8,8,5,11,11,6,6,12,12,6,1478,450,2964,68,41,3,41,41,0,0,41,0,38,39,23,24,24.411,4,6,36.139133,-120.368385,190.134995,6,600,58,3,e00fce6876826e255108c6bd,2025-07-14 02:40:02,2025-07-14 02:40:02,2025-07-14 02:40:02,2025-07-14
193,PcHzfmFFdv,MOOSPMv3Parser,1752461400,8,8,5,11,11,5,5,12,12,5,1502,459,2999,68,40,3,40,40,0,0,40,0,37,38,23,25,24.522,4,6,36.139046,-120.368515,163.645996,7,600,58,3,e00fce6876826e255108c6bd,2025-07-14 02:50:03,2025-07-14 02:50:03,2025-07-14 02:50:03,2025-07-14
199,0uq2l9dGcq,MOOSPMv3Parser,1752462000,8,8,5,12,12,5,5,12,12,5,1494,462,3033,72,39,3,39,39,0,0,39,0,37,38,24,26,24.48,4,7,36.139057,-120.36837,178.406998,6,600,58,3,e00fce6876826e255108c6bd,2025-07-14 03:00:02,2025-07-14 03:00:03,2025-07-14 03:00:03,2025-07-14
212,clb87TyXaB,MOOSPMv3Parser,1752462600,8,8,5,11,11,6,6,11,11,6,1437,441,3069,68,41,4,41,41,0,0,41,0,36,37,24,26,23.987,5,7,36.138996,-120.368423,176.509003,6,600,58,3,e00fce6876826e255108c6bd,2025-07-14 03:10:02,2025-07-14 03:10:02,2025-07-14 03:10:02,2025-07-14
222,3mrAkuTkuM,MOOSPMv3Parser,1752463200,8,8,5,11,11,5,5,11,11,5,1438,439,3105,65,41,3,41,41,0,0,41,0,36,36,25,27,23.333,8,7,36.139034,-120.368401,176.153,5,600,58,3,e00fce6876826e255108c6bd,2025-07-14 03:20:03,2025-07-14 03:20:03,2025-07-14 03:20:03,2025-07-14
242,QGUtYitXR7,MOOSPMv3Parser,1752463800,8,8,5,11,11,6,6,12,12,6,1414,435,3141,69,41,4,42,42,0,0,42,0,35,36,26,28,23.747,11,7,36.13913,-120.368675,177.759003,5,600,58,3,e00fce6876826e255108c6bd,2025-07-14 03:30:08,2025-07-14 03:30:08,2025-07-14 03:30:08,2025-07-14
245,W3AyIWyh2E,MOOSPMv3Parser,1752464400,8,8,6,12,12,6,6,12,12,6,1439,446,3178,71,43,5,44,44,0,0,44,0,35,35,27,29,22.524,11,7,36.13913,-120.368675,177.757004,0,600,58,3,e00fce6876826e255108c6bd,2025-07-14 03:40:02,2025-07-14 03:40:02,2025-07-14 03:40:02,2025-07-14
256,1eCri78vF5,MOOSPMv3Parser,1752465000,8,8,6,12,12,6,6,13,13,6,1542,474,3219,74,47,5,47,47,0,0,47,0,35,35,28,30,23.464,11,7,36.139046,-120.368393,170.149994,7,600,58,3,e00fce6876826e255108c6bd,2025-07-14 03:50:02,2025-07-14 03:50:03,2025-07-14 03:50:03,2025-07-14
267,FHz2VMayN2,MOOSPMv3Parser,1752465600,9,9,8,14,14,8,8,15,15,8,1619,499,3272,90,61,8,61,61,0,0,61,0,35,35,28,30,21.831,14,7,36.139042,-120.368362,170.539001,7,600,58,3,e00fce6876826e255108c6bd,2025-07-14 04:00:02,2025-07-14 04:00:03,2025-07-14 04:00:03,2025-07-14
279,9KGdobYw05,MOOSPMv3Parser,1752466200,9,9,9,14,14,9,9,16,16,9,1672,516,3330,101,67,7,67,67,0,0,67,0,34,34,29,30,20.285,26,6,36.138966,-120.368385,180.796005,7,600,58,3,e00fce6876826e255108c6bd,2025-07-14 04:10:03,2025-07-14 04:10:03,2025-07-14 04:10:03,2025-07-14
296,vRBxvYxAnJ,MOOSPMv3Parser,1752466800,8,8,6,12,12,6,6,12,12,6,1511,466,3371,74,47,4,48,48,0,0,48,0,34,34,30,31,19.388,30,5,36.139004,-120.368355,168.408005,5,600,58,3,e00fce6876826e255108c6bd,2025-07-14 04:20:03,2025-07-14 04:20:04,2025-07-14 04:20:04,2025-07-14
305,QvwAeu6fwG,MOOSPMv3Parser,1752467400,8,8,6,12,12,6,6,12,12,6,1512,466,3411,75,46,3,47,47,0,0,47,0,33,33,30,31,20.136,29,5,36.139114,-120.368362,170.186996,5,600,58,3,e00fce6876826e255108c6bd,2025-07-14 04:30:03,2025-07-14 04:30:03,2025-07-14 04:30:03,2025-07-14
311,Kmm5DeSvvs,MOOSPMv3Parser,1752468000,8,8,6,12,12,6,6,12,12,6,1452,446,3452,77,47,4,47,47,0,0,47,0,32,33,31,32,20.012,27,5,36.13908,-120.368195,184.087006,4,600,58,3,e00fce6876826e255108c6bd,2025-07-14 04:40:02,2025-07-14 04:40:03,2025-07-14 04:40:03,2025-07-14
322,ltGjOBI39f,MOOSPMv3Parser,1752468600,8,8,6,12,12,6,6,13,13,6,1529,472,3494,74,48,6,48,48,0,0,48,0,32,32,31,33,20.614,31,5,36.139027,-120.368271,185.304001,6,600,58,3,e00fce6876826e255108c6bd,2025-07-14 04:50:02,2025-07-14 04:50:03,2025-07-14 04:50:03,2025-07-14
340,5kYvxKNAZ9,MOOSPMv3Parser,1752469200,9,9,6,12,12,7,7,13,13,7,1509,469,3537,80,50,5,50,50,0,0,50,0,32,32,32,34,19.853,40,5,36.138748,-120.369041,85.654999,6,600,58,3,e00fce6876826e255108c6bd,2025-07-14 05:00:04,2025-07-14 05:00:04,2025-07-14 05:00:04,2025-07-14
348,dpBzBcI8qi,MOOSPMv3Parser,1752469800,8,8,6,12,12,6,6,12,12,6,1456,451,3577,77,46,4,46,46,0,0,46,0,32,32,29,31,20.004,36,4,36.139008,-120.368286,190.429001,6,600,58,3,e00fce6876826e255108c6bd,2025-07-14 05:10:03,2025-07-14 05:10:03,2025-07-14 05:10:03,2025-07-14
363,2IHv7NytA4,MOOSPMv3Parser,1752470400,8,8,6,11,11,6,6,12,12,6,1453,447,3618,77,46,4,47,47,0,0,47,0,32,31,30,32,21.227,16,6,36.138912,-120.368729,122.848,7,600,58,3,e00fce6876826e255108c6bd,2025-07-14 05:20:06,2025-07-14 05:20:07,2025-07-14 05:20:07,2025-07-14
370,YsQQPNTalW,MOOSPMv3Parser,1752471000,8,8,6,12,12,6,6,12,12,6,1437,443,3659,74,47,5,48,48,0,0,48,0,32,31,30,33,20.335,40,5,36.138973,-120.368324,180.556,7,600,58,3,e00fce6876826e255108c6bd,2025-07-14 05:30:03,2025-07-14 05:30:03,2025-07-14 05:30:03,2025-07-14
379,GxnbWVYwOL,MOOSPMv3Parser,1752471600,9,9,6,13,13,7,7,13,13,7,1609,496,3702,79,49,5,49,49,0,0,49,0,31,31,32,34,18.86,104,5,36.139038,-120.368332,166.638,8,600,58,3,e00fce6876826e255108c6bd,2025-07-14 05:40:03,2025-07-14 05:40:03,2025-07-14 05:40:03,2025-07-14
389,SK0dMnkGNk,MOOSPMv3Parser,1752472200,9,9,6,12,12,7,7,13,13,7,1513,467,3744,75,49,4,49,49,0,0,49,0,31,31,32,35,18.495,59,4,36.138977,-120.368355,170.936005,7,600,58,3,e00fce6876826e255108c6bd,2025-07-14 05:50:03,2025-07-14 05:50:03,2025-07-14 05:50:03,2025-07-14
400,w9ZBW1Wd3D,MOOSPMv3Parser,1752472800,8,8,6,13,13,6,6,13,13,6,1520,471,3786,82,48,5,48,48,0,0,48,0,30,30,32,35,19.127,85,4,36.139118,-120.368233,181.628006,8,600,58,3,e00fce6876826e255108c6bd,2025-07-14 06:00:03,2025-07-14 06:00:03,2025-07-14 06:00:03,2025-07-14
418,XxWeDiPb6X,MOOSPMv3Parser,1752473400,8,8,6,12,12,7,7,13,13,7,1448,445,3829,79,49,6,49,49,0,0,49,0,30,30,32,34,19.356,39,4,36.139053,-120.368408,178.546997,7,600,58,3,e00fce6876826e255108c6bd,2025-07-14 06:10:08,2025-07-14 06:10:08,2025-07-14 06:10:08,2025-07-14
424,bdv0kGYlld,MOOSPMv3Parser,1752474000,8,8,6,12,12,6,6,12,12,6,1461,452,3870,78,48,4,48,48,0,0,48,0,30,30,33,35,18.726,49,5,36.13903,-120.368393,175.203995,6,600,58,3,e00fce6876826e255108c6bd,2025-07-14 06:20:03,2025-07-14 06:20:03,2025-07-14 06:20:03,2025-07-14
433,FP36yN8t4K,MOOSPMv3Parser,1752474600,9,9,6,12,12,7,7,13,13,7,1577,484,3914,79,50,3,50,50,0,0,50,0,30,29,33,36,17.517,99,4,36.13903,-120.368393,175.201004,0,600,58,3,e00fce6876826e255108c6bd,2025-07-14 06:30:03,2025-07-14 06:30:03,2025-07-14 06:30:03,2025-07-14
443,rtLE0ls0Gk,MOOSPMv3Parser,1752475200,9,9,7,13,13,7,7,14,14,7,1585,493,3960,83,53,4,53,53,0,0,53,0,29,29,34,36,16.289,170,3,36.13903,-120.368347,175.705994,6,600,58,3,e00fce6876826e255108c6bd,2025-07-14 06:40:02,2025-07-14 06:40:03,2025-07-14 06:40:03,2025-07-14
454,TzjLnhrFqz,MOOSPMv3Parser,1752475800,11,11,7,15,15,8,8,16,16,8,1922,590,4009,90,56,4,57,57,0,0,57,0,29,29,34,36,13.825,293,2,36.139023,-120.368484,192.091995,6,600,58,3,e00fce6876826e255108c6bd,2025-07-14 06:50:02,2025-07-14 06:50:03,2025-07-14 06:50:03,2025-07-14
465,3X5ARtjRFE,MOOSPMv3Parser,1752476400,14,14,8,19,19,9,9,20,20,9,2433,753,4067,104,66,6,66,66,0,0,66,0,29,29,33,36,14.51,276,1,36.139034,-120.368431,186.457001,7,600,58,3,e00fce6876826e255108c6bd,2025-07-14 07:00:02,2025-07-14 07:00:03,2025-07-14 07:00:03,2025-07-14
476,TKjZ1O4D3I,MOOSPMv3Parser,1752477000,9,9,6,13,13,7,7,13,13,7,1639,502,4110,81,50,4,50,50,0,0,50,0,29,29,34,37,15.044,199,1,36.138988,-120.368317,178.102005,6,600,58,3,e00fce6876826e255108c6bd,2025-07-14 07:10:03,2025-07-14 07:10:03,2025-07-14 07:10:03,2025-07-14
487,q7AjuGlBNj,MOOSPMv3Parser,1752477600,8,8,6,12,12,6,6,13,13,6,1491,459,4152,81,48,5,48,48,0,0,48,0,29,28,36,38,16.546,169,1,36.139069,-120.368393,158.238007,7,600,58,3,e00fce6876826e255108c6bd,2025-07-14 07:20:03,2025-07-14 07:20:03,2025-07-14 07:20:03,2025-07-14
497,QngOgsYOXi,MOOSPMv3Parser,1752478200,9,9,9,15,15,9,9,17,17,9,1742,540,4212,100,70,10,70,70,0,0,70,0,29,28,38,40,15.994,161,2,36.139038,-120.368423,177.735992,8,600,58,3,e00fce6876826e255108c6bd,2025-07-14 07:30:02,2025-07-14 07:30:03,2025-07-14 07:30:03,2025-07-14
509,1JAp4088zZ,MOOSPMv3Parser,1752478800,9,9,7,14,14,7,7,15,15,7,1621,504,4261,91,56,7,56,56,0,0,56,0,28,28,38,40,14.5,233,2,36.13903,-120.36834,173.847,8,600,58,3,e00fce6876826e255108c6bd,2025-07-14 07:40:02,2025-07-14 07:40:03,2025-07-14 07:40:03,2025-07-14
517,WbOFMzQRWl,MOOSPMv3Parser,1752479400,9,9,7,13,13,7,7,14,14,7,1596,492,4307,85,53,7,54,54,0,0,54,0,27,28,39,40,14.495,258,2,36.138947,-120.368256,179.828995,7,600,58,3,e00fce6876826e255108c6bd,2025-07-14 07:50:02,2025-07-14 07:50:03,2025-07-14 07:50:03,2025-07-14
527,WNlIh48qU0,MOOSPMv3Parser,1752480000,9,9,7,13,13,7,7,14,14,7,1563,482,4356,83,56,7,56,56,0,0,56,0,27,27,41,42,13.957,306,1,36.138981,-120.368332,177.619003,7,600,58,3,e00fce6876826e255108c6bd,2025-07-14 08:00:03,2025-07-14 08:00:03,2025-07-14 08:00:03,2025-07-14
544,aUxlYA1QbP,MOOSPMv3Parser,1752480600,9,9,7,13,13,7,7,13,13,7,1613,498,4404,84,55,3,55,55,0,0,55,0,27,27,41,42,14.562,240,1,36.139,-120.368416,161.744003,7,600,58,3,e00fce6876826e255108c6bd,2025-07-14 08:10:08,2025-07-14 08:10:08,2025-07-14 08:10:08,2025-07-14
549,9AAlGVjWlB,MOOSPMv3Parser,1752481200,9,9,7,13,13,7,7,14,14,7,1614,504,4452,84,55,5,56,56,0,0,56,0,27,27,42,44,13.925,251,1,36.139,-120.368416,161.742996,0,600,58,3,e00fce6876826e255108c6bd,2025-07-14 08:20:02,2025-07-14 08:20:03,2025-07-14 08:20:03,2025-07-14
558,u05RbhRPGo,MOOSPMv3Parser,1752481800,9,9,7,13,13,7,7,14,14,7,1576,489,4499,81,54,6,55,55,0,0,55,0,26,26,41,42,13.163,313,1,36.138977,-120.368286,180.962006,6,600,58,3,e00fce6876826e255108c6bd,2025-07-14 08:30:03,2025-07-14 08:30:03,2025-07-14 08:30:03,2025-07-14
568,uUcxdd5L4f,MOOSPMv3Parser,1752482400,8,8,7,13,13,7,7,13,13,7,1524,472,4546,85,54,5,54,54,0,0,54,0,26,26,41,43,13.035,324,1,36.139076,-120.36834,157.014008,7,600,58,3,e00fce6876826e255108c6bd,2025-07-14 08:40:03,2025-07-14 08:40:03,2025-07-14 08:40:03,2025-07-14
578,dhA8RxE4qS,MOOSPMv3Parser,1752483000,8,8,7,13,13,7,7,13,13,7,1515,472,4594,83,55,5,55,55,0,0,55,0,26,26,41,43,13.515,307,1,36.138985,-120.368385,163.671005,7,600,58,3,e00fce6876826e255108c6bd,2025-07-14 08:50:03,2025-07-14 08:50:03,2025-07-14 08:50:03,2025-07-14
590,26WM77ytfV,MOOSPMv3Parser,1752483600,9,9,7,13,13,7,7,14,14,7,1614,499,4641,87,54,4,54,54,0,0,54,0,26,26,41,43,13.554,272,1,36.139046,-120.368279,184.636002,7,600,58,3,e00fce6876826e255108c6bd,2025-07-14 09:00:03,2025-07-14 09:00:03,2025-07-14 09:00:03,2025-07-14
597,vCLZciFmjI,MOOSPMv3Parser,1752484200,8,8,7,13,13,7,7,14,14,7,1559,482,4688,85,55,7,55,55,0,0,55,0,25,25,42,44,13.64,305,1,36.139011,-120.368111,186.529999,7,600,58,3,e00fce6876826e255108c6bd,2025-07-14 09:10:03,2025-07-14 09:10:03,2025-07-14 09:10:03,2025-07-14
1085,mlFAs5LA8k,MOOSPMv3Parser,1752513001,7,7,167,11,11,699,1136,12,12,1351,1360,419,0,68,795,6,1314,1423,0,0,1448,2,36,40,26,24,7.967,21,1,36.139114,-120.368324,185.432007,7,187,58,3,e00fce6876826e255108c6bd,2025-07-14 17:10:03,2025-07-14 17:10:03,2025-07-14 17:10:03,2025-07-14
1102,jBPuttogP1,MOOSPMv3Parser,1752513601,8,8,203,12,12,618,956,13,13,1122,1542,472,534,79,1187,5,1591,1675,0,0,1694,1,37,40,26,25,12.642,73,3,36.138729,-120.368271,144.863998,9,600,58,3,e00fce6876826e255108c6bd,2025-07-14 17:20:03,2025-07-14 17:20:03,2025-07-14 17:20:03,2025-07-14
1122,38wPrgOoo9,MOOSPMv3Parser,1752514201,8,8,99,11,11,104,104,11,11,104,1442,442,1207,68,773,3,776,776,0,0,776,0,38,41,23,22,15.107,87,3,36.138729,-120.368271,144.865005,0,600,58,3,e00fce6876826e255108c6bd,2025-07-14 17:30:03,2025-07-14 17:30:03,2025-07-14 17:30:03,2025-07-14
1147,OQwiXtM3ED,MOOSPMv3Parser,1752514801,9,9,6,13,13,6,6,13,13,6,1642,501,1245,77,44,4,44,44,0,0,44,0,39,42,23,23,17.416,104,3,36.138851,-120.368332,151.509995,9,600,58,3,e00fce6876826e255108c6bd,2025-07-14 17:40:03,2025-07-14 17:40:03,2025-07-14 17:40:03,2025-07-14
1164,79Z3tDDlKI,MOOSPMv3Parser,1752515401,8,8,5,10,10,5,5,11,11,5,1423,434,1277,65,37,2,37,37,0,0,37,0,39,43,22,21,17.248,96,2,36.138905,-120.368347,180.223007,10,600,58,3,e00fce6876826e255108c6bd,2025-07-14 17:50:03,2025-07-14 17:50:03,2025-07-14 17:50:03,2025-07-14
1182,rDPE6YfwcB,MOOSPMv3Parser,1752516001,7,7,4,9,9,4,4,10,10,4,1285,394,1306,60,33,2,34,34,0,0,34,0,40,44,21,20,17.656,146,1,36.139069,-120.368309,192.007996,9,600,58,3,e00fce6876826e255108c6bd,2025-07-14 18:00:03,2025-07-14 18:00:03,2025-07-14 18:00:03,2025-07-14
1206,BUVepdJOAa,MOOSPMv3Parser,1752516601,7,7,4,9,9,4,4,10,10,4,1286,392,1333,62,31,2,31,31,0,0,31,0,40,44,21,20,18.819,24,1,36.139015,-120.368141,192.533005,6,600,58,3,e00fce6876826e255108c6bd,2025-07-14 18:10:03,2025-07-14 18:10:03,2025-07-14 18:10:03,2025-07-14
1224,bItAIA5RVA,MOOSPMv3Parser,1752517201,7,7,4,10,10,4,4,10,10,4,1367,417,1360,61,31,3,31,31,0,0,31,0,41,45,20,19,17.817,84,1,36.139023,-120.368378,191.197006,7,600,58,3,e00fce6876826e255108c6bd,2025-07-14 18:20:03,2025-07-14 18:20:03,2025-07-14 18:20:03,2025-07-14
1244,H6AFyDOdp4,MOOSPMv3Parser,1752517801,7,7,4,10,10,4,4,10,10,4,1368,415,1388,59,32,2,32,32,0,0,32,0,41,45,19,18,18.354,45,1,36.139023,-120.368317,189.977997,6,600,58,3,e00fce6876826e255108c6bd,2025-07-14 18:30:03,2025-07-14 18:30:03,2025-07-14 18:30:03,2025-07-14
1265,cytlFBkDgD,MOOSPMv3Parser,1752518401,7,7,4,10,10,4,4,10,10,4,1281,388,1414,58,30,4,30,30,0,0,30,0,41,45,20,19,18.61,61,1,36.139019,-120.368401,176.487,6,600,58,3,e00fce6876826e255108c6bd,2025-07-14 18:40:03,2025-07-14 18:40:03,2025-07-14 18:40:03,2025-07-14
1284,2z5Cz8roBs,MOOSPMv3Parser,1752519001,6,6,4,9,9,4,4,9,9,4,1225,369,1438,55,28,2,29,29,0,0,29,0,41,46,19,18,18.262,102,1,36.139011,-120.368393,194.237,6,600,58,3,e00fce6876826e255108c6bd,2025-07-14 18:50:03,2025-07-14 18:50:03,2025-07-14 18:50:03,2025-07-14
1305,2jRncE6LGm,MOOSPMv3Parser,1752519601,7,7,4,9,9,4,4,9,9,4,1238,373,1463,54,29,3,29,29,0,0,29,0,41,46,19,18,18.483,104,1,36.139095,-120.368393,153.203003,7,600,58,3,e00fce6876826e255108c6bd,2025-07-14 19:00:03,2025-07-14 19:00:03,2025-07-14 19:00:03,2025-07-14
1326,hnF6B3vzyj,MOOSPMv3Parser,1752520201,7,7,4,9,9,4,4,9,9,4,1279,383,1488,51,29,2,29,29,0,0,29,0,42,46,18,18,18.316,110,1,36.139004,-120.368294,186.199997,7,600,58,3,e00fce6876826e255108c6bd,2025-07-14 19:10:03,2025-07-14 19:10:03,2025-07-14 19:10:03,2025-07-14
1347,bttA2K24Sf,MOOSPMv3Parser,1752520801,6,6,4,9,9,4,4,9,9,4,1238,371,1513,54,28,2,28,28,0,0,28,0,42,46,18,18,18.953,69,1,36.139004,-120.368294,186.197006,0,600,58,3,e00fce6876826e255108c6bd,2025-07-14 19:20:03,2025-07-14 19:20:03,2025-07-14 19:20:03,2025-07-14
1365,7peGfnoPEr,MOOSPMv3Parser,1752521401,6,6,3,8,8,4,4,9,9,4,1232,369,1536,49,27,2,27,27,0,0,27,0,42,46,18,18,18.447,81,1,36.138988,-120.368309,192.397995,6,600,58,3,e00fce6876826e255108c6bd,2025-07-14 19:30:03,2025-07-14 19:30:03,2025-07-14 19:30:03,2025-07-14
1386,LFRNiVrJNo,MOOSPMv3Parser,1752522001,6,6,3,8,8,4,4,8,8,4,1207,357,1560,48,27,2,27,27,0,0,27,0,42,46,19,18,19.697,33,1,36.139019,-120.368256,179.865997,6,600,58,3,e00fce6876826e255108c6bd,2025-07-14 19:40:03,2025-07-14 19:40:03,2025-07-14 19:40:03,2025-07-14
1407,jhXhpMNaGG,MOOSPMv3Parser,1752522601,6,6,3,8,8,3,3,8,8,3,1153,343,1582,49,26,2,26,26,0,0,26,0,43,47,18,18,18.298,128,1,36.139004,-120.36824,166.613998,6,600,58,3,e00fce6876826e255108c6bd,2025-07-14 19:50:03,2025-07-14 19:50:03,2025-07-14 19:50:03,2025-07-14
1423,sOHw4GlOwr,MOOSPMv3Parser,1752523201,6,6,3,8,8,3,3,8,8,3,1161,344,1604,43,26,1,26,26,0,0,26,0,43,47,20,19,19.006,90,1,36.139133,-120.36866,154.160995,6,600,58,3,e00fce6876826e255108c6bd,2025-07-14 20:00:03,2025-07-14 20:00:03,2025-07-14 20:00:03,2025-07-14
1447,GEHRplcnEY,MOOSPMv3Parser,1752523801,6,6,3,8,8,3,3,8,8,3,1171,349,1626,49,25,2,25,25,0,0,25,0,43,47,18,18,18.297,213,1,36.139141,-120.368301,165.453995,5,600,58,3,e00fce6876826e255108c6bd,2025-07-14 20:10:03,2025-07-14 20:10:03,2025-07-14 20:10:03,2025-07-14
1464,QPR0Zj0GTs,MOOSPMv3Parser,1752524401,6,6,3,9,9,3,3,9,9,3,1222,363,1648,55,25,3,26,26,0,0,26,0,44,48,17,17,18.61,172,1,36.139023,-120.368355,158.897003,6,600,58,3,e00fce6876826e255108c6bd,2025-07-14 20:20:03,2025-07-14 20:20:03,2025-07-14 20:20:03,2025-07-14
1486,4Vx14sOeG4,MOOSPMv3Parser,1752525001,6,6,3,9,9,3,3,9,9,3,1253,374,1670,49,26,2,26,26,0,0,26,0,44,48,18,18,18.829,170,1,36.139,-120.368446,159.479004,6,600,58,3,e00fce6876826e255108c6bd,2025-07-14 20:30:03,2025-07-14 20:30:03,2025-07-14 20:30:03,2025-07-14
1507,ufgh9NxJgr,MOOSPMv3Parser,1752525601,6,6,4,8,8,4,4,9,9,4,1234,365,1694,50,27,2,28,28,0,0,28,0,44,48,17,17,18.74,277,1,36.139099,-120.368317,150.423996,7,600,58,3,e00fce6876826e255108c6bd,2025-07-14 20:40:03,2025-07-14 20:40:03,2025-07-14 20:40:03,2025-07-14
1523,jbsU7PlHa8,MOOSPMv3Parser,1752526201,6,6,4,9,9,4,4,9,9,4,1275,381,1718,53,28,1,28,28,0,0,28,0,44,48,19,18,19.59,180,1,36.139061,-120.36837,169.214005,6,600,58,3,e00fce6876826e255108c6bd,2025-07-14 20:50:03,2025-07-14 20:50:03,2025-07-14 20:50:03,2025-07-14
1546,vqOZbpafXF,MOOSPMv3Parser,1752526801,7,7,4,9,9,4,4,10,10,4,1329,388,1743,56,28,2,28,28,0,0,28,0,45,48,17,17,18.407,303,1,36.139008,-120.368317,175.244003,7,600,58,3,e00fce6876826e255108c6bd,2025-07-14 21:00:04,2025-07-14 21:00:04,2025-07-14 21:00:04,2025-07-14
1584,7FWwFHaM2G,MOOSPMv3Parser,1752528000,7,7,4,9,9,4,4,9,9,4,1366,395,1796,54,29,2,29,29,0,0,29,0,45,49,17,17,19.187,272,1,36.139065,-120.368332,164.972,6,599,58,3,e00fce6876826e255108c6bd,2025-07-14 21:20:07,2025-07-14 21:20:07,2025-07-14 21:20:07,2025-07-14
1597,hfWIwU2GdL,MOOSPMv3Parser,1752528600,7,7,4,9,9,4,4,9,9,4,1376,401,1817,55,28,2,28,28,0,0,28,0,45,49,17,16,18.72,371,1,36.139076,-120.368225,159.955002,5,600,58,3,e00fce6876826e255108c6bd,2025-07-14 21:30:02,2025-07-14 21:30:03,2025-07-14 21:30:03,2025-07-14
1616,B8xHDSnp8k,MOOSPMv3Parser,1752529200,7,7,4,9,9,4,4,10,10,4,1417,406,1842,53,29,2,29,29,0,0,29,0,45,49,17,17,18.996,423,1,36.13903,-120.368446,189.979004,7,600,58,3,e00fce6876826e255108c6bd,2025-07-14 21:40:02,2025-07-14 21:40:02,2025-07-14 21:40:02,2025-07-14
1636,mRbCzkKUFZ,MOOSPMv3Parser,1752529800,7,7,4,10,10,4,4,10,10,4,1478,420,1867,59,29,2,29,29,0,0,29,0,45,49,17,16,18.926,417,1,36.139027,-120.367958,192.764999,5,600,58,3,e00fce6876826e255108c6bd,2025-07-14 21:50:02,2025-07-14 21:50:02,2025-07-14 21:50:02,2025-07-14
1655,NkefwpBwPB,MOOSPMv3Parser,1752530400,8,8,4,11,11,4,4,11,11,4,1544,440,1896,62,32,4,33,33,0,0,33,0,45,49,17,18,19.003,446,1,36.139065,-120.368393,192.171005,7,600,58,3,e00fce6876826e255108c6bd,2025-07-14 22:00:02,2025-07-14 22:00:02,2025-07-14 22:00:02,2025-07-14
1675,uBXf322Pdq,MOOSPMv3Parser,1752531000,10,9,5,13,13,5,5,14,13,5,1808,529,1928,72,37,5,37,37,0,0,37,0,45,49,17,17,18.786,474,1,36.139084,-120.368439,172.690994,6,600,58,3,e00fce6876826e255108c6bd,2025-07-14 22:10:02,2025-07-14 22:10:03,2025-07-14 22:10:03,2025-07-14
1696,Eko9GxQap2,MOOSPMv3Parser,1752531600,16,13,6,21,18,7,7,21,19,7,2795,835,1970,107,49,6,49,49,0,0,49,0,44,48,17,17,17.863,462,1,36.139118,-120.368355,193.311005,5,600,58,3,e00fce6876826e255108c6bd,2025-07-14 22:20:02,2025-07-14 22:20:03,2025-07-14 22:20:03,2025-07-14
1715,KoM5Fdm0Zl,MOOSPMv3Parser,1752532200,8,8,4,11,11,5,5,12,12,5,1636,481,2000,62,34,2,34,34,0,0,34,0,44,48,17,17,19.093,329,1,36.139072,-120.368294,197.931,5,600,58,3,e00fce6876826e255108c6bd,2025-07-14 22:30:02,2025-07-14 22:30:02,2025-07-14 22:30:02,2025-07-14
1745,fPnmZQWUYE,MOOSPMv3Parser,1752532800,9,9,5,12,12,5,5,13,13,5,1740,516,2032,70,37,3,37,37,0,0,37,0,44,48,17,17,19.361,201,1,36.139027,-120.368233,194.796005,5,600,58,3,e00fce6876826e255108c6bd,2025-07-14 22:40:07,2025-07-14 22:40:07,2025-07-14 22:40:07,2025-07-14
1755,JiIymusclG,MOOSPMv3Parser,1752533400,11,11,5,15,15,6,6,16,16,6,2071,616,2068,83,41,5,41,41,0,0,42,0,44,48,16,17,19.701,134,1,36.139027,-120.368233,194.804001,0,600,58,3,e00fce6876826e255108c6bd,2025-07-14 22:50:02,2025-07-14 22:50:03,2025-07-14 22:50:03,2025-07-14
1775,inO0yZxD56,MOOSPMv3Parser,1752534000,13,12,7,17,16,7,7,18,17,7,2274,680,2114,98,53,5,53,53,0,0,53,0,44,48,17,17,19.805,128,1,36.139111,-120.36837,194.867996,5,600,58,3,e00fce6876826e255108c6bd,2025-07-14 23:00:02,2025-07-14 23:00:03,2025-07-14 23:00:03,2025-07-14
1795,8TWp841ID9,MOOSPMv3Parser,1752534600,11,11,5,15,15,5,5,15,15,5,1926,579,2149,81,40,5,40,40,0,0,40,0,44,47,16,17,20.247,76,1,36.138996,-120.36834,188.255997,6,600,58,3,e00fce6876826e255108c6bd,2025-07-14 23:10:02,2025-07-14 23:10:02,2025-07-14 23:10:02,2025-07-14
1816,FWmrvZANOt,MOOSPMv3Parser,1752535200,8,8,4,12,12,5,5,12,12,5,1601,477,2179,69,35,3,35,35,0,0,35,0,45,47,16,17,20.384,19,1,36.139019,-120.36853,160.768005,6,600,58,3,e00fce6876826e255108c6bd,2025-07-14 23:20:02,2025-07-14 23:20:03,2025-07-14 23:20:03,2025-07-14
1835,0AgGt7Q7ME,MOOSPMv3Parser,1752535800,9,9,5,11,11,5,5,12,12,5,1577,472,2210,64,36,2,36,36,0,0,36,0,44,47,16,17,21.096,3,1,36.139011,-120.368385,174.494995,6,600,58,3,e00fce6876826e255108c6bd,2025-07-14 23:30:02,2025-07-14 23:30:02,2025-07-14 23:30:02,2025-07-14
1856,LTq5un9STL,MOOSPMv3Parser,1752536400,9,9,5,12,12,5,5,12,12,5,1619,486,2242,66,36,2,37,37,0,0,37,0,44,47,16,17,19.912,5,1,36.138988,-120.368309,181.238007,6,600,58,3,e00fce6876826e255108c6bd,2025-07-14 23:40:02,2025-07-14 23:40:03,2025-07-14 23:40:03,2025-07-14
1877,vDWknsY415,MOOSPMv3Parser,1752537000,9,9,5,12,12,5,5,13,13,5,1654,496,2275,72,38,3,38,38,0,0,38,0,44,46,16,18,20.603,5,1,36.138988,-120.368362,172.453995,6,600,58,3,e00fce6876826e255108c6bd,2025-07-14 23:50:03,2025-07-14 23:50:03,2025-07-14 23:50:03,2025-07-14
1,4I3BrrMIn8,MOOSPMv3Parser,1752537600,10,10,5,13,13,6,6,14,14,6,1758,534,2312,76,42,3,43,43,0,0,43,0,44,46,16,18,20.853,2,1,36.138988,-120.367867,229.309006,5,600,58,3,e00fce6876826e255108c6bd,2025-07-15 00:00:02,2025-07-15 00:00:03,2025-07-15 00:00:03,2025-07-15
23,MtbOBFJpNH,MOOSPMv3Parser,1752538200,9,9,5,12,12,5,5,13,13,5,1715,516,2347,71,41,2,41,41,0,0,41,0,44,46,17,18,21.157,1,2,36.138988,-120.367867,229.307999,0,600,58,3,e00fce6876826e255108c6bd,2025-07-15 00:10:02,2025-07-15 00:10:03,2025-07-15 00:10:03,2025-07-15
40,UHpwJwaUVY,MOOSPMv3Parser,1752538800,9,9,5,13,13,5,5,13,13,5,1660,497,2383,73,41,4,41,41,0,0,41,0,44,45,17,18,22.112,1,2,36.138958,-120.36824,193.145996,6,600,58,3,e00fce6876826e255108c6bd,2025-07-15 00:20:02,2025-07-15 00:20:02,2025-07-15 00:20:02,2025-07-15
64,FgRGtzxazy,MOOSPMv3Parser,1752539400,8,8,5,11,11,5,5,12,12,5,1574,475,2418,67,41,2,41,41,0,0,41,0,44,45,16,18,21.79,1,2,36.139179,-120.368462,178.274994,5,600,58,3,e00fce6876826e255108c6bd,2025-07-15 00:30:03,2025-07-15 00:30:03,2025-07-15 00:30:03,2025-07-15
80,s7kj1EruvW,MOOSPMv3Parser,1752540000,8,8,5,12,12,5,5,12,12,5,1562,470,2452,71,38,3,39,39,0,0,39,0,44,44,17,19,22.867,1,2,36.139076,-120.368423,185.162003,7,600,58,3,e00fce6876826e255108c6bd,2025-07-15 00:40:02,2025-07-15 00:40:03,2025-07-15 00:40:03,2025-07-15
100,nqJiMzugR1,MOOSPMv3Parser,1752540600,9,9,5,12,12,6,6,13,13,6,1629,495,2488,76,41,6,41,41,0,0,41,0,44,44,17,19,22.756,1,2,36.139133,-120.368446,174.595993,6,600,58,3,e00fce6876826e255108c6bd,2025-07-15 00:50:02,2025-07-15 00:50:03,2025-07-15 00:50:03,2025-07-15
120,zCcOGDN6J5,MOOSPMv3Parser,1752541200,9,9,5,13,13,6,6,13,13,6,1667,507,2525,79,43,3,43,43,0,0,43,0,43,43,18,20,23.574,1,3,36.138992,-120.368423,185.475006,5,600,58,3,e00fce6876826e255108c6bd,2025-07-15 01:00:02,2025-07-15 01:00:03,2025-07-15 01:00:03,2025-07-15
138,FTGlVJiqZk,MOOSPMv3Parser,1752541800,9,9,5,13,13,6,6,13,13,6,1687,513,2563,77,43,3,43,43,0,0,43,0,43,43,18,20,23.173,1,3,36.139004,-120.368332,158.061005,5,600,58,3,e00fce6876826e255108c6bd,2025-07-15 01:10:02,2025-07-15 01:10:02,2025-07-15 01:10:02,2025-07-15
156,JxJsYkEhSU,MOOSPMv3Parser,1752542400,9,9,6,13,13,6,6,13,13,6,1626,499,2601,78,44,3,44,44,0,0,44,0,43,43,18,21,22.494,1,3,36.139023,-120.36834,184.992996,5,600,58,3,e00fce6876826e255108c6bd,2025-07-15 01:20:02,2025-07-15 01:20:03,2025-07-15 01:20:03,2025-07-15
176,6OmiCh3CIk,MOOSPMv3Parser,1752543000,9,9,6,12,12,6,6,13,13,6,1627,496,2638,75,43,4,43,43,0,0,43,0,43,42,18,21,22.613,1,3,36.139076,-120.368301,160.940002,6,600,58,3,e00fce6876826e255108c6bd,2025-07-15 01:30:02,2025-07-15 01:30:03,2025-07-15 01:30:03,2025-07-15
199,Udu6AGynjv,MOOSPMv3Parser,1752543600,9,9,5,12,12,6,6,13,13,6,1606,493,2675,73,42,4,42,42,0,0,42,0,42,42,19,21,22.881,1,4,36.13908,-120.368454,171.727997,5,600,58,3,e00fce6876826e255108c6bd,2025-07-15 01:40:02,2025-07-15 01:40:03,2025-07-15 01:40:03,2025-07-15
216,PHeBXB6Qgm,MOOSPMv3Parser,1752544200,8,8,5,12,12,6,6,12,12,6,1503,459,2711,71,41,5,42,42,0,0,42,0,41,42,19,22,23.394,2,4,36.139233,-120.368294,186.804993,5,600,58,3,e00fce6876826e255108c6bd,2025-07-15 01:50:02,2025-07-15 01:50:02,2025-07-15 01:50:02,2025-07-15
236,eZj4VuD85h,MOOSPMv3Parser,1752544800,8,8,5,11,11,5,5,12,12,5,1454,445,2745,69,38,2,38,38,0,0,38,0,41,41,20,22,23.619,2,4,36.139233,-120.368294,186.806,0,600,58,3,e00fce6876826e255108c6bd,2025-07-15 02:00:02,2025-07-15 02:00:02,2025-07-15 02:00:02,2025-07-15
256,xkB9rg59J5,MOOSPMv3Parser,1752545400,8,8,5,11,11,5,5,12,12,5,1441,441,2779,70,39,4,39,39,0,0,39,0,41,41,21,23,23.514,2,5,36.139038,-120.368401,210.904007,6,600,58,3,e00fce6876826e255108c6bd,2025-07-15 02:10:02,2025-07-15 02:10:02,2025-07-15 02:10:02,2025-07-15
276,m0I6pV4w3T,MOOSPMv3Parser,1752546000,7,7,5,10,10,5,5,11,11,5,1394,427,2811,66,38,3,38,38,0,0,38,0,40,40,20,23,23.072,3,5,36.139095,-120.36834,202.638,5,600,58,3,e00fce6876826e255108c6bd,2025-07-15 02:20:02,2025-07-15 02:20:03,2025-07-15 02:20:03,2025-07-15
296,fLLpnGDoCG,MOOSPMv3Parser,1752546600,7,7,5,10,10,5,5,11,11,5,1303,404,2845,62,38,4,38,38,0,0,38,0,39,40,21,23,23.769,3,5,36.139145,-120.367836,214.406006,6,600,58,3,e00fce6876826e255108c6bd,2025-07-15 02:30:02,2025-07-15 02:30:02,2025-07-15 02:30:02,2025-07-15
316,TFJBcnGEAp,MOOSPMv3Parser,1752547200,7,7,5,10,10,5,5,10,10,5,1317,404,2877,57,37,2,37,37,0,0,37,0,39,39,21,23,23.709,3,6,36.139118,-120.368065,208.417007,6,600,58,3,e00fce6876826e255108c6bd,2025-07-15 02:40:02,2025-07-15 02:40:03,2025-07-15 02:40:03,2025-07-15
336,25GV0ir1dd,MOOSPMv3Parser,1752547800,7,7,5,10,10,5,5,10,10,5,1317,405,2909,60,37,2,37,37,0,0,37,0,38,39,22,24,23.797,4,6,36.139053,-120.368393,199.147003,5,600,58,3,e00fce6876826e255108c6bd,2025-07-15 02:50:02,2025-07-15 02:50:02,2025-07-15 02:50:02,2025-07-15
357,fUrtcab0GA,MOOSPMv3Parser,1752548400,7,7,5,10,10,5,5,10,10,5,1324,406,2942,66,37,2,37,38,0,0,38,0,37,38,23,24,23.699,4,6,36.139069,-120.36834,201.623993,6,600,58,3,e00fce6876826e255108c6bd,2025-07-15 03:00:03,2025-07-15 03:00:03,2025-07-15 03:00:03,2025-07-15
381,V4eYnAmx6l,MOOSPMv3Parser,1752549000,7,7,5,9,9,5,5,10,10,5,1307,402,2974,61,38,2,38,38,0,0,38,0,37,38,23,25,23.127,4,7,36.139072,-120.368294,191.322998,6,600,58,3,e00fce6876826e255108c6bd,2025-07-15 03:10:03,2025-07-15 03:10:03,2025-07-15 03:10:03,2025-07-15
397,PIAsG5T50x,MOOSPMv3Parser,1752549600,7,7,5,10,10,5,5,10,10,5,1278,394,3007,62,37,4,38,38,0,0,38,0,36,37,24,26,22.641,6,7,36.139229,-120.36821,216.436996,6,600,58,3,e00fce6876826e255108c6bd,2025-07-15 03:20:03,2025-07-15 03:20:03,2025-07-15 03:20:03,2025-07-15
414,w6pw3ygCGQ,MOOSPMv3Parser,1752550200,7,7,5,10,10,5,5,10,10,5,1280,391,3039,61,37,3,37,37,0,0,37,0,36,36,24,26,23.23,6,7,36.13887,-120.368332,175.949997,6,600,58,3,e00fce6876826e255108c6bd,2025-07-15 03:30:02,2025-07-15 03:30:03,2025-07-15 03:30:03,2025-07-15
436,nqcMRhKhuL,MOOSPMv3Parser,1752550800,7,7,5,9,9,5,5,10,10,5,1252,384,3073,56,39,2,39,39,0,0,39,0,36,36,25,27,22.325,6,8,36.13903,-120.36837,189.897995,6,600,58,3,e00fce6876826e255108c6bd,2025-07-15 03:40:03,2025-07-15 03:40:03,2025-07-15 03:40:03,2025-07-15
444,ygHaPqPzY0,MOOSPMv3Parser,1752551400,7,7,5,10,10,5,5,10,10,5,1286,395,3107,58,40,4,40,40,0,0,40,0,35,35,26,28,22.19,9,8,36.13903,-120.36837,189.897995,0,600,58,3,e00fce6876826e255108c6bd,2025-07-15 03:50:03,2025-07-15 03:50:03,2025-07-15 03:50:03,2025-07-15
455,1cA8h5goVm,MOOSPMv3Parser,1752552000,7,7,5,10,10,6,6,11,11,6,1273,395,3143,65,41,5,41,41,0,0,41,0,35,35,27,29,22.017,11,7,36.139015,-120.368515,167.925995,7,600,58,3,e00fce6876826e255108c6bd,2025-07-15 04:00:02,2025-07-15 04:00:03,2025-07-15 04:00:03,2025-07-15
466,CPfqHX558P,MOOSPMv3Parser,1752552600,7,7,5,11,11,6,6,11,11,6,1309,405,3180,68,43,5,43,43,0,0,43,0,34,35,28,29,22.586,18,7,36.139004,-120.368355,176.585007,7,600,58,3,e00fce6876826e255108c6bd,2025-07-15 04:10:03,2025-07-15 04:10:03,2025-07-15 04:10:03,2025-07-15
480,lhSFSEyesF,MOOSPMv3Parser,1752553200,7,7,5,11,11,6,6,12,12,6,1352,420,3217,68,43,4,43,43,0,0,43,0,34,34,28,30,21.837,13,7,36.13903,-120.368431,160.796005,6,600,58,3,e00fce6876826e255108c6bd,2025-07-15 04:20:03,2025-07-15 04:20:03,2025-07-15 04:20:03,2025-07-15
489,si0BdVMjJi,MOOSPMv3Parser,1752553800,7,7,5,10,10,6,6,11,11,6,1253,388,3254,66,42,3,43,43,0,0,43,0,34,34,29,31,21.012,15,7,36.139091,-120.368332,183.423996,7,600,58,3,e00fce6876826e255108c6bd,2025-07-15 04:30:03,2025-07-15 04:30:03,2025-07-15 04:30:03,2025-07-15
501,1WVvQCQHnx,MOOSPMv3Parser,1752554400,7,7,5,11,11,6,6,12,12,6,1315,406,3291,68,42,7,42,42,0,0,42,0,33,33,28,30,22.115,15,7,36.138996,-120.368446,166.001999,5,600,58,3,e00fce6876826e255108c6bd,2025-07-15 04:40:02,2025-07-15 04:40:03,2025-07-15 04:40:03,2025-07-15
509,i6RsSGewMi,MOOSPMv3Parser,1752555000,7,7,5,10,10,6,6,10,10,6,1225,379,3327,65,41,5,42,42,0,0,42,0,33,33,30,32,23.31,10,8,36.139004,-120.368378,174.382004,6,600,58,3,e00fce6876826e255108c6bd,2025-07-15 04:50:03,2025-07-15 04:50:03,2025-07-15 04:50:03,2025-07-15
523,5tMHK62CC1,MOOSPMv3Parser,1752555600,6,6,5,9,9,5,5,9,9,5,1192,369,3362,60,40,3,41,41,0,0,41,0,33,33,29,31,22.463,12,8,36.139053,-120.36821,207.975998,6,600,58,3,e00fce6876826e255108c6bd,2025-07-15 05:00:03,2025-07-15 05:00:03,2025-07-15 05:00:03,2025-07-15
533,YOoymnYYlJ,MOOSPMv3Parser,1752556200,6,6,6,9,9,6,6,10,10,6,1264,391,3400,62,44,3,44,44,0,0,44,0,33,32,29,31,21.828,18,7,36.138962,-120.368378,139.520996,6,600,58,3,e00fce6876826e255108c6bd,2025-07-15 05:10:03,2025-07-15 05:10:03,2025-07-15 05:10:03,2025-07-15
545,TNSXAgF7RH,MOOSPMv3Parser,1752556800,7,7,5,10,10,6,6,10,10,6,1282,397,3437,63,42,3,42,42,0,0,42,0,32,32,29,31,21.376,21,7,36.138988,-120.368179,197.238007,6,600,58,3,e00fce6876826e255108c6bd,2025-07-15 05:20:03,2025-07-15 05:20:03,2025-07-15 05:20:03,2025-07-15
556,MB0vQ088G7,MOOSPMv3Parser,1752557400,7,7,5,10,10,6,6,10,10,6,1286,399,3473,63,41,2,41,41,0,0,41,0,32,32,29,31,20.539,43,6,36.139038,-120.368347,162.822006,6,600,58,3,e00fce6876826e255108c6bd,2025-07-15 05:30:03,2025-07-15 05:30:03,2025-07-15 05:30:03,2025-07-15
567,y7FnVtiHBX,MOOSPMv3Parser,1752558000,6,6,5,9,9,5,5,10,10,5,1195,370,3507,62,40,4,40,40,0,0,40,0,32,31,29,31,20.832,32,6,36.139038,-120.368347,162.820999,0,600,58,3,e00fce6876826e255108c6bd,2025-07-15 05:40:03,2025-07-15 05:40:03,2025-07-15 05:40:03,2025-07-15
578,CPaPlDkGCN,MOOSPMv3Parser,1752558600,6,6,5,9,9,5,5,10,10,5,1158,359,3540,61,38,4,38,38,0,0,38,0,32,31,31,33,18.386,41,6,36.139034,-120.368362,175.843994,5,600,58,3,e00fce6876826e255108c6bd,2025-07-15 05:50:03,2025-07-15 05:50:03,2025-07-15 05:50:03,2025-07-15
589,sxTBkIR1ro,MOOSPMv3Parser,1752559200,6,6,5,9,9,5,5,9,9,5,1143,350,3572,57,37,2,37,37,0,0,37,0,31,31,31,34,18.388,75,5,36.138897,-120.368073,182.065994,7,600,58,3,e00fce6876826e255108c6bd,2025-07-15 06:00:03,2025-07-15 06:00:03,2025-07-15 06:00:03,2025-07-15
599,J2ScFJ2y9g,MOOSPMv3Parser,1752559800,6,6,5,9,9,5,5,9,9,5,1192,369,3606,59,39,3,39,39,0,0,39,0,31,31,32,35,17.519,52,5,36.138962,-120.368134,186.919006,7,600,58,3,e00fce6876826e255108c6bd,2025-07-15 06:10:03,2025-07-15 06:10:03,2025-07-15 06:10:03,2025-07-15
613,kZXYHYKz9C,MOOSPMv3Parser,1752560400,6,6,5,9,9,5,5,9,9,5,1153,356,3640,61,39,2,39,39,0,0,39,0,31,30,31,34,18.692,65,4,36.138958,-120.368324,177.425995,10,600,58,3,e00fce6876826e255108c6bd,2025-07-15 06:20:03,2025-07-15 06:20:03,2025-07-15 06:20:03,2025-07-15
621,HVtxeBfmTG,MOOSPMv3Parser,1752561000,6,6,5,9,9,5,5,9,9,5,1172,362,3674,58,39,3,39,39,0,0,39,0,30,30,30,32,18.852,77,4,36.139004,-120.368378,170.143997,9,600,58,3,e00fce6876826e255108c6bd,2025-07-15 06:30:03,2025-07-15 06:30:03,2025-07-15 06:30:03,2025-07-15
632,GyWjVYbFuU,MOOSPMv3Parser,1752561600,6,6,5,9,9,5,5,10,10,5,1183,364,3706,62,38,4,38,38,0,0,38,0,30,30,31,33,19.321,77,4,36.138935,-120.368271,177.266006,7,600,58,3,e00fce6876826e255108c6bd,2025-07-15 06:40:03,2025-07-15 06:40:03,2025-07-15 06:40:03,2025-07-15
645,Jpbvo4qxz7,MOOSPMv3Parser,1752562200,6,6,5,9,9,5,5,9,9,5,1168,359,3740,60,39,3,39,39,0,0,39,0,30,29,32,36,18.081,80,4,36.13895,-120.368355,167.091995,6,600,58,3,e00fce6876826e255108c6bd,2025-07-15 06:50:03,2025-07-15 06:50:03,2025-07-15 06:50:03,2025-07-15
655,DpBH5EGOP2,MOOSPMv3Parser,1752562800,6,6,5,9,9,5,5,9,9,5,1141,352,3774,58,39,2,39,39,0,0,39,0,29,29,33,35,16.375,124,4,36.139034,-120.368362,179.139008,6,600,58,3,e00fce6876826e255108c6bd,2025-07-15 07:00:03,2025-07-15 07:00:03,2025-07-15 07:00:03,2025-07-15
668,jEj4Rk0ZVF,MOOSPMv3Parser,1752563400,6,6,5,9,9,5,5,10,10,5,1168,360,3809,63,40,3,40,40,0,0,40,0,29,29,35,37,15.793,147,3,36.139072,-120.368347,174.804001,6,600,58,3,e00fce6876826e255108c6bd,2025-07-15 07:10:03,2025-07-15 07:10:03,2025-07-15 07:10:03,2025-07-15
676,ylFIG6lTgS,MOOSPMv3Parser,1752564000,6,6,5,9,9,5,5,10,10,5,1177,365,3844,61,41,3,41,41,0,0,41,0,28,28,35,37,15.405,207,2,36.139034,-120.368484,167.078995,5,600,58,3,e00fce6876826e255108c6bd,2025-07-15 07:20:03,2025-07-15 07:20:03,2025-07-15 07:20:03,2025-07-15
689,cL3JQEEAFO,MOOSPMv3Parser,1752564600,6,6,5,10,10,6,6,11,11,6,1214,375,3881,65,42,6,43,43,0,0,43,0,28,28,36,37,14.265,256,2,36.139034,-120.368484,167.078995,0,600,58,3,e00fce6876826e255108c6bd,2025-07-15 07:30:03,2025-07-15 07:30:03,2025-07-15 07:30:03,2025-07-15
702,3p4JLhflHr,MOOSPMv3Parser,1752565200,6,6,5,10,10,6,6,10,10,6,1229,382,3918,67,42,3,42,42,0,0,42,0,28,28,35,36,14.035,284,2,36.139095,-120.368301,169.921997,11,600,58,3,e00fce6876826e255108c6bd,2025-07-15 07:40:03,2025-07-15 07:40:03,2025-07-15 07:40:03,2025-07-15
710,Qqjn4rCBLP,MOOSPMv3Parser,1752565800,6,6,5,9,9,6,6,10,10,6,1151,355,3954,61,41,4,41,41,0,0,41,0,28,28,36,38,14.048,264,2,36.139057,-120.368317,183.225006,7,600,58,3,e00fce6876826e255108c6bd,2025-07-15 07:50:03,2025-07-15 07:50:03,2025-07-15 07:50:03,2025-07-15
720,5VkU5VFte5,MOOSPMv3Parser,1752566400,6,6,5,9,9,6,6,10,10,6,1117,344,3990,58,41,5,41,41,0,0,41,0,27,27,36,37,13.666,327,1,36.139015,-120.368408,169.75,6,600,58,3,e00fce6876826e255108c6bd,2025-07-15 08:00:03,2025-07-15 08:00:03,2025-07-15 08:00:03,2025-07-15
729,wUu5tRpdWr,MOOSPMv3Parser,1752567000,6,6,5,9,9,6,6,10,10,6,1173,361,4026,64,42,4,42,42,0,0,42,0,27,27,36,38,13.35,331,1,36.139015,-120.368324,180.306,7,600,58,3,e00fce6876826e255108c6bd,2025-07-15 08:10:03,2025-07-15 08:10:03,2025-07-15 08:10:03,2025-07-15
741,zLSeivgvGo,MOOSPMv3Parser,1752567600,7,7,6,10,10,6,6,11,11,6,1297,399,4068,65,48,3,49,49,0,0,49,0,27,27,36,38,13.039,342,1,36.139111,-120.368355,175.110001,8,600,58,3,e00fce6876826e255108c6bd,2025-07-15 08:20:03,2025-07-15 08:20:03,2025-07-15 08:20:03,2025-07-15
748,EJeXzG9SNI,MOOSPMv3Parser,1752568200,5,5,5,8,8,5,5,9,9,5,1039,321,4110,55,40,3,40,40,0,0,40,0,27,26,37,41,14.159,288,1,36.13908,-120.36834,207.104004,6,599,58,3,e00fce6876826e255108c6bd,2025-07-15 08:30:03,2025-07-15 08:30:03,2025-07-15 08:30:03,2025-07-15
758,XH5fOD6xhW,MOOSPMv3Parser,1752568800,5,5,4,7,7,5,5,8,8,5,952,294,4141,53,35,3,35,35,0,0,35,0,27,26,38,41,14.102,243,1,36.139027,-120.368156,208.389999,6,599,58,3,e00fce6876826e255108c6bd,2025-07-15 08:40:03,2025-07-15 08:40:03,2025-07-15 08:40:03,2025-07-15
770,z8owxnzNF3,MOOSPMv3Parser,1752569400,5,5,4,8,8,5,5,8,8,5,984,304,4170,54,34,4,35,35,0,0,35,0,26,26,37,39,13.608,280,1,36.138985,-120.368446,160.166,8,599,58,3,e00fce6876826e255108c6bd,2025-07-15 08:50:03,2025-07-15 08:50:03,2025-07-15 08:50:03,2025-07-15
780,TmICJIs7ST,MOOSPMv3Parser,1752570000,5,5,4,7,7,5,5,8,8,5,954,297,4200,48,34,3,34,34,0,0,34,0,26,26,39,41,14.125,278,1,36.13905,-120.368355,176.565994,8,599,58,3,e00fce6876826e255108c6bd,2025-07-15 09:00:03,2025-07-15 09:00:03,2025-07-15 09:00:03,2025-07-15
789,bBpesSWN5Q,MOOSPMv3Parser,1752570600,5,5,5,8,8,5,5,9,9,5,1008,311,4233,55,38,3,38,38,0,0,38,0,26,26,37,39,13.899,287,1,36.139061,-120.368347,160.546997,7,599,58,3,e00fce6876826e255108c6bd,2025-07-15 09:10:03,2025-07-15 09:10:03,2025-07-15 09:10:03,2025-07-15
801,HW6OrHL8AK,MOOSPMv3Parser,1752571200,6,6,5,8,8,5,5,9,9,5,1096,338,4260,57,39,3,39,39,0,0,39,0,25,25,37,38,14.126,297,1,36.139061,-120.368347,160.539993,0,600,58,3,e00fce6876826e255108c6bd,2025-07-15 09:20:03,2025-07-15 09:20:03,2025-07-15 09:20:03,2025-07-15
1241,aQCwwm0vG2,MOOSPMv3Parser,1752600001,7,7,200,10,10,616,955,11,11,1122,1356,416,502,68,1164,3,1569,1654,0,0,1673,1,37,41,24,22,11.835,42,2,36.13905,-120.368256,194.222,6,470,58,3,e00fce6876826e255108c6bd,2025-07-15 17:20:07,2025-07-15 17:20:07,2025-07-15 17:20:07,2025-07-15
1248,vxlpSg1RXM,MOOSPMv3Parser,1752600601,7,7,121,10,10,127,127,11,11,127,1333,413,1218,67,946,4,950,950,0,0,950,0,38,41,24,23,15.746,84,5,36.138947,-120.36808,181.369995,6,599,58,3,e00fce6876826e255108c6bd,2025-07-15 17:30:03,2025-07-15 17:30:03,2025-07-15 17:30:03,2025-07-15
1260,lnIiUcLsxL,MOOSPMv3Parser,1752601201,7,7,5,10,10,6,6,11,11,6,1313,403,1255,67,43,3,43,43,0,0,43,0,38,42,24,23,17.218,91,4,36.138985,-120.368225,180.298004,6,599,58,3,e00fce6876826e255108c6bd,2025-07-15 17:40:03,2025-07-15 17:40:03,2025-07-15 17:40:03,2025-07-15
1270,sPTOtvcmEf,MOOSPMv3Parser,1752601801,7,7,5,10,10,5,5,11,11,5,1307,401,1290,62,40,4,40,40,0,0,40,0,39,42,25,23,18.004,103,2,36.138939,-120.368202,189.947006,6,599,58,3,e00fce6876826e255108c6bd,2025-07-15 17:50:03,2025-07-15 17:50:03,2025-07-15 17:50:03,2025-07-15
1281,lzR1yskzoR,MOOSPMv3Parser,1752602401,7,7,5,10,10,5,5,11,11,5,1329,405,1324,65,39,3,39,39,0,0,39,0,39,43,24,22,18.426,105,2,36.139137,-120.368103,246.897995,5,599,58,3,e00fce6876826e255108c6bd,2025-07-15 18:00:03,2025-07-15 18:00:03,2025-07-15 18:00:03,2025-07-15
1293,HHvdMlGRFj,MOOSPMv3Parser,1752603001,7,7,5,11,11,5,5,11,11,5,1363,417,1357,70,38,4,38,38,0,0,38,0,38,43,23,21,19.151,39,1,36.13903,-120.368065,207.548004,5,599,58,3,e00fce6876826e255108c6bd,2025-07-15 18:10:03,2025-07-15 18:10:04,2025-07-15 18:10:04,2025-07-15
1301,sHJNsCspBn,MOOSPMv3Parser,1752603601,7,7,5,10,10,5,5,11,11,5,1354,414,1390,68,38,3,38,38,0,0,38,0,39,43,23,21,18.865,17,1,36.138889,-120.368599,109.602997,5,599,58,3,e00fce6876826e255108c6bd,2025-07-15 18:20:03,2025-07-15 18:20:03,2025-07-15 18:20:03,2025-07-15
1312,e84zFAbcjc,MOOSPMv3Parser,1752604201,8,8,5,11,11,5,5,11,11,5,1407,429,1421,68,38,3,38,38,0,0,39,0,39,43,23,21,19.572,13,1,36.138889,-120.368599,109.599998,0,600,58,3,e00fce6876826e255108c6bd,2025-07-15 18:30:03,2025-07-15 18:30:03,2025-07-15 18:30:03,2025-07-15
1325,8mDF5C7VT3,MOOSPMv3Parser,1752604801,8,8,6,12,12,6,6,12,12,6,1539,470,1461,72,43,3,43,43,0,0,43,0,40,44,22,21,20.118,11,1,36.139023,-120.36837,174.542007,6,599,58,3,e00fce6876826e255108c6bd,2025-07-15 18:40:03,2025-07-15 18:40:03,2025-07-15 18:40:03,2025-07-15
1333,3X1gJDCnv9,MOOSPMv3Parser,1752605401,9,9,6,12,12,6,6,13,13,6,1585,483,1498,77,45,4,45,45,0,0,45,0,40,44,21,20,19.59,28,1,36.139027,-120.368279,185.929993,6,600,58,3,e00fce6876826e255108c6bd,2025-07-15 18:50:03,2025-07-15 18:50:03,2025-07-15 18:50:03,2025-07-15
1346,XSFo9hqD5f,MOOSPMv3Parser,1752606001,9,9,6,13,13,6,6,14,14,6,1674,508,1540,82,45,6,45,45,0,0,45,0,41,45,21,20,19.013,44,1,36.139168,-120.368507,130.444,6,599,58,3,e00fce6876826e255108c6bd,2025-07-15 19:00:03,2025-07-15 19:00:03,2025-07-15 19:00:03,2025-07-15
1358,Oe6Ddz33r8,MOOSPMv3Parser,1752606601,9,9,6,13,13,6,6,14,14,6,1721,525,1578,82,44,5,45,45,0,0,45,0,42,45,19,19,19.935,35,1,36.139095,-120.368546,138.951004,6,599,58,3,e00fce6876826e255108c6bd,2025-07-15 19:10:03,2025-07-15 19:10:03,2025-07-15 19:10:03,2025-07-15
1369,nLbAopDfhg,MOOSPMv3Parser,1752607201,9,9,6,12,12,6,6,13,13,6,1674,510,1617,76,45,3,45,45,0,0,45,0,42,46,19,19,19.727,29,1,36.139015,-120.368584,149.492996,5,599,58,3,e00fce6876826e255108c6bd,2025-07-15 19:20:03,2025-07-15 19:20:03,2025-07-15 19:20:03,2025-07-15
1379,jz5aFkzra8,MOOSPMv3Parser,1752607801,9,9,6,12,12,6,6,13,13,6,1625,492,1655,80,43,3,43,43,0,0,43,0,42,46,19,19,20.228,39,1,36.139156,-120.368347,156.399002,5,599,58,3,e00fce6876826e255108c6bd,2025-07-15 19:30:03,2025-07-15 19:30:03,2025-07-15 19:30:03,2025-07-15
1391,7Id2FdEMem,MOOSPMv3Parser,1752608401,9,9,6,13,13,6,6,13,13,6,1667,504,1692,74,43,4,43,43,0,0,43,0,43,46,19,19,20.011,62,1,36.139122,-120.368019,196.128998,7,599,58,3,e00fce6876826e255108c6bd,2025-07-15 19:40:03,2025-07-15 19:40:03,2025-07-15 19:40:03,2025-07-15
1402,rVGCKEoVOG,MOOSPMv3Parser,1752609001,9,9,6,12,12,6,6,13,13,6,1666,503,1730,74,44,3,44,44,0,0,44,0,43,47,18,18,19.783,57,1,36.139053,-120.368378,188.764008,7,599,58,3,e00fce6876826e255108c6bd,2025-07-15 19:50:03,2025-07-15 19:50:03,2025-07-15 19:50:03,2025-07-15
1413,3JVU5ieE96,MOOSPMv3Parser,1752609601,9,9,5,13,13,6,6,14,14,6,1721,516,1763,80,41,5,42,42,0,0,42,0,43,47,19,19,19.708,73,1,36.139084,-120.367958,213.138,7,600,58,3,e00fce6876826e255108c6bd,2025-07-15 20:00:03,2025-07-15 20:00:03,2025-07-15 20:00:03,2025-07-15
1428,CUQBs6W6Vn,MOOSPMv3Parser,1752610201,9,9,5,13,13,6,6,13,13,6,1702,516,1803,79,42,3,42,42,0,0,42,0,43,47,19,19,20.151,82,1,36.139004,-120.368408,157.014999,5,599,58,3,e00fce6876826e255108c6bd,2025-07-15 20:10:04,2025-07-15 20:10:04,2025-07-15 20:10:04,2025-07-15
1434,XQ515CwRes,MOOSPMv3Parser,1752610801,9,9,6,13,13,6,6,13,13,6,1702,512,1837,81,43,3,43,43,0,0,43,0,43,47,19,19,20.249,81,1,36.139004,-120.368408,157.009995,0,600,58,3,e00fce6876826e255108c6bd,2025-07-15 20:20:03,2025-07-15 20:20:03,2025-07-15 20:20:03,2025-07-15
1448,RHfanIkveW,MOOSPMv3Parser,1752611401,10,10,5,13,13,6,6,14,14,6,1765,531,1874,77,42,4,42,42,0,0,42,0,44,47,18,18,20.093,109,1,36.138954,-120.368271,177.076004,6,600,58,3,e00fce6876826e255108c6bd,2025-07-15 20:30:03,2025-07-15 20:30:03,2025-07-15 20:30:03,2025-07-15
1455,JGNYzMhzLb,MOOSPMv3Parser,1752612001,9,9,6,13,13,6,6,14,14,6,1720,513,1915,79,43,3,43,43,0,0,43,0,44,48,19,19,19.96,124,1,36.139011,-120.368378,157.141998,6,599,58,3,e00fce6876826e255108c6bd,2025-07-15 20:40:03,2025-07-15 20:40:03,2025-07-15 20:40:03,2025-07-15
1468,BGHwKgSgEu,MOOSPMv3Parser,1752612601,10,10,5,13,13,6,6,13,13,6,1779,528,1952,74,43,2,43,43,0,0,43,0,44,48,17,17,19.593,214,1,36.138947,-120.368378,195.651993,7,599,58,3,e00fce6876826e255108c6bd,2025-07-15 20:50:03,2025-07-15 20:50:03,2025-07-15 20:50:03,2025-07-15
1479,LCyIrHvyf7,MOOSPMv3Parser,1752613201,9,9,5,13,13,6,6,13,13,6,1756,527,1985,76,42,3,42,42,0,0,42,0,44,48,18,18,20.572,133,1,36.139015,-120.368393,174.153,7,600,58,3,e00fce6876826e255108c6bd,2025-07-15 21:00:03,2025-07-15 21:00:03,2025-07-15 21:00:03,2025-07-15
1490,XpDAYKpQLc,MOOSPMv3Parser,1752613801,10,10,5,14,14,6,6,14,14,6,1872,561,2022,84,42,4,43,43,0,0,43,0,44,48,18,18,20.097,207,1,36.138981,-120.368378,179.059006,7,600,58,3,e00fce6876826e255108c6bd,2025-07-15 21:10:03,2025-07-15 21:10:03,2025-07-15 21:10:03,2025-07-15
1502,MsY0jriTVv,MOOSPMv3Parser,1752614401,9,9,5,13,13,6,6,13,13,6,1755,527,2058,75,42,4,42,42,0,0,42,0,44,48,18,18,19.564,163,1,36.13905,-120.368431,180.733002,7,600,58,3,e00fce6876826e255108c6bd,2025-07-15 21:20:03,2025-07-15 21:20:03,2025-07-15 21:20:03,2025-07-15
1513,1HCffCjUVx,MOOSPMv3Parser,1752615001,10,10,5,13,13,6,6,13,13,6,1786,530,2094,77,41,2,41,41,0,0,41,0,44,48,18,18,19.481,209,1,36.139034,-120.368347,170.968994,6,600,58,3,e00fce6876826e255108c6bd,2025-07-15 21:30:03,2025-07-15 21:30:03,2025-07-15 21:30:03,2025-07-15
1525,lpgsZB5IDC,MOOSPMv3Parser,1752615601,9,9,5,13,13,5,5,14,14,5,1765,523,2129,78,40,5,40,40,0,0,40,0,44,48,18,17,19.877,186,1,36.138905,-120.368454,200.080994,5,600,58,3,e00fce6876826e255108c6bd,2025-07-15 21:40:03,2025-07-15 21:40:03,2025-07-15 21:40:03,2025-07-15
1535,FxE3Eme8rc,MOOSPMv3Parser,1752616201,9,9,5,12,12,5,5,13,13,5,1735,511,2162,71,38,3,38,38,0,0,38,0,44,48,18,18,18.837,204,1,36.138996,-120.368347,166.462997,6,600,58,3,e00fce6876826e255108c6bd,2025-07-15 21:50:03,2025-07-15 21:50:03,2025-07-15 21:50:03,2025-07-15
1545,fhmRvSC34q,MOOSPMv3Parser,1752616801,9,9,5,12,12,5,5,13,13,5,1726,509,2196,76,40,2,40,40,0,0,40,0,44,48,18,18,19.475,228,1,36.138996,-120.368347,166.457993,0,600,58,3,e00fce6876826e255108c6bd,2025-07-15 22:00:03,2025-07-15 22:00:03,2025-07-15 22:00:03,2025-07-15
1557,UmuzxxzQ97,MOOSPMv3Parser,1752617401,9,9,5,13,13,5,5,13,13,5,1733,512,2231,72,40,3,40,40,0,0,40,0,44,48,18,17,20.008,171,1,36.139008,-120.36837,175.791,8,600,58,3,e00fce6876826e255108c6bd,2025-07-15 22:10:03,2025-07-15 22:10:03,2025-07-15 22:10:03,2025-07-15
1566,mHW6djzc0s,MOOSPMv3Parser,1752618001,10,10,5,13,13,5,5,14,14,5,1770,528,2265,80,40,4,40,40,0,0,40,0,44,48,18,18,20.146,130,1,36.138988,-120.36834,174.751999,6,600,58,3,e00fce6876826e255108c6bd,2025-07-15 22:20:03,2025-07-15 22:20:03,2025-07-15 22:20:03,2025-07-15
1578,Db1UDE9FmA,MOOSPMv3Parser,1752618601,9,9,5,12,12,5,5,13,13,5,1702,503,2299,70,38,3,38,38,0,0,38,0,44,48,18,18,20.667,137,1,36.139019,-120.368355,171.720993,6,600,58,3,e00fce6876826e255108c6bd,2025-07-15 22:30:03,2025-07-15 22:30:03,2025-07-15 22:30:03,2025-07-15
1591,tbeqrcmQaa,MOOSPMv3Parser,1752619201,8,8,5,12,12,5,5,12,12,5,1618,476,2330,69,36,3,36,36,0,0,36,0,44,48,18,18,20.889,120,1,36.138947,-120.368279,184.764008,7,600,58,3,e00fce6876826e255108c6bd,2025-07-15 22:40:03,2025-07-15 22:40:03,2025-07-15 22:40:03,2025-07-15
1604,ixJITEhqGq,MOOSPMv3Parser,1752619801,9,9,4,12,12,5,5,12,12,5,1630,482,2360,72,35,3,35,35,0,0,35,0,45,48,17,18,19.683,176,1,36.139011,-120.368324,168.115005,5,600,58,3,e00fce6876826e255108c6bd,2025-07-15 22:50:09,2025-07-15 22:50:09,2025-07-15 22:50:09,2025-07-15
1613,ZtrfKmpiuq,MOOSPMv3Parser,1752620401,6,6,4,8,8,4,4,9,9,4,1206,351,2384,51,28,2,28,28,0,0,28,0,44,48,16,17,20.505,222,1,36.139019,-120.36834,171.322006,6,600,58,3,e00fce6876826e255108c6bd,2025-07-15 23:00:03,2025-07-15 23:00:03,2025-07-15 23:00:03,2025-07-15
1626,8fT1qTDgLH,MOOSPMv3Parser,1752621001,5,5,3,7,7,3,3,7,7,3,1052,306,2404,42,23,2,23,23,0,0,23,0,45,48,16,17,19.055,243,1,36.139004,-120.368416,172.735992,5,600,58,3,e00fce6876826e255108c6bd,2025-07-15 23:10:36,2025-07-15 23:10:36,2025-07-15 23:10:36,2025-07-15
1631,pDWCsuMgoh,MOOSPMv3Parser,1752621601,4,4,3,6,6,3,3,7,7,3,961,275,2422,37,21,2,21,21,0,0,21,0,45,48,15,16,17.837,325,1,36.139053,-120.36834,171.578995,6,600,58,3,e00fce6876826e255108c6bd,2025-07-15 23:20:03,2025-07-15 23:20:03,2025-07-15 23:20:03,2025-07-15
1645,xhh5eRAoSO,MOOSPMv3Parser,1752622201,4,4,2,6,6,3,3,6,6,3,892,254,2439,36,19,2,19,19,0,0,19,0,44,47,16,17,19.261,274,1,36.138992,-120.36837,177.365005,7,600,58,3,e00fce6876826e255108c6bd,2025-07-15 23:30:03,2025-07-15 23:30:03,2025-07-15 23:30:03,2025-07-15
1657,YmwLT7ENzs,MOOSPMv3Parser,1752622801,4,4,2,5,5,2,2,5,5,2,841,247,2455,34,18,1,18,18,0,0,18,0,44,47,16,17,18.678,293,1,36.139069,-120.36834,179.718002,7,600,58,3,e00fce6876826e255108c6bd,2025-07-15 23:40:03,2025-07-15 23:40:03,2025-07-15 23:40:03,2025-07-15
1667,sBq27T7lce,MOOSPMv3Parser,1752623401,3,3,2,5,5,2,2,5,5,2,781,229,2471,32,18,2,19,19,0,0,19,0,43,46,17,18,19.477,228,1,36.139069,-120.36834,179.723007,0,600,58,3,e00fce6876826e255108c6bd,2025-07-15 23:50:04,2025-07-15 23:50:04,2025-07-15 23:50:04,2025-07-15
10,HRBCeZuuBi,MOOSPMv3Parser,1752624001,3,3,2,4,4,2,2,5,5,2,738,219,2486,28,17,1,17,17,0,0,17,0,43,45,17,18,19.325,180,1,36.13903,-120.368317,189.744003,7,600,58,3,e00fce6876826e255108c6bd,2025-07-16 00:00:03,2025-07-16 00:00:04,2025-07-16 00:00:04,2025-07-16
17,JANTHhWYEw,MOOSPMv3Parser,1752624601,3,3,2,4,4,2,2,5,5,2,686,203,2500,29,16,2,16,16,0,0,16,0,42,45,18,19,19.593,152,1,36.13903,-120.368248,181.813004,6,600,58,3,e00fce6876826e255108c6bd,2025-07-16 00:10:03,2025-07-16 00:10:03,2025-07-16 00:10:03,2025-07-16
31,HTbYwdniN3,MOOSPMv3Parser,1752625201,3,3,2,4,4,2,2,4,4,2,673,202,2514,26,17,1,17,17,0,0,17,0,42,44,18,19,19.299,101,1,36.139034,-120.368301,180.748993,8,600,58,3,e00fce6876826e255108c6bd,2025-07-16 00:20:03,2025-07-16 00:20:03,2025-07-16 00:20:03,2025-07-16
43,exPGkVJhFR,MOOSPMv3Parser,1752625801,3,3,2,5,5,2,2,5,5,2,698,209,2530,31,18,1,18,18,0,0,18,0,41,43,19,20,19.381,48,1,36.138985,-120.368263,193.975998,7,600,58,3,e00fce6876826e255108c6bd,2025-07-16 00:30:04,2025-07-16 00:30:04,2025-07-16 00:30:04,2025-07-16
52,erukqoBnxG,MOOSPMv3Parser,1752626401,3,3,2,4,4,2,2,5,5,2,677,204,2545,30,18,2,18,18,0,0,18,0,41,43,19,20,19.698,20,1,36.139004,-120.368385,180.016006,5,600,58,3,e00fce6876826e255108c6bd,2025-07-16 00:40:03,2025-07-16 00:40:03,2025-07-16 00:40:03,2025-07-16
62,oYLBma45od,MOOSPMv3Parser,1752627001,3,3,2,4,4,2,2,5,5,2,662,201,2560,32,17,2,17,17,0,0,17,0,41,42,20,21,20.139,8,1,36.138939,-120.368393,160.283997,5,600,58,3,e00fce6876826e255108c6bd,2025-07-16 00:50:03,2025-07-16 00:50:03,2025-07-16 00:50:03,2025-07-16
76,nZCdcXzxv4,MOOSPMv3Parser,1752627601,3,3,2,4,4,2,2,5,5,2,665,201,2576,29,18,2,18,18,0,0,18,0,41,42,19,20,19.365,6,1,36.139053,-120.368217,189.322998,5,600,58,3,e00fce6876826e255108c6bd,2025-07-16 01:00:08,2025-07-16 01:00:08,2025-07-16 01:00:08,2025-07-16
85,sVbQ3NsD1C,MOOSPMv3Parser,1752628201,3,3,2,4,4,2,2,5,5,2,641,196,2591,30,17,2,17,17,0,0,17,0,40,41,20,21,19.86,3,1,36.139053,-120.368217,189.326996,0,600,58,3,e00fce6876826e255108c6bd,2025-07-16 01:10:03,2025-07-16 01:10:03,2025-07-16 01:10:03,2025-07-16
98,XzAl6tR5Jn,MOOSPMv3Parser,1752628801,3,3,2,4,4,2,2,4,4,2,650,196,2606,30,18,1,18,18,0,0,18,0,40,41,19,21,19.71,3,1,36.138859,-120.368324,179.904007,7,600,58,3,e00fce6876826e255108c6bd,2025-07-16 01:20:04,2025-07-16 01:20:04,2025-07-16 01:20:04,2025-07-16
106,jVy8vVEN1O,MOOSPMv3Parser,1752629401,3,3,2,4,4,2,2,4,4,2,624,191,2621,29,17,2,17,17,0,0,17,0,40,40,19,21,19.923,2,1,36.138943,-120.368408,192.531998,8,600,58,3,e00fce6876826e255108c6bd,2025-07-16 01:30:03,2025-07-16 01:30:04,2025-07-16 01:30:04,2025-07-16
118,qpO6JLZXnb,MOOSPMv3Parser,1752630001,2,2,2,4,4,2,2,4,4,2,576,178,2636,28,17,1,17,17,0,0,17,0,39,40,20,22,20.073,2,2,36.139061,-120.36834,170.233002,7,600,58,3,e00fce6876826e255108c6bd,2025-07-16 01:40:03,2025-07-16 01:40:03,2025-07-16 01:40:03,2025-07-16
126,JMybjvAdYU,MOOSPMv3Parser,1752630601,2,2,2,3,3,2,2,4,4,2,563,173,2651,28,17,1,17,17,0,0,17,0,39,39,20,22,19.528,2,2,36.139065,-120.368355,167.171997,7,600,58,3,e00fce6876826e255108c6bd,2025-07-16 01:50:03,2025-07-16 01:50:03,2025-07-16 01:50:03,2025-07-16
140,moFHaw8ZdD,MOOSPMv3Parser,1752631201,2,2,2,3,3,2,2,3,3,2,532,161,2664,23,15,1,16,16,0,0,16,0,38,39,20,22,20.031,2,2,36.139023,-120.368202,203.636993,7,600,58,3,e00fce6876826e255108c6bd,2025-07-16 02:00:04,2025-07-16 02:00:04,2025-07-16 02:00:04,2025-07-16
150,kpWd4x7JZ3,MOOSPMv3Parser,1752631801,2,2,2,3,3,2,2,3,3,2,513,157,2677,27,15,1,15,15,0,0,15,0,38,38,20,22,20.21,2,2,36.139103,-120.368225,200.223007,6,600,58,3,e00fce6876826e255108c6bd,2025-07-16 02:10:03,2025-07-16 02:10:03,2025-07-16 02:10:03,2025-07-16
161,JwZhGEMrf5,MOOSPMv3Parser,1752632401,2,2,2,3,3,2,2,3,3,2,484,148,2690,24,15,2,15,15,0,0,15,0,37,38,21,22,19.561,2,2,36.139042,-120.368355,185.934006,6,600,58,3,e00fce6876826e255108c6bd,2025-07-16 02:20:03,2025-07-16 02:20:03,2025-07-16 02:20:03,2025-07-16
174,6ETEcK42CG,MOOSPMv3Parser,1752633001,1,1,2,2,2,2,2,3,3,2,431,130,2702,22,13,1,13,13,0,0,13,0,37,37,21,23,19.541,2,2,36.139065,-120.368279,180.276001,6,600,58,3,e00fce6876826e255108c6bd,2025-07-16 02:30:04,2025-07-16 02:30:04,2025-07-16 02:30:04,2025-07-16
185,vlVeGm6ow6,MOOSPMv3Parser,1752633601,1,1,2,2,2,2,2,3,3,2,417,128,2712,20,12,1,12,12,0,0,12,0,36,37,22,23,19.549,3,2,36.139008,-120.368286,188.337997,5,600,58,3,e00fce6876826e255108c6bd,2025-07-16 02:40:03,2025-07-16 02:40:03,2025-07-16 02:40:03,2025-07-16
193,K1VWuBn49j,MOOSPMv3Parser,1752634201,1,1,2,2,2,2,2,3,3,2,367,112,2723,20,12,2,12,12,0,0,12,0,35,36,24,25,19.961,3,2,36.139008,-120.368286,188.341003,0,600,58,3,e00fce6876826e255108c6bd,2025-07-16 02:50:03,2025-07-16 02:50:03,2025-07-16 02:50:03,2025-07-16
204,iLWVb3NOMc,MOOSPMv3Parser,1752634801,1,1,1,2,2,2,2,2,2,2,344,105,2733,17,12,1,12,12,0,0,12,0,35,35,25,26,20.678,2,3,36.13908,-120.368332,171.412003,6,600,58,3,e00fce6876826e255108c6bd,2025-07-16 03:00:04,2025-07-16 03:00:04,2025-07-16 03:00:04,2025-07-16
217,1E9qc7zveb,MOOSPMv3Parser,1752635401,1,1,1,2,2,1,1,2,2,1,317,97,2743,18,11,1,11,11,0,0,11,0,34,35,25,26,20.681,2,3,36.13895,-120.368309,165.453995,5,600,58,3,e00fce6876826e255108c6bd,2025-07-16 03:10:03,2025-07-16 03:10:04,2025-07-16 03:10:04,2025-07-16
227,EgtTZWu60h,MOOSPMv3Parser,1752636001,1,1,2,2,2,2,2,2,2,2,335,102,2753,18,12,1,12,12,0,0,12,0,34,34,26,27,20.317,2,3,36.13905,-120.368301,166.197998,5,600,58,3,e00fce6876826e255108c6bd,2025-07-16 03:20:03,2025-07-16 03:20:03,2025-07-16 03:20:03,2025-07-16
236,GWlSavbibN,MOOSPMv3Parser,1752636601,1,1,1,2,2,1,1,2,2,1,314,94,2763,17,11,3,11,11,0,0,11,0,33,34,26,28,20.231,3,4,36.138988,-120.368362,180.962997,5,600,58,3,e00fce6876826e255108c6bd,2025-07-16 03:30:03,2025-07-16 03:30:03,2025-07-16 03:30:03,2025-07-16
248,QxkJZrR3Dj,MOOSPMv3Parser,1752637201,1,1,1,2,2,1,2,2,2,2,318,98,2773,15,11,1,11,11,0,0,11,0,33,33,27,28,20.474,3,4,36.138969,-120.368271,175.746002,6,600,58,3,e00fce6876826e255108c6bd,2025-07-16 03:40:03,2025-07-16 03:40:03,2025-07-16 03:40:03,2025-07-16
262,sBRneiZSFg,MOOSPMv3Parser,1752637801,1,1,1,1,1,1,1,2,2,1,310,95,2782,15,11,2,11,11,0,0,11,0,32,33,27,29,20.212,3,4,36.138973,-120.368355,175.386993,6,600,58,3,e00fce6876826e255108c6bd,2025-07-16 03:50:04,2025-07-16 03:50:04,2025-07-16 03:50:04,2025-07-16
273,KCojb1jEPv,MOOSPMv3Parser,1752638401,1,1,1,1,1,1,1,1,1,1,292,90,2791,15,10,1,10,10,0,0,10,0,32,32,28,29,19.851,4,4,36.139023,-120.368301,179.847,5,600,58,3,e00fce6876826e255108c6bd,2025-07-16 04:00:05,2025-07-16 04:00:05,2025-07-16 04:00:05,2025-07-16
282,r4Px4b9I3X,MOOSPMv3Parser,1752639001,1,1,1,2,2,1,1,2,2,1,294,89,2799,18,10,2,10,10,0,0,10,0,32,32,28,30,19.889,5,4,36.139034,-120.36834,168.218994,6,600,58,3,e00fce6876826e255108c6bd,2025-07-16 04:10:03,2025-07-16 04:10:03,2025-07-16 04:10:03,2025-07-16
293,LJaQbHcX70,MOOSPMv3Parser,1752639601,1,1,1,2,2,1,1,2,2,1,313,95,2809,17,11,1,11,11,0,0,11,0,31,32,29,30,19.815,5,5,36.139015,-120.368347,169.789001,7,600,58,3,e00fce6876826e255108c6bd,2025-07-16 04:20:03,2025-07-16 04:20:04,2025-07-16 04:20:04,2025-07-16
305,TfkuAvLDOt,MOOSPMv3Parser,1752640201,1,1,1,1,1,1,1,1,1,1,297,90,2818,13,11,0,11,11,0,0,11,0,31,31,29,31,19.579,6,5,36.139015,-120.368347,169.787003,0,600,58,3,e00fce6876826e255108c6bd,2025-07-16 04:30:03,2025-07-16 04:30:04,2025-07-16 04:30:04,2025-07-16
317,UbJmUnxD1P,MOOSPMv3Parser,1752640801,1,1,1,1,1,1,1,2,2,1,314,95,2827,13,11,1,11,11,0,0,11,0,31,31,29,31,19.206,8,5,36.139046,-120.368317,173.039001,12,600,58,3,e00fce6876826e255108c6bd,2025-07-16 04:40:04,2025-07-16 04:40:04,2025-07-16 04:40:04,2025-07-16
326,uekhUG0Hht,MOOSPMv3Parser,1752641401,1,1,1,1,1,1,1,2,2,1,276,83,2837,15,11,1,11,11,0,0,11,0,30,30,30,32,19.591,9,5,36.139069,-120.36837,185.292007,7,600,58,3,e00fce6876826e255108c6bd,2025-07-16 04:50:03,2025-07-16 04:50:04,2025-07-16 04:50:04,2025-07-16
335,5N4Yjxc6eZ,MOOSPMv3Parser,1752642001,0,0,1,1,1,1,1,2,2,1,294,88,2846,17,10,1,10,10,0,0,10,0,30,30,30,32,19.94,8,5,36.139034,-120.368324,173.576004,8,600,58,3,e00fce6876826e255108c6bd,2025-07-16 05:00:03,2025-07-16 05:00:03,2025-07-16 05:00:03,2025-07-16
348,hiroai7HjB,MOOSPMv3Parser,1752642601,1,1,1,1,1,1,1,2,2,1,293,89,2855,15,10,1,10,10,0,0,10,0,30,30,30,32,19.725,8,6,36.139057,-120.368324,181.240997,7,600,58,3,e00fce6876826e255108c6bd,2025-07-16 05:10:03,2025-07-16 05:10:04,2025-07-16 05:10:04,2025-07-16
360,e8xWhtGjbF,MOOSPMv3Parser,1752643201,1,1,1,1,1,1,1,1,1,1,285,87,2864,14,11,1,11,11,0,0,11,0,30,30,30,32,20.143,7,6,36.139027,-120.368317,187.440002,7,600,58,3,e00fce6876826e255108c6bd,2025-07-16 05:20:03,2025-07-16 05:20:04,2025-07-16 05:20:04,2025-07-16
371,M4zQvcrQjB,MOOSPMv3Parser,1752643801,1,1,1,1,1,1,1,1,1,1,267,81,2873,14,10,1,10,10,0,0,10,0,29,29,30,32,19.666,8,6,36.139,-120.368362,173.281998,6,600,58,3,e00fce6876826e255108c6bd,2025-07-16 05:30:04,2025-07-16 05:30:04,2025-07-16 05:30:04,2025-07-16
382,EKpvMZEfWj,MOOSPMv3Parser,1752644401,1,1,1,1,1,1,1,1,1,1,264,81,2882,14,11,1,11,11,0,0,11,0,29,29,30,32,19.421,10,6,36.138992,-120.368332,188.710007,7,600,58,3,e00fce6876826e255108c6bd,2025-07-16 05:40:04,2025-07-16 05:40:04,2025-07-16 05:40:04,2025-07-16
391,GFvw83tQcP,MOOSPMv3Parser,1752645001,1,1,1,1,1,1,1,1,1,1,266,80,2891,13,10,1,10,10,0,0,10,0,29,29,31,33,18.954,16,6,36.139042,-120.368469,184.007996,6,600,58,3,e00fce6876826e255108c6bd,2025-07-16 05:50:03,2025-07-16 05:50:03,2025-07-16 05:50:03,2025-07-16
403,kAmpQ3Gf6n,MOOSPMv3Parser,1752645601,0,0,1,1,1,1,1,1,1,1,235,71,2900,14,10,1,10,10,0,0,10,0,29,29,31,33,19.678,14,6,36.139114,-120.368347,180.119995,6,600,58,3,e00fce6876826e255108c6bd,2025-07-16 06:00:03,2025-07-16 06:00:03,2025-07-16 06:00:03,2025-07-16
414,xdhIB87l47,MOOSPMv3Parser,1752646201,1,1,1,1,1,1,1,2,2,1,292,89,2907,18,9,1,9,9,0,0,9,0,29,28,30,32,19.989,11,7,36.138969,-120.368401,174.498993,5,600,58,3,e00fce6876826e255108c6bd,2025-07-16 06:10:03,2025-07-16 06:10:04,2025-07-16 06:10:04,2025-07-16
425,H5dZeNBlMU,MOOSPMv3Parser,1752646801,0,0,1,1,1,1,1,1,1,1,264,81,2915,13,9,1,9,9,0,0,9,0,29,28,30,32,19.986,10,7,36.138969,-120.368401,174.501999,0,600,58,3,e00fce6876826e255108c6bd,2025-07-16 06:20:03,2025-07-16 06:20:04,2025-07-16 06:20:04,2025-07-16
435,Q8qQC58DN4,MOOSPMv3Parser,1752647401,1,1,1,1,1,1,1,1,1,1,274,84,2923,12,10,1,10,10,0,0,10,0,29,28,30,33,19.804,10,8,36.13903,-120.368401,170.380005,7,600,58,3,e00fce6876826e255108c6bd,2025-07-16 06:30:03,2025-07-16 06:30:03,2025-07-16 06:30:03,2025-07-16
448,DU8IFnvf1B,MOOSPMv3Parser,1752648001,1,1,1,1,1,1,1,1,1,1,268,81,2931,14,9,1,9,9,0,0,9,0,29,28,30,33,19.935,11,8,36.13908,-120.368317,193.147995,8,600,58,3,e00fce6876826e255108c6bd,2025-07-16 06:40:03,2025-07-16 06:40:04,2025-07-16 06:40:04,2025-07-16
457,NBkVN59bLy,MOOSPMv3Parser,1752648601,1,1,1,1,1,1,1,2,2,1,250,76,2938,14,8,2,8,8,0,0,8,0,29,28,30,33,20.007,12,8,36.139065,-120.368301,179.483002,5,600,58,3,e00fce6876826e255108c6bd,2025-07-16 06:50:03,2025-07-16 06:50:03,2025-07-16 06:50:03,2025-07-16
468,AdlFzu8SVR,MOOSPMv3Parser,1752649201,0,0,1,1,1,1,1,1,1,1,251,77,2947,14,10,1,10,10,0,0,10,0,29,28,29,32,20.464,12,8,36.139034,-120.368347,176.852005,6,600,58,3,e00fce6876826e255108c6bd,2025-07-16 07:00:03,2025-07-16 07:00:03,2025-07-16 07:00:03,2025-07-16
482,neHEmo6OhP,MOOSPMv3Parser,1752649801,0,0,1,1,1,1,1,1,1,1,236,72,2954,11,9,1,9,9,0,0,9,0,29,28,29,32,20.258,11,9,36.139072,-120.368401,180.531006,7,600,58,3,e00fce6876826e255108c6bd,2025-07-16 07:10:04,2025-07-16 07:10:04,2025-07-16 07:10:04,2025-07-16
493,Ih64nNIGHC,MOOSPMv3Parser,1752650401,0,0,1,1,1,1,1,1,1,1,228,69,2962,13,9,1,9,9,0,0,9,0,28,28,31,34,18.683,29,8,36.139099,-120.368599,152.830994,7,600,58,3,e00fce6876826e255108c6bd,2025-07-16 07:20:04,2025-07-16 07:20:04,2025-07-16 07:20:04,2025-07-16
501,GncNaHlCdF,MOOSPMv3Parser,1752651001,1,1,1,1,1,1,1,2,2,1,290,89,2971,15,10,1,10,10,0,0,10,0,27,27,33,35,17.642,47,5,36.13895,-120.368431,176.154999,5,600,58,3,e00fce6876826e255108c6bd,2025-07-16 07:30:03,2025-07-16 07:30:04,2025-07-16 07:30:04,2025-07-16
511,j9AE7C10pl,MOOSPMv3Parser,1752651601,0,0,1,1,1,1,1,2,2,1,263,80,2979,16,10,1,10,10,0,0,10,0,26,27,34,36,16.653,82,4,36.138985,-120.368294,181.882996,8,600,58,3,e00fce6876826e255108c6bd,2025-07-16 07:40:03,2025-07-16 07:40:04,2025-07-16 07:40:04,2025-07-16
521,0939QD4S4w,MOOSPMv3Parser,1752652201,1,1,1,1,1,1,1,1,1,1,279,86,2988,15,10,1,10,10,0,0,10,0,26,26,33,34,17.859,91,3,36.139019,-120.368324,175.613998,5,600,58,3,e00fce6876826e255108c6bd,2025-07-16 07:50:03,2025-07-16 07:50:03,2025-07-16 07:50:03,2025-07-16
533,UtDT41Tyx7,MOOSPMv3Parser,1752652801,0,0,1,1,1,1,1,1,1,1,262,80,2996,15,9,1,9,9,0,0,9,0,27,26,33,36,19.408,27,5,36.138947,-120.368301,170.326004,6,600,58,3,e00fce6876826e255108c6bd,2025-07-16 08:00:03,2025-07-16 08:00:04,2025-07-16 08:00:04,2025-07-16
543,zV7qVIDfs2,MOOSPMv3Parser,1752653401,0,0,1,1,1,1,1,1,1,1,246,76,3003,13,9,1,9,9,0,0,9,0,27,26,32,35,19.311,33,5,36.138947,-120.368301,170.326004,0,600,58,3,e00fce6876826e255108c6bd,2025-07-16 08:10:04,2025-07-16 08:10:04,2025-07-16 08:10:04,2025-07-16
551,qxJ15usaYC,MOOSPMv3Parser,1752654001,1,1,1,1,1,1,1,1,1,1,251,78,3011,13,9,1,9,9,0,0,9,0,27,26,31,34,18.974,33,5,36.138969,-120.368256,179.145004,6,600,58,3,e00fce6876826e255108c6bd,2025-07-16 08:20:03,2025-07-16 08:20:04,2025-07-16 08:20:04,2025-07-16
562,grfjBhAXVF,MOOSPMv3Parser,1752654601,0,0,1,1,1,1,1,1,1,1,240,73,3020,12,10,1,10,10,0,0,10,0,27,26,31,34,20.003,22,6,36.138996,-120.368401,173.134003,6,600,58,3,e00fce6876826e255108c6bd,2025-07-16 08:30:04,2025-07-16 08:30:04,2025-07-16 08:30:04,2025-07-16
572,S5s3QrrQAi,MOOSPMv3Parser,1752655201,1,1,1,1,1,1,1,1,1,1,281,85,3028,16,10,1,10,10,0,0,10,0,27,26,31,34,19.524,28,6,36.13903,-120.368408,179.147995,7,600,58,3,e00fce6876826e255108c6bd,2025-07-16 08:40:04,2025-07-16 08:40:04,2025-07-16 08:40:04,2025-07-16
581,BtjvmFIh7f,MOOSPMv3Parser,1752655801,1,1,1,1,1,1,1,1,1,1,272,83,3037,13,10,0,10,10,0,0,10,0,27,26,32,35,20.76,23,6,36.139004,-120.368309,176.602005,7,600,58,3,e00fce6876826e255108c6bd,2025-07-16 08:50:03,2025-07-16 08:50:04,2025-07-16 08:50:04,2025-07-16
590,R56ua4VGEY,MOOSPMv3Parser,1752656401,1,1,1,1,1,1,1,1,1,1,283,87,3046,14,10,1,10,10,0,0,10,0,27,26,32,35,20.724,14,8,36.13903,-120.368317,165.130997,8,600,58,3,e00fce6876826e255108c6bd,2025-07-16 09:00:03,2025-07-16 09:00:04,2025-07-16 09:00:04,2025-07-16
1040,AxaZCrqpaJ,MOOSPMv3Parser,1752686400,2,2,190,4,4,624,978,5,5,1152,596,184,400,31,1068,2,1491,1579,0,0,1599,1,30,35,32,28,11.779,35,1,36.139042,-120.368355,183.080002,7,438,58,3,e00fce6876826e255108c6bd,2025-07-16 17:20:03,2025-07-16 17:20:03,2025-07-16 17:20:03,2025-07-16
1053,Q4efT06hI4,MOOSPMv3Parser,1752687000,3,3,132,4,4,144,149,5,5,151,640,197,1178,36,1026,3,1036,1037,0,0,1038,0,31,35,30,27,16.441,69,3,36.138939,-120.368439,158.419998,7,600,58,3,e00fce6876826e255108c6bd,2025-07-16 17:30:03,2025-07-16 17:30:03,2025-07-16 17:30:03,2025-07-16
1063,2dolSur8An,MOOSPMv3Parser,1752687600,3,3,3,4,4,3,3,4,4,3,636,196,1200,30,25,2,25,25,0,0,25,0,32,36,29,26,18.618,83,4,36.138969,-120.36837,175.311005,6,600,58,3,e00fce6876826e255108c6bd,2025-07-16 17:40:03,2025-07-16 17:40:03,2025-07-16 17:40:03,2025-07-16
1073,VXGIVIVrPn,MOOSPMv3Parser,1752688200,3,3,3,4,4,3,3,5,5,3,617,188,1218,34,21,3,21,21,0,0,21,0,33,37,30,27,18.424,109,3,36.138973,-120.368294,176.964996,7,600,58,3,e00fce6876826e255108c6bd,2025-07-16 17:50:03,2025-07-16 17:50:03,2025-07-16 17:50:03,2025-07-16
1083,R1iRxPoKPo,MOOSPMv3Parser,1752688800,3,3,3,4,4,3,3,4,4,3,625,192,1238,32,23,2,23,23,0,0,23,0,33,38,30,26,18.33,98,2,36.139019,-120.368446,176.712997,7,600,58,3,e00fce6876826e255108c6bd,2025-07-16 18:00:03,2025-07-16 18:00:03,2025-07-16 18:00:03,2025-07-16
1101,nFUyzofpQv,MOOSPMv3Parser,1752689400,3,3,3,4,4,3,3,5,5,3,649,201,1256,35,21,2,21,21,0,0,21,0,34,38,28,26,18.49,95,1,36.139019,-120.368446,176.712006,0,600,58,3,e00fce6876826e255108c6bd,2025-07-16 18:10:19,2025-07-16 18:10:19,2025-07-16 18:10:19,2025-07-16
1109,JAifUGWXZm,MOOSPMv3Parser,1752690000,3,3,3,4,4,3,3,5,5,3,640,196,1275,35,21,3,21,21,0,0,21,0,35,39,27,24,18.152,65,1,36.13903,-120.368301,173.914001,6,600,58,3,e00fce6876826e255108c6bd,2025-07-16 18:20:03,2025-07-16 18:20:03,2025-07-16 18:20:03,2025-07-16
1114,3GQCSSwvLy,MOOSPMv3Parser,1752690600,3,3,3,5,5,3,3,5,5,3,677,207,1293,36,21,3,21,21,0,0,21,0,35,40,26,24,18.509,24,1,36.139034,-120.368401,171.115005,7,600,58,3,e00fce6876826e255108c6bd,2025-07-16 18:30:03,2025-07-16 18:30:03,2025-07-16 18:30:03,2025-07-16
1127,O5zWgN4A34,MOOSPMv3Parser,1752691200,3,3,3,4,4,3,3,4,4,3,646,197,1313,31,22,2,22,22,0,0,22,0,36,40,26,24,18.954,30,1,36.139053,-120.36834,180.298004,7,600,58,3,e00fce6876826e255108c6bd,2025-07-16 18:40:03,2025-07-16 18:40:03,2025-07-16 18:40:03,2025-07-16
1136,bDKx8TpE3M,MOOSPMv3Parser,1752691800,3,3,3,4,4,3,3,5,5,3,653,199,1333,31,21,3,21,21,0,0,21,0,36,41,26,24,18.882,24,1,36.139038,-120.368484,155.682999,5,599,58,3,e00fce6876826e255108c6bd,2025-07-16 18:50:02,2025-07-16 18:50:03,2025-07-16 18:50:03,2025-07-16
1148,Edzbdqclnl,MOOSPMv3Parser,1752692400,3,3,3,4,4,3,3,5,5,3,670,202,1353,31,22,2,22,22,0,0,22,0,36,41,26,23,19.313,33,1,36.139084,-120.368401,166.354004,5,599,58,3,e00fce6876826e255108c6bd,2025-07-16 19:00:03,2025-07-16 19:00:03,2025-07-16 19:00:03,2025-07-16
1160,IorVQWsuNX,MOOSPMv3Parser,1752693000,3,3,3,4,4,3,3,5,5,3,661,202,1370,31,20,2,20,20,0,0,20,0,36,41,25,22,19.583,13,1,36.139004,-120.368332,187.636993,5,599,58,3,e00fce6876826e255108c6bd,2025-07-16 19:10:03,2025-07-16 19:10:03,2025-07-16 19:10:03,2025-07-16
1178,SHhjoyYkVA,MOOSPMv3Parser,1752693600,3,3,3,4,4,3,3,5,5,3,645,196,1388,30,20,2,20,20,0,0,20,0,37,41,25,23,20.007,11,1,36.139065,-120.368393,178.186005,5,599,58,3,e00fce6876826e255108c6bd,2025-07-16 19:20:08,2025-07-16 19:20:08,2025-07-16 19:20:08,2025-07-16
1182,7md1AcNvVt,MOOSPMv3Parser,1752694200,3,3,3,5,5,3,3,5,5,3,661,200,1405,36,20,2,20,20,0,0,20,0,37,41,24,22,19.713,9,1,36.139099,-120.368263,200.117004,6,599,58,3,e00fce6876826e255108c6bd,2025-07-16 19:30:02,2025-07-16 19:30:03,2025-07-16 19:30:03,2025-07-16
1194,DOwSnAExJ2,MOOSPMv3Parser,1752694800,2,2,3,4,4,3,3,5,5,3,633,192,1423,32,20,2,20,20,0,0,20,0,38,42,23,21,19.608,12,1,36.138947,-120.368111,190.246002,6,599,58,3,e00fce6876826e255108c6bd,2025-07-16 19:40:03,2025-07-16 19:40:03,2025-07-16 19:40:03,2025-07-16
1204,m13lbUS0mz,MOOSPMv3Parser,1752695400,3,3,3,4,4,3,3,5,5,3,660,201,1438,33,20,2,20,20,0,0,20,0,39,42,22,21,19.505,25,1,36.139046,-120.368271,175.988998,7,600,58,3,e00fce6876826e255108c6bd,2025-07-16 19:50:03,2025-07-16 19:50:03,2025-07-16 19:50:03,2025-07-16
1215,oCnmcsysYV,MOOSPMv3Parser,1752696000,3,3,3,4,4,3,3,4,4,3,625,190,1455,32,20,2,20,20,0,0,20,0,39,43,22,21,19.92,12,1,36.139046,-120.368271,175.983002,0,600,58,3,e00fce6876826e255108c6bd,2025-07-16 20:00:03,2025-07-16 20:00:03,2025-07-16 20:00:03,2025-07-16
1229,PUHq9ZAYJ8,MOOSPMv3Parser,1752696600,3,3,3,4,4,3,3,5,5,3,628,190,1475,31,20,2,20,20,0,0,20,0,39,43,22,21,19.601,29,1,36.138996,-120.368286,193.531998,6,599,58,3,e00fce6876826e255108c6bd,2025-07-16 20:10:03,2025-07-16 20:10:03,2025-07-16 20:10:03,2025-07-16
1238,de0GEbZj9H,MOOSPMv3Parser,1752697200,3,3,2,4,4,3,3,5,5,3,660,201,1491,32,19,3,19,19,0,0,19,0,39,43,22,21,20.757,24,1,36.138962,-120.368385,194.589996,5,599,58,3,e00fce6876826e255108c6bd,2025-07-16 20:20:03,2025-07-16 20:20:03,2025-07-16 20:20:03,2025-07-16
1252,QXAdTecS9V,MOOSPMv3Parser,1752697800,3,3,2,4,4,3,3,5,5,3,669,199,1508,30,19,2,19,19,0,0,19,0,40,44,22,20,19.77,41,1,36.13903,-120.368279,184.524994,7,599,58,3,e00fce6876826e255108c6bd,2025-07-16 20:30:03,2025-07-16 20:30:03,2025-07-16 20:30:03,2025-07-16
1259,CG1HRVj3l7,MOOSPMv3Parser,1752698400,3,3,3,4,4,3,3,5,5,3,689,207,1526,34,21,2,21,21,0,0,21,0,39,43,21,20,20.957,35,1,36.138958,-120.36805,227.595001,7,599,58,3,e00fce6876826e255108c6bd,2025-07-16 20:40:03,2025-07-16 20:40:03,2025-07-16 20:40:03,2025-07-16
1272,ip7Cbm8j5I,MOOSPMv3Parser,1752699000,3,3,2,4,4,3,3,5,5,3,661,199,1540,34,19,3,19,19,0,0,19,0,39,43,21,20,21.634,15,1,36.139023,-120.368378,178.552994,6,600,58,3,e00fce6876826e255108c6bd,2025-07-16 20:50:03,2025-07-16 20:50:03,2025-07-16 20:50:03,2025-07-16
1281,vxJGU8nm3D,MOOSPMv3Parser,1752699600,3,3,2,4,4,2,2,5,5,2,663,197,1559,32,18,1,19,19,0,0,19,0,40,44,20,19,20.265,66,1,36.13903,-120.368378,176.695007,6,599,58,3,e00fce6876826e255108c6bd,2025-07-16 21:00:03,2025-07-16 21:00:03,2025-07-16 21:00:03,2025-07-16
1294,Hn30NdH6Us,MOOSPMv3Parser,1752700200,3,3,2,4,4,2,2,5,5,2,671,202,1575,34,19,1,19,19,0,0,19,0,40,44,20,19,21.017,37,1,36.138969,-120.368088,208.837006,6,599,58,3,e00fce6876826e255108c6bd,2025-07-16 21:10:03,2025-07-16 21:10:03,2025-07-16 21:10:03,2025-07-16
1303,h3BE9yWxh3,MOOSPMv3Parser,1752700800,2,2,2,4,4,2,2,4,4,2,632,188,1591,27,18,1,18,18,0,0,18,0,41,45,19,19,19.618,80,1,36.138958,-120.368225,201.623001,7,599,58,3,e00fce6876826e255108c6bd,2025-07-16 21:20:03,2025-07-16 21:20:03,2025-07-16 21:20:03,2025-07-16
1315,fbjQNEPg1L,MOOSPMv3Parser,1752701400,3,3,2,5,5,3,3,5,5,3,725,217,1607,34,19,1,19,19,0,0,19,0,41,45,16,16,20.4,103,1,36.13892,-120.368248,203.089996,5,599,58,3,e00fce6876826e255108c6bd,2025-07-16 21:30:03,2025-07-16 21:30:03,2025-07-16 21:30:03,2025-07-16
1328,1sNY8yUghJ,MOOSPMv3Parser,1752702000,4,4,3,6,6,3,3,6,6,3,873,262,1626,37,22,2,22,22,0,0,22,0,41,45,14,14,21.265,27,1,36.139,-120.368324,189.304001,6,599,58,3,e00fce6876826e255108c6bd,2025-07-16 21:40:03,2025-07-16 21:40:03,2025-07-16 21:40:03,2025-07-16
1337,WvBrNpfdim,MOOSPMv3Parser,1752702600,4,4,3,6,6,3,3,6,6,3,920,272,1643,39,23,1,23,23,0,0,23,0,41,45,16,16,21.922,16,1,36.139,-120.368324,189.302994,0,600,58,3,e00fce6876826e255108c6bd,2025-07-16 21:50:03,2025-07-16 21:50:03,2025-07-16 21:50:03,2025-07-16
1347,RxkCzXRxXY,MOOSPMv3Parser,1752703200,5,5,3,7,7,3,3,7,7,3,1004,298,1664,44,24,1,24,24,0,0,24,0,42,46,15,16,21.043,27,1,36.139126,-120.368484,156.296005,6,600,58,3,e00fce6876826e255108c6bd,2025-07-16 22:00:03,2025-07-16 22:00:03,2025-07-16 22:00:03,2025-07-16
1359,Oxaf6Cop2X,MOOSPMv3Parser,1752703800,5,5,3,7,7,3,3,7,7,3,1024,302,1688,42,25,1,25,25,0,0,25,0,42,46,14,14,20.847,94,1,36.139107,-120.368309,172.009995,5,599,58,3,e00fce6876826e255108c6bd,2025-07-16 22:10:03,2025-07-16 22:10:03,2025-07-16 22:10:03,2025-07-16
1369,02WeqCFIgY,MOOSPMv3Parser,1752704400,5,5,3,7,7,3,3,8,8,3,1092,324,1710,47,25,1,25,25,0,0,25,0,42,46,14,14,22.093,45,1,36.13892,-120.368408,208.932007,6,599,58,3,e00fce6876826e255108c6bd,2025-07-16 22:20:03,2025-07-16 22:20:03,2025-07-16 22:20:03,2025-07-16
1387,5RhzX61Bu9,MOOSPMv3Parser,1752705000,6,6,3,7,7,3,3,8,8,3,1101,328,1731,46,25,2,25,25,0,0,25,0,41,45,15,15,22.149,36,1,36.139004,-120.368271,182.925003,6,599,58,3,e00fce6876826e255108c6bd,2025-07-16 22:30:07,2025-07-16 22:30:08,2025-07-16 22:30:08,2025-07-16
1391,t4zLKa3YwP,MOOSPMv3Parser,1752705600,6,6,3,8,8,4,4,8,8,4,1137,342,1754,50,26,2,27,27,0,0,27,0,41,45,15,14,22.485,21,1,36.138973,-120.368347,191.891998,6,599,58,3,e00fce6876826e255108c6bd,2025-07-16 22:40:03,2025-07-16 22:40:03,2025-07-16 22:40:03,2025-07-16
1405,pGlCAFCRgv,MOOSPMv3Parser,1752706200,6,6,3,8,8,4,4,8,8,4,1120,339,1774,48,26,2,26,26,0,0,26,0,40,45,16,15,23.062,10,1,36.139065,-120.368385,171.082001,5,600,58,3,e00fce6876826e255108c6bd,2025-07-16 22:50:03,2025-07-16 22:50:04,2025-07-16 22:50:04,2025-07-16
1412,3J66VGD4xu,MOOSPMv3Parser,1752706800,6,6,4,9,9,4,4,9,9,4,1187,359,1801,53,28,3,28,28,0,0,28,0,41,44,15,15,22.075,10,1,36.13905,-120.368248,206.729004,6,599,58,3,e00fce6876826e255108c6bd,2025-07-16 23:00:03,2025-07-16 23:00:03,2025-07-16 23:00:03,2025-07-16
1427,5aoZwlNJdS,MOOSPMv3Parser,1752707400,6,6,4,8,8,4,4,9,9,4,1138,344,1823,51,28,2,28,28,0,0,28,0,41,44,15,15,22.335,13,1,36.13905,-120.368248,206.733994,0,600,58,3,e00fce6876826e255108c6bd,2025-07-16 23:10:03,2025-07-16 23:10:03,2025-07-16 23:10:03,2025-07-16
1436,XheV0k1apZ,MOOSPMv3Parser,1752708000,6,6,4,8,8,4,4,8,8,4,1158,349,1851,53,29,1,29,29,0,0,29,0,41,44,14,15,21.336,12,1,36.139023,-120.368439,178.011993,5,599,58,3,e00fce6876826e255108c6bd,2025-07-16 23:20:03,2025-07-16 23:20:03,2025-07-16 23:20:03,2025-07-16
1448,HMZgCUEOQi,MOOSPMv3Parser,1752708600,6,6,4,8,8,4,4,9,9,4,1163,354,1876,53,29,2,29,29,0,0,29,0,41,44,15,16,22.166,10,1,36.139168,-120.368248,210.029007,6,599,58,3,e00fce6876826e255108c6bd,2025-07-16 23:30:03,2025-07-16 23:30:03,2025-07-16 23:30:03,2025-07-16
1464,fnCfTQ0KOx,MOOSPMv3Parser,1752709200,6,6,4,9,9,4,4,9,9,4,1165,356,1901,57,28,2,28,28,0,0,29,0,40,43,15,16,22.387,10,1,36.139057,-120.368187,205.307007,6,599,58,3,e00fce6876826e255108c6bd,2025-07-16 23:40:08,2025-07-16 23:40:08,2025-07-16 23:40:08,2025-07-16
1472,N0D1bNeOKS,MOOSPMv3Parser,1752709800,6,6,4,8,8,4,4,8,8,4,1095,337,1923,48,29,2,29,29,0,0,29,0,40,43,16,16,22.237,6,1,36.139019,-120.36834,172.087997,7,600,58,3,e00fce6876826e255108c6bd,2025-07-16 23:50:03,2025-07-16 23:50:03,2025-07-16 23:50:03,2025-07-16
5,wjvqeMwL08,MOOSPMv3Parser,1752710400,6,6,4,8,8,4,4,8,8,4,1099,335,1949,48,29,1,29,29,0,0,29,0,40,42,15,16,22.63,5,1,36.139038,-120.368202,193.485001,7,600,58,3,e00fce6876826e255108c6bd,2025-07-17 00:00:03,2025-07-17 00:00:03,2025-07-17 00:00:03,2025-07-17
13,aI2YupijuD,MOOSPMv3Parser,1752711000,6,6,4,8,8,4,4,8,8,4,1117,339,1972,50,27,1,28,28,0,0,28,0,40,42,16,16,22.331,4,1,36.139057,-120.368439,180.013,7,600,58,3,e00fce6876826e255108c6bd,2025-07-17 00:10:03,2025-07-17 00:10:03,2025-07-17 00:10:03,2025-07-17
30,fxr4OPtp9z,MOOSPMv3Parser,1752711600,6,6,4,8,8,4,4,8,8,4,1095,334,1997,48,29,1,29,29,0,0,29,0,40,41,16,17,22.513,3,1,36.139114,-120.368362,165.332001,6,600,58,3,e00fce6876826e255108c6bd,2025-07-17 00:20:03,2025-07-17 00:20:03,2025-07-17 00:20:03,2025-07-17
41,8qhqa4DvBd,MOOSPMv3Parser,1752712200,5,5,4,8,8,4,4,8,8,4,1076,327,2022,50,28,2,28,28,0,0,28,0,39,41,16,17,22.905,2,1,36.1395,-120.368767,172.556,5,600,58,3,e00fce6876826e255108c6bd,2025-07-17 00:30:03,2025-07-17 00:30:03,2025-07-17 00:30:03,2025-07-17
49,M5MqUV1saJ,MOOSPMv3Parser,1752712800,5,5,3,7,7,4,4,7,7,4,994,304,2045,45,27,2,27,27,0,0,27,0,39,40,16,17,23.024,2,2,36.139084,-120.368332,180.087006,7,600,58,3,e00fce6876826e255108c6bd,2025-07-17 00:40:03,2025-07-17 00:40:03,2025-07-17 00:40:03,2025-07-17
66,3xz6ErcCD9,MOOSPMv3Parser,1752713400,4,4,3,6,6,3,3,7,7,3,921,282,2068,43,25,2,26,26,0,0,26,0,39,40,16,18,23.473,2,2,36.139008,-120.368401,182.302994,7,600,58,3,e00fce6876826e255108c6bd,2025-07-17 00:50:08,2025-07-17 00:50:08,2025-07-17 00:50:08,2025-07-17
72,UodxiaWsOH,MOOSPMv3Parser,1752714000,4,4,3,6,6,3,3,7,7,3,899,274,2089,43,25,1,25,25,0,0,25,0,38,39,17,18,23.469,2,2,36.139008,-120.368401,182.307007,0,600,58,3,e00fce6876826e255108c6bd,2025-07-17 01:00:04,2025-07-17 01:00:04,2025-07-17 01:00:04,2025-07-17
87,AqXJ2uQWSb,MOOSPMv3Parser,1752714600,4,4,3,6,6,3,3,7,7,3,871,268,2111,45,25,1,25,25,0,0,25,0,38,38,17,19,24.05,2,2,36.139065,-120.36837,170.516998,6,600,58,3,e00fce6876826e255108c6bd,2025-07-17 01:10:03,2025-07-17 01:10:04,2025-07-17 01:10:04,2025-07-17
95,flfB0PVRYd,MOOSPMv3Parser,1752715200,4,4,3,6,6,3,3,6,6,3,857,264,2132,39,24,1,24,24,0,0,24,0,37,38,18,19,23.691,2,2,36.139061,-120.368309,154.988007,6,600,58,3,e00fce6876826e255108c6bd,2025-07-17 01:20:03,2025-07-17 01:20:03,2025-07-17 01:20:03,2025-07-17
108,7jzuDHsf3R,MOOSPMv3Parser,1752715800,4,4,3,6,6,3,3,6,6,3,813,249,2152,39,24,1,24,24,0,0,24,0,37,37,18,19,24.33,2,2,36.139011,-120.368378,168.091003,6,600,58,3,e00fce6876826e255108c6bd,2025-07-17 01:30:04,2025-07-17 01:30:04,2025-07-17 01:30:04,2025-07-17
118,NrIQVY7PsV,MOOSPMv3Parser,1752716400,4,4,3,6,6,3,3,6,6,3,843,259,2174,41,25,2,25,25,0,0,25,0,36,37,18,20,24.069,2,3,36.138992,-120.368492,172.757996,6,600,58,3,e00fce6876826e255108c6bd,2025-07-17 01:40:03,2025-07-17 01:40:04,2025-07-17 01:40:04,2025-07-17
129,kegp2vW9GR,MOOSPMv3Parser,1752717000,4,4,3,6,6,3,3,6,6,3,815,251,2195,41,24,2,24,24,0,0,24,0,36,36,18,20,23.596,2,3,36.139053,-120.368362,174.789993,6,600,58,3,e00fce6876826e255108c6bd,2025-07-17 01:50:04,2025-07-17 01:50:04,2025-07-17 01:50:04,2025-07-17
140,GDQ33txVpi,MOOSPMv3Parser,1752717600,4,4,3,6,6,3,3,6,6,3,810,250,2217,37,25,2,25,25,0,0,25,0,36,36,19,20,23.772,3,3,36.138988,-120.368523,150.725006,6,600,58,3,e00fce6876826e255108c6bd,2025-07-17 02:00:03,2025-07-17 02:00:03,2025-07-17 02:00:03,2025-07-17
148,LRW2EknrWZ,MOOSPMv3Parser,1752718200,4,4,3,6,6,3,3,6,6,3,793,245,2238,38,24,2,24,24,0,0,24,0,35,35,19,21,23.974,3,4,36.139004,-120.368324,184.074005,7,600,58,3,e00fce6876826e255108c6bd,2025-07-17 02:10:03,2025-07-17 02:10:03,2025-07-17 02:10:03,2025-07-17
159,Mt7SyzuWak,MOOSPMv3Parser,1752718800,4,4,3,6,6,3,3,6,6,3,819,253,2259,37,24,2,24,24,0,0,24,0,35,35,19,21,24.292,3,4,36.139053,-120.368355,178.820007,6,600,58,3,e00fce6876826e255108c6bd,2025-07-17 02:20:03,2025-07-17 02:20:03,2025-07-17 02:20:03,2025-07-17
173,5amKfePZmm,MOOSPMv3Parser,1752719400,4,4,3,6,6,3,3,6,6,3,791,244,2280,41,24,3,24,24,0,0,24,0,34,34,20,22,23.318,3,4,36.139046,-120.368279,195.664001,5,600,58,3,e00fce6876826e255108c6bd,2025-07-17 02:30:03,2025-07-17 02:30:03,2025-07-17 02:30:03,2025-07-17
184,C3YGNqgALf,MOOSPMv3Parser,1752720000,4,4,3,6,6,3,3,6,6,3,796,246,2301,37,24,1,24,24,0,0,24,0,33,34,20,22,23.262,4,5,36.138954,-120.36837,173.412994,5,600,58,3,e00fce6876826e255108c6bd,2025-07-17 02:40:03,2025-07-17 02:40:03,2025-07-17 02:40:03,2025-07-17
193,tUq6VNAWv0,MOOSPMv3Parser,1752720600,4,4,3,6,6,3,3,6,6,3,798,246,2322,40,24,1,24,24,0,0,24,0,33,33,21,22,24.46,4,5,36.138954,-120.36837,173.412994,0,600,58,3,e00fce6876826e255108c6bd,2025-07-17 02:50:03,2025-07-17 02:50:03,2025-07-17 02:50:03,2025-07-17
205,gANpV8i8AJ,MOOSPMv3Parser,1752721200,4,4,3,6,6,3,3,6,6,3,783,242,2343,39,24,3,24,24,0,0,24,0,32,33,21,22,24.775,4,6,36.139229,-120.368698,179.350998,8,600,58,3,e00fce6876826e255108c6bd,2025-07-17 03:00:03,2025-07-17 03:00:04,2025-07-17 03:00:04,2025-07-17
219,ag9iG720Zr,MOOSPMv3Parser,1752721800,3,3,3,5,5,3,3,5,5,3,750,231,2364,34,24,1,24,24,0,0,24,0,32,32,22,23,24.264,4,7,36.139072,-120.368454,162.164993,7,600,58,3,e00fce6876826e255108c6bd,2025-07-17 03:10:04,2025-07-17 03:10:04,2025-07-17 03:10:04,2025-07-17
231,SfVwGwQCrk,MOOSPMv3Parser,1752722400,3,3,3,5,5,3,3,6,6,3,765,239,2385,38,24,2,24,24,0,0,24,0,32,32,22,24,24.322,4,8,36.139004,-120.368416,174.044998,7,600,58,3,e00fce6876826e255108c6bd,2025-07-17 03:20:08,2025-07-17 03:20:08,2025-07-17 03:20:08,2025-07-17
242,otcUWL2amH,MOOSPMv3Parser,1752723000,4,4,3,5,5,3,3,6,6,3,769,239,2406,40,24,2,24,24,0,0,24,0,31,31,22,24,24.717,5,9,36.139034,-120.368446,182.891998,6,600,58,3,e00fce6876826e255108c6bd,2025-07-17 03:30:07,2025-07-17 03:30:07,2025-07-17 03:30:07,2025-07-17
246,AN9fnQLuow,MOOSPMv3Parser,1752723600,3,3,3,5,5,3,3,5,5,3,699,215,2428,33,25,2,25,25,0,0,25,0,31,31,24,26,24.614,5,10,36.139042,-120.368576,181.733002,6,600,58,3,e00fce6876826e255108c6bd,2025-07-17 03:40:03,2025-07-17 03:40:03,2025-07-17 03:40:03,2025-07-17
261,YEWLjrYr85,MOOSPMv3Parser,1752724200,3,3,3,5,5,3,3,5,5,3,673,208,2448,34,23,1,23,23,0,0,23,0,30,31,26,28,24.465,6,11,36.139076,-120.3685,166.496002,7,600,58,3,e00fce6876826e255108c6bd,2025-07-17 03:50:03,2025-07-17 03:50:03,2025-07-17 03:50:03,2025-07-17
270,n07aN6hX66,MOOSPMv3Parser,1752724800,3,3,3,4,4,3,3,5,5,3,636,197,2467,33,22,2,22,22,0,0,22,0,30,30,27,29,23.904,7,11,36.139038,-120.368454,180.399994,6,600,58,3,e00fce6876826e255108c6bd,2025-07-17 04:00:03,2025-07-17 04:00:03,2025-07-17 04:00:03,2025-07-17
281,3FzL5LRdQX,MOOSPMv3Parser,1752725400,3,3,3,4,4,3,3,4,4,3,603,184,2484,32,20,1,20,20,0,0,20,0,30,30,28,30,23.095,9,11,36.139023,-120.368294,199.341995,6,600,58,3,e00fce6876826e255108c6bd,2025-07-17 04:10:03,2025-07-17 04:10:03,2025-07-17 04:10:03,2025-07-17
291,VOzyzqbuKD,MOOSPMv3Parser,1752726000,2,2,3,4,4,3,3,4,4,3,595,184,2502,31,21,2,21,21,0,0,21,0,30,30,29,31,23.401,11,10,36.139057,-120.36821,182.679993,6,600,58,3,e00fce6876826e255108c6bd,2025-07-17 04:20:03,2025-07-17 04:20:04,2025-07-17 04:20:04,2025-07-17
305,fdCN3eO82y,MOOSPMv3Parser,1752726600,3,3,3,4,4,3,3,5,5,3,625,193,2520,31,20,2,21,21,0,0,21,0,29,29,30,32,22.385,12,9,36.139095,-120.36837,178.871002,6,600,58,3,e00fce6876826e255108c6bd,2025-07-17 04:30:03,2025-07-17 04:30:04,2025-07-17 04:30:04,2025-07-17
314,kjMLCYTP4Q,MOOSPMv3Parser,1752727200,2,2,3,4,4,3,3,5,5,3,599,185,2537,32,20,3,20,20,0,0,20,0,29,29,31,32,22.23,15,9,36.139095,-120.36837,178.873001,0,600,58,3,e00fce6876826e255108c6bd,2025-07-17 04:40:03,2025-07-17 04:40:03,2025-07-17 04:40:03,2025-07-17
328,Vek0zD83G5,MOOSPMv3Parser,1752727800,3,3,3,4,4,3,3,5,5,3,638,195,2554,31,20,1,20,20,0,0,20,0,29,29,31,32,22.093,16,8,36.13905,-120.36834,173.406006,5,600,58,3,e00fce6876826e255108c6bd,2025-07-17 04:50:03,2025-07-17 04:50:04,2025-07-17 04:50:04,2025-07-17
336,R7rKn3h4s0,MOOSPMv3Parser,1752728400,3,3,3,4,4,3,3,4,4,3,583,180,2572,29,20,2,20,20,0,0,20,0,28,28,31,32,21.938,19,8,36.139023,-120.368324,172.845001,6,600,58,3,e00fce6876826e255108c6bd,2025-07-17 05:00:03,2025-07-17 05:00:03,2025-07-17 05:00:03,2025-07-17
349,NeEfysHAAn,MOOSPMv3Parser,1752729000,2,2,3,4,4,3,3,4,4,3,598,183,2589,31,20,1,21,21,0,0,21,0,28,28,31,32,22.068,19,8,36.138992,-120.368355,171.903,7,600,58,3,e00fce6876826e255108c6bd,2025-07-17 05:10:03,2025-07-17 05:10:03,2025-07-17 05:10:03,2025-07-17
359,MLOm96ASMG,MOOSPMv3Parser,1752729600,2,2,3,4,4,3,3,4,4,3,588,181,2608,34,21,2,21,21,0,0,21,0,28,28,30,32,22.588,18,8,36.138996,-120.36837,177.653,6,600,58,3,e00fce6876826e255108c6bd,2025-07-17 05:20:03,2025-07-17 05:20:03,2025-07-17 05:20:03,2025-07-17
369,fhBzCnaVdX,MOOSPMv3Parser,1752730200,3,3,3,4,4,3,3,5,5,3,621,193,2627,32,22,2,22,22,0,0,22,0,28,27,30,33,23.16,15,10,36.13905,-120.36824,173.048004,6,600,58,3,e00fce6876826e255108c6bd,2025-07-17 05:30:03,2025-07-17 05:30:03,2025-07-17 05:30:03,2025-07-17
381,kuz2hSZnwW,MOOSPMv3Parser,1752730800,3,3,3,4,4,3,3,5,5,3,633,194,2646,33,22,3,22,22,0,0,22,0,28,27,30,32,23.718,13,11,36.13903,-120.368248,177.514008,5,600,58,3,e00fce6876826e255108c6bd,2025-07-17 05:40:03,2025-07-17 05:40:03,2025-07-17 05:40:03,2025-07-17
394,9aC2Tbl6IG,MOOSPMv3Parser,1752731400,3,3,3,4,4,3,3,5,5,3,655,203,2666,32,22,1,22,22,0,0,22,0,28,27,30,33,22.693,13,13,36.138966,-120.368431,160.432007,5,600,58,3,e00fce6876826e255108c6bd,2025-07-17 05:50:03,2025-07-17 05:50:04,2025-07-17 05:50:04,2025-07-17
405,S1YbJ4eFyL,MOOSPMv3Parser,1752732000,3,3,3,4,4,3,3,5,5,3,632,196,2687,34,24,1,24,24,0,0,24,0,27,27,31,33,21.957,25,11,36.139053,-120.368477,177.473007,7,600,58,3,e00fce6876826e255108c6bd,2025-07-17 06:00:04,2025-07-17 06:00:04,2025-07-17 06:00:04,2025-07-17
417,L89LQQ98ub,MOOSPMv3Parser,1752732600,3,3,3,5,5,3,3,5,5,3,699,216,2708,36,24,2,24,24,0,0,24,0,27,27,32,34,21.68,36,9,36.139061,-120.368469,179.350998,6,600,58,3,e00fce6876826e255108c6bd,2025-07-17 06:10:04,2025-07-17 06:10:04,2025-07-17 06:10:04,2025-07-17
424,Ba7cieeXCe,MOOSPMv3Parser,1752733200,3,3,3,5,5,3,3,6,6,3,726,225,2729,35,25,2,25,25,0,0,25,0,26,26,33,35,21.042,46,8,36.138962,-120.368423,157.013,6,600,58,3,e00fce6876826e255108c6bd,2025-07-17 06:20:03,2025-07-17 06:20:03,2025-07-17 06:20:03,2025-07-17
437,ZCKCHJZBEM,MOOSPMv3Parser,1752733800,3,3,3,5,5,3,3,5,5,3,726,222,2751,38,25,2,25,25,0,0,25,0,26,26,33,35,20.962,47,7,36.138962,-120.368423,157.007996,0,600,58,3,e00fce6876826e255108c6bd,2025-07-17 06:30:03,2025-07-17 06:30:04,2025-07-17 06:30:04,2025-07-17
446,dcDVz33Ul7,MOOSPMv3Parser,1752734400,3,3,3,5,5,4,4,5,5,4,728,226,2774,37,27,2,27,27,0,0,27,0,26,26,34,36,20.139,65,6,36.138996,-120.368431,182.348007,5,600,58,3,e00fce6876826e255108c6bd,2025-07-17 06:40:03,2025-07-17 06:40:03,2025-07-17 06:40:03,2025-07-17
461,qjW2hKBU9E,MOOSPMv3Parser,1752735000,3,3,3,5,5,3,3,6,6,3,691,211,2797,37,26,2,26,26,0,0,26,0,26,26,35,37,19.488,80,5,36.138985,-120.368431,185.996994,6,600,58,3,e00fce6876826e255108c6bd,2025-07-17 06:50:04,2025-07-17 06:50:04,2025-07-17 06:50:04,2025-07-17
469,RmJIpDCCmS,MOOSPMv3Parser,1752735600,3,3,3,5,5,3,3,5,5,3,677,207,2818,34,25,1,25,25,0,0,25,0,25,25,36,38,18.465,142,4,36.139,-120.36834,180.850998,6,600,58,3,e00fce6876826e255108c6bd,2025-07-17 07:00:03,2025-07-17 07:00:04,2025-07-17 07:00:04,2025-07-17
480,uWEhaWWLX8,MOOSPMv3Parser,1752736200,3,3,3,4,4,3,3,5,5,3,645,197,2839,33,24,1,24,24,0,0,24,0,25,25,37,39,18.161,198,3,36.139023,-120.36834,174.494003,6,600,58,3,e00fce6876826e255108c6bd,2025-07-17 07:10:03,2025-07-17 07:10:03,2025-07-17 07:10:03,2025-07-17
492,TjSv6SppFB,MOOSPMv3Parser,1752736800,3,3,3,4,4,3,3,5,5,3,651,201,2860,34,24,2,24,24,0,0,24,0,25,25,38,40,16.795,292,2,36.139008,-120.36834,173.007996,6,600,58,3,e00fce6876826e255108c6bd,2025-07-17 07:20:03,2025-07-17 07:20:04,2025-07-17 07:20:04,2025-07-17
502,tdFjvAwMt7,MOOSPMv3Parser,1752737400,3,3,3,5,5,3,3,5,5,3,651,200,2879,34,23,3,23,23,0,0,23,0,24,24,38,40,17.127,333,2,36.139061,-120.368408,168.389999,8,600,58,3,e00fce6876826e255108c6bd,2025-07-17 07:30:03,2025-07-17 07:30:04,2025-07-17 07:30:04,2025-07-17
511,vNYSaEXpUw,MOOSPMv3Parser,1752738000,3,3,3,5,5,3,3,5,5,3,656,204,2900,36,24,2,24,24,0,0,24,0,24,24,38,40,17.409,317,1,36.139042,-120.368248,179.154999,8,600,58,3,e00fce6876826e255108c6bd,2025-07-17 07:40:03,2025-07-17 07:40:03,2025-07-17 07:40:03,2025-07-17
522,vAYz35BT5X,MOOSPMv3Parser,1752738600,3,3,3,5,5,3,3,5,5,3,666,206,2921,34,24,3,24,24,0,0,24,0,24,24,40,41,17.204,348,1,36.138863,-120.368279,187.009003,7,600,58,3,e00fce6876826e255108c6bd,2025-07-17 07:50:03,2025-07-17 07:50:04,2025-07-17 07:50:04,2025-07-17
533,ULjR1AHKuz,MOOSPMv3Parser,1752739200,3,3,3,5,5,4,4,5,5,4,665,206,2944,35,26,3,26,26,0,0,26,0,24,23,40,42,17.459,289,1,36.139023,-120.368279,179.279007,7,600,58,3,e00fce6876826e255108c6bd,2025-07-17 08:00:03,2025-07-17 08:00:03,2025-07-17 08:00:03,2025-07-17
541,4rqaHE1enm,MOOSPMv3Parser,1752739800,3,3,3,5,5,3,3,5,5,3,661,205,2965,32,25,2,25,25,0,0,25,0,24,23,33,35,17.773,207,1,36.139011,-120.368324,177.917007,6,600,58,3,e00fce6876826e255108c6bd,2025-07-17 08:10:03,2025-07-17 08:10:03,2025-07-17 08:10:03,2025-07-17
552,Isx70JVvq3,MOOSPMv3Parser,1752740400,3,3,3,5,5,4,4,5,5,4,643,197,2988,36,26,2,26,26,0,0,26,0,23,23,33,36,19.629,132,2,36.139011,-120.368324,177.921005,0,600,58,3,e00fce6876826e255108c6bd,2025-07-17 08:20:04,2025-07-17 08:20:04,2025-07-17 08:20:04,2025-07-17
564,08dALmdNha,MOOSPMv3Parser,1752741000,3,3,3,5,5,3,3,6,6,3,693,213,3010,41,26,3,26,26,0,0,26,0,23,23,36,37,18.189,171,2,36.139076,-120.368309,184.891998,5,600,58,3,e00fce6876826e255108c6bd,2025-07-17 08:30:03,2025-07-17 08:30:04,2025-07-17 08:30:04,2025-07-17
573,KnoOy9Vpw0,MOOSPMv3Parser,1752741600,3,3,3,5,5,3,3,6,6,3,689,213,3033,37,26,3,26,26,0,0,26,0,23,23,38,40,16.665,317,2,36.139008,-120.36834,183.878006,6,600,58,3,e00fce6876826e255108c6bd,2025-07-17 08:40:03,2025-07-17 08:40:03,2025-07-17 08:40:03,2025-07-17
581,epreH56uCa,MOOSPMv3Parser,1752742200,3,3,3,5,5,4,4,6,6,4,712,222,3056,38,27,3,27,27,0,0,27,0,23,22,38,40,15.649,386,1,36.139042,-120.368469,177.753998,6,600,58,3,e00fce6876826e255108c6bd,2025-07-17 08:50:03,2025-07-17 08:50:03,2025-07-17 08:50:03,2025-07-17
591,piTqZM5VhG,MOOSPMv3Parser,1752742800,3,3,3,5,5,4,4,5,5,4,698,215,3080,37,27,2,27,27,0,0,27,0,22,22,41,43,15.542,390,1,36.139206,-120.368385,208.095993,6,600,58,3,e00fce6876826e255108c6bd,2025-07-17 09:00:03,2025-07-17 09:00:04,2025-07-17 09:00:04,2025-07-17
1041,KB5te073ab,MOOSPMv3Parser,1752772800,2,2,201,3,3,592,910,3,3,1065,505,153,584,25,1202,2,1582,1661,0,0,1679,1,30,34,36,31,10.198,48,1,36.139015,-120.368446,162.352005,8,439,58,3,e00fce6876826e255108c6bd,2025-07-17 17:20:02,2025-07-17 17:20:02,2025-07-17 17:20:02,2025-07-17
1053,TlS5XwPsEp,MOOSPMv3Parser,1752773400,2,2,124,3,3,130,130,3,3,130,507,154,1274,25,973,1,977,977,0,0,977,0,31,35,33,30,13.207,81,2,36.138939,-120.368286,171.651001,8,600,58,3,e00fce6876826e255108c6bd,2025-07-17 17:30:02,2025-07-17 17:30:03,2025-07-17 17:30:03,2025-07-17
1069,kdQN7Q3bIt,MOOSPMv3Parser,1752774000,2,2,2,3,3,2,2,3,3,2,491,148,1288,21,15,1,15,15,0,0,15,0,32,36,33,29,15.121,94,3,36.13892,-120.368301,162.776001,7,600,58,3,e00fce6876826e255108c6bd,2025-07-17 17:40:04,2025-07-17 17:40:04,2025-07-17 17:40:04,2025-07-17
1082,ZG8A0J494H,MOOSPMv3Parser,1752774600,2,2,2,3,3,2,2,3,3,2,492,150,1299,21,13,1,13,13,0,0,13,0,33,37,32,28,15.87,101,2,36.139023,-120.368324,174.391998,9,600,58,3,e00fce6876826e255108c6bd,2025-07-17 17:50:03,2025-07-17 17:50:03,2025-07-17 17:50:03,2025-07-17
1093,JgxPFyUFvM,MOOSPMv3Parser,1752775200,2,2,2,3,3,2,2,3,3,2,476,144,1310,22,12,1,12,12,0,0,12,0,33,37,32,28,16.835,87,2,36.139069,-120.368584,150.078995,6,600,58,3,e00fce6876826e255108c6bd,2025-07-17 18:00:07,2025-07-17 18:00:07,2025-07-17 18:00:07,2025-07-17
1102,7fzZ6TYPvl,MOOSPMv3Parser,1752775800,1,1,2,2,2,2,2,3,3,2,456,139,1321,21,12,1,12,12,0,0,12,0,34,38,30,26,16.711,109,1,36.138992,-120.368454,169.686996,7,600,58,3,e00fce6876826e255108c6bd,2025-07-17 18:10:03,2025-07-17 18:10:03,2025-07-17 18:10:03,2025-07-17
1107,YPf1Xw8qpG,MOOSPMv3Parser,1752776400,2,2,1,2,2,2,2,3,3,2,461,140,1331,22,12,1,12,12,0,0,12,0,34,39,28,25,17.248,8,1,36.139023,-120.368462,161.567001,7,600,58,3,e00fce6876826e255108c6bd,2025-07-17 18:20:02,2025-07-17 18:20:02,2025-07-17 18:20:02,2025-07-17
1119,kxKC6h0570,MOOSPMv3Parser,1752777000,2,2,1,2,2,1,1,3,3,1,468,140,1341,19,11,1,11,11,0,0,11,0,35,39,28,25,17.922,10,1,36.139023,-120.368462,161.567993,0,600,58,3,e00fce6876826e255108c6bd,2025-07-17 18:30:02,2025-07-17 18:30:02,2025-07-17 18:30:02,2025-07-17
1131,huvVimDOOp,MOOSPMv3Parser,1752777600,1,1,1,2,2,1,1,2,2,1,432,131,1350,21,11,1,11,11,0,0,11,0,36,40,26,24,17.4,14,1,36.139019,-120.368378,197.207993,10,600,58,3,e00fce6876826e255108c6bd,2025-07-17 18:40:02,2025-07-17 18:40:03,2025-07-17 18:40:03,2025-07-17
1142,7woOBHSx65,MOOSPMv3Parser,1752778200,2,2,1,3,3,2,2,3,3,2,472,143,1360,22,12,1,12,12,0,0,12,0,36,40,24,22,18.392,12,1,36.13895,-120.368271,202.324997,7,600,58,3,e00fce6876826e255108c6bd,2025-07-17 18:50:03,2025-07-17 18:50:03,2025-07-17 18:50:03,2025-07-17
1151,nYyE2i3rGH,MOOSPMv3Parser,1752778800,2,2,2,3,3,2,2,3,3,2,494,150,1371,23,12,2,12,12,0,0,12,0,36,41,24,22,18.942,6,1,36.138966,-120.368233,194.233994,7,600,58,3,e00fce6876826e255108c6bd,2025-07-17 19:00:02,2025-07-17 19:00:02,2025-07-17 19:00:02,2025-07-17
1170,qD5TbTItzX,MOOSPMv3Parser,1752779400,1,1,2,2,2,2,2,3,3,2,457,138,1381,21,12,1,12,12,0,0,12,0,37,41,23,21,18.105,9,1,36.139027,-120.368393,178.910995,8,600,58,3,e00fce6876826e255108c6bd,2025-07-17 19:10:04,2025-07-17 19:10:04,2025-07-17 19:10:04,2025-07-17
1172,8IWY72uTlH,MOOSPMv3Parser,1752780000,2,2,2,3,3,2,2,3,3,2,496,151,1391,23,12,1,12,12,0,0,12,0,37,41,24,23,19.333,9,1,36.138882,-120.368187,210.783997,6,600,58,3,e00fce6876826e255108c6bd,2025-07-17 19:20:02,2025-07-17 19:20:02,2025-07-17 19:20:02,2025-07-17
1184,M6ABMQUdmN,MOOSPMv3Parser,1752780600,2,2,2,3,3,2,2,3,3,2,535,159,1402,22,12,1,12,12,0,0,12,0,37,41,24,22,19.664,7,1,36.139015,-120.368263,190.936005,7,600,58,3,e00fce6876826e255108c6bd,2025-07-17 19:30:02,2025-07-17 19:30:02,2025-07-17 19:30:02,2025-07-17
1196,s2MkMqHVWd,MOOSPMv3Parser,1752781200,2,2,2,3,3,2,2,4,4,2,530,162,1413,26,13,2,13,13,0,0,13,0,37,42,24,22,19.704,6,1,36.139034,-120.368401,187.026001,7,600,58,3,e00fce6876826e255108c6bd,2025-07-17 19:40:02,2025-07-17 19:40:03,2025-07-17 19:40:03,2025-07-17
1208,bPuHij0fiU,MOOSPMv3Parser,1752781800,2,2,2,3,3,2,2,3,3,2,529,161,1424,23,13,1,13,13,0,0,13,0,38,42,24,22,19.838,7,1,36.139103,-120.368378,182.373001,7,600,58,3,e00fce6876826e255108c6bd,2025-07-17 19:50:02,2025-07-17 19:50:03,2025-07-17 19:50:03,2025-07-17
1217,NTxA8YUKLH,MOOSPMv3Parser,1752782400,2,2,2,3,3,2,2,3,3,2,519,156,1436,23,13,1,13,13,0,0,13,0,38,42,22,21,19.793,7,1,36.139122,-120.368462,182.268997,7,600,58,3,e00fce6876826e255108c6bd,2025-07-17 20:00:02,2025-07-17 20:00:02,2025-07-17 20:00:02,2025-07-17
1228,iu5hKpweC6,MOOSPMv3Parser,1752783000,2,2,2,3,3,2,2,4,4,2,558,168,1448,22,13,1,13,13,0,0,13,0,38,42,23,21,20.93,6,1,36.139023,-120.368263,204.246994,6,600,58,3,e00fce6876826e255108c6bd,2025-07-17 20:10:02,2025-07-17 20:10:03,2025-07-17 20:10:03,2025-07-17
1240,P9m4MUCUH6,MOOSPMv3Parser,1752783600,2,2,2,3,3,2,2,4,4,2,576,174,1459,23,13,1,13,13,0,0,13,0,38,42,23,22,20.631,8,1,36.139023,-120.368263,204.244003,0,600,58,3,e00fce6876826e255108c6bd,2025-07-17 20:20:02,2025-07-17 20:20:02,2025-07-17 20:20:02,2025-07-17
1252,LT6kLfSFCn,MOOSPMv3Parser,1752784200,2,2,2,3,3,2,2,3,3,2,575,173,1471,24,14,1,14,14,0,0,14,0,39,43,23,22,19.933,9,1,36.139019,-120.368355,169.880005,6,600,58,3,e00fce6876826e255108c6bd,2025-07-17 20:30:02,2025-07-17 20:30:03,2025-07-17 20:30:03,2025-07-17
1262,HUXFHnFsCy,MOOSPMv3Parser,1752784800,2,2,2,3,3,2,2,3,3,2,594,178,1484,23,14,1,14,14,0,0,14,0,39,43,22,21,19.811,11,1,36.13903,-120.368416,169.725006,6,600,58,3,e00fce6876826e255108c6bd,2025-07-17 20:40:02,2025-07-17 20:40:02,2025-07-17 20:40:02,2025-07-17
1273,RmnfKAx2ja,MOOSPMv3Parser,1752785400,2,2,2,4,4,2,2,4,4,2,578,175,1496,26,14,1,14,14,0,0,14,0,39,43,22,21,20.269,11,1,36.13903,-120.368324,177.518997,6,600,58,3,e00fce6876826e255108c6bd,2025-07-17 20:50:02,2025-07-17 20:50:03,2025-07-17 20:50:03,2025-07-17
1285,DCDI2WNns1,MOOSPMv3Parser,1752786000,2,2,2,3,3,2,2,4,4,2,552,167,1508,26,14,1,14,14,0,0,14,0,39,43,22,21,20.354,11,1,36.13903,-120.36837,175.360001,6,600,58,3,e00fce6876826e255108c6bd,2025-07-17 21:00:03,2025-07-17 21:00:03,2025-07-17 21:00:03,2025-07-17
1297,pYQ6DjCmcQ,MOOSPMv3Parser,1752786600,2,2,2,4,4,2,2,4,4,2,612,184,1520,25,14,1,14,14,0,0,14,0,40,43,23,22,20.394,11,1,36.139023,-120.368385,177.343002,5,600,58,3,e00fce6876826e255108c6bd,2025-07-17 21:10:02,2025-07-17 21:10:03,2025-07-17 21:10:03,2025-07-17
1306,AAx5hkvkch,MOOSPMv3Parser,1752787200,2,2,2,3,3,2,2,4,4,2,585,174,1533,22,15,1,15,15,0,0,15,0,41,44,21,20,19.016,27,1,36.13903,-120.368492,175.154999,6,600,58,3,e00fce6876826e255108c6bd,2025-07-17 21:20:02,2025-07-17 21:20:03,2025-07-17 21:20:03,2025-07-17
1316,HaK2m4BiYI,MOOSPMv3Parser,1752787800,3,3,2,4,4,2,2,4,4,2,621,186,1546,25,15,2,15,15,0,0,15,0,40,44,21,20,21.067,19,1,36.139,-120.368355,173.388,5,600,58,3,e00fce6876826e255108c6bd,2025-07-17 21:30:02,2025-07-17 21:30:03,2025-07-17 21:30:03,2025-07-17
1329,2uuEOqCbMQ,MOOSPMv3Parser,1752788400,3,3,2,4,4,2,2,4,4,2,647,192,1559,30,15,1,15,15,0,0,15,0,40,44,23,21,20.961,17,1,36.139069,-120.368523,148.468994,5,600,58,3,e00fce6876826e255108c6bd,2025-07-17 21:40:02,2025-07-17 21:40:03,2025-07-17 21:40:03,2025-07-17
1340,ynwCiVK37Y,MOOSPMv3Parser,1752789000,3,3,2,4,4,2,2,4,4,2,659,198,1572,28,15,1,15,15,0,0,15,0,40,44,22,20,20.52,21,1,36.138988,-120.368385,165.593994,7,600,58,3,e00fce6876826e255108c6bd,2025-07-17 21:50:03,2025-07-17 21:50:03,2025-07-17 21:50:03,2025-07-17
1352,B5d8CTCpO2,MOOSPMv3Parser,1752789600,3,3,2,4,4,2,2,5,5,2,676,201,1585,29,15,2,15,15,0,0,15,0,41,45,21,20,19.739,28,1,36.139011,-120.36837,166.542007,7,600,58,3,e00fce6876826e255108c6bd,2025-07-17 22:00:03,2025-07-17 22:00:03,2025-07-17 22:00:03,2025-07-17
1361,ZnEbkRn9kB,MOOSPMv3Parser,1752790200,3,3,2,4,4,2,2,5,5,2,699,207,1599,31,16,2,16,16,0,0,16,0,41,45,21,20,20.915,26,1,36.139011,-120.36837,166.537994,0,600,58,3,e00fce6876826e255108c6bd,2025-07-17 22:10:02,2025-07-17 22:10:03,2025-07-17 22:10:03,2025-07-17
1373,ea7RQyATOq,MOOSPMv3Parser,1752790800,3,3,2,4,4,2,2,5,5,2,692,203,1613,29,16,2,16,16,0,0,16,0,41,45,20,20,21.064,23,1,36.139015,-120.368393,158.839996,6,600,58,3,e00fce6876826e255108c6bd,2025-07-17 22:20:02,2025-07-17 22:20:03,2025-07-17 22:20:03,2025-07-17
1384,wLFTXdBiQB,MOOSPMv3Parser,1752791400,3,3,2,4,4,2,2,4,4,2,702,207,1626,27,16,2,16,16,0,0,16,0,41,45,20,20,20.61,23,1,36.139015,-120.368195,159.757996,5,600,58,3,e00fce6876826e255108c6bd,2025-07-17 22:30:02,2025-07-17 22:30:02,2025-07-17 22:30:02,2025-07-17
1396,FcmR1aDNbr,MOOSPMv3Parser,1752792000,3,3,2,5,5,2,2,5,5,2,736,216,1641,31,17,3,17,17,0,0,17,0,41,45,20,20,21.026,21,1,36.139011,-120.368309,170.076996,6,600,58,3,e00fce6876826e255108c6bd,2025-07-17 22:40:03,2025-07-17 22:40:03,2025-07-17 22:40:03,2025-07-17
1403,LCeL42sdcv,MOOSPMv3Parser,1752792600,3,3,2,4,4,2,2,4,4,2,731,209,1655,29,16,1,16,16,0,0,16,0,42,45,20,20,20.39,28,1,36.13903,-120.368294,169.699997,6,600,58,3,e00fce6876826e255108c6bd,2025-07-17 22:50:02,2025-07-17 22:50:03,2025-07-17 22:50:03,2025-07-17
1417,5KPT1B9Ypj,MOOSPMv3Parser,1752793200,3,3,2,4,4,2,2,5,5,2,727,217,1669,30,16,1,16,16,0,0,16,0,42,45,20,20,20.432,27,1,36.139076,-120.368355,167.029007,6,600,58,3,e00fce6876826e255108c6bd,2025-07-17 23:00:02,2025-07-17 23:00:03,2025-07-17 23:00:03,2025-07-17
1427,BjZL6vowNA,MOOSPMv3Parser,1752793800,3,3,2,4,4,2,2,4,4,2,719,212,1684,28,17,1,17,17,0,0,17,0,42,45,20,20,21.089,22,1,36.138992,-120.368492,148.565994,5,600,58,3,e00fce6876826e255108c6bd,2025-07-17 23:10:02,2025-07-17 23:10:03,2025-07-17 23:10:03,2025-07-17
1438,BUd1eQo9j2,MOOSPMv3Parser,1752794400,3,3,2,5,5,2,2,5,5,2,741,220,1699,32,17,2,17,17,0,0,17,0,42,44,20,20,20.623,19,1,36.139091,-120.36837,156.746994,6,600,58,3,e00fce6876826e255108c6bd,2025-07-17 23:20:02,2025-07-17 23:20:03,2025-07-17 23:20:03,2025-07-17
1449,K7IDvtQP9Z,MOOSPMv3Parser,1752795000,3,3,2,5,5,2,2,5,5,2,767,228,1714,33,17,1,17,17,0,0,17,0,41,44,20,20,21.48,14,1,36.13903,-120.368286,175.908997,6,600,58,3,e00fce6876826e255108c6bd,2025-07-17 23:30:02,2025-07-17 23:30:03,2025-07-17 23:30:03,2025-07-17
1462,S2tJHTfi0w,MOOSPMv3Parser,1752795600,3,3,2,5,5,2,2,5,5,2,741,222,1730,32,18,2,18,18,0,0,18,0,41,44,20,20,21.884,12,1,36.139008,-120.368492,163.595001,5,600,58,3,e00fce6876826e255108c6bd,2025-07-17 23:40:03,2025-07-17 23:40:03,2025-07-17 23:40:03,2025-07-17
1472,vsaOlDZaRH,MOOSPMv3Parser,1752796200,3,3,2,5,5,2,2,5,5,2,737,221,1745,32,17,2,18,18,0,0,18,0,41,43,21,21,22.632,10,1,36.138977,-120.368385,156.033005,5,600,58,3,e00fce6876826e255108c6bd,2025-07-17 23:50:02,2025-07-17 23:50:03,2025-07-17 23:50:03,2025-07-17
5,UWA4KwSYlm,MOOSPMv3Parser,1752796800,3,3,2,5,5,2,2,5,5,2,736,220,1760,30,18,2,18,18,0,0,18,0,41,43,21,21,22.208,9,1,36.138977,-120.368385,156.035004,0,600,58,3,e00fce6876826e255108c6bd,2025-07-18 00:00:03,2025-07-18 00:00:03,2025-07-18 00:00:03,2025-07-18
15,27PikyY4Uj,MOOSPMv3Parser,1752797400,3,3,2,4,4,2,2,5,5,2,708,215,1775,31,17,1,18,18,0,0,18,0,40,42,21,22,23.055,7,1,36.138901,-120.368401,171.636002,10,600,58,3,e00fce6876826e255108c6bd,2025-07-18 00:10:03,2025-07-18 00:10:03,2025-07-18 00:10:03,2025-07-18
26,etJ6tABXHB,MOOSPMv3Parser,1752798000,3,3,2,5,5,2,2,5,5,2,723,217,1791,34,18,2,18,18,0,0,18,0,41,42,21,22,22.779,6,1,36.139034,-120.368347,162.136002,7,600,58,3,e00fce6876826e255108c6bd,2025-07-18 00:20:02,2025-07-18 00:20:03,2025-07-18 00:20:03,2025-07-18
40,FnpaNAigJM,MOOSPMv3Parser,1752798600,3,3,2,5,5,3,3,6,6,3,742,224,1808,33,19,3,19,19,1,0,19,0,40,42,21,22,23.028,6,2,36.138954,-120.368408,187.229004,7,600,58,3,e00fce6876826e255108c6bd,2025-07-18 00:30:03,2025-07-18 00:30:03,2025-07-18 00:30:03,2025-07-18
48,3VmE6oJuWW,MOOSPMv3Parser,1752799200,3,3,2,5,5,2,2,5,5,2,741,224,1823,30,18,2,18,18,0,0,18,0,40,41,21,23,22.733,6,2,36.138912,-120.36837,158.399994,9,600,58,3,e00fce6876826e255108c6bd,2025-07-18 00:40:02,2025-07-18 00:40:03,2025-07-18 00:40:03,2025-07-18
57,e4ZvmCCd8A,MOOSPMv3Parser,1752799800,3,3,2,5,5,3,3,5,5,3,721,220,1840,32,19,2,19,19,0,0,19,0,40,41,22,23,23.026,6,2,36.138988,-120.368347,180.748993,6,600,58,3,e00fce6876826e255108c6bd,2025-07-18 00:50:02,2025-07-18 00:50:03,2025-07-18 00:50:03,2025-07-18
70,36zDAG4yD9,MOOSPMv3Parser,1752800400,3,3,2,4,4,3,3,5,5,3,717,215,1856,31,19,1,19,19,0,0,19,0,40,40,22,24,23.62,5,2,36.138905,-120.368431,141.570007,5,600,58,3,e00fce6876826e255108c6bd,2025-07-18 01:00:03,2025-07-18 01:00:03,2025-07-18 01:00:03,2025-07-18
82,FaMdnGvDov,MOOSPMv3Parser,1752801000,3,3,2,5,5,3,3,5,5,3,706,213,1873,32,19,2,19,19,0,0,19,0,39,40,22,24,23.712,5,2,36.138901,-120.368248,163.197998,7,600,58,3,e00fce6876826e255108c6bd,2025-07-18 01:10:03,2025-07-18 01:10:03,2025-07-18 01:10:03,2025-07-18
94,5fgmKg7aN4,MOOSPMv3Parser,1752801600,3,3,2,5,5,3,3,5,5,3,727,220,1890,33,20,2,20,20,0,0,20,0,39,39,23,24,23.386,6,2,36.138958,-120.368401,213.182999,7,600,58,3,e00fce6876826e255108c6bd,2025-07-18 01:20:03,2025-07-18 01:20:03,2025-07-18 01:20:03,2025-07-18
103,IMxrlMUu5M,MOOSPMv3Parser,1752802200,3,3,2,5,5,3,3,6,6,3,755,229,1906,34,19,2,19,19,0,0,19,0,39,39,23,25,23.542,6,3,36.139076,-120.368523,179.959,6,600,58,3,e00fce6876826e255108c6bd,2025-07-18 01:30:03,2025-07-18 01:30:03,2025-07-18 01:30:03,2025-07-18
113,fXQAHipyeU,MOOSPMv3Parser,1752802800,3,3,3,5,5,3,3,5,5,3,726,222,1924,31,20,1,20,20,0,0,20,0,39,39,23,25,23.438,6,3,36.138988,-120.368439,184.901001,6,600,58,3,e00fce6876826e255108c6bd,2025-07-18 01:40:03,2025-07-18 01:40:03,2025-07-18 01:40:03,2025-07-18
126,3PNDALnhF9,MOOSPMv3Parser,1752803400,3,3,2,4,4,3,3,5,5,3,708,215,1940,30,19,1,19,19,0,0,19,0,38,38,24,26,23.919,6,3,36.138988,-120.368439,184.904999,0,600,58,3,e00fce6876826e255108c6bd,2025-07-18 01:50:02,2025-07-18 01:50:03,2025-07-18 01:50:03,2025-07-18
138,VXVzqeN5x4,MOOSPMv3Parser,1752804000,4,4,3,5,5,3,3,6,6,3,745,226,1958,34,20,2,20,20,0,0,20,0,38,38,25,27,23.426,6,3,36.139015,-120.368347,197.845993,6,600,58,3,e00fce6876826e255108c6bd,2025-07-18 02:00:03,2025-07-18 02:00:03,2025-07-18 02:00:03,2025-07-18
149,Bj229A9szG,MOOSPMv3Parser,1752804600,4,4,3,5,5,3,3,5,5,3,760,232,1976,29,21,2,21,21,0,0,21,0,37,38,26,28,23.689,7,4,36.139088,-120.368439,153.578995,7,600,58,3,e00fce6876826e255108c6bd,2025-07-18 02:10:03,2025-07-18 02:10:03,2025-07-18 02:10:03,2025-07-18
158,9KlDD41yQD,MOOSPMv3Parser,1752805200,3,3,3,5,5,3,3,6,6,3,741,226,1994,33,21,3,21,21,0,0,21,0,36,37,26,28,24.494,7,4,36.139038,-120.368385,178.244003,6,600,58,3,e00fce6876826e255108c6bd,2025-07-18 02:20:03,2025-07-18 02:20:03,2025-07-18 02:20:03,2025-07-18
170,2gSUdSTx8X,MOOSPMv3Parser,1752805800,3,3,3,5,5,3,3,5,5,3,772,233,2014,33,23,2,23,23,0,0,23,0,36,36,27,28,24.998,6,4,36.139038,-120.36824,194.847,5,600,58,3,e00fce6876826e255108c6bd,2025-07-18 02:30:02,2025-07-18 02:30:03,2025-07-18 02:30:03,2025-07-18
182,lDkIA6Twgm,MOOSPMv3Parser,1752806400,4,4,3,5,5,3,3,6,6,3,768,235,2032,36,21,2,21,21,0,0,21,0,35,36,28,29,24.551,7,5,36.139061,-120.368324,173.126999,7,600,58,3,e00fce6876826e255108c6bd,2025-07-18 02:40:03,2025-07-18 02:40:03,2025-07-18 02:40:03,2025-07-18
191,CXo5oYBGxj,MOOSPMv3Parser,1752807000,4,4,3,5,5,3,3,6,6,3,802,244,2051,37,22,2,22,22,0,0,22,0,34,35,28,29,24.329,7,5,36.139153,-120.368515,183.223999,7,600,58,3,e00fce6876826e255108c6bd,2025-07-18 02:50:03,2025-07-18 02:50:03,2025-07-18 02:50:03,2025-07-18
203,fSlEwQ6pia,MOOSPMv3Parser,1752807600,4,4,3,5,5,3,3,5,5,3,758,233,2071,36,23,1,23,23,0,0,23,0,34,35,29,30,24.596,8,5,36.13913,-120.368233,204.397003,7,600,58,3,e00fce6876826e255108c6bd,2025-07-18 03:00:03,2025-07-18 03:00:03,2025-07-18 03:00:03,2025-07-18
220,0bHfVt0C2H,MOOSPMv3Parser,1752808200,4,4,3,6,6,3,3,6,6,3,809,249,2092,41,24,3,24,24,0,0,24,0,33,34,29,30,23.868,9,6,36.139046,-120.368378,185.576996,6,600,58,3,e00fce6876826e255108c6bd,2025-07-18 03:10:03,2025-07-18 03:10:03,2025-07-18 03:10:03,2025-07-18
226,OAgJlhtai3,MOOSPMv3Parser,1752808800,4,4,3,6,6,3,3,6,6,3,788,241,2113,36,25,2,25,25,0,0,25,0,33,34,30,31,23.783,11,6,36.139069,-120.368553,168.376999,6,600,58,3,e00fce6876826e255108c6bd,2025-07-18 03:20:03,2025-07-18 03:20:03,2025-07-18 03:20:03,2025-07-18
236,nmQcZRNsAd,MOOSPMv3Parser,1752809400,4,4,3,6,6,3,3,6,6,3,811,248,2135,38,25,2,25,25,0,0,25,0,32,33,30,31,24.482,10,6,36.139145,-120.368225,196.951996,6,600,58,3,e00fce6876826e255108c6bd,2025-07-18 03:30:03,2025-07-18 03:30:03,2025-07-18 03:30:03,2025-07-18
248,Ex6Nn3EdAo,MOOSPMv3Parser,1752810000,3,3,3,5,5,3,3,6,6,3,766,233,2157,40,25,3,25,25,0,0,25,0,32,33,29,31,24.407,10,6,36.139145,-120.368225,196.955002,0,600,58,3,e00fce6876826e255108c6bd,2025-07-18 03:40:03,2025-07-18 03:40:03,2025-07-18 03:40:03,2025-07-18
264,VAz0nvz8OB,MOOSPMv3Parser,1752810600,2,2,2,3,3,2,2,4,4,2,571,174,2172,26,17,1,18,18,0,0,18,0,32,32,21,23,22.906,11,6,36.139111,-120.368385,178.302994,6,600,58,3,e00fce6876826e255108c6bd,2025-07-18 03:50:07,2025-07-18 03:50:07,2025-07-18 03:50:07,2025-07-18
269,NCqufPTweU,MOOSPMv3Parser,1752811200,1,1,2,2,2,2,2,2,2,2,390,119,2182,20,12,1,12,12,0,0,12,0,32,32,21,23,22.181,15,5,36.139034,-120.36837,188.186996,6,600,58,3,e00fce6876826e255108c6bd,2025-07-18 04:00:03,2025-07-18 04:00:03,2025-07-18 04:00:03,2025-07-18
282,GJZbGNvd1S,MOOSPMv3Parser,1752811800,1,1,2,2,2,2,2,2,2,2,353,106,2193,17,12,1,12,12,0,0,12,0,32,31,21,23,22.462,18,4,36.138996,-120.368195,188.397003,6,600,58,3,e00fce6876826e255108c6bd,2025-07-18 04:10:03,2025-07-18 04:10:03,2025-07-18 04:10:03,2025-07-18
290,JLIiV4Fvvq,MOOSPMv3Parser,1752812400,1,1,2,2,2,2,2,2,2,2,353,109,2203,17,12,1,12,12,0,0,12,0,31,31,23,25,21.669,16,5,36.139042,-120.368294,184.406006,6,600,58,3,e00fce6876826e255108c6bd,2025-07-18 04:20:03,2025-07-18 04:20:03,2025-07-18 04:20:03,2025-07-18
303,sEpVHwoQ5b,MOOSPMv3Parser,1752813000,1,1,1,2,2,1,1,3,3,1,384,116,2212,19,11,2,11,11,0,0,11,0,31,31,24,26,22.058,15,5,36.139057,-120.368317,193.574997,7,600,58,3,e00fce6876826e255108c6bd,2025-07-18 04:30:03,2025-07-18 04:30:03,2025-07-18 04:30:03,2025-07-18
319,rCzCFsDBqP,MOOSPMv3Parser,1752813600,1,1,2,2,2,2,2,2,2,2,396,121,2223,16,12,1,12,12,0,0,12,0,31,30,26,28,22.087,14,5,36.139023,-120.368271,201.557007,7,600,58,3,e00fce6876826e255108c6bd,2025-07-18 04:40:03,2025-07-18 04:40:04,2025-07-18 04:40:04,2025-07-18
324,rekotaZB4d,MOOSPMv3Parser,1752814200,1,1,2,2,2,2,2,2,2,2,381,116,2233,18,12,2,12,12,0,0,12,0,30,30,26,28,21.937,15,5,36.13903,-120.368362,203.449005,6,600,58,3,e00fce6876826e255108c6bd,2025-07-18 04:50:03,2025-07-18 04:50:03,2025-07-18 04:50:03,2025-07-18
334,h6Fgwv3jrE,MOOSPMv3Parser,1752814800,1,1,2,2,2,2,2,2,2,2,401,125,2244,19,13,1,13,13,0,0,13,0,30,30,26,29,21.77,17,5,36.139057,-120.368362,197.679001,5,600,58,3,e00fce6876826e255108c6bd,2025-07-18 05:00:03,2025-07-18 05:00:03,2025-07-18 05:00:03,2025-07-18
351,w4qg9HJ9D4,MOOSPMv3Parser,1752815400,1,1,2,2,2,2,2,2,2,2,377,115,2254,17,12,1,12,12,0,0,12,0,30,30,27,29,21.116,23,5,36.139038,-120.368347,198.472,7,600,58,3,e00fce6876826e255108c6bd,2025-07-18 05:10:03,2025-07-18 05:10:03,2025-07-18 05:10:03,2025-07-18
357,EeNAgeUvdj,MOOSPMv3Parser,1752816000,1,1,2,2,2,2,2,2,2,2,400,122,2265,19,13,1,13,13,0,0,13,0,29,29,27,29,21.472,28,4,36.139004,-120.368416,161.951996,7,600,58,3,e00fce6876826e255108c6bd,2025-07-18 05:20:03,2025-07-18 05:20:03,2025-07-18 05:20:03,2025-07-18
369,9z7pNAATaP,MOOSPMv3Parser,1752816600,1,1,2,2,2,2,2,2,2,2,400,123,2277,20,14,1,14,14,0,0,14,0,29,29,29,32,20.969,20,5,36.139004,-120.368416,161.951996,0,600,58,3,e00fce6876826e255108c6bd,2025-07-18 05:30:03,2025-07-18 05:30:03,2025-07-18 05:30:03,2025-07-18
381,HoXF3i9nho,MOOSPMv3Parser,1752817200,1,1,2,2,2,2,2,2,2,2,400,123,2288,19,13,1,13,13,0,0,13,0,29,29,29,31,21.43,26,4,36.139011,-120.368362,162.320007,8,600,58,3,e00fce6876826e255108c6bd,2025-07-18 05:40:03,2025-07-18 05:40:03,2025-07-18 05:40:03,2025-07-18
394,dycgVm7eS5,MOOSPMv3Parser,1752817800,1,1,2,2,2,2,2,2,2,2,391,120,2300,18,13,1,13,13,0,0,13,0,29,28,30,32,20.677,35,4,36.138973,-120.368423,144.871002,5,600,58,3,e00fce6876826e255108c6bd,2025-07-18 05:50:03,2025-07-18 05:50:03,2025-07-18 05:50:03,2025-07-18
406,SnyAeWqHTA,MOOSPMv3Parser,1752818400,1,1,2,2,2,2,2,2,2,2,391,119,2310,21,13,1,13,13,0,0,13,0,28,28,30,32,20.479,32,4,36.138988,-120.368416,170.003998,8,600,58,3,e00fce6876826e255108c6bd,2025-07-18 06:00:03,2025-07-18 06:00:03,2025-07-18 06:00:03,2025-07-18
414,2vtZmFgDJA,MOOSPMv3Parser,1752819000,1,1,2,2,2,2,2,3,3,2,403,124,2322,20,13,2,13,13,0,0,13,0,28,28,30,32,20.444,53,3,36.139015,-120.36834,181.990005,8,600,58,3,e00fce6876826e255108c6bd,2025-07-18 06:10:03,2025-07-18 06:10:03,2025-07-18 06:10:03,2025-07-18
425,P1dKCj9BYG,MOOSPMv3Parser,1752819600,1,1,2,2,2,2,2,3,3,2,421,128,2334,20,14,1,14,14,0,0,14,0,28,27,31,33,19.286,82,3,36.139042,-120.368378,183.835007,8,600,58,3,e00fce6876826e255108c6bd,2025-07-18 06:20:03,2025-07-18 06:20:03,2025-07-18 06:20:03,2025-07-18
436,dtmUEaFfcb,MOOSPMv3Parser,1752820200,2,2,2,3,3,2,2,3,3,2,452,136,2348,22,16,1,16,16,0,0,16,0,27,27,31,33,18.371,103,2,36.138969,-120.368324,181.022003,7,600,58,3,e00fce6876826e255108c6bd,2025-07-18 06:30:03,2025-07-18 06:30:03,2025-07-18 06:30:03,2025-07-18
451,CdGlwQFGH9,MOOSPMv3Parser,1752820800,1,1,2,2,2,2,2,3,3,2,437,134,2361,22,15,2,15,15,0,0,15,0,27,27,31,33,18.432,97,2,36.139095,-120.368324,182.365997,7,600,58,3,e00fce6876826e255108c6bd,2025-07-18 06:40:09,2025-07-18 06:40:09,2025-07-18 06:40:09,2025-07-18
458,kSGSha2OHR,MOOSPMv3Parser,1752821400,2,2,2,3,3,2,2,3,3,2,457,140,2375,24,16,2,16,16,0,0,16,0,27,26,33,35,17.74,159,2,36.139008,-120.368286,167.345001,7,600,58,3,e00fce6876826e255108c6bd,2025-07-18 06:50:03,2025-07-18 06:50:03,2025-07-18 06:50:03,2025-07-18
472,2vLC5uHuvz,MOOSPMv3Parser,1752822000,2,2,2,3,3,2,2,3,3,2,451,138,2388,21,15,1,15,15,0,0,15,0,26,26,37,39,16.818,235,1,36.139111,-120.368546,136.593994,5,600,58,3,e00fce6876826e255108c6bd,2025-07-18 07:00:04,2025-07-18 07:00:05,2025-07-18 07:00:05,2025-07-18
479,KQXL9jWURv,MOOSPMv3Parser,1752822600,1,1,2,2,2,2,2,3,3,2,418,127,2401,22,15,2,15,15,0,0,15,0,26,26,37,38,15.619,235,1,36.139153,-120.368515,150.414001,7,600,58,3,e00fce6876826e255108c6bd,2025-07-18 07:10:03,2025-07-18 07:10:03,2025-07-18 07:10:03,2025-07-18
494,PJT3FdILwQ,MOOSPMv3Parser,1752823200,2,2,2,3,3,2,2,3,3,2,473,145,2413,22,15,1,15,15,0,0,15,0,25,25,36,37,16.082,258,1,36.139153,-120.368515,150.410995,0,600,58,3,e00fce6876826e255108c6bd,2025-07-18 07:20:03,2025-07-18 07:20:03,2025-07-18 07:20:03,2025-07-18
500,mMcw7SFApI,MOOSPMv3Parser,1752823800,2,2,2,3,3,2,2,3,3,2,467,144,2427,23,16,2,16,16,0,0,16,0,25,25,34,36,15.989,243,1,36.139023,-120.368332,160.035995,5,600,58,3,e00fce6876826e255108c6bd,2025-07-18 07:30:03,2025-07-18 07:30:03,2025-07-18 07:30:03,2025-07-18
510,OUXDXFyWb2,MOOSPMv3Parser,1752824400,1,1,2,3,3,2,2,3,3,2,424,129,2442,21,17,2,17,17,0,0,17,0,25,25,35,36,15.923,238,1,36.138981,-120.368263,186.569,7,600,58,3,e00fce6876826e255108c6bd,2025-07-18 07:40:03,2025-07-18 07:40:03,2025-07-18 07:40:03,2025-07-18
522,AmiYFwTrWi,MOOSPMv3Parser,1752825000,2,2,2,3,3,2,2,3,3,2,445,137,2454,21,15,2,15,15,0,0,15,0,25,25,36,37,14.537,350,1,36.138947,-120.368385,169.201996,5,600,58,3,e00fce6876826e255108c6bd,2025-07-18 07:50:03,2025-07-18 07:50:03,2025-07-18 07:50:03,2025-07-18
534,n3cfRjdQXY,MOOSPMv3Parser,1752825600,1,1,2,2,2,2,2,3,3,2,413,126,2466,19,14,2,14,14,0,0,14,0,24,24,35,36,14.91,362,1,36.139004,-120.368263,187.669998,7,600,58,3,e00fce6876826e255108c6bd,2025-07-18 08:00:04,2025-07-18 08:00:04,2025-07-18 08:00:04,2025-07-18
542,F9rAK8G45S,MOOSPMv3Parser,1752826200,1,1,2,3,3,2,2,3,3,2,438,134,2479,22,15,2,15,15,0,0,15,0,24,24,38,39,15.488,315,1,36.139038,-120.368362,170.539001,7,600,58,3,e00fce6876826e255108c6bd,2025-07-18 08:10:03,2025-07-18 08:10:03,2025-07-18 08:10:03,2025-07-18
552,Vxd49eL3Hb,MOOSPMv3Parser,1752826800,1,1,2,3,3,2,2,3,3,2,409,127,2493,21,16,1,16,16,0,0,16,0,24,24,39,41,14.34,331,1,36.138714,-120.36824,165.057007,7,600,58,3,e00fce6876826e255108c6bd,2025-07-18 08:20:03,2025-07-18 08:20:03,2025-07-18 08:20:03,2025-07-18
561,MdGrR8i3at,MOOSPMv3Parser,1752827400,2,2,2,3,3,2,2,3,3,2,457,140,2507,25,16,2,16,16,0,0,16,0,24,23,42,43,13.353,370,1,36.138947,-120.368279,178.888,6,600,58,3,e00fce6876826e255108c6bd,2025-07-18 08:30:03,2025-07-18 08:30:03,2025-07-18 08:30:03,2025-07-18
575,jfuRrykfPA,MOOSPMv3Parser,1752828000,1,1,2,2,2,2,2,3,3,2,429,131,2521,19,16,2,16,16,0,0,16,0,23,23,40,42,12.379,403,1,36.139683,-120.368462,257.647003,6,600,58,3,e00fce6876826e255108c6bd,2025-07-18 08:40:04,2025-07-18 08:40:05,2025-07-18 08:40:05,2025-07-18
585,v7wfhuqIYl,MOOSPMv3Parser,1752828600,1,1,2,3,3,2,2,3,3,2,439,134,2535,24,16,1,16,16,0,0,16,0,23,23,39,41,14.121,381,1,36.138977,-120.368385,167.968994,6,600,58,3,e00fce6876826e255108c6bd,2025-07-18 08:50:04,2025-07-18 08:50:04,2025-07-18 08:50:04,2025-07-18
591,NN5ClnfNXF,MOOSPMv3Parser,1752829200,2,2,2,3,3,2,2,4,4,2,463,143,2549,25,16,2,16,16,0,0,16,0,23,23,38,41,14.432,329,1,36.139149,-120.368423,190.988007,5,600,58,3,e00fce6876826e255108c6bd,2025-07-18 09:00:03,2025-07-18 09:00:03,2025-07-18 09:00:03,2025-07-18
1047,vPN4VKw5Dp,MOOSPMv3Parser,1752859201,3,3,212,5,5,569,859,5,5,1001,717,221,738,36,1315,2,1662,1734,0,0,1750,1,33,36,28,27,11.085,38,2,36.139046,-120.368355,186.130005,11,470,58,3,e00fce6876826e255108c6bd,2025-07-18 17:20:02,2025-07-18 17:20:03,2025-07-18 17:20:03,2025-07-18
1058,quwxwFiB6d,MOOSPMv3Parser,1752859801,4,4,108,5,5,113,113,6,6,113,809,247,1315,38,846,1,849,849,0,0,849,0,34,37,27,26,15.847,77,4,36.138962,-120.368309,163.255997,8,600,58,3,e00fce6876826e255108c6bd,2025-07-18 17:30:03,2025-07-18 17:30:03,2025-07-18 17:30:03,2025-07-18
1069,0eU1wiCvZk,MOOSPMv3Parser,1752860401,4,4,4,6,6,4,4,7,7,4,908,278,1339,42,28,2,28,28,0,0,28,0,35,38,28,27,16.431,102,4,36.138966,-120.368294,164.311996,8,600,58,3,e00fce6876826e255108c6bd,2025-07-18 17:40:03,2025-07-18 17:40:03,2025-07-18 17:40:03,2025-07-18
1079,N5tMjMLPwm,MOOSPMv3Parser,1752861001,4,4,3,6,6,3,3,7,7,3,879,269,1360,40,24,3,24,24,0,0,24,0,35,39,27,25,16.859,89,2,36.139107,-120.368416,170.395004,7,600,58,3,e00fce6876826e255108c6bd,2025-07-18 17:50:03,2025-07-18 17:50:03,2025-07-18 17:50:03,2025-07-18
1091,q3Hr2Ehoad,MOOSPMv3Parser,1752861601,5,5,3,7,7,3,3,7,7,3,940,288,1382,45,26,2,26,26,0,0,26,0,36,40,25,24,17.888,91,2,36.138954,-120.368393,184.912003,7,600,58,3,e00fce6876826e255108c6bd,2025-07-18 18:00:03,2025-07-18 18:00:03,2025-07-18 18:00:03,2025-07-18
1102,yBEfF3T6C0,MOOSPMv3Parser,1752862201,5,5,3,7,7,4,4,7,7,4,957,291,1405,44,26,2,26,26,0,0,26,0,36,40,25,23,18.352,60,1,36.138996,-120.368263,181.427002,8,600,58,3,e00fce6876826e255108c6bd,2025-07-18 18:10:03,2025-07-18 18:10:03,2025-07-18 18:10:03,2025-07-18
1113,5nwLXcWglw,MOOSPMv3Parser,1752862801,4,4,3,6,6,3,3,7,7,3,902,276,1426,42,24,3,24,24,0,0,24,0,36,41,26,24,18.8,32,1,36.139015,-120.368279,185.781006,7,600,58,3,e00fce6876826e255108c6bd,2025-07-18 18:20:03,2025-07-18 18:20:03,2025-07-18 18:20:03,2025-07-18
1124,xHIjCrdFFs,MOOSPMv3Parser,1752863401,5,5,3,7,7,3,3,8,8,3,987,301,1446,46,24,4,24,24,0,0,24,0,37,41,25,23,18.958,20,1,36.139015,-120.368279,185.785004,0,600,58,3,e00fce6876826e255108c6bd,2025-07-18 18:30:03,2025-07-18 18:30:03,2025-07-18 18:30:03,2025-07-18
1135,Km82klwrxG,MOOSPMv3Parser,1752864001,5,5,3,7,7,3,3,8,8,3,1017,309,1468,47,25,2,25,25,0,0,25,0,37,41,25,23,19.447,11,1,36.139019,-120.368378,179.007996,9,600,58,3,e00fce6876826e255108c6bd,2025-07-18 18:40:03,2025-07-18 18:40:03,2025-07-18 18:40:03,2025-07-18
1146,FzHUn4I0fw,MOOSPMv3Parser,1752864601,4,4,3,6,6,3,3,7,7,3,943,287,1490,41,25,3,25,25,0,0,25,0,37,41,25,23,19.773,10,1,36.139076,-120.368294,163.604996,7,600,58,3,e00fce6876826e255108c6bd,2025-07-18 18:50:03,2025-07-18 18:50:03,2025-07-18 18:50:03,2025-07-18
1156,ceKCGMhrGE,MOOSPMv3Parser,1752865201,5,5,3,7,7,3,3,7,7,3,979,298,1510,41,24,3,24,24,0,0,24,0,37,42,25,23,19.663,17,1,36.139095,-120.368355,164.072998,7,600,58,3,e00fce6876826e255108c6bd,2025-07-18 19:00:03,2025-07-18 19:00:03,2025-07-18 19:00:03,2025-07-18
1168,flJWYpGpVi,MOOSPMv3Parser,1752865801,5,5,3,7,7,3,3,7,7,3,1005,308,1532,42,25,2,25,25,0,0,25,0,38,42,24,23,19.567,17,1,36.139015,-120.368408,172.046997,8,600,58,3,e00fce6876826e255108c6bd,2025-07-18 19:10:03,2025-07-18 19:10:03,2025-07-18 19:10:03,2025-07-18
1179,xcB1kre2hK,MOOSPMv3Parser,1752866401,5,5,3,7,7,3,3,7,7,3,967,293,1553,39,24,2,24,24,0,0,24,0,38,42,24,23,19.842,11,1,36.139027,-120.368233,175.798996,7,600,58,3,e00fce6876826e255108c6bd,2025-07-18 19:20:03,2025-07-18 19:20:03,2025-07-18 19:20:03,2025-07-18
1190,EKahWe5Dhy,MOOSPMv3Parser,1752867001,5,5,3,7,7,3,3,7,7,3,994,304,1574,44,24,2,24,24,0,0,24,0,38,42,24,23,20.262,9,1,36.139069,-120.368027,187.141998,7,600,58,3,e00fce6876826e255108c6bd,2025-07-18 19:30:03,2025-07-18 19:30:03,2025-07-18 19:30:03,2025-07-18
1203,VExIOXx20c,MOOSPMv3Parser,1752867601,5,5,3,7,7,3,3,7,7,3,1016,308,1595,44,25,2,25,25,0,0,25,0,39,43,23,21,20.44,8,1,36.138981,-120.368294,173.134995,6,600,58,3,e00fce6876826e255108c6bd,2025-07-18 19:40:04,2025-07-18 19:40:04,2025-07-18 19:40:04,2025-07-18
1213,i9OT9rk508,MOOSPMv3Parser,1752868201,5,5,3,7,7,3,3,8,8,3,1048,316,1616,45,24,2,24,24,0,0,24,0,39,43,23,22,20.05,11,1,36.139114,-120.368378,157.242996,6,600,58,3,e00fce6876826e255108c6bd,2025-07-18 19:50:03,2025-07-18 19:50:03,2025-07-18 19:50:03,2025-07-18
1224,48NpUlAvve,MOOSPMv3Parser,1752868801,5,5,3,7,7,3,3,7,7,3,1040,314,1639,44,26,2,26,26,0,0,26,0,40,44,22,21,19.813,22,1,36.139118,-120.36834,137.923996,6,600,58,3,e00fce6876826e255108c6bd,2025-07-18 20:00:03,2025-07-18 20:00:03,2025-07-18 20:00:03,2025-07-18
1237,qEB8H9FdJ3,MOOSPMv3Parser,1752869401,5,5,3,7,7,3,3,8,8,3,1042,317,1660,46,25,2,25,25,0,0,25,0,40,44,22,21,20.485,19,1,36.138996,-120.368362,163.488998,10,600,58,3,e00fce6876826e255108c6bd,2025-07-18 20:10:04,2025-07-18 20:10:04,2025-07-18 20:10:04,2025-07-18
1246,tLvca8n82d,MOOSPMv3Parser,1752870001,5,5,3,7,7,3,3,7,7,3,1013,307,1681,43,24,1,24,24,0,0,24,0,40,44,22,21,21.231,19,1,36.138996,-120.368362,163.492996,0,600,58,3,e00fce6876826e255108c6bd,2025-07-18 20:20:03,2025-07-18 20:20:04,2025-07-18 20:20:04,2025-07-18
1257,XFuXJZW8Vm,MOOSPMv3Parser,1752870601,5,5,3,7,7,3,3,7,7,3,1014,307,1701,42,23,1,23,23,0,0,23,0,40,44,23,22,20.812,13,1,36.139015,-120.368294,161.535004,7,600,58,3,e00fce6876826e255108c6bd,2025-07-18 20:30:03,2025-07-18 20:30:03,2025-07-18 20:30:03,2025-07-18
1268,QnBm5F7rH0,MOOSPMv3Parser,1752871201,5,5,3,7,7,3,3,7,7,3,987,296,1721,42,23,3,23,23,0,0,23,0,41,44,22,21,20.25,19,1,36.139011,-120.368423,161.199005,7,600,58,3,e00fce6876826e255108c6bd,2025-07-18 20:40:03,2025-07-18 20:40:03,2025-07-18 20:40:03,2025-07-18
1278,J6OpMgcMon,MOOSPMv3Parser,1752871801,5,5,3,7,7,3,3,7,7,3,1024,306,1741,45,23,2,23,23,0,0,23,0,41,45,21,20,20.857,19,1,36.139008,-120.368309,168.856003,8,600,58,3,e00fce6876826e255108c6bd,2025-07-18 20:50:03,2025-07-18 20:50:03,2025-07-18 20:50:03,2025-07-18
1289,9pwZ0j12l7,MOOSPMv3Parser,1752872401,5,5,3,7,7,3,3,7,7,3,1012,304,1762,43,24,2,24,24,0,0,24,0,41,45,21,21,21.176,16,1,36.139019,-120.36821,181.416,7,600,58,3,e00fce6876826e255108c6bd,2025-07-18 21:00:03,2025-07-18 21:00:03,2025-07-18 21:00:03,2025-07-18
1301,dMOElRwqdl,MOOSPMv3Parser,1752873001,5,5,3,7,7,3,3,7,7,3,1030,309,1782,44,22,2,22,22,0,0,22,0,41,45,21,20,21.195,17,1,36.139042,-120.368309,169.802002,8,600,58,3,e00fce6876826e255108c6bd,2025-07-18 21:10:03,2025-07-18 21:10:03,2025-07-18 21:10:03,2025-07-18
1311,cDu11QVsCd,MOOSPMv3Parser,1752873601,5,5,3,7,7,3,3,7,7,3,1011,305,1801,43,23,1,23,23,0,0,23,0,41,45,21,20,21.159,15,1,36.139061,-120.368553,155.121994,7,600,58,3,e00fce6876826e255108c6bd,2025-07-18 21:20:03,2025-07-18 21:20:03,2025-07-18 21:20:03,2025-07-18
1322,EjbwalWcR5,MOOSPMv3Parser,1752874201,5,5,3,7,7,3,3,7,7,3,1010,302,1822,43,24,3,24,24,0,0,24,0,41,45,21,20,21.397,18,1,36.13903,-120.368233,167.084,7,600,58,3,e00fce6876826e255108c6bd,2025-07-18 21:30:03,2025-07-18 21:30:03,2025-07-18 21:30:03,2025-07-18
1332,9gDUm5zJLs,MOOSPMv3Parser,1752874801,5,5,3,6,6,3,3,7,7,3,1006,298,1843,42,23,2,23,23,0,0,23,0,42,46,20,20,20.76,30,1,36.13905,-120.368309,172.707001,6,600,58,3,e00fce6876826e255108c6bd,2025-07-18 21:40:03,2025-07-18 21:40:03,2025-07-18 21:40:03,2025-07-18
1345,m6SLOFFAOn,MOOSPMv3Parser,1752875401,5,5,3,7,7,3,3,7,7,3,1072,316,1863,42,24,3,24,24,0,0,24,0,42,46,20,20,20.588,37,1,36.138988,-120.368401,161.815994,6,600,58,3,e00fce6876826e255108c6bd,2025-07-18 21:50:03,2025-07-18 21:50:03,2025-07-18 21:50:03,2025-07-18
1355,2BLLKCzcOj,MOOSPMv3Parser,1752876001,5,5,3,7,7,3,3,7,7,3,1072,315,1884,45,23,2,23,23,0,0,23,0,42,46,20,19,21.304,34,1,36.139023,-120.36837,163.977005,7,600,58,3,e00fce6876826e255108c6bd,2025-07-18 22:00:03,2025-07-18 22:00:03,2025-07-18 22:00:03,2025-07-18
1369,v5m2u4GfNe,MOOSPMv3Parser,1752876601,5,5,3,7,7,3,3,8,8,3,1080,324,1904,43,24,2,24,24,0,0,24,0,42,46,20,19,20.975,41,1,36.139023,-120.36837,163.972,0,600,58,3,e00fce6876826e255108c6bd,2025-07-18 22:10:04,2025-07-18 22:10:04,2025-07-18 22:10:04,2025-07-18
1377,TW1SCsL5Ao,MOOSPMv3Parser,1752877201,5,5,3,7,7,3,3,7,7,3,1033,306,1924,40,23,3,23,23,0,0,23,0,42,46,20,19,21.904,22,1,36.138973,-120.368294,172.371002,6,600,58,3,e00fce6876826e255108c6bd,2025-07-18 22:20:03,2025-07-18 22:20:03,2025-07-18 22:20:03,2025-07-18
1389,3H3xmo8ogQ,MOOSPMv3Parser,1752877801,5,5,3,8,8,3,3,8,8,3,1099,330,1944,50,23,3,23,23,0,0,23,0,42,45,20,19,21.72,17,1,36.138973,-120.368355,168.585007,6,600,58,3,e00fce6876826e255108c6bd,2025-07-18 22:30:03,2025-07-18 22:30:03,2025-07-18 22:30:03,2025-07-18
1399,mVxGmpRE6L,MOOSPMv3Parser,1752878401,5,5,3,8,8,3,3,8,8,3,1100,326,1965,47,24,2,24,24,0,0,24,0,42,45,20,19,22.107,12,1,36.139069,-120.368195,188.737,6,600,58,3,e00fce6876826e255108c6bd,2025-07-18 22:40:03,2025-07-18 22:40:03,2025-07-18 22:40:03,2025-07-18
1410,UdBmEvjg7F,MOOSPMv3Parser,1752879001,5,5,3,7,7,3,3,8,8,3,1070,319,1986,43,24,2,24,24,0,0,24,0,42,45,19,19,20.173,39,1,36.139019,-120.368408,157.315994,5,600,58,3,e00fce6876826e255108c6bd,2025-07-18 22:50:03,2025-07-18 22:50:03,2025-07-18 22:50:03,2025-07-18
1421,5kXEkWkCki,MOOSPMv3Parser,1752879601,5,5,4,8,8,4,4,9,9,4,1100,326,2012,50,30,4,30,30,0,0,30,0,42,45,19,19,22.066,24,1,36.139008,-120.368423,176.658997,6,600,58,3,e00fce6876826e255108c6bd,2025-07-18 23:00:03,2025-07-18 23:00:03,2025-07-18 23:00:03,2025-07-18
1433,VoYvWsvUO3,MOOSPMv3Parser,1752880201,5,5,3,7,7,3,3,8,8,3,1062,320,2033,41,24,3,24,24,0,0,24,0,42,45,20,20,22.291,11,1,36.13903,-120.368324,173.026001,7,600,58,3,e00fce6876826e255108c6bd,2025-07-18 23:10:03,2025-07-18 23:10:03,2025-07-18 23:10:03,2025-07-18
1444,npS4D8CVQt,MOOSPMv3Parser,1752880801,5,5,3,7,7,3,3,7,7,3,1056,314,2054,43,24,2,24,24,0,0,24,0,42,45,20,20,22.355,11,1,36.138996,-120.368401,167.942993,7,600,58,3,e00fce6876826e255108c6bd,2025-07-18 23:20:03,2025-07-18 23:20:03,2025-07-18 23:20:03,2025-07-18
1454,EZVW3agfuN,MOOSPMv3Parser,1752881401,5,5,3,7,7,3,3,7,7,3,975,291,2073,41,23,1,23,23,0,0,23,0,42,45,19,20,22.082,11,1,36.139095,-120.368401,167.231995,7,600,58,3,e00fce6876826e255108c6bd,2025-07-18 23:30:03,2025-07-18 23:30:03,2025-07-18 23:30:03,2025-07-18
1464,qOF35938Ce,MOOSPMv3Parser,1752882001,5,5,3,7,7,3,3,7,7,3,1002,298,2095,42,24,2,24,24,0,0,24,0,42,44,20,20,22.744,9,1,36.139027,-120.368324,165.666,7,600,58,3,e00fce6876826e255108c6bd,2025-07-18 23:40:03,2025-07-18 23:40:03,2025-07-18 23:40:03,2025-07-18
1477,HUZxwk2rK9,MOOSPMv3Parser,1752882601,5,5,3,7,7,3,3,7,7,3,1021,309,2115,43,24,2,24,24,0,0,24,0,42,44,19,20,22.546,6,1,36.139053,-120.368324,174.602005,7,600,58,3,e00fce6876826e255108c6bd,2025-07-18 23:50:03,2025-07-18 23:50:03,2025-07-18 23:50:03,2025-07-18
9,eroRsN08fd,MOOSPMv3Parser,1752883201,5,5,3,6,6,3,3,7,7,3,976,294,2135,40,22,3,22,22,0,0,22,0,41,43,20,20,22.966,6,1,36.139053,-120.368324,174.604004,0,600,58,3,e00fce6876826e255108c6bd,2025-07-19 00:00:03,2025-07-19 00:00:04,2025-07-19 00:00:04,2025-07-19
20,T4H0MeQaVA,MOOSPMv3Parser,1752883801,5,5,3,6,6,3,3,7,7,3,963,290,2153,38,21,2,21,21,0,0,21,0,41,43,21,22,23.007,5,1,36.139023,-120.368347,172.673004,11,600,58,3,e00fce6876826e255108c6bd,2025-07-19 00:10:03,2025-07-19 00:10:04,2025-07-19 00:10:04,2025-07-19
30,q0121uGUF8,MOOSPMv3Parser,1752884401,4,4,3,6,6,3,3,7,7,3,894,268,2172,39,21,3,21,21,0,0,21,0,41,42,21,21,23.71,4,1,36.138981,-120.368332,173.496002,7,600,58,3,e00fce6876826e255108c6bd,2025-07-19 00:20:03,2025-07-19 00:20:03,2025-07-19 00:20:03,2025-07-19
42,jbbuthFoHP,MOOSPMv3Parser,1752885001,4,4,3,6,6,3,3,6,6,3,888,268,2190,39,21,2,21,21,0,0,21,0,41,42,21,22,23.009,4,2,36.138992,-120.368294,179.160995,7,600,58,3,e00fce6876826e255108c6bd,2025-07-19 00:30:03,2025-07-19 00:30:03,2025-07-19 00:30:03,2025-07-19
52,y4npDSHvFu,MOOSPMv3Parser,1752885601,4,4,3,6,6,3,3,6,6,3,865,261,2208,35,21,2,21,21,0,0,21,0,41,42,21,22,22.332,5,2,36.138992,-120.368393,167.164993,9,600,58,3,e00fce6876826e255108c6bd,2025-07-19 00:40:03,2025-07-19 00:40:03,2025-07-19 00:40:03,2025-07-19
63,GSQwGDvA31,MOOSPMv3Parser,1752886201,4,4,3,6,6,3,3,6,6,3,859,260,2227,37,22,1,22,22,0,0,22,0,40,41,21,23,23.792,4,2,36.13895,-120.368385,192.264008,8,600,58,3,e00fce6876826e255108c6bd,2025-07-19 00:50:03,2025-07-19 00:50:03,2025-07-19 00:50:03,2025-07-19
74,g0DwXJhjZg,MOOSPMv3Parser,1752886801,4,4,3,7,7,3,3,7,7,3,912,279,2246,40,22,3,22,22,0,0,22,0,40,41,21,23,23.553,4,2,36.139061,-120.368294,193.738007,7,600,58,3,e00fce6876826e255108c6bd,2025-07-19 01:00:03,2025-07-19 01:00:04,2025-07-19 01:00:04,2025-07-19
86,F8ILuY6SUN,MOOSPMv3Parser,1752887401,4,4,3,6,6,3,3,7,7,3,879,267,2265,35,22,3,23,23,0,0,23,0,40,40,21,24,23.258,4,2,36.138985,-120.368309,169.233994,7,600,58,3,e00fce6876826e255108c6bd,2025-07-19 01:10:03,2025-07-19 01:10:03,2025-07-19 01:10:03,2025-07-19
98,aDrF4ozJFP,MOOSPMv3Parser,1752888001,4,4,3,6,6,3,3,6,6,3,903,276,2285,39,23,2,23,23,0,0,23,0,40,40,22,24,23.738,4,2,36.139156,-120.368515,179.906998,7,600,58,3,e00fce6876826e255108c6bd,2025-07-19 01:20:04,2025-07-19 01:20:04,2025-07-19 01:20:04,2025-07-19
108,0SUzwRbIe7,MOOSPMv3Parser,1752888601,4,4,3,6,6,3,3,7,7,3,914,278,2305,42,23,2,23,23,0,0,23,0,39,39,22,24,24.541,4,3,36.139023,-120.368401,175.003006,8,600,58,3,e00fce6876826e255108c6bd,2025-07-19 01:30:03,2025-07-19 01:30:04,2025-07-19 01:30:04,2025-07-19
116,NHl4XgFven,MOOSPMv3Parser,1752889201,4,4,3,6,6,3,3,7,7,3,918,278,2326,40,23,2,24,24,0,0,24,0,39,39,23,25,23.868,4,3,36.139046,-120.36834,167.587997,6,600,58,3,e00fce6876826e255108c6bd,2025-07-19 01:40:03,2025-07-19 01:40:03,2025-07-19 01:40:03,2025-07-19
131,uAtF4AHmnl,MOOSPMv3Parser,1752889801,4,4,3,6,6,3,3,7,7,3,946,289,2347,40,24,2,25,25,0,0,25,0,38,39,23,25,25.229,4,3,36.139046,-120.36834,167.587997,0,600,58,3,e00fce6876826e255108c6bd,2025-07-19 01:50:08,2025-07-19 01:50:08,2025-07-19 01:50:08,2025-07-19
139,CF8L67dJLh,MOOSPMv3Parser,1752890401,5,5,3,7,7,3,3,7,7,3,979,300,2369,43,25,2,25,25,0,0,25,0,38,38,25,26,25.472,4,4,36.139027,-120.368271,189.729004,6,600,58,3,e00fce6876826e255108c6bd,2025-07-19 02:00:03,2025-07-19 02:00:03,2025-07-19 02:00:03,2025-07-19
148,yI8RmwpZps,MOOSPMv3Parser,1752891001,5,5,3,7,7,3,3,8,8,3,979,298,2391,47,25,3,26,26,0,0,26,0,37,38,25,27,25.21,4,4,36.139156,-120.36837,178.738007,5,600,58,3,e00fce6876826e255108c6bd,2025-07-19 02:10:03,2025-07-19 02:10:03,2025-07-19 02:10:03,2025-07-19
160,VGri0E5d8X,MOOSPMv3Parser,1752891601,5,5,3,7,7,3,3,7,7,3,989,303,2413,44,26,2,26,26,0,0,26,0,37,37,26,28,26.17,4,5,36.139088,-120.368355,164.537003,6,600,58,3,e00fce6876826e255108c6bd,2025-07-19 02:20:03,2025-07-19 02:20:03,2025-07-19 02:20:03,2025-07-19
172,eHvDILm8yE,MOOSPMv3Parser,1752892201,5,5,3,7,7,4,4,7,7,4,973,299,2437,45,27,1,27,27,0,0,27,0,36,37,27,28,25.454,5,5,36.139103,-120.368401,190.591003,6,600,58,3,e00fce6876826e255108c6bd,2025-07-19 02:30:03,2025-07-19 02:30:03,2025-07-19 02:30:03,2025-07-19
183,cY6wypLqrE,MOOSPMv3Parser,1752892801,5,5,3,7,7,4,4,7,7,4,974,296,2459,43,26,2,26,26,0,0,26,0,35,36,27,29,25.716,5,5,36.138954,-120.368378,153.007996,6,600,58,3,e00fce6876826e255108c6bd,2025-07-19 02:40:03,2025-07-19 02:40:03,2025-07-19 02:40:03,2025-07-19
193,biH1YoplSc,MOOSPMv3Parser,1752893401,4,4,3,6,6,3,3,6,6,3,934,285,2482,40,26,1,26,26,0,0,26,0,35,35,28,29,26.158,5,6,36.139015,-120.368393,170.725998,6,600,58,3,e00fce6876826e255108c6bd,2025-07-19 02:50:03,2025-07-19 02:50:03,2025-07-19 02:50:03,2025-07-19
204,MZlALskWG2,MOOSPMv3Parser,1752894001,5,5,4,7,7,4,4,7,7,4,948,290,2506,42,28,3,28,28,0,0,28,0,34,35,28,29,26.229,5,6,36.139019,-120.36834,163.261002,5,600,58,3,e00fce6876826e255108c6bd,2025-07-19 03:00:03,2025-07-19 03:00:03,2025-07-19 03:00:03,2025-07-19
216,WanMW1my8G,MOOSPMv3Parser,1752894601,5,5,3,7,7,4,4,8,8,4,980,299,2530,47,27,2,27,27,0,0,27,0,34,34,28,30,26.364,6,7,36.138943,-120.368156,183.636002,5,600,58,3,e00fce6876826e255108c6bd,2025-07-19 03:10:03,2025-07-19 03:10:03,2025-07-19 03:10:03,2025-07-19
226,Y77HiIGEiE,MOOSPMv3Parser,1752895201,5,5,3,7,7,4,4,7,7,4,971,297,2553,44,27,2,27,27,0,0,27,0,33,34,29,30,26.708,6,8,36.138985,-120.368355,173.738998,6,600,58,3,e00fce6876826e255108c6bd,2025-07-19 03:20:03,2025-07-19 03:20:04,2025-07-19 03:20:04,2025-07-19
237,MdMBa9at0W,MOOSPMv3Parser,1752895801,5,5,4,7,7,4,4,8,8,4,981,301,2578,46,28,2,28,28,0,0,28,0,33,33,29,31,26.279,6,8,36.138985,-120.368355,173.738998,0,600,58,3,e00fce6876826e255108c6bd,2025-07-19 03:30:03,2025-07-19 03:30:04,2025-07-19 03:30:04,2025-07-19
247,ciBNkZxm4T,MOOSPMv3Parser,1752896401,5,5,3,7,7,4,4,7,7,4,953,290,2601,45,27,2,27,27,0,0,27,0,33,33,30,32,25.702,8,9,36.139015,-120.368362,172.994995,8,600,58,3,e00fce6876826e255108c6bd,2025-07-19 03:40:03,2025-07-19 03:40:03,2025-07-19 03:40:03,2025-07-19
259,SSILCN3E5a,MOOSPMv3Parser,1752897001,5,5,4,7,7,4,4,7,7,4,923,284,2626,43,29,3,29,29,0,0,29,0,32,33,31,33,24.535,13,8,36.139076,-120.368401,163.315994,7,600,58,3,e00fce6876826e255108c6bd,2025-07-19 03:50:03,2025-07-19 03:50:04,2025-07-19 03:50:04,2025-07-19
271,30kWyfhWRQ,MOOSPMv3Parser,1752897601,5,5,4,7,7,4,4,8,8,4,997,306,2654,48,32,4,32,32,0,0,32,0,32,32,32,33,24.872,16,7,36.13903,-120.368431,171.949005,6,600,58,3,e00fce6876826e255108c6bd,2025-07-19 04:00:03,2025-07-19 04:00:03,2025-07-19 04:00:03,2025-07-19
283,CgbDw1ilfU,MOOSPMv3Parser,1752898201,5,5,4,7,7,4,4,8,8,4,975,300,2681,45,31,3,31,31,0,0,31,0,32,32,32,34,23.719,26,6,36.139008,-120.368347,174.712006,7,600,58,3,e00fce6876826e255108c6bd,2025-07-19 04:10:04,2025-07-19 04:10:04,2025-07-19 04:10:04,2025-07-19
291,a0A8fINxU0,MOOSPMv3Parser,1752898801,5,5,4,7,7,4,4,7,7,4,993,303,2706,46,29,2,29,29,0,0,29,0,31,31,33,35,24.019,28,6,36.139034,-120.368324,174.225998,7,600,58,3,e00fce6876826e255108c6bd,2025-07-19 04:20:03,2025-07-19 04:20:04,2025-07-19 04:20:04,2025-07-19
306,7bOnpERejW,MOOSPMv3Parser,1752899401,5,5,4,7,7,4,4,7,7,4,965,297,2730,43,28,2,28,28,0,0,28,0,31,31,33,35,23.349,24,6,36.138901,-120.368401,135.809998,6,600,58,3,e00fce6876826e255108c6bd,2025-07-19 04:30:08,2025-07-19 04:30:08,2025-07-19 04:30:08,2025-07-19
315,Klj2JicdWw,MOOSPMv3Parser,1752900001,5,5,4,7,7,4,4,7,7,4,958,295,2755,49,29,1,29,29,0,0,29,0,31,31,34,36,22.765,31,5,36.138988,-120.368317,163.253998,7,600,58,3,e00fce6876826e255108c6bd,2025-07-19 04:40:03,2025-07-19 04:40:04,2025-07-19 04:40:04,2025-07-19
324,uFgYDFbH2e,MOOSPMv3Parser,1752900601,5,5,4,8,8,4,4,8,8,4,977,302,2783,50,32,5,32,32,0,0,32,0,30,30,34,35,22.203,41,4,36.138996,-120.368301,176.453003,6,600,58,3,e00fce6876826e255108c6bd,2025-07-19 04:50:03,2025-07-19 04:50:04,2025-07-19 04:50:04,2025-07-19
336,M4Um9hmoEr,MOOSPMv3Parser,1752901201,5,5,4,8,8,4,4,8,8,4,1002,308,2810,48,31,4,31,31,0,0,31,0,30,30,35,36,22.966,27,5,36.139027,-120.368324,186.080002,7,600,58,3,e00fce6876826e255108c6bd,2025-07-19 05:00:03,2025-07-19 05:00:04,2025-07-19 05:00:04,2025-07-19
348,mLQLG8IzTl,MOOSPMv3Parser,1752901801,5,5,4,7,7,4,4,8,8,4,974,299,2837,46,31,2,31,31,0,0,31,0,30,30,35,36,22.26,31,5,36.139019,-120.36837,162.238998,6,600,58,3,e00fce6876826e255108c6bd,2025-07-19 05:10:04,2025-07-19 05:10:04,2025-07-19 05:10:04,2025-07-19
359,0GMOWDo7eR,MOOSPMv3Parser,1752902401,5,5,4,7,7,4,4,7,7,4,977,301,2865,43,31,2,32,32,0,0,32,0,29,29,35,37,22.369,36,4,36.139019,-120.36837,162.240005,0,600,58,3,e00fce6876826e255108c6bd,2025-07-19 05:20:04,2025-07-19 05:20:04,2025-07-19 05:20:04,2025-07-19
372,h35oOcAIel,MOOSPMv3Parser,1752903001,4,4,4,6,6,4,4,7,7,4,935,285,2890,42,29,2,29,29,0,0,29,0,29,29,36,38,21.549,38,4,36.139004,-120.368317,173.091003,6,600,58,3,e00fce6876826e255108c6bd,2025-07-19 05:30:07,2025-07-19 05:30:08,2025-07-19 05:30:08,2025-07-19
380,CscOdpqnVh,MOOSPMv3Parser,1752903601,5,5,4,7,7,4,4,7,7,4,952,296,2917,45,31,2,31,31,0,0,31,0,29,29,36,38,22.529,38,4,36.139107,-120.368347,164.091003,6,600,58,3,e00fce6876826e255108c6bd,2025-07-19 05:40:03,2025-07-19 05:40:04,2025-07-19 05:40:04,2025-07-19
391,0YjGFJiLPV,MOOSPMv3Parser,1752904201,4,4,4,7,7,4,4,7,7,4,939,285,2942,46,29,2,30,30,0,0,30,0,29,29,37,40,21.99,31,5,36.139057,-120.368362,171.177994,7,600,58,3,e00fce6876826e255108c6bd,2025-07-19 05:50:03,2025-07-19 05:50:04,2025-07-19 05:50:04,2025-07-19
402,dnrcUrPmep,MOOSPMv3Parser,1752904801,5,5,4,7,7,4,4,8,8,4,993,304,2968,49,29,4,30,30,0,0,30,0,29,28,37,40,21.996,39,5,36.139202,-120.368385,150.764008,6,600,58,3,e00fce6876826e255108c6bd,2025-07-19 06:00:04,2025-07-19 06:00:04,2025-07-19 06:00:04,2025-07-19
416,nxDSxw0ECh,MOOSPMv3Parser,1752905401,5,5,4,7,7,4,4,7,7,4,966,299,2994,44,30,3,30,30,0,0,30,0,29,28,37,40,23.007,39,4,36.13905,-120.368408,162.703995,6,600,58,3,e00fce6876826e255108c6bd,2025-07-19 06:10:04,2025-07-19 06:10:05,2025-07-19 06:10:05,2025-07-19
424,p6WyNHNt1b,MOOSPMv3Parser,1752906001,5,5,4,7,7,4,4,8,8,4,991,304,3021,45,31,4,31,31,0,0,31,0,29,28,38,40,22.285,46,4,36.138962,-120.36834,171.557007,5,600,58,3,e00fce6876826e255108c6bd,2025-07-19 06:20:04,2025-07-19 06:20:04,2025-07-19 06:20:04,2025-07-19
436,JIwCIGwhsz,MOOSPMv3Parser,1752906601,5,5,4,7,7,4,4,8,8,4,980,297,3047,46,30,3,31,31,0,0,31,0,29,28,38,40,22.536,54,4,36.138927,-120.368279,185.832993,6,600,58,3,e00fce6876826e255108c6bd,2025-07-19 06:30:03,2025-07-19 06:30:04,2025-07-19 06:30:04,2025-07-19
447,KU2eYBfaAe,MOOSPMv3Parser,1752907201,5,5,4,7,7,4,4,8,8,4,989,307,3075,48,32,3,32,32,0,0,32,0,28,28,38,41,21.835,52,4,36.138992,-120.368362,172.824997,7,600,58,3,e00fce6876826e255108c6bd,2025-07-19 06:40:03,2025-07-19 06:40:03,2025-07-19 06:40:03,2025-07-19
457,7aH0RbPzTV,MOOSPMv3Parser,1752907801,5,5,4,7,7,4,4,8,8,4,1013,313,3101,47,30,2,30,30,0,0,30,0,28,28,40,43,20.395,103,3,36.139004,-120.368309,172.643005,6,600,58,3,e00fce6876826e255108c6bd,2025-07-19 06:50:04,2025-07-19 06:50:04,2025-07-19 06:50:04,2025-07-19
470,ipNmOeIIFe,MOOSPMv3Parser,1752908401,5,5,4,7,7,4,4,8,8,4,1021,314,3127,50,30,3,30,30,0,0,30,0,28,27,39,41,19.697,72,3,36.138992,-120.368355,179.442001,6,600,58,3,e00fce6876826e255108c6bd,2025-07-19 07:00:04,2025-07-19 07:00:04,2025-07-19 07:00:04,2025-07-19
480,LPxd7wAmJ1,MOOSPMv3Parser,1752909001,5,5,4,8,8,4,4,8,8,4,989,303,3154,50,31,3,31,31,0,0,31,0,27,27,38,40,19.191,147,2,36.138992,-120.368355,179.440002,0,600,58,3,e00fce6876826e255108c6bd,2025-07-19 07:10:03,2025-07-19 07:10:04,2025-07-19 07:10:04,2025-07-19
490,nDuC7vfQ5S,MOOSPMv3Parser,1752909601,5,5,4,7,7,4,4,7,7,4,939,289,3180,42,30,2,30,30,0,0,30,0,27,27,37,40,19.414,155,2,36.138954,-120.368423,167.097,7,600,58,3,e00fce6876826e255108c6bd,2025-07-19 07:20:03,2025-07-19 07:20:04,2025-07-19 07:20:04,2025-07-19
499,xP8CWBm7i8,MOOSPMv3Parser,1752910201,5,5,4,7,7,4,4,8,8,4,935,290,3205,45,29,3,29,29,0,0,29,0,27,27,38,40,19.004,202,2,36.139004,-120.36837,176.682007,6,600,58,3,e00fce6876826e255108c6bd,2025-07-19 07:30:03,2025-07-19 07:30:04,2025-07-19 07:30:04,2025-07-19
509,lwR8Pa6yt5,MOOSPMv3Parser,1752910801,5,5,4,7,7,4,4,8,8,4,953,294,3231,44,30,4,30,30,0,0,30,0,27,26,42,44,17.989,236,2,36.13908,-120.368324,182.018005,6,600,58,3,e00fce6876826e255108c6bd,2025-07-19 07:40:03,2025-07-19 07:40:04,2025-07-19 07:40:04,2025-07-19
519,R4UY9L1uGR,MOOSPMv3Parser,1752911401,5,5,4,7,7,4,4,7,7,4,934,288,3256,44,29,2,29,29,0,0,29,0,26,26,40,42,18.445,163,2,36.138947,-120.368378,160.809998,6,600,58,3,e00fce6876826e255108c6bd,2025-07-19 07:50:03,2025-07-19 07:50:04,2025-07-19 07:50:04,2025-07-19
530,TpZYQsk0Vq,MOOSPMv3Parser,1752912001,4,4,4,7,7,4,4,7,7,4,897,278,3281,46,29,3,29,29,0,0,29,0,26,26,40,41,18.534,163,2,36.13908,-120.368279,190.654999,6,600,58,3,e00fce6876826e255108c6bd,2025-07-19 08:00:03,2025-07-19 08:00:04,2025-07-19 08:00:04,2025-07-19
540,RmQhEEO6wg,MOOSPMv3Parser,1752912601,5,5,4,7,7,4,4,7,7,4,900,278,3306,43,28,3,28,28,0,0,28,0,26,26,40,42,18.73,177,2,36.139091,-120.368271,177.468002,5,600,58,3,e00fce6876826e255108c6bd,2025-07-19 08:10:03,2025-07-19 08:10:04,2025-07-19 08:10:04,2025-07-19
549,s6eo1rgrcn,MOOSPMv3Parser,1752913201,5,5,4,7,7,4,4,7,7,4,922,284,3331,45,29,3,29,29,0,0,29,0,26,25,41,43,17.599,269,1,36.139034,-120.368362,180.589996,6,600,58,3,e00fce6876826e255108c6bd,2025-07-19 08:20:03,2025-07-19 08:20:04,2025-07-19 08:20:04,2025-07-19
560,w6hDcnGYeV,MOOSPMv3Parser,1752913801,5,5,4,7,7,4,4,8,8,4,946,291,3359,50,32,2,32,32,0,0,32,0,25,25,43,46,16.278,346,1,36.139042,-120.368431,168.576004,5,600,58,3,e00fce6876826e255108c6bd,2025-07-19 08:30:04,2025-07-19 08:30:04,2025-07-19 08:30:04,2025-07-19
570,ytWA8Trdi5,MOOSPMv3Parser,1752914401,5,5,4,8,8,4,4,8,8,4,985,306,3384,49,30,3,30,30,0,0,30,0,25,25,44,45,16.089,312,1,36.139053,-120.368393,179.742004,6,600,58,3,e00fce6876826e255108c6bd,2025-07-19 08:40:03,2025-07-19 08:40:04,2025-07-19 08:40:04,2025-07-19
581,nWy9sWi341,MOOSPMv3Parser,1752915001,5,5,4,7,7,4,4,8,8,4,958,298,3411,45,30,2,31,31,0,0,31,0,25,25,44,45,15.11,398,1,36.138988,-120.368378,164.481995,8,600,58,3,e00fce6876826e255108c6bd,2025-07-19 08:50:04,2025-07-19 08:50:04,2025-07-19 08:50:04,2025-07-19
590,cCX7BDr4Df,MOOSPMv3Parser,1752915601,5,5,4,7,7,4,4,8,8,4,953,292,3438,44,31,3,31,32,0,0,32,0,25,24,42,44,15.121,407,1,36.138988,-120.368378,164.487,0,600,58,3,e00fce6876826e255108c6bd,2025-07-19 09:00:03,2025-07-19 09:00:04,2025-07-19 09:00:04,2025-07-19
600,HpuTUROHBV,MOOSPMv3Parser,1752916201,5,5,4,7,7,4,4,8,8,4,978,299,3466,47,32,4,32,32,0,0,32,0,25,24,40,42,16.925,342,1,36.139008,-120.36834,173.375,12,600,58,3,e00fce6876826e255108c6bd,2025-07-19 09:10:03,2025-07-19 09:10:04,2025-07-19 09:10:04,2025-07-19
1040,HD3HqDvJ6g,MOOSPMv3Parser,1752945601,5,5,227,7,7,531,775,7,7,895,971,296,938,44,1488,2,1783,1844,0,0,1857,1,34,38,31,28,9.948,40,1,36.13903,-120.36837,179.001007,8,424,58,3,e00fce6876826e255108c6bd,2025-07-19 17:20:03,2025-07-19 17:20:03,2025-07-19 17:20:03,2025-07-19
1050,1i7IAIaqlX,MOOSPMv3Parser,1752946201,5,5,67,7,7,70,70,7,7,70,965,296,1117,44,522,3,524,524,0,0,524,0,35,38,28,26,14.069,76,3,36.139034,-120.368355,195.865997,7,600,58,3,e00fce6876826e255108c6bd,2025-07-19 17:30:02,2025-07-19 17:30:03,2025-07-19 17:30:03,2025-07-19
1060,l9n382v3dO,MOOSPMv3Parser,1752946801,5,5,4,7,7,4,4,7,7,4,981,302,1141,43,28,2,28,28,0,0,28,0,35,39,29,26,16.401,90,3,36.138981,-120.36834,189.076004,7,600,58,3,e00fce6876826e255108c6bd,2025-07-19 17:40:02,2025-07-19 17:40:03,2025-07-19 17:40:03,2025-07-19
1074,mZSB0QCfL5,MOOSPMv3Parser,1752947401,5,5,3,7,7,3,3,7,7,3,955,292,1162,45,24,2,24,24,0,0,24,0,35,40,27,25,16.692,96,2,36.13903,-120.368385,183.139999,6,600,58,3,e00fce6876826e255108c6bd,2025-07-19 17:50:03,2025-07-19 17:50:03,2025-07-19 17:50:03,2025-07-19
1083,EAwM7ByJmU,MOOSPMv3Parser,1752948001,5,5,3,7,7,3,3,7,7,3,978,294,1182,44,24,2,24,24,0,0,24,0,36,40,28,26,17.643,92,2,36.138992,-120.368324,187.779007,6,600,58,3,e00fce6876826e255108c6bd,2025-07-19 18:00:03,2025-07-19 18:00:03,2025-07-19 18:00:03,2025-07-19
1095,cUFIfiYvFi,MOOSPMv3Parser,1752948601,5,5,3,7,7,3,3,7,7,3,1009,305,1203,45,24,2,24,24,0,0,24,0,36,40,27,24,18.05,68,1,36.139027,-120.368301,179.755997,6,600,58,3,e00fce6876826e255108c6bd,2025-07-19 18:10:03,2025-07-19 18:10:03,2025-07-19 18:10:03,2025-07-19
1109,d3HNhDLpGz,MOOSPMv3Parser,1752949201,5,5,3,7,7,3,3,7,7,3,991,302,1223,40,22,2,23,23,0,0,23,0,36,41,27,24,17.701,88,1,36.139027,-120.368301,179.759995,0,600,58,3,e00fce6876826e255108c6bd,2025-07-19 18:20:03,2025-07-19 18:20:03,2025-07-19 18:20:03,2025-07-19
1117,BreIchMjoe,MOOSPMv3Parser,1752949801,5,5,3,7,7,3,3,7,7,3,985,301,1245,45,23,2,23,23,0,0,23,0,37,41,25,24,17.494,68,1,36.139069,-120.368385,174.084,6,599,58,3,e00fce6876826e255108c6bd,2025-07-19 18:30:03,2025-07-19 18:30:03,2025-07-19 18:30:03,2025-07-19
1130,4sUOBsqKS2,MOOSPMv3Parser,1752950401,5,5,3,7,7,3,3,7,7,3,995,302,1265,40,23,2,23,23,0,0,23,0,38,42,24,22,17.947,15,1,36.139061,-120.368362,172.007004,6,599,58,3,e00fce6876826e255108c6bd,2025-07-19 18:40:03,2025-07-19 18:40:03,2025-07-19 18:40:03,2025-07-19
1141,wLyAG37wpy,MOOSPMv3Parser,1752951001,5,5,3,7,7,3,3,7,7,3,1016,309,1285,43,24,1,24,24,1,0,24,0,37,42,26,23,19.487,5,1,36.139088,-120.3685,167.634995,6,599,58,3,e00fce6876826e255108c6bd,2025-07-19 18:50:03,2025-07-19 18:50:03,2025-07-19 18:50:03,2025-07-19
1150,xpmfECBHUT,MOOSPMv3Parser,1752951601,5,5,3,7,7,3,3,7,7,3,1017,309,1306,43,24,2,24,24,0,0,24,0,38,42,25,23,18.82,5,1,36.139111,-120.368378,161.916,6,599,58,3,e00fce6876826e255108c6bd,2025-07-19 19:00:03,2025-07-19 19:00:03,2025-07-19 19:00:03,2025-07-19
1161,3OfRySZiMD,MOOSPMv3Parser,1752952201,5,5,3,7,7,3,3,8,8,3,1025,310,1326,43,23,2,23,23,0,0,23,0,38,43,23,22,19.474,5,1,36.139137,-120.368332,175.388,6,599,58,3,e00fce6876826e255108c6bd,2025-07-19 19:10:03,2025-07-19 19:10:03,2025-07-19 19:10:03,2025-07-19
1173,7DahcRNsfr,MOOSPMv3Parser,1752952801,5,5,3,7,7,3,3,8,8,3,1006,307,1345,47,22,2,22,22,0,0,22,0,38,43,25,22,20.256,3,1,36.139015,-120.368309,180.850998,6,599,58,3,e00fce6876826e255108c6bd,2025-07-19 19:20:03,2025-07-19 19:20:03,2025-07-19 19:20:03,2025-07-19
1186,g2TT1UxWqB,MOOSPMv3Parser,1752953401,5,5,3,7,7,3,3,8,8,3,1022,309,1365,43,23,1,23,23,0,0,23,0,38,43,24,22,19.979,2,1,36.138988,-120.368401,169.121994,5,599,58,3,e00fce6876826e255108c6bd,2025-07-19 19:30:03,2025-07-19 19:30:03,2025-07-19 19:30:03,2025-07-19
1196,MoOluLUsVs,MOOSPMv3Parser,1752954001,5,5,3,7,7,3,3,8,8,3,1049,319,1386,44,24,1,24,24,0,0,24,0,38,43,23,22,20.696,2,1,36.139042,-120.368217,172.328003,6,599,58,3,e00fce6876826e255108c6bd,2025-07-19 19:40:03,2025-07-19 19:40:03,2025-07-19 19:40:03,2025-07-19
1206,AaqagkuX3Y,MOOSPMv3Parser,1752954601,5,5,3,7,7,3,3,8,8,3,1052,318,1408,45,25,2,25,25,0,0,25,0,39,43,23,22,20.416,2,1,36.139046,-120.36834,181.934006,6,599,58,3,e00fce6876826e255108c6bd,2025-07-19 19:50:03,2025-07-19 19:50:03,2025-07-19 19:50:03,2025-07-19
1217,LTSLuz8l6h,MOOSPMv3Parser,1752955201,5,5,3,8,8,3,3,8,8,3,1071,329,1429,48,25,2,25,25,0,0,25,0,39,43,23,21,20.644,2,1,36.138977,-120.368332,176.442001,5,599,58,3,e00fce6876826e255108c6bd,2025-07-19 20:00:03,2025-07-19 20:00:03,2025-07-19 20:00:03,2025-07-19
1227,86UilLnVGi,MOOSPMv3Parser,1752955801,6,6,3,8,8,3,3,8,8,3,1098,333,1448,47,24,3,25,25,0,0,25,0,40,44,22,21,19.873,4,1,36.138977,-120.368332,176.440002,0,600,58,3,e00fce6876826e255108c6bd,2025-07-19 20:10:03,2025-07-19 20:10:03,2025-07-19 20:10:03,2025-07-19
1241,89zRiOIpDs,MOOSPMv3Parser,1752956401,5,5,3,7,7,3,3,8,8,3,1082,327,1471,47,23,2,23,23,0,0,23,0,40,44,21,20,20.142,6,1,36.138985,-120.36837,189.197998,6,599,58,3,e00fce6876826e255108c6bd,2025-07-19 20:20:03,2025-07-19 20:20:03,2025-07-19 20:20:03,2025-07-19
1251,9LRBeAv6ui,MOOSPMv3Parser,1752957001,5,5,3,7,7,3,3,7,7,3,1010,306,1491,41,23,1,23,23,0,0,23,0,41,44,21,20,20.521,6,1,36.139061,-120.368469,158.069,5,599,58,3,e00fce6876826e255108c6bd,2025-07-19 20:30:03,2025-07-19 20:30:03,2025-07-19 20:30:03,2025-07-19
1260,2dkIQLa8VA,MOOSPMv3Parser,1752957601,5,5,3,7,7,3,3,8,8,3,1030,310,1510,43,22,2,22,22,0,0,22,0,41,45,20,20,20.31,9,1,36.139004,-120.368378,180.947998,6,599,58,3,e00fce6876826e255108c6bd,2025-07-19 20:40:03,2025-07-19 20:40:03,2025-07-19 20:40:03,2025-07-19
1272,zW3dIaOORY,MOOSPMv3Parser,1752958201,5,5,3,7,7,3,3,7,7,3,1004,302,1530,41,22,2,22,22,0,0,22,0,41,45,19,19,20.329,10,1,36.139061,-120.368309,180.591995,6,599,58,3,e00fce6876826e255108c6bd,2025-07-19 20:50:03,2025-07-19 20:50:03,2025-07-19 20:50:03,2025-07-19
1282,68IRbqs8ng,MOOSPMv3Parser,1752958801,5,5,3,7,7,3,3,7,7,3,999,299,1548,38,21,1,22,22,0,0,22,0,42,45,19,19,20.151,15,1,36.138996,-120.368355,182.354996,6,599,58,3,e00fce6876826e255108c6bd,2025-07-19 21:00:03,2025-07-19 21:00:03,2025-07-19 21:00:03,2025-07-19
1292,wjeiUMnvTQ,MOOSPMv3Parser,1752959401,5,5,3,7,7,3,3,7,7,3,1016,303,1567,43,22,1,22,22,0,0,22,0,42,45,19,19,20.859,16,1,36.139008,-120.368347,179.473999,8,599,58,3,e00fce6876826e255108c6bd,2025-07-19 21:10:03,2025-07-19 21:10:03,2025-07-19 21:10:03,2025-07-19
1304,gCACI7pnfG,MOOSPMv3Parser,1752960001,5,5,3,7,7,3,3,7,7,3,1010,304,1587,41,22,2,22,22,0,0,22,0,41,45,20,19,21.02,22,1,36.139099,-120.368515,179.901993,7,599,58,3,e00fce6876826e255108c6bd,2025-07-19 21:20:03,2025-07-19 21:20:03,2025-07-19 21:20:03,2025-07-19
1314,S39btYykzm,MOOSPMv3Parser,1752960601,5,5,3,7,7,3,3,7,7,3,1047,309,1606,44,22,2,22,22,0,0,22,0,41,46,19,18,21.003,18,1,36.139095,-120.36834,183.328003,6,599,58,3,e00fce6876826e255108c6bd,2025-07-19 21:30:03,2025-07-19 21:30:03,2025-07-19 21:30:03,2025-07-19
1328,Z7RdF7zUfE,MOOSPMv3Parser,1752961201,5,5,3,7,7,3,3,7,7,3,993,295,1625,40,22,2,22,22,0,0,22,0,42,46,20,19,20.913,16,1,36.139202,-120.368484,148.210999,6,599,58,3,e00fce6876826e255108c6bd,2025-07-19 21:40:03,2025-07-19 21:40:03,2025-07-19 21:40:03,2025-07-19
1336,7oRH20Jy0W,MOOSPMv3Parser,1752961801,5,5,3,7,7,3,3,7,7,3,1044,309,1640,40,20,2,20,20,0,0,20,0,42,46,18,18,20.434,31,1,36.139053,-120.368263,183.347,5,600,58,3,e00fce6876826e255108c6bd,2025-07-19 21:50:03,2025-07-19 21:50:03,2025-07-19 21:50:03,2025-07-19
1347,QDDoyTfLm4,MOOSPMv3Parser,1752962401,5,5,3,7,7,3,3,7,7,3,1000,299,1659,40,22,2,22,22,0,0,22,0,42,46,19,18,21.405,18,1,36.139053,-120.368263,183.343994,0,600,58,3,e00fce6876826e255108c6bd,2025-07-19 22:00:03,2025-07-19 22:00:03,2025-07-19 22:00:03,2025-07-19
1359,Xu1ZAr7AFF,MOOSPMv3Parser,1752963001,5,5,3,7,7,3,3,7,7,3,1087,320,1681,44,22,2,22,22,0,0,22,0,42,46,18,18,20.508,27,1,36.139008,-120.368324,186.026001,5,599,58,3,e00fce6876826e255108c6bd,2025-07-19 22:10:03,2025-07-19 22:10:03,2025-07-19 22:10:03,2025-07-19
1372,qFxlJdMxWI,MOOSPMv3Parser,1752963601,5,5,3,7,7,3,3,7,7,3,1057,314,1699,45,21,2,22,22,0,0,22,0,42,46,18,18,21.729,27,1,36.139053,-120.368301,136.147003,6,599,58,3,e00fce6876826e255108c6bd,2025-07-19 22:20:03,2025-07-19 22:20:03,2025-07-19 22:20:03,2025-07-19
1381,zegAtFz7Al,MOOSPMv3Parser,1752964201,4,4,3,6,6,3,3,7,7,3,996,296,1718,41,21,1,21,21,0,0,21,0,42,46,18,17,22.196,14,1,36.139011,-120.368286,161.524002,6,599,58,3,e00fce6876826e255108c6bd,2025-07-19 22:30:03,2025-07-19 22:30:03,2025-07-19 22:30:03,2025-07-19
1389,TCQER52lbO,MOOSPMv3Parser,1752964801,5,5,3,6,6,3,3,7,7,3,1005,299,1736,39,21,1,21,21,0,0,21,0,42,46,18,18,21.223,20,1,36.139076,-120.368355,171.822006,7,599,58,3,e00fce6876826e255108c6bd,2025-07-19 22:40:03,2025-07-19 22:40:03,2025-07-19 22:40:03,2025-07-19
1406,yPSoLXZyUg,MOOSPMv3Parser,1752965401,5,5,3,7,7,3,3,7,7,3,1008,297,1755,40,22,1,22,22,0,0,22,0,42,46,17,17,21.743,24,1,36.139015,-120.368408,165.934998,7,599,58,3,e00fce6876826e255108c6bd,2025-07-19 22:50:03,2025-07-19 22:50:03,2025-07-19 22:50:03,2025-07-19
1419,C8kXmYZjsQ,MOOSPMv3Parser,1752966001,5,5,3,7,7,3,3,7,7,3,1000,294,1773,43,21,2,21,21,0,0,21,0,42,46,17,17,21.77,12,1,36.139015,-120.368347,187.779007,7,599,58,3,e00fce6876826e255108c6bd,2025-07-19 23:00:09,2025-07-19 23:00:09,2025-07-19 23:00:09,2025-07-19
1428,SLsZ3ENRNG,MOOSPMv3Parser,1752966601,5,5,3,6,6,3,3,7,7,3,980,290,1792,38,21,1,21,21,0,0,21,0,42,46,17,17,22.043,10,1,36.139076,-120.36837,171.960007,6,599,58,3,e00fce6876826e255108c6bd,2025-07-19 23:10:03,2025-07-19 23:10:03,2025-07-19 23:10:03,2025-07-19
1439,4E5E0GDEBZ,MOOSPMv3Parser,1752967201,5,5,3,7,7,3,3,7,7,3,1007,300,1808,40,22,1,22,22,0,0,22,0,43,45,18,18,21.442,13,1,36.139126,-120.368271,179.697998,6,600,58,3,e00fce6876826e255108c6bd,2025-07-19 23:20:03,2025-07-19 23:20:04,2025-07-19 23:20:04,2025-07-19
1451,hk1450ulo2,MOOSPMv3Parser,1752967801,6,6,4,8,8,4,4,8,8,4,1214,362,1832,48,28,2,28,28,0,0,28,0,42,45,18,18,22.37,10,1,36.139061,-120.368416,177.494003,6,600,58,3,e00fce6876826e255108c6bd,2025-07-19 23:30:03,2025-07-19 23:30:03,2025-07-19 23:30:03,2025-07-19
1460,EYTvtNiGGC,MOOSPMv3Parser,1752968401,6,6,3,8,8,3,3,8,8,3,1179,353,1854,47,24,2,24,24,1,0,24,0,42,44,18,18,22.724,9,1,36.138977,-120.368225,181.975006,7,600,58,3,e00fce6876826e255108c6bd,2025-07-19 23:40:03,2025-07-19 23:40:03,2025-07-19 23:40:03,2025-07-19
1470,stV9plR6F0,MOOSPMv3Parser,1752969001,6,6,3,9,9,4,4,9,9,4,1283,385,1877,48,27,2,27,27,0,0,27,0,41,44,18,18,22.701,7,1,36.138977,-120.368225,181.973007,0,600,58,3,e00fce6876826e255108c6bd,2025-07-19 23:50:03,2025-07-19 23:50:03,2025-07-19 23:50:03,2025-07-19
6,ffr2TkDCqF,MOOSPMv3Parser,1752969601,6,6,3,9,9,4,4,9,9,4,1214,365,1900,50,27,2,27,27,0,0,27,0,41,43,19,19,23.042,6,1,36.13895,-120.368309,170.940002,6,600,58,3,e00fce6876826e255108c6bd,2025-07-20 00:00:03,2025-07-20 00:00:03,2025-07-20 00:00:03,2025-07-20
20,PUFz3fYjCf,MOOSPMv3Parser,1752970201,6,6,4,9,9,4,4,9,9,4,1234,372,1924,52,28,2,28,28,0,0,28,0,41,43,18,19,23.533,5,1,36.138985,-120.36821,182.591995,5,600,58,3,e00fce6876826e255108c6bd,2025-07-20 00:10:03,2025-07-20 00:10:03,2025-07-20 00:10:03,2025-07-20
32,Fpk7LJ3p8d,MOOSPMv3Parser,1752970801,6,6,3,8,8,3,3,9,9,3,1134,343,1947,49,26,3,26,26,0,0,26,0,41,43,19,20,24.095,4,1,36.138985,-120.368256,180.449997,8,600,58,3,e00fce6876826e255108c6bd,2025-07-20 00:20:03,2025-07-20 00:20:04,2025-07-20 00:20:04,2025-07-20
41,w31Uu6Hfra,MOOSPMv3Parser,1752971401,6,6,3,8,8,4,4,8,8,4,1114,334,1970,50,26,2,27,27,0,0,27,0,41,42,19,20,24.152,4,2,36.138992,-120.368256,181.227997,8,600,58,3,e00fce6876826e255108c6bd,2025-07-20 00:30:03,2025-07-20 00:30:03,2025-07-20 00:30:03,2025-07-20
47,QU3Y9LB5rU,MOOSPMv3Parser,1752972001,6,6,3,8,8,4,4,8,8,4,1083,330,1993,48,26,2,27,27,1,0,27,0,41,42,19,21,24.432,3,2,36.138992,-120.368317,173.610001,9,600,58,3,e00fce6876826e255108c6bd,2025-07-20 00:40:03,2025-07-20 00:40:03,2025-07-20 00:40:03,2025-07-20
64,IbYEqNoJhC,MOOSPMv3Parser,1752972601,6,6,3,8,8,4,4,9,9,4,1145,347,2016,47,27,2,27,27,0,0,27,0,41,41,20,21,24.12,3,2,36.139027,-120.368317,170.136002,6,600,58,3,e00fce6876826e255108c6bd,2025-07-20 00:50:03,2025-07-20 00:50:03,2025-07-20 00:50:03,2025-07-20
72,MtFdi9wa6a,MOOSPMv3Parser,1752973201,6,6,4,8,8,4,4,9,9,4,1167,356,2041,51,28,2,28,28,0,0,28,0,40,41,20,22,24.305,3,2,36.139034,-120.368332,178.501007,7,600,58,3,e00fce6876826e255108c6bd,2025-07-20 01:00:03,2025-07-20 01:00:03,2025-07-20 01:00:03,2025-07-20
85,JZwP76Xbkh,MOOSPMv3Parser,1752973801,6,6,4,8,8,4,4,9,9,4,1140,348,2066,48,29,2,29,29,0,0,29,0,40,40,20,22,23.896,4,2,36.138996,-120.368263,197.268005,7,600,58,3,e00fce6876826e255108c6bd,2025-07-20 01:10:03,2025-07-20 01:10:03,2025-07-20 01:10:03,2025-07-20
92,oLZQvIAcG7,MOOSPMv3Parser,1752974401,6,6,4,8,8,4,4,8,8,4,1097,335,2090,45,27,1,28,28,0,0,28,0,40,40,21,23,23.785,4,3,36.138992,-120.368355,195.682999,6,600,58,3,e00fce6876826e255108c6bd,2025-07-20 01:20:03,2025-07-20 01:20:03,2025-07-20 01:20:03,2025-07-20
110,Im6hWOCg5Z,MOOSPMv3Parser,1752975001,6,6,4,8,8,4,4,9,9,4,1136,346,2116,51,30,2,30,30,0,0,30,0,40,40,21,23,24.074,4,3,36.139023,-120.36837,173.283005,7,600,58,3,e00fce6876826e255108c6bd,2025-07-20 01:30:09,2025-07-20 01:30:09,2025-07-20 01:30:09,2025-07-20
116,1YY3ryvDJt,MOOSPMv3Parser,1752975601,6,6,3,8,8,4,4,8,8,4,1101,338,2139,52,27,1,27,27,0,0,27,0,39,39,21,23,24.226,5,3,36.139023,-120.36837,173.281006,0,600,58,3,e00fce6876826e255108c6bd,2025-07-20 01:40:03,2025-07-20 01:40:03,2025-07-20 01:40:03,2025-07-20
128,uUCOKZOjGU,MOOSPMv3Parser,1752976201,6,6,4,8,8,4,4,8,8,4,1117,341,2164,48,28,2,28,28,0,0,28,0,39,39,21,23,24.24,5,3,36.139027,-120.368454,172.880997,5,600,58,3,e00fce6876826e255108c6bd,2025-07-20 01:50:03,2025-07-20 01:50:03,2025-07-20 01:50:03,2025-07-20
137,8LuFy2oCwm,MOOSPMv3Parser,1752976801,6,6,4,8,8,4,4,8,8,4,1109,338,2188,47,28,1,28,28,0,0,28,0,38,39,22,24,25.095,5,4,36.138988,-120.368279,157.533005,5,600,58,3,e00fce6876826e255108c6bd,2025-07-20 02:00:03,2025-07-20 02:00:03,2025-07-20 02:00:03,2025-07-20
149,yf9pQ6Y2QF,MOOSPMv3Parser,1752977401,6,6,4,8,8,4,4,9,9,4,1102,338,2214,53,29,3,29,29,0,0,29,0,38,38,22,24,24.902,5,4,36.138985,-120.368286,179.878006,5,600,58,3,e00fce6876826e255108c6bd,2025-07-20 02:10:03,2025-07-20 02:10:03,2025-07-20 02:10:03,2025-07-20
161,FCFF8VoOkf,MOOSPMv3Parser,1752978001,5,5,4,8,8,4,4,8,8,4,1080,330,2238,45,28,2,28,28,0,0,28,0,37,38,22,24,25.623,5,5,36.138981,-120.368179,155.026001,6,600,58,3,e00fce6876826e255108c6bd,2025-07-20 02:20:03,2025-07-20 02:20:03,2025-07-20 02:20:03,2025-07-20
173,CaekArbblN,MOOSPMv3Parser,1752978601,6,6,4,8,8,4,4,8,8,4,1093,336,2263,49,29,2,29,29,0,0,29,0,36,37,24,25,25.457,5,5,36.13903,-120.36853,167.789001,5,600,58,3,e00fce6876826e255108c6bd,2025-07-20 02:30:03,2025-07-20 02:30:03,2025-07-20 02:30:03,2025-07-20
181,7f36bNvnKv,MOOSPMv3Parser,1752979201,5,5,4,8,8,4,4,8,8,4,1054,321,2290,49,31,3,31,31,0,0,31,0,36,36,25,26,25.353,5,6,36.138996,-120.368286,153.382004,7,600,58,3,e00fce6876826e255108c6bd,2025-07-20 02:40:03,2025-07-20 02:40:03,2025-07-20 02:40:03,2025-07-20
194,djaslODk7M,MOOSPMv3Parser,1752979801,5,5,4,8,8,4,4,8,8,4,1036,315,2318,47,32,3,32,32,0,0,32,0,35,36,26,28,25.091,7,6,36.138962,-120.368286,141.309006,8,600,58,3,e00fce6876826e255108c6bd,2025-07-20 02:50:03,2025-07-20 02:50:03,2025-07-20 02:50:03,2025-07-20
207,XlhvD0dNJl,MOOSPMv3Parser,1752980401,5,5,4,7,7,4,4,7,7,4,1047,318,2343,45,30,1,30,30,0,0,30,0,35,35,26,28,24.74,11,6,36.138992,-120.36824,152.912994,6,600,58,3,e00fce6876826e255108c6bd,2025-07-20 03:00:03,2025-07-20 03:00:04,2025-07-20 03:00:04,2025-07-20
216,yHjB34cXcq,MOOSPMv3Parser,1752981001,6,6,4,8,8,4,4,8,8,4,1071,330,2370,50,30,3,30,30,0,0,30,0,34,35,28,29,24.078,16,5,36.139023,-120.368347,159.723007,6,600,58,3,e00fce6876826e255108c6bd,2025-07-20 03:10:03,2025-07-20 03:10:03,2025-07-20 03:10:03,2025-07-20
228,GDORmFtX8J,MOOSPMv3Parser,1752981601,5,5,4,8,8,4,4,8,8,4,1057,326,2396,51,31,2,31,31,0,0,31,0,34,34,28,29,25.164,12,5,36.138828,-120.368202,163.572006,6,600,58,3,e00fce6876826e255108c6bd,2025-07-20 03:20:03,2025-07-20 03:20:03,2025-07-20 03:20:03,2025-07-20
239,lAk5teOiqq,MOOSPMv3Parser,1752982201,5,5,4,8,8,4,4,8,8,4,1044,320,2424,52,31,3,31,31,0,0,31,0,33,34,28,30,25.371,9,7,36.138828,-120.368202,163.574005,0,600,58,3,e00fce6876826e255108c6bd,2025-07-20 03:30:03,2025-07-20 03:30:03,2025-07-20 03:30:03,2025-07-20
248,mkMDNmCdvI,MOOSPMv3Parser,1752982801,5,5,4,8,8,4,4,8,8,4,1050,322,2452,50,33,2,33,33,0,0,33,0,33,33,29,31,26.09,8,8,36.139065,-120.368355,145.397003,8,600,58,3,e00fce6876826e255108c6bd,2025-07-20 03:40:03,2025-07-20 03:40:03,2025-07-20 03:40:03,2025-07-20
261,wgHh7xnPcI,MOOSPMv3Parser,1752983401,5,5,4,8,8,4,4,8,8,4,1049,321,2480,52,32,3,32,32,0,0,32,0,33,33,30,32,25.355,8,9,36.139061,-120.368324,181.884003,7,600,58,3,e00fce6876826e255108c6bd,2025-07-20 03:50:03,2025-07-20 03:50:03,2025-07-20 03:50:03,2025-07-20
273,X87w5goj6h,MOOSPMv3Parser,1752984001,6,6,4,8,8,5,5,8,8,5,1076,335,2510,52,34,2,34,34,0,0,34,0,32,32,30,32,22.876,15,8,36.139107,-120.36834,152.906998,5,600,58,3,e00fce6876826e255108c6bd,2025-07-20 04:00:04,2025-07-20 04:00:04,2025-07-20 04:00:04,2025-07-20
286,xxZWNAGltN,MOOSPMv3Parser,1752984601,5,5,4,8,8,4,4,8,8,4,1055,324,2538,50,33,3,33,33,0,0,33,0,32,32,30,32,22.678,30,6,36.139145,-120.368454,143.106003,5,600,58,3,e00fce6876826e255108c6bd,2025-07-20 04:10:18,2025-07-20 04:10:18,2025-07-20 04:10:18,2025-07-20
293,uC0uhba68x,MOOSPMv3Parser,1752985201,6,6,4,8,8,5,5,9,9,5,1115,344,2568,55,35,3,35,35,0,0,35,0,32,32,30,32,23.176,21,6,36.139084,-120.368309,162.356003,6,600,58,3,e00fce6876826e255108c6bd,2025-07-20 04:20:03,2025-07-20 04:20:03,2025-07-20 04:20:03,2025-07-20
305,7o1TKLX9eJ,MOOSPMv3Parser,1752985801,7,7,5,10,10,5,5,11,11,5,1258,388,2603,63,40,4,40,40,0,0,40,0,31,31,31,33,22.976,21,6,36.138969,-120.368355,159.201004,6,600,58,3,e00fce6876826e255108c6bd,2025-07-20 04:30:04,2025-07-20 04:30:04,2025-07-20 04:30:04,2025-07-20
315,SGgB4noueF,MOOSPMv3Parser,1752986401,7,7,5,10,10,5,5,10,10,5,1256,386,2637,61,40,3,40,40,0,0,40,0,31,31,32,34,21.657,33,6,36.139004,-120.36837,173.761002,9,600,58,3,e00fce6876826e255108c6bd,2025-07-20 04:40:03,2025-07-20 04:40:03,2025-07-20 04:40:03,2025-07-20
328,Wu5DrGxU6n,MOOSPMv3Parser,1752987001,6,6,5,9,9,5,5,9,9,5,1100,340,2670,56,38,4,38,38,0,0,38,0,31,31,33,35,23.164,23,5,36.139057,-120.36834,180.498001,7,600,58,3,e00fce6876826e255108c6bd,2025-07-20 04:50:03,2025-07-20 04:50:04,2025-07-20 04:50:04,2025-07-20
339,SFL6Lcdhrc,MOOSPMv3Parser,1752987601,5,5,4,8,8,5,5,9,9,5,1050,323,2699,51,34,3,34,34,0,0,34,0,30,30,34,35,22.165,20,5,36.139023,-120.368355,165.164001,9,600,58,3,e00fce6876826e255108c6bd,2025-07-20 05:00:04,2025-07-20 05:00:04,2025-07-20 05:00:04,2025-07-20
352,aGC8t9UBzu,MOOSPMv3Parser,1752988201,5,5,4,7,7,4,4,7,7,4,989,304,2727,47,32,2,32,32,0,0,32,0,30,30,36,38,21.823,23,5,36.139023,-120.368355,165.167007,0,600,58,3,e00fce6876826e255108c6bd,2025-07-20 05:10:08,2025-07-20 05:10:08,2025-07-20 05:10:08,2025-07-20
361,3zr1hsyC2y,MOOSPMv3Parser,1752988801,5,5,4,7,7,4,4,8,8,4,1014,312,2755,49,32,3,32,32,0,0,32,0,30,30,35,36,21.245,36,5,36.139091,-120.368317,181.623001,7,600,58,3,e00fce6876826e255108c6bd,2025-07-20 05:20:04,2025-07-20 05:20:04,2025-07-20 05:20:04,2025-07-20
372,KM8SxLtOGi,MOOSPMv3Parser,1752989401,5,5,4,7,7,4,4,8,8,4,991,305,2782,48,31,3,31,31,0,0,31,0,29,29,36,38,21.36,28,5,36.139046,-120.368309,162.791,7,600,58,3,e00fce6876826e255108c6bd,2025-07-20 05:30:04,2025-07-20 05:30:04,2025-07-20 05:30:04,2025-07-20
384,UADoJozMsD,MOOSPMv3Parser,1752990001,5,5,4,8,8,4,4,8,8,4,1026,319,2810,54,32,3,32,32,0,0,32,0,29,29,36,38,21.389,37,5,36.139004,-120.368385,199.462997,5,600,58,3,e00fce6876826e255108c6bd,2025-07-20 05:40:04,2025-07-20 05:40:04,2025-07-20 05:40:04,2025-07-20
392,RoA3Rblhry,MOOSPMv3Parser,1752990601,5,5,4,8,8,4,4,8,8,4,1022,316,2838,49,32,2,32,32,0,0,32,0,29,29,34,36,22.113,29,5,36.139019,-120.368423,173.013,6,600,58,3,e00fce6876826e255108c6bd,2025-07-20 05:50:03,2025-07-20 05:50:03,2025-07-20 05:50:03,2025-07-20
403,Y5qcQVHBGh,MOOSPMv3Parser,1752991201,5,5,4,8,8,4,4,8,8,4,1040,321,2866,49,33,2,33,33,0,0,33,0,29,29,34,36,22.424,30,5,36.139034,-120.36837,177.628006,9,600,58,3,e00fce6876826e255108c6bd,2025-07-20 06:00:03,2025-07-20 06:00:04,2025-07-20 06:00:04,2025-07-20
417,jha9PpU2AQ,MOOSPMv3Parser,1752991801,5,5,4,8,8,4,4,8,8,4,1022,318,2895,47,33,2,33,33,0,0,33,0,29,28,34,37,21.481,47,5,36.139015,-120.368378,163.362,8,600,58,3,e00fce6876826e255108c6bd,2025-07-20 06:10:04,2025-07-20 06:10:04,2025-07-20 06:10:04,2025-07-20
425,KXX9Z8Tq3q,MOOSPMv3Parser,1752992401,5,5,4,8,8,5,5,8,8,5,1054,320,2925,52,34,2,34,34,0,0,34,0,28,28,36,39,21.427,59,4,36.139011,-120.368332,170.815994,6,600,58,3,e00fce6876826e255108c6bd,2025-07-20 06:20:03,2025-07-20 06:20:03,2025-07-20 06:20:03,2025-07-20
436,fFbGRRBeap,MOOSPMv3Parser,1752993001,6,6,4,8,8,5,5,9,9,5,1092,337,2954,50,34,3,34,34,0,0,34,0,28,28,36,38,20.696,53,4,36.138988,-120.368309,167.794006,7,600,58,3,e00fce6876826e255108c6bd,2025-07-20 06:30:03,2025-07-20 06:30:03,2025-07-20 06:30:03,2025-07-20
447,1BEhCsB8D4,MOOSPMv3Parser,1752993601,5,5,4,8,8,5,5,8,8,5,1049,322,2984,51,34,2,34,34,0,0,34,0,28,28,37,40,19.346,107,4,36.138988,-120.368317,169.701004,7,600,58,3,e00fce6876826e255108c6bd,2025-07-20 06:40:03,2025-07-20 06:40:03,2025-07-20 06:40:03,2025-07-20
459,gbNjA66aoR,MOOSPMv3Parser,1752994201,6,6,5,9,9,5,5,10,10,5,1122,349,3018,59,39,4,39,39,0,0,39,0,28,27,36,39,19.911,85,3,36.139072,-120.368301,170.876999,9,600,58,3,e00fce6876826e255108c6bd,2025-07-20 06:50:03,2025-07-20 06:50:04,2025-07-20 06:50:04,2025-07-20
470,AExuiiuoZC,MOOSPMv3Parser,1752994801,5,5,5,8,8,5,5,9,9,5,1059,327,3049,52,36,3,36,36,0,0,36,0,28,27,35,38,19.651,100,3,36.139072,-120.368301,170.873993,0,600,58,3,e00fce6876826e255108c6bd,2025-07-20 07:00:03,2025-07-20 07:00:03,2025-07-20 07:00:03,2025-07-20
482,Z8bOPtoqWl,MOOSPMv3Parser,1752995401,5,5,4,8,8,4,4,9,9,4,1012,314,3078,56,33,5,33,33,0,0,33,0,27,27,35,38,19.058,142,2,36.139,-120.368149,199.839996,12,600,58,3,e00fce6876826e255108c6bd,2025-07-20 07:10:03,2025-07-20 07:10:04,2025-07-20 07:10:04,2025-07-20
493,apmSbiwAiN,MOOSPMv3Parser,1752996001,5,5,4,8,8,4,4,8,8,4,986,302,3107,49,33,3,33,34,0,0,34,0,27,27,37,39,18.169,141,2,36.138935,-120.368355,175.494003,5,600,58,3,e00fce6876826e255108c6bd,2025-07-20 07:20:03,2025-07-20 07:20:04,2025-07-20 07:20:04,2025-07-20
504,JhBdWeMAQc,MOOSPMv3Parser,1752996601,5,5,5,8,8,5,5,9,9,5,1070,329,3138,57,35,4,36,36,0,0,36,0,27,26,38,40,16.95,178,2,36.13903,-120.368294,188.216995,5,600,58,3,e00fce6876826e255108c6bd,2025-07-20 07:30:06,2025-07-20 07:30:06,2025-07-20 07:30:06,2025-07-20
514,FPEG0COJzZ,MOOSPMv3Parser,1752997201,6,6,5,9,9,5,5,10,10,5,1109,341,3173,60,40,5,40,40,0,0,40,0,26,26,40,42,16.63,228,1,36.138935,-120.368362,167.714996,9,600,58,3,e00fce6876826e255108c6bd,2025-07-20 07:40:20,2025-07-20 07:40:20,2025-07-20 07:40:20,2025-07-20
523,HmmWShEj6T,MOOSPMv3Parser,1752997801,6,6,5,9,9,5,5,9,9,5,1110,341,3206,56,38,3,38,38,0,0,38,0,26,26,41,42,15.868,307,1,36.138996,-120.368362,169.274994,10,600,58,3,e00fce6876826e255108c6bd,2025-07-20 07:50:04,2025-07-20 07:50:04,2025-07-20 07:50:04,2025-07-20
533,FA1dYT70Vy,MOOSPMv3Parser,1752998401,6,6,5,8,8,5,5,9,9,5,1064,327,3238,55,36,3,37,37,0,0,37,0,25,25,42,43,15.956,308,1,36.138908,-120.368423,172.393005,7,600,58,3,e00fce6876826e255108c6bd,2025-07-20 08:00:04,2025-07-20 08:00:04,2025-07-20 08:00:04,2025-07-20
541,ZoFaQmGHp5,MOOSPMv3Parser,1752999001,5,5,5,8,8,5,5,9,9,5,1072,331,3271,55,39,4,39,39,0,0,39,0,25,25,42,43,16.67,300,1,36.138908,-120.368431,177.248001,8,600,58,3,e00fce6876826e255108c6bd,2025-07-20 08:10:03,2025-07-20 08:10:03,2025-07-20 08:10:03,2025-07-20
553,ZnWnxkiwli,MOOSPMv3Parser,1752999601,5,5,5,8,8,5,5,9,9,5,1078,333,3303,53,37,3,37,37,0,0,37,0,25,25,44,45,15.695,342,1,36.138939,-120.368507,166.106995,9,600,58,3,e00fce6876826e255108c6bd,2025-07-20 08:20:03,2025-07-20 08:20:04,2025-07-20 08:20:04,2025-07-20
561,PrLV0oeYb6,MOOSPMv3Parser,1753000201,6,6,5,8,8,5,5,9,9,5,1063,329,3336,56,38,3,38,38,0,0,38,0,24,24,43,45,14.479,386,1,36.139004,-120.36834,176.156006,11,600,58,3,e00fce6876826e255108c6bd,2025-07-20 08:30:03,2025-07-20 08:30:04,2025-07-20 08:30:04,2025-07-20
573,UEykvJ84CT,MOOSPMv3Parser,1753000801,6,6,5,8,8,5,5,9,9,5,1087,333,3368,49,37,4,37,37,0,0,37,0,24,24,44,45,15.2,392,1,36.138962,-120.368446,167.085999,9,600,58,3,e00fce6876826e255108c6bd,2025-07-20 08:40:04,2025-07-20 08:40:04,2025-07-20 08:40:04,2025-07-20
580,WOjLa5TRdX,MOOSPMv3Parser,1753001401,5,5,5,8,8,5,5,9,9,5,1010,314,3400,55,37,4,37,37,0,0,37,0,24,24,42,44,15.35,392,1,36.138962,-120.368446,167.087006,0,600,58,3,e00fce6876826e255108c6bd,2025-07-20 08:50:03,2025-07-20 08:50:03,2025-07-20 08:50:03,2025-07-20
1034,5eDOg0DSeT,MOOSPMv3Parser,1753032000,3,3,277,4,4,394,481,5,5,524,657,201,1651,31,2064,2,2174,2196,0,0,2201,1,34,39,27,24,8.742,24,1,36.13903,-120.368393,188.029999,8,213,58,3,e00fce6876826e255108c6bd,2025-07-20 17:20:02,2025-07-20 17:20:02,2025-07-20 17:20:02,2025-07-20
1050,t376mOxzFm,MOOSPMv3Parser,1753032600,2,2,69,4,4,72,72,4,4,72,618,187,1056,30,540,1,542,542,0,0,543,0,35,39,24,22,13.851,68,2,36.139084,-120.368362,188.138,8,600,58,3,e00fce6876826e255108c6bd,2025-07-20 17:30:02,2025-07-20 17:30:02,2025-07-20 17:30:02,2025-07-20
1059,jGc319XwPR,MOOSPMv3Parser,1753033200,3,3,3,4,4,3,3,4,4,3,639,196,1074,27,20,1,20,20,0,0,20,0,35,39,25,23,16.602,83,3,36.139069,-120.368294,193.919998,8,600,58,3,e00fce6876826e255108c6bd,2025-07-20 17:40:02,2025-07-20 17:40:02,2025-07-20 17:40:02,2025-07-20
1075,RgDaGyi6Np,MOOSPMv3Parser,1753033800,3,3,2,4,4,2,2,4,4,2,657,200,1088,30,17,1,17,17,0,0,17,0,35,40,24,22,17.557,95,3,36.139069,-120.368294,193.919006,0,600,58,3,e00fce6876826e255108c6bd,2025-07-20 17:50:03,2025-07-20 17:50:03,2025-07-20 17:50:03,2025-07-20
1080,D8OmyR5njS,MOOSPMv3Parser,1753034400,3,3,2,4,4,2,2,4,4,2,674,203,1103,27,17,1,17,17,0,0,17,0,36,40,25,23,17.735,109,2,36.139,-120.368324,172.529007,7,600,58,3,e00fce6876826e255108c6bd,2025-07-20 18:00:02,2025-07-20 18:00:02,2025-07-20 18:00:02,2025-07-20
1092,0eHK9gBD4T,MOOSPMv3Parser,1753035000,3,3,2,4,4,2,2,4,4,2,659,199,1117,31,16,1,16,16,0,0,16,0,37,41,21,20,17.813,54,2,36.139034,-120.368378,171.800003,7,600,58,3,e00fce6876826e255108c6bd,2025-07-20 18:10:02,2025-07-20 18:10:02,2025-07-20 18:10:02,2025-07-20
1101,lzJCN4KNV9,MOOSPMv3Parser,1753035600,3,3,2,4,4,2,2,5,5,2,668,205,1131,29,16,2,16,16,0,0,16,0,37,41,22,21,18.377,18,1,36.138939,-120.368347,180.115997,7,600,58,3,e00fce6876826e255108c6bd,2025-07-20 18:20:02,2025-07-20 18:20:02,2025-07-20 18:20:02,2025-07-20
1116,LownHxoKHX,MOOSPMv3Parser,1753036200,3,3,2,4,4,2,2,5,5,2,661,200,1144,29,15,2,15,15,0,0,15,0,38,42,21,20,19.037,11,1,36.139004,-120.368286,198.210007,8,600,58,3,e00fce6876826e255108c6bd,2025-07-20 18:30:02,2025-07-20 18:30:03,2025-07-20 18:30:03,2025-07-20
1124,3O23mOY7TC,MOOSPMv3Parser,1753036800,3,3,2,4,4,2,2,4,4,2,681,206,1158,30,16,1,16,16,0,0,16,0,38,42,22,21,19.042,12,1,36.139042,-120.368393,181.018997,7,600,58,3,e00fce6876826e255108c6bd,2025-07-20 18:40:02,2025-07-20 18:40:02,2025-07-20 18:40:02,2025-07-20
1135,R0brWtBxFR,MOOSPMv3Parser,1753037400,3,3,2,4,4,2,2,4,4,2,673,202,1172,31,16,1,16,16,0,0,16,0,38,43,21,20,19.107,19,1,36.139,-120.368271,193.207993,7,600,58,3,e00fce6876826e255108c6bd,2025-07-20 18:50:02,2025-07-20 18:50:02,2025-07-20 18:50:02,2025-07-20
1149,fN006T5RYL,MOOSPMv3Parser,1753038000,3,3,2,4,4,2,2,4,4,2,677,203,1186,29,16,1,16,16,0,0,16,0,39,43,21,20,18.954,28,1,36.139053,-120.368294,183.675003,7,600,58,3,e00fce6876826e255108c6bd,2025-07-20 19:00:02,2025-07-20 19:00:03,2025-07-20 19:00:03,2025-07-20
1157,ErcZkBFm14,MOOSPMv3Parser,1753038600,3,3,2,4,4,2,2,5,5,2,717,217,1199,30,15,2,15,15,0,0,15,0,40,43,20,19,18.515,46,1,36.138931,-120.368416,172.393997,5,600,58,3,e00fce6876826e255108c6bd,2025-07-20 19:10:02,2025-07-20 19:10:03,2025-07-20 19:10:03,2025-07-20
1169,SRDskZgYBE,MOOSPMv3Parser,1753039200,3,3,2,4,4,2,2,5,5,2,680,205,1214,28,17,1,17,17,0,0,17,0,40,44,19,19,18.95,35,1,36.139008,-120.368362,183.169006,7,600,58,3,e00fce6876826e255108c6bd,2025-07-20 19:20:02,2025-07-20 19:20:02,2025-07-20 19:20:02,2025-07-20
1180,6nQel2mUQA,MOOSPMv3Parser,1753039800,3,3,2,4,4,2,2,5,5,2,717,216,1228,30,16,2,17,17,0,0,17,0,40,44,19,18,19.824,21,1,36.139172,-120.368416,173.020004,6,600,58,3,e00fce6876826e255108c6bd,2025-07-20 19:30:02,2025-07-20 19:30:02,2025-07-20 19:30:02,2025-07-20
1192,rhmoZeI7ea,MOOSPMv3Parser,1753040400,3,3,2,4,4,2,2,4,4,2,706,214,1243,28,17,1,17,17,0,0,17,0,40,45,20,19,19.477,31,1,36.139172,-120.368416,173.018997,0,600,58,3,e00fce6876826e255108c6bd,2025-07-20 19:40:02,2025-07-20 19:40:03,2025-07-20 19:40:03,2025-07-20
1201,d7HFcswsGg,MOOSPMv3Parser,1753041000,3,3,2,5,5,2,2,5,5,2,755,225,1257,26,16,1,17,17,0,0,17,0,41,45,19,18,19.985,35,1,36.139015,-120.368286,195.145004,6,600,58,3,e00fce6876826e255108c6bd,2025-07-20 19:50:02,2025-07-20 19:50:02,2025-07-20 19:50:02,2025-07-20
1214,g5rIeKpKlW,MOOSPMv3Parser,1753041600,3,3,2,5,5,2,2,5,5,2,756,224,1272,31,17,1,17,17,0,0,17,0,40,45,19,18,20.631,18,1,36.139004,-120.368408,179.932007,6,600,58,3,e00fce6876826e255108c6bd,2025-07-20 20:00:02,2025-07-20 20:00:03,2025-07-20 20:00:03,2025-07-20
1226,Clcm68HkqJ,MOOSPMv3Parser,1753042200,3,3,2,4,4,2,2,4,4,2,718,216,1286,30,16,1,16,16,0,0,16,0,41,45,20,19,20.187,27,1,36.139015,-120.36837,155.901001,6,600,58,3,e00fce6876826e255108c6bd,2025-07-20 20:10:02,2025-07-20 20:10:02,2025-07-20 20:10:02,2025-07-20
1235,Hr3bMUVKij,MOOSPMv3Parser,1753042800,4,4,2,5,5,2,2,5,5,2,780,231,1301,30,17,1,17,17,0,0,17,0,41,45,19,19,20.32,30,1,36.139046,-120.368439,156.983994,6,600,58,3,e00fce6876826e255108c6bd,2025-07-20 20:20:02,2025-07-20 20:20:03,2025-07-20 20:20:03,2025-07-20
1247,UEVsfHILrg,MOOSPMv3Parser,1753043400,3,3,2,5,5,2,2,5,5,2,763,226,1316,30,17,1,17,17,0,0,17,0,41,45,20,19,20.698,21,1,36.139027,-120.368454,166.720001,6,600,58,3,e00fce6876826e255108c6bd,2025-07-20 20:30:02,2025-07-20 20:30:03,2025-07-20 20:30:03,2025-07-20
1258,cNtXhllfBF,MOOSPMv3Parser,1753044000,3,3,2,4,4,2,2,5,5,2,750,226,1332,30,18,1,18,18,0,0,18,0,42,45,19,19,19.916,29,1,36.139095,-120.368301,167.156006,6,600,58,3,e00fce6876826e255108c6bd,2025-07-20 20:40:03,2025-07-20 20:40:03,2025-07-20 20:40:03,2025-07-20
1273,aMRyRWem0I,MOOSPMv3Parser,1753044600,3,3,2,5,5,2,2,5,5,2,808,241,1347,36,18,2,18,18,0,0,18,0,42,46,19,19,18.978,59,1,36.138977,-120.368355,186.813004,6,600,58,3,e00fce6876826e255108c6bd,2025-07-20 20:50:03,2025-07-20 20:50:03,2025-07-20 20:50:03,2025-07-20
1281,CtBNZclRtU,MOOSPMv3Parser,1753045200,4,4,2,5,5,2,2,6,6,2,785,233,1363,35,18,2,18,18,0,0,18,0,42,46,18,18,20.35,50,1,36.139072,-120.368378,179.970001,5,600,58,3,e00fce6876826e255108c6bd,2025-07-20 21:00:03,2025-07-20 21:00:03,2025-07-20 21:00:03,2025-07-20
1294,WmM922CycE,MOOSPMv3Parser,1753045800,4,4,2,5,5,2,2,6,6,2,790,235,1377,31,17,2,17,17,0,0,17,0,42,46,18,18,20.019,56,1,36.139046,-120.368362,185.011993,6,600,58,3,e00fce6876826e255108c6bd,2025-07-20 21:10:03,2025-07-20 21:10:03,2025-07-20 21:10:03,2025-07-20
1302,Kmn3j1ivdw,MOOSPMv3Parser,1753046400,3,3,2,5,5,2,2,5,5,2,785,230,1392,31,17,1,17,17,0,0,17,0,42,46,18,17,19.879,59,1,36.139084,-120.368317,200.078995,5,600,58,3,e00fce6876826e255108c6bd,2025-07-20 21:20:02,2025-07-20 21:20:03,2025-07-20 21:20:03,2025-07-20
1315,MrpGmKA7vB,MOOSPMv3Parser,1753047000,4,4,2,5,5,2,2,5,5,2,789,231,1406,33,16,1,16,16,0,0,16,0,43,47,17,17,19.944,64,1,36.139084,-120.368317,200.074005,0,600,58,3,e00fce6876826e255108c6bd,2025-07-20 21:30:03,2025-07-20 21:30:03,2025-07-20 21:30:03,2025-07-20
1324,Y62usZ0cHY,MOOSPMv3Parser,1753047600,3,3,2,5,5,2,2,5,5,2,787,229,1419,28,16,1,16,16,0,0,16,0,43,47,17,17,20.353,72,1,36.139042,-120.368317,179.033997,10,600,58,3,e00fce6876826e255108c6bd,2025-07-20 21:40:02,2025-07-20 21:40:03,2025-07-20 21:40:03,2025-07-20
1335,1Hm7dnPzsq,MOOSPMv3Parser,1753048200,3,3,2,4,4,2,2,5,5,2,764,222,1433,30,16,1,16,16,0,0,16,0,43,47,16,16,19.599,102,1,36.139023,-120.368301,190.959,9,600,58,3,e00fce6876826e255108c6bd,2025-07-20 21:50:02,2025-07-20 21:50:03,2025-07-20 21:50:03,2025-07-20
1346,mlVoeELfh1,MOOSPMv3Parser,1753048800,3,3,2,5,5,2,2,5,5,2,758,223,1448,30,16,1,16,16,0,0,16,0,43,47,16,16,20.713,72,1,36.139042,-120.368393,171.285004,9,600,58,3,e00fce6876826e255108c6bd,2025-07-20 22:00:02,2025-07-20 22:00:03,2025-07-20 22:00:03,2025-07-20
1358,pW24wa7Mnj,MOOSPMv3Parser,1753049400,3,3,2,5,5,2,2,5,5,2,801,232,1462,30,16,1,16,16,0,0,16,0,43,47,16,16,20.819,50,1,36.139034,-120.368294,186.095993,7,600,58,3,e00fce6876826e255108c6bd,2025-07-20 22:10:02,2025-07-20 22:10:03,2025-07-20 22:10:03,2025-07-20
1369,zmdYFO9Kua,MOOSPMv3Parser,1753050000,3,3,2,4,4,2,2,4,4,2,747,217,1476,27,16,1,16,17,0,0,17,0,43,47,16,16,20.565,49,1,36.139042,-120.368362,179.158997,8,600,58,3,e00fce6876826e255108c6bd,2025-07-20 22:20:02,2025-07-20 22:20:03,2025-07-20 22:20:03,2025-07-20
1379,SqeHbKR6vK,MOOSPMv3Parser,1753050600,3,3,2,5,5,2,2,5,5,2,749,217,1490,30,16,2,16,16,0,0,16,0,43,46,16,16,21.449,27,1,36.138935,-120.368225,186.459,7,600,58,3,e00fce6876826e255108c6bd,2025-07-20 22:30:03,2025-07-20 22:30:03,2025-07-20 22:30:03,2025-07-20
1389,BDlWSQUJsL,MOOSPMv3Parser,1753051200,3,3,2,5,5,2,2,5,5,2,783,229,1504,33,16,2,16,16,0,0,16,0,42,46,17,17,21.859,19,1,36.139076,-120.368317,186.315994,7,600,58,3,e00fce6876826e255108c6bd,2025-07-20 22:40:03,2025-07-20 22:40:03,2025-07-20 22:40:03,2025-07-20
1401,bhKE1HfqEf,MOOSPMv3Parser,1753051800,3,3,2,4,4,2,2,4,4,2,719,209,1518,27,17,1,17,17,0,0,17,0,43,46,17,18,21.31,14,1,36.138988,-120.368393,162.692001,7,600,58,3,e00fce6876826e255108c6bd,2025-07-20 22:50:02,2025-07-20 22:50:03,2025-07-20 22:50:03,2025-07-20
1413,BnL5VJqEFC,MOOSPMv3Parser,1753052400,4,4,2,5,5,2,2,5,5,2,786,231,1534,33,18,1,18,18,0,0,18,0,43,46,16,17,21.769,19,1,36.139072,-120.368324,175.365997,7,600,58,3,e00fce6876826e255108c6bd,2025-07-20 23:00:02,2025-07-20 23:00:03,2025-07-20 23:00:03,2025-07-20
1422,JpMv5PL8uo,MOOSPMv3Parser,1753053000,4,4,2,5,5,2,2,5,5,2,804,237,1547,33,16,1,16,16,0,0,16,0,43,46,17,17,21.067,12,1,36.139042,-120.368248,184.25,5,600,58,3,e00fce6876826e255108c6bd,2025-07-20 23:10:02,2025-07-20 23:10:02,2025-07-20 23:10:02,2025-07-20
1433,Hr3TpA4OAO,MOOSPMv3Parser,1753053600,3,3,2,5,5,2,2,5,5,2,778,228,1562,32,17,1,17,17,0,0,17,0,43,45,17,17,21.472,9,1,36.139042,-120.368248,184.251007,0,600,58,3,e00fce6876826e255108c6bd,2025-07-20 23:20:02,2025-07-20 23:20:03,2025-07-20 23:20:03,2025-07-20
1445,mJ0YWr7Zg0,MOOSPMv3Parser,1753054200,3,3,2,5,5,2,2,5,5,2,733,215,1576,34,17,1,17,17,0,0,17,0,43,45,16,17,21.564,8,1,36.13905,-120.368385,172.744995,6,600,58,3,e00fce6876826e255108c6bd,2025-07-20 23:30:02,2025-07-20 23:30:03,2025-07-20 23:30:03,2025-07-20
1456,9CPMMgeCuB,MOOSPMv3Parser,1753054800,3,3,2,4,4,2,2,5,5,2,718,215,1591,33,16,1,16,16,0,0,16,0,43,45,16,17,21.395,8,1,36.139027,-120.36837,177.951004,6,600,58,3,e00fce6876826e255108c6bd,2025-07-20 23:40:02,2025-07-20 23:40:02,2025-07-20 23:40:02,2025-07-20
1466,ho48TZweBg,MOOSPMv3Parser,1753055400,3,3,2,5,5,2,2,5,5,2,724,214,1606,34,18,2,18,18,0,0,18,0,42,45,16,17,22.348,6,1,36.138908,-120.368324,169.841003,6,600,58,3,e00fce6876826e255108c6bd,2025-07-20 23:50:02,2025-07-20 23:50:03,2025-07-20 23:50:03,2025-07-20
4,5z5Xw9tq52,MOOSPMv3Parser,1753056000,3,3,2,4,4,2,2,5,5,2,691,204,1620,27,17,1,17,17,0,0,17,0,42,44,16,17,22.493,4,1,36.138966,-120.368301,179.625,5,600,58,3,e00fce6876826e255108c6bd,2025-07-21 00:00:03,2025-07-21 00:00:03,2025-07-21 00:00:03,2025-07-21
17,cs8IHnKGaV,MOOSPMv3Parser,1753056600,3,3,2,4,4,2,2,4,4,2,676,201,1636,31,17,1,17,17,0,0,17,0,42,44,16,17,23.124,3,1,36.138916,-120.368294,185.209,6,600,58,3,e00fce6876826e255108c6bd,2025-07-21 00:10:02,2025-07-21 00:10:03,2025-07-21 00:10:03,2025-07-21
29,kt2dJkFNNi,MOOSPMv3Parser,1753057200,3,3,2,4,4,2,2,5,5,2,710,211,1651,34,17,1,17,17,0,0,17,0,41,43,17,18,23.513,3,2,36.13903,-120.368401,183.320007,5,600,58,3,e00fce6876826e255108c6bd,2025-07-21 00:20:03,2025-07-21 00:20:03,2025-07-21 00:20:03,2025-07-21
37,y5M5GEptii,MOOSPMv3Parser,1753057800,3,3,2,5,5,3,3,5,5,3,704,213,1667,29,19,1,19,19,0,0,19,0,41,43,17,18,22.935,2,2,36.139229,-120.368584,152.184006,5,600,58,3,e00fce6876826e255108c6bd,2025-07-21 00:30:03,2025-07-21 00:30:03,2025-07-21 00:30:03,2025-07-21
50,kWbVlHAOMP,MOOSPMv3Parser,1753058400,3,3,2,4,4,2,2,5,5,2,699,210,1683,33,18,1,18,18,0,0,18,0,41,42,17,19,22.828,3,2,36.139088,-120.368347,157.942001,5,600,58,3,e00fce6876826e255108c6bd,2025-07-21 00:40:03,2025-07-21 00:40:03,2025-07-21 00:40:03,2025-07-21
63,yDcO9arM61,MOOSPMv3Parser,1753059000,3,3,3,5,5,3,3,5,5,3,735,224,1700,32,20,1,20,20,0,0,20,0,41,42,19,21,23.474,3,2,36.138996,-120.368332,178.908005,5,600,58,3,e00fce6876826e255108c6bd,2025-07-21 00:50:03,2025-07-21 00:50:03,2025-07-21 00:50:03,2025-07-21
72,ElGxAFvRe9,MOOSPMv3Parser,1753059600,3,3,3,5,5,3,3,5,5,3,760,229,1718,36,20,2,20,20,0,0,20,0,40,41,20,22,23.261,5,2,36.138996,-120.368332,178.906998,0,600,58,3,e00fce6876826e255108c6bd,2025-07-21 01:00:03,2025-07-21 01:00:03,2025-07-21 01:00:03,2025-07-21
83,EAgWBmBsYt,MOOSPMv3Parser,1753060200,3,3,3,5,5,3,3,5,5,3,732,221,1736,34,21,2,21,21,1,0,21,0,39,40,21,23,23.264,6,2,36.139011,-120.368385,157.528,7,600,58,3,e00fce6876826e255108c6bd,2025-07-21 01:10:02,2025-07-21 01:10:03,2025-07-21 01:10:03,2025-07-21
94,GGnrY3K8Qs,MOOSPMv3Parser,1753060800,3,3,3,5,5,3,3,5,5,3,694,212,1754,31,20,1,20,20,0,0,20,0,39,39,20,23,23.174,6,2,36.139008,-120.368324,156.903,7,600,58,3,e00fce6876826e255108c6bd,2025-07-21 01:20:03,2025-07-21 01:20:03,2025-07-21 01:20:03,2025-07-21
105,e54l90Af6N,MOOSPMv3Parser,1753061400,3,3,3,5,5,3,3,5,5,3,690,209,1771,33,20,1,20,20,0,0,20,0,39,39,20,23,24.085,4,3,36.139023,-120.368355,177.289993,8,600,58,3,e00fce6876826e255108c6bd,2025-07-21 01:30:02,2025-07-21 01:30:03,2025-07-21 01:30:03,2025-07-21
115,SiIxDcNHW5,MOOSPMv3Parser,1753062000,3,3,3,5,5,3,3,5,5,3,700,214,1788,35,20,2,20,20,0,0,20,0,38,38,20,23,24.002,3,3,36.138977,-120.368217,163.787003,7,600,58,3,e00fce6876826e255108c6bd,2025-07-21 01:40:02,2025-07-21 01:40:03,2025-07-21 01:40:03,2025-07-21
126,ltuXOaE7we,MOOSPMv3Parser,1753062600,3,3,3,4,4,3,3,5,5,3,697,211,1806,33,20,1,21,21,0,0,21,0,38,38,21,23,24.182,3,3,36.139004,-120.368355,176.917999,8,600,58,3,e00fce6876826e255108c6bd,2025-07-21 01:50:03,2025-07-21 01:50:03,2025-07-21 01:50:03,2025-07-21
138,f3ms2Gsq4E,MOOSPMv3Parser,1753063200,3,3,3,5,5,3,3,5,5,3,675,207,1824,32,20,2,20,20,0,0,20,0,37,37,21,24,23.883,3,4,36.138996,-120.368324,175.251999,7,600,58,3,e00fce6876826e255108c6bd,2025-07-21 02:00:03,2025-07-21 02:00:03,2025-07-21 02:00:03,2025-07-21
150,DP0Y0gOg09,MOOSPMv3Parser,1753063800,3,3,3,5,5,3,3,5,5,3,653,201,1843,33,22,1,22,22,0,0,22,0,37,37,22,25,23.682,3,4,36.139076,-120.368324,180.681,7,600,58,3,e00fce6876826e255108c6bd,2025-07-21 02:10:03,2025-07-21 02:10:03,2025-07-21 02:10:03,2025-07-21
159,NOKHvEOcrC,MOOSPMv3Parser,1753064400,3,3,3,4,4,3,3,5,5,3,677,207,1862,34,22,2,22,22,0,0,22,0,37,37,23,26,23.72,4,5,36.139076,-120.368324,183.712997,7,600,58,3,e00fce6876826e255108c6bd,2025-07-21 02:20:03,2025-07-21 02:20:03,2025-07-21 02:20:03,2025-07-21
171,zWQ3ESm6Xk,MOOSPMv3Parser,1753065000,3,3,3,5,5,3,3,5,5,3,700,216,1880,35,21,1,21,21,0,0,21,0,36,36,24,25,23.52,5,5,36.139225,-120.368347,198.869003,5,600,58,3,e00fce6876826e255108c6bd,2025-07-21 02:30:03,2025-07-21 02:30:03,2025-07-21 02:30:03,2025-07-21
180,BQB7wcheo1,MOOSPMv3Parser,1753065600,3,3,3,5,5,3,3,5,5,3,677,207,1899,35,21,2,21,21,0,0,21,0,35,36,25,27,23.797,5,5,36.138863,-120.368317,159.602997,5,600,58,3,e00fce6876826e255108c6bd,2025-07-21 02:40:02,2025-07-21 02:40:03,2025-07-21 02:40:03,2025-07-21
194,gPyhIxzbIm,MOOSPMv3Parser,1753066200,3,3,3,4,4,3,3,5,5,3,653,198,1917,31,21,2,21,21,0,0,21,0,35,35,26,28,23.096,6,6,36.138863,-120.368317,159.602005,0,600,58,3,e00fce6876826e255108c6bd,2025-07-21 02:50:03,2025-07-21 02:50:03,2025-07-21 02:50:03,2025-07-21
203,eoKPpEZYwC,MOOSPMv3Parser,1753066800,3,3,3,5,5,3,3,5,5,3,657,203,1937,32,23,2,23,23,0,0,23,0,34,35,27,29,23.085,7,6,36.139061,-120.368439,183.401993,5,600,58,3,e00fce6876826e255108c6bd,2025-07-21 03:00:02,2025-07-21 03:00:03,2025-07-21 03:00:03,2025-07-21
216,raCT2eC87K,MOOSPMv3Parser,1753067400,3,3,3,4,4,3,3,5,5,3,671,205,1956,31,22,1,22,22,0,0,22,0,34,34,28,30,22.856,8,6,36.139317,-120.368301,192.123001,5,600,58,3,e00fce6876826e255108c6bd,2025-07-21 03:10:03,2025-07-21 03:10:03,2025-07-21 03:10:03,2025-07-21
225,ssN4oMxEVG,MOOSPMv3Parser,1753068000,3,3,3,4,4,3,3,5,5,3,672,206,1977,33,24,2,24,24,0,0,24,0,33,34,27,29,22.41,10,6,36.139011,-120.368416,168.645004,6,600,58,3,e00fce6876826e255108c6bd,2025-07-21 03:20:03,2025-07-21 03:20:03,2025-07-21 03:20:03,2025-07-21
239,ikeDDUIbtv,MOOSPMv3Parser,1753068600,3,3,3,5,5,3,3,5,5,3,687,211,1997,34,23,1,23,23,0,0,23,0,33,33,26,28,22.389,12,6,36.138939,-120.368317,165.330994,6,600,58,3,e00fce6876826e255108c6bd,2025-07-21 03:30:03,2025-07-21 03:30:03,2025-07-21 03:30:03,2025-07-21
249,ROl78VzNoU,MOOSPMv3Parser,1753069200,1,1,1,1,1,1,1,2,2,1,297,89,2007,16,11,1,11,11,0,0,11,0,33,33,24,27,19.744,16,5,36.138958,-120.36837,173.190002,6,600,58,3,e00fce6876826e255108c6bd,2025-07-21 03:40:03,2025-07-21 03:40:03,2025-07-21 03:40:03,2025-07-21
258,Z3Rgi5yGsG,MOOSPMv3Parser,1753069800,0,0,1,1,1,1,1,1,1,1,189,58,2014,11,8,2,8,8,0,0,8,0,33,33,24,26,18.601,21,4,36.138985,-120.368233,184.110992,5,600,58,3,e00fce6876826e255108c6bd,2025-07-21 03:50:03,2025-07-21 03:50:03,2025-07-21 03:50:03,2025-07-21
269,ldse81mkLH,MOOSPMv3Parser,1753070400,0,0,1,0,0,1,1,1,1,1,166,51,2020,10,7,2,7,7,0,0,7,0,32,32,25,27,18.233,23,3,36.139019,-120.368332,171.852005,6,600,58,3,e00fce6876826e255108c6bd,2025-07-21 04:00:03,2025-07-21 04:00:03,2025-07-21 04:00:03,2025-07-21
283,UTB1hZsNTU,MOOSPMv3Parser,1753071000,0,0,1,0,0,1,1,0,0,1,156,47,2026,9,7,1,7,7,0,0,7,0,32,32,26,28,18.355,23,3,36.138981,-120.368347,174.667007,6,600,58,3,e00fce6876826e255108c6bd,2025-07-21 04:10:03,2025-07-21 04:10:03,2025-07-21 04:10:03,2025-07-21
295,Eo9Chtdu5K,MOOSPMv3Parser,1753071600,0,0,1,0,0,1,1,0,0,1,150,45,2032,8,7,1,7,7,0,0,7,0,32,32,26,29,18.124,22,4,36.139023,-120.36837,177.511993,6,600,58,3,e00fce6876826e255108c6bd,2025-07-21 04:20:03,2025-07-21 04:20:03,2025-07-21 04:20:03,2025-07-21
302,E8TX1BzitP,MOOSPMv3Parser,1753072200,0,0,1,0,0,1,1,0,0,1,138,43,2038,9,7,1,7,7,0,0,7,0,31,31,26,28,17.331,33,4,36.13903,-120.368385,168.832993,6,600,58,3,e00fce6876826e255108c6bd,2025-07-21 04:30:03,2025-07-21 04:30:03,2025-07-21 04:30:03,2025-07-21
315,bDCehSvFw2,MOOSPMv3Parser,1753072800,0,0,1,0,0,1,1,1,1,1,153,46,2044,9,7,1,7,7,0,0,7,0,31,31,27,29,17.628,36,3,36.13903,-120.368385,168.835007,0,600,58,3,e00fce6876826e255108c6bd,2025-07-21 04:40:03,2025-07-21 04:40:03,2025-07-21 04:40:03,2025-07-21
326,KNTbHQpr3c,MOOSPMv3Parser,1753073400,0,0,1,1,1,1,1,1,1,1,159,49,2050,12,8,1,8,8,0,0,8,0,31,31,28,30,17.298,39,3,36.139057,-120.368378,185.074997,6,600,58,3,e00fce6876826e255108c6bd,2025-07-21 04:50:03,2025-07-21 04:50:03,2025-07-21 04:50:03,2025-07-21
337,IhchaSn5o6,MOOSPMv3Parser,1753074000,0,0,1,1,1,1,1,1,1,1,172,52,2057,11,8,1,8,8,0,0,8,0,30,30,29,31,16.103,114,3,36.13903,-120.36834,160.776001,6,600,58,3,e00fce6876826e255108c6bd,2025-07-21 05:00:03,2025-07-21 05:00:03,2025-07-21 05:00:03,2025-07-21
348,ZmeFkQuGPQ,MOOSPMv3Parser,1753074600,0,0,1,1,1,1,1,1,1,1,166,51,2064,9,8,0,8,8,0,0,8,0,30,30,31,33,14.666,337,2,36.139011,-120.368393,166.723007,5,600,58,3,e00fce6876826e255108c6bd,2025-07-21 05:10:03,2025-07-21 05:10:03,2025-07-21 05:10:03,2025-07-21
359,QjgFzwhhZU,MOOSPMv3Parser,1753075200,0,0,1,0,0,1,1,1,1,1,171,53,2071,10,8,0,8,8,0,0,8,0,29,29,32,34,14.455,359,1,36.139004,-120.368401,159.102997,6,600,58,3,e00fce6876826e255108c6bd,2025-07-21 05:20:03,2025-07-21 05:20:03,2025-07-21 05:20:03,2025-07-21
371,EEFTGSaL0u,MOOSPMv3Parser,1753075800,0,0,1,1,1,1,1,1,1,1,177,54,2079,11,9,1,9,9,0,0,9,0,29,29,34,35,13.155,384,1,36.138969,-120.368462,174.934006,6,600,58,3,e00fce6876826e255108c6bd,2025-07-21 05:30:03,2025-07-21 05:30:03,2025-07-21 05:30:03,2025-07-21
381,GQKO1gU8AL,MOOSPMv3Parser,1753076400,0,0,1,1,1,1,1,1,1,1,194,59,2087,12,9,1,9,9,0,0,9,0,28,28,36,36,13.287,383,1,36.13903,-120.368301,180.246002,6,600,58,3,e00fce6876826e255108c6bd,2025-07-21 05:40:03,2025-07-21 05:40:03,2025-07-21 05:40:03,2025-07-21
393,ljQu7yGdAW,MOOSPMv3Parser,1753077000,0,0,1,1,1,1,1,1,1,1,184,56,2096,12,10,1,10,10,0,0,10,0,28,28,34,36,13.112,393,1,36.139027,-120.368423,173.317993,8,600,58,3,e00fce6876826e255108c6bd,2025-07-21 05:50:03,2025-07-21 05:50:03,2025-07-21 05:50:03,2025-07-21
406,stGFF7RWM3,MOOSPMv3Parser,1753077600,0,0,1,1,1,1,1,1,1,1,206,64,2104,14,9,1,9,9,0,0,9,0,27,28,34,36,12.573,416,1,36.13903,-120.36837,177.317993,8,600,58,3,e00fce6876826e255108c6bd,2025-07-21 06:00:05,2025-07-21 06:00:06,2025-07-21 06:00:06,2025-07-21
416,bgvYu5uae0,MOOSPMv3Parser,1753078200,0,0,1,1,1,1,1,1,1,1,225,70,2113,13,10,1,10,10,0,0,10,0,27,27,37,39,11.956,428,1,36.138981,-120.368332,169.865005,7,600,58,3,e00fce6876826e255108c6bd,2025-07-21 06:10:03,2025-07-21 06:10:03,2025-07-21 06:10:03,2025-07-21
424,EfwQAwYucq,MOOSPMv3Parser,1753078800,0,0,1,1,1,1,1,1,1,1,201,61,2122,14,10,1,10,10,0,0,10,0,27,27,35,38,11.378,436,1,36.138992,-120.368416,201.520996,5,600,58,3,e00fce6876826e255108c6bd,2025-07-21 06:20:03,2025-07-21 06:20:03,2025-07-21 06:20:03,2025-07-21
437,lGAQyukJsz,MOOSPMv3Parser,1753079400,0,0,1,1,1,1,1,1,1,1,184,55,2130,12,9,0,9,9,0,0,9,0,27,26,36,38,11.64,436,1,36.138992,-120.368416,201.524994,0,600,58,3,e00fce6876826e255108c6bd,2025-07-21 06:30:03,2025-07-21 06:30:03,2025-07-21 06:30:03,2025-07-21
446,DuV6d8X9AI,MOOSPMv3Parser,1753080000,0,0,1,1,1,1,1,1,1,1,173,53,2138,11,10,1,10,10,0,0,10,0,26,26,34,37,11.586,430,1,36.139027,-120.368355,167.884003,11,600,58,3,e00fce6876826e255108c6bd,2025-07-21 06:40:03,2025-07-21 06:40:03,2025-07-21 06:40:03,2025-07-21
459,xypptXqH39,MOOSPMv3Parser,1753080600,0,0,1,1,1,1,1,1,1,1,164,49,2145,9,8,1,8,8,0,0,8,0,26,26,34,36,12.673,419,1,36.139027,-120.368393,161.600998,9,600,58,3,e00fce6876826e255108c6bd,2025-07-21 06:50:03,2025-07-21 06:50:03,2025-07-21 06:50:03,2025-07-21
469,YumPpl4bVq,MOOSPMv3Parser,1753081200,0,0,1,0,0,1,1,0,0,1,122,36,2152,8,8,0,8,8,0,0,8,0,26,26,32,35,13.285,404,1,36.13903,-120.368416,174.626999,10,600,58,3,e00fce6876826e255108c6bd,2025-07-21 07:00:03,2025-07-21 07:00:03,2025-07-21 07:00:03,2025-07-21
484,SeEjEoatwR,MOOSPMv3Parser,1753081800,0,0,1,0,0,1,1,0,0,1,102,31,2157,6,6,0,6,6,0,0,6,0,26,25,32,35,13.751,378,1,36.139011,-120.36834,174.197998,9,600,58,3,e00fce6876826e255108c6bd,2025-07-21 07:10:07,2025-07-21 07:10:08,2025-07-21 07:10:08,2025-07-21
491,FMbcp9rcMW,MOOSPMv3Parser,1753082400,0,0,1,0,0,1,1,0,0,1,92,28,2161,6,5,1,5,5,0,0,5,0,26,25,31,34,14.034,376,1,36.139027,-120.368416,169.472,8,600,58,3,e00fce6876826e255108c6bd,2025-07-21 07:20:03,2025-07-21 07:20:03,2025-07-21 07:20:03,2025-07-21
502,8N990BtgbN,MOOSPMv3Parser,1753083000,0,0,1,0,0,1,1,0,0,1,82,25,2166,6,5,0,5,5,0,0,5,0,26,25,31,35,14.282,367,1,36.139027,-120.368294,187.410995,7,600,58,3,e00fce6876826e255108c6bd,2025-07-21 07:30:03,2025-07-21 07:30:03,2025-07-21 07:30:03,2025-07-21
511,1CqlEKZF5z,MOOSPMv3Parser,1753083600,0,0,1,0,0,1,1,0,0,1,101,30,2170,7,5,1,5,5,0,0,5,0,26,25,32,35,14.211,364,1,36.139091,-120.368225,202.554993,7,600,58,3,e00fce6876826e255108c6bd,2025-07-21 07:40:03,2025-07-21 07:40:03,2025-07-21 07:40:03,2025-07-21
522,hUDfqPhrcf,MOOSPMv3Parser,1753084200,0,0,1,0,0,1,1,0,0,1,110,33,2175,6,5,0,5,5,0,0,5,0,25,25,32,35,13.693,379,1,36.138996,-120.368858,135.656998,6,600,58,3,e00fce6876826e255108c6bd,2025-07-21 07:50:03,2025-07-21 07:50:03,2025-07-21 07:50:03,2025-07-21
530,t0m9nBmwbE,MOOSPMv3Parser,1753084800,0,0,1,0,0,1,1,0,0,1,101,30,2179,5,5,1,5,5,0,0,5,0,25,25,33,36,14.387,333,1,36.139088,-120.368164,180.882996,8,600,58,3,e00fce6876826e255108c6bd,2025-07-21 08:00:03,2025-07-21 08:00:03,2025-07-21 08:00:03,2025-07-21
542,0yzDzXZG0B,MOOSPMv3Parser,1753085400,0,0,1,0,0,1,1,0,0,1,92,28,2184,6,5,0,5,5,0,0,5,0,25,24,33,36,13.864,334,1,36.138992,-120.368233,187.809998,3,600,58,3,e00fce6876826e255108c6bd,2025-07-21 08:10:03,2025-07-21 08:10:03,2025-07-21 08:10:03,2025-07-21
551,wfQYPLBfx0,MOOSPMv3Parser,1753086000,0,0,1,0,0,1,1,0,0,1,84,25,2188,5,5,1,5,5,0,0,5,0,25,24,33,36,13.619,376,1,36.139034,-120.368248,183.820007,5,600,58,3,e00fce6876826e255108c6bd,2025-07-21 08:20:03,2025-07-21 08:20:03,2025-07-21 08:20:03,2025-07-21
561,dSBhtPPcVB,MOOSPMv3Parser,1753086600,0,0,1,0,0,1,1,0,0,1,82,25,2192,5,5,1,5,5,0,0,5,0,24,24,37,39,13.521,380,1,36.139004,-120.368423,164.783005,7,600,58,3,e00fce6876826e255108c6bd,2025-07-21 08:30:03,2025-07-21 08:30:03,2025-07-21 08:30:03,2025-07-21
571,8Clg1WcNWu,MOOSPMv3Parser,1753087200,0,0,1,0,0,1,1,0,0,1,105,32,2197,6,5,0,5,5,0,0,5,0,24,24,36,39,12.845,390,1,36.139019,-120.368347,169.625,7,600,58,3,e00fce6876826e255108c6bd,2025-07-21 08:40:03,2025-07-21 08:40:03,2025-07-21 08:40:03,2025-07-21
583,gtI8aGsi5R,MOOSPMv3Parser,1753087800,0,0,1,1,1,1,1,1,1,1,141,43,2203,12,8,3,8,8,0,0,8,1,24,23,37,39,12.678,381,1,36.139069,-120.368439,168.158997,8,600,58,3,e00fce6876826e255108c6bd,2025-07-21 08:50:03,2025-07-21 08:50:04,2025-07-21 08:50:04,2025-07-21
592,fPiwU4Tupb,MOOSPMv3Parser,1753088400,0,0,1,0,0,1,1,0,0,1,108,33,2207,6,5,0,5,5,0,0,5,1,23,23,38,40,12.221,403,1,36.138992,-120.36837,179.647995,7,600,58,3,e00fce6876826e255108c6bd,2025-07-21 09:00:03,2025-07-21 09:00:03,2025-07-21 09:00:03,2025-07-21
1038,md9B56ixaX,MOOSPMv3Parser,1753118401,3,3,304,6,6,318,318,7,7,318,780,239,2069,55,2376,3,2385,2386,0,0,2386,0,31,36,33,28,6.721,15,1,36.139015,-120.368416,182.048996,6,146,58,3,e00fce6876826e255108c6bd,2025-07-21 17:20:03,2025-07-21 17:20:03,2025-07-21 17:20:03,2025-07-21
1047,SKB6hIsdTd,MOOSPMv3Parser,1753119001,4,4,35,6,6,36,36,6,6,36,788,241,740,46,272,3,273,273,0,0,273,0,32,36,33,28,11.314,67,2,36.139015,-120.368416,182.046005,0,600,58,3,e00fce6876826e255108c6bd,2025-07-21 17:30:02,2025-07-21 17:30:03,2025-07-21 17:30:03,2025-07-21
1062,yi5FWSYHfp,MOOSPMv3Parser,1753119601,4,4,5,6,6,6,6,7,7,6,777,242,776,47,41,4,41,41,0,0,41,0,33,37,30,28,12.47,97,2,36.138996,-120.3685,155.977005,6,600,58,3,e00fce6876826e255108c6bd,2025-07-21 17:40:02,2025-07-21 17:40:03,2025-07-21 17:40:03,2025-07-21
1069,KpVlMpVGMu,MOOSPMv3Parser,1753120201,3,3,4,5,5,4,4,6,6,4,711,218,805,42,33,2,33,33,0,0,33,0,34,38,29,27,13.197,105,2,36.139126,-120.368721,141.117996,6,600,58,3,e00fce6876826e255108c6bd,2025-07-21 17:50:02,2025-07-21 17:50:02,2025-07-21 17:50:02,2025-07-21
1082,CTAE0HNFm0,MOOSPMv3Parser,1753120801,4,4,5,6,6,5,5,7,7,5,796,245,838,52,38,3,38,38,0,0,38,0,35,39,28,26,13.655,95,2,36.139023,-120.368507,165.761002,5,600,58,3,e00fce6876826e255108c6bd,2025-07-21 18:00:03,2025-07-21 18:00:03,2025-07-21 18:00:03,2025-07-21
1092,EfMuIMRn9w,MOOSPMv3Parser,1753121401,5,5,6,9,9,7,7,10,10,7,1070,333,880,68,49,5,49,49,0,0,49,0,34,39,29,26,14.603,103,1,36.139095,-120.368553,161.587997,6,600,58,3,e00fce6876826e255108c6bd,2025-07-21 18:10:03,2025-07-21 18:10:03,2025-07-21 18:10:03,2025-07-21
1104,d78u2bIOtP,MOOSPMv3Parser,1753122001,5,5,6,9,9,7,7,10,10,7,1068,332,923,65,50,5,50,50,0,0,50,0,34,39,29,25,15.13,106,1,36.139053,-120.368401,170.358002,5,600,58,3,e00fce6876826e255108c6bd,2025-07-21 18:20:03,2025-07-21 18:20:03,2025-07-21 18:20:03,2025-07-21
1119,POpDh5YmN6,MOOSPMv3Parser,1753122601,5,5,6,9,9,7,7,11,11,7,1085,337,966,70,49,5,50,50,0,0,50,0,34,39,29,25,15.624,24,1,36.139084,-120.368561,168.304001,6,600,58,3,e00fce6876826e255108c6bd,2025-07-21 18:30:08,2025-07-21 18:30:08,2025-07-21 18:30:08,2025-07-21
1125,jBRAYGAVFO,MOOSPMv3Parser,1753123201,5,5,5,8,8,6,6,9,9,6,924,287,1002,59,41,5,41,41,0,0,41,0,35,40,28,25,15.25,18,1,36.139091,-120.368378,172.647995,5,600,58,3,e00fce6876826e255108c6bd,2025-07-21 18:40:02,2025-07-21 18:40:03,2025-07-21 18:40:03,2025-07-21
1137,2xDqwSOdVE,MOOSPMv3Parser,1753123801,5,5,5,8,8,6,6,9,9,6,933,288,1039,57,43,5,43,43,1,0,43,0,36,40,27,25,15.56,22,1,36.139065,-120.368263,183.748001,6,600,58,3,e00fce6876826e255108c6bd,2025-07-21 18:50:03,2025-07-21 18:50:03,2025-07-21 18:50:03,2025-07-21
1150,pA3gBH8eBE,MOOSPMv3Parser,1753124401,4,4,5,7,7,6,6,8,8,6,905,279,1074,58,41,5,41,41,0,0,41,0,36,40,27,25,15.485,15,1,36.139019,-120.368324,188.145004,7,600,58,3,e00fce6876826e255108c6bd,2025-07-21 19:00:03,2025-07-21 19:00:03,2025-07-21 19:00:03,2025-07-21
1160,XZ9sUUqHGW,MOOSPMv3Parser,1753125001,4,4,5,7,7,5,5,8,8,5,836,259,1108,55,39,5,39,39,0,0,39,0,36,41,27,25,15.766,12,1,36.139027,-120.368279,184.397003,6,600,58,3,e00fce6876826e255108c6bd,2025-07-21 19:10:03,2025-07-21 19:10:03,2025-07-21 19:10:03,2025-07-21
1174,7wIymDffHK,MOOSPMv3Parser,1753125601,4,4,5,7,7,5,5,8,8,5,825,251,1141,53,38,4,38,38,1,0,38,0,37,41,26,24,15.257,15,1,36.139027,-120.368279,184.397995,0,600,58,3,e00fce6876826e255108c6bd,2025-07-21 19:20:07,2025-07-21 19:20:07,2025-07-21 19:20:07,2025-07-21
1183,9O6sdtiEkq,MOOSPMv3Parser,1753126201,4,4,5,7,7,5,5,8,8,5,848,259,1173,53,37,3,37,37,0,0,37,0,37,41,26,24,15.941,16,1,36.138988,-120.368317,163.664993,6,600,58,3,e00fce6876826e255108c6bd,2025-07-21 19:30:03,2025-07-21 19:30:03,2025-07-21 19:30:03,2025-07-21
1194,2Od6BUcp5X,MOOSPMv3Parser,1753126801,3,3,5,6,6,5,5,7,7,5,772,240,1204,46,35,3,35,35,0,0,35,0,37,42,24,23,15.933,15,1,36.139023,-120.368149,184.125,6,600,58,3,e00fce6876826e255108c6bd,2025-07-21 19:40:03,2025-07-21 19:40:03,2025-07-21 19:40:03,2025-07-21
1204,ZHKQ3yetw2,MOOSPMv3Parser,1753127401,3,3,4,6,6,4,4,7,7,4,739,226,1233,42,33,3,34,34,0,0,34,0,37,42,24,22,16.399,11,1,36.139042,-120.368301,161.240005,6,600,58,3,e00fce6876826e255108c6bd,2025-07-21 19:50:03,2025-07-21 19:50:03,2025-07-21 19:50:03,2025-07-21
1214,Jymgzum6SU,MOOSPMv3Parser,1753128001,3,3,4,6,6,5,5,7,7,5,743,228,1263,47,34,4,34,34,0,0,34,0,37,42,25,23,17.029,8,1,36.139034,-120.36834,169.309998,6,600,58,3,e00fce6876826e255108c6bd,2025-07-21 20:00:03,2025-07-21 20:00:03,2025-07-21 20:00:03,2025-07-21
1225,cIydjNL1ru,MOOSPMv3Parser,1753128601,3,3,4,5,5,4,4,6,6,4,745,229,1292,45,33,3,33,33,0,0,33,0,38,42,25,23,16.595,12,1,36.139114,-120.368187,203.419998,6,600,58,3,e00fce6876826e255108c6bd,2025-07-21 20:10:03,2025-07-21 20:10:03,2025-07-21 20:10:03,2025-07-21
1238,akbbagBeY2,MOOSPMv3Parser,1753129201,3,3,4,5,5,4,4,6,6,4,685,209,1319,40,32,3,32,32,0,0,32,0,39,42,24,23,15.798,14,1,36.139076,-120.368355,175.513,7,600,58,3,e00fce6876826e255108c6bd,2025-07-21 20:20:03,2025-07-21 20:20:03,2025-07-21 20:20:03,2025-07-21
1247,nSNmDZmCu4,MOOSPMv3Parser,1753129801,3,3,4,5,5,4,4,5,5,4,666,202,1344,37,29,2,29,29,0,0,29,0,38,42,24,23,16.756,17,1,36.13908,-120.368271,200.347,7,600,58,3,e00fce6876826e255108c6bd,2025-07-21 20:30:03,2025-07-21 20:30:03,2025-07-21 20:30:03,2025-07-21
1259,tPoXMk7uBd,MOOSPMv3Parser,1753130401,3,3,4,5,5,4,4,6,6,4,644,196,1369,37,29,3,29,29,0,0,29,0,39,43,24,23,16.204,16,1,36.139065,-120.368317,167.716003,6,600,58,3,e00fce6876826e255108c6bd,2025-07-21 20:40:03,2025-07-21 20:40:03,2025-07-21 20:40:03,2025-07-21
1270,MpKLv611hD,MOOSPMv3Parser,1753131001,3,3,4,5,5,4,4,5,5,4,657,199,1394,38,29,2,29,29,0,0,29,0,39,43,23,22,16.043,23,1,36.13908,-120.368454,139.425003,7,600,58,3,e00fce6876826e255108c6bd,2025-07-21 20:50:03,2025-07-21 20:50:03,2025-07-21 20:50:03,2025-07-21
1280,GBTZwEdMcy,MOOSPMv3Parser,1753131601,3,3,3,5,5,4,4,5,5,4,639,192,1418,37,27,2,27,27,0,0,27,0,39,43,24,22,16.511,21,1,36.139172,-120.368408,171.388,6,600,58,3,e00fce6876826e255108c6bd,2025-07-21 21:00:03,2025-07-21 21:00:03,2025-07-21 21:00:03,2025-07-21
1295,SSqrdFb1Wg,MOOSPMv3Parser,1753132201,2,2,3,4,4,3,3,5,5,3,583,177,1440,36,25,3,25,25,0,0,25,0,40,44,24,22,15.637,55,1,36.139172,-120.368408,171.386993,0,600,58,3,e00fce6876826e255108c6bd,2025-07-21 21:10:08,2025-07-21 21:10:08,2025-07-21 21:10:08,2025-07-21
1303,hxIE5wEIai,MOOSPMv3Parser,1753132801,2,2,3,4,4,3,3,5,5,3,601,179,1463,34,26,2,26,26,0,0,26,0,40,44,22,21,15.91,58,1,36.139141,-120.368416,165.479004,5,600,58,3,e00fce6876826e255108c6bd,2025-07-21 21:20:03,2025-07-21 21:20:03,2025-07-21 21:20:03,2025-07-21
1313,jwmDPaW73t,MOOSPMv3Parser,1753133401,2,2,3,4,4,3,3,5,5,3,589,178,1484,35,25,4,25,25,0,0,25,0,40,44,23,22,16.439,38,1,36.139046,-120.368393,176.298996,5,600,58,3,e00fce6876826e255108c6bd,2025-07-21 21:30:03,2025-07-21 21:30:03,2025-07-21 21:30:03,2025-07-21
