rh_sen5x,m_PM25_b,intercept
-0.04538034962071684,0.7474269140196469,4.9986113374079455
