rh_pms,m_PM25_CF1,m_PM1_CF1,temp_minus_dew_point,pm_rh_interaction,intercept
0.0013880362004853237,0.31716504567477277,0.4422503902550051,0.0,-0.004134578462464529,2.5946692555277195
