rh_pms,m_PM25_CF1,intercept
-0.05666630649779311,0.42556975936830765,5.177227717410739
