rh_pms,m_PM25_CF1,m_PM1_CF1,temp_minus_dew_point,pm_rh_interaction,intercept
0.05690607212719815,0.47779535631338405,0.056131232725598355,0.25029179735998686,-0.0052602986384302445,-2.619950874168209
