rh_pms,m_PM25_CF1,intercept
-0.09458489771951058,0.2392038064648129,7.7595626459803535
