date_time,unixtime,temp_C,rh,o3,m_PM25_CF1,m_PM10_CF1,lat,lon,reference,seasonal_bias,week,o3_calibrated_prepost
2025-06-27 12:30:00,1751052591.32,19.96,13.96,60.38136,-1.72,-1.68,8.82849536,-28.74554648,63.4,1,26,46.47246763941755
2025-06-27 13:30:00,1751056500.0,36.833333333333336,23.0,59.91216666666667,2.333333333333333,2.6666666666666665,36.78542216666667,-119.77314,56.7,1,26,56.81378516866784
2025-06-27 14:30:00,1751060100.0,38.0,22.33333333333333,68.38583333333334,3.1666666666666665,3.333333333333333,36.785439333333336,-119.773097,63.1,1,26,63.758913981677516
2025-06-27 15:30:00,1751063700.0,38.333333333333336,20.666666666666668,70.56233333333334,2.1666666666666665,2.1666666666666665,36.785431,-119.773117,63.9,1,26,65.0540650261643
2025-06-27 16:30:00,1751067300.0,38.5,20.166666666666668,69.80483333333333,2.0,2.0,36.78544183333333,-119.773112,63.2,1,26,64.44406478466178
2025-06-27 17:30:00,1751070900.0,38.333333333333336,20.33333333333333,69.66916666666667,9.833333333333334,10.0,36.78542383333333,-119.77312716666668,63.4,1,26,65.70259809426102
2025-06-27 18:30:00,1751074500.0,37.5,23.33333333333333,64.39066666666666,3.0,3.1666666666666665,36.78542216666667,-119.77311183333336,60.1,1,26,60.67035080793743
2025-06-27 19:30:00,1751078100.0,36.333333333333336,23.666666666666668,61.0225,1.0,1.1666666666666667,36.78544616666667,-119.77312733333332,55.1,1,26,57.275061487882105
2025-06-27 20:30:00,1751081700.0,33.666666666666664,28.33333333333333,56.864666666666665,1.5,1.8333333333333333,36.7854385,-119.77312866666666,53.4,1,26,53.81855920991351
2025-06-27 21:30:00,1751085300.0,32.0,31.5,51.10383333333333,4.166666666666667,4.666666666666667,36.78540183333333,-119.773126,49.5,1,26,49.75527967102186
2025-06-27 22:30:00,1751088900.0,30.5,33.333333333333336,49.27433333333334,1.1666666666666667,1.8333333333333333,36.785442333333336,-119.7731285,47.3,1,26,47.46695470736771
2025-06-27 23:30:00,1751092500.0,28.666666666666668,38.833333333333336,43.069,2.5,3.0,36.78542683333333,-119.77310183333331,43.3,1,26,43.156920566483144
2025-06-28 00:30:00,1751096100.0,26.83333333333333,45.833333333333336,31.766666666666666,3.0,3.6666666666666665,36.785369333333335,-119.773099,36.2,1,26,35.177810256801955
2025-06-28 01:30:00,1751099700.0,25.5,50.333333333333336,27.948,3.0,3.5,36.785432666666665,-119.77308516666666,32.8,1,26,32.48093714769944
2025-06-28 02:30:00,1751103300.0,24.166666666666668,54.66666666666666,20.68133333333333,3.5,3.6666666666666665,36.785486166666665,-119.7730165,27.7,1,26,27.239074884966136
2025-06-28 03:30:00,1751106900.0,23.0,57.333333333333336,15.058333333333332,4.5,4.833333333333333,36.7854005,-119.77306383333332,22.4,1,26,23.133850488966978
2025-06-28 04:30:00,1751110500.0,22.0,60.5,11.201166666666667,4.833333333333333,5.166666666666667,36.78544683333333,-119.77303166666668,19.9,1,26,20.3965115596746
2025-06-28 07:30:00,1751121300.0,25.0,52.0,15.809,10.833333333333334,11.333333333333334,36.78538116666667,-119.77309033333334,24.6,1,26,24.827802327705633
2025-06-28 08:30:00,1751124900.0,28.0,45.0,22.662333333333336,23.166666666666668,24.0,36.785455166666665,-119.77306883333334,30.9,1,26,32.3679979362093
2025-06-28 09:30:00,1751128500.0,30.166666666666668,40.16666666666666,40.365833333333335,17.833333333333332,19.0,36.78545366666666,-119.773112,43.0,1,26,44.900239699661576
2025-06-28 10:30:00,1751132100.0,32.5,36.333333333333336,54.91933333333333,16.5,17.333333333333332,36.7854105,-119.77312366666666,55.6,1,26,55.992500500593714
2025-06-28 11:30:00,1751135700.0,35.0,32.0,72.65816666666666,14.833333333333334,15.833333333333334,36.78540933333333,-119.773112,71.8,1,26,69.44761757597175
2025-06-28 12:30:00,1751139300.0,37.16666666666666,27.666666666666668,83.3985,11.833333333333334,12.5,36.785473,-119.77310816666666,82.6,1,26,77.20450404633814
2025-06-28 13:30:00,1751142900.0,38.333333333333336,24.83333333333333,74.05149999999999,4.833333333333333,5.166666666666667,36.785432,-119.7731425,71.8,1,26,68.95320939886955
2025-06-28 14:30:00,1751146500.0,39.0,22.166666666666668,68.81083333333333,2.333333333333333,2.5,36.78546266666667,-119.77311433333334,63.0,1,26,64.38815342084902
2025-06-28 15:30:00,1751150100.0,39.66666666666666,19.166666666666668,68.98183333333334,1.3333333333333333,1.5,36.7854245,-119.77312716666668,60.3,1,26,64.10630356337344
2025-06-28 16:30:00,1751153700.0,40.0,19.33333333333333,70.86766666666666,1.8333333333333333,2.0,36.78542816666667,-119.77310666666666,63.4,1,26,65.8058826390706
2025-06-28 17:30:00,1751157300.0,40.0,18.666666666666668,71.9765,2.5,2.5,36.785417333333335,-119.77312733333332,63.9,1,26,66.61942689725493
2025-06-28 18:30:00,1751160900.0,39.16666666666666,18.166666666666668,72.141,2.0,2.0,36.78541716666667,-119.7731335,62.7,1,26,66.15259479962202
2025-06-28 19:30:00,1751164500.0,37.5,22.0,66.64883333333334,2.1666666666666665,2.333333333333333,36.78545333333333,-119.77313116666666,60.0,1,26,61.96927718382842
2025-06-28 20:30:00,1751168100.0,34.666666666666664,27.33333333333333,60.55350000000001,3.0,3.1666666666666665,36.785405833333336,-119.77313116666666,56.2,1,26,57.1458326340805
2025-06-28 21:30:00,1751171700.0,32.666666666666664,33.5,59.07933333333333,3.0,3.0,36.78538133333333,-119.77309566666668,56.0,1,26,56.193250573530925
2025-06-28 22:30:00,1751175300.0,31.33333333333333,36.16666666666666,56.164,3.0,3.5,36.78546966666666,-119.7730955,53.4,1,26,53.88917964229454
2025-06-28 23:30:00,1751178900.0,29.166666666666668,43.66666666666666,39.254333333333335,3.6666666666666665,3.8333333333333335,36.78542516666666,-119.77311083333332,42.4,1,26,41.61710522319489
2025-06-29 00:30:00,1751182500.0,27.166666666666668,44.5,31.32033333333333,2.333333333333333,2.833333333333333,36.78541066666667,-119.77311466666669,34.7,1,26,34.62488504205431
2025-06-29 01:30:00,1751186100.0,26.5,43.833333333333336,30.126,2.1666666666666665,2.6666666666666665,36.785483,-119.77308783333336,32.6,1,26,33.247712152954925
2025-06-29 02:30:00,1751189700.0,24.83333333333333,47.5,24.24233333333333,3.0,3.5,36.78547733333333,-119.773084,28.3,1,26,28.844356463010662
2025-06-29 03:30:00,1751193300.0,23.83333333333333,51.16666666666666,19.118,3.0,4.0,36.78540633333333,-119.773131,25.0,1,26,25.230856413076786
2025-06-29 04:30:00,1751196900.0,23.0,53.5,15.8605,4.833333333333333,5.166666666666667,36.785421166666666,-119.7731005,22.9,1,26,23.082159930362472
2025-06-29 07:30:00,1751207700.0,24.83333333333333,53.5,10.397833333333333,15.833333333333334,16.666666666666668,36.785416833333336,-119.77315783333334,21.7,1,26,21.881566768655368
2025-06-29 08:30:00,1751211300.0,26.83333333333333,48.0,20.486833333333333,15.333333333333334,16.333333333333332,36.78542266666667,-119.7730865,28.2,1,26,29.338222901344018
2025-06-29 09:30:00,1751214900.0,29.666666666666668,39.833333333333336,38.13783333333333,7.166666666666667,7.666666666666667,36.78545333333333,-119.773098,39.7,1,26,40.96212746109372
2025-06-29 10:30:00,1751218500.0,31.666666666666668,37.16666666666666,50.78366666666667,7.0,7.666666666666667,36.78545566666667,-119.773108,49.9,1,26,50.92562386748116
2025-06-29 11:30:00,1751222100.0,34.0,33.166666666666664,61.62883333333334,6.166666666666667,6.833333333333333,36.78547233333333,-119.77312583333332,59.9,1,26,59.319181838778924
2025-06-29 12:30:00,1751225700.0,35.666666666666664,29.666666666666668,67.48716666666667,5.833333333333333,6.0,36.785428333333336,-119.77312083333334,66.1,1,26,63.78193272962613
2025-06-29 13:30:00,1751229300.0,37.0,28.0,62.864,4.833333333333333,5.0,36.785443,-119.77312583333332,61.9,1,26,60.47465935364979
2025-06-29 14:30:00,1751232900.0,37.833333333333336,25.5,62.1595,2.833333333333333,3.0,36.7854575,-119.77312083333334,58.8,1,26,59.53170729477893
2025-06-29 15:30:00,1751236500.0,38.5,24.83333333333333,66.16783333333333,1.8333333333333333,2.333333333333333,36.78541616666667,-119.77311316666668,61.2,1,26,62.59360234955681
2025-06-29 16:30:00,1751240401.0,39.333333333333336,21.33333333333333,65.29933333333334,1.0,1.3333333333333333,36.78538766666667,-119.77310966666666,58.8,1,26,61.535513253064344
2025-06-29 17:30:00,1751243101.0,39.0,21.33333333333333,69.015,1.6666666666666667,1.8333333333333333,36.78541416666667,-119.7731235,62.0,1,26,64.26745625175764
2025-06-29 18:30:00,1751246701.0,38.5,21.0,70.904,1.8333333333333333,2.1666666666666665,36.78543233333333,-119.77312616666669,62.6,1,26,65.42270433734126
2025-06-29 19:30:00,1751250301.0,37.0,22.166666666666668,65.70766666666667,1.5,1.6666666666666667,36.78546133333333,-119.77309916666668,57.0,1,26,60.92977515734345
2025-06-29 20:30:00,1751253901.0,34.0,28.166666666666668,57.68666666666667,1.1666666666666667,1.1666666666666667,36.785418166666666,-119.77304716666669,51.4,1,26,54.480747519007686
2025-06-29 21:30:00,1751257501.0,32.166666666666664,32.333333333333336,53.09916666666667,1.1666666666666667,1.3333333333333333,36.78537766666667,-119.7731095,48.2,1,26,50.927469643432694
2025-06-29 22:30:00,1751261101.0,30.83333333333333,32.333333333333336,54.506,2.0,2.333333333333333,36.78546966666666,-119.77309033333334,49.4,1,26,51.49347068775041
2025-06-29 23:30:00,1751264701.0,29.33333333333333,31.666666666666668,48.5035,1.5,2.0,36.78540366666667,-119.77309016666668,44.6,1,26,46.05204622425635
2025-06-30 00:30:00,1751268301.0,28.0,30.166666666666668,46.6155,0.8333333333333334,0.8333333333333334,36.78539783333333,-119.77308899999998,42.6,1,27,43.885391637161156
2025-06-30 01:30:00,1751271901.0,26.0,33.166666666666664,38.811166666666665,0.8333333333333334,1.1666666666666667,36.78542016666667,-119.7731095,36.2,1,27,37.63163466600114
2025-06-30 02:30:00,1751275501.0,24.166666666666668,36.0,32.407000000000004,2.5,2.6666666666666665,36.78544883333333,-119.77310933333332,31.8,1,27,32.73538279589241
2025-06-30 03:30:00,1751279101.0,23.33333333333333,37.5,27.639,1.5,2.0,36.78537766666667,-119.773084,29.4,1,27,28.875520440544527
2025-06-30 04:30:00,1751282701.0,22.5,40.16666666666666,21.163166666666665,3.333333333333333,3.333333333333333,36.785464,-119.773084,24.2,1,27,24.386043230062803
2025-06-30 05:30:00,1751286301.0,22.0,42.66666666666666,15.127666666666665,3.8333333333333335,4.0,36.7854125,-119.77310683333332,,1,27,20.17735538938593
2025-06-30 07:30:00,1751293501.0,24.666666666666668,44.16666666666666,13.558,4.0,4.166666666666667,36.78543733333333,-119.77313083333333,23.6,1,27,20.613544836259287
2025-06-30 08:30:00,1751297101.0,27.33333333333333,34.833333333333336,27.189666666666668,2.5,2.6666666666666665,36.78545,-119.77309533333332,32.6,1,27,30.151207791214837
2025-06-30 09:30:00,1751300701.0,30.166666666666668,28.166666666666668,43.9675,1.5,2.0,36.785414333333335,-119.77310833333333,42.6,1,27,42.74643988808199
2025-06-30 10:30:00,1751304301.0,33.0,23.33333333333333,55.94833333333333,1.0,1.5,36.78542633333333,-119.773145,50.0,1,27,52.142016467722804
2025-06-30 11:30:00,1751307901.0,34.666666666666664,21.0,65.45383333333334,1.8333333333333333,1.8333333333333333,36.78545183333333,-119.77311216666664,59.0,1,27,59.76877709050289
2025-06-30 12:30:00,1751311501.0,35.833333333333336,20.33333333333333,66.95649999999999,1.6666666666666667,1.8333333333333333,36.7854645,-119.77311433333334,59.3,1,27,61.32865540485812
2025-06-30 13:30:00,1751315101.0,36.5,19.5,64.82799999999999,1.0,1.6666666666666667,36.78542083333333,-119.77310816666666,57.3,1,27,59.824555920600126
2025-06-30 14:30:00,1751318701.0,37.5,21.83333333333333,66.30533333333334,2.0,2.0,36.785393,-119.7730395,60.0,1,27,61.98063396796062
2025-06-30 15:30:00,1751322301.0,38.16666666666666,21.0,69.76233333333333,1.3333333333333333,1.6666666666666667,36.78542466666666,-119.77312983333331,62.7,1,27,64.65694283717696
2025-06-30 16:30:00,1751325901.0,38.833333333333336,20.166666666666668,74.59616666666666,2.0,2.333333333333333,36.785441,-119.77311433333334,65.3,1,27,68.57710979884874
2025-06-30 17:30:00,1751329501.0,39.16666666666666,20.5,73.14566666666667,3.1666666666666665,3.5,36.785429666666666,-119.7731195,64.4,1,27,67.92125017287168
2025-06-30 18:30:00,1751333101.0,38.333333333333336,20.83333333333333,72.53250000000001,3.333333333333333,3.333333333333333,36.78535466666667,-119.77308666666666,62.8,1,27,67.11660256439214
2025-06-30 19:30:00,1751336701.0,36.66666666666666,21.83333333333333,67.88866666666667,1.3333333333333333,1.8333333333333333,36.7854355,-119.77306383333332,57.3,1,27,62.68437125461303
2025-06-30 20:30:00,1751340301.0,33.666666666666664,23.83333333333333,69.37266666666666,1.1666666666666667,1.6666666666666667,36.785443666666666,-119.77306883333334,59.1,1,27,62.672074226340904
2025-06-30 21:30:00,1751343901.0,31.666666666666668,28.33333333333333,64.6555,1.0,1.3333333333333333,36.785413166666665,-119.77314,57.3,1,27,58.94426858034928
2025-06-30 22:30:00,1751347501.0,29.83333333333333,32.333333333333336,57.9475,1.1666666666666667,1.3333333333333333,36.78542316666667,-119.773178,52.8,1,27,53.76948795023625
2025-06-30 23:30:00,1751351101.0,28.5,33.333333333333336,48.05166666666667,0.6666666666666666,1.0,36.785472166666665,-119.77308899999998,44.6,1,27,45.79627920021347
2025-07-01 00:30:00,1751354701.0,27.0,36.5,39.68333333333333,0.1666666666666666,0.8333333333333334,36.78542733333333,-119.773112,38.2,1,27,39.30571361771468
2025-07-01 01:30:00,1751358301.0,25.666666666666668,38.833333333333336,34.586666666666666,0.6666666666666666,1.0,36.78544483333334,-119.77309033333334,34.5,1,27,35.321107104549746
2025-07-01 02:30:00,1751361901.0,24.5,41.0,30.58783333333333,0.0,0.8333333333333334,36.78543533333333,-119.77304616666667,31.3,1,27,32.073056245495415
2025-07-01 03:30:00,1751365501.0,23.0,44.833333333333336,24.94666666666667,0.5,1.0,36.7854365,-119.77309666666667,27.5,1,27,27.877144491752652
2025-07-01 04:30:00,1751369101.0,21.83333333333333,49.16666666666666,12.848666666666666,1.1666666666666667,1.8333333333333333,36.78544983333333,-119.77308899999998,20.4,1,27,19.160403843180248
2025-07-01 08:30:00,1751383501.0,26.666666666666668,39.16666666666666,22.94933333333333,3.333333333333333,3.8333333333333335,36.78540066666667,-119.77315666666664,32.5,1,27,27.62356847886668
2025-07-01 09:30:00,1751387101.0,28.83333333333333,35.166666666666664,34.464499999999994,4.0,4.166666666666667,36.78545233333333,-119.7731145,41.7,1,27,36.67830189821421
2025-07-01 10:30:00,1751390701.0,31.166666666666668,31.83333333333333,40.587833333333336,3.8333333333333335,4.333333333333333,36.7854265,-119.77309283333334,48.3,1,27,41.79692370564742
2025-07-01 11:30:00,1751394301.0,33.833333333333336,23.83333333333333,59.17133333333334,1.8333333333333333,2.0,36.785410166666665,-119.77309033333334,58.3,1,27,55.184230820521684
2025-07-01 12:30:00,1751397901.0,35.0,21.666666666666668,64.28933333333333,2.1666666666666665,2.333333333333333,36.785401,-119.7730955,60.1,1,27,59.25502928547795
2025-07-01 13:30:00,1751401501.0,36.0,22.83333333333333,65.78616666666666,2.5,2.833333333333333,36.7853685,-119.77309566666668,60.9,1,27,61.1593251156093
2025-07-01 14:30:00,1751405101.0,36.833333333333336,22.666666666666668,63.753166666666665,2.1666666666666665,2.5,36.785419,-119.773094,57.9,1,27,59.95032396573732
2025-07-01 15:30:00,1751408701.0,37.5,24.0,61.75483333333333,2.833333333333333,2.833333333333333,36.78544216666666,-119.77308766666668,58.1,1,27,59.11543125221704
2025-07-01 16:30:00,1751412301.0,37.833333333333336,23.666666666666668,64.59866666666666,2.833333333333333,3.0,36.785457,-119.77308016666666,58.6,1,27,61.366087575581
2025-07-01 17:30:00,1751415901.0,38.0,24.83333333333333,68.93933333333334,4.0,4.0,36.785387166666666,-119.77313366666668,63.0,1,27,65.11856634047317
2025-07-01 18:30:00,1751419501.0,37.333333333333336,25.33333333333333,71.23166666666667,3.6666666666666665,3.8333333333333335,36.78537483333333,-119.7730905,62.7,1,27,66.56100321404423
2025-07-01 19:30:00,1751423101.0,36.333333333333336,24.5,64.1355,1.8333333333333333,2.1666666666666665,36.785404,-119.77311716666668,55.4,1,27,60.27435536536934
2025-07-01 20:30:00,1751426701.0,33.833333333333336,26.83333333333333,61.60366666666667,2.0,2.1666666666666665,36.7854245,-119.77307516666669,53.0,1,27,57.59887711924997
2025-07-01 21:30:00,1751430301.0,32.166666666666664,29.0,58.29233333333334,2.0,2.0,36.785399000000005,-119.77309533333332,51.3,1,27,54.6854170998517
2025-07-01 22:30:00,1751433901.0,30.5,31.83333333333333,53.13933333333333,2.0,2.0,36.78545566666667,-119.77309066666668,48.1,1,27,50.527005114438644
2025-07-01 23:30:00,1751437501.0,29.0,31.83333333333333,50.06166666666667,2.1666666666666665,2.5,36.785437,-119.77310566666668,45.5,1,27,47.5388503419043
2025-07-02 00:30:00,1751441101.0,28.5,31.0,50.233,2.833333333333333,3.0,36.785449666666665,-119.77310416666668,44.5,1,27,47.37250210706218
2025-07-02 01:30:00,1751444701.0,27.166666666666668,34.5,45.1955,3.1666666666666665,3.333333333333333,36.78535716666666,-119.77310316666666,41.0,1,27,43.6476098232987
2025-07-02 02:30:00,1751448301.0,25.5,40.0,37.13783333333333,3.333333333333333,3.6666666666666665,36.7854625,-119.77307116666668,35.2,1,27,37.84799785470654
2025-07-02 03:30:00,1751451901.0,23.33333333333333,48.0,22.310666666666663,4.666666666666667,4.833333333333333,36.78545233333333,-119.77308266666668,27.4,1,27,27.365635106064907
2025-07-02 04:30:00,1751455501.0,23.0,49.66666666666666,19.136666666666667,5.0,5.0,36.78537683333334,-119.77311583333334,25.8,1,27,25.17467508228453
2025-07-02 05:30:00,1751459101.0,22.166666666666668,50.66666666666666,19.5945,5.833333333333333,6.166666666666667,36.785433000000005,-119.77313766666668,,1,27,25.47297219172814
2025-07-02 06:30:00,1751462701.0,22.166666666666668,51.5,13.977166666666667,6.166666666666667,6.333333333333333,36.78541116666667,-119.77313383333336,22.1,1,27,21.455368572672207
2025-07-02 07:30:00,1751466301.0,24.166666666666668,46.333333333333336,18.127,5.666666666666667,5.833333333333333,36.78542766666667,-119.7731335,25.5,1,27,24.500228426515058
2025-07-02 08:30:00,1751469901.0,27.666666666666668,38.5,29.16733333333333,5.0,5.0,36.78545966666667,-119.77314116666668,34.1,1,27,32.91399307392842
2025-07-02 09:30:00,1751473501.0,30.166666666666668,34.0,39.20183333333333,4.833333333333333,5.0,36.785415666666665,-119.77309683333334,42.8,1,27,40.82017862500317
2025-07-02 10:30:00,1751477101.0,32.166666666666664,32.666666666666664,42.49766666666667,3.6666666666666665,4.166666666666667,36.78542183333334,-119.773093,43.2,1,27,43.846208041443454
2025-07-02 11:30:00,1751480701.0,33.5,32.5,45.3305,3.8333333333333335,3.8333333333333335,36.78539266666667,-119.77306466666668,45.5,1,27,46.58338755805517
2025-07-02 12:30:00,1751484301.0,34.5,34.0,49.772,5.833333333333333,5.833333333333333,36.785405,-119.77309683333334,50.2,1,27,51.044300341425945
2025-07-02 13:30:00,1751487901.0,35.333333333333336,32.5,48.34816666666666,4.833333333333333,4.833333333333333,36.78545183333333,-119.77310816666666,48.2,1,27,49.92566271018914
2025-07-02 14:30:00,1751491501.0,36.66666666666666,29.83333333333333,54.05316666666667,5.0,5.0,36.78546266666667,-119.7730815,54.2,1,27,54.39608998219061
2025-07-02 15:30:00,1751495101.0,37.833333333333336,29.0,57.63883333333334,4.833333333333333,4.833333333333333,36.78542016666667,-119.7731145,55.9,1,27,57.47521242598919
2025-07-02 16:30:00,1751498701.0,38.16666666666666,27.83333333333333,61.20633333333333,5.0,5.166666666666667,36.7854195,-119.7730955,58.6,1,27,60.14390716084545
2025-07-02 17:30:00,1751502301.0,38.833333333333336,24.666666666666668,60.81583333333333,4.5,4.5,36.78541633333334,-119.773108,56.8,1,27,59.484635459990564
2025-07-02 18:30:00,1751505901.0,38.16666666666666,23.5,59.177166666666665,4.333333333333333,4.333333333333333,36.78540233333334,-119.7730725,54.4,1,27,57.680731064320035
2025-07-02 19:30:00,1751509501.0,37.16666666666666,23.166666666666668,56.78983333333333,3.1666666666666665,3.333333333333333,36.785485666666666,-119.77315033333332,51.9,1,27,55.14206815132098
2025-07-02 20:30:00,1751513101.0,34.833333333333336,23.666666666666668,47.74266666666667,0.0,1.0,36.78540866666666,-119.77308016666666,44.1,1,27,46.80344471991511
2025-07-02 21:30:00,1751516701.0,33.0,32.666666666666664,39.894666666666666,3.1666666666666665,3.333333333333333,36.7854495,-119.77308383333332,41.3,1,27,42.18261962544248
2025-07-02 22:30:00,1751520301.0,31.33333333333333,43.16666666666666,37.41166666666667,6.166666666666667,6.333333333333333,36.78539933333334,-119.77308766666664,40.0,1,27,41.99128006624229
2025-07-02 23:30:00,1751523901.0,28.83333333333333,47.333333333333336,26.3175,4.0,4.166666666666667,36.785372333333335,-119.77310933333332,33.2,1,27,32.825084924228754
2025-07-03 00:30:00,1751527501.0,27.5,49.333333333333336,27.13133333333333,3.0,3.1666666666666665,36.785401666666665,-119.77312483333333,31.9,1,27,32.977147478866094
2025-07-03 01:30:00,1751531101.0,26.166666666666668,52.333333333333336,22.723666666666663,3.1666666666666665,3.8333333333333335,36.78549483333333,-119.7731335,29.2,1,27,29.644204527821408
2025-07-03 02:30:00,1751534701.0,25.33333333333333,52.16666666666666,20.44983333333333,3.0,3.0,36.785411833333335,-119.77310683333332,26.8,1,27,27.412137734202908
2025-07-03 03:30:00,1751538301.0,24.33333333333333,55.5,14.441166666666668,3.5,3.6666666666666665,36.78546716666667,-119.77308266666668,22.5,1,27,23.133840989821472
2025-07-03 08:30:00,1751556301.0,27.33333333333333,47.66666666666666,17.829333333333334,6.5,7.0,36.785439333333336,-119.77310183333331,27.5,1,27,26.25220623858349
2025-07-03 09:30:00,1751559901.0,30.666666666666668,40.333333333333336,35.81466666666666,11.0,12.0,36.78542583333333,-119.77311216666664,42.9,1,27,40.86982906710764
2025-07-03 10:30:00,1751563501.0,32.666666666666664,39.833333333333336,49.0865,18.5,19.33333333333333,36.785434,-119.77308516666666,56.1,1,27,53.046206691884
2025-07-03 11:30:00,1751567101.0,35.166666666666664,33.333333333333336,64.21933333333334,17.666666666666668,18.666666666666668,36.78541633333333,-119.77310833333333,69.3,1,27,64.28972849774442
2025-07-03 12:30:00,1751570701.0,36.833333333333336,29.5,66.94533333333334,9.833333333333334,10.166666666666666,36.78547283333334,-119.77308533333331,68.2,1,27,64.98670242154449
2025-07-03 13:30:00,1751574301.0,38.0,28.33333333333333,63.8825,5.0,5.5,36.78546216666667,-119.77307633333334,63.2,1,27,62.19282454664447
2025-07-03 14:30:00,1751577901.0,38.5,27.33333333333333,61.22366666666667,4.333333333333333,4.333333333333333,36.785426,-119.773108,58.4,1,27,60.09427619590503
2025-07-03 15:30:00,1751581501.0,38.16666666666666,26.83333333333333,58.221833333333336,3.1666666666666665,3.8333333333333335,36.78544566666667,-119.77311566666668,55.0,1,27,57.43141618919116
2025-07-03 16:30:00,1751585101.0,35.833333333333336,22.5,53.1815,0.5,0.6666666666666666,36.78542466666666,-119.77309416666668,46.3,1,27,51.179771296755455
2025-07-03 17:30:00,1751588701.0,35.666666666666664,17.333333333333332,48.516,0.0,0.0,36.785439333333336,-119.77310183333331,39.6,1,27,46.52987608685543
2025-07-03 18:30:00,1751592301.0,35.166666666666664,25.83333333333333,49.40266666666667,0.1666666666666666,0.5,36.785425833333335,-119.7731145,45.1,1,27,48.59055048209171
2025-07-03 19:30:00,1751595901.0,32.833333333333336,33.5,50.2635,0.8333333333333334,1.1666666666666667,36.785441,-119.77312466666666,46.2,1,27,49.64017759788273
2025-07-03 20:30:00,1751599501.0,30.166666666666668,34.833333333333336,37.89516666666667,0.0,0.5,36.785449166666666,-119.773131,35.5,1,27,39.159893429007944
2025-07-03 21:30:00,1751603101.0,28.166666666666668,36.16666666666666,28.367,0.0,0.0,36.78542183333334,-119.77306366666666,27.8,1,27,31.23179813729292
2025-07-03 22:30:00,1751606701.0,26.5,38.16666666666666,22.456,0.0,0.1666666666666666,36.78541066666667,-119.77308533333331,23.8,1,27,26.362993751182394
2025-07-03 23:30:00,1751610301.0,24.83333333333333,40.0,19.436666666666667,0.0,0.0,36.785421,-119.773117,21.7,1,27,23.606761376881643
2025-07-04 00:30:00,1751613901.0,24.0,37.16666666666666,21.674166666666665,0.0,0.0,36.78543616666666,-119.77310933333332,22.9,1,27,24.351475461969223
2025-07-04 01:30:00,1751617501.0,23.5,36.833333333333336,23.8125,0.0,0.0,36.78542,-119.7731195,23.3,1,27,25.650304519819464
2025-07-04 02:30:00,1751621101.0,22.0,40.5,22.050666666666668,0.0,0.0,36.78544466666667,-119.77312366666666,22.0,1,27,24.275165905587137
2025-07-04 03:30:00,1751624701.0,20.83333333333333,44.16666666666666,18.64883333333333,0.0,0.0,36.78543083333333,-119.77312333333332,20.1,1,27,21.8317447614239
2025-07-04 04:30:00,1751628301.0,20.0,47.0,15.181333333333336,0.0,0.0,36.785438500000005,-119.7730445,18.6,1,27,19.347147730747032
2025-07-04 05:30:00,1751631901.0,19.5,49.5,13.259833333333331,0.0,0.0,36.785433833333336,-119.7731575,,1,27,18.124695120924535
2025-07-04 06:30:00,1751635501.0,19.166666666666668,51.333333333333336,10.038166666666667,0.0,0.3333333333333333,36.785432,-119.7731095,16.1,1,27,15.911291723889534
2025-07-04 07:30:00,1751639101.0,20.666666666666668,47.16666666666666,13.198,0.0,0.3333333333333333,36.78538783333334,-119.77309533333332,18.4,1,27,18.243167221614804
2025-07-04 08:30:00,1751642701.0,22.5,43.333333333333336,18.8325,0.0,0.0,36.785364666666666,-119.77307133333332,22.4,1,27,22.630789989532367
2025-07-04 09:30:00,1751646301.0,25.166666666666668,39.0,24.153,0.0,0.0,36.7854245,-119.773112,26.2,1,27,27.125523425276306
2025-07-04 10:30:00,1751649901.0,27.5,33.666666666666664,31.07716666666667,0.0,0.0,36.78544166666666,-119.773098,29.9,1,27,32.475121370281094
2025-07-04 11:30:00,1751653501.0,29.666666666666668,30.666666666666668,34.9155,0.0,0.0,36.785453,-119.77311583333334,32.1,1,27,35.86015548637025
2025-07-04 12:30:00,1751657101.0,31.33333333333333,28.166666666666668,37.313,0.0,0.0,36.78539216666667,-119.77311966666667,33.4,1,27,38.011417059041754
2025-07-04 13:30:00,1751660701.0,32.333333333333336,25.33333333333333,39.487,0.0,0.0,36.785393166666665,-119.77314116666666,34.4,1,27,39.6063061795413
2025-07-04 14:30:00,1751664301.0,33.833333333333336,23.0,40.997166666666665,0.0,0.0,36.78542633333333,-119.77309183333334,35.3,1,27,41.04063890024552
2025-07-04 15:30:00,1751667901.0,34.666666666666664,20.5,39.351,0.3333333333333333,0.3333333333333333,36.78544366666667,-119.77307383333334,33.3,1,27,39.806711409564976
2025-07-04 16:30:00,1751671501.0,35.0,20.666666666666668,38.946333333333335,0.0,0.0,36.78543966666667,-119.77308416666666,32.8,1,27,39.63765304898636
2025-07-04 17:30:00,1751675101.0,34.666666666666664,22.33333333333333,40.598333333333336,0.0,0.0,36.78542066666667,-119.77312333333332,34.8,1,27,41.02517032439457
2025-07-04 18:30:00,1751678701.0,33.5,22.33333333333333,42.383833333333335,0.0,0.0,36.78543916666667,-119.7731145,35.9,1,27,41.794595718771866
2025-07-04 19:30:00,1751682301.0,32.5,25.33333333333333,46.44133333333334,0.0,0.0,36.78542783333334,-119.773122,40.7,1,27,44.91016622839246
2025-07-04 20:30:00,1751685901.0,29.666666666666668,26.5,48.248,4.0,4.0,36.78544683333333,-119.77310183333331,42.4,1,27,45.80981210249508
2025-07-04 21:30:00,1751689501.0,27.166666666666668,31.166666666666668,39.881166666666665,49.5,51.333333333333336,36.78540016666667,-119.77313883333332,35.3,1,27,47.43932698786117
2025-07-04 22:30:00,1751693101.0,25.33333333333333,34.666666666666664,33.306000000000004,15.0,15.833333333333334,36.78543166666667,-119.77312216666668,30.8,1,27,36.01875343404671
2025-07-04 23:30:00,1751696701.0,23.5,36.5,31.992,9.666666666666666,10.166666666666666,36.785441166666665,-119.773092,29.8,1,27,33.496355123795816
2025-07-05 00:30:00,1751700301.0,22.0,40.0,27.644666666666662,12.0,13.0,36.785373166666666,-119.7730675,28.1,1,27,30.60658962165578
2025-07-05 01:30:00,1751703901.0,20.666666666666668,43.5,27.323166666666665,2.0,2.1666666666666665,36.785443666666666,-119.7730625,27.0,1,27,28.510501390272488
2025-07-05 02:30:00,1751707501.0,19.666666666666668,44.66666666666666,24.649666666666665,3.6666666666666665,4.333333333333333,36.78539966666667,-119.77312466666666,25.9,1,27,26.569329024357437
2025-07-05 03:30:00,1751711101.0,18.33333333333333,46.0,23.16133333333333,2.1666666666666665,2.333333333333333,36.78542933333333,-119.77314116666668,24.9,1,27,24.737575108465983
2025-07-05 04:30:00,1751714701.0,17.333333333333332,49.833333333333336,20.61583333333333,2.833333333333333,3.1666666666666665,36.78543866666667,-119.77314116666668,23.8,1,27,23.182675817500176
2025-07-05 05:30:00,1751718301.0,16.333333333333332,53.66666666666666,15.852666666666666,5.833333333333333,6.833333333333333,36.78541933333333,-119.77311716666668,,1,27,20.42039008119165
2025-07-05 06:30:00,1751721901.0,16.333333333333332,55.333333333333336,13.022833333333333,8.166666666666666,9.166666666666666,36.785411333333336,-119.77310316666669,19.4,1,27,19.021752062208584
2025-07-05 07:30:00,1751725501.0,18.33333333333333,50.66666666666666,15.2375,8.666666666666666,9.833333333333334,36.7854075,-119.773117,21.1,1,27,20.89877662102115
2025-07-05 08:30:00,1751729101.0,21.33333333333333,42.66666666666666,22.75316666666667,6.833333333333333,7.166666666666667,36.78540683333333,-119.77312333333332,26.4,1,27,26.12607869426713
2025-07-05 09:30:00,1751732701.0,24.33333333333333,35.666666666666664,31.983833333333333,3.6666666666666665,3.8333333333333335,36.78540483333333,-119.77309533333334,32.6,1,27,32.645268398719345
2025-07-05 10:30:00,1751736301.0,26.5,32.333333333333336,37.071,3.1666666666666665,3.333333333333333,36.78544016666667,-119.77311716666668,36.7,1,27,36.81687200410655
2025-07-05 11:30:00,1751739901.0,28.33333333333333,31.0,40.559,4.0,4.166666666666667,36.78538533333333,-119.77312216666668,39.3,1,27,40.234431799594525
2025-07-05 12:30:00,1751743501.0,30.166666666666668,28.166666666666668,42.98283333333333,2.5,2.5,36.7854225,-119.77312216666668,40.2,1,27,42.14359355769438
2025-07-05 13:30:00,1751747101.0,32.0,25.5,44.42816666666667,1.0,1.0,36.78544383333333,-119.77310033333332,40.5,1,27,43.36291638093699
2025-07-05 14:30:00,1751750701.0,33.0,24.666666666666668,46.03483333333333,0.6666666666666666,1.0,36.785446,-119.77308266666668,41.9,1,27,44.87244694910934
2025-07-05 15:30:00,1751754301.0,34.166666666666664,23.166666666666668,49.552,0.0,0.0,36.78540933333333,-119.77310816666666,44.2,1,27,47.65901269988506
2025-07-05 16:30:00,1751757901.0,34.166666666666664,22.5,52.2845,0.0,0.0,36.78544416666667,-119.773089,45.9,1,27,49.58684694939944
2025-07-05 17:30:00,1751761501.0,34.0,21.33333333333333,52.63216666666667,0.0,0.0,36.7854,-119.7731375,45.6,1,27,49.54914117038654
2025-07-05 18:30:00,1751765101.0,33.666666666666664,21.0,55.66116666666667,0.3333333333333333,0.3333333333333333,36.7854305,-119.77310816666666,48.4,1,27,51.657874956576414
2025-07-05 19:30:00,1751768701.0,32.5,21.33333333333333,58.491166666666665,1.6666666666666667,1.8333333333333333,36.78542016666666,-119.77313333333332,51.0,1,27,53.5254223217729
2025-07-05 20:30:00,1751772301.0,30.0,25.0,54.33016666666666,0.3333333333333333,0.3333333333333333,36.785454,-119.77312716666668,48.6,1,27,49.60720149960549
2025-07-05 21:30:00,1751775901.0,28.0,28.0,45.61383333333333,0.5,0.6666666666666666,36.785422,-119.7731105,42.9,1,27,42.68439270827589
2025-07-05 22:30:00,1751779501.0,26.666666666666668,30.83333333333333,45.027,0.3333333333333333,0.8333333333333334,36.78538983333333,-119.77322016666666,42.6,1,27,42.11623939498116
2025-07-05 23:30:00,1751783101.0,25.83333333333333,34.833333333333336,44.021833333333326,0.5,0.6666666666666666,36.785369333333335,-119.7730765,41.9,1,27,41.699717974478496
2025-07-06 00:30:00,1751786701.0,24.0,41.833333333333336,33.6515,1.1666666666666667,1.5,36.7853945,-119.773103,35.5,1,27,34.45020217035427
2025-07-06 01:30:00,1751790301.0,22.5,46.0,25.282666666666668,2.5,2.5,36.785415,-119.773107,29.2,1,27,28.416666994740474
2025-07-06 02:30:00,1751793901.0,20.83333333333333,49.16666666666666,20.40483333333333,2.5,3.0,36.78541216666667,-119.773052,25.9,1,27,24.568710518031658
2025-07-06 03:30:00,1751797501.0,19.666666666666668,51.0,17.956166666666665,2.0,3.0,36.7853605,-119.77305483333332,23.8,1,27,22.452411033383903
2025-07-06 04:30:00,1751801101.0,18.5,52.833333333333336,13.448166666666664,2.6666666666666665,2.833333333333333,36.785414333333335,-119.77310283333333,21.3,1,27,18.886356150454063
2025-07-06 07:30:00,1751811901.0,20.666666666666668,48.333333333333336,13.686,2.5,2.833333333333333,36.7854365,-119.77312333333332,23.2,1,27,19.272656968369724
2025-07-06 08:30:00,1751815501.0,24.5,37.66666666666666,29.968166666666665,1.0,1.1666666666666667,36.78543133333333,-119.77311066666664,33.9,1,27,31.109926872995025
2025-07-06 09:30:00,1751819101.0,27.0,32.833333333333336,38.81133333333333,1.0,1.0,36.78541833333333,-119.77310683333332,41.4,1,27,38.0613289710846
2025-07-06 10:30:00,1751822701.0,29.666666666666668,28.5,45.49916666666667,1.0,1.0,36.78540933333333,-119.77314016666666,46.0,1,27,43.582837752593484
2025-07-06 11:30:00,1751826301.0,31.0,27.33333333333333,48.048,0.3333333333333333,1.0,36.78541066666667,-119.7731095,47.0,1,27,45.86947688150128
2025-07-06 12:30:00,1751829901.0,32.5,25.0,50.02333333333333,0.1666666666666666,0.8333333333333334,36.7854365,-119.77310933333332,48.3,1,27,47.623393268704554
2025-07-06 13:30:00,1751833501.0,34.166666666666664,22.166666666666668,54.9005,0.1666666666666666,0.6666666666666666,36.78545933333333,-119.77308533333331,51.2,1,27,51.56074659639476
2025-07-06 14:30:00,1751837101.0,35.333333333333336,19.5,54.34766666666667,0.1666666666666666,0.1666666666666666,36.78542,-119.7731195,50.1,1,27,51.17883411302733
2025-07-06 15:30:00,1751840701.0,36.0,18.5,55.77433333333334,0.0,0.3333333333333333,36.785431,-119.77312716666664,50.2,1,27,52.38865250264919
2025-07-06 16:30:00,1751844301.0,37.0,16.666666666666668,56.59866666666667,0.1666666666666666,0.5,36.785389,-119.773112,50.1,1,27,53.18589209319598
2025-07-06 17:30:00,1751847901.0,37.0,17.0,57.08783333333333,0.0,0.0,36.78543333333333,-119.77313216666666,51.0,1,27,53.55769009340492
2025-07-06 18:30:00,1751851501.0,36.16666666666666,18.166666666666668,58.41516666666666,0.0,0.0,36.78543083333333,-119.77309916666668,51.3,1,27,54.363466770103834
2025-07-06 19:30:00,1751855101.0,35.0,18.666666666666668,59.916500000000006,0.0,0.0,36.7854105,-119.773122,51.8,1,27,55.012569181006135
2025-07-06 20:30:00,1751858701.0,32.166666666666664,21.83333333333333,52.405,0.0,0.0,36.785415,-119.773108,47.5,1,27,48.573762088788094
2025-07-06 21:30:00,1751862301.0,30.166666666666668,25.666666666666668,46.981,1.1666666666666667,1.5,36.78537433333333,-119.77307266666666,44.7,1,27,44.470663532086625
2025-07-06 22:30:00,1751865901.0,28.666666666666668,29.166666666666668,41.37233333333333,0.8333333333333334,1.0,36.78546,-119.7731095,40.9,1,27,40.10241273243725
2025-07-06 23:30:00,1751869501.0,27.0,35.833333333333336,34.303666666666665,1.0,1.0,36.78543283333333,-119.77312583333332,36.7,1,27,35.23477695341548
2025-07-07 00:30:00,1751873101.0,25.33333333333333,40.66666666666666,29.425666666666668,1.0,1.3333333333333333,36.78541616666666,-119.77309183333334,34.7,1,28,32.02696861043034
2025-07-07 01:30:00,1751876701.0,24.0,44.16666666666666,25.613666666666663,1.0,1.6666666666666667,36.7854695,-119.77308016666666,31.4,1,28,29.19074673118906
2025-07-07 02:30:00,1751880301.0,22.83333333333333,46.0,22.665166666666668,1.5,2.0,36.785418166666666,-119.77307366666668,29.0,1,28,26.821751751126037
2025-07-07 03:30:00,1751883901.0,21.5,49.833333333333336,16.6615,2.5,2.833333333333333,36.785414,-119.77312216666668,25.0,1,28,22.53835245317078
2025-07-07 04:30:00,1751887501.0,20.5,53.16666666666666,12.266,2.5,3.0,36.78542516666667,-119.77310816666666,22.2,1,28,19.382259731393376
2025-07-07 07:30:00,1751898301.0,23.0,45.833333333333336,13.100499999999998,2.333333333333333,2.833333333333333,36.78542083333333,-119.77310183333331,24.1,1,28,19.838557793091816
2025-07-07 08:30:00,1751901901.0,26.0,41.333333333333336,19.65883333333333,8.5,9.5,36.78542133333333,-119.77308283333332,30.0,1,28,26.536657335841873
2025-07-07 09:30:00,1751905501.0,28.33333333333333,38.5,30.087166666666665,20.166666666666668,20.83333333333333,36.78541883333333,-119.77310833333333,39.8,1,28,37.03589569147575
2025-07-07 10:30:00,1751909101.0,30.5,34.666666666666664,44.235166666666665,17.333333333333332,18.166666666666668,36.7854055,-119.7731525,50.0,1,28,47.516281992392315
2025-07-07 11:30:00,1751912701.0,33.166666666666664,30.0,57.285,8.833333333333334,9.666666666666666,36.785422,-119.77311183333336,63.1,1,28,56.237194552482045
2025-07-07 12:30:00,1751916301.0,35.333333333333336,26.83333333333333,71.84183333333333,9.666666666666666,10.666666666666666,36.78545066666667,-119.773122,79.3,1,28,67.80263113564402
2025-07-07 13:30:00,1751919901.0,36.333333333333336,23.33333333333333,73.4765,4.666666666666667,5.333333333333333,36.78544983333333,-119.77308016666666,73.3,1,28,67.94881884301776
2025-07-07 14:30:00,1751923501.0,38.0,18.5,68.2435,2.5,3.0,36.78539266666667,-119.77309933333332,64.8,1,28,63.53542122570777
2025-07-07 15:30:00,1751927101.0,38.333333333333336,16.666666666666668,69.9085,2.0,2.1666666666666665,36.78541066666667,-119.77316283333332,63.7,1,28,64.49069706305727
2025-07-07 16:30:00,1751930701.0,38.333333333333336,15.333333333333334,70.40583333333333,1.1666666666666667,1.3333333333333333,36.7854455,-119.7731045,61.4,1,28,64.46735606595865
2025-07-07 17:30:00,1751934301.0,38.5,16.0,69.17566666666666,1.1666666666666667,1.5,36.785433000000005,-119.77310816666666,61.9,1,28,63.76322303058726
2025-07-07 18:30:00,1751937901.0,38.0,17.5,68.1835,2.333333333333333,2.5,36.785436,-119.77309666666667,61.8,1,28,63.24665316230189
2025-07-07 19:30:00,1751941501.0,36.833333333333336,18.666666666666668,67.08683333333333,2.0,2.1666666666666665,36.78541233333333,-119.77304966666668,59.4,1,28,62.00947136316915
2025-07-07 20:30:00,1751945101.0,34.333333333333336,20.166666666666668,56.2325,1.6666666666666667,1.6666666666666667,36.785387166666666,-119.77304983333332,50.2,1,28,52.84006812015944
2025-07-07 21:30:00,1751948701.0,31.666666666666668,25.0,40.98133333333333,2.833333333333333,3.333333333333333,36.7854175,-119.77311833333331,39.9,1,28,41.23099475617267
2025-07-07 22:30:00,1751952301.0,29.0,37.333333333333336,35.39566666666666,4.0,4.166666666666667,36.785405,-119.7731045,38.4,1,28,38.206435726030854
2025-07-07 23:30:00,1751955901.0,26.33333333333333,41.66666666666666,34.120666666666665,4.166666666666667,4.333333333333333,36.78541883333333,-119.77308533333331,35.9,1,28,36.7793258346341
2025-07-08 00:30:00,1751959501.0,24.5,46.0,27.8405,1.5,2.0,36.785448333333335,-119.77311183333336,31.1,1,28,31.52431460711852
2025-07-08 01:30:00,1751963101.0,23.166666666666668,48.16666666666666,24.236500000000003,1.0,1.0,36.785458,-119.77310066666666,28.3,1,28,28.437300368797885
2025-07-08 02:30:00,1751966701.0,22.166666666666668,48.833333333333336,23.85983333333333,0.8333333333333334,1.0,36.78536483333334,-119.7731475,27.5,1,28,27.772998222246848
2025-07-08 03:30:00,1751970301.0,21.0,50.16666666666666,23.1065,0.8333333333333334,1.0,36.785455000000006,-119.773103,27.2,1,28,26.884109425932188
2025-07-08 04:30:00,1751973901.0,20.666666666666668,51.66666666666666,21.2645,0.3333333333333333,1.0,36.78539466666667,-119.77310833333333,25.5,1,28,25.56944893081623
2025-07-08 05:30:00,1751977501.0,19.83333333333333,54.16666666666666,18.179166666666667,0.6666666666666666,1.0,36.785438166666665,-119.77312233333332,,1,28,23.341386295696175
2025-07-08 08:30:00,1751988301.0,23.33333333333333,48.833333333333336,15.701833333333331,1.5,2.0,36.78544233333333,-119.7731055,24.4,1,28,22.36500762509028
2025-07-08 09:30:00,1751991901.0,26.5,41.5,24.744666666666664,2.6666666666666665,3.0,36.785445,-119.773122,34.8,1,28,29.535581347725888
2025-07-08 10:30:00,1751995501.0,28.83333333333333,37.333333333333336,36.36516666666667,5.666666666666667,6.166666666666667,36.7854425,-119.77312716666668,46.1,1,28,39.17794625566031
2025-07-08 11:30:00,1751999101.0,30.83333333333333,34.333333333333336,43.09983333333333,6.166666666666667,6.5,36.7854055,-119.773103,50.0,1,28,44.731557521288046
2025-07-08 12:30:00,1752002701.0,33.166666666666664,29.666666666666668,54.181,3.8333333333333335,4.5,36.785385,-119.773056,56.7,1,28,52.938572102726106
2025-07-08 13:30:00,1752006301.0,34.666666666666664,24.0,56.67333333333334,2.6666666666666665,2.6666666666666665,36.785404,-119.7731105,56.1,1,28,54.22621684259418
2025-07-08 14:30:00,1752009901.0,35.833333333333336,22.666666666666668,60.4175,2.6666666666666665,3.0,36.78540233333333,-119.773117,58.9,1,28,57.388873025694075
2025-07-08 15:30:00,1752013501.0,37.0,21.0,60.7445,2.5,2.5,36.78543083333333,-119.7731245,57.5,1,28,57.83799149151472
2025-07-08 16:30:00,1752017101.0,37.333333333333336,20.166666666666668,59.15683333333333,2.1666666666666665,2.1666666666666665,36.78544633333333,-119.77312483333333,56.1,1,28,56.59444558578253
2025-07-08 17:30:00,1752020701.0,37.0,20.33333333333333,61.5,2.1666666666666665,2.333333333333333,36.785464,-119.7731185,57.3,1,28,58.23570771312928
2025-07-08 18:30:00,1752024301.0,36.0,21.83333333333333,63.82500000000001,1.6666666666666667,2.0,36.785445,-119.773089,58.3,1,28,59.695836842566344
2025-07-08 19:30:00,1752027901.0,34.5,28.0,61.871833333333335,2.0,2.333333333333333,36.7853865,-119.773102,58.7,1,28,58.70180550816175
2025-07-08 20:30:00,1752031501.0,31.83333333333333,32.333333333333336,55.05583333333333,2.5,3.0,36.78542633333333,-119.773108,53.9,1,28,53.187154181557695
2025-07-08 21:30:00,1752035101.0,29.83333333333333,35.333333333333336,48.69,2.5,2.833333333333333,36.78541066666666,-119.773084,48.7,1,28,47.971834791717235
2025-07-08 22:30:00,1752038701.0,28.0,39.0,46.11183333333333,1.0,1.0,36.7854695,-119.77310183333331,45.5,1,28,45.52505800800527
2025-07-08 23:30:00,1752042500.6666667,25.83333333333333,46.16666666666666,38.970666666666666,0.3333333333333333,0.6666666666666666,36.78539933333334,-119.77311433333334,40.4,1,28,40.344329077389666
2025-07-09 00:30:00,1752046500.0,23.83333333333333,51.0,30.28833333333333,0.1666666666666666,0.3333333333333333,36.78546016666667,-119.77312333333332,33.7,1,28,33.700994732508015
2025-07-09 01:30:00,1752050100.0,22.5,55.0,22.600166666666667,0.1666666666666666,0.5,36.7854285,-119.77311583333334,27.0,1,28,28.03317314104438
2025-07-09 02:30:00,1752053700.0,21.166666666666668,58.833333333333336,14.942333333333332,0.1666666666666666,0.6666666666666666,36.785446,-119.7731055,21.9,1,28,22.357107486956316
2025-07-09 03:30:00,1752057300.0,19.83333333333333,60.333333333333336,13.096833333333334,0.1666666666666666,0.5,36.785443,-119.77309166666667,19.4,1,28,20.58354740441522
2025-07-09 04:30:00,1752060900.0,19.0,63.16666666666666,10.832166666666666,0.0,0.1666666666666666,36.78540833333333,-119.77315533333332,17.9,1,28,18.95854569914018
2025-07-09 08:30:00,1752075300.0,22.166666666666668,54.5,13.9855,0.3333333333333333,0.6666666666666666,36.78544683333333,-119.7731155,21.1,1,28,21.337549028818565
2025-07-09 09:30:00,1752078900.0,25.166666666666668,47.16666666666666,22.999666666666663,1.0,1.0,36.78544616666667,-119.77312716666668,28.7,1,28,28.301870444799967
2025-07-09 10:30:00,1752082500.0,28.166666666666668,41.0,34.05133333333333,1.8333333333333333,1.8333333333333333,36.78546016666667,-119.77313366666668,38.0,1,28,37.07095174283683
2025-07-09 11:30:00,1752086100.0,29.83333333333333,37.833333333333336,43.74283333333333,1.6666666666666667,1.8333333333333333,36.785410000000006,-119.77310666666666,46.4,1,28,44.55962836449688
2025-07-09 12:30:00,1752089700.0,32.0,34.0,51.20166666666666,2.0,2.333333333333333,36.78542016666666,-119.7731055,53.0,1,28,50.58167942761336
2025-07-09 13:30:00,1752093300.0,33.833333333333336,29.5,54.3975,1.6666666666666667,1.8333333333333333,36.785425,-119.77306483333332,54.0,1,28,52.96841413855149
2025-07-09 14:30:00,1752096900.0,35.5,28.0,57.01916666666667,1.6666666666666667,2.0,36.785418166666666,-119.773112,56.3,1,28,55.488070309829915
2025-07-09 15:30:00,1752100500.0,36.5,24.0,58.52783333333333,1.1666666666666667,1.3333333333333333,36.785433000000005,-119.77308166666668,56.5,1,28,56.2630803713184
2025-07-09 16:30:00,1752104100.0,36.16666666666666,21.83333333333333,60.1985,0.3333333333333333,0.6666666666666666,36.78545183333333,-119.77308916666668,55.9,1,28,56.81640123729003
2025-07-09 17:30:00,1752107700.0,36.0,22.0,63.30583333333333,0.1666666666666666,0.1666666666666666,36.785414333333335,-119.77308783333336,57.3,1,28,59.04162034190346
2025-07-09 18:30:00,1752111300.0,35.166666666666664,22.33333333333333,61.688,0.8333333333333334,0.8333333333333334,36.78545133333333,-119.77310583333332,56.3,1,28,57.59956403612731
2025-07-09 19:30:00,1752114900.0,33.333333333333336,25.0,57.9505,0.0,0.0,36.78544483333334,-119.773131,53.3,1,28,54.242825368015055
2025-07-09 20:30:00,1752118500.0,30.33333333333333,32.5,51.20733333333334,0.5,0.5,36.78545883333334,-119.77309533333334,49.5,1,28,49.195118205222535
2025-07-09 21:30:00,1752122100.0,28.5,37.333333333333336,44.37466666666666,1.3333333333333333,1.6666666666666667,36.7854415,-119.77310666666666,44.4,1,28,44.24251303918883
2025-07-09 22:30:00,1752125700.0,27.166666666666668,39.0,40.28916666666667,1.3333333333333333,2.0,36.785434,-119.77310066666666,41.0,1,28,40.85966515164659
2025-07-09 23:30:00,1752129300.0,25.83333333333333,41.0,38.43183333333334,1.6666666666666667,2.0,36.78542466666667,-119.77307383333331,39.6,1,28,39.21581012858592
2025-07-10 00:30:00,1752132900.0,24.33333333333333,46.833333333333336,28.515,2.6666666666666665,2.833333333333333,36.78544183333333,-119.77310183333331,33.7,1,28,32.28453061680799
2025-07-10 01:30:00,1752136500.0,24.33333333333333,44.16666666666666,31.480833333333333,1.5,1.5,36.7854335,-119.77308266666668,34.0,1,28,33.79331141562154
2025-07-10 02:30:00,1752140100.0,23.0,48.333333333333336,27.065166666666663,1.3333333333333333,1.5,36.785432,-119.77312583333332,31.1,1,28,30.584214315469815
2025-07-10 03:30:00,1752143700.0,21.5,53.5,21.49066666666667,1.6666666666666667,2.0,36.78543466666667,-119.7730955,27.6,1,28,26.698597522963787
2025-07-10 04:30:00,1752147300.0,20.166666666666668,58.833333333333336,15.628333333333332,2.0,2.0,36.7854005,-119.77313116666666,23.8,1,28,22.667704042476238
2025-07-10 07:30:00,1752158100.0,22.83333333333333,52.833333333333336,12.613,2.833333333333333,3.0,36.7854405,-119.7731425,22.9,1,28,20.755116297776695
2025-07-10 08:30:00,1752161700.0,26.0,44.0,22.355500000000003,2.5,2.6666666666666665,36.78540866666666,-119.77311466666669,33.7,1,28,27.918290946459543
2025-07-10 09:30:00,1752164850.25,29.0,38.0,31.85425,3.0,3.5,36.78548025,-119.77311525,47.6,1,28,35.5206610060549
2025-07-10 10:30:00,1752168309.8333333,30.666666666666668,34.5,43.583333333333336,2.0,2.333333333333333,30.654514833333334,-99.81089666666666,61.7,1,28,44.300902129477
2025-07-10 11:30:00,1752171901.0,32.5,31.33333333333333,50.698,2.833333333333333,3.0,36.78540483333333,-119.7731005,62.3,1,28,50.086672317874196
2025-07-10 12:30:00,1752175501.0,34.0,29.83333333333333,52.91483333333334,3.0,3.333333333333333,36.78540983333333,-119.773112,57.5,1,28,52.25042752764873
2025-07-10 13:30:00,1752179101.0,35.333333333333336,28.166666666666668,53.532833333333336,3.8333333333333335,4.0,36.78543733333333,-119.77314,55.9,1,28,53.19196860295748
2025-07-10 14:30:00,1752182701.0,36.66666666666666,24.666666666666668,54.94883333333333,2.6666666666666665,3.0,36.7854335,-119.77307766666668,55.9,1,28,54.062658374803796
2025-07-10 15:30:00,1752186301.0,37.66666666666666,21.83333333333333,57.97016666666667,1.6666666666666667,2.1666666666666665,36.78542316666667,-119.7731145,57.8,1,28,56.12941296923744
2025-07-10 16:30:00,1752189901.0,38.333333333333336,19.83333333333333,61.95066666666667,1.6666666666666667,1.6666666666666667,36.78537633333333,-119.77315516666664,59.9,1,28,59.030947551380244
2025-07-10 17:30:00,1752193501.0,38.5,20.83333333333333,66.78933333333333,1.8333333333333333,1.8333333333333333,36.785422833333335,-119.77310533333332,63.0,1,28,62.96194360305102
2025-07-10 18:30:00,1752197101.0,37.833333333333336,19.0,68.16116666666666,1.0,1.0,36.78547016666666,-119.77312616666666,62.9,1,28,63.175731930377175
2025-07-10 19:30:00,1752200701.0,36.833333333333336,20.0,67.16383333333333,0.6666666666666666,1.0,36.7854315,-119.773122,60.1,1,28,62.091596758279685
2025-07-10 20:30:00,1752204301.0,34.0,21.166666666666668,53.3185,2.833333333333333,3.0,36.785459,-119.77314366666668,49.0,1,28,50.896739975997086
2025-07-10 21:30:00,1752207901.0,31.666666666666668,26.666666666666668,45.7135,2.6666666666666665,2.833333333333333,36.78540983333333,-119.773098,45.3,1,28,45.03717915010231
2025-07-10 22:30:00,1752211501.0,29.166666666666668,34.166666666666664,30.403333333333336,4.833333333333333,4.833333333333333,36.785408,-119.77310566666668,33.7,1,28,34.08442772075103
2025-07-10 23:30:00,1752215101.0,27.5,44.16666666666666,19.486666666666668,7.5,8.0,36.78545983333333,-119.77312066666666,28.0,1,28,27.449233536673923
2025-07-11 00:30:00,1752218701.0,26.83333333333333,48.16666666666666,15.132166666666668,14.833333333333334,15.666666666666666,36.78543583333333,-119.77312183333332,28.2,1,28,25.933101061911252
2025-07-11 01:30:00,1752222301.0,25.666666666666668,50.833333333333336,15.826333333333332,27.5,28.5,36.785511,-119.77310066666666,28.7,1,28,28.652408264590186
2025-07-11 02:30:00,1752225901.0,24.33333333333333,54.833333333333336,12.943166666666665,35.166666666666664,36.16666666666666,36.78543716666667,-119.77311966666667,25.1,1,28,27.946251511131074
2025-07-11 08:30:00,1752247501.0,28.33333333333333,41.833333333333336,21.7625,22.166666666666668,22.83333333333333,36.78543133333333,-119.77313233333332,37.0,1,28,31.76178064571706
2025-07-11 09:30:00,1752251101.0,31.166666666666668,35.333333333333336,41.22883333333333,14.5,15.333333333333334,36.78539233333333,-119.77309183333334,51.7,1,28,45.20398310724108
2025-07-11 10:30:00,1752254701.0,33.666666666666664,32.666666666666664,53.956500000000005,25.33333333333333,25.83333333333333,36.785454,-119.77309816666668,61.9,1,28,57.393886002843395
2025-07-11 11:30:00,1752258301.0,36.0,29.33333333333333,64.02266666666667,26.83333333333333,27.5,36.78544166666666,-119.7731005,72.0,1,28,65.75663606780492
2025-07-11 12:30:00,1752261901.0,37.833333333333336,25.0,71.04533333333333,26.5,26.83333333333333,36.78546466666666,-119.77310816666666,77.0,1,28,71.03416113540953
2025-07-11 13:30:00,1752265501.0,39.5,21.83333333333333,73.63133333333333,24.0,24.0,36.7854125,-119.77307133333332,78.9,1,28,72.72915325327219
2025-07-11 14:30:00,1752269101.0,40.16666666666666,21.83333333333333,71.82366666666667,23.666666666666668,23.83333333333333,36.78539716666666,-119.77310833333333,74.6,1,28,71.65268744439297
2025-07-11 15:30:00,1752272701.0,40.833333333333336,17.333333333333332,66.23649999999999,13.666666666666666,13.666666666666666,36.78543333333334,-119.773093,65.2,1,28,65.14855309889589
2025-07-11 16:30:00,1752276301.0,41.0,14.5,70.55383333333334,6.5,6.5,36.7854175,-119.77308133333334,63.3,1,28,66.666639654368
2025-07-11 17:30:00,1752279901.0,41.16666666666666,14.5,67.4965,8.833333333333334,9.0,36.78544616666667,-119.77308633333332,62.0,1,28,64.88249083822919
2025-07-11 18:30:00,1752283501.0,40.5,15.5,67.71166666666666,10.166666666666666,10.666666666666666,36.78542783333334,-119.77311716666668,62.8,1,28,65.16936079386593
2025-07-11 19:30:00,1752287101.0,38.5,17.833333333333332,65.76366666666667,7.5,7.666666666666667,36.785442333333336,-119.7731325,63.0,1,28,62.65791792858976
2025-07-11 20:30:00,1752290701.0,35.833333333333336,26.0,59.74133333333333,16.666666666666668,17.166666666666668,36.78545,-119.77308783333332,62.4,1,28,60.012408139416884
2025-07-11 21:30:00,1752294301.0,34.0,30.83333333333333,44.578833333333336,19.33333333333333,19.83333333333333,36.785413166666665,-119.77312083333334,49.8,1,28,49.10378303473977
2025-07-11 22:30:00,1752297901.0,32.5,33.5,36.39233333333333,20.0,20.666666666666668,36.78541516666667,-119.77311316666668,44.6,1,28,42.85084504779375
2025-07-11 23:30:00,1752301800.5714283,30.428571428571427,39.142857142857146,33.64357142857143,23.714285714285715,24.285714285714285,36.78540328571428,-119.77310814285714,41.3,1,28,41.477063248596785
2025-07-12 00:30:00,1752305700.0,29.33333333333333,40.5,30.693166666666663,23.83333333333333,24.5,36.78541916666666,-119.77312733333332,39.1,1,28,39.006925134613674
2025-07-12 01:30:00,1752309300.0,27.666666666666668,45.66666666666666,25.3775,25.83333333333333,26.33333333333333,36.78541583333333,-119.77310316666666,36.2,1,28,35.503450490799715
2025-07-12 02:30:00,1752312900.0,25.666666666666668,52.16666666666666,15.432333333333334,26.166666666666668,26.83333333333333,36.7854575,-119.77311466666669,28.2,1,28,28.339065202937753
2025-07-12 05:30:00,1752323700.0,23.83333333333333,53.833333333333336,11.498666666666669,28.5,29.5,36.785401,-119.7731095,,1,28,25.241516109987963
2025-07-12 07:30:00,1752330900.0,27.166666666666668,46.833333333333336,11.075833333333334,28.5,29.33333333333333,36.78543166666667,-119.77310683333332,25.6,1,28,25.239602808112373
2025-07-12 08:30:00,1752334500.0,30.33333333333333,38.0,26.066333333333333,27.0,27.5,36.785416833333336,-119.77312583333332,37.1,1,28,36.10774319247411
2025-07-12 09:30:00,1752338100.0,32.333333333333336,34.5,38.20816666666666,27.5,28.33333333333333,36.78541066666667,-119.7731425,47.4,1,28,45.6704849342968
2025-07-12 10:30:00,1752341700.0,34.5,33.666666666666664,51.76866666666666,32.833333333333336,33.333333333333336,36.78545383333333,-119.77308916666668,60.3,1,28,57.68285660529464
2025-07-12 11:30:00,1752345300.0,36.66666666666666,31.166666666666668,63.50633333333334,33.833333333333336,34.166666666666664,36.78541366666666,-119.77313616666667,72.8,1,28,67.25725054655314
2025-07-12 12:30:00,1752348900.0,38.5,26.0,83.17166666666667,33.166666666666664,33.5,36.78540783333333,-119.77311833333331,89.7,1,28,81.84185831724596
2025-07-12 13:30:00,1752352500.0,40.333333333333336,23.33333333333333,81.06433333333334,31.0,31.666666666666668,36.78544233333333,-119.77311583333334,87.9,1,28,80.30231941825815
2025-07-12 14:30:00,1752356100.0,41.333333333333336,20.83333333333333,66.88766666666668,23.5,23.83333333333333,36.78537683333334,-119.77310316666669,68.7,1,28,68.31551554385405
2025-07-12 15:30:00,1752359700.0,41.833333333333336,17.5,65.17083333333333,19.33333333333333,19.666666666666668,36.78541516666667,-119.77310583333332,62.9,1,28,65.90758266326401
2025-07-12 16:30:00,1752363300.0,42.0,17.166666666666668,65.38283333333334,16.833333333333332,17.0,36.78539216666667,-119.77313883333332,61.3,1,28,65.62655478856942
2025-07-12 17:30:00,1752366900.0,41.0,20.666666666666668,65.85233333333333,25.666666666666668,26.166666666666668,36.785384,-119.77310933333332,64.6,1,28,67.7441344278478
2025-07-12 18:30:00,1752370500.0,39.5,22.5,68.16016666666667,24.83333333333333,25.166666666666668,36.7854225,-119.77311066666668,66.8,1,28,68.92124337359982
2025-07-12 19:30:00,1752374100.0,37.833333333333336,26.83333333333333,65.136,25.666666666666668,26.33333333333333,36.785413166666665,-119.7731475,66.1,1,28,66.81712199369014
2025-07-12 20:30:00,1752377700.0,34.833333333333336,34.833333333333336,58.99266666666667,28.666666666666668,29.166666666666668,36.78542083333333,-119.77312716666664,63.2,1,28,62.74486808514775
2025-07-12 21:30:00,1752381300.0,33.333333333333336,37.66666666666666,54.00183333333333,34.333333333333336,34.666666666666664,36.7854155,-119.77312833333332,58.1,1,28,59.786586549093606
2025-07-12 22:30:00,1752384900.0,31.5,40.833333333333336,48.053333333333335,34.833333333333336,35.666666666666664,36.78549016666667,-119.77307783333332,52.2,1,28,55.14218348360304
2025-07-12 23:30:00,1752388500.0,29.83333333333333,44.333333333333336,35.12433333333333,27.33333333333333,28.33333333333333,36.78543166666666,-119.7731145,41.8,1,28,43.9449001618025
2025-07-13 00:30:00,1752392100.0,27.5,45.66666666666666,26.266166666666667,18.666666666666668,19.5,36.7853995,-119.7731105,32.9,1,28,34.83882470686242
2025-07-13 01:30:00,1752395700.0,26.0,48.0,20.829,13.5,14.666666666666666,36.7854365,-119.7731005,28.0,1,28,29.561950551771893
2025-07-13 02:30:00,1752399300.0,24.666666666666668,50.333333333333336,17.528000000000002,12.666666666666666,14.0,36.785438166666665,-119.77313616666667,25.0,1,28,26.729746396828354
2025-07-13 03:30:00,1752402900.0,23.666666666666668,52.0,15.086833333333333,12.166666666666666,12.833333333333334,36.785421,-119.77310183333331,23.7,1,28,24.572195453895155
2025-07-13 04:30:00,1752406500.0,23.0,53.833333333333336,12.134166666666667,13.166666666666666,14.166666666666666,36.785394,-119.77312216666668,21.6,1,28,22.57589705707
2025-07-13 05:30:00,1752410100.0,22.166666666666668,55.5,10.062,13.666666666666666,14.5,36.7853845,-119.77311716666668,,1,28,20.997194238404568
2025-07-13 08:30:00,1752420900.0,26.5,46.0,15.580833333333333,17.0,18.0,36.785433,-119.77311433333334,24.4,1,28,26.103835846232933
2025-07-13 09:30:00,1752424500.0,29.166666666666668,43.5,27.3515,23.33333333333333,23.83333333333333,36.78543666666667,-119.7731375,35.9,1,28,36.87123510556622
2025-07-13 10:30:00,1752428100.0,31.5,40.333333333333336,39.29283333333333,27.5,27.666666666666668,36.7854315,-119.77310833333333,46.8,1,28,47.106955693065395
2025-07-13 11:30:00,1752431700.0,33.833333333333336,36.5,51.01016666666667,27.666666666666668,28.33333333333333,36.785414333333335,-119.773112,57.5,1,28,56.40660489055407
2025-07-13 12:30:00,1752435300.0,35.333333333333336,33.5,58.316,28.666666666666668,29.0,36.78546166666667,-119.773079,64.8,1,28,62.21950242620546
2025-07-13 13:30:00,1752438900.0,37.16666666666666,30.0,55.976,29.166666666666668,29.5,36.785429666666666,-119.77311716666668,63.1,1,28,60.79788527069963
2025-07-13 14:30:00,1752442500.0,38.333333333333336,28.5,51.94083333333333,31.0,31.166666666666668,36.785446,-119.77309283333334,58.2,1,28,58.37296124378174
2025-07-13 15:30:00,1752446100.0,39.0,27.5,56.4925,29.33333333333333,29.5,36.78542566666667,-119.773102,60.1,1,28,61.63406478223491
2025-07-13 16:30:00,1752449700.0,39.16666666666666,25.666666666666668,55.345,25.0,25.0,36.785396,-119.7731005,57.6,1,28,59.725965404554564
2025-07-13 17:30:00,1752453300.0,39.5,24.0,55.26833333333334,21.666666666666668,22.166666666666668,36.785429666666666,-119.7731185,55.9,1,28,58.9686925049247
2025-07-13 18:30:00,1752456900.0,38.66666666666666,25.83333333333333,55.5615,21.0,21.5,36.7854245,-119.77309916666668,56.2,1,28,59.003068185772996
2025-07-13 19:30:00,1752460500.0,36.833333333333336,28.33333333333333,51.83716666666667,23.166666666666668,23.666666666666668,36.785431,-119.7731375,52.8,1,28,56.160248151364776
2025-07-13 20:30:00,1752464100.0,34.5,32.333333333333336,47.152166666666666,23.33333333333333,23.83333333333333,36.785412,-119.77315266666666,48.9,1,28,52.27366009651397
2025-07-13 21:30:00,1752467700.0,32.833333333333336,36.16666666666666,43.181,23.83333333333333,24.0,36.78539916666667,-119.773126,45.7,1,28,49.250182423850895
2025-07-13 22:30:00,1752471300.0,31.5,38.66666666666666,39.124500000000005,25.83333333333333,26.33333333333333,36.78541,-119.77312733333332,43.4,1,28,46.400925833788556
2025-07-13 23:30:00,1752474900.0,30.166666666666668,40.5,38.73166666666666,20.83333333333333,21.166666666666668,36.78540566666667,-119.77314116666666,42.1,1,28,44.88850921991315
2025-07-14 00:30:00,1752478500.0,28.5,44.5,30.3345,15.166666666666666,15.833333333333334,36.785382,-119.77311066666664,36.0,1,29,37.87227468217318
2025-07-14 01:30:00,1752482100.0,26.5,48.66666666666666,21.41283333333333,14.333333333333334,15.0,36.78544483333334,-119.7730865,29.7,1,29,30.82015324113248
2025-07-14 02:30:00,1752485700.0,25.166666666666668,51.833333333333336,14.621166666666667,14.0,15.333333333333334,36.785470833333335,-119.77312733333332,24.7,1,29,25.652759792450077
2025-07-14 03:30:00,1752489300.0,24.0,52.333333333333336,11.2425,11.666666666666666,12.833333333333334,36.78542316666667,-119.773117,21.8,1,29,22.207231240929154
2025-07-14 04:30:00,1752492900.0,23.33333333333333,50.833333333333336,11.467333333333334,12.333333333333334,12.5,36.7854055,-119.77310933333332,21.5,1,29,21.80571301074545
2025-07-14 08:30:00,1752507300.0,27.0,39.16666666666666,17.4835,11.166666666666666,11.833333333333334,36.78541416666667,-119.773107,25.7,1,29,25.781305797585198
2025-07-14 09:30:00,1752510900.0,30.0,38.333333333333336,27.242,20.83333333333333,21.33333333333333,36.78542766666667,-119.77311966666666,36.1,1,29,36.13353083303074
2025-07-14 10:30:00,1752514500.0,32.833333333333336,37.0,40.586000000000006,26.166666666666668,26.666666666666668,36.78547116666667,-119.77310933333332,48.2,1,29,48.24460554312332
2025-07-14 11:30:00,1752518100.0,35.166666666666664,32.333333333333336,49.87033333333333,24.5,25.166666666666668,36.785414333333335,-119.7731055,58.4,1,29,55.20729361637978
2025-07-14 12:30:00,1752521700.0,37.0,28.33333333333333,61.83016666666666,24.33333333333333,25.166666666666668,36.7854335,-119.773084,71.9,1,29,64.32584776189981
2025-07-14 13:30:00,1752525120.0,38.4,25.4,66.8708,21.6,22.0,36.785419000000005,-119.773102,75.2,1,29,67.72696684650887
2025-07-14 14:30:00,1752528900.0,40.0,21.666666666666668,54.96716666666666,13.666666666666666,14.166666666666666,36.78542533333333,-119.77311566666668,59.4,1,29,57.470260562853376
2025-07-14 15:30:00,1752532500.0,40.5,19.0,55.90966666666667,8.0,8.666666666666666,36.78541683333333,-119.7731285,55.6,1,29,56.92979705670228
2025-07-14 16:30:00,1752536100.0,41.0,20.0,56.304,9.666666666666666,10.166666666666666,36.785419,-119.77312733333332,55.9,1,29,57.94024538001309
2025-07-14 17:30:00,1752539700.0,40.5,21.0,57.098333333333336,9.666666666666666,10.0,36.78545133333333,-119.77309416666668,57.3,1,29,58.46407331678031
2025-07-14 18:30:00,1752543300.0,39.66666666666666,20.666666666666668,56.775666666666666,6.833333333333333,7.333333333333333,36.785417,-119.77314516666668,56.0,1,29,57.260207679013455
2025-07-14 19:30:00,1752546900.0,37.333333333333336,25.33333333333333,50.716,6.333333333333333,6.666666666666667,36.78544933333333,-119.7731045,52.0,1,29,52.332599654382854
2025-07-14 20:30:00,1752550500.0,34.833333333333336,30.33333333333333,49.09983333333333,7.666666666666667,8.0,36.7853755,-119.77309683333333,52.1,1,29,51.06308598091747
2025-07-14 21:30:00,1752554100.0,33.333333333333336,31.5,45.55866666666666,11.666666666666666,12.5,36.78542066666667,-119.77310566666668,47.8,1,29,48.6416364966202
2025-07-14 22:30:00,1752557700.0,31.83333333333333,33.5,49.62716666666668,24.33333333333333,25.0,36.785331500000005,-119.77312966666666,50.5,1,29,53.579651701657575
2025-07-14 23:30:00,1752561001.0,30.0,35.8,43.5104,28.2,29.2,36.785427,-119.773114,45.9,1,29,49.23409822241866
2025-07-15 00:30:00,1752564301.0,28.0,39.16666666666666,36.35666666666666,27.666666666666668,28.33333333333333,36.78542333333333,-119.77310183333331,39.7,1,29,43.38632107994828
2025-07-15 01:30:00,1752567901.0,26.5,43.16666666666666,26.375333333333334,23.166666666666668,23.666666666666668,36.785428333333336,-119.77310433333334,32.4,1,29,35.08442870116874
2025-07-15 02:30:00,1752571501.0,24.666666666666668,46.0,20.14466666666667,18.0,18.83333333333333,36.78545866666666,-119.773116,27.5,1,29,29.141509355944045
2025-07-15 03:30:00,1752575101.0,24.0,47.0,17.321,13.0,14.0,36.785391,-119.77313233333332,25.3,1,29,26.002935706902853
2025-07-15 04:30:00,1752578701.0,23.0,48.833333333333336,14.611666666666666,11.333333333333334,12.0,36.785432166666666,-119.7731055,23.0,1,29,23.494808313737572
2025-07-15 08:30:00,1752593101.0,27.166666666666668,39.5,17.085166666666666,13.666666666666666,14.5,36.78537683333334,-119.773097,27.9,1,29,26.08565701335838
2025-07-15 09:30:00,1752596701.0,30.5,35.833333333333336,30.5055,21.666666666666668,22.0,36.78541883333333,-119.77313483333334,41.3,1,29,38.498434808496974
2025-07-15 10:30:00,1752600301.0,32.5,31.33333333333333,44.9635,23.166666666666668,23.83333333333333,36.78544816666667,-119.773112,53.1,1,29,49.79267900087131
2025-07-15 11:30:00,1752603901.0,34.333333333333336,28.666666666666668,50.735166666666665,20.83333333333333,21.166666666666668,36.785429666666666,-119.77309283333334,56.8,1,29,54.084308310410016
2025-07-15 12:30:00,1752607501.0,35.5,29.0,53.72233333333333,18.33333333333333,18.666666666666668,36.785410000000006,-119.773126,60.2,1,29,56.51500112125553
2025-07-15 13:30:00,1752611101.0,37.0,26.0,56.63933333333333,17.0,17.333333333333332,36.78541383333333,-119.77308416666666,60.7,1,29,58.64387996119759
2025-07-15 14:30:00,1752614701.0,38.5,22.666666666666668,60.524166666666666,18.33333333333333,18.83333333333333,36.785374833333336,-119.77311333333334,64.1,1,29,61.92702148998935
2025-07-15 15:30:00,1752618301.0,39.333333333333336,21.666666666666668,57.768166666666666,15.666666666666666,16.5,36.78541,-119.77311183333336,59.9,1,29,59.63168408182876
2025-07-15 16:30:00,1752621901.0,39.66666666666666,21.83333333333333,54.86833333333334,15.0,15.666666666666666,36.7853955,-119.77311333333334,56.8,1,29,57.515546624186804
2025-07-15 17:30:00,1752625501.0,39.0,22.666666666666668,56.557500000000005,16.666666666666668,17.333333333333332,36.785389333333335,-119.7730775,56.3,1,29,58.90986671072975
2025-07-15 18:30:00,1752629101.0,38.16666666666666,23.166666666666668,55.46533333333334,16.333333333333332,17.0,36.7854125,-119.7731005,55.4,1,29,57.71522182655425
2025-07-15 19:30:00,1752632701.0,36.16666666666666,27.166666666666668,53.972,16.833333333333332,17.333333333333332,36.78542133333333,-119.773117,54.8,1,29,56.434131888183096
2025-07-15 20:30:00,1752636301.0,33.166666666666664,32.5,41.72533333333333,10.0,10.666666666666666,36.78543466666667,-119.77311583333334,42.3,1,29,45.55639317248376
2025-07-15 21:30:00,1752639901.0,30.0,31.83333333333333,29.583166666666667,3.8333333333333335,4.0,36.78543283333334,-119.77310566666668,31.4,1,29,33.62189386666055
2025-07-15 22:30:00,1752643501.0,27.666666666666668,39.5,23.311333333333334,2.1666666666666665,2.6666666666666665,36.785426,-119.77309166666667,27.6,1,29,28.927068045234655
2025-07-15 23:30:00,1752647101.0,25.666666666666668,45.833333333333336,20.557166666666667,2.333333333333333,2.6666666666666665,36.785412666666666,-119.77312733333332,26.7,1,29,27.074039658173298
2025-07-16 00:30:00,1752650701.0,24.33333333333333,50.5,18.016166666666667,2.0,2.333333333333333,36.78542983333333,-119.77310566666668,24.6,1,29,25.3221065848957
2025-07-16 01:30:00,1752654301.0,22.83333333333333,55.833333333333336,13.485166666666666,2.833333333333333,3.1666666666666665,36.7854145,-119.7731285,21.4,1,29,22.326359682934857
2025-07-16 02:30:00,1752657901.0,21.666666666666668,59.5,10.341833333333334,4.0,4.166666666666667,36.78538766666667,-119.77314,19.6,1,29,20.271204709062566
2025-07-16 09:30:00,1752683101.0,26.33333333333333,48.333333333333336,15.595833333333331,7.0,7.166666666666667,36.78543466666667,-119.7731285,36.4,1,29,24.95862109315761
2025-07-16 10:30:00,1752686701.0,28.33333333333333,42.0,25.29533333333333,6.0,6.5,36.78548116666666,-119.77312333333332,38.9,1,29,31.892427916234915
2025-07-16 11:30:00,1752690301.0,30.666666666666668,35.166666666666664,36.323,4.333333333333333,4.666666666666667,36.78543666666667,-119.77311333333334,44.7,1,29,39.73309865894118
2025-07-16 12:30:00,1752693901.0,32.166666666666664,30.0,47.364666666666665,4.0,4.0,36.785425333333336,-119.77311066666664,50.5,1,29,47.7102634324821
2025-07-16 13:30:00,1752697501.0,34.166666666666664,26.33333333333333,52.668,4.0,4.0,36.78540683333333,-119.77311333333334,54.2,1,29,51.98970099994701
2025-07-16 14:30:00,1752701101.0,36.16666666666666,22.666666666666668,53.00133333333333,3.1666666666666665,3.333333333333333,36.785427166666665,-119.77310816666666,54.6,1,29,52.40230327604764
2025-07-16 15:30:00,1752704701.0,36.333333333333336,23.0,53.00966666666667,3.1666666666666665,3.333333333333333,36.78544133333333,-119.7730915,55.0,1,29,52.55222932871407
2025-07-16 16:30:00,1752708301.0,37.0,24.83333333333333,52.79316666666667,3.6666666666666665,4.0,36.7854435,-119.77308783333336,56.2,1,29,53.16049457859612
2025-07-16 17:30:00,1752711901.0,36.5,24.83333333333333,53.452333333333335,4.0,4.0,36.78544166666666,-119.77307916666666,56.2,1,29,53.442211341278814
2025-07-16 18:30:00,1752715501.0,35.5,26.166666666666668,53.6895,3.333333333333333,3.6666666666666665,36.78539583333333,-119.77310833333333,54.8,1,29,53.287696916540845
2025-07-16 19:30:00,1752719101.0,34.0,28.166666666666668,52.92316666666667,2.833333333333333,3.0,36.78541066666667,-119.77315516666664,53.2,1,29,52.24678627796926
2025-07-16 20:30:00,1752722701.0,31.33333333333333,35.666666666666664,48.396833333333326,3.0,3.0,36.7854,-119.77312833333332,51.4,1,29,48.95364215636793
2025-07-16 21:30:00,1752726301.0,29.5,39.16666666666666,42.086,3.0,3.5,36.78543916666666,-119.77310283333334,46.1,1,29,44.010020226115266
2025-07-16 22:30:00,1752729901.0,28.0,43.66666666666666,38.67933333333334,3.1666666666666665,3.5,36.785432666666665,-119.77309166666667,42.6,1,29,41.5706330362492
2025-07-16 23:30:00,1752733501.0,25.83333333333333,49.333333333333336,33.60483333333334,1.8333333333333333,2.0,36.78540466666667,-119.773117,37.8,1,29,37.5019505720824
2025-07-17 00:30:00,1752737101.0,24.33333333333333,51.833333333333336,30.211166666666667,0.3333333333333333,0.6666666666666666,36.785416833333336,-119.77309566666668,34.5,1,29,34.43065794648803
2025-07-17 01:30:00,1752740701.0,23.0,56.333333333333336,23.837,0.1666666666666666,0.6666666666666666,36.78541616666667,-119.77307633333334,28.8,1,29,29.812903815292465
2025-07-17 02:30:00,1752744301.0,21.83333333333333,60.66666666666666,15.6515,0.3333333333333333,1.0,36.78539166666667,-119.77308766666664,22.8,1,29,23.945011834640177
2025-07-17 03:30:00,1752747901.0,20.666666666666668,63.5,11.669166666666667,0.0,0.1666666666666666,36.785455000000006,-119.77310183333331,19.8,1,29,20.809332911942732
2025-07-17 08:30:00,1752765901.0,22.166666666666668,57.66666666666666,10.491,4.0,4.166666666666667,36.78544566666667,-119.77312716666668,20.2,1,29,20.286843640671485
2025-07-17 09:30:00,1752769501.0,24.83333333333333,51.5,18.03033333333333,4.5,4.833333333333333,36.78542133333334,-119.77310933333332,28.2,1,29,26.209627728463254
2025-07-17 10:30:00,1752773101.0,27.166666666666668,46.333333333333336,25.760166666666667,5.5,5.5,36.7853985,-119.77312216666668,35.6,1,29,32.345747967851814
2025-07-17 11:30:00,1752776701.0,29.666666666666668,40.833333333333336,36.06166666666667,5.0,5.0,36.78542383333333,-119.773097,42.8,1,29,40.192921631658685
2025-07-17 12:30:00,1752780301.0,32.0,35.166666666666664,42.71533333333334,4.0,4.166666666666667,36.785386333333335,-119.7731095,46.0,1,29,45.112922709124426
2025-07-17 13:30:00,1752783901.0,33.333333333333336,32.0,46.544,4.166666666666667,4.166666666666667,36.7854385,-119.77307016666668,48.4,1,29,48.06735643146245
2025-07-17 14:30:00,1752787501.0,34.333333333333336,30.0,46.996833333333335,3.1666666666666665,3.5,36.785422,-119.77312733333332,49.6,1,29,48.374378479654474
2025-07-17 15:30:00,1752791101.0,35.833333333333336,27.166666666666668,46.956500000000005,3.1666666666666665,3.5,36.7854615,-119.77299483333331,49.6,1,29,48.55132294466009
2025-07-17 16:30:00,1752794701.0,36.5,25.0,47.83983333333333,3.333333333333333,3.5,36.78541383333334,-119.773079,50.1,1,29,49.15364933548842
2025-07-17 17:30:00,1752798301.0,36.333333333333336,25.166666666666668,49.2965,4.0,4.0,36.7854085,-119.77308016666666,50.4,1,29,50.301881233449016
2025-07-17 18:30:00,1752801901.0,35.833333333333336,28.166666666666668,51.43066666666667,4.166666666666667,4.333333333333333,36.78539966666667,-119.77311716666668,51.9,1,29,52.26168009763108
2025-07-17 19:30:00,1752805501.0,34.166666666666664,30.5,53.124,4.166666666666667,4.666666666666667,36.78544416666667,-119.77312216666668,52.4,1,29,53.179189553791225
2025-07-17 20:30:00,1752809101.0,32.0,34.0,47.714,4.666666666666667,4.666666666666667,36.78544616666667,-119.77312716666668,49.3,1,29,48.754403045649504
2025-07-17 21:30:00,1752812701.0,30.166666666666668,39.0,44.187666666666665,5.0,5.0,36.78539916666667,-119.7731055,46.8,1,29,46.198625753864384
2025-07-17 22:30:00,1752816301.0,28.5,44.16666666666666,39.871,16.166666666666668,16.666666666666668,36.7854245,-119.77309783333334,43.7,1,29,45.135924756970574
2025-07-17 23:30:00,1752819901.0,26.83333333333333,47.5,36.636,3.333333333333333,3.8333333333333335,36.785413166666665,-119.7731145,39.6,1,29,40.22202794118629
2025-07-18 00:30:00,1752823501.0,25.33333333333333,52.16666666666666,28.9565,1.6666666666666667,2.1666666666666665,36.78544316666667,-119.77309666666667,33.1,1,29,34.29200184386672
2025-07-18 01:30:00,1752827101.0,23.33333333333333,61.0,15.248333333333331,3.333333333333333,3.5,36.78540733333333,-119.77310816666666,24.8,1,29,24.932192191005136
2025-07-18 08:30:00,1752852301.0,23.5,52.333333333333336,13.029333333333334,1.0,1.1666666666666667,36.785398666666666,-119.77313233333332,22.9,1,29,21.318180685454614
2025-07-18 09:30:00,1752855901.0,26.0,46.16666666666666,20.169,1.0,1.0,36.78543733333333,-119.773093,30.3,1,29,26.742190044555393
2025-07-18 10:30:00,1752859501.0,28.33333333333333,41.16666666666666,27.821166666666667,2.0,2.1666666666666665,36.785439,-119.7730345,38.6,1,29,32.89278934095575
2025-07-18 11:30:00,1752863101.0,30.5,38.5,36.27883333333333,3.1666666666666665,3.5,36.78540233333333,-119.77309283333334,45.4,1,29,40.03067955770813
2025-07-18 12:30:00,1752866701.0,32.0,36.16666666666666,41.13283333333333,3.6666666666666665,3.8333333333333335,36.78539766666667,-119.77311183333336,47.8,1,29,44.05125539172055
2025-07-18 13:30:00,1752870301.0,33.833333333333336,32.333333333333336,43.803333333333335,4.833333333333333,5.0,36.785432166666666,-119.77308916666668,49.3,1,29,46.44904276749444
2025-07-18 14:30:00,1752873901.0,35.333333333333336,29.0,45.118,5.333333333333333,5.5,36.78546483333333,-119.7730865,50.3,1,29,47.63960962684235
2025-07-18 15:30:00,1752877501.0,36.5,26.5,46.62199999999999,4.333333333333333,4.5,36.78543783333333,-119.77308916666668,51.3,1,29,48.696690865623346
2025-07-18 16:30:00,1752881101.0,37.5,25.33333333333333,49.99033333333333,4.833333333333333,5.0,36.7854285,-119.7731095,52.4,1,29,51.58784314128716
2025-07-18 17:30:00,1752884701.0,37.0,24.166666666666668,51.17116666666666,5.666666666666667,5.666666666666667,36.78543283333334,-119.77309333333334,52.3,1,29,52.14724198762131
2025-07-18 18:30:00,1752888121.0,36.8,27.0,53.7716,5.0,5.4,36.7854438,-119.773128,55.1,1,29,54.44394672349441
2025-07-18 19:30:00,1752891901.0,34.833333333333336,29.83333333333333,53.124833333333335,5.166666666666667,5.5,36.7854125,-119.773126,53.2,1,29,53.54664504247844
2025-07-18 20:30:00,1752895501.0,32.333333333333336,36.0,47.66266666666667,5.0,5.0,36.785438,-119.7730535,49.9,1,29,49.310820979928245
2025-07-18 21:30:00,1752899101.0,30.166666666666668,40.0,43.568666666666665,4.166666666666667,4.333333333333333,36.785438,-119.77310566666668,46.6,1,29,45.785232879947706
2025-07-18 22:30:00,1752902701.0,28.5,40.5,43.661,3.5,4.0,36.78539966666667,-119.77312716666668,45.4,1,29,45.04035231155812
2025-07-18 23:30:00,1752906301.0,27.0,43.5,39.14966666666667,3.1666666666666665,3.6666666666666665,36.7854035,-119.7731285,41.2,1,29,41.4169843372541
2025-07-19 00:30:00,1752909901.0,26.0,43.833333333333336,32.13166666666667,2.1666666666666665,2.5,36.78542516666666,-119.773126,35.6,1,29,35.52696415130338
2025-07-19 01:30:00,1752913501.0,25.5,39.16666666666666,31.422,0.6666666666666666,1.0,36.78544616666667,-119.77313483333334,33.6,1,29,33.61302871753008
2025-07-19 02:30:00,1752917101.0,23.5,45.66666666666666,25.101,1.5,1.5,36.78540083333333,-119.7731045,29.3,1,29,29.217545254597745
2025-07-19 03:30:00,1752920701.0,22.166666666666668,52.333333333333336,17.650333333333332,2.0,2.6666666666666665,36.7853765,-119.7730995,24.7,1,29,24.355382631111077
2025-07-19 04:30:00,1752924301.0,21.5,54.5,14.0185,2.333333333333333,2.833333333333333,36.7854005,-119.77311433333334,22.5,1,29,21.75044050183461
2025-07-19 05:30:00,1752927901.0,21.0,54.0,15.767166666666668,3.0,3.333333333333333,36.78540433333333,-119.773098,,1,29,22.83060819552974
2025-07-19 06:30:00,1752931501.0,20.33333333333333,54.5,16.808,3.0,3.0,36.78541333333333,-119.77310833333333,23.6,1,29,23.35092403261168
2025-07-19 07:30:00,1752935101.0,21.5,51.333333333333336,17.826,3.0,3.8333333333333335,36.785467,-119.77313733333334,24.8,1,29,24.166945687648884
2025-07-19 08:30:00,1752938701.0,23.666666666666668,47.333333333333336,20.24833333333333,3.8333333333333335,4.0,36.7854215,-119.77311316666668,27.9,1,29,26.395445439241577
2025-07-19 09:30:00,1752942301.0,26.33333333333333,42.333333333333336,25.4125,3.6666666666666665,3.8333333333333335,36.78544183333333,-119.773121,33.8,1,29,30.618968431884632
2025-07-19 10:30:00,1752945901.0,28.83333333333333,37.333333333333336,32.942,4.0,4.166666666666667,36.785433000000005,-119.773084,40.0,1,29,36.62624967829715
2025-07-19 11:30:00,1752949501.0,31.33333333333333,33.666666666666664,39.89783333333333,4.666666666666667,4.833333333333333,36.785406,-119.77311316666668,45.5,1,29,42.510375105794644
2025-07-19 12:30:00,1752953101.0,33.166666666666664,32.0,44.93383333333333,5.333333333333333,5.5,36.785429,-119.7731005,50.4,1,29,46.99860884277371
2025-07-19 13:30:00,1752956701.0,34.666666666666664,30.83333333333333,47.6745,6.0,6.166666666666667,36.78542083333333,-119.77309433333332,53.3,1,29,49.693021592362676
2025-07-19 14:30:00,1752960301.0,35.833333333333336,28.666666666666668,48.62416666666667,5.333333333333333,5.666666666666667,36.78542066666667,-119.7730955,54.3,1,29,50.46925729436244
2025-07-19 15:30:00,1752963901.0,37.333333333333336,25.33333333333333,50.6075,4.166666666666667,4.333333333333333,36.78537816666667,-119.77310433333332,53.9,1,29,51.85076939454088
2025-07-19 16:30:00,1752967501.0,37.66666666666666,25.666666666666668,54.10083333333333,4.5,4.833333333333333,36.78545366666666,-119.77310816666666,56.7,1,29,54.77269635581198
2025-07-19 17:30:00,1752971101.0,37.333333333333336,25.166666666666668,54.99466666666667,4.333333333333333,5.0,36.78543033333333,-119.773112,56.4,1,29,55.185718407960415
2025-07-19 18:30:00,1752974701.0,36.833333333333336,26.166666666666668,55.44583333333333,4.833333333333333,5.0,36.78542883333333,-119.77314633333332,56.6,1,29,55.51317412042865
2025-07-19 19:30:00,1752978301.0,35.166666666666664,29.0,54.129333333333335,5.166666666666667,5.333333333333333,36.785434,-119.77308633333332,54.1,1,29,54.29516594587701
2025-07-19 20:30:00,1752981901.0,32.666666666666664,33.833333333333336,44.79733333333333,5.833333333333333,6.166666666666667,36.785411833333335,-119.7731195,47.8,1,29,47.09558372481796
2025-07-19 21:30:00,1752985501.0,30.83333333333333,38.16666666666666,42.745,5.0,5.166666666666667,36.785384666666666,-119.77311833333334,46.2,1,29,45.300589025173885
2025-07-19 22:30:00,1752989101.0,29.166666666666668,40.333333333333336,38.93666666666667,4.166666666666667,4.333333333333333,36.78541633333333,-119.77311333333334,42.6,1,29,41.87921579262193
2025-07-19 23:30:00,1752992701.0,27.666666666666668,40.833333333333336,34.2765,2.6666666666666665,3.0,36.78542466666666,-119.7731145,37.4,1,29,37.48459860768228
2025-07-20 00:30:00,1752996301.0,25.83333333333333,45.833333333333336,24.888,2.833333333333333,3.0,36.785396166666665,-119.77312966666666,31.3,1,29,30.483076940302404
2025-07-20 01:30:00,1752999901.0,24.5,47.5,20.638,2.0,2.1666666666666665,36.78543916666666,-119.77313733333334,28.2,1,29,26.800221827252706
2025-07-20 02:30:00,1753003501.0,23.666666666666668,48.16666666666666,17.893166666666666,2.333333333333333,2.333333333333333,36.7853885,-119.773075,25.4,1,29,24.500532258004675
2025-07-20 03:30:00,1753007101.0,22.166666666666668,53.0,14.1795,3.333333333333333,3.5,36.785390166666666,-119.773118,23.0,1,29,22.06913222443975
2025-07-20 04:30:00,1753010701.0,21.166666666666668,55.66666666666666,10.046166666666666,11.666666666666666,12.166666666666666,36.78541233333333,-119.773117,22.0,1,29,20.486006292325335
2025-07-20 05:30:00,1753014301.0,21.0,56.0,11.001166666666668,4.5,4.833333333333333,36.78540683333333,-119.77310566666668,,1,29,19.891457946328465
2025-07-20 08:30:00,1753025101.0,24.83333333333333,44.16666666666666,17.302,3.0,3.0,36.7854005,-119.7730915,26.2,1,29,24.002335145348134
2025-07-20 09:30:00,1753028701.0,27.83333333333333,36.833333333333336,25.555833333333336,2.6666666666666665,2.833333333333333,36.7854075,-119.77309916666668,32.3,1,29,30.259125286870862
2025-07-20 10:30:00,1753032301.0,30.666666666666668,31.166666666666668,32.98683333333333,2.1666666666666665,2.333333333333333,36.785432166666666,-119.77308800000002,37.4,1,29,36.08297134755292
2025-07-20 11:30:00,1753035901.0,33.0,25.33333333333333,39.467333333333336,2.333333333333333,2.5,36.785422,-119.773098,41.4,1,29,41.03606361380897
2025-07-20 12:30:00,1753039501.0,34.833333333333336,24.33333333333333,43.88916666666666,3.0,3.1666666666666665,36.7854075,-119.77311833333331,46.8,1,29,45.187188923393656
2025-07-20 13:30:00,1753043101.0,36.16666666666666,23.33333333333333,47.832166666666666,3.5,3.8333333333333335,36.785415,-119.77305733333333,50.7,1,29,48.71807308013849
2025-07-20 14:30:00,1753046701.0,37.66666666666666,21.5,47.054833333333335,2.5,2.6666666666666665,36.78542333333333,-119.77304216666668,49.2,1,29,48.33543664144832
2025-07-20 15:30:00,1753050301.0,38.0,20.166666666666668,48.24783333333334,2.0,2.0,36.785413166666665,-119.77309683333334,49.1,1,29,49.043265679628014
2025-07-20 16:30:00,1753053901.0,38.16666666666666,19.166666666666668,48.19683333333333,1.3333333333333333,1.6666666666666667,36.78543783333333,-119.7731235,48.9,1,29,48.809409486616
2025-07-20 17:30:00,1753057501.0,38.0,15.0,51.34883333333334,0.1666666666666666,0.1666666666666666,36.78542883333333,-119.77311183333336,47.7,1,29,50.083237779678036
2025-07-20 18:30:00,1753061101.0,36.833333333333336,19.83333333333333,45.69716666666667,0.6666666666666666,0.8333333333333334,36.785389,-119.773126,45.3,1,29,46.27060164616231
2025-07-20 19:30:00,1753064701.0,34.666666666666664,26.33333333333333,45.14566666666666,1.6666666666666667,1.8333333333333333,36.78538916666667,-119.77309933333332,46.0,1,29,46.183578938040334
2025-07-20 20:30:00,1753068301.0,32.5,33.5,42.221,2.5,2.5,36.7854085,-119.773103,46.0,1,29,44.39490555240305
2025-07-20 21:30:00,1753071901.0,29.5,41.66666666666666,28.607,1.3333333333333333,1.8333333333333333,36.7854405,-119.77311333333334,32.4,1,29,34.05628129710367
2025-07-20 22:30:00,1753075501.0,26.5,47.5,19.4585,1.0,1.0,36.7854385,-119.7731515,26.7,1,29,26.701701893990467
2025-07-20 23:30:00,1753079101.0,24.33333333333333,53.333333333333336,15.4975,1.0,1.3333333333333333,36.785453,-119.77312083333334,23.2,1,29,23.779786165621026
2025-07-21 00:30:00,1753082701.0,23.166666666666668,56.66666666666666,11.9895,1.0,1.3333333333333333,36.78538016666666,-119.7731285,20.6,1,30,21.53857240413437
2025-07-21 09:30:00,1753115700.0,26.0,44.5,17.38083333333333,0.5,1.0,36.78540933333333,-119.77308416666666,23.6,1,30,24.63482054233264
2025-07-21 10:30:00,1753119300.0,28.0,40.16666666666666,22.186666666666667,0.0,0.3333333333333333,36.785439833333335,-119.77307133333332,26.9,1,30,28.313477658939284
2025-07-21 11:30:00,1753122900.0,30.33333333333333,36.833333333333336,27.24833333333333,1.1666666666666667,1.6666666666666667,36.78539716666666,-119.77311833333331,32.0,1,30,32.85873449042595
2025-07-21 12:30:00,1753126500.0,31.33333333333333,35.166666666666664,32.1545,0.0,0.1666666666666666,36.78544733333333,-119.77307783333332,36.3,1,30,36.48652425330584
2025-07-21 13:30:00,1753130100.0,33.166666666666664,31.5,33.115,0.0,0.0,36.78544816666666,-119.77306616666668,37.0,1,30,37.40923620171892
2025-07-21 14:30:00,1753133700.0,33.833333333333336,29.83333333333333,34.383,0.0,0.0,36.785462333333335,-119.77308916666668,37.2,1,30,38.37768962165148
2025-07-21 15:30:00,1753137300.0,34.666666666666664,30.83333333333333,32.23883333333333,0.0,0.0,36.78543966666667,-119.773126,36.6,1,30,37.36181668282518
2025-07-21 16:30:00,1753140900.0,34.666666666666664,29.83333333333333,32.59133333333333,0.0,0.0,36.78540983333334,-119.77308416666666,35.1,1,30,37.440386336663835
2025-07-21 17:30:00,1753144500.0,34.0,30.33333333333333,35.29816666666667,0.0,0.0,36.785413,-119.7731525,35.9,1,30,39.23960885557181
2025-07-21 18:30:00,1753148100.0,33.333333333333336,31.0,35.51016666666667,0.0,0.0,36.785424,-119.773126,36.0,1,30,39.19640173673534
2025-07-21 19:30:00,1753151700.0,31.666666666666668,35.333333333333336,39.07716666666666,0.0,0.0,36.78538833333334,-119.77313216666666,40.0,1,30,41.86532430943085
2025-07-21 20:30:00,1753155300.0,29.166666666666668,38.5,31.9205,0.0,0.0,36.785413166666665,-119.773131,34.6,1,30,35.85622031788413
2025-07-21 21:30:00,1753158900.0,27.166666666666668,39.16666666666666,25.4565,0.0,0.0,36.78542216666667,-119.77309933333332,28.8,1,30,30.14679777278534
2025-07-21 22:30:00,1753162500.0,24.83333333333333,47.16666666666666,15.945166666666664,0.0,0.0,36.78539966666667,-119.77308416666666,22.4,1,30,23.35076939761136
2025-07-22 09:30:00,1753202100.0,22.33333333333333,51.0,10.2555,0.0,0.0,36.78540683333333,-119.7731135,20.2,1,30,18.567373134517027
2025-07-22 10:30:00,1753205700.0,25.0,42.333333333333336,16.142500000000002,0.0,0.0,36.78544233333333,-119.77310833333333,26.6,1,30,22.68092872165702
2025-07-22 11:30:00,1753209600.0,27.4,33.2,23.8186,0.0,0.0,36.7854506,-119.7730988,33.7,1,30,27.92051774098485
2025-07-22 12:30:00,1753212900.0,28.83333333333333,29.0,29.6155,0.0,0.0,36.7854195,-119.773154,35.8,1,30,32.193798997478574
2025-07-22 13:30:00,1753216500.0,30.166666666666668,26.33333333333333,34.51533333333333,0.0,0.0,36.78543283333334,-119.77309666666667,38.4,1,30,36.02987506452366
2025-07-22 14:30:00,1753220100.0,31.166666666666668,23.33333333333333,36.53833333333333,0.0,0.0,36.7854565,-119.7731005,39.1,1,30,37.4803509882944
2025-07-22 15:30:00,1753223700.0,32.333333333333336,23.166666666666668,36.59616666666667,0.0,0.0,36.785384666666666,-119.77313983333332,38.1,1,30,38.0641225614281
2025-07-22 16:30:00,1753227300.0,32.5,23.83333333333333,37.49016666666667,0.0,0.0,36.785412666666666,-119.77315883333334,38.0,1,30,38.941169407950575
2025-07-22 17:30:00,1753230900.0,32.5,24.5,37.91983333333334,0.0,0.0,36.78535766666667,-119.77336516666666,38.1,1,30,39.38790958983531
2025-07-22 18:30:00,1753234500.0,31.33333333333333,27.83333333333333,40.95516666666666,0.0,0.0,36.785455166666665,-119.77313483333334,40.9,1,30,41.71632284036725
2025-07-22 19:30:00,1753238100.0,29.5,31.83333333333333,38.80416666666667,0.0,0.0,36.785414333333335,-119.773132,39.7,1,30,39.94774381246661
2025-07-22 20:30:00,1753241700.0,27.5,37.16666666666666,36.50333333333334,0.0,0.0,36.785411833333335,-119.77312333333332,38.7,1,30,38.23320530411388
2025-07-22 21:30:00,1753245300.0,25.33333333333333,44.833333333333336,31.50283333333333,0.0,0.0,36.785425833333335,-119.77310833333333,35.1,1,30,34.84408815408799
2025-07-22 22:30:00,1753248900.0,22.83333333333333,54.66666666666666,21.739833333333333,0.0,0.0,36.78539416666667,-119.77311333333334,27.8,1,30,28.118697381816105
2025-07-22 23:30:00,1753252500.0,21.33333333333333,59.0,15.636333333333331,0.0,0.0,36.785421500000005,-119.77311833333331,22.5,1,30,23.607348608347245
2025-07-23 10:30:00,1753292100.0,24.666666666666668,49.16666666666666,15.531999999999998,0.6666666666666666,1.1666666666666667,36.78544316666667,-119.77312216666668,25.2,1,30,23.49183368811616
2025-07-23 11:30:00,1753295700.0,26.666666666666668,43.333333333333336,23.249333333333336,0.0,0.0,36.78541933333333,-119.77312866666666,30.3,1,30,29.02005226734603
2025-07-23 12:30:00,1753299300.0,28.83333333333333,37.0,29.3515,0.0,0.0,36.785416833333336,-119.7731135,34.2,1,30,33.484625811461
2025-07-23 13:30:00,1753302900.0,30.5,34.0,33.78483333333333,0.0,0.0,36.78541066666667,-119.77308783333336,38.1,1,30,37.07159419061939
2025-07-23 14:30:00,1753306500.0,31.5,32.166666666666664,36.79783333333334,0.0,0.0,36.78538633333333,-119.77313083333333,40.1,1,30,39.48264999892748
2025-07-23 15:30:00,1753310100.0,32.666666666666664,29.83333333333333,39.2975,0.0,0.0,36.78541066666667,-119.7731375,42.3,1,30,41.49678351205401
2025-07-23 16:30:00,1753313700.0,33.0,27.5,41.104,0.0,0.0,36.78541633333333,-119.77309016666668,42.8,1,30,42.58227764439422
2025-07-23 17:30:00,1753317300.0,33.0,27.33333333333333,40.91516666666666,0.0,0.0,36.7854475,-119.77309416666668,42.3,1,30,42.40945415957562
2025-07-23 18:30:00,1753320900.0,33.0,26.33333333333333,39.891,0.0,0.0,36.78539783333333,-119.77310683333332,40.7,1,30,41.4542397622175
2025-07-23 19:30:00,1753324500.0,31.0,30.33333333333333,40.5835,0.0,0.0,36.78538516666666,-119.77307516666669,41.6,1,30,41.739314367996634
2025-07-23 20:30:00,1753328100.0,28.5,37.5,34.56483333333333,0.0,0.0,36.785413166666665,-119.773084,38.7,1,30,37.32930834398829
2025-07-23 21:30:00,1753331700.0,27.0,44.333333333333336,32.9455,0.1666666666666666,0.5,36.78541583333333,-119.77310316666666,38.1,1,30,36.70818036157415
2025-07-23 22:30:00,1753335300.0,24.83333333333333,51.833333333333336,18.313,0.0,0.0,36.7853935,-119.773107,27.2,1,30,25.997478882360824
2025-07-23 23:30:00,1753338900.0,23.0,57.333333333333336,16.046,0.0,0.0,36.785401,-119.77312716666668,24.7,1,30,24.42099285588001
2025-07-24 00:30:00,1753342500.0,21.666666666666668,60.66666666666666,13.8275,0.0,0.0,36.785424,-119.77316033333334,22.6,1,30,22.722507156151693
2025-07-24 01:30:00,1753346100.0,20.5,62.66666666666666,12.057,0.0,0.0,36.7854405,-119.77304983333332,20.2,1,30,21.193884044332016
2025-07-24 09:30:00,1753374900.0,23.166666666666668,54.16666666666666,12.737,0.0,0.0,36.7853845,-119.77314616666666,23.1,1,30,21.42835528850658
2025-07-24 10:30:00,1753378500.0,25.5,48.0,19.269166666666667,0.0,0.0,36.78542133333334,-119.77312983333331,37.9,1,30,26.328475828984367
2025-07-24 11:30:00,1753382100.0,27.5,44.5,25.8685,0.0,0.0,36.78544483333334,-119.77309166666667,41.3,1,30,31.612144563120204
2025-07-24 12:30:00,1753384500.0,28.0,43.5,30.4565,0.0,0.0,36.785414,-119.773075,44.2,1,30,35.116160481230594
2025-07-28 10:30:00,1753724100.0,31.0,33.166666666666664,19.982666666666663,0.0,0.0,36.1388625,-120.368403,,1,31,27.140830616260452
2025-07-28 11:30:00,1753727700.0,32.0,31.33333333333333,24.94066666666667,0.0,0.0,36.13885316666667,-120.368309,,1,31,31.012450574382875
2025-07-28 12:30:00,1753731300.0,33.0,29.33333333333333,28.43583333333333,0.0,0.0,36.13888816666667,-120.36824033333332,,1,31,33.75455875624017
2025-07-28 13:30:00,1753734900.0,34.833333333333336,27.0,32.04916666666667,0.0,0.0,36.1389625,-120.36835333333332,,1,31,36.93147529154482
2025-07-28 14:30:00,1753738500.0,36.333333333333336,25.0,33.6715,0.0,0.0,36.13911433333333,-120.36831783333332,,1,31,38.512082343441136
2025-07-28 15:30:00,1753742100.0,36.5,24.166666666666668,34.80233333333333,0.0,0.0,36.139083166666666,-120.368337,,1,31,39.287773892795315
2025-07-28 16:30:00,1753745700.0,38.0,21.83333333333333,36.7875,0.0,0.0,36.1390405,-120.36836616666666,,1,31,41.078799657798676
2025-07-28 17:30:00,1753749300.0,37.5,22.33333333333333,36.38483333333333,0.0,0.0,36.1390235,-120.36836116666666,,1,31,40.62462043821937
2025-07-28 18:30:00,1753752900.0,35.833333333333336,24.83333333333333,37.83166666666667,0.3333333333333333,0.5,36.13900833333333,-120.36828383333334,,1,31,41.433571363874904
2025-07-28 19:30:00,1753756500.0,32.166666666666664,30.33333333333333,36.56766666666667,0.3333333333333333,0.5,36.139051333333335,-120.368384,,1,31,39.712411596969574
2025-07-28 20:30:00,1753760100.0,29.666666666666668,35.5,32.06066666666666,0.5,0.8333333333333334,36.13900116666667,-120.36835616666669,,1,31,36.108948865803264
2025-07-28 21:30:00,1753763700.0,27.666666666666668,38.66666666666666,26.642166666666668,0.3333333333333333,0.8333333333333334,36.13900066666667,-120.36837883333334,,1,31,31.63416298880906
2025-07-28 22:30:00,1753767300.0,26.166666666666668,37.0,18.647,0.0,0.6666666666666666,36.138987166666666,-120.3683625,,1,31,24.53997098995488
2025-07-28 23:30:00,1753770900.0,24.0,41.833333333333336,10.657333333333334,0.0,0.3333333333333333,36.13901416666666,-120.368361,,1,31,18.35095796796047
2025-07-29 08:30:00,1753803300.0,28.5,34.166666666666664,18.356,1.6666666666666667,2.0,36.13902216666667,-120.36834966666667,,1,31,25.206198796767886
2025-07-29 09:30:00,1753806900.0,32.166666666666664,30.166666666666668,26.330166666666667,1.3333333333333333,1.6666666666666667,36.13903666666666,-120.3683905,,1,31,32.18599308829529
2025-07-29 10:30:00,1753810500.0,34.0,28.166666666666668,30.947333333333333,1.3333333333333333,2.0,36.1390375,-120.36834216666666,,1,31,36.20661839668337
2025-07-29 11:30:00,1753814100.0,35.666666666666664,25.666666666666668,34.350500000000004,1.1666666666666667,1.6666666666666667,36.139043666666666,-120.36836633333331,,1,31,39.069416392509034
2025-07-29 12:30:00,1753817700.0,37.333333333333336,24.166666666666668,33.61233333333333,1.1666666666666667,1.5,36.139017,-120.36840283333332,,1,31,39.038211001536155
2025-07-29 13:30:00,1753821300.0,38.333333333333336,22.5,34.769,1.0,1.1666666666666667,36.13903183333333,-120.36835733333334,,1,31,40.04265612978343
2025-07-29 14:30:00,1753824900.0,39.333333333333336,22.0,36.03383333333333,1.1666666666666667,1.1666666666666667,36.13905916666667,-120.36834966666667,,1,31,41.4049340467247
2025-07-29 15:30:00,1753828500.0,40.0,21.5,36.79583333333333,1.1666666666666667,1.5,36.13905266666666,-120.36837533333336,,1,31,42.23842475707562
2025-07-29 16:30:00,1753832100.0,40.0,21.0,38.3595,1.5,1.5,36.139012,-120.36833833333333,,1,31,43.351163811753324
2025-07-29 17:30:00,1753835700.0,39.0,21.166666666666668,38.375166666666665,1.5,1.6666666666666667,36.139031,-120.36835733333334,,1,31,42.91813574442003
2025-07-29 18:30:00,1753839300.0,37.0,23.666666666666668,40.592,1.0,1.1666666666666667,36.1390075,-120.36834216666666,,1,31,43.979505318245245
2025-07-29 19:30:00,1753842900.0,33.166666666666664,27.0,41.19583333333333,1.3333333333333333,1.6666666666666667,36.13900616666667,-120.36837,,1,31,43.24942533100356
2025-07-29 20:30:00,1753846500.0,30.33333333333333,30.33333333333333,33.10766666666667,1.6666666666666667,2.5,36.13899,-120.3683535,,1,31,36.509832278113706
2025-07-29 21:30:00,1753850100.0,28.0,32.0,24.03483333333333,5.0,5.166666666666667,36.139025333333336,-120.36839916666668,,1,31,29.403036997853484
2025-07-29 22:30:00,1753853700.0,26.0,33.0,18.0475,0.0,0.0,36.1390115,-120.3683765,,1,31,23.207921200855203
2025-07-29 23:30:00,1753857300.0,23.83333333333333,36.5,12.205,0.0,0.0,36.1390495,-120.3683575,,1,31,18.41095981456575
2025-07-30 07:30:00,1753886100.0,22.5,35.166666666666664,13.665666666666668,0.3333333333333333,0.6666666666666666,36.138994833333335,-120.36836883333336,,1,31,18.693957991450915
2025-07-30 08:30:00,1753889700.0,28.0,26.166666666666668,25.84633333333333,0.0,0.0,36.1390375,-120.3683535,,1,31,28.771886632878513
2025-07-30 09:30:00,1753893300.0,31.33333333333333,23.166666666666668,30.03833333333333,0.0,0.0,36.1390185,-120.36833466666668,,1,31,32.99386560847786
2025-07-30 10:30:00,1753896900.0,33.666666666666664,23.83333333333333,30.707833333333337,0.0,0.0,36.139025333333336,-120.36836883333336,,1,31,34.76343446052017
2025-07-30 11:30:00,1753900500.0,35.5,22.166666666666668,32.095166666666664,0.0,0.0,36.13901516666667,-120.36836116666666,,1,31,36.39286417144202
2025-07-30 12:30:00,1753904100.0,37.16666666666666,22.666666666666668,31.97433333333333,0.0,0.0,36.1390215,-120.36836733333332,,1,31,37.211429227059995
2025-07-30 13:30:00,1753907700.0,38.833333333333336,20.5,33.795,0.0,0.0,36.139051333333335,-120.36838666666668,,1,31,38.99157248350864
2025-07-30 14:30:00,1753911300.0,40.16666666666666,17.833333333333332,36.2635,0.0,0.0,36.13902733333333,-120.36838516666668,,1,31,41.00188078555871
2025-07-30 15:30:00,1753914900.0,40.5,17.166666666666668,37.05083333333334,0.0,0.0,36.139054,-120.3683725,,1,31,41.632272868611764
2025-07-30 16:30:00,1753918500.0,40.333333333333336,17.666666666666668,39.72083333333333,0.0,0.0,36.1390565,-120.36836633333331,,1,31,43.6487067403655
2025-07-30 17:30:00,1753922100.0,38.66666666666666,19.0,43.60266666666666,0.0,0.0,36.13907133333333,-120.36838016666668,,1,31,45.99564557092895
2025-07-30 18:30:00,1753925700.0,36.333333333333336,21.0,42.006,0.0,0.0,36.13905833333333,-120.36836383333332,,1,31,44.02619461195233
2025-07-30 19:30:00,1753929300.0,32.833333333333336,26.166666666666668,38.75566666666666,1.0,1.1666666666666667,36.139019,-120.368365,,1,31,41.02528861860967
2025-07-30 20:30:00,1753932900.0,29.5,31.83333333333333,32.12133333333333,0.3333333333333333,0.6666666666666666,36.139045,-120.36834716666668,,1,31,35.360664859586564
2025-07-30 21:30:00,1753936500.0,27.83333333333333,35.166666666666664,25.480666666666668,0.0,0.1666666666666666,36.138975,-120.36841466666664,,1,31,30.10480556322051
2025-07-30 22:30:00,1753940100.0,27.0,34.833333333333336,24.8485,0.0,0.0,36.139057666666666,-120.368407,,1,31,29.14600198697255
2025-07-30 23:30:00,1753943700.0,25.33333333333333,36.333333333333336,18.3685,0.0,0.0,36.139011,-120.36835983333332,,1,31,23.742923433473074
2025-07-31 00:30:00,1753947300.0,23.166666666666668,36.66666666666666,14.016166666666663,0.0,0.0,36.13900383333333,-120.36831533333331,,1,31,19.475552212369266
2025-07-31 08:30:00,1753976100.0,24.5,40.833333333333336,11.804833333333336,0.8333333333333334,1.1666666666666667,36.139026666666666,-120.36834216666666,,1,31,19.420015876287025
2025-07-31 09:30:00,1753979700.0,27.666666666666668,38.833333333333336,17.969666666666665,2.1666666666666665,2.5,36.13900233333333,-120.36833683333332,,1,31,25.46577217285268
2025-07-31 10:30:00,1753983300.0,31.666666666666668,33.166666666666664,27.06683333333333,1.0,1.3333333333333333,36.13902216666667,-120.3683625,,1,31,32.99326147037452
2025-07-31 11:30:00,1753986900.0,34.166666666666664,30.33333333333333,31.719666666666665,1.0,1.0,36.13903866666666,-120.36839166666668,,1,31,37.15634702268904
2025-07-31 12:30:00,1753990500.0,36.16666666666666,25.83333333333333,31.01183333333333,3.1666666666666665,4.166666666666667,36.13903033333333,-120.36840433333332,,1,31,37.236677014097346
2025-07-31 13:30:00,1753994100.0,38.16666666666666,24.0,35.5885,0.1666666666666666,0.3333333333333333,36.138983333333336,-120.3683955,,1,31,40.70699709585863
2025-07-31 14:30:00,1753997700.0,39.833333333333336,22.0,36.51116666666667,0.3333333333333333,0.8333333333333334,36.13904633333333,-120.36836383333332,,1,31,41.90140308892656
2025-07-31 15:30:00,1754001300.0,40.16666666666666,21.666666666666668,39.01016666666667,0.0,0.5,36.13904683333333,-120.36838666666668,,1,31,43.819735984542056
2025-07-31 16:30:00,1754004900.0,40.0,21.5,40.651833333333336,0.5,0.6666666666666666,36.139039833333335,-120.36839283333336,,1,31,45.0011941389154
2025-07-31 17:30:00,1754008500.0,38.833333333333336,21.33333333333333,40.559333333333335,0.6666666666666666,1.0,36.13903366666667,-120.36837016666668,,1,31,44.372997107891614
2025-07-31 18:30:00,1754012100.0,37.0,24.0,41.99166666666667,0.6666666666666666,1.0,36.13901283333333,-120.368347,,1,31,45.047081501778614
2025-07-31 19:30:00,1754015700.0,33.833333333333336,28.5,38.67733333333334,0.8333333333333334,1.0,36.1390305,-120.36836383333332,,1,31,41.86079473947037
2025-07-31 20:30:00,1754019300.0,30.33333333333333,33.5,28.013166666666667,0.8333333333333334,1.0,36.13899883333334,-120.36837633333334,,1,31,33.06929870718206
2025-07-31 21:30:00,1754022900.0,28.83333333333333,34.0,24.01133333333333,0.3333333333333333,1.0,36.139039333333336,-120.3683855,,1,31,29.375249564372666
2025-07-31 22:30:00,1754026500.0,26.666666666666668,39.5,18.3635,0.6666666666666666,1.0,36.139038166666666,-120.36836233333334,,1,31,25.12833566162341
2025-07-31 23:30:00,1754030100.0,25.0,37.16666666666666,13.717166666666666,0.3333333333333333,0.5,36.13904316666667,-120.368327,,1,31,20.31532645004782
2025-08-01 00:30:00,1754033700.0,23.33333333333333,40.0,10.5765,0.0,0.0,36.139012,-120.36839683333334,,1,31,17.59466462478899
2025-08-01 08:30:00,1754062500.0,29.166666666666668,33.333333333333336,20.376,0.3333333333333333,0.8333333333333334,36.13905333333333,-120.36835616666669,,1,31,26.67059013524439
2025-08-01 09:30:00,1754066100.0,30.666666666666668,33.333333333333336,25.99116666666667,1.0,1.0,36.138967,-120.368365,,1,31,31.698936345969024
2025-08-01 10:30:00,1754069700.0,33.5,30.166666666666668,34.14116666666667,1.5,1.8333333333333333,36.13904383333333,-120.3683625,,1,31,38.73424236325715
2025-08-01 11:30:00,1754073300.0,35.833333333333336,27.5,37.60266666666666,1.1666666666666667,1.6666666666666667,36.1390195,-120.36834566666666,,1,31,41.93444424660448
2025-08-01 12:30:00,1754076900.0,37.833333333333336,25.5,37.44233333333333,0.5,1.0,36.13904266666667,-120.36837233333334,,1,31,42.30235844520627
2025-08-01 13:30:00,1754080500.0,39.66666666666666,22.83333333333333,38.18216666666667,0.3333333333333333,0.6666666666666666,36.13900566666667,-120.3684005,,1,31,43.21577349799964
2025-08-01 14:30:00,1754084100.0,40.333333333333336,21.166666666666668,40.57516666666667,0.0,0.0,36.13901783333333,-120.36835233333332,,1,31,44.94172305912375
2025-08-01 15:30:00,1754087700.0,40.66666666666666,19.166666666666668,41.26583333333333,0.0,0.0,36.139036833333336,-120.36837016666668,,1,31,45.25134613655218
2025-08-01 16:30:00,1754091300.0,41.0,20.166666666666668,42.299,0.1666666666666666,0.1666666666666666,36.139064,-120.36838033333332,,1,31,46.40629127324683
2025-08-01 17:30:00,1754094900.0,39.833333333333336,21.5,44.54433333333333,0.3333333333333333,0.6666666666666666,36.139036,-120.36833566666668,,1,31,47.826777376067845
2025-08-01 18:30:00,1754098500.0,38.16666666666666,22.5,43.21716666666666,0.8333333333333334,1.1666666666666667,36.13904566666667,-120.36837766666667,,1,31,46.28923855039991
2025-08-01 19:30:00,1754102100.0,34.666666666666664,23.83333333333333,38.59983333333333,0.3333333333333333,0.3333333333333333,36.139029666666666,-120.368394,,1,31,41.23898735339277
2025-08-01 20:30:00,1754105700.0,31.5,24.33333333333333,30.61983333333333,0.0,0.0,36.1390515,-120.36830666666668,,1,31,33.729313044321515
2025-08-01 21:30:00,1754109300.0,29.0,27.5,23.56733333333333,0.0,0.0,36.13901716666667,-120.36837133333334,,1,31,27.798431211612332
2025-08-01 22:30:00,1754112900.0,27.83333333333333,28.0,25.80666666666667,0.1666666666666666,0.3333333333333333,36.13908983333334,-120.36838266666666,,1,31,29.045373560573623
2025-08-01 23:30:00,1754116500.0,25.83333333333333,33.166666666666664,17.407333333333334,0.0,0.1666666666666666,36.139033000000005,-120.3683485,,1,31,22.690524268498685
2025-08-02 00:30:00,1754120100.0,23.5,37.5,11.3295,0.0,0.3333333333333333,36.13904766666666,-120.36834466666666,,1,31,17.804257969070584
2025-08-02 01:30:00,1754123700.0,21.83333333333333,39.66666666666666,10.6055,0.0,1.0,36.13901533333333,-120.36837133333334,,1,31,16.903343125347675
2025-08-02 08:30:00,1754148900.0,25.666666666666668,42.5,11.165666666666668,1.8333333333333333,2.0,36.13905283333333,-120.36831933333332,,1,31,19.986058103178088
2025-08-02 09:30:00,1754152500.0,29.5,35.333333333333336,17.081166666666665,1.0,1.1666666666666667,36.139029,-120.36835616666669,,1,31,24.82295542627321
2025-08-02 10:30:00,1754156100.0,32.166666666666664,28.83333333333333,25.3595,0.8333333333333334,0.8333333333333334,36.1390165,-120.3683535,,1,31,31.091880500900686
2025-08-02 11:30:00,1754159700.0,34.0,29.5,27.5895,1.3333333333333333,1.5,36.13903083333333,-120.36832166666666,,1,31,33.89151116098406
2025-08-02 12:30:00,1754163300.0,36.0,24.166666666666668,30.967166666666667,0.6666666666666666,1.0,36.139040666666666,-120.368375,,1,31,36.30970461563339
2025-08-02 13:30:00,1754166900.0,38.333333333333336,21.666666666666668,31.582166666666662,0.1666666666666666,0.6666666666666666,36.13900516666666,-120.36836216666669,,1,31,37.37367364699496
2025-08-02 14:30:00,1754170500.0,39.16666666666666,20.83333333333333,32.8905,0.6666666666666666,0.8333333333333334,36.13903883333333,-120.368332,,1,31,38.67047288839796
2025-08-02 15:30:00,1754174100.0,40.0,20.33333333333333,33.93783333333334,0.6666666666666666,1.0,36.13902033333333,-120.36838783333332,,1,31,39.78592692451918
2025-08-02 16:30:00,1754177700.0,40.0,18.83333333333333,35.283,0.5,0.6666666666666666,36.1390265,-120.36837883333334,,1,31,40.47320381025532
2025-08-02 17:30:00,1754181300.0,39.16666666666666,20.83333333333333,35.098333333333336,0.5,0.5,36.1390195,-120.36836633333331,,1,31,40.284755602264276
2025-08-02 18:30:00,1754184900.0,36.833333333333336,25.166666666666668,35.41283333333333,1.0,1.0,36.1390135,-120.3683625,,1,31,40.27395082781995
2025-08-02 19:30:00,1754188500.0,33.166666666666664,28.666666666666668,35.961,1.0,1.0,36.139045,-120.36837266666667,,1,31,39.54133805044428
2025-08-02 20:30:00,1754192100.0,30.33333333333333,31.33333333333333,30.6715,1.1666666666666667,1.6666666666666667,36.13907433333333,-120.3682515,,1,31,34.74954075635659
2025-08-02 21:30:00,1754195700.0,28.0,35.0,23.552833333333336,1.0,1.0,36.13901766666667,-120.36837266666667,,1,31,28.872158494222155
2025-08-02 22:30:00,1754199300.0,26.0,38.333333333333336,17.0915,0.8333333333333334,1.3333333333333333,36.1390145,-120.36835616666669,,1,31,23.6731500581937
2025-08-02 23:30:00,1754202900.0,24.166666666666668,40.66666666666666,13.0515,0.0,0.0,36.138966333333336,-120.36835866666668,,1,31,19.98543038689825
2025-08-03 08:30:00,1754235300.0,28.5,26.83333333333333,23.313666666666663,0.0,0.0,36.138994333333336,-120.36838266666666,,1,31,27.238984481088764
2025-08-03 09:30:00,1754238900.0,31.666666666666668,26.666666666666668,25.822000000000003,0.0,0.0,36.13900366666667,-120.36836866666664,,1,31,30.64239952928648
2025-08-03 10:30:00,1754242500.0,33.666666666666664,25.666666666666668,27.560166666666664,0.0,0.3333333333333333,36.139026,-120.36835733333334,,1,31,32.7688472239305
2025-08-03 11:30:00,1754246100.0,35.333333333333336,24.666666666666668,28.9255,0.0,0.0,36.1390185,-120.36835866666668,,1,31,34.39636950437187
2025-08-03 12:30:00,1754249700.0,37.5,22.83333333333333,28.49166666666667,0.5,0.6666666666666666,36.13900366666667,-120.36837133333334,,1,31,34.893552350573195
2025-08-03 13:30:00,1754253300.0,39.5,20.0,30.530666666666665,0.3333333333333333,0.3333333333333333,36.13903616666666,-120.36835066666669,,1,31,36.833155382513866
2025-08-03 14:30:00,1754256900.0,40.333333333333336,19.666666666666668,31.290166666666664,0.1666666666666666,0.3333333333333333,36.1390565,-120.36832416666668,,1,31,37.73376309860731
2025-08-03 15:30:00,1754260500.0,40.5,18.83333333333333,33.341166666666666,0.0,0.0,36.139048333333335,-120.36835216666668,,1,31,39.156786323141816
2025-08-03 16:30:00,1754264100.0,40.5,18.33333333333333,33.33383333333334,0.0,0.0,36.13907116666667,-120.36837633333332,,1,31,39.05821241732589
2025-08-03 17:30:00,1754267700.0,39.333333333333336,20.0,31.40833333333333,0.0,0.0,36.13905583333334,-120.36835733333334,,1,31,37.35115002260012
2025-08-03 18:30:00,1754271300.0,37.333333333333336,18.166666666666668,29.863166666666668,0.0,0.0,36.139061,-120.36835483333334,,1,31,34.870105066367714
2025-08-03 19:30:00,1754274900.0,33.5,20.166666666666668,30.769166666666667,0.0,0.0,36.13901783333333,-120.36838916666666,,1,31,34.04537628212585
2025-08-03 20:30:00,1754278500.0,29.83333333333333,23.666666666666668,25.33033333333333,0.0,0.0,36.13903316666667,-120.36837766666667,,1,31,28.816929281131415
2025-08-03 21:30:00,1754282100.0,27.166666666666668,28.5,15.478333333333332,0.0,0.0,36.13903166666667,-120.36835616666669,,1,31,21.012411268607508
2025-08-04 08:30:00,1754321700.0,26.0,28.83333333333333,10.399666666666668,0.0,0.0,36.139026,-120.36834333333331,,1,32,17.033330112302465
2025-08-04 09:30:00,1754325300.0,30.666666666666668,25.166666666666668,15.183,0.0,0.0,36.139045,-120.36835733333334,,1,32,22.228259773307613
2025-08-04 10:30:00,1754328900.0,31.666666666666668,23.83333333333333,20.027166666666663,0.0,0.0,36.13900766666666,-120.3683245,,1,32,26.107465622086146
2025-08-04 11:30:00,1754332500.0,32.833333333333336,23.33333333333333,21.575,0.0,0.0,36.1390075,-120.36834966666667,,1,32,27.74808224467602
2025-08-04 12:30:00,1754336100.0,35.0,21.5,23.028,0.0,0.0,36.139059,-120.36835216666668,,1,32,29.559047988058275
2025-08-04 13:30:00,1754339700.0,36.16666666666666,20.33333333333333,24.499166666666667,0.0,0.0,36.13904716666666,-120.3683155,,1,32,31.01800368063204
2025-08-04 14:30:00,1754343300.0,37.333333333333336,19.33333333333333,24.4415,0.0,0.0,36.13904583333333,-120.36834600000002,,1,32,31.35993074765708
2025-08-04 15:30:00,1754346900.0,38.0,19.166666666666668,25.47433333333333,0.0,0.0,36.139062333333335,-120.36831666666669,,1,32,32.43099101929933
2025-08-04 16:30:00,1754350500.0,38.16666666666666,19.0,26.653666666666663,0.0,0.0,36.13905449999999,-120.36835366666666,,1,32,33.36719222691995
2025-08-04 17:30:00,1754354100.0,37.16666666666666,19.83333333333333,27.34166666666667,0.6666666666666666,0.6666666666666666,36.13906466666666,-120.36835966666666,,1,32,33.668105125601535
2025-08-04 18:30:00,1754357700.0,34.5,22.5,29.30933333333333,1.1666666666666667,1.3333333333333333,36.139026,-120.36833183333331,,1,32,34.439172990307014
2025-08-04 19:30:00,1754361300.0,30.83333333333333,27.166666666666668,29.01933333333333,0.1666666666666666,0.1666666666666666,36.13901783333333,-120.36836383333332,,1,32,33.10203230385048
2025-08-04 20:30:00,1754364900.0,28.33333333333333,30.0,27.238333333333333,0.3333333333333333,1.0,36.13901533333333,-120.36834066666668,,1,32,31.15307835007105
2025-08-04 21:30:00,1754368500.0,26.666666666666668,33.666666666666664,21.457166666666662,0.3333333333333333,0.3333333333333333,36.13903366666667,-120.36836766666666,,1,32,26.622361709909562
2025-08-04 22:30:00,1754372100.0,25.0,35.166666666666664,18.950666666666667,0.0,0.1666666666666666,36.1390185,-120.36837883333334,,1,32,24.157590307672343
2025-08-04 23:30:00,1754375700.0,23.166666666666668,36.333333333333336,15.502833333333331,0.0,0.0,36.13900366666667,-120.368375,,1,32,20.873870270262273
2025-08-05 08:30:00,1754408100.0,26.5,30.166666666666668,12.069166666666666,0.0,0.0,36.1390635,-120.36834583333332,,1,32,18.780061846857414
2025-08-05 09:30:00,1754411700.0,28.83333333333333,29.5,17.824,0.0,0.0,36.13904583333333,-120.36834616666664,,1,32,24.120195073397447
2025-08-05 10:30:00,1754415300.0,31.0,27.5,22.802833333333336,0.1666666666666666,0.3333333333333333,36.139024,-120.36834333333331,,1,32,28.591453680961358
2025-08-05 11:30:00,1754418900.0,33.166666666666664,25.666666666666668,25.27916666666667,0.0,0.0,36.1390445,-120.36836233333334,,1,32,31.12722232563663
2025-08-05 12:30:00,1754422500.0,35.166666666666664,22.83333333333333,26.619333333333334,0.0,0.0,36.139005,-120.36837383333334,,1,32,32.58570012549496
2025-08-05 13:30:00,1754426100.0,36.333333333333336,20.666666666666668,27.031666666666663,0.0,0.0,36.13903083333333,-120.36837383333334,,1,32,33.06340908624947
2025-08-05 14:30:00,1754429700.0,37.833333333333336,19.166666666666668,28.39583333333333,0.0,0.0,36.1390285,-120.368347,,1,32,34.54321740551663
2025-08-05 15:30:00,1754433300.0,38.66666666666666,17.833333333333332,28.29533333333333,0.0,0.0,36.13907366666667,-120.3683535,,1,32,34.62768767146468
2025-08-05 16:30:00,1754436900.0,38.5,17.0,28.513666666666666,0.0,0.0,36.139033,-120.36834083333332,,1,32,34.55490597059496
2025-08-05 17:30:00,1754440500.0,37.5,17.833333333333332,28.89283333333333,0.0,0.0,36.1389865,-120.36830533333334,,1,32,34.50500498873172
2025-08-05 18:30:00,1754444100.0,35.833333333333336,19.83333333333333,29.94933333333333,0.0,0.0,36.13904,-120.36835616666669,,1,32,34.854397981824796
2025-08-05 19:30:00,1754447700.0,32.5,24.83333333333333,26.377166666666668,0.0,0.0,36.13906733333334,-120.36834816666668,,1,32,31.470140403507337
2025-08-05 20:30:00,1754451300.0,29.33333333333333,28.666666666666668,21.219666666666665,0.0,0.0,36.1389445,-120.36842983333334,,1,32,26.759871227867876
2025-08-05 21:30:00,1754454900.0,27.33333333333333,32.5,17.260833333333334,0.0,0.0,36.138996,-120.368417,,1,32,23.52108506422865
2025-08-05 22:30:00,1754458500.0,25.83333333333333,37.333333333333336,17.047833333333333,7.0,7.5,36.139010166666665,-120.368361,,1,32,24.81641036787314
2025-08-05 23:30:00,1754461950.75,24.0,42.0,17.67525,0.0,0.0,36.139019000000005,-120.36833175,,1,32,23.968086963717937
2025-08-06 00:30:00,1754465101.0,22.666666666666668,41.66666666666666,10.51,0.0,0.0,36.13904,-120.36834333333331,,1,32,17.872432991271673
2025-08-06 08:30:00,1754493901.0,27.33333333333333,33.833333333333336,15.729,0.0,0.0,36.139052,-120.36835233333332,,1,32,22.618960127450855
2025-08-06 09:30:00,1754497501.0,31.166666666666668,29.33333333333333,26.049000000000003,0.0,0.0,36.13903666666666,-120.36837133333334,,1,32,31.408324351580887
2025-08-06 10:30:00,1754501101.0,33.833333333333336,26.666666666666668,29.967166666666667,0.0,0.0,36.13903233333333,-120.36836883333336,,1,32,35.160223348969694
2025-08-06 11:30:00,1754504701.0,35.166666666666664,24.0,32.800999999999995,0.0,0.0,36.13904883333333,-120.36841316666666,,1,32,37.444872406494746
2025-08-06 12:30:00,1754508301.0,37.16666666666666,21.166666666666668,32.621833333333335,0.0,0.0,36.1390095,-120.36840416666666,,1,32,37.76243308641242
2025-08-06 13:30:00,1754511901.0,38.833333333333336,21.0,32.671,0.0,0.0,36.13901116666667,-120.36837766666667,,1,32,38.58456728414156
2025-08-06 14:30:00,1754515501.0,39.833333333333336,19.33333333333333,32.835166666666666,0.0,0.0,36.139079333333335,-120.3683535,,1,32,38.88736327011174
2025-08-06 15:30:00,1754519101.0,40.66666666666666,18.166666666666668,33.94116666666667,0.0,0.0,36.13903233333333,-120.36837533333332,,1,32,39.90885622385751
2025-08-06 16:30:00,1754522701.0,40.16666666666666,18.83333333333333,36.8115,0.0,0.0,36.139036833333336,-120.36833816666666,,1,32,41.94350216795836
2025-08-06 17:30:00,1754526301.0,39.66666666666666,19.0,37.137166666666666,0.0,0.0,36.139019,-120.36836366666668,,1,32,41.9742075724152
2025-08-06 18:30:00,1754529901.0,38.16666666666666,20.666666666666668,37.522333333333336,0.0,0.0,36.13898316666667,-120.36832816666669,,1,32,41.83905325507991
2025-08-06 19:30:00,1754533501.0,34.833333333333336,23.83333333333333,36.593,0.0,0.0,36.13903716666667,-120.36837,,1,32,40.09813980500403
2025-08-06 20:30:00,1754537101.0,31.166666666666668,25.0,28.770333333333337,0.0,0.0,36.13899216666667,-120.36840183333334,,1,32,32.6452813695536
2025-08-06 21:30:00,1754540701.0,29.0,29.5,22.178166666666662,0.0,0.0,36.13901083333334,-120.3683345,,1,32,27.471504882209743
2025-08-06 22:30:00,1754544301.0,26.83333333333333,32.0,19.242166666666662,0.0,0.0,36.13902333333333,-120.36837766666667,,1,32,24.670995329001038
2025-08-06 23:30:00,1754547901.0,26.5,33.333333333333336,20.829166666666666,0.0,0.0,36.13902083333333,-120.36837116666668,,1,32,25.947657266738794
2025-08-07 00:30:00,1754551501.0,24.33333333333333,36.66666666666666,11.689,0.0,0.0,36.139066,-120.36837133333334,,1,32,18.64334770955645
2025-08-07 08:30:00,1754580301.0,28.83333333333333,30.666666666666668,16.670666666666666,0.0,0.3333333333333333,36.13900566666667,-120.368365,,1,32,23.499128579935885
2025-08-07 09:30:00,1754583901.0,33.333333333333336,27.166666666666668,24.02633333333333,0.0,0.0,36.13901533333333,-120.3683575,,1,32,30.547253543770758
2025-08-07 10:30:00,1754587501.0,35.5,24.83333333333333,31.227500000000003,0.0,0.0,36.138996166666665,-120.3683905,,1,32,36.581638679155326
2025-08-07 11:30:00,1754591101.0,37.0,24.5,34.916,0.3333333333333333,0.5,36.13898783333334,-120.368383,,1,32,40.097398241937746
2025-08-07 12:30:00,1754594701.0,38.16666666666666,24.0,35.42033333333333,0.0,0.0,36.13900866666666,-120.36835233333332,,1,32,40.88103977302408
2025-08-07 13:30:00,1754598301.0,39.66666666666666,22.166666666666668,36.48616666666667,0.0,0.0,36.13904016666667,-120.36833333333334,,1,32,42.0747751188247
2025-08-07 14:30:00,1754601901.0,41.16666666666666,20.166666666666668,39.322,0.0,0.0,36.1390755,-120.36834333333331,,1,32,44.56663903231472
2025-08-07 15:30:00,1754605501.0,41.833333333333336,19.666666666666668,40.31783333333333,0.0,0.0,36.1390315,-120.36834983333334,,1,32,45.54787008258203
2025-08-07 16:30:00,1754609101.0,42.0,18.5,40.7665,0.0,0.0,36.139018166666666,-120.36831433333332,,1,32,45.74925564758515
2025-08-07 17:30:00,1754612701.0,41.333333333333336,18.5,41.41883333333333,0.0,0.0,36.1390425,-120.368346,,1,32,45.912619817475
2025-08-07 18:30:00,1754616301.0,39.66666666666666,20.33333333333333,40.6935,0.0,0.0,36.139021166666666,-120.36837783333333,,1,32,44.892953495078906
2025-08-07 19:30:00,1754619901.0,35.333333333333336,25.166666666666668,34.37,0.0,0.0,36.139069,-120.36832166666666,,1,32,38.92186590811818
2025-08-07 20:30:00,1754623501.0,32.0,29.166666666666668,28.738,0.5,0.8333333333333334,36.139022833333335,-120.36835116666668,,1,32,33.921706320675945
2025-08-07 21:30:00,1754627101.0,29.83333333333333,32.333333333333336,23.287666666666667,0.0,0.0,36.139035,-120.36842983333334,,1,32,29.240162627162583
2025-08-07 22:30:00,1754630701.0,27.83333333333333,35.166666666666664,17.613666666666667,0.0,0.0,36.13903733333333,-120.36834333333331,,1,32,24.527267553300604
2025-08-07 23:30:00,1754634301.0,26.0,37.333333333333336,13.218833333333334,0.0,0.0,36.1389795,-120.36835083333334,,1,32,20.732474738255384
2025-08-08 08:30:00,1754666701.0,28.83333333333333,33.666666666666664,14.228666666666667,0.3333333333333333,0.5,36.1390055,-120.3683855,,1,32,22.269277291769114
2025-08-08 09:30:00,1754670301.0,32.833333333333336,29.33333333333333,26.101,0.3333333333333333,0.5,36.13907916666667,-120.36841066666666,,1,32,32.33698534044104
2025-08-08 10:30:00,1754673901.0,35.333333333333336,27.666666666666668,32.9015,0.0,0.0,36.13901916666666,-120.36838283333331,,1,32,38.28445653085905
2025-08-08 11:30:00,1754677501.0,36.833333333333336,25.33333333333333,33.89966666666667,0.0,0.0,36.139008833333335,-120.36837633333332,,1,32,39.33431169644506
2025-08-08 12:30:00,1754681101.0,39.0,23.33333333333333,34.91166666666667,0.0,0.0,36.13903466666667,-120.36836633333331,,1,32,40.783093752894835
2025-08-08 13:30:00,1754684701.0,40.833333333333336,21.5,37.01433333333333,0.1666666666666666,0.1666666666666666,36.139041166666665,-120.368379,,1,32,42.94839352371367
2025-08-08 14:30:00,1754688301.0,42.333333333333336,20.33333333333333,38.09,1.6666666666666667,2.333333333333333,36.1390535,-120.36834600000002,,1,32,44.59683484095692
2025-08-08 15:30:00,1754691901.0,42.833333333333336,19.5,40.943333333333335,5.166666666666667,5.5,36.13903883333333,-120.36833316666666,,1,32,47.42563171153591
2025-08-08 16:30:00,1754695501.0,42.66666666666666,19.0,41.29666666666667,7.833333333333333,8.0,36.13908716666666,-120.36832283333332,,1,32,47.977947554047624
2025-08-08 17:30:00,1754699101.0,42.0,18.666666666666668,42.540333333333336,9.5,10.166666666666666,36.13903483333333,-120.36833316666667,,1,32,48.86234976809195
2025-08-08 18:30:00,1754702701.0,40.333333333333336,19.83333333333333,42.25116666666667,10.166666666666666,10.666666666666666,36.138973,-120.36834216666666,,1,32,48.15110029097092
2025-08-08 19:30:00,1754706301.0,37.16666666666666,17.0,37.78083333333333,4.666666666666667,5.0,36.13901333333333,-120.36835716666668,,1,32,41.721094662320645
2025-08-08 20:30:00,1754709901.0,33.0,16.833333333333332,33.254333333333335,0.0,0.0,36.13903916666667,-120.36836366666668,,1,32,35.39022756255856
2025-08-08 21:30:00,1754713501.0,31.83333333333333,18.666666666666668,32.135,0.0,0.0,36.139024,-120.36838266666666,,1,32,34.31956445478612
2025-08-08 22:30:00,1754717400.7142856,29.428571428571427,25.571428571428573,22.02528571428571,0.0,0.0,36.13904528571429,-120.36836128571429,,1,32,26.835349518977452
2025-08-08 23:30:00,1754721300.0,26.5,33.333333333333336,11.169166666666667,0.1666666666666666,0.1666666666666666,36.13903733333333,-120.36837383333334,,1,32,18.723372350787507
2025-08-09 08:30:00,1754753700.0,30.5,28.83333333333333,18.596,1.1666666666666667,1.5,36.1390605,-120.3683625,,1,32,25.6279906141811
2025-08-09 09:30:00,1754757300.0,34.833333333333336,25.83333333333333,31.61966666666667,0.3333333333333333,0.6666666666666666,36.1390565,-120.36837883333334,,1,32,36.82307249105387
2025-08-09 10:30:00,1754760900.0,37.66666666666666,24.5,35.53,0.1666666666666666,0.3333333333333333,36.13903,-120.36837633333334,,1,32,40.855240006598144
2025-08-09 11:30:00,1754764500.0,39.333333333333336,24.166666666666668,36.9075,0.1666666666666666,0.3333333333333333,36.13902366666667,-120.36835866666668,,1,32,42.643840818545534
2025-08-09 12:30:00,1754768100.0,40.66666666666666,23.5,37.88633333333333,5.5,5.666666666666667,36.1389855,-120.368403,,1,32,44.8589845270134
2025-08-09 13:30:00,1754771700.0,41.833333333333336,22.166666666666668,40.824000000000005,8.0,8.166666666666666,36.13906016666667,-120.36836116666666,,1,32,47.834038795374944
2025-08-09 14:30:00,1754775300.0,43.0,20.666666666666668,43.00216666666666,11.0,12.0,36.13903033333333,-120.36833216666668,,1,32,50.366544827565086
2025-08-09 15:30:00,1754778900.0,43.5,19.83333333333333,46.81833333333333,20.666666666666668,21.0,36.13900633333333,-120.368365,,1,32,54.99034461668459
2025-08-09 16:30:00,1754782500.0,43.0,19.5,50.6325,25.166666666666668,25.666666666666668,36.13903216666667,-120.3683625,,1,32,58.36411870919138
2025-08-09 17:30:00,1754786100.0,42.333333333333336,20.0,51.97566666666666,28.166666666666668,28.83333333333333,36.1390075,-120.36835733333334,,1,32,59.68829939155143
2025-08-09 18:30:00,1754789700.0,40.5,20.5,50.258833333333335,29.0,29.83333333333333,36.13897133333333,-120.36836883333336,,1,32,57.75683327199945
2025-08-09 19:30:00,1754793300.0,37.16666666666666,15.0,33.79383333333333,4.666666666666667,5.0,36.13900366666667,-120.36837766666667,,1,32,38.35485762504738
2025-08-09 20:30:00,1754796900.0,33.333333333333336,19.83333333333333,28.076666666666668,4.833333333333333,5.0,36.13900116666667,-120.36839416666668,,1,32,33.09975511334364
2025-08-09 21:30:00,1754800500.0,30.166666666666668,25.166666666666668,16.431,6.0,6.166666666666667,36.139013166666665,-120.36838016666668,,1,32,24.00458690302839
2025-08-09 22:30:00,1754804100.0,28.5,26.166666666666668,14.7705,5.0,5.166666666666667,36.139077666666665,-120.36835733333334,,1,32,21.949210315027926
2025-08-10 08:30:00,1754840100.0,30.0,30.0,20.246166666666667,9.333333333333334,9.666666666666666,36.139061,-120.3683625,,1,32,28.295975638641963
2025-08-10 09:30:00,1754843700.0,33.333333333333336,26.83333333333333,25.234333333333336,7.666666666666667,8.0,36.13903866666666,-120.36836883333336,,1,32,32.787547803332124
2025-08-10 10:30:00,1754847300.0,36.5,25.5,30.43216666666667,6.0,6.0,36.139079333333335,-120.36831416666666,,1,32,37.66833510574194
2025-08-10 11:30:00,1754850900.0,38.833333333333336,23.166666666666668,35.851,3.0,3.5,36.139011333333336,-120.36836116666666,,1,32,41.9526568192147
2025-08-10 12:30:00,1754854500.0,41.333333333333336,20.83333333333333,39.39633333333333,8.333333333333334,8.5,36.1390285,-120.36832933333334,,1,32,46.328358036788835
2025-08-10 13:30:00,1754858100.0,42.333333333333336,20.666666666666668,39.5215,9.833333333333334,10.166666666666666,36.13902216666667,-120.36831683333332,,1,32,47.16252207916505
2025-08-10 14:30:00,1754861700.0,43.16666666666666,19.166666666666668,40.69383333333333,12.0,12.833333333333334,36.13905916666667,-120.36832183333333,,1,32,48.59998901454161
2025-08-10 15:30:00,1754865300.0,43.66666666666666,18.33333333333333,43.381,18.5,18.83333333333333,36.13905533333333,-120.36837516666668,,1,32,51.8251332243268
2025-08-10 16:30:00,1754868900.0,43.833333333333336,17.833333333333332,45.2055,19.5,20.0,36.139005833333336,-120.36832816666669,,1,32,53.376044101523725
2025-08-10 17:30:00,1754872500.0,42.5,18.666666666666668,45.83383333333333,19.83333333333333,20.0,36.139027166666665,-120.36833966666669,,1,32,53.38160103456226
2025-08-10 18:30:00,1754876100.0,40.833333333333336,22.166666666666668,42.699000000000005,13.5,14.333333333333334,36.13899416666667,-120.36836383333332,,1,32,49.78893356070552
2025-08-10 19:30:00,1754879700.0,36.66666666666666,26.166666666666668,41.922666666666665,16.666666666666668,17.5,36.13902733333333,-120.36835733333334,,1,32,48.47468566101265
2025-08-10 20:30:00,1754883300.0,33.666666666666664,30.666666666666668,35.214,17.833333333333332,18.5,36.139021666666665,-120.368384,,1,32,42.99945772512676
2025-08-10 21:30:00,1754886900.0,32.166666666666664,32.0,33.6055,18.83333333333333,20.0,36.1390095,-120.36838166666666,,1,32,41.52527953421051
2025-08-10 22:30:00,1754890500.0,30.166666666666668,30.5,34.99516666666667,52.5,54.0,36.13902033333333,-120.368365,,1,32,47.34248605590519
2025-08-10 23:30:00,1754894100.0,28.33333333333333,35.833333333333336,21.934833333333334,41.16666666666666,42.5,36.139077500000006,-120.3683165,,1,32,35.59467007451972
2025-08-11 00:30:00,1754897700.0,26.666666666666668,38.16666666666666,19.537333333333333,39.0,40.16666666666666,36.139034333333335,-120.36836883333332,,1,33,33.35600820489314
2025-08-11 01:30:00,1754901300.0,25.5,40.333333333333336,14.436,40.833333333333336,42.0,36.139045,-120.3683675,,1,33,29.684152963426648
2025-08-11 02:30:00,1754904900.0,24.0,41.833333333333336,12.470666666666666,38.833333333333336,39.833333333333336,36.1390115,-120.368374,,1,33,27.38228006788536
2025-08-11 03:30:00,1754908500.0,23.666666666666668,41.5,12.3135,38.16666666666666,39.66666666666666,36.138998666666666,-120.3683495,,1,33,26.96184494460816
2025-08-11 04:30:00,1754912100.0,22.83333333333333,43.833333333333336,12.064666666666668,36.333333333333336,37.333333333333336,36.13900433333333,-120.36836366666668,,1,33,26.432426569022844
2025-08-11 08:30:00,1754926500.0,30.166666666666668,32.333333333333336,16.278666666666666,29.0,30.166666666666668,36.1390965,-120.368389,,1,33,29.75376892794513
2025-08-11 09:30:00,1754930100.0,33.5,29.166666666666668,24.095,17.0,17.5,36.139009,-120.3683445,,1,33,34.470435697092256
2025-08-11 10:30:00,1754933700.0,36.0,26.83333333333333,26.5115,7.0,7.5,36.13903883333333,-120.3683535,,1,33,35.291592833481886
2025-08-11 11:30:00,1754937300.0,38.16666666666666,23.83333333333333,33.13033333333333,8.166666666666666,8.666666666666666,36.139052,-120.36836116666666,,1,33,40.97267183303023
2025-08-11 12:30:00,1754940900.0,40.16666666666666,22.0,36.3695,9.833333333333334,10.5,36.139066166666666,-120.36837266666667,,1,33,44.354483450207134
2025-08-11 13:30:00,1754944500.0,41.66666666666666,20.83333333333333,37.92916666666667,11.333333333333334,11.833333333333334,36.138994333333336,-120.36835233333332,,1,33,46.29674430066779
2025-08-11 14:30:00,1754948100.0,42.66666666666666,19.166666666666668,40.516,13.833333333333334,14.333333333333334,36.139029666666666,-120.36836516666666,,1,33,48.86467805810509
2025-08-11 15:30:00,1754951700.0,43.16666666666666,19.33333333333333,43.12800000000001,16.166666666666668,16.833333333333332,36.139022833333335,-120.36835366666666,,1,33,51.53208666407918
2025-08-11 16:30:00,1754955300.0,43.16666666666666,18.5,44.431,16.0,16.666666666666668,36.13900883333333,-120.368338,,1,33,52.325715022150625
2025-08-11 17:30:00,1754958900.0,42.5,18.33333333333333,44.96266666666667,14.833333333333334,15.333333333333334,36.139043666666666,-120.36836633333331,,1,33,52.14544146480332
2025-08-11 18:30:00,1754962500.0,40.5,20.0,42.04416666666666,11.5,12.166666666666666,36.13902366666667,-120.36827216666666,,1,33,48.704007288297795
2025-08-11 19:30:00,1754966100.0,36.333333333333336,26.0,39.98283333333333,8.833333333333334,9.666666666666666,36.139096,-120.36833066666668,,1,33,45.77062327143734
2025-08-11 20:30:00,1754969700.0,33.5,31.83333333333333,39.3285,6.833333333333333,7.166666666666667,36.13903133333333,-120.36839166666668,,1,33,44.57896309791693
2025-08-11 21:30:00,1754973300.0,32.0,33.333333333333336,37.431,4.833333333333333,5.166666666666667,36.13900433333333,-120.36837383333334,,1,33,42.3419548533317
2025-08-11 22:30:00,1754976900.0,30.0,37.16666666666666,24.03,5.833333333333333,6.333333333333333,36.139028,-120.3683765,,1,33,32.20501436345241
2025-08-11 23:30:00,1754980500.0,27.83333333333333,38.5,16.8725,7.0,7.5,36.13901483333333,-120.368412,,1,33,26.225362267425794
2025-08-12 00:30:00,1754984100.0,26.33333333333333,38.333333333333336,15.676166666666669,5.666666666666667,6.166666666666667,36.13901966666666,-120.36838783333332,,1,33,24.32356028965183
2025-08-12 01:30:00,1754987700.0,24.83333333333333,37.0,11.713166666666666,3.8333333333333335,4.0,36.13903883333334,-120.36835616666669,,1,33,20.00999290594804
2025-08-12 08:30:00,1755012900.0,30.0,27.33333333333333,12.748833333333332,0.8333333333333334,1.0,36.13904133333333,-120.36834566666666,,1,33,20.983689235260748
2025-08-12 09:30:00,1755016500.0,32.333333333333336,26.33333333333333,21.4485,0.1666666666666666,0.5,36.139038166666666,-120.36837516666668,,1,33,28.368175027543174
2025-08-12 10:30:00,1755020100.0,34.666666666666664,25.166666666666668,27.268833333333333,0.6666666666666666,1.0,36.13902333333333,-120.3683855,,1,33,33.75360289974396
2025-08-12 11:30:00,1755023700.0,36.333333333333336,24.0,30.306833333333334,0.0,0.3333333333333333,36.13902166666667,-120.36835866666668,,1,33,36.51511490087572
2025-08-12 12:30:00,1755027300.0,38.833333333333336,22.0,31.0215,0.0,0.0,36.13906466666666,-120.3683915,,1,33,37.8760140037047
2025-08-12 13:30:00,1755030900.0,40.5,20.166666666666668,36.68216666666667,1.0,1.0,36.13902916666667,-120.3683295,,1,33,42.78013487013081
2025-08-12 14:30:00,1755034500.0,42.5,17.833333333333332,36.128166666666665,0.3333333333333333,0.5,36.138991,-120.36837383333334,,1,33,42.804313556619036
2025-08-12 15:30:00,1755038100.0,43.0,16.0,35.70316666666667,0.0,0.0,36.13900833333333,-120.36836383333332,,1,33,42.315415155582784
2025-08-12 16:30:00,1755041700.0,43.16666666666666,15.5,35.466833333333334,0.0,0.0,36.139041166666665,-120.368346,,1,33,42.126501225182004
2025-08-12 17:30:00,1755045300.0,41.833333333333336,18.166666666666668,38.642500000000005,0.0,0.1666666666666666,36.139035,-120.36833433333334,,1,33,44.36850875870568
2025-08-12 18:30:00,1755048900.0,39.16666666666666,21.83333333333333,40.33466666666667,0.8333333333333334,1.1666666666666667,36.139035,-120.3683855,,1,33,45.17827920139684
2025-08-12 19:30:00,1755052500.0,35.166666666666664,28.5,42.28966666666667,3.6666666666666665,3.8333333333333335,36.13905866666666,-120.36829,,1,33,46.41968334486868
2025-08-12 20:30:00,1755056100.0,32.166666666666664,33.5,35.05466666666667,3.0,3.0,36.13900533333334,-120.36837883333334,,1,33,40.315304284578204
2025-08-12 21:30:00,1755059700.0,30.666666666666668,35.5,30.24533333333333,3.0,3.0,36.139041,-120.36839316666668,,1,33,36.3414746386159
2025-08-12 22:30:00,1755063300.0,28.33333333333333,39.16666666666666,18.905,3.1666666666666665,3.6666666666666665,36.139050833333336,-120.36833833333333,,1,33,27.436913421852054
2025-08-12 23:30:00,1755066900.0,25.666666666666668,41.0,14.220999999999998,3.0,3.333333333333333,36.13904516666667,-120.36840816666668,,1,33,22.911161749173246
2025-08-13 00:30:00,1755070500.0,24.166666666666668,40.333333333333336,11.122333333333332,1.5,1.6666666666666667,36.13900616666667,-120.36838516666668,,1,33,19.444116764884143
2025-08-13 08:30:00,1755099300.0,29.166666666666668,26.166666666666668,14.775666666666666,0.3333333333333333,0.6666666666666666,36.139020333333335,-120.36835866666668,,1,33,21.80518114219811
2025-08-13 09:30:00,1755102900.0,32.0,25.0,24.50333333333333,0.0,0.1666666666666666,36.139040666666666,-120.3683585,,1,33,30.207071778318678
2025-08-13 10:30:00,1755106500.0,34.666666666666664,24.33333333333333,27.48133333333333,0.0,0.1666666666666666,36.139023,-120.368355,,1,33,33.62523712223854
2025-08-13 11:30:00,1755110100.0,37.0,23.0,31.47,0.0,0.1666666666666666,36.13902016666667,-120.36837283333334,,1,33,37.515008580144816
2025-08-13 12:30:00,1755113700.0,39.16666666666666,19.33333333333333,32.489333333333335,0.0,0.0,36.139063,-120.368408,,1,33,38.645147542676476
2025-08-13 13:30:00,1755117300.0,40.66666666666666,18.5,32.9395,0.0,0.0,36.13901033333333,-120.36834966666667,,1,33,39.56269277255131
2025-08-13 14:30:00,1755120900.0,41.333333333333336,17.333333333333332,33.76116666666667,0.0,0.0,36.139062333333335,-120.36839016666666,,1,33,40.28904695213059
2025-08-13 15:30:00,1755124500.0,42.0,16.0,32.977333333333334,0.0,0.0,36.13904166666666,-120.368403,,1,33,39.77875628670087
2025-08-13 16:30:00,1755128100.0,41.66666666666666,16.333333333333332,33.651833333333336,0.0,0.0,36.13899816666667,-120.368337,,1,33,40.18405798135433
2025-08-13 17:30:00,1755131700.0,40.5,18.33333333333333,34.85516666666667,0.0,0.0,36.139020333333335,-120.36834833333334,,1,33,40.88858363775552
2025-08-13 18:30:00,1755135300.0,37.66666666666666,23.83333333333333,36.35983333333333,0.1666666666666666,0.3333333333333333,36.13903283333334,-120.36838416666669,,1,33,41.69827570916938
2025-08-13 19:30:00,1755138900.0,33.5,29.5,32.59466666666666,0.8333333333333334,1.0,36.13896866666667,-120.36837016666668,,1,33,38.00396051307487
2025-08-13 20:30:00,1755142500.0,30.5,32.5,19.093,19.5,19.666666666666668,36.1389575,-120.3684055,,1,33,30.283518391580557
2025-08-13 21:30:00,1755146100.0,29.166666666666668,34.166666666666664,20.600166666666667,0.0,0.0,36.139035,-120.36836866666664,,1,33,27.580758677116812
2025-08-13 22:30:00,1755149700.0,27.33333333333333,38.66666666666666,14.910166666666669,0.0,0.0,36.139076333333335,-120.36833566666668,,1,33,23.247695801840187
2025-08-14 09:30:00,1755189300.0,30.166666666666668,34.833333333333336,15.441833333333332,1.3333333333333333,1.8333333333333333,36.139005,-120.36833716666666,,1,33,24.600609000425273
2025-08-14 10:30:00,1755192900.0,31.83333333333333,34.333333333333336,19.537,2.6666666666666665,2.833333333333333,36.139011,-120.3683725,,1,33,28.608921178106854
2025-08-14 11:30:00,1755196500.0,34.0,31.0,22.91016666666667,3.0,3.333333333333333,36.139019,-120.36835216666668,,1,33,31.655978504268013
2025-08-14 12:30:00,1755200100.0,36.0,28.166666666666668,23.25883333333333,2.6666666666666665,2.6666666666666665,36.13906116666666,-120.36834466666666,,1,33,32.28260333319344
2025-08-14 13:30:00,1755203700.0,38.0,26.5,24.744,2.0,2.1666666666666665,36.13909516666666,-120.36835483333331,,1,33,33.96214842219682
2025-08-14 14:30:00,1755207300.0,38.5,25.33333333333333,26.99683333333333,2.0,2.0,36.13904,-120.36837016666668,,1,33,35.66766253595205
2025-08-14 15:30:00,1755210900.0,39.5,24.0,28.558666666666667,2.5,2.833333333333333,36.13901433333333,-120.36834216666666,,1,33,37.19908525115609
2025-08-14 16:30:00,1755214500.0,39.0,23.166666666666668,30.604166666666668,3.5,3.6666666666666665,36.1390235,-120.36835833333332,,1,33,38.49956051013046
2025-08-14 17:30:00,1755218100.0,38.5,24.166666666666668,30.71,4.5,4.666666666666667,36.13903233333333,-120.36837766666667,,1,33,38.69864888300116
2025-08-14 18:30:00,1755221700.0,36.0,28.33333333333333,29.802166666666665,5.166666666666667,5.333333333333333,36.13898783333333,-120.368351,,1,33,37.687033289218064
2025-08-14 19:30:00,1755225300.0,32.166666666666664,36.5,28.40683333333333,9.0,10.0,36.139011833333335,-120.36836883333336,,1,33,37.03529678323285
2025-08-14 20:30:00,1755228900.0,29.5,41.16666666666666,22.422166666666666,6.0,6.333333333333333,36.138989,-120.36840166666668,,1,33,31.513104340707557
2025-08-14 21:30:00,1755232500.0,28.166666666666668,43.333333333333336,19.005666666666663,6.0,6.166666666666667,36.139012666666666,-120.368365,,1,33,28.683918368554068
2025-08-15 08:30:00,1755272100.0,26.33333333333333,35.166666666666664,10.752,1.0,1.5,36.13902066666667,-120.3684425,,1,33,19.204111878640475
2025-08-15 09:30:00,1755275700.0,29.666666666666668,30.0,17.06233333333333,0.0,0.0,36.13900366666667,-120.36829516666668,,1,33,24.39339567834871
2025-08-15 10:30:00,1755279300.0,31.83333333333333,28.33333333333333,23.025,0.1666666666666666,0.6666666666666666,36.13900483333333,-120.36837016666668,,1,33,29.69334440449927
2025-08-15 11:30:00,1755282900.0,34.0,27.166666666666668,23.215166666666665,0.0,0.3333333333333333,36.13901833333333,-120.36837266666667,,1,33,30.6364451058472
2025-08-15 12:30:00,1755286500.0,35.666666666666664,24.666666666666668,26.027,0.0,0.0,36.139025833333335,-120.368379,,1,33,33.070990375268735
2025-08-15 13:30:00,1755290100.0,37.66666666666666,23.0,26.29533333333333,0.0,0.0,36.13906483333333,-120.36836516666666,,1,33,33.94174993649788
2025-08-15 14:30:00,1755293700.0,39.0,21.166666666666668,27.999,0.0,0.0,36.1390635,-120.36837266666667,,1,33,35.53283163588891
2025-08-15 15:30:00,1755297300.0,39.5,20.666666666666668,29.11583333333333,0.0,0.0,36.13901066666667,-120.36833583333332,,1,33,36.52330197645831
2025-08-15 16:30:00,1755300900.0,39.833333333333336,19.33333333333333,28.823666666666668,0.0,0.0,36.13904766666667,-120.3683575,,1,33,36.218972761934594
2025-08-15 17:30:00,1755304500.0,38.66666666666666,20.33333333333333,29.6295,0.0,0.1666666666666666,36.139052166666666,-120.36835366666668,,1,33,36.45279490966528
2025-08-15 18:30:00,1755308100.0,36.66666666666666,23.83333333333333,29.881666666666664,0.8333333333333334,1.0,36.13904333333333,-120.368356,,1,33,36.46276776980176
2025-08-15 19:30:00,1755311700.0,33.0,29.666666666666668,28.63733333333333,1.8333333333333333,2.5,36.13901783333333,-120.3683625,,1,33,35.03855143643894
2025-08-15 20:30:00,1755315300.0,30.83333333333333,32.5,24.596166666666665,2.1666666666666665,2.5,36.139008,-120.3683905,,1,33,31.501778427152956
2025-08-15 21:30:00,1755318900.0,29.166666666666668,32.5,12.998166666666668,0.0,0.0,36.13905783333333,-120.3683775,,1,33,21.561944550101778
2025-08-15 22:30:00,1755322500.0,27.666666666666668,33.166666666666664,10.845333333333334,0.0,0.0,36.1390175,-120.36836,,1,33,19.334788845454312
2025-08-16 11:30:00,1755369300.0,34.5,30.666666666666668,12.139,0.0,0.0,36.13901833333333,-120.36835883333332,,1,33,23.187476496867085
2025-08-16 12:30:00,1755372900.0,35.833333333333336,28.83333333333333,11.796833333333334,0.6666666666666666,0.8333333333333334,36.13900133333333,-120.36836366666668,,1,33,23.375102201833393
2025-08-16 13:30:00,1755376500.0,37.5,27.166666666666668,12.715166666666669,0.0,0.0,36.13903283333333,-120.36835983333332,,1,33,24.437893690257212
2025-08-16 14:30:00,1755380100.0,37.66666666666666,27.166666666666668,12.284999999999998,0.0,0.0,36.13902733333333,-120.36834733333336,,1,33,24.196491032525316
2025-08-17 16:30:00,1755473700.0,37.5,29.666666666666668,10.939666666666668,0.0,0.0,36.13900133333333,-120.36836766666666,,1,33,23.56994796647212
2025-08-17 17:30:00,1755477300.0,35.833333333333336,31.0,14.179833333333333,0.0,0.0,36.13904566666667,-120.36835733333334,,1,33,25.435038298596403
2025-08-17 18:30:00,1755480900.0,33.5,34.0,16.346500000000002,0.0,0.0,36.13903916666666,-120.3683525,,1,33,26.477731625769557
2025-08-17 19:30:00,1755484500.0,30.33333333333333,34.833333333333336,16.717833333333335,0.1666666666666666,0.1666666666666666,36.1391145,-120.36831566666666,,1,33,25.390567141321092
2025-08-17 20:30:00,1755488100.0,28.166666666666668,33.833333333333336,16.229333333333333,0.0,0.1666666666666666,36.13897516666667,-120.36839416666668,,1,33,23.760697146437842
2025-08-17 21:30:00,1755491700.0,26.83333333333333,35.333333333333336,11.688166666666667,0.0,0.0,36.139015,-120.36837766666667,,1,33,19.962872748635633
2025-08-17 22:30:00,1755495300.0,25.83333333333333,39.0,10.5105,0.0,0.0,36.1390075,-120.36834066666668,,1,33,19.2712747093749
2025-08-18 09:30:00,1755534900.0,27.166666666666668,36.16666666666666,12.15,0.1666666666666666,0.1666666666666666,36.138998,-120.3683915,,1,34,21.001738750779936
2025-08-18 10:30:00,1755538500.0,28.666666666666668,32.333333333333336,17.7495,0.0,0.0,36.13903616666667,-120.36839016666666,,1,34,25.19795929075722
2025-08-18 11:30:00,1755542100.0,30.166666666666668,28.166666666666668,22.548666666666666,0.0,0.0,36.13900683333333,-120.3683625,,1,34,28.76086383540399
2025-08-18 12:30:00,1755545700.0,32.833333333333336,26.0,22.35033333333333,0.0,0.0,36.13898916666667,-120.36834833333334,,1,34,29.514615336821542
2025-08-18 13:30:00,1755549300.0,34.333333333333336,23.5,23.949,0.0,0.0,36.1390615,-120.36837666666668,,1,34,30.98438324839622
2025-08-18 14:30:00,1755552900.0,36.0,21.33333333333333,25.01516666666667,0.0,0.0,36.13904633333333,-120.368375,,1,34,32.19794776395286
2025-08-18 15:30:00,1755556500.0,36.833333333333336,21.0,24.716166666666663,0.0,0.0,36.13903166666666,-120.3683725,,1,34,32.31949201568764
2025-08-18 16:30:00,1755560100.0,36.833333333333336,20.666666666666668,25.0285,0.0,0.0,36.139033000000005,-120.368351,,1,34,32.491988626190256
2025-08-18 17:30:00,1755563700.0,36.0,21.83333333333333,26.138,0.0,0.0,36.139059,-120.36837,,1,34,33.13418712432812
2025-08-18 18:30:00,1755567300.0,33.5,25.5,27.5825,0.0,0.0,36.13904633333333,-120.36842216666668,,1,34,33.67704772042057
2025-08-18 19:30:00,1755570900.0,29.83333333333333,30.166666666666668,24.867500000000003,0.0,0.0,36.1390145,-120.36835083333334,,1,34,30.711172793382374
2025-08-18 20:30:00,1755574500.0,27.33333333333333,33.166666666666664,21.50916666666667,0.0,0.0,36.13906283333333,-120.36840566666666,,1,34,27.523339246409407
2025-08-18 21:30:00,1755578100.0,24.83333333333333,38.333333333333336,13.977,0.0,0.0,36.13899983333334,-120.368374,,1,34,21.604528280020233
2025-08-18 22:30:00,1755581700.0,24.166666666666668,37.833333333333336,14.924,0.0,0.0,36.139045,-120.3683215,,1,34,21.89610022699592
2025-08-18 23:30:00,1755585300.0,22.83333333333333,41.16666666666666,11.337333333333332,0.0,0.0,36.1390355,-120.36833433333334,,1,34,19.17021340423195
2025-08-19 09:30:00,1755621300.0,28.33333333333333,34.666666666666664,16.498833333333334,0.0,0.0,36.1389905,-120.3683665,,1,34,24.52985859797407
2025-08-19 10:30:00,1755624900.0,31.166666666666668,31.33333333333333,22.94983333333333,0.0,0.0,36.13901833333333,-120.36835216666668,,1,34,30.141279180221055
2025-08-19 11:30:00,1755628500.0,33.166666666666664,28.166666666666668,26.63,0.0,0.0,36.13898016666666,-120.36839316666668,,1,34,33.2948948456498
2025-08-19 12:30:00,1755632100.0,35.333333333333336,24.83333333333333,27.25483333333333,0.0,0.0,36.139018166666666,-120.36836616666666,,1,34,34.20476193990887
2025-08-19 13:30:00,1755635700.0,37.333333333333336,23.666666666666668,26.312,0.0,0.0,36.13901516666667,-120.3683635,,1,34,34.259083881736075
2025-08-19 14:30:00,1755639300.0,38.5,22.33333333333333,24.52083333333333,0.0,0.0,36.139051,-120.36836883333332,,1,34,33.23722435969463
2025-08-19 15:30:00,1755642900.0,38.833333333333336,21.0,26.24416666666667,0.0,0.0,36.139047,-120.36835233333332,,1,34,34.446400052086496
2025-08-19 16:30:00,1755646500.0,38.833333333333336,21.666666666666668,29.179666666666662,0.0,0.0,36.1389935,-120.36826966666666,,1,34,36.77485248696683
2025-08-19 17:30:00,1755650100.0,37.66666666666666,22.666666666666668,31.047,0.0,0.0,36.138997333333336,-120.36837116666668,,1,34,37.79186334099442
2025-08-19 18:30:00,1755653700.0,34.5,27.0,32.409666666666666,0.0,0.0,36.13904766666666,-120.36838916666666,,1,34,38.0708677526015
2025-08-19 19:30:00,1755657300.0,31.5,32.0,29.1685,0.0,0.0,36.13904683333333,-120.3683815,,1,34,35.09841604501332
2025-08-19 20:30:00,1755660900.0,29.166666666666668,34.5,25.332666666666668,0.0,0.0,36.13901883333333,-120.36838533333334,,1,34,31.540568625498928
2025-08-19 21:30:00,1755664500.0,27.33333333333333,37.333333333333336,18.667166666666667,0.0,0.0,36.139022833333335,-120.36836116666666,,1,34,26.16474732436138
2025-08-19 22:30:00,1755668100.0,26.166666666666668,39.833333333333336,16.677,0.0,0.0,36.1390425,-120.3683715,,1,34,24.564236389818895
2025-08-19 23:30:00,1755671700.0,24.666666666666668,42.66666666666666,11.908666666666669,0.1666666666666666,0.1666666666666666,36.13900833333333,-120.36836766666666,,1,34,20.806031967970483
2025-08-20 09:30:00,1755707101.0,28.83333333333333,33.833333333333336,14.3355,0.0,0.0,36.13907066666667,-120.36836766666666,,1,34,22.995099735057373
2025-08-20 10:30:00,1755710701.0,31.666666666666668,28.666666666666668,24.486833333333333,0.0,0.0,36.13907866666667,-120.36835233333332,,1,34,31.043975802064537
2025-08-20 11:30:00,1755714301.0,34.0,24.166666666666668,27.876,0.0,0.0,36.13903866666666,-120.36835483333334,,1,34,33.89413834114855
2025-08-20 12:30:00,1755717901.0,36.16666666666666,20.166666666666668,31.030833333333334,0.0,0.0,36.13899233333333,-120.36833816666666,,1,34,36.57977580814183
2025-08-20 13:30:00,1755721501.0,37.5,18.33333333333333,33.222833333333334,0.0,0.0,36.13903616666666,-120.36833966666666,,1,34,38.53756298816319
2025-08-20 14:30:00,1755725101.0,39.333333333333336,15.833333333333334,35.70433333333333,6.833333333333333,7.166666666666667,36.138989,-120.36834466666666,,1,34,42.08011268760585
2025-08-20 15:30:00,1755728701.0,40.0,15.0,39.62233333333333,0.0,0.0,36.13903233333334,-120.3683445,,1,34,43.94706339627374
2025-08-20 16:30:00,1755732301.0,40.0,14.0,41.86516666666667,0.0,0.0,36.139052,-120.3683445,,1,34,45.44514621096882
2025-08-20 17:30:00,1755735901.0,39.0,14.0,43.42133333333334,0.0,0.0,36.1390445,-120.36835883333332,,1,34,46.123981269853
2025-08-20 18:30:00,1755739501.0,36.333333333333336,15.5,41.54683333333333,0.0,0.0,36.13900316666667,-120.36834833333334,,1,34,43.689581964183986
2025-08-20 19:30:00,1755743101.0,32.5,21.666666666666668,32.8525,0.0,0.0,36.139037,-120.3683625,,1,34,36.4312075925152
2025-08-20 20:30:00,1755746701.0,28.666666666666668,26.0,22.610166666666668,0.0,0.0,36.13903233333333,-120.368394,,1,34,27.669143454736513
2025-08-20 21:30:00,1755750301.0,25.33333333333333,29.83333333333333,13.474333333333334,0.0,0.0,36.139014,-120.36840183333334,,1,34,19.889790019370558
2025-08-20 22:30:00,1755753901.0,24.666666666666668,29.166666666666668,15.537166666666666,0.0,0.0,36.139008,-120.368397,,1,34,20.988255376535932
2025-08-20 23:30:00,1755757501.0,24.166666666666668,29.83333333333333,17.660166666666665,0.0,0.0,36.13903866666666,-120.3683675,,1,34,22.46170426427281
2025-08-21 09:30:00,1755793501.0,33.666666666666664,24.166666666666668,17.731666666666666,0.0,0.0,36.13904866666667,-120.36835333333332,,1,34,26.113179330653296
2025-08-21 10:30:00,1755797101.0,35.833333333333336,22.33333333333333,27.52683333333333,0.0,0.0,36.1390805,-120.36835733333334,,1,34,34.18855102010732
2025-08-21 11:30:00,1755800701.0,37.5,22.166666666666668,27.90833333333333,3.0,3.0,36.1390285,-120.36837633333334,,1,34,35.79529890149661
2025-08-21 12:30:00,1755804301.0,39.16666666666666,20.666666666666668,26.20683333333333,2.333333333333333,2.5,36.139039833333335,-120.36833583333332,,1,34,34.949646923813056
2025-08-21 13:30:00,1755807901.0,40.333333333333336,19.5,26.633333333333336,2.1666666666666665,2.333333333333333,36.1390245,-120.36838016666668,,1,34,35.594403023831184
2025-08-21 14:30:00,1755811501.0,41.66666666666666,17.833333333333332,27.39533333333333,1.1666666666666667,1.1666666666666667,36.13902916666667,-120.36836,,1,34,36.31710114545284
2025-08-21 15:30:00,1755815101.0,41.5,17.833333333333332,28.636166666666668,1.3333333333333333,1.6666666666666667,36.139063666666665,-120.368375,,1,34,37.224837900369856
2025-08-21 16:30:00,1755818701.0,41.5,17.5,28.749166666666667,2.833333333333333,3.0,36.139021666666665,-120.36828116666668,,1,34,37.50124906065235
2025-08-21 17:30:00,1755822301.0,40.333333333333336,16.833333333333332,32.623333333333335,8.833333333333334,9.166666666666666,36.13899933333334,-120.36837383333334,,1,34,40.79906698253185
2025-08-21 18:30:00,1755825901.0,37.333333333333336,20.33333333333333,28.133166666666668,0.3333333333333333,0.8333333333333334,36.13901833333333,-120.36836633333331,,1,34,35.107439978940754
2025-08-21 19:30:00,1755829501.0,33.833333333333336,25.33333333333333,26.097,0.5,0.6666666666666666,36.1390365,-120.3683625,,1,34,32.7968639403381
2025-08-21 20:30:00,1755833101.0,31.33333333333333,28.83333333333333,19.102,0.5,1.0,36.13901516666667,-120.3683905,,1,34,26.999058212105176
2025-08-21 21:30:00,1755836701.0,28.666666666666668,31.83333333333333,15.314833333333333,0.8333333333333334,1.0,36.13902483333333,-120.36836483333332,,1,34,23.439173761995846
2025-08-22 08:30:00,1755876481.0,30.2,28.6,10.517,4.0,4.4,36.1389924,-120.3683504,,1,34,20.569702697467704
2025-08-22 09:30:00,1755879901.0,35.333333333333336,23.5,21.81433333333333,1.3333333333333333,1.8333333333333333,36.139080666666665,-120.36835483333334,,1,34,30.150714399601718
2025-08-22 10:30:00,1755883501.0,37.833333333333336,21.33333333333333,24.17683333333333,0.6666666666666666,0.8333333333333334,36.139028,-120.36831016666667,,1,34,32.59910229821212
2025-08-22 11:30:00,1755887101.0,39.5,20.33333333333333,28.39833333333333,0.3333333333333333,0.8333333333333334,36.13903116666667,-120.36835866666668,,1,34,36.36766870872403
2025-08-22 12:30:00,1755890701.0,41.5,18.5,31.157,0.3333333333333333,0.5,36.13904,-120.368365,,1,34,39.04962594819373
2025-08-22 13:30:00,1755894301.0,42.833333333333336,17.0,34.1535,1.1666666666666667,1.5,36.139071666666666,-120.36834600000002,,1,34,41.83613562705512
2025-08-22 14:30:00,1755897901.0,43.66666666666666,15.833333333333334,34.89333333333334,1.0,1.0,36.13900516666666,-120.36826083333334,,1,34,42.52508407980728
2025-08-22 15:30:00,1755901501.0,45.0,15.166666666666666,37.66,1.0,1.3333333333333333,36.13903483333333,-120.36835866666668,,1,34,45.15941651489107
2025-08-22 16:30:00,1755905101.0,45.0,15.166666666666666,38.38816666666667,1.1666666666666667,1.3333333333333333,36.1390375,-120.368364,,1,34,45.72201951891372
2025-08-22 17:30:00,1755908701.0,43.833333333333336,16.0,39.20966666666667,1.0,1.1666666666666667,36.1390235,-120.36835733333334,,1,34,45.89293233692877
2025-08-22 18:30:00,1755912301.0,40.833333333333336,19.0,38.21383333333333,1.3333333333333333,1.5,36.1390395,-120.36834083333332,,1,34,44.293757056191886
2025-08-22 19:30:00,1755915901.0,36.5,22.33333333333333,35.60966666666667,1.6666666666666667,2.0,36.13903199999999,-120.36831166666668,,1,34,40.90981417945186
2025-08-22 20:30:00,1755919501.0,34.0,25.666666666666668,35.41716666666667,1.8333333333333333,2.0,36.139038166666666,-120.36836883333336,,1,34,40.177152019309695
2025-08-22 21:30:00,1755923101.0,31.83333333333333,28.666666666666668,28.424333333333333,1.5,2.0,36.139052,-120.3683635,,1,34,34.39170297294233
2025-08-22 22:30:00,1755926701.0,30.166666666666668,31.166666666666668,23.5635,2.0,2.5,36.13904133333333,-120.36836633333331,,1,34,30.47981940609843
2025-08-22 23:30:00,1755930301.0,28.33333333333333,35.0,12.477666666666666,1.8333333333333333,2.0,36.13904766666667,-120.36836233333334,,1,34,21.91318131367815
2025-08-23 09:30:00,1755966301.0,35.0,25.0,16.667166666666667,1.8333333333333333,2.0,36.13901966666666,-120.36828733333334,,1,34,26.462815423864186
2025-08-23 10:30:00,1755969901.0,39.0,20.0,29.537166666666668,3.6666666666666665,3.6666666666666665,36.13906283333333,-120.36833833333333,,1,34,37.46866548484977
2025-08-23 11:30:00,1755973501.0,40.833333333333336,17.333333333333332,35.47566666666667,4.833333333333333,5.0,36.139025833333335,-120.36833566666668,,1,34,42.5515838734682
2025-08-23 12:30:00,1755977101.0,41.833333333333336,18.166666666666668,34.244166666666665,4.166666666666667,4.5,36.139024166666665,-120.36835483333334,,1,34,42.1666889727362
2025-08-23 13:30:00,1755980701.0,43.833333333333336,17.0,35.14,3.6666666666666665,3.8333333333333335,36.13904,-120.36836633333331,,1,34,43.498623885497864
2025-08-23 14:30:00,1755984301.0,45.0,17.333333333333332,37.20083333333333,4.833333333333333,5.166666666666667,36.13905266666666,-120.368393,,1,34,45.90158359548224
2025-08-23 15:30:00,1755987901.0,39.0,23.166666666666668,37.33166666666667,5.666666666666667,6.333333333333333,36.139036,-120.36838266666666,,1,34,44.323643355452
2025-08-23 16:30:00,1755991501.0,35.333333333333336,30.666666666666668,28.762,6.333333333333333,6.666666666666667,36.13904,-120.36834466666666,,1,34,37.579735736888125
2025-08-23 17:30:00,1755995101.0,35.0,31.0,32.3915,6.0,6.166666666666667,36.13900833333333,-120.36837366666668,,1,34,40.1306668403119
2025-08-23 18:30:00,1755998701.0,34.666666666666664,29.83333333333333,33.42783333333333,5.833333333333333,6.0,36.13901333333333,-120.36835483333334,,1,34,40.49875462239629
2025-08-23 19:30:00,1756002301.0,33.833333333333336,30.166666666666668,28.402833333333334,5.333333333333333,5.833333333333333,36.139003,-120.3683815,,1,34,36.317921687836474
2025-08-23 20:30:00,1756005901.0,32.333333333333336,33.833333333333336,15.996166666666667,5.5,6.166666666666667,36.139036,-120.36837366666668,,1,34,26.992880960260386
2025-08-23 21:30:00,1756009501.0,31.33333333333333,34.166666666666664,11.674333333333337,6.333333333333333,6.5,36.139025833333335,-120.36837266666667,,1,34,23.426625059755196
2025-08-24 03:30:00,1756031101.0,27.33333333333333,34.833333333333336,10.094166666666666,2.333333333333333,2.333333333333333,36.139019,-120.36832666666668,,1,34,19.6778186292184
2025-08-24 09:30:00,1756052701.0,35.5,24.33333333333333,18.858666666666668,2.5,2.6666666666666665,36.13903316666667,-120.36834966666667,,1,34,28.348166601474
2025-08-24 10:30:00,1756056301.0,38.16666666666666,23.666666666666668,23.7105,4.333333333333333,4.666666666666667,36.13903166666667,-120.36837766666667,,1,34,33.514358363475566
2025-08-24 11:30:00,1756059901.0,39.0,25.666666666666668,28.8395,4.0,4.166666666666667,36.1390285,-120.36839316666668,,1,34,38.07290162640161
2025-08-24 12:30:00,1756063501.0,40.66666666666666,23.5,30.790166666666664,3.6666666666666665,4.0,36.139024166666665,-120.3683525,,1,34,39.90514210618886
2025-08-24 13:30:00,1756067101.0,42.16666666666666,21.5,33.082,3.8333333333333335,4.0,36.13897983333333,-120.36837883333334,,1,34,42.00429744225053
2025-08-24 14:30:00,1756070701.0,43.5,20.0,34.2855,3.6666666666666665,3.8333333333333335,36.1389865,-120.36830783333332,,1,34,43.252107128317284
2025-08-24 15:30:00,1756074301.0,44.333333333333336,19.33333333333333,36.95,4.333333333333333,4.666666666666667,36.139048333333335,-120.36832683333334,,1,34,45.669823004704774
2025-08-24 16:30:00,1756077901.0,44.0,19.33333333333333,37.646,4.833333333333333,5.0,36.139071,-120.36834333333331,,1,34,46.104474279282876
2025-08-24 17:30:00,1756081501.0,43.333333333333336,19.83333333333333,39.27933333333333,5.0,5.0,36.13901466666667,-120.36836883333336,,1,34,47.113369342959565
2025-08-24 18:30:00,1756085101.0,40.0,23.666666666666668,38.71783333333334,5.166666666666667,5.333333333333333,36.13901783333333,-120.368351,,1,34,45.816414988409356
2025-08-24 19:30:00,1756088701.0,36.66666666666666,27.33333333333333,34.02216666666667,4.666666666666667,4.833333333333333,36.13901066666667,-120.36836366666668,,1,34,41.25113003349297
2025-08-24 20:30:00,1756092301.0,34.5,28.0,21.9505,0.6666666666666666,1.0,36.139008833333335,-120.36837533333332,,1,34,30.549624945975808
2025-08-24 21:30:00,1756095901.0,32.666666666666664,29.33333333333333,21.83833333333333,0.5,0.5,36.13900816666666,-120.36835733333334,,1,34,29.758136935875662
2025-08-24 22:30:00,1756099501.0,30.166666666666668,34.5,14.7815,1.0,1.5,36.13901666666666,-120.36834716666668,,1,34,24.32722408607456
2025-08-25 09:30:00,1756139101.0,30.5,38.0,11.832333333333333,2.5,2.833333333333333,36.13902616666667,-120.36834616666664,,1,35,23.524891515160967
2025-08-25 10:30:00,1756142701.0,34.166666666666664,31.666666666666668,19.133166666666668,2.0,2.1666666666666665,36.13906666666667,-120.36835233333332,,1,35,29.52109321094479
2025-08-25 11:30:00,1756146301.0,36.66666666666666,27.666666666666668,21.494333333333334,2.0,2.1666666666666665,36.138993,-120.36835366666666,,1,35,31.77398754413032
2025-08-25 12:30:00,1756149901.0,38.833333333333336,25.33333333333333,22.989833333333333,1.5,1.8333333333333333,36.13904766666666,-120.36836366666668,,1,35,33.44855162558811
2025-08-25 13:30:00,1756153501.0,41.5,21.83333333333333,24.56383333333333,1.8333333333333333,1.8333333333333333,36.139078833333336,-120.368346,,1,35,35.31662503387709
2025-08-25 14:30:00,1756157101.0,42.16666666666666,22.0,29.81233333333333,2.833333333333333,3.0,36.139024166666665,-120.36829,,1,35,39.80768969024954
2025-08-25 15:30:00,1756160701.0,43.333333333333336,20.666666666666668,30.5685,3.0,3.0,36.1390335,-120.36834483333332,,1,35,40.71450495416935
2025-08-25 16:30:00,1756164301.0,42.333333333333336,20.83333333333333,31.70016666666667,2.6666666666666665,2.833333333333333,36.1390535,-120.3683475,,1,35,41.060067395746145
2025-08-25 17:30:00,1756167901.0,41.833333333333336,20.0,30.294,1.8333333333333333,2.0,36.13901966666666,-120.36837116666668,,1,35,39.455522314537106
2025-08-25 18:30:00,1756171501.0,37.5,16.0,21.945666666666668,0.0,0.0,36.13902183333334,-120.36837,,1,35,29.978832638313925
2025-08-25 19:30:00,1756175101.0,34.166666666666664,16.666666666666668,22.432666666666663,0.0,0.0,36.1390215,-120.36837883333334,,1,35,28.836154908351332
2025-08-25 20:30:00,1756178701.0,32.166666666666664,19.33333333333333,22.22566666666667,0.0,0.0,36.1389905,-120.36835366666666,,1,35,28.19758668591325
2025-08-25 21:30:00,1756182301.0,31.5,21.666666666666668,21.216,0.0,0.0,36.13903833333333,-120.3683675,,1,35,27.547213641009456
2025-08-25 22:30:00,1756185901.0,29.666666666666668,25.0,15.4105,0.0,0.0,36.13900866666667,-120.3683385,,1,35,22.910261549068323
2025-08-25 23:30:00,1756189501.0,28.166666666666668,26.33333333333333,11.202166666666663,0.0,0.0,36.139073833333335,-120.368375,,1,35,19.263653049623336
2025-08-26 03:30:00,1756203901.0,26.33333333333333,19.5,20.218666666666667,0.0,0.0,36.13901333333333,-120.36836516666666,,1,35,23.864662133311604
2025-08-26 04:30:00,1756207501.0,24.666666666666668,26.83333333333333,13.5875,0.0,0.0,36.13903633333333,-120.36836483333332,,1,35,19.43385001763439
2025-08-26 09:30:00,1756225501.0,31.0,29.5,12.456333333333331,0.6666666666666666,1.1666666666666667,36.1390395,-120.36838016666668,,1,35,22.343153239554958
2025-08-26 10:30:00,1756229101.0,34.5,24.83333333333333,18.472166666666663,0.3333333333333333,0.6666666666666666,36.1389815,-120.36834716666664,,1,35,27.632731573300497
2025-08-26 11:30:00,1756232701.0,37.5,19.666666666666668,21.86916666666667,0.0,0.0,36.13902766666666,-120.36839166666664,,1,35,30.60387810097793
2025-08-26 12:30:00,1756236301.0,39.5,22.166666666666668,29.20683333333333,0.8333333333333334,1.0,36.1390335,-120.36837533333332,,1,35,37.72134269810954
2025-08-26 13:30:00,1756239901.0,41.0,21.33333333333333,31.427833333333336,0.8333333333333334,1.3333333333333333,36.139039333333336,-120.36837616666666,,1,35,39.99651739046449
2025-08-26 14:30:00,1756243441.0,42.0,22.2,33.8054,1.8,2.4,36.1390382,-120.36835779999998,,1,35,42.61372969332698
2025-08-26 15:30:00,1756247101.0,42.0,20.666666666666668,37.00233333333333,2.0,2.0,36.13903083333333,-120.36837116666668,,1,35,44.714541159074024
2025-08-26 16:30:00,1756250701.0,41.5,20.33333333333333,37.7635,1.6666666666666667,2.0,36.13904583333333,-120.3683255,,1,35,44.947613049595496
2025-08-26 17:30:00,1756254301.0,40.66666666666666,22.166666666666668,40.12166666666666,2.6666666666666665,2.6666666666666665,36.138966333333336,-120.36835616666669,,1,35,46.80206410505513
2025-08-26 18:30:00,1756257901.0,37.16666666666666,26.83333333333333,39.890166666666666,4.0,4.333333333333333,36.13904,-120.36829633333332,,1,35,46.04840857985008
2025-08-26 19:30:00,1756261501.0,33.5,30.83333333333333,31.439833333333336,1.8333333333333333,2.1666666666666665,36.13903133333333,-120.36838916666666,,1,35,38.265167065757176
2025-08-26 20:30:00,1756265101.0,30.666666666666668,35.333333333333336,28.643833333333333,2.0,2.333333333333333,36.139094,-120.36841216666666,,1,35,35.645287285752694
2025-08-26 21:30:00,1756268701.0,29.5,37.16666666666666,28.6835,2.1666666666666665,3.0,36.13898266666667,-120.36834716666664,,1,35,35.51645955543913
2025-08-26 22:30:00,1756272301.0,28.83333333333333,35.5,27.797833333333333,2.0,2.0,36.13896866666666,-120.3684055,,1,35,34.1153085301343
2025-08-26 23:30:00,1756275901.0,27.666666666666668,31.83333333333333,25.2145,1.0,1.5,36.13905283333333,-120.36838533333334,,1,35,30.784970096352474
2025-08-27 00:30:00,1756279501.0,26.0,36.16666666666666,19.64883333333333,1.3333333333333333,1.8333333333333333,36.139025333333336,-120.3683715,,1,35,26.655324816001617
2025-08-27 01:30:00,1756283101.0,24.166666666666668,36.833333333333336,14.301333333333332,1.5,1.8333333333333333,36.13904383333334,-120.368441,,1,35,21.881741052475363
2025-08-27 02:30:00,1756286701.0,24.166666666666668,27.666666666666668,18.47733333333333,1.1666666666666667,1.1666666666666667,36.139041166666665,-120.36839533333334,,1,35,23.22410339686889
2025-08-27 03:30:00,1756290301.0,22.666666666666668,28.166666666666668,15.7495,1.0,1.1666666666666667,36.13904316666666,-120.368384,,1,35,20.518340195275577
2025-08-27 04:30:00,1756293901.0,22.0,30.0,12.977833333333336,1.0,1.0,36.13904316666667,-120.36836,,1,35,18.43783024224839
2025-08-27 05:30:00,1756297501.0,21.0,33.833333333333336,10.978333333333332,1.0,1.1666666666666667,36.139041166666665,-120.36836883333332,,1,35,17.17403939502205
2025-08-27 09:30:00,1756311901.0,28.166666666666668,41.0,10.948,5.5,5.666666666666667,36.13899933333334,-120.36835483333334,,1,35,22.797616425830256
2025-08-27 10:30:00,1756315501.0,31.83333333333333,33.333333333333336,18.540666666666667,4.333333333333333,4.5,36.13899116666666,-120.36833816666666,,1,35,28.65981203668767
2025-08-27 11:30:00,1756319101.0,34.5,30.5,24.594,3.8333333333333335,3.8333333333333335,36.13901583333333,-120.36837783333334,,1,35,33.880953202648165
2025-08-27 12:30:00,1756322701.0,37.0,27.0,27.721166666666665,3.0,3.5,36.139071,-120.36838533333334,,1,35,36.69528218222916
2025-08-27 13:30:00,1756326301.0,38.333333333333336,23.83333333333333,31.28,3.0,3.1666666666666665,36.139063,-120.36837766666667,,1,35,39.403437637187544
2025-08-27 14:30:00,1756329901.0,39.333333333333336,22.0,34.1085,2.833333333333333,2.833333333333333,36.139079,-120.36832833333334,,1,35,41.632294770635696
2025-08-27 15:30:00,1756333501.0,40.333333333333336,19.33333333333333,35.09466666666666,2.0,2.1666666666666665,36.13903866666666,-120.36836,,1,35,42.23152367584896
2025-08-27 16:30:00,1756337101.0,40.333333333333336,14.333333333333334,36.71083333333333,0.6666666666666666,0.8333333333333334,36.13900316666667,-120.368374,,1,35,42.27668380826073
2025-08-27 17:30:00,1756340701.0,39.5,11.0,34.83566666666667,0.0,0.0,36.13902733333334,-120.36831283333332,,1,35,39.70716763601038
2025-08-27 18:30:00,1756344301.0,35.833333333333336,9.5,35.943666666666665,0.0,0.0,36.13904816666667,-120.36837783333334,,1,35,38.464281370753476
2025-08-27 19:30:00,1756347901.0,32.333333333333336,12.333333333333334,30.13233333333333,0.0,0.0,36.1390185,-120.36837383333334,,1,35,32.913646078047925
2025-08-27 20:30:00,1756351501.0,30.33333333333333,14.666666666666666,29.337833333333336,0.0,0.1666666666666666,36.138956666666665,-120.36838016666668,,1,35,31.78578655033138
2025-08-27 21:30:00,1756355101.0,28.666666666666668,18.5,27.182666666666663,0.0,0.0,36.1390195,-120.36834083333332,,1,35,30.05075346908184
2025-08-27 22:30:00,1756358701.0,27.33333333333333,23.0,23.963166666666663,0.6666666666666666,1.0,36.139029666666666,-120.3683675,,1,35,27.964494184999268
2025-08-27 23:30:00,1756362301.0,26.0,27.83333333333333,18.895166666666665,1.0,1.3333333333333333,36.139027166666665,-120.36836016666666,,1,35,24.464877295351528
2025-08-28 09:30:00,1756398301.0,29.666666666666668,30.33333333333333,17.293166666666668,3.6666666666666665,3.8333333333333335,36.13900633333333,-120.36832683333334,,1,35,25.98461384117705
2025-08-28 10:30:00,1756401901.0,32.833333333333336,29.5,23.032,3.8333333333333335,4.333333333333333,36.139045,-120.368351,,1,35,31.747405604107534
2025-08-28 11:30:00,1756405501.0,34.333333333333336,27.166666666666668,26.258666666666667,13.0,15.666666666666666,36.13901966666666,-120.36837766666667,,1,35,36.2866436318943
2025-08-28 12:30:00,1756409101.0,36.333333333333336,27.33333333333333,24.549833333333336,6.5,7.0,36.139065333333335,-120.3683585,,1,35,34.67360395991624
2025-08-28 13:30:00,1756412701.0,38.66666666666666,24.5,30.311333333333334,6.0,7.0,36.13907533333333,-120.368351,,1,35,39.56805631135458
2025-08-28 14:30:00,1756416301.0,39.333333333333336,22.5,33.30716666666667,4.0,4.0,36.1391015,-120.36838516666668,,1,35,41.33169085500491
2025-08-28 15:30:00,1756419901.0,39.66666666666666,21.0,35.474333333333334,8.0,8.666666666666666,36.13907833333334,-120.36833416666668,,1,35,43.61224363511785
2025-08-28 16:30:00,1756423501.0,40.66666666666666,19.0,36.40683333333333,12.833333333333334,13.166666666666666,36.13907416666667,-120.36836016666666,,1,35,45.26413976604467
2025-08-28 17:30:00,1756427101.0,39.5,18.0,35.03816666666666,1.5,1.8333333333333333,36.138973166666666,-120.36834716666664,,1,35,41.45755005075782
2025-08-28 18:30:00,1756430701.0,35.666666666666664,23.0,34.6475,2.333333333333333,2.333333333333333,36.138996166666665,-120.36838533333334,,1,35,40.338287496096015
2025-08-28 19:30:00,1756434301.0,32.5,30.5,33.2335,4.0,4.166666666666667,36.139058,-120.36838533333334,,1,35,39.432805233189754
2025-08-28 20:30:00,1756437901.0,30.5,34.666666666666664,29.894,4.333333333333333,4.333333333333333,36.139014,-120.36836383333332,,1,35,36.76666547858139
2025-08-28 21:30:00,1756441501.0,29.166666666666668,36.66666666666666,25.738,4.166666666666667,4.5,36.13902166666667,-120.36837766666667,,1,35,33.36319633848793
2025-08-28 22:30:00,1756445101.0,27.5,38.833333333333336,22.88233333333333,4.0,4.166666666666667,36.1390145,-120.36838666666668,,1,35,30.762186124702723
2025-08-28 23:30:00,1756448701.0,25.33333333333333,41.0,14.128833333333333,3.333333333333333,3.6666666666666665,36.1390245,-120.3683445,,1,35,23.426106291277584
2025-08-29 09:30:00,1756484701.0,29.5,31.83333333333333,14.248,3.6666666666666665,3.8333333333333335,36.13904383333333,-120.36835233333332,,1,35,23.895476166681973
2025-08-29 10:30:00,1756488301.0,32.333333333333336,27.83333333333333,20.470333333333333,3.0,3.333333333333333,36.139012666666666,-120.36833733333332,,1,35,29.106119601834877
2025-08-29 11:30:00,1756491901.0,34.5,25.33333333333333,25.21733333333333,2.333333333333333,2.5,36.13902616666667,-120.368361,,1,35,33.133741114584964
2025-08-29 12:30:00,1756495501.0,36.833333333333336,22.33333333333333,26.936666666666667,0.8333333333333334,1.1666666666666667,36.13906333333333,-120.36833583333332,,1,35,34.755571883209754
2025-08-29 13:30:00,1756499101.0,38.66666666666666,21.166666666666668,28.571,0.3333333333333333,0.8333333333333334,36.13904316666667,-120.36835866666668,,1,35,36.588299806104494
2025-08-29 14:30:00,1756502701.0,39.333333333333336,18.666666666666668,29.849500000000003,0.0,0.0,36.13904566666667,-120.36835866666668,,1,35,37.30829668788345
2025-08-29 15:30:00,1756506301.0,40.16666666666666,15.833333333333334,31.440166666666663,0.0,0.0,36.13902016666667,-120.36834333333331,,1,35,38.38351814948924
2025-08-29 16:30:00,1756509901.0,41.333333333333336,15.0,32.3255,0.0,0.0,36.1390405,-120.36831666666666,,1,35,39.464597131316594
2025-08-29 17:30:00,1756513501.0,39.333333333333336,16.333333333333332,32.920833333333334,0.0,0.1666666666666666,36.13901766666667,-120.36838533333334,,1,35,39.19427480400637
2025-08-29 18:30:00,1756517101.0,35.0,20.33333333333333,32.45316666666667,0.0,1.0,36.13902533333333,-120.3683905,,1,35,37.535044227471865
2025-08-29 19:30:00,1756520701.0,32.166666666666664,26.5,29.92233333333333,0.5,1.1666666666666667,36.1390495,-120.368342,,1,35,35.45610797755296
2025-08-29 20:30:00,1756524301.0,29.83333333333333,31.666666666666668,25.50583333333333,1.0,1.0,36.13902166666667,-120.36837783333334,,1,35,31.99204673379466
2025-08-29 21:30:00,1756527901.0,27.666666666666668,33.333333333333336,21.01933333333333,0.8333333333333334,1.0,36.139058,-120.36832433333332,,1,35,27.85630538944671
2025-08-29 22:30:00,1756531501.0,26.666666666666668,34.166666666666664,19.938333333333333,0.8333333333333334,1.0,36.1390405,-120.36833566666668,,1,35,26.709917473862525
2025-08-29 23:30:00,1756535101.0,24.0,37.333333333333336,12.419833333333337,0.3333333333333333,0.8333333333333334,36.139032666666665,-120.36838383333334,,1,35,20.28615456619884
2025-08-30 09:30:00,1756571101.0,30.0,28.166666666666668,20.1485,0.6666666666666666,1.0,36.1389945,-120.36834849999998,,1,35,27.36760627471466
2025-08-30 10:30:00,1756574701.0,33.833333333333336,25.83333333333333,22.38416666666667,1.1666666666666667,1.1666666666666667,36.138975,-120.368351,,1,35,30.55079351471594
2025-08-30 11:30:00,1756578301.0,36.333333333333336,23.166666666666668,23.75583333333333,0.1666666666666666,0.5,36.139046666666665,-120.36840666666669,,1,35,32.158320285102526
2025-08-30 12:30:00,1756581901.0,37.333333333333336,22.666666666666668,25.363,0.0,0.5,36.13904766666667,-120.3683395,,1,35,33.74606985507791
2025-08-30 13:30:00,1756585501.0,41.66666666666666,16.166666666666668,30.407,0.5,1.0,36.139036833333336,-120.368333,,1,35,38.53529108584376
2025-08-30 14:30:00,1756589101.0,42.16666666666666,14.833333333333334,34.47516666666667,0.6666666666666666,0.6666666666666666,36.13902616666667,-120.3683395,,1,35,41.574848494578184
2025-08-30 15:30:00,1756592701.0,42.0,14.833333333333334,36.3565,2.1666666666666665,2.5,36.1390305,-120.368351,,1,35,43.201359307802
2025-08-30 16:30:00,1756596301.0,41.833333333333336,14.833333333333334,36.92166666666667,2.1666666666666665,2.333333333333333,36.13903116666666,-120.36832416666668,,1,35,43.530211502266276
2025-08-30 17:30:00,1756599901.0,39.5,17.5,38.04633333333333,1.0,1.6666666666666667,36.139011833333335,-120.36835733333334,,1,35,43.562090920922394
2025-08-30 18:30:00,1756603501.0,35.666666666666664,21.33333333333333,36.59316666666667,1.8333333333333333,2.0,36.139065,-120.36823633333334,,1,35,41.41387947805128
2025-08-30 19:30:00,1756607101.0,33.5,23.666666666666668,35.217333333333336,1.6666666666666667,2.0,36.13902783333334,-120.36834716666668,,1,35,39.73812895088486
2025-08-30 20:30:00,1756610701.0,30.33333333333333,28.0,23.579,2.833333333333333,2.833333333333333,36.1390285,-120.368328,,1,35,30.434480686642104
2025-08-30 21:30:00,1756614301.0,28.83333333333333,29.166666666666668,20.120833333333334,9.833333333333334,10.0,36.13902466666666,-120.36834716666668,,1,35,28.582559564369348
2025-08-30 22:30:00,1756617901.0,27.33333333333333,30.5,18.178833333333333,2.1666666666666665,2.333333333333333,36.13905966666666,-120.3683485,,1,35,25.27045545405268
2025-08-30 23:30:00,1756621501.0,26.5,32.5,18.667,4.166666666666667,4.666666666666667,36.13905033333334,-120.3683715,,1,35,25.985741429858116
2025-08-31 00:30:00,1756625101.0,26.0,32.333333333333336,20.0695,5.333333333333333,5.666666666666667,36.139021,-120.36834466666666,,1,35,26.95718157387769
2025-08-31 01:30:00,1756628701.0,25.666666666666668,31.83333333333333,22.022666666666662,6.333333333333333,6.666666666666667,36.13901566666667,-120.36832933333334,,1,35,28.345915372338943
2025-08-31 02:30:00,1756632301.0,23.83333333333333,34.166666666666664,14.401000000000002,3.8333333333333335,4.0,36.13901966666666,-120.3683435,,1,35,21.699205693757726
2025-08-31 08:30:00,1756653901.0,27.83333333333333,29.33333333333333,10.038166666666667,2.833333333333333,3.5,36.1390235,-120.368412,,1,35,19.345756640687974
2025-08-31 09:30:00,1756657501.0,34.666666666666664,20.0,23.188,1.8333333333333333,2.0,36.13902166666667,-120.3683435,,1,35,30.609580887468347
2025-08-31 10:30:00,1756661101.0,37.66666666666666,20.166666666666668,25.097,1.3333333333333333,1.6666666666666667,36.13902083333333,-120.3683675,,1,35,33.468108826834275
2025-08-31 11:30:00,1756664701.0,38.16666666666666,20.0,25.3725,0.8333333333333334,1.0,36.13903033333333,-120.36838533333334,,1,35,33.785737146322035
2025-08-31 12:30:00,1756668301.0,41.16666666666666,17.166666666666668,30.618333333333336,1.5,1.6666666666666667,36.1390415,-120.36838416666666,,1,35,38.785750098943
2025-08-31 13:30:00,1756671901.0,44.16666666666666,13.5,34.80683333333334,4.833333333333333,4.833333333333333,36.139035666666665,-120.368346,,1,35,43.298341989082054
2025-08-31 14:30:00,1756675501.0,44.0,14.0,36.342666666666666,5.833333333333333,6.0,36.13906933333333,-120.36834466666666,,1,35,44.65537061256881
2025-08-31 15:30:00,1756679101.0,43.833333333333336,14.166666666666666,38.00833333333333,12.166666666666666,12.5,36.13906533333333,-120.36836116666666,,1,35,46.99905721646126
2025-08-31 16:30:00,1756682701.0,42.333333333333336,14.833333333333334,39.04433333333333,21.5,22.166666666666668,36.13904866666667,-120.36835616666669,,1,35,48.85896511444373
2025-08-31 17:30:00,1756686121.0,40.8,15.2,39.392,14.2,14.6,36.1390396,-120.3683672,,1,35,47.11310550202949
2025-08-31 18:30:00,1756689901.0,36.833333333333336,19.33333333333333,38.36166666666667,7.166666666666667,7.5,36.13903033333333,-120.3683575,,1,35,43.9061336977288
2025-08-31 19:30:00,1756693501.0,33.833333333333336,21.666666666666668,32.7595,5.666666666666667,5.833333333333333,36.139005,-120.36840066666667,,1,35,38.38291890717246
2025-08-31 20:30:00,1756697101.0,30.83333333333333,26.0,25.347,6.666666666666667,7.166666666666667,36.139024,-120.3683775,,1,35,32.36019107053257
2025-08-31 21:30:00,1756700701.0,28.666666666666668,28.33333333333333,19.601166666666668,5.833333333333333,6.166666666666667,36.13902916666667,-120.36835866666668,,1,35,27.256110949548713
2025-08-31 22:30:00,1756704301.0,27.166666666666668,32.166666666666664,18.07333333333333,6.333333333333333,6.5,36.139028,-120.368384,,1,35,26.16296218510336
2025-08-31 23:30:00,1756707901.0,25.83333333333333,34.833333333333336,14.951,5.166666666666667,5.5,36.13899666666666,-120.36836366666668,,1,35,23.46751897554214
2025-09-01 00:30:00,1756711501.0,24.5,33.666666666666664,13.756,3.6666666666666665,4.0,36.13900683333333,-120.36832283333332,,1,36,21.776458590651146
2025-09-01 08:30:00,1756740301.0,28.166666666666668,28.166666666666668,13.116,4.666666666666667,5.0,36.13903,-120.36834966666667,,1,36,22.246193685495548
2025-09-01 09:30:00,1756743901.0,32.0,23.83333333333333,21.41933333333333,2.333333333333333,2.5,36.139012,-120.36834183333332,,1,36,29.122120004606295
2025-09-01 10:30:00,1756747501.0,35.5,22.5,21.46433333333333,1.1666666666666667,1.1666666666666667,36.13901116666667,-120.36835366666668,,1,36,30.399825269313958
2025-09-01 11:30:00,1756751101.0,37.833333333333336,18.33333333333333,30.18583333333333,2.0,2.1666666666666665,36.13898416666667,-120.36835233333332,,1,36,37.47880852986066
2025-09-01 12:30:00,1756754701.0,40.333333333333336,17.0,29.09633333333333,0.6666666666666666,0.6666666666666666,36.1390165,-120.36834083333332,,1,36,37.385113995809746
2025-09-01 13:30:00,1756758301.0,41.833333333333336,15.666666666666666,27.51816666666667,0.5,0.5,36.13903116666666,-120.36832433333332,,1,36,36.65672507696062
2025-09-01 14:30:00,1756761901.0,42.833333333333336,14.833333333333334,29.072,1.6666666666666667,1.8333333333333333,36.13904416666667,-120.36833333333334,,1,36,38.38018183910195
2025-09-01 15:30:00,1756765501.0,43.333333333333336,14.5,31.98133333333333,3.8333333333333335,4.0,36.13905916666666,-120.36833683333332,,1,36,41.13414912230124
2025-09-01 16:30:00,1756769101.0,44.0,14.333333333333334,32.074,4.0,4.166666666666667,36.13904716666666,-120.36833316666667,,1,36,41.52893268314531
2025-09-01 17:30:00,1756772701.0,42.833333333333336,14.833333333333334,32.42966666666667,3.1666666666666665,3.1666666666666665,36.13905733333333,-120.3683625,,1,36,41.15516409113872
2025-09-01 18:30:00,1756776301.0,38.833333333333336,17.833333333333332,29.6885,3.1666666666666665,3.1666666666666665,36.13895983333333,-120.3683805,,1,36,37.696169066214175
2025-09-01 19:30:00,1756779901.0,36.16666666666666,22.666666666666668,17.149833333333333,0.1666666666666666,0.3333333333333333,36.13900883333333,-120.36836616666666,,1,36,27.353017805968875
2025-09-01 20:30:00,1756783501.0,33.333333333333336,26.0,13.971833333333334,0.0,0.0,36.139039333333336,-120.368351,,1,36,24.15574844499725
2025-09-02 11:30:00,1756837501.0,38.16666666666666,25.0,15.821166666666665,3.1666666666666665,3.1666666666666665,36.139045,-120.36837266666667,,1,36,28.290201659282054
2025-09-02 12:30:00,1756841101.0,40.66666666666666,23.166666666666668,17.443833333333334,3.0,3.0,36.13903366666667,-120.36835083333334,,1,36,30.362097587780212
2025-09-02 13:30:00,1756844701.0,38.333333333333336,20.83333333333333,16.815166666666666,0.3333333333333333,0.3333333333333333,36.13901283333333,-120.36836366666668,,1,36,27.837364973129773
2025-09-02 14:30:00,1756848301.0,35.666666666666664,20.33333333333333,22.489500000000003,0.1666666666666666,0.1666666666666666,36.13902783333333,-120.368374,,1,36,30.66963818248501
2025-09-02 15:30:00,1756851901.0,37.5,18.5,23.2705,0.0,0.0,36.1390495,-120.36835983333332,,1,36,31.783004789961623
2025-09-02 16:30:00,1756855501.0,38.833333333333336,17.166666666666668,21.898666666666667,0.0,0.0,36.1390165,-120.3683725,,1,36,31.157659959940126
2025-09-02 17:30:00,1756859101.0,37.16666666666666,16.0,26.727,0.0,0.0,36.139012666666666,-120.36837516666668,,1,36,33.75002128539607
2025-09-02 18:30:00,1756862701.0,34.5,17.333333333333332,29.029,0.0,0.0,36.13899816666667,-120.36835966666666,,1,36,34.42087014974458
2025-09-02 19:30:00,1756866601.0,32.6,19.4,26.7144,0.0,0.0,36.1390358,-120.3683718,,1,36,32.136929779074755
2025-09-02 20:30:00,1756869901.0,30.33333333333333,22.5,22.91133333333333,0.1666666666666666,0.1666666666666666,36.138996,-120.36834216666666,,1,36,28.777743034612058
2025-09-02 21:30:00,1756873501.0,28.666666666666668,24.0,21.244,0.0,0.0,36.1390185,-120.36836866666664,,1,36,26.95892816885476
2025-09-02 22:30:00,1756877101.0,27.33333333333333,24.83333333333333,17.730666666666668,0.0,0.0,36.13902516666667,-120.36829633333332,,1,36,23.822774416743577
2025-09-03 10:30:00,1756920301.0,32.833333333333336,28.666666666666668,11.8275,53.5,55.0,36.13896566666667,-120.36837,,1,36,32.464113906227404
2025-09-03 11:30:00,1756923901.0,35.5,25.33333333333333,18.84433333333333,37.0,38.0,36.13903483333333,-120.368366,,1,36,35.43423914793624
2025-09-03 12:30:00,1756927501.0,37.66666666666666,21.5,23.8735,21.666666666666668,22.5,36.13900133333333,-120.36836116666666,,1,36,36.80975187380927
2025-09-03 13:30:00,1756931101.0,39.0,20.83333333333333,29.93533333333333,41.5,42.16666666666666,36.139016000000005,-120.36835116666668,,1,36,45.41405316402618
2025-09-03 14:30:00,1756934701.0,40.16666666666666,19.5,36.417,63.0,64.0,36.13907866666667,-120.3683765,,1,36,54.46693925612805
2025-09-03 15:30:00,1756938301.0,41.0,18.83333333333333,38.815,54.5,55.333333333333336,36.13904133333333,-120.36835483333334,,1,36,55.021792468782984
2025-09-03 16:30:00,1756941901.0,40.66666666666666,19.5,39.62583333333333,60.0,60.833333333333336,36.138949,-120.36833433333334,,1,36,56.57244783367114
2025-09-03 17:30:00,1756945501.0,39.66666666666666,21.0,42.091,75.5,76.66666666666667,36.139003,-120.3683725,,1,36,61.00537885772045
2025-09-03 18:30:00,1756949101.0,36.16666666666666,24.33333333333333,41.27033333333333,80.16666666666667,81.33333333333333,36.13903366666667,-120.368365,,1,36,60.127771317781374
2025-09-03 19:30:00,1756952701.0,33.666666666666664,28.83333333333333,31.759500000000003,72.16666666666667,73.5,36.13901533333333,-120.36837633333332,,1,36,51.186141871571245
2025-09-03 20:30:00,1756956301.0,31.33333333333333,31.83333333333333,22.002333333333336,3.1666666666666665,3.333333333333333,36.1390425,-120.36835483333334,,1,36,30.871118588943276
2025-09-03 21:30:00,1756959901.0,28.83333333333333,36.16666666666666,15.987666666666668,1.5,1.6666666666666667,36.138997333333336,-120.368366,,1,36,25.63948419605134
2025-09-04 10:30:00,1757006701.0,34.666666666666664,26.666666666666668,13.161,132.83333333333334,135.66666666666666,36.13902683333333,-120.36838533333334,,1,36,48.251682802648254
2025-09-04 11:30:00,1757010301.0,36.16666666666666,25.83333333333333,25.274833333333333,54.833333333333336,56.0,36.13904383333334,-120.36837383333334,,1,36,43.877196802214264
2025-09-04 12:30:00,1757013901.0,38.0,24.666666666666668,30.5915,30.5,31.0,36.13899666666666,-120.3683305,,1,36,44.15477296444066
2025-09-04 13:30:00,1757017501.0,39.16666666666666,23.5,33.5195,32.333333333333336,32.833333333333336,36.1390285,-120.368375,,1,36,47.034689747716676
2025-09-04 14:30:00,1757021101.0,40.833333333333336,21.83333333333333,38.18716666666666,46.333333333333336,47.16666666666666,36.13908966666667,-120.36838266666666,,1,36,53.57057560435093
2025-09-04 15:30:00,1757024701.0,40.66666666666666,21.83333333333333,39.3115,37.833333333333336,38.333333333333336,36.13905016666666,-120.36830783333332,,1,36,52.78941246003682
2025-09-04 16:30:00,1757028301.0,39.5,23.0,36.96683333333333,20.33333333333333,21.0,36.13897516666667,-120.36837133333334,,1,36,47.56729678282429
2025-09-04 17:30:00,1757031901.0,37.833333333333336,24.83333333333333,36.370666666666665,10.333333333333334,10.833333333333334,36.1390705,-120.3683435,,1,36,44.84718719591607
2025-09-04 18:30:00,1757035501.0,34.666666666666664,30.166666666666668,36.353,5.333333333333333,5.666666666666667,36.1390045,-120.36829883333333,,1,36,43.37010570670694
2025-09-04 19:30:00,1757039101.0,32.333333333333336,31.5,31.628666666666664,6.833333333333333,7.333333333333333,36.13899733333333,-120.3683585,,1,36,39.209351309400006
2025-09-04 20:30:00,1757042701.0,29.5,33.166666666666664,21.58066666666667,5.0,5.833333333333333,36.13901783333333,-120.3683865,,1,36,30.287477659301324
2025-09-04 21:30:00,1757046301.0,28.166666666666668,35.5,21.091666666666665,5.0,5.666666666666667,36.13902083333333,-120.36835483333334,,1,36,29.687669594395686
2025-09-05 10:30:00,1757093101.0,28.666666666666668,42.0,11.792666666666667,17.666666666666668,18.5,36.13901966666666,-120.36839416666668,,1,36,26.4325307877195
2025-09-05 11:30:00,1757096701.0,31.5,36.833333333333336,16.7485,11.833333333333334,12.333333333333334,36.13901216666667,-120.3683485,,1,36,29.511700910372923
2025-09-05 12:30:00,1757100301.0,33.333333333333336,33.666666666666664,20.49633333333333,11.0,11.5,36.13913466666667,-120.3683305,,1,36,32.48588009074982
2025-09-05 13:30:00,1757103901.0,36.0,29.33333333333333,22.854333333333333,18.5,19.33333333333333,36.1390525,-120.3683585,,1,36,36.12146236165876
2025-09-05 14:30:00,1757107501.0,37.5,26.5,26.92,31.0,31.83333333333333,36.13907,-120.36833466666668,,1,36,41.61112704529559
2025-09-05 15:30:00,1757111101.0,38.0,25.5,30.4275,26.0,26.33333333333333,36.139008,-120.36834616666664,,1,36,43.37022483067809
2025-09-05 16:30:00,1757114701.0,38.0,25.83333333333333,31.6955,19.83333333333333,20.166666666666668,36.139061,-120.36833933333332,,1,36,43.28461961411581
2025-09-05 17:30:00,1757118301.0,36.5,27.5,32.82683333333333,16.833333333333332,17.333333333333332,36.13903533333333,-120.36838166666666,,1,36,43.18865893798167
2025-09-05 18:30:00,1757121901.0,32.833333333333336,32.5,31.084666666666667,10.666666666666666,11.166666666666666,36.138980833333335,-120.368379,,1,36,39.91552848509917
2025-09-05 19:30:00,1757125501.0,30.166666666666668,37.0,26.204833333333337,10.166666666666666,11.0,36.13902033333333,-120.36835366666666,,1,36,35.72140556960407
2025-09-05 20:30:00,1757129101.0,28.666666666666668,38.5,24.495666666666665,10.166666666666666,10.666666666666666,36.13900966666667,-120.36836233333334,,1,36,33.9546726980249
2025-09-05 21:30:00,1757133000.4285717,27.0,41.57142857142857,18.33428571428572,11.0,11.714285714285714,36.13899828571429,-120.36836357142856,,1,36,29.24988348394521
2025-09-05 22:30:00,1757136900.0,25.5,42.66666666666666,11.938,21.33333333333333,22.166666666666668,36.13900783333333,-120.368384,,1,36,25.768862478301585
2025-09-06 10:30:00,1757180100.0,30.33333333333333,36.333333333333336,17.465999999999998,16.0,16.5,36.139038,-120.3683635,,1,36,30.129193238932707
2025-09-06 11:30:00,1757183700.0,32.833333333333336,34.5,20.203666666666667,11.5,12.166666666666666,36.13905516666667,-120.36835866666668,,1,36,32.27945018059733
2025-09-06 12:30:00,1757187300.0,35.833333333333336,28.5,22.793333333333333,10.5,11.333333333333334,36.139044,-120.36834983333334,,1,36,34.412110231370626
2025-09-06 13:30:00,1757190900.0,37.0,22.83333333333333,26.54133333333333,11.666666666666666,12.0,36.139069166666665,-120.36836,,1,36,36.90950828912529
2025-09-06 14:30:00,1757194500.0,38.0,12.0,32.6835,1.8333333333333333,2.0,36.13904433333333,-120.36836516666666,,1,36,38.22743702844012
2025-09-06 15:30:00,1757198100.0,38.16666666666666,11.333333333333334,34.77433333333334,0.0,0.0,36.1390235,-120.36834216666666,,1,36,39.41414270173373
2025-09-06 16:30:00,1757201700.0,38.333333333333336,12.666666666666666,31.396,0.0,0.0,36.139015,-120.36836133333334,,1,36,37.207044057941935
2025-09-06 17:30:00,1757205300.0,36.333333333333336,14.333333333333334,30.495833333333334,0.0,0.0,36.13904616666667,-120.3683395,,1,36,35.861820170067865
2025-09-06 18:30:00,1757208900.0,33.166666666666664,18.166666666666668,28.217,0.0,0.1666666666666666,36.139050833333336,-120.36836383333332,,1,36,33.32716237945634
2025-09-06 19:30:00,1757212500.0,30.33333333333333,32.5,25.1035,6.0,6.333333333333333,36.13899933333334,-120.3683775,,1,36,33.35348901203747
2025-09-06 20:30:00,1757216100.0,28.33333333333333,32.166666666666664,18.844166666666663,4.5,4.666666666666667,36.13902333333333,-120.36838133333332,,1,36,27.33016999778163
2025-09-06 21:30:00,1757219700.0,27.0,31.666666666666668,15.267,2.5,2.833333333333333,36.139047,-120.36831933333332,,1,36,23.555126773562584
2025-09-06 22:30:00,1757223300.0,24.33333333333333,35.333333333333336,11.82,2.0,2.1666666666666665,36.139125,-120.36833183333331,,1,36,20.24007437755668
2025-09-07 10:30:00,1757266500.0,28.5,33.5,11.904166666666669,6.666666666666667,7.166666666666667,36.139075166666665,-120.36838533333334,,1,36,22.862779739334904
2025-09-07 11:30:00,1757270100.0,31.0,29.83333333333333,15.6605,4.833333333333333,5.333333333333333,36.1390615,-120.36833933333334,,1,36,25.89841782361851
2025-09-07 12:30:00,1757273700.0,33.333333333333336,25.83333333333333,17.634833333333333,19.5,20.33333333333333,36.139045,-120.36839283333336,,1,36,30.42287366909631
2025-09-07 13:30:00,1757277300.0,35.0,24.33333333333333,19.512833333333333,37.833333333333336,38.16666666666666,36.13907133333333,-120.368374,,1,36,35.59815334015862
2025-09-07 14:30:00,1757280900.0,36.5,23.0,22.3385,16.833333333333332,17.666666666666668,36.13903733333333,-120.36843616666664,,1,36,34.50287537868673
2025-09-07 15:30:00,1757284500.0,37.16666666666666,22.0,23.790000000000003,9.166666666666666,9.666666666666666,36.139019,-120.36833566666668,,1,36,34.338002136229015
2025-09-07 16:30:00,1757288100.0,36.333333333333336,22.666666666666668,25.7315,17.5,17.833333333333332,36.13904766666666,-120.3683535,,1,36,36.984243514770526
2025-09-07 17:30:00,1757291700.0,34.333333333333336,24.33333333333333,24.944333333333333,8.833333333333334,9.666666666666666,36.1390025,-120.36835116666668,,1,36,34.219943455863564
2025-09-07 18:30:00,1757295300.0,30.5,28.5,23.565,5.333333333333333,5.5,36.1389745,-120.3684195,,1,36,31.402438852459788
2025-09-07 19:30:00,1757298900.0,28.166666666666668,32.0,19.481,5.166666666666667,5.5,36.139026666666666,-120.36836866666668,,1,36,27.82857026851363
2025-09-07 20:30:00,1757302500.0,26.166666666666668,36.833333333333336,13.830333333333334,4.333333333333333,4.5,36.139033,-120.36836883333336,,1,36,23.34291281041613
2025-09-07 21:30:00,1757306100.0,24.83333333333333,39.333333333333336,11.191333333333333,3.1666666666666665,3.5,36.139051333333335,-120.368322,,1,36,20.979398062583122
2025-09-08 10:30:00,1757352900.0,30.666666666666668,33.833333333333336,10.505,8.833333333333334,9.0,36.13900566666667,-120.36842216666666,,1,37,23.637801847984804
2025-09-08 11:30:00,1757356500.0,32.666666666666664,32.0,13.951,4.833333333333333,5.166666666666667,36.139008833333335,-120.36837116666668,,1,37,26.164274379551372
2025-09-08 12:30:00,1757360100.0,34.0,29.666666666666668,17.134166666666665,2.5,2.5,36.13900316666667,-120.36836883333332,,1,37,28.329288333186128
2025-09-08 13:30:00,1757363700.0,35.5,28.0,17.846500000000002,1.3333333333333333,1.5,36.13899166666666,-120.36830783333332,,1,37,29.094441255113907
2025-09-08 14:30:00,1757367300.0,36.16666666666666,26.666666666666668,20.005,0.6666666666666666,1.0,36.13907366666667,-120.368375,,1,37,30.68867053417032
2025-09-08 15:30:00,1757370900.0,37.0,24.83333333333333,21.43466666666667,0.3333333333333333,0.5,36.13904766666667,-120.36834833333334,,1,37,31.755749165611668
2025-09-08 16:30:00,1757374500.0,36.833333333333336,24.33333333333333,23.17833333333333,0.5,0.6666666666666666,36.139024166666665,-120.36835616666669,,1,37,32.920160097593325
2025-09-08 17:30:00,1757378100.0,34.166666666666664,27.166666666666668,25.299833333333336,0.6666666666666666,0.8333333333333334,36.13899733333333,-120.36837883333334,,1,37,33.76439200861529
2025-09-08 18:30:00,1757381700.0,31.0,33.333333333333336,22.95883333333333,0.0,0.3333333333333333,36.13902466666666,-120.36836233333334,,1,37,31.49846338347713
2025-09-08 19:30:00,1757385240.0,28.8,38.8,16.7738,0.0,0.2,36.1390068,-120.368364,,1,37,26.78288048134098
2025-09-08 20:30:00,1757388900.0,27.166666666666668,40.66666666666666,10.205833333333333,0.0,0.0,36.13899233333333,-120.36833966666666,,1,37,21.381607117293264
2025-09-09 14:30:00,1757453700.0,31.83333333333333,34.833333333333336,10.512666666666666,0.0,0.0,36.1390125,-120.36837383333334,,1,37,22.811695816937913
2025-09-09 15:30:00,1757457300.0,32.5,33.0,10.786666666666669,0.0,0.0,36.13901383333333,-120.36835733333334,,1,37,23.00269975310131
2025-09-09 16:30:00,1757460900.0,30.83333333333333,35.666666666666664,11.1205,0.0,0.0,36.13900516666666,-120.368351,,1,37,22.933508118154826
2025-09-09 17:30:00,1757464500.0,29.33333333333333,39.16666666666666,11.498333333333331,0.0,0.0,36.13902166666667,-120.3683715,,1,37,23.13409286889449
2025-09-09 18:30:00,1757468100.0,27.666666666666668,43.66666666666666,11.132,0.0,0.0,36.13900516666667,-120.36838533333334,,1,37,22.880369079162826
2025-09-09 19:30:00,1757471700.0,25.5,46.16666666666666,10.790666666666668,0.0,0.0,36.13900733333333,-120.36836,,1,37,22.028279636006367
2025-09-10 12:30:00,1757532900.0,30.33333333333333,36.5,10.35,0.0,0.0,36.139020333333335,-120.36837383333334,,1,37,22.26515552184427
2025-09-10 13:30:00,1757536500.0,31.33333333333333,34.5,11.162833333333332,0.0,0.0,36.1390665,-120.368389,,1,37,22.993011824771663
2025-09-10 14:30:00,1757538900.0,32.0,33.5,10.9175,0.0,0.0,36.139042,-120.368385,,1,37,22.949143142224287
2025-09-10 15:30:00,1757543700.0,31.33333333333333,34.0,15.733833333333331,0.0,0.0,36.13899683333333,-120.368351,,1,37,26.332458244182824
2025-09-10 16:30:00,1757547300.0,28.83333333333333,37.5,16.853333333333335,0.0,0.0,36.13901516666667,-120.36838916666666,,1,37,26.60024334942426
2025-09-10 17:30:00,1757550900.0,28.33333333333333,38.0,16.550833333333333,0.0,0.0,36.13903066666666,-120.36835966666666,,1,37,26.221282557783113
2025-09-10 18:30:00,1757554500.0,26.83333333333333,41.16666666666666,16.645166666666665,0.0,0.0,36.13899683333333,-120.36839166666668,,1,37,26.146933170474725
2025-09-10 19:30:00,1757558100.0,25.166666666666668,45.333333333333336,17.375333333333334,0.0,0.0,36.1390165,-120.36835366666666,,1,37,26.654562402974577
2025-09-10 20:30:00,1757561700.0,24.0,48.66666666666666,15.342,0.0,0.0,36.13903216666667,-120.36837133333334,,1,37,25.176747982199423
2025-09-10 21:30:00,1757565300.0,23.166666666666668,51.0,11.566333333333333,0.0,0.0,36.1389885,-120.36834583333332,,1,37,22.367671450983842
2025-09-11 11:30:00,1757615700.0,28.0,43.0,12.894166666666669,0.0,0.0,36.139083166666666,-120.3682735,,1,37,24.242795413481005
2025-09-11 12:30:00,1757619300.0,29.666666666666668,38.66666666666666,14.7995,0.0,0.0,36.1390475,-120.36837616666668,,1,37,25.683227022019793
2025-09-11 13:30:00,1757622900.0,32.0,33.333333333333336,16.827,0.0,0.0,36.1390285,-120.36838533333334,,1,37,27.35575772439001
2025-09-11 14:30:00,1757626500.0,32.5,29.666666666666668,19.747666666666664,0.0,0.0,36.1390455,-120.3683995,,1,37,29.111360794836628
2025-09-11 15:30:00,1757630100.0,31.166666666666668,33.0,20.33566666666667,0.0,0.0,36.13901083333334,-120.3683715,,1,37,29.520367787372557
2025-09-11 16:30:00,1757633700.0,32.166666666666664,32.0,21.205166666666667,0.0,0.0,36.13898966666667,-120.36836766666666,,1,37,30.476911076375096
2025-09-11 17:30:00,1757637300.0,28.5,37.0,21.091666666666665,0.0,0.0,36.13901116666667,-120.368351,,1,37,29.526632343564735
2025-09-11 18:30:00,1757640900.0,26.666666666666668,41.16666666666666,19.07466666666667,0.0,0.1666666666666666,36.13902216666667,-120.3683485,,1,37,27.90362703719167
2025-09-11 19:30:00,1757644500.0,25.166666666666668,44.333333333333336,15.621166666666667,0.8333333333333334,1.5,36.1389895,-120.36835733333334,,1,37,25.35549867099641
2025-09-11 20:30:00,1757648100.0,25.0,44.333333333333336,16.944333333333333,1.0,1.5,36.13900433333333,-120.36834716666664,,1,37,26.283283076895437
2025-09-11 21:30:00,1757651700.0,23.33333333333333,47.833333333333336,14.006,0.5,0.6666666666666666,36.13902616666667,-120.36834316666666,,1,37,23.794997806947435
2025-09-12 09:30:00,1757694900.0,27.0,44.16666666666666,14.862833333333333,2.0,2.0,36.13899716666666,-120.36838416666669,,1,37,25.80524918037716
2025-09-12 10:30:00,1757698500.0,28.666666666666668,40.833333333333336,17.667333333333335,1.6666666666666667,1.8333333333333333,36.1390095,-120.36838916666666,,1,37,28.06150456477844
2025-09-12 11:30:00,1757702100.0,30.5,37.66666666666666,19.212166666666665,1.5,1.6666666666666667,36.1389795,-120.36843116666668,,1,37,29.500279776355512
2025-09-12 12:30:00,1757705700.0,31.33333333333333,35.0,22.10233333333333,1.5,1.6666666666666667,36.139012,-120.368351,,1,37,31.582360669169184
2025-09-12 13:30:00,1757709300.0,33.0,31.166666666666668,23.5155,1.0,1.0,36.138995666666666,-120.36835616666669,,1,37,32.64317328832765
2025-09-12 14:30:00,1757712900.0,33.833333333333336,29.33333333333333,25.02616666666667,1.5,1.6666666666666667,36.13908,-120.36843616666664,,1,37,33.94755626275231
2025-09-12 15:30:00,1757716500.0,34.666666666666664,29.0,26.16033333333333,2.0,2.0,36.13903166666667,-120.3684005,,1,37,35.22056150153378
2025-09-12 16:30:00,1757720100.0,34.0,29.0,27.73,2.5,2.6666666666666665,36.13902133333334,-120.3683915,,1,37,36.175883290148974
2025-09-12 17:30:00,1757723700.0,32.0,30.5,26.911666666666665,5.0,5.333333333333333,36.13900183333333,-120.36836766666666,,1,37,35.32089284618821
2025-09-12 18:30:00,1757727300.0,29.0,36.66666666666666,24.357166666666668,8.0,8.5,36.13895333333333,-120.36841183333333,,1,37,33.63021818582842
2025-09-12 19:30:00,1757730900.0,27.0,38.333333333333336,19.48033333333333,6.5,6.833333333333333,36.13898216666667,-120.36836116666666,,1,37,29.017331926999326
2025-09-12 20:30:00,1757734500.0,25.5,41.833333333333336,15.516833333333333,5.166666666666667,5.666666666666667,36.1390165,-120.36834966666667,,1,37,25.733992141373506
2025-09-12 21:30:00,1757738100.0,23.83333333333333,44.16666666666666,12.241,5.166666666666667,6.0,36.138982,-120.368379,,1,37,22.91999173234815
2025-09-12 22:30:00,1757741700.0,22.5,48.333333333333336,10.391666666666667,4.333333333333333,4.666666666666667,36.139001666666665,-120.36839533333334,,1,37,21.46343196653735
2025-09-13 09:30:00,1757781300.0,28.83333333333333,38.5,17.737666666666666,4.166666666666667,4.166666666666667,36.13899916666667,-120.36839183333332,,1,37,28.19358247090456
2025-09-13 10:30:00,1757784900.0,31.33333333333333,35.5,22.621333333333336,3.0,3.1666666666666665,36.13899233333333,-120.36836766666666,,1,37,32.3326886732475
2025-09-13 11:30:00,1757788500.0,33.333333333333336,31.166666666666668,25.428,4.333333333333333,4.333333333333333,36.13900933333333,-120.368375,,1,37,34.83708338350838
2025-09-13 12:30:00,1757792100.0,34.333333333333336,28.666666666666668,27.032166666666665,5.666666666666667,5.666666666666667,36.1390385,-120.3683765,,1,37,36.30391236490556
2025-09-13 13:30:00,1757795700.0,35.166666666666664,27.0,28.32633333333333,5.0,5.0,36.13899983333334,-120.36834733333332,,1,37,37.254737936518374
2025-09-13 14:30:00,1757799000.8,36.8,24.6,28.2444,5.0,5.0,36.1390082,-120.3683716,,1,37,37.54640057941607
2025-09-13 15:30:00,1757802301.0,37.16666666666666,23.666666666666668,27.99983333333333,5.0,5.5,36.13898283333334,-120.36832933333334,,1,37,37.410373272505645
2025-09-13 16:30:00,1757805901.0,36.833333333333336,24.83333333333333,28.20266666666667,5.0,5.0,36.13895716666666,-120.36834466666666,,1,37,37.57481766496922
2025-09-13 17:30:00,1757809501.0,34.5,27.666666666666668,30.0825,4.833333333333333,5.0,36.13899916666667,-120.36836883333336,,1,37,38.35529727540466
2025-09-13 18:30:00,1757813101.0,31.166666666666668,33.666666666666664,29.47133333333333,5.0,5.166666666666667,36.139003,-120.36837516666668,,1,37,37.41041083301264
2025-09-13 19:30:00,1757816701.0,28.666666666666668,38.833333333333336,24.429666666666662,5.833333333333333,6.166666666666667,36.1390165,-120.368408,,1,37,33.52435022898837
2025-09-13 20:30:00,1757820900.0,26.33333333333333,40.833333333333336,19.569166666666668,4.666666666666667,5.0,36.1389745,-120.36844,,1,37,28.895903569546412
2025-09-13 21:30:00,1757824500.0,23.83333333333333,47.333333333333336,11.225833333333334,6.0,6.5,36.13898283333334,-120.36839283333336,,1,37,22.86786787924867
2025-09-14 09:30:00,1757867700.0,26.83333333333333,39.0,12.2175,6.0,6.333333333333333,36.13901083333334,-120.36840816666668,,1,37,23.51672293562914
2025-09-14 10:30:00,1757871300.0,29.166666666666668,35.166666666666664,19.127333333333336,4.5,4.666666666666667,36.1389695,-120.36836366666668,,1,37,28.853305473905685
2025-09-14 11:30:00,1757874900.0,32.5,29.83333333333333,20.0835,3.8333333333333335,4.0,36.1390375,-120.3683625,,1,37,30.09217750946182
2025-09-14 12:30:00,1757878500.0,33.333333333333336,29.5,24.435166666666664,4.0,4.166666666666667,36.13901983333333,-120.36833716666666,,1,37,33.7357847595263
2025-09-14 13:30:00,1757882100.0,35.833333333333336,26.33333333333333,25.387666666666664,4.0,4.0,36.139024166666665,-120.36835366666666,,1,37,35.07205058958871
2025-09-14 14:30:00,1757885700.0,36.833333333333336,24.0,25.979166666666668,3.8333333333333335,4.0,36.13903583333333,-120.36837266666667,,1,37,35.555856913977514
2025-09-14 15:30:00,1757889300.0,37.0,22.83333333333333,27.987666666666662,4.166666666666667,4.666666666666667,36.13897716666667,-120.36837383333334,,1,37,37.0158755485311
2025-09-14 16:30:00,1757892900.0,36.333333333333336,22.666666666666668,28.874333333333336,4.166666666666667,4.333333333333333,36.139037,-120.36840966666666,,1,37,37.29633316942182
2025-09-14 17:30:00,1757896500.0,34.0,24.666666666666668,30.43883333333333,4.833333333333333,4.833333333333333,36.1389935,-120.36840816666668,,1,37,37.8056801520217
2025-09-14 18:30:00,1757900100.0,30.33333333333333,28.666666666666668,28.32983333333333,4.5,5.0,36.13894716666667,-120.36841083333331,,1,37,35.15310976647654
2025-09-14 19:30:00,1757903700.0,27.5,31.0,23.377333333333336,5.666666666666667,5.833333333333333,36.139021,-120.3683395,,1,37,30.661051420533866
2025-09-14 20:30:00,1757907300.0,25.33333333333333,35.166666666666664,16.6695,5.166666666666667,5.333333333333333,36.139011,-120.36837883333334,,1,37,25.249196719443496
2025-09-14 21:30:00,1757910900.0,23.166666666666668,39.0,12.5205,4.666666666666667,5.166666666666667,36.13900116666667,-120.36833716666666,,1,37,21.72466175745155
2025-09-14 22:30:00,1757914500.0,22.666666666666668,38.333333333333336,15.912999999999998,4.833333333333333,5.0,36.138990666666665,-120.368361,,1,37,23.905113340913495
2025-09-15 09:30:00,1757954100.0,29.33333333333333,31.666666666666668,16.547833333333333,2.333333333333333,2.833333333333333,36.138996166666665,-120.36837,,1,38,26.331829820433384
2025-09-15 10:30:00,1757957700.0,32.0,31.166666666666668,19.8775,1.5,1.6666666666666667,36.1390145,-120.36835583333334,,1,38,29.868616735595438
2025-09-15 11:30:00,1757961300.0,33.833333333333336,28.0,22.2165,0.1666666666666666,0.1666666666666666,36.139031,-120.3683675,,1,38,31.68175486298798
2025-09-15 12:30:00,1757964900.0,35.5,26.166666666666668,24.238333333333333,0.8333333333333334,1.0,36.13898916666667,-120.36842083333332,,1,38,33.80783266828386
2025-09-15 13:30:00,1757968500.0,37.0,24.666666666666668,24.83833333333333,1.3333333333333333,1.3333333333333333,36.1389885,-120.36834066666668,,1,38,34.78905246721533
2025-09-15 14:30:00,1757972100.0,37.66666666666666,22.5,26.922,0.6666666666666666,1.0,36.139027500000005,-120.36838883333331,,1,38,36.18590155209431
2025-09-15 15:30:00,1757975700.0,38.0,21.33333333333333,29.148666666666667,1.1666666666666667,1.1666666666666667,36.138939666666666,-120.368421,,1,38,37.8653919270424
2025-09-15 16:30:00,1757979300.0,38.16666666666666,22.5,29.347,1.0,1.0,36.13904016666667,-120.36838383333334,,1,38,38.28338176781226
2025-09-15 17:30:00,1757982900.0,35.5,24.33333333333333,30.020166666666665,1.0,1.3333333333333333,36.13903183333333,-120.36840683333334,,1,38,37.852006206925964
2025-09-15 18:30:00,1757986500.0,32.166666666666664,28.33333333333333,27.153,0.5,1.0,36.13901066666667,-120.36839683333334,,1,38,34.73577283105694
2025-09-15 19:30:00,1757990100.0,28.666666666666668,33.166666666666664,16.157166666666665,1.5,1.6666666666666667,36.13901,-120.36835833333332,,1,38,25.81469356354488
2025-09-16 09:30:00,1758039901.0,31.0,31.666666666666668,18.219666666666665,1.3333333333333333,1.5,36.13903866666666,-120.36835616666669,,1,38,28.19729587667087
2025-09-16 10:30:00,1758043501.0,35.166666666666664,27.0,31.27333333333333,0.6666666666666666,1.0,36.13903033333333,-120.36835083333334,,1,38,39.066710200232926
2025-09-16 11:30:00,1758047101.0,36.833333333333336,24.83333333333333,34.0535,1.3333333333333333,2.0,36.13903416666667,-120.3683725,,1,38,41.714126992431225
2025-09-16 12:30:00,1758050701.0,38.66666666666666,21.83333333333333,36.05716666666667,2.333333333333333,2.5,36.13901966666666,-120.36837516666668,,1,38,43.69477482321139
2025-09-16 13:30:00,1758054301.0,39.833333333333336,20.666666666666668,38.29333333333333,2.333333333333333,2.5,36.139005833333336,-120.36836116666666,,1,38,45.728194050287975
2025-09-16 14:30:00,1758057901.0,40.66666666666666,19.5,37.77,2.5,2.6666666666666665,36.13903416666667,-120.36839816666668,,1,38,45.55589249036647
2025-09-16 15:30:00,1758061501.0,40.833333333333336,18.666666666666668,38.7925,2.6666666666666665,2.833333333333333,36.139019,-120.36836766666666,,1,38,46.279958200535454
2025-09-16 16:30:00,1758065101.0,40.5,18.33333333333333,38.95216666666667,2.1666666666666665,2.5,36.138993,-120.36836616666666,,1,38,46.09931603934219
2025-09-16 17:30:00,1758068701.0,38.333333333333336,20.5,39.45166666666667,2.0,2.5,36.138951,-120.3683385,,1,38,45.800792326881655
2025-09-16 18:30:00,1758072301.0,34.833333333333336,25.0,38.23433333333333,2.0,2.0,36.13901066666667,-120.36845416666668,,1,38,43.96838638150842
2025-09-16 19:30:00,1758075901.0,31.33333333333333,30.5,25.6755,2.333333333333333,2.833333333333333,36.13909266666666,-120.36845416666668,,1,38,33.94841976776463
2025-09-16 20:30:00,1758079501.0,27.83333333333333,35.333333333333336,14.638833333333332,2.1666666666666665,2.833333333333333,36.139034333333335,-120.36835833333332,,1,38,24.830380115310632
2025-09-17 09:30:00,1758126301.0,32.5,26.33333333333333,22.510166666666667,1.0,1.3333333333333333,36.139014,-120.3683815,,1,38,31.115545457446174
2025-09-17 10:30:00,1758129901.0,35.0,25.83333333333333,29.874166666666667,1.8333333333333333,2.0,36.13901066666667,-120.36838266666666,,1,38,37.91140016729794
2025-09-17 11:30:00,1758133501.0,36.66666666666666,23.33333333333333,36.20333333333333,2.0,2.6666666666666665,36.1390075,-120.3683635,,1,38,43.08658325250212
2025-09-17 12:30:00,1758137101.0,38.333333333333336,23.0,34.87616666666667,3.0,3.1666666666666665,36.1390465,-120.3683865,,1,38,42.98073344733664
2025-09-17 13:30:00,1758140701.0,40.0,20.33333333333333,37.8545,2.5,2.833333333333333,36.13901883333333,-120.36832433333332,,1,38,45.46189018551183
2025-09-17 14:30:00,1758144301.0,40.833333333333336,18.0,40.79233333333333,1.8333333333333333,2.0,36.13902683333333,-120.36836,,1,38,47.508983043621065
2025-09-17 15:30:00,1758147901.0,41.333333333333336,16.833333333333332,40.434333333333335,1.5,2.0,36.139033,-120.3683445,,1,38,47.236265699623964
2025-09-17 16:30:00,1758151501.0,40.16666666666666,17.333333333333332,41.48166666666666,2.0,2.0,36.139002,-120.3683715,,1,38,47.59184112810306
2025-09-17 17:30:00,1758155101.0,38.66666666666666,19.5,39.45033333333333,2.6666666666666665,3.0,36.13903416666667,-120.36835483333334,,1,38,45.88187853329041
2025-09-17 18:30:00,1758158701.0,35.333333333333336,22.83333333333333,37.64816666666667,2.1666666666666665,2.6666666666666665,36.139034333333335,-120.36840433333332,,1,38,43.4412990882646
2025-09-17 19:30:00,1758162301.0,32.166666666666664,28.0,31.82333333333333,2.333333333333333,3.0,36.13900883333333,-120.36837516666668,,1,38,38.52173790359864
2025-09-17 20:30:00,1758165901.0,29.83333333333333,32.333333333333336,22.033,3.5,4.0,36.13899216666667,-120.368365,,1,38,31.027857542999676
2025-09-17 21:30:00,1758169501.0,28.33333333333333,34.0,18.63083333333333,2.5,3.0,36.1389725,-120.36836133333334,,1,38,27.87031944975098
2025-09-17 22:30:00,1758173101.0,27.83333333333333,33.833333333333336,17.67716666666667,2.333333333333333,2.6666666666666665,36.139015,-120.36839666666668,,1,38,26.834635290546103
2025-09-18 09:30:00,1758212701.0,26.166666666666668,38.333333333333336,12.794,3.8333333333333335,4.333333333333333,36.138952833333335,-120.36836766666666,,1,38,23.470526773338527
2025-09-18 11:30:00,1758219901.0,29.33333333333333,33.0,19.026333333333334,3.0,3.1666666666666665,36.139040666666666,-120.36831416666666,,1,38,28.5322434829546
2025-09-18 12:30:00,1758223501.0,30.166666666666668,33.333333333333336,16.338,12.166666666666666,14.666666666666666,36.13905033333334,-120.3683675,,1,38,28.813504231264623
2025-09-18 13:30:00,1758227101.0,28.0,40.5,12.0925,5.333333333333333,6.0,36.139014,-120.36837266666667,,1,38,24.526350584088867
2025-09-18 14:30:00,1758230701.0,27.5,42.833333333333336,10.176833333333333,3.0,3.333333333333333,36.13901283333333,-120.36833566666668,,1,38,22.83325041355966
2025-09-18 15:30:00,1758234301.0,27.166666666666668,46.333333333333336,10.948,3.5,4.333333333333333,36.1389505,-120.36828366666668,,1,38,24.03152178327553
2025-09-18 21:30:00,1758256500.0,23.0,62.16666666666666,12.531166666666666,3.5,3.5,36.13900383333333,-120.36837,,1,38,26.057276052859777
2025-09-19 00:30:00,1758267300.0,21.0,77.33333333333333,12.500666666666667,4.666666666666667,5.0,36.139033833333336,-120.3683805,,1,38,28.11385330648305
2025-09-19 01:30:00,1758270000.0,21.0,76.66666666666667,11.563666666666668,5.333333333333333,5.333333333333333,36.139005,-120.368365,,1,38,27.377187983977215
2025-09-19 10:30:00,1758302701.0,26.5,60.833333333333336,15.556666666666668,12.166666666666666,12.666666666666666,36.13900566666667,-120.368379,,1,38,31.382628982781917
2025-09-19 11:30:00,1758306301.0,30.166666666666668,49.16666666666666,21.3255,6.666666666666667,6.833333333333333,36.139063666666665,-120.36836483333332,,1,38,34.33000381392105
2025-09-19 12:30:00,1758309901.0,31.166666666666668,46.333333333333336,26.345166666666668,4.833333333333333,5.0,36.13899516666667,-120.36838,,1,38,37.73481989234366
2025-09-19 13:30:00,1758313501.0,32.833333333333336,42.5,29.02583333333333,4.666666666666667,4.833333333333333,36.1389765,-120.36838,,1,38,39.820816533369886
2025-09-19 14:30:00,1758317101.0,33.333333333333336,39.333333333333336,30.65383333333333,4.833333333333333,4.833333333333333,36.139014,-120.36837383333334,,1,38,40.71457979222484
2025-09-19 15:30:00,1758320701.0,33.5,38.16666666666666,31.82283333333333,4.333333333333333,4.833333333333333,36.139026666666666,-120.36838266666666,,1,38,41.40949075536694
2025-09-19 16:30:00,1758324301.0,32.333333333333336,42.0,33.10916666666667,5.333333333333333,5.5,36.139010500000005,-120.368384,,1,38,42.66808820977986
2025-09-19 17:30:00,1758327901.0,30.666666666666668,46.5,34.5415,6.833333333333333,6.833333333333333,36.13905183333333,-120.36837033333336,,1,38,44.01864255405895
2025-09-19 18:30:00,1758331501.0,27.83333333333333,54.5,34.527833333333334,14.666666666666666,15.166666666666666,36.13902083333333,-120.36835483333334,,1,38,45.548716005935994
2025-09-19 19:30:00,1758335101.0,26.166666666666668,60.333333333333336,30.79133333333333,26.166666666666668,26.5,36.13901783333333,-120.36838,,1,38,45.0495154535428
2025-09-19 20:30:00,1758338701.0,24.83333333333333,64.33333333333333,21.5675,26.166666666666668,26.33333333333333,36.13903766666667,-120.3683445,,1,38,38.20065874539066
2025-09-19 21:30:00,1758342301.0,23.666666666666668,66.33333333333333,10.056666666666668,24.666666666666668,25.166666666666668,36.1390075,-120.36835083333334,,1,38,29.118026490908036
2025-09-19 22:30:00,1758345901.0,22.666666666666668,69.16666666666667,10.329333333333333,27.0,27.5,36.13900966666667,-120.36837516666668,,1,38,29.776572321265967
2025-09-20 09:30:00,1758386101.0,28.25,49.0,15.69425,15.75,16.75,36.139044,-120.3683835,,1,38,30.821276136668033
2025-09-20 10:30:00,1758389101.0,30.5,45.333333333333336,26.487666666666662,14.166666666666666,14.833333333333334,36.13896983333333,-120.36835483333334,,1,38,39.03559007604104
2025-09-20 11:30:00,1758392701.0,32.666666666666664,40.16666666666666,31.586,10.666666666666666,11.333333333333334,36.13897116666666,-120.36832433333332,,1,38,42.3392794806936
2025-09-20 12:30:00,1758396301.0,34.0,37.833333333333336,35.692,8.666666666666666,8.833333333333334,36.1390495,-120.36835483333334,,1,38,45.242803214792396
2025-09-20 13:30:00,1758399901.0,34.833333333333336,36.0,36.47283333333333,6.166666666666667,6.333333333333333,36.13900566666667,-120.3683535,,1,38,45.45015036631184
2025-09-20 14:30:00,1758403501.0,35.333333333333336,34.5,34.87683333333333,8.666666666666666,9.0,36.13900383333333,-120.3683215,,1,38,44.677135719384644
2025-09-20 15:30:00,1758407101.0,35.833333333333336,33.666666666666664,34.505500000000005,6.333333333333333,6.833333333333333,36.13899933333334,-120.36832433333332,,1,38,44.08582179642121
2025-09-20 16:30:00,1758410701.0,35.5,33.333333333333336,35.51466666666666,7.5,7.5,36.13904433333334,-120.36832933333334,,1,38,44.78464352055382
2025-09-20 17:30:00,1758414301.0,33.666666666666664,35.833333333333336,37.25216666666667,5.5,5.833333333333333,36.13901383333333,-120.36838916666666,,1,38,45.3280154858655
2025-09-20 18:30:00,1758417901.0,30.5,41.333333333333336,35.00133333333333,5.333333333333333,5.666666666666667,36.139054,-120.36845516666666,,1,38,43.080955777201844
2025-09-20 19:30:00,1758421501.0,28.83333333333333,46.5,31.36433333333333,7.5,7.833333333333333,36.13902983333333,-120.368365,,1,38,40.88169845461333
2025-09-20 20:30:00,1758425101.0,26.83333333333333,53.16666666666666,18.055333333333333,10.166666666666666,10.833333333333334,36.13901683333333,-120.3683955,,1,38,31.652402256323356
2025-09-20 21:30:00,1758428701.0,25.33333333333333,58.333333333333336,10.012833333333331,15.5,16.833333333333332,36.13899933333334,-120.36841983333332,,1,38,26.847018822449485
2025-09-21 09:30:00,1758472800.0,28.0,44.0,19.3364,5.4,5.6,36.1390022,-120.3683716,,1,38,30.590397825659117
2025-09-21 10:30:00,1758476100.0,31.166666666666668,40.5,25.540166666666668,4.833333333333333,5.166666666666667,36.13898283333333,-120.36837883333334,,1,38,36.05846299524102
2025-09-21 11:30:00,1758479700.0,33.666666666666664,34.5,29.665000000000003,3.0,3.1666666666666665,36.13898416666667,-120.36835866666668,,1,38,38.92258043361632
2025-09-21 12:30:00,1758483300.0,35.333333333333336,30.666666666666668,28.74416666666667,0.3333333333333333,0.6666666666666666,36.13900383333333,-120.36837666666668,,1,38,37.872141157163924
2025-09-21 13:30:00,1758486900.0,36.16666666666666,27.83333333333333,28.714,0.3333333333333333,0.8333333333333334,36.1390095,-120.36834216666666,,1,38,37.74415220837882
2025-09-21 14:30:00,1758490500.0,36.833333333333336,27.33333333333333,28.995833333333334,0.8333333333333334,0.8333333333333334,36.138991833333336,-120.36835883333332,,1,38,38.236613767764496
2025-09-21 15:30:00,1758494100.0,36.833333333333336,26.33333333333333,29.94533333333333,1.0,1.3333333333333333,36.139012,-120.36838533333334,,1,38,38.82106822658075
2025-09-21 16:30:00,1758497700.0,36.16666666666666,26.666666666666668,30.515,0.3333333333333333,1.0,36.139039333333336,-120.36837916666668,,1,38,38.893351939991774
2025-09-21 17:30:00,1758501300.0,34.166666666666664,29.33333333333333,31.066333333333333,0.8333333333333334,1.3333333333333333,36.13897833333333,-120.368393,,1,38,38.899490270787325
2025-09-21 18:30:00,1758504900.0,30.83333333333333,34.0,27.169833333333333,5.333333333333333,5.666666666666667,36.13902466666666,-120.36838783333332,,1,38,35.998289649193765
2025-09-21 19:30:00,1758508500.0,29.166666666666668,36.5,24.880166666666668,31.0,32.5,36.13904183333333,-120.3683955,,1,38,38.60317004809563
2025-09-21 20:30:00,1758512100.0,27.166666666666668,40.5,19.498833333333334,14.5,14.833333333333334,36.139001,-120.36838783333332,,1,38,31.286924376224775
2025-09-21 21:30:00,1758515700.0,25.5,44.833333333333336,15.754833333333332,8.5,9.0,36.13900083333333,-120.36839666666668,,1,38,27.409596762524266
2025-09-21 22:30:00,1758519300.0,24.0,48.833333333333336,10.562,2.0,2.0,36.1389745,-120.36839283333336,,1,38,22.318990502330365
2025-09-21 23:30:00,1758522900.0,24.5,45.16666666666666,18.141166666666667,1.3333333333333333,1.6666666666666667,36.1390825,-120.36842866666666,,1,38,27.481765609664237
2025-09-22 09:30:00,1758558900.0,30.166666666666668,36.66666666666666,15.893833333333331,2.0,2.1666666666666665,36.13902533333333,-120.3683815,,1,39,27.436181267009253
2025-09-22 10:30:00,1758562500.0,32.333333333333336,34.333333333333336,23.873166666666663,1.6666666666666667,2.0,36.139025333333336,-120.36834466666666,,1,39,34.0093931868831
2025-09-22 11:30:00,1758566100.0,34.333333333333336,30.83333333333333,26.3925,1.3333333333333333,1.6666666666666667,36.13901383333333,-120.36836616666666,,1,39,36.16980599165893
2025-09-22 12:30:00,1758569700.0,35.666666666666664,28.166666666666668,25.631833333333333,1.1666666666666667,1.5,36.13910283333333,-120.36840316666668,,1,39,35.725502163739776
2025-09-22 13:30:00,1758573300.0,37.66666666666666,24.5,27.11966666666667,0.8333333333333334,1.0,36.13898833333334,-120.368328,,1,39,37.06637912644388
2025-09-22 14:30:00,1758576900.0,38.0,23.83333333333333,28.710166666666662,0.0,0.1666666666666666,36.138979,-120.36837116666668,,1,39,38.151269312968665
2025-09-22 15:30:00,1758580500.0,38.16666666666666,22.666666666666668,29.59583333333333,0.5,1.0,36.13902916666667,-120.3683955,,1,39,38.79784085898658
2025-09-22 16:30:00,1758584100.0,37.66666666666666,21.83333333333333,31.55316666666667,0.5,0.5,36.139046,-120.36837383333334,,1,39,39.825904884443794
2025-09-22 17:30:00,1758587700.0,35.333333333333336,23.666666666666668,33.168166666666664,0.5,0.6666666666666666,36.13896,-120.368389,,1,39,40.251103552589015
2025-09-22 18:30:00,1758591300.0,31.83333333333333,28.666666666666668,30.96783333333333,0.5,0.6666666666666666,36.13904133333333,-120.368384,,1,39,37.815376947894705
2025-09-22 19:30:00,1758594900.0,29.0,35.833333333333336,22.5245,1.8333333333333333,2.0,36.1389955,-120.36837916666668,,1,39,31.659163886296426
2025-09-22 20:30:00,1758598500.0,27.166666666666668,38.333333333333336,17.930666666666667,2.0,2.333333333333333,36.13901533333333,-120.36837883333334,,1,39,27.820631756690695
2025-09-22 21:30:00,1758602100.0,25.33333333333333,44.16666666666666,15.099833333333333,1.3333333333333333,1.8333333333333333,36.13901383333333,-120.36837633333334,,1,39,25.777815096507695
2025-09-22 22:30:00,1758605700.0,24.0,44.66666666666666,12.453666666666669,1.6666666666666667,2.0,36.13904516666667,-120.3683725,,1,39,23.27632449262194
2025-09-23 09:30:00,1758645301.0,31.75,31.75,17.7325,1.0,1.75,36.13901525,-120.36836825,,1,39,28.54755176360625
2025-09-23 10:30:00,1758648301.0,34.0,29.166666666666668,28.50583333333333,1.3333333333333333,1.5,36.13905,-120.36842716666666,,1,39,37.269380077447295
2025-09-23 11:30:00,1758651901.0,35.666666666666664,27.666666666666668,30.02733333333333,2.0,2.1666666666666665,36.13899166666666,-120.3683535,,1,39,39.06785953884955
2025-09-23 12:30:00,1758655501.0,37.66666666666666,24.33333333333333,32.416333333333334,1.0,1.1666666666666667,36.13905783333333,-120.368379,,1,39,41.04252230974247
2025-09-23 13:30:00,1758659101.0,39.0,23.33333333333333,35.951,1.6666666666666667,2.1666666666666665,36.13900183333333,-120.36836483333332,,1,39,44.310427190971076
2025-09-23 14:30:00,1758662701.0,39.66666666666666,21.83333333333333,38.81583333333334,2.333333333333333,2.333333333333333,36.1389965,-120.368337,,1,39,46.58613905295747
2025-09-23 15:30:00,1758666301.0,40.333333333333336,20.166666666666668,42.147,0.8333333333333334,0.8333333333333334,36.13901916666666,-120.36838783333332,,1,39,48.836364985637225
2025-09-23 16:30:00,1758669901.0,40.333333333333336,19.666666666666668,43.5915,0.6666666666666666,1.0,36.13904016666667,-120.36835733333334,,1,39,49.826147797071535
2025-09-23 17:30:00,1758673501.0,37.16666666666666,22.83333333333333,42.591166666666666,2.1666666666666665,2.333333333333333,36.13896316666666,-120.368398,,1,39,48.367142165866944
2025-09-23 18:30:00,1758677101.0,34.5,26.83333333333333,32.984500000000004,4.0,4.333333333333333,36.13900566666667,-120.36840933333332,,1,39,40.93264485263274
2025-09-23 19:30:00,1758680701.0,32.166666666666664,31.33333333333333,29.46283333333333,2.0,2.0,36.13903033333333,-120.36836883333332,,1,39,37.598428493195364
2025-09-23 20:30:00,1758684301.0,30.5,34.666666666666664,32.253,2.333333333333333,2.6666666666666665,36.13905016666667,-120.368342,,1,39,39.58517053673035
2025-09-23 21:30:00,1758687901.0,29.33333333333333,36.833333333333336,33.05416666666667,2.6666666666666665,2.833333333333333,36.1390685,-120.3683635,,1,39,40.06424246846011
2025-09-23 22:30:00,1758691501.0,28.5,37.5,31.04533333333333,2.0,2.6666666666666665,36.13903166666667,-120.36837883333334,,1,39,38.1945936731438
2025-09-23 23:30:00,1758695101.0,28.0,36.833333333333336,31.953,1.5,2.0,36.139021500000005,-120.368398,,1,39,38.404128147929555
2025-09-24 00:30:00,1758698701.0,27.0,37.333333333333336,31.785666666666668,1.0,1.1666666666666667,36.13901383333333,-120.36843216666666,,1,39,37.76476934112567
2025-09-24 01:30:00,1758702301.0,26.83333333333333,38.333333333333336,29.864500000000003,1.0,1.0,36.138998,-120.36832933333334,,1,39,36.412686602396256
2025-09-24 02:30:00,1758705901.0,26.5,40.5,29.1695,1.0,1.0,36.13907483333333,-120.3683395,,1,39,36.13083183843809
2025-09-24 03:30:00,1758709501.0,25.83333333333333,42.66666666666666,31.476,1.3333333333333333,1.5,36.13910616666666,-120.36842083333332,,1,39,38.01303130241359
2025-09-24 04:30:00,1758713101.0,24.83333333333333,52.5,29.41616666666667,1.5,1.8333333333333333,36.139050833333336,-120.36837666666668,,1,39,37.85046417679959
2025-09-24 05:30:00,1758716401.0,23.0,61.6,23.4264,1.6,2.0,36.138971,-120.3683366,,1,39,34.17191938342925
2025-09-24 11:30:00,1758738901.0,24.75,73.5,14.949750000000002,6.75,7.0,36.139016250000005,-120.36837025,,1,39,31.784544269564144
2025-09-24 12:30:00,1758741901.0,28.0,59.0,24.203666666666667,5.5,5.5,36.139034333333335,-120.36837283333334,,1,39,37.382499204974245
2025-09-24 13:30:00,1758745501.0,29.666666666666668,51.0,28.192666666666668,5.0,5.333333333333333,36.139,-120.36836766666666,,1,39,39.643809629282245
2025-09-24 14:30:00,1758749101.0,31.166666666666668,46.0,29.4845,5.5,5.5,36.1390025,-120.3683535,,1,39,40.479153876391635
2025-09-24 15:30:00,1758752701.0,31.33333333333333,43.16666666666666,33.62983333333333,6.333333333333333,6.666666666666667,36.1390545,-120.36838283333331,,1,39,43.322742653713014
2025-09-24 16:30:00,1758756301.0,31.166666666666668,39.0,32.525333333333336,2.1666666666666665,2.333333333333333,36.13905666666667,-120.368332,,1,39,40.87909847650857
2025-09-24 17:30:00,1758759901.0,29.5,44.5,26.706166666666665,1.8333333333333333,2.0,36.1390215,-120.36838033333332,,1,39,36.65734741333287
2025-09-24 18:30:00,1758763501.0,27.0,51.16666666666666,20.699166666666667,1.6666666666666667,2.0,36.139020833333326,-120.36840183333334,,1,39,32.14723638039578
2025-09-24 19:30:00,1758767101.0,25.33333333333333,57.5,11.143166666666666,2.0,2.333333333333333,36.13905016666667,-120.368342,,1,39,25.393387480358996
2025-09-25 10:30:00,1758821700.0,26.33333333333333,59.66666666666666,15.939166666666669,0.5,0.5,36.1390235,-120.36838033333332,,1,39,29.59251324743287
2025-09-25 11:30:00,1758825300.0,26.5,54.833333333333336,20.278166666666667,0.5,0.5,36.139034333333335,-120.36835216666668,,1,39,32.03278560685868
2025-09-25 12:30:00,1758828900.0,31.166666666666668,43.0,26.73333333333333,0.1666666666666666,0.1666666666666666,36.13900633333333,-120.368352,,1,39,36.90360380771281
2025-09-25 13:30:00,1758832500.0,33.5,37.66666666666666,32.202666666666666,3.333333333333333,3.333333333333333,36.139003,-120.36835733333334,,1,39,41.725498707639844
2025-09-25 14:30:00,1758836100.0,27.666666666666668,54.333333333333336,31.989166666666662,3.1666666666666665,3.5,36.13902733333333,-120.36833966666669,,1,39,41.80871272578982
2025-09-25 15:30:00,1758839700.0,28.33333333333333,55.833333333333336,27.8305,2.0,2.1666666666666665,36.139023,-120.36837266666667,,1,39,39.06952648604112
2025-09-25 16:30:00,1758843300.0,32.0,40.5,32.847,0.5,0.5,36.13902483333333,-120.36836,,1,39,41.49678910633871
2025-09-25 17:30:00,1758846900.0,30.666666666666668,41.833333333333336,31.380166666666668,0.1666666666666666,0.5,36.1390115,-120.3683955,,1,39,39.95888859167739
2025-09-25 18:30:00,1758850500.0,29.0,48.16666666666666,24.829166666666666,1.1666666666666667,1.1666666666666667,36.1390405,-120.36838533333334,,1,39,35.552640591566856
2025-09-25 19:30:00,1758854100.0,26.83333333333333,51.16666666666666,26.40133333333333,1.1666666666666667,1.1666666666666667,36.13903883333333,-120.36836633333331,,1,39,36.23052798322603
2025-09-25 20:30:00,1758857700.0,24.83333333333333,62.0,15.947666666666665,1.5,2.0,36.13900066666667,-120.3683295,,1,39,29.518727404250875
2025-09-25 21:30:00,1758861300.0,23.666666666666668,62.0,13.900666666666666,0.3333333333333333,0.8333333333333334,36.13903366666667,-120.36844483333334,,1,39,27.202126688637016
2025-09-25 22:30:00,1758864900.0,22.83333333333333,64.0,14.538666666666666,1.6666666666666667,1.6666666666666667,36.13902216666667,-120.36837,,1,39,27.841394688085742
2025-09-26 00:30:00,1758871500.0,21.0,62.75,10.5795,1.25,1.75,36.1389745,-120.36837975,,1,39,23.705266075313794
2025-09-26 09:30:00,1758904501.0,25.25,46.25,11.3815,3.0,3.5,36.138977,-120.36839075,,1,39,23.629816630973757
2025-09-26 10:30:00,1758907501.0,27.5,43.16666666666666,21.386,1.6666666666666667,2.0,36.13902183333334,-120.368393,,1,39,31.418799661777378
2025-09-26 11:30:00,1758911101.0,29.666666666666668,37.0,27.750833333333333,3.1666666666666665,3.333333333333333,36.1390495,-120.368308,,1,39,36.365241029826386
2025-09-26 12:30:00,1758914701.0,32.0,34.333333333333336,30.848,3.0,3.0,36.13901766666667,-120.36834583333332,,1,39,39.29372553418728
2025-09-26 13:30:00,1758918301.0,33.166666666666664,32.166666666666664,35.01866666666667,1.5,2.0,36.13899666666666,-120.36835866666668,,1,39,42.36794227511058
2025-09-26 14:30:00,1758922200.7142856,33.285714285714285,31.142857142857142,37.77528571428572,2.142857142857143,2.2857142857142856,36.13898414285715,-120.36841371428572,,1,39,44.39052650151557
2025-09-26 15:30:00,1758926100.0,34.0,30.5,38.76283333333333,3.6666666666666665,4.0,36.13904216666666,-120.36835633333334,,1,39,45.64995514356007
2025-09-26 16:30:00,1758929700.0,33.666666666666664,32.666666666666664,44.129333333333335,4.166666666666667,4.666666666666667,36.13904516666667,-120.3683675,,1,39,50.02298109035981
2025-09-26 17:30:00,1758933300.0,31.666666666666668,36.0,42.59466666666667,4.0,4.666666666666667,36.1390065,-120.36838416666666,,1,39,48.495715116469036
2025-09-26 18:30:00,1758936900.0,28.83333333333333,40.5,34.152833333333334,5.0,5.166666666666667,36.13903633333333,-120.3683535,,1,39,41.74304121413645
2025-09-26 19:30:00,1758940500.0,26.166666666666668,49.16666666666666,20.018833333333333,5.5,5.833333333333333,36.13905966666667,-120.36837383333334,,1,39,31.539645444377193
2025-09-27 08:30:00,1758987300.0,24.83333333333333,53.66666666666666,14.847333333333331,7.333333333333333,7.833333333333333,36.13901333333333,-120.3683765,,1,39,28.18171554232613
2025-09-27 09:30:00,1758990900.0,28.666666666666668,42.333333333333336,25.89816666666667,6.166666666666667,6.666666666666667,36.13900366666667,-120.36835883333332,,1,39,36.03989342442467
2025-09-27 10:30:00,1758994500.0,31.666666666666668,36.0,32.85733333333334,5.5,5.833333333333333,36.1390355,-120.36836616666666,,1,39,41.42330695560127
2025-09-27 11:30:00,1758998100.0,33.5,33.333333333333336,37.054833333333335,5.0,5.333333333333333,36.13901216666667,-120.36838,,1,39,44.88767302909344
2025-09-27 12:30:00,1759001700.0,34.5,33.333333333333336,36.31983333333333,4.333333333333333,4.333333333333333,36.1389885,-120.36835866666668,,1,39,44.67872530649186
2025-09-27 13:30:00,1759005300.0,35.0,32.333333333333336,37.777,4.0,4.333333333333333,36.139010500000005,-120.3683765,,1,39,45.80009836881194
2025-09-27 14:30:00,1759008900.0,34.0,34.5,36.90533333333333,3.333333333333333,3.6666666666666665,36.139013166666665,-120.368379,,1,39,44.940183721827715
2025-09-27 15:30:00,1759012500.0,32.5,38.16666666666666,34.2775,3.1666666666666665,3.333333333333333,36.13900483333334,-120.3683625,,1,39,42.87108578075684
2025-09-27 16:30:00,1759016100.0,31.33333333333333,40.66666666666666,32.03216666666667,2.1666666666666665,2.333333333333333,36.13902466666666,-120.36834583333332,,1,39,40.90061060989096
2025-09-27 17:30:00,1759019700.0,28.166666666666668,47.333333333333336,30.632166666666667,2.333333333333333,2.5,36.13903483333333,-120.36834833333334,,1,39,39.569076393569375
2025-09-27 18:30:00,1759023300.0,25.33333333333333,55.0,28.848333333333333,3.1666666666666665,3.333333333333333,36.13899216666666,-120.36838133333332,,1,39,38.41759126086122
2025-09-27 19:30:00,1759026900.0,24.0,58.66666666666666,26.47683333333333,4.0,4.166666666666667,36.139050833333336,-120.36835733333334,,1,39,36.81488359481732
2025-09-27 20:30:00,1759030500.0,23.166666666666668,60.16666666666666,22.15883333333333,4.0,4.0,36.139027500000005,-120.3683585,,1,39,33.429513058319344
2025-09-27 21:30:00,1759034100.0,22.5,62.333333333333336,16.699833333333334,4.333333333333333,4.666666666666667,36.13901583333333,-120.36839016666666,,1,39,29.49427082866871
2025-09-27 22:30:00,1759037700.0,22.33333333333333,62.5,17.370166666666666,4.0,4.166666666666667,36.138988000000005,-120.36838633333332,,1,39,29.873668057961616
2025-09-28 03:30:00,1759055700.0,19.666666666666668,71.5,18.979166666666668,2.833333333333333,3.333333333333333,36.139013166666665,-120.3683625,,1,39,31.270925206981545
2025-09-28 04:30:00,1759059300.0,19.0,74.0,20.922666666666668,2.333333333333333,2.833333333333333,36.1389935,-120.36835466666666,,1,39,32.78002839124567
2025-09-28 05:30:00,1759062900.0,18.5,76.83333333333333,12.823666666666666,4.166666666666667,4.5,36.1390405,-120.36834583333332,,1,39,27.29378446922123
2025-09-28 09:30:00,1759077300.0,24.666666666666668,57.16666666666666,24.401,0.6666666666666666,0.6666666666666666,36.13898783333333,-120.36837133333334,,1,39,34.69493499237844
2025-09-28 10:30:00,1759080900.0,25.666666666666668,53.16666666666666,28.186666666666667,0.0,0.0,36.138998,-120.3683575,,1,39,37.16402004344347
2025-09-28 11:30:00,1759084500.0,27.0,50.16666666666666,28.433666666666667,0.1666666666666666,0.3333333333333333,36.13902166666667,-120.36838416666669,,1,39,37.48773817383191
2025-09-28 12:30:00,1759088100.0,27.666666666666668,49.16666666666666,28.961166666666667,0.3333333333333333,0.6666666666666666,36.139027,-120.368375,,1,39,38.06786691925881
2025-09-28 13:30:00,1759091700.0,28.166666666666668,47.833333333333336,28.862166666666667,1.0,1.0,36.13900816666666,-120.36836133333334,,1,39,38.081264507268166
2025-09-28 14:30:00,1759095300.0,28.166666666666668,47.5,28.94883333333333,0.5,1.0,36.13899166666666,-120.3683865,,1,39,38.036904158210824
2025-09-28 15:30:00,1759098600.0,28.0,47.6,28.7264,0.4,0.8,36.1390228,-120.368402,,1,39,37.78067058060257
2025-09-28 16:30:00,1759102500.0,27.5,48.16666666666666,28.3055,0.6666666666666666,1.0,36.138994833333335,-120.36837766666667,,1,39,37.3671980736124
2025-09-28 17:30:00,1759106100.0,25.33333333333333,52.66666666666666,28.477,1.0,1.0,36.13903033333333,-120.36834466666666,,1,39,37.30407787594948
2025-09-28 18:30:00,1759109700.0,23.5,56.5,26.5005,23.666666666666668,24.166666666666668,36.13901,-120.3683395,,1,39,39.719921413411186
2025-09-28 19:30:00,1759113300.0,22.83333333333333,59.5,23.088833333333337,26.166666666666668,26.83333333333333,36.13905533333334,-120.36837916666668,,1,39,37.84970185576119
2025-09-28 20:30:00,1759116900.0,21.666666666666668,62.833333333333336,21.59583333333333,3.0,3.1666666666666665,36.13901633333334,-120.368407,,1,39,32.60405863913494
2025-09-28 21:30:00,1759120500.0,21.0,65.0,18.707,0.3333333333333333,0.6666666666666666,36.13902616666667,-120.3683765,,1,39,30.049858578552033
2025-09-28 22:30:00,1759124100.0,20.0,70.0,10.226833333333332,0.6666666666666666,1.3333333333333333,36.1389845,-120.36830383333334,,1,39,24.210056332622273
2025-09-29 04:30:00,1759145700.0,17.833333333333332,77.5,15.857,4.333333333333333,4.333333333333333,36.13902783333334,-120.36836983333336,,1,40,29.71505743935083
2025-09-29 05:30:00,1759149300.0,18.666666666666668,76.33333333333333,17.825,2.833333333333333,3.1666666666666665,36.139025333333336,-120.368374,,1,40,31.144180310098584
2025-09-29 09:30:00,1759163700.0,20.83333333333333,70.0,13.712666666666664,6.333333333333333,6.833333333333333,36.13899866666667,-120.368374,,1,40,28.576507243575925
2025-09-29 10:30:00,1759167300.0,22.666666666666668,62.66666666666666,18.95683333333333,6.166666666666667,6.333333333333333,36.138998666666666,-120.368374,,1,40,31.98982127105532
2025-09-29 11:30:00,1759170900.0,24.166666666666668,59.0,25.4735,3.1666666666666665,3.333333333333333,36.1390395,-120.36832166666666,,1,40,36.400466128344156
2025-09-29 12:30:00,1759174500.0,25.0,56.66666666666666,27.03333333333333,2.0,2.1666666666666665,36.13904766666666,-120.36834483333332,,1,40,37.337524454727024
2025-09-29 13:30:00,1759178100.0,25.0,55.5,26.010666666666665,1.5,1.5,36.1390065,-120.36832416666664,,1,40,36.24931210203971
2025-09-29 14:30:00,1759181700.0,25.0,54.16666666666666,27.17033333333333,1.5,1.8333333333333333,36.13900366666667,-120.36839566666669,,1,40,36.89981767196489
2025-09-29 15:30:00,1759185001.0,25.6,51.8,29.7578,1.4,1.8,36.1389756,-120.3683566,,1,40,38.6838939001496
2025-09-29 16:30:00,1759188301.0,27.166666666666668,46.5,30.88083333333333,1.0,1.0,36.13901783333333,-120.36836366666668,,1,40,39.20320322668722
2025-09-29 17:30:00,1759191901.0,25.33333333333333,50.0,31.237,1.3333333333333333,1.3333333333333333,36.13901966666666,-120.36837533333332,,1,40,39.28372104159319
2025-09-29 18:30:00,1759195501.0,22.5,57.833333333333336,28.8425,1.8333333333333333,2.5,36.13902016666666,-120.36838416666669,,1,40,37.70094379266642
2025-09-29 19:30:00,1759199101.0,21.166666666666668,60.0,28.846666666666668,3.1666666666666665,3.5,36.139031,-120.36835866666668,,1,40,37.66432362820881
2025-09-29 20:30:00,1759202701.0,20.0,60.333333333333336,29.02116666666667,4.0,4.0,36.13900433333333,-120.3683765,,1,40,37.40681438121128
2025-09-29 21:30:00,1759206301.0,20.0,61.5,29.192666666666668,4.5,4.833333333333333,36.13899766666666,-120.36838166666666,,1,40,37.86978421072643
2025-09-29 22:30:00,1759209901.0,19.83333333333333,62.5,27.031666666666663,4.833333333333333,5.666666666666667,36.1390255,-120.36837516666668,,1,40,36.45275870998536
2025-09-29 23:30:00,1759213501.0,19.0,64.5,23.96783333333333,5.333333333333333,6.0,36.13901383333333,-120.36838533333334,,1,40,34.1914256497425
2025-09-30 00:30:00,1759217101.0,18.0,69.16666666666667,16.722666666666665,5.0,5.5,36.13901833333333,-120.368392,,1,40,29.056300641048182
2025-09-30 01:30:00,1759220701.0,18.33333333333333,66.66666666666667,17.2715,5.5,6.166666666666667,36.13902100000001,-120.36835733333334,,1,40,29.26945136030821
2025-09-30 02:30:00,1759224301.0,17.666666666666668,69.33333333333333,12.984166666666669,6.166666666666667,6.833333333333333,36.13901966666666,-120.36835866666668,,1,40,26.338716688865404
2025-09-30 09:30:00,1759249501.0,24.0,53.16666666666666,19.753,4.833333333333333,5.5,36.138986,-120.3683955,,1,40,31.27638067518592
2025-09-30 10:30:00,1759253101.0,26.166666666666668,47.16666666666666,24.540166666666664,3.8333333333333335,4.166666666666667,36.13902466666666,-120.36835366666668,,1,40,34.60931839841469
2025-09-30 11:30:00,1759256701.0,25.83333333333333,47.66666666666666,24.942,3.0,3.5,36.13906216666667,-120.36838266666666,,1,40,34.70618847646488
2025-09-30 12:30:00,1759260301.0,28.166666666666668,41.16666666666666,24.63,0.1666666666666666,0.1666666666666666,36.13904183333333,-120.3683675,,1,40,33.85764793666356
2025-09-30 13:30:00,1759263901.0,29.5,37.16666666666666,25.632,0.0,0.0,36.13904016666667,-120.368379,,1,40,34.48880934950618
2025-09-30 14:30:00,1759267501.0,29.666666666666668,36.0,26.613,0.0,0.0,36.13903966666667,-120.368407,,1,40,35.089941435032614
2025-09-30 15:30:00,1759271101.0,30.0,33.166666666666664,27.251166666666663,0.0,0.0,36.13902366666667,-120.36834866666668,,1,40,35.20502876801732
2025-09-30 16:30:00,1759274701.0,29.5,34.333333333333336,27.824,0.0,0.0,36.13904866666667,-120.36841433333336,,1,40,35.6074738426314
2025-09-30 17:30:00,1759278301.0,27.5,40.833333333333336,25.48933333333333,0.0,0.0,36.13902916666667,-120.36837116666668,,1,40,34.08468526403368
2025-09-30 18:30:00,1759281901.0,24.5,49.333333333333336,23.25,0.0,0.0,36.139005,-120.3683905,,1,40,32.51601245211769
2025-09-30 19:30:00,1759285501.0,22.83333333333333,56.5,20.39583333333333,0.0,0.0,36.13903233333333,-120.36836766666666,,1,40,30.89045088288428
2025-09-30 20:30:00,1759289101.0,22.0,59.333333333333336,18.891666666666666,0.0,0.0,36.13902733333333,-120.36833316666667,,1,40,29.88018510197717
2025-09-30 21:30:00,1759292701.0,21.0,62.66666666666666,17.091833333333334,0.0,0.0,36.13900233333333,-120.36836883333336,,1,40,28.659337041855792
2025-09-30 22:30:00,1759296301.0,20.33333333333333,64.66666666666667,17.3395,0.0,0.0,36.13901016666667,-120.36839666666668,,1,40,28.891092032428666
2025-09-30 23:30:00,1759299901.0,19.5,67.5,13.522166666666664,0.0,0.0,36.13899116666667,-120.368384,,1,40,26.14379370351184
2025-10-01 09:30:00,1759335901.0,23.666666666666668,50.833333333333336,18.713833333333334,0.0,0.0,36.13903616666666,-120.36838533333334,,1,40,28.98073980727147
2025-10-01 10:30:00,1759339501.0,26.166666666666668,44.833333333333336,23.491333333333333,0.0,0.0,36.1390325,-120.36836,,1,40,32.675869651244334
2025-10-01 11:30:00,1759343101.0,27.166666666666668,43.0,26.0575,0.0,0.0,36.139040666666666,-120.36836133333333,,1,40,34.75138368700294
2025-10-01 12:30:00,1759346701.0,29.166666666666668,38.16666666666666,27.8775,0.0,0.0,36.13902466666666,-120.36837116666668,,1,40,36.19791577599541
2025-10-01 13:30:00,1759350301.0,30.666666666666668,32.666666666666664,29.924666666666667,0.0,0.0,36.13903866666666,-120.36837,,1,40,37.446074619658354
2025-10-01 14:30:00,1759353901.0,32.166666666666664,30.33333333333333,30.93733333333333,0.0,0.0,36.13904816666667,-120.36840183333334,,1,40,38.50681830975454
2025-10-01 15:30:00,1759357501.0,32.0,31.166666666666668,32.379999999999995,0.0,0.0,36.1390055,-120.3684185,,1,40,39.66365212777682
2025-10-01 16:30:00,1759361101.0,31.5,30.33333333333333,33.03633333333334,0.0,0.0,36.13901633333334,-120.36840583333334,,1,40,39.75653182157999
2025-10-01 17:30:00,1759364701.0,29.166666666666668,33.666666666666664,32.381166666666665,0.0,0.0,36.13893066666667,-120.36838666666668,,1,40,38.74226286526386
2025-10-01 18:30:00,1759368301.0,26.666666666666668,40.0,26.4545,0.0,0.0,36.1390195,-120.368332,,1,40,34.24623087555121
2025-10-01 19:30:00,1759371901.0,25.0,46.0,17.473833333333335,0.0,0.0,36.13905383333333,-120.36839533333334,,1,40,27.802923480638377
2025-10-01 20:30:00,1759375501.0,22.5,52.16666666666666,10.692166666666663,0.0,0.1666666666666666,36.13905466666667,-120.36836616666666,,1,40,22.64774803703041
2025-10-01 22:30:00,1759382701.0,20.5,55.66666666666666,10.113,0.1666666666666666,0.1666666666666666,36.13897966666666,-120.36830783333332,,1,40,21.900618286771987
2025-10-02 09:30:00,1759422301.0,23.83333333333333,49.0,12.891,0.1666666666666666,0.6666666666666666,36.13901766666667,-120.3684045,,1,40,24.420065716696072
2025-10-02 10:30:00,1759425901.0,27.33333333333333,42.0,22.26683333333333,0.0,0.0,36.13901583333333,-120.3683955,,1,40,31.80033747577776
2025-10-02 11:30:00,1759429501.0,29.666666666666668,38.16666666666666,27.566666666666663,0.0,0.0,36.13904766666666,-120.36836366666668,,1,40,36.20937156223494
2025-10-02 12:30:00,1759433101.0,31.33333333333333,35.5,30.664,0.0,0.0,36.13903883333333,-120.36836616666666,,1,40,38.855138531562574
2025-10-02 13:30:00,1759436881.0,29.6,40.8,22.3794,0.0,0.0,36.139025200000006,-120.3683898,,1,40,32.77158705539152
2025-10-02 14:30:00,1759440301.0,30.83333333333333,39.5,18.505166666666668,0.0,0.0,36.13902466666666,-120.36837383333334,,1,40,30.22433850414314
2025-10-02 15:30:00,1759443901.0,28.83333333333333,42.66666666666666,17.939,0.0,0.0,36.139007166666666,-120.36837633333334,,1,40,29.40912734386702
2025-10-02 16:30:00,1759447501.0,27.0,51.16666666666666,17.3775,0.0,0.0,36.139025333333336,-120.3684055,,1,40,29.671759474603903
2025-10-02 17:30:00,1759451101.0,25.666666666666668,56.0,17.949333333333332,0.0,0.0,36.13905416666667,-120.3684145,,1,40,30.34782758558955
2025-10-02 18:30:00,1759454701.0,23.33333333333333,64.66666666666667,14.878833333333333,0.0,0.0,36.139036833333336,-120.3683575,,1,40,28.51252115676936
2025-10-02 19:30:00,1759458301.0,23.0,59.66666666666666,18.282833333333333,0.0,0.0,36.13903916666666,-120.3683155,,1,40,29.97477835498087
2025-10-02 20:30:00,1759461901.0,22.33333333333333,58.5,21.359,0.0,0.0,36.139032500000006,-120.368341,,1,40,31.741121807483957
2025-10-02 21:30:00,1759465501.0,20.5,67.0,14.754166666666668,0.5,1.1666666666666667,36.13901516666667,-120.3683775,,1,40,27.610498313604445
2025-10-02 22:30:00,1759469101.0,19.0,67.16666666666667,15.419666666666666,0.5,0.6666666666666666,36.1389685,-120.36838166666666,,1,40,27.364875129268242
2025-10-02 23:30:00,1759472701.0,18.33333333333333,64.0,19.2365,0.0,0.0,36.1389645,-120.36841716666667,,1,40,29.212039157496093
2025-10-03 00:30:00,1759476301.0,16.833333333333332,69.16666666666667,15.058833333333332,0.0,0.1666666666666666,36.139007166666666,-120.368402,,1,40,26.315899814126148
2025-10-03 08:30:00,1759505101.0,19.33333333333333,62.833333333333336,12.747333333333332,0.0,0.0,36.13903616666666,-120.36837766666667,,1,40,24.61169648002936
2025-10-03 09:30:00,1759508701.0,21.33333333333333,52.66666666666666,20.423666666666666,0.0,0.0,36.13900133333333,-120.36835216666668,,1,40,29.463225547701292
2025-10-03 10:30:00,1759512301.0,23.33333333333333,43.0,23.907666666666668,0.0,0.0,36.13903416666667,-120.3683625,,1,40,31.259661387768254
2025-10-03 11:30:00,1759515901.0,23.5,39.16666666666666,27.283,0.0,0.0,36.13904383333333,-120.368351,,1,40,33.16241904302385
2025-10-03 12:30:00,1759519501.0,24.5,37.66666666666666,27.109333333333336,0.0,0.0,36.1389905,-120.368318,,1,40,33.24254727873008
2025-10-03 13:30:00,1759523101.0,25.83333333333333,35.0,27.616,0.0,0.0,36.1390475,-120.36838933333333,,1,40,33.779650730097664
2025-10-03 14:30:00,1759526701.0,25.166666666666668,33.5,29.56883333333333,0.0,0.0,36.139039333333336,-120.36837516666668,,1,40,34.640401711140996
2025-10-03 15:30:00,1759530301.0,24.5,34.333333333333336,29.81733333333333,0.0,0.0,36.139009,-120.3683815,,1,40,34.65562599203911
2025-10-03 16:30:00,1759533901.0,23.83333333333333,35.333333333333336,29.622,0.0,0.0,36.139020333333335,-120.36838666666668,,1,40,34.36858365384022
2025-10-03 17:30:00,1759537501.0,23.0,35.0,30.909166666666668,0.0,0.0,36.13900533333334,-120.36837366666668,,1,40,34.86499666859008
2025-10-03 18:30:00,1759541101.0,21.166666666666668,42.16666666666666,29.5645,0.0,0.0,36.13902266666667,-120.368365,,1,40,34.29134447809951
2025-10-03 19:30:00,1759544701.0,19.666666666666668,48.66666666666666,24.85683333333333,0.0,0.0,36.13903233333333,-120.36834716666664,,1,40,31.231463251666526
2025-10-03 20:30:00,1759548301.0,17.5,55.16666666666666,17.021166666666666,0.0,0.0,36.13902216666667,-120.3683715,,1,40,25.49617018431885
2025-10-04 09:30:00,1759595101.0,20.666666666666668,51.0,19.203333333333333,0.0,0.0,36.1390445,-120.36838666666668,,1,40,27.91011948209436
2025-10-04 10:30:00,1759598701.0,23.666666666666668,46.5,24.258333333333336,0.0,0.0,36.1390495,-120.36833316666667,,1,40,32.33770506292243
2025-10-04 11:30:00,1759602301.0,25.0,43.833333333333336,25.787666666666667,0.0,0.0,36.13905066666667,-120.36834366666666,,1,40,33.642762380893345
2025-10-04 12:30:00,1759605901.0,26.166666666666668,40.333333333333336,26.851333333333333,0.0,0.0,36.139040666666666,-120.36835333333332,,1,40,34.36140001420379
2025-10-04 13:30:00,1759609501.0,27.166666666666668,39.0,26.984,0.0,0.0,36.13902983333333,-120.368388,,1,40,34.702586329897336
2025-10-04 14:30:00,1759613101.0,27.83333333333333,38.333333333333336,27.049833333333336,0.0,0.0,36.13902466666667,-120.36839666666668,,1,40,34.954427590785265
2025-10-04 15:30:00,1759616701.0,28.166666666666668,36.333333333333336,27.57466666666667,0.0,0.0,36.139010166666665,-120.36836383333332,,1,40,35.139520991344355
2025-10-04 16:30:00,1759620301.0,28.0,36.16666666666666,27.217166666666667,0.0,0.0,36.13906666666667,-120.36835466666666,,1,40,34.758416617532454
2025-10-04 17:30:00,1759623901.0,25.5,39.0,27.206666666666667,0.3333333333333333,0.3333333333333333,36.13903116666666,-120.36837766666667,,1,40,34.11300873460434
2025-10-04 18:30:00,1759627501.0,22.83333333333333,44.16666666666666,26.13383333333333,0.1666666666666666,0.1666666666666666,36.13900566666667,-120.36838133333332,,1,40,32.93337377345741
2025-10-04 19:30:00,1759631101.0,21.33333333333333,47.5,22.7975,0.8333333333333334,1.1666666666666667,36.13901233333333,-120.36836633333331,,1,40,30.46060045967365
2025-10-04 20:30:00,1759634701.0,19.5,53.16666666666666,18.713666666666665,7.833333333333333,8.333333333333334,36.13903283333334,-120.368389,,1,40,28.813202216255895
2025-10-04 21:30:00,1759638301.0,17.833333333333332,61.333333333333336,12.119833333333332,100.0,103.16666666666669,36.139014,-120.36836633333331,,1,40,41.22639771785486
2025-10-05 09:30:00,1759681501.0,22.83333333333333,46.333333333333336,19.7265,1.0,1.3333333333333333,36.139028,-120.36833716666666,,1,40,28.701666905381693
2025-10-05 10:30:00,1759685101.0,26.0,41.0,31.139166666666668,1.5,1.6666666666666667,36.13901383333333,-120.36831933333332,,1,40,37.905193469746386
2025-10-05 11:30:00,1759688701.0,27.166666666666668,39.0,32.60216666666667,1.0,1.0,36.139014,-120.36836383333332,,1,40,39.09980276953914
2025-10-05 12:30:00,1759692600.857143,27.857142857142858,36.85714285714285,35.134,0.4285714285714285,0.7142857142857143,36.139021,-120.3683582857143,,1,40,40.86229401152394
2025-10-05 13:30:00,1759696500.0,28.33333333333333,34.666666666666664,36.7645,0.0,0.0,36.1390445,-120.368365,,1,40,41.81186759379675
2025-10-05 14:30:00,1759700100.0,29.5,32.166666666666664,36.10016666666667,0.0,0.1666666666666666,36.1389845,-120.36836366666668,,1,40,41.43295399137177
2025-10-05 15:30:00,1759703700.0,30.0,30.83333333333333,36.62866666666667,0.0,0.0,36.139015,-120.3683855,,1,40,41.81258742131616
2025-10-05 16:30:00,1759707300.0,30.0,30.83333333333333,36.84483333333333,0.0,0.1666666666666666,36.13902366666667,-120.36839066666668,,1,40,41.988840426456846
2025-10-05 17:30:00,1759710900.0,27.0,35.666666666666664,35.92433333333333,3.0,3.0,36.138989,-120.3683905,,1,40,41.2491582340206
2025-10-05 18:30:00,1759714500.0,24.5,42.16666666666666,27.64283333333333,11.166666666666666,11.666666666666666,36.13900683333333,-120.36835716666668,,1,40,36.514141425689836
2025-10-05 19:30:00,1759718100.0,21.666666666666668,49.833333333333336,14.408166666666666,11.166666666666666,12.0,36.1390355,-120.36833466666668,,1,40,26.643077548502745
2025-10-06 09:30:00,1759768500.0,25.83333333333333,42.5,26.049166666666668,1.6666666666666667,1.6666666666666667,36.1390075,-120.368351,,0,41,34.64029847081149
2025-10-06 10:30:00,1759772100.0,28.5,35.833333333333336,32.53716666666667,1.5,1.5,36.13898016666666,-120.36835716666668,,0,41,39.54770768290972
2025-10-06 11:30:00,1759775700.0,30.0,34.0,33.36366666666667,1.5,1.8333333333333333,36.13901333333333,-120.36837016666668,,0,41,40.58957255880735
2025-10-06 12:30:00,1759779300.0,30.83333333333333,31.83333333333333,35.24783333333333,1.0,1.1666666666666667,36.13900133333333,-120.36834583333332,,0,41,41.906180197126936
2025-10-06 13:30:00,1759782900.0,32.166666666666664,29.0,36.86066666666667,0.6666666666666666,0.8333333333333334,36.1390125,-120.368374,,0,41,43.183467630332444
2025-10-06 14:30:00,1759786500.0,33.0,25.5,38.61033333333334,0.0,0.0,36.138984666666666,-120.368393,,0,41,44.12117076893178
2025-10-06 15:30:00,1759790100.0,33.333333333333336,23.33333333333333,40.327333333333335,0.0,0.0,36.13901783333333,-120.36837633333334,,0,41,45.17047877767671
2025-10-06 16:30:00,1759793700.0,33.0,23.0,40.65633333333333,0.0,0.0,36.138973166666666,-120.36839533333334,,0,41,45.19224379478617
2025-10-06 17:30:00,1759797300.0,30.166666666666668,25.83333333333333,39.755833333333335,0.0,0.0,36.13902483333333,-120.36836866666664,,0,41,43.65580823593141
2025-10-06 18:30:00,1759800900.0,26.666666666666668,33.333333333333336,28.178166666666662,0.3333333333333333,0.5,36.13905733333333,-120.36838016666668,,0,41,34.71704728180305
2025-10-06 19:30:00,1759804500.0,22.666666666666668,41.16666666666666,14.706666666666663,0.1666666666666666,0.5,36.139036833333336,-120.36831033333334,,0,41,24.084143286608963
2025-10-07 09:30:00,1759854900.0,26.0,35.0,25.43816666666667,0.1666666666666666,0.5,36.13906683333333,-120.3683675,,0,41,32.62742206602082
2025-10-07 10:30:00,1759858500.0,29.0,30.83333333333333,31.843166666666665,0.3333333333333333,0.6666666666666666,36.13904316666667,-120.36831666666669,,0,41,38.16053674194495
2025-10-07 11:30:00,1759862100.0,30.666666666666668,28.33333333333333,35.13066666666666,0.6666666666666666,0.6666666666666666,36.139089000000006,-120.36831666666669,,0,41,41.011726089493834
2025-10-07 12:30:00,1759865700.0,32.666666666666664,26.0,38.5205,0.5,1.0,36.139058,-120.368346,,0,41,44.114486667557564
2025-10-07 13:30:00,1759869300.0,35.0,21.33333333333333,39.866166666666665,0.0,0.0,36.13903366666667,-120.36836616666666,,0,41,45.26814106677188
2025-10-07 14:30:00,1759872900.0,35.666666666666664,19.5,40.0005,0.0,0.0,36.13904016666667,-120.36835716666668,,0,41,45.35426473236593
2025-10-07 15:30:00,1759876500.0,35.833333333333336,19.0,41.8125,0.0,0.0,36.13901766666667,-120.3683585,,0,41,46.70351133334632
2025-10-07 16:30:00,1759880100.0,34.833333333333336,19.0,43.19083333333333,0.0,0.0,36.13898083333333,-120.36839183333332,,0,41,47.248805522663055
2025-10-07 17:30:00,1759883700.0,32.0,22.166666666666668,42.79516666666667,0.0,0.0,36.13905033333334,-120.36840566666666,,0,41,46.15351054495434
2025-10-07 18:30:00,1759887300.0,28.33333333333333,28.33333333333333,33.997166666666665,2.6666666666666665,2.833333333333333,36.13904466666666,-120.3683955,,0,41,39.3884427274283
2025-10-07 19:30:00,1759890900.0,24.33333333333333,35.5,18.106166666666667,30.666666666666668,31.83333333333333,36.1390795,-120.36836883333332,,0,41,31.90775930396152
2025-10-07 20:30:00,1759894500.0,22.666666666666668,37.5,13.957666666666666,47.16666666666666,48.16666666666666,36.138968,-120.3683675,,0,41,31.27741647771674
2025-10-07 21:30:00,1759898100.0,21.0,43.333333333333336,11.689166666666669,8.666666666666666,9.5,36.13901533333333,-120.36839033333332,,0,41,22.963023363641
2025-10-08 08:30:00,1759937700.0,22.5,44.333333333333336,27.179666666666662,1.8333333333333333,2.333333333333333,36.13902333333333,-120.36838416666669,,0,41,34.269506785598054
2025-10-08 09:30:00,1759941300.0,25.666666666666668,38.0,35.97266666666667,0.8333333333333334,1.1666666666666667,36.1390205,-120.3683585,,0,41,41.052178936069524
2025-10-08 10:30:00,1759944900.0,27.33333333333333,35.166666666666664,37.141333333333336,0.0,0.0,36.13905266666666,-120.36839416666668,,0,41,42.042145842539355
2025-10-08 11:30:00,1759948500.0,28.666666666666668,31.666666666666668,37.88666666666666,0.0,0.1666666666666666,36.13904616666667,-120.36838133333332,,0,41,42.61728650896693
2025-10-08 12:30:00,1759952100.0,28.33333333333333,32.0,34.58683333333334,0.0,0.0,36.139003,-120.36837533333332,,0,41,40.02420486307579
2025-10-08 13:30:00,1759955700.0,28.33333333333333,30.666666666666668,35.1415,0.0,0.0,36.1390165,-120.36830516666669,,0,41,40.19254337223049
2025-10-08 14:30:00,1759959300.0,28.5,31.0,35.190999999999995,0.0,0.0,36.13904716666666,-120.36839166666668,,0,41,40.373382822069495
2025-10-08 15:30:00,1759962900.0,28.0,31.0,34.572,0.0,0.0,36.13902216666667,-120.36836866666664,,0,41,39.663684757182644
2025-10-08 16:30:00,1759966500.0,27.0,31.83333333333333,35.19566666666667,0.0,0.0,36.139027166666665,-120.3683725,,0,41,39.797386826542855
2025-10-08 17:30:00,1759970100.0,24.83333333333333,36.0,34.00816666666667,0.6666666666666666,0.6666666666666666,36.13900733333333,-120.36839033333332,,0,41,38.739007519519916
2025-10-08 18:30:00,1759973700.0,22.0,42.333333333333336,32.86933333333334,6.5,6.833333333333333,36.13901066666667,-120.36837766666667,,0,41,38.743304094527296
2025-10-08 19:30:00,1759977300.0,20.33333333333333,46.66666666666666,31.28383333333333,1.0,1.6666666666666667,36.13901,-120.36837133333334,,0,41,36.589966766533074
2025-10-08 20:30:00,1759980900.0,19.666666666666668,47.333333333333336,30.67333333333333,0.8333333333333334,0.8333333333333334,36.13903166666667,-120.36835733333334,,0,41,35.843686751025416
2025-10-08 21:30:00,1759984500.0,19.33333333333333,46.5,30.065,0.0,0.0,36.13900633333333,-120.36839166666668,,0,41,34.91988439818835
2025-10-08 22:30:00,1759988100.0,18.5,51.0,28.36,0.0,0.0,36.13903116666666,-120.36838783333332,,0,41,34.069029847821696
2025-10-08 23:30:00,1759991700.0,16.833333333333332,56.16666666666666,21.57166666666667,0.0,0.0,36.13901766666667,-120.36837016666668,,0,41,29.11690552027742
2025-10-09 00:30:00,1759995300.0,15.833333333333334,61.5,15.4065,0.3333333333333333,0.5,36.139013166666665,-120.36838533333334,,0,41,25.063630861787715
2025-10-09 01:30:00,1759998900.0,14.666666666666666,69.33333333333333,10.790166666666666,1.0,1.0,36.139049,-120.36839683333334,,0,41,22.58873524815626
2025-10-09 09:30:00,1760027700.0,20.666666666666668,50.16666666666666,18.3035,0.0,0.3333333333333333,36.13900383333333,-120.36839033333332,,0,41,27.451122288564385
2025-10-09 10:30:00,1760029800.0,23.0,45.0,23.034,0.0,0.0,36.139019,-120.368393,,0,41,31.156593739213683
2025-10-09 14:30:00,1760046900.0,29.0,32.0,31.0295,0.0,0.0,36.1390475,-120.368393,,0,41,37.67938112752493
2025-10-09 15:30:00,1760049300.0,29.0,32.0,32.29416666666666,0.0,0.0,36.13900783333333,-120.368375,,0,41,38.6290607135396
2025-10-09 16:30:00,1760052900.0,28.666666666666668,31.166666666666668,33.591833333333334,0.0,0.0,36.1390005,-120.368384,,0,41,39.28516216427725
2025-10-09 17:30:00,1760056500.0,26.0,36.16666666666666,32.865833333333335,0.0,0.0,36.139026666666666,-120.36839666666668,,0,41,38.36467855392366
2025-10-09 18:30:00,1760060100.0,23.33333333333333,42.16666666666666,26.5485,0.1666666666666666,0.1666666666666666,36.1390565,-120.36841983333332,,0,41,33.46133910575315
2025-10-09 19:30:00,1760063700.0,20.166666666666668,50.66666666666666,14.189666666666668,0.1666666666666666,0.8333333333333334,36.138994,-120.36836233333334,,0,41,24.267684539896585
2025-10-10 09:30:00,1760114100.0,21.666666666666668,49.333333333333336,21.796166666666664,1.0,1.0,36.1390345,-120.3683575,,0,41,30.559008099347892
2025-10-10 10:30:00,1760117700.0,23.5,45.66666666666666,25.686833333333336,1.3333333333333333,1.6666666666666667,36.138994833333335,-120.36835466666666,,0,41,33.78330764237195
2025-10-10 11:30:00,1760121300.0,25.5,43.5,29.538166666666665,1.5,1.6666666666666667,36.13904,-120.36835333333332,,0,41,37.26739091575484
2025-10-10 12:30:00,1760124900.0,26.666666666666668,40.16666666666666,32.36683333333333,0.3333333333333333,0.8333333333333334,36.13903116666667,-120.36835216666668,,0,41,39.162223483887615
2025-10-10 13:30:00,1760128500.0,28.166666666666668,37.5,32.819833333333335,0.6666666666666666,1.0,36.139055000000006,-120.36837633333332,,0,41,39.78617447931629
2025-10-10 14:30:00,1760132100.0,28.5,36.5,33.064,0.8333333333333334,1.0,36.13898983333333,-120.36840166666668,,0,41,39.962439051655835
2025-10-10 15:30:00,1760135700.0,29.0,36.0,32.750166666666665,0.8333333333333334,1.0,36.139027166666665,-120.36837766666667,,0,41,39.87857497388708
2025-10-10 16:30:00,1760139300.0,28.166666666666668,37.333333333333336,33.82216666666667,0.6666666666666666,1.0,36.1389925,-120.36836866666664,,0,41,40.5078370252366
2025-10-10 17:30:00,1760142900.0,25.166666666666668,42.333333333333336,32.91283333333333,0.3333333333333333,0.8333333333333334,36.13903833333333,-120.36837,,0,41,39.240911245631224
2025-10-10 18:30:00,1760146500.0,22.83333333333333,47.66666666666666,29.8955,0.8333333333333334,1.0,36.139034333333335,-120.3683625,,0,41,36.88640515689863
2025-10-10 19:30:00,1760150100.0,21.166666666666668,50.0,24.25183333333333,1.0,1.1666666666666667,36.13900683333333,-120.36837633333332,,0,41,32.296193654669366
2025-10-10 20:30:00,1760153700.0,19.33333333333333,54.66666666666666,17.647499999999997,1.1666666666666667,1.1666666666666667,36.1390325,-120.36836233333334,,0,41,27.32334913814313
2025-10-10 21:30:00,1760157300.0,17.5,59.833333333333336,13.425166666666668,1.3333333333333333,1.8333333333333333,36.13901,-120.36837016666668,,0,41,24.28799896250443
2025-10-10 22:30:00,1760160900.0,16.333333333333332,62.333333333333336,10.418166666666666,1.1666666666666667,1.5,36.13900866666667,-120.36834733333336,,0,41,21.880263015126637
2025-10-11 01:30:00,1760171700.0,14.833333333333334,66.83333333333333,10.013333333333334,0.0,0.3333333333333333,36.13904716666666,-120.36834983333334,,0,41,21.471175442851397
2025-10-11 09:30:00,1760200500.0,19.83333333333333,54.16666666666666,13.312166666666668,0.0,0.1666666666666666,36.13902916666667,-120.36837,,0,41,24.025459046509454
2025-10-11 10:30:00,1760204100.0,22.166666666666668,46.16666666666666,22.284166666666664,0.0,0.0,36.13899283333333,-120.36837633333334,,0,41,30.402557990965192
2025-10-11 11:30:00,1760207700.0,24.5,40.0,28.616333333333333,0.0,0.0,36.139012666666666,-120.36837016666668,,0,41,35.15249198647493
2025-10-11 12:30:00,1760211000.6,25.8,36.6,29.2462,0.0,0.0,36.1389872,-120.3682998,,0,41,35.629287272439264
2025-10-11 13:30:00,1760214301.0,27.0,32.5,29.733,0.0,0.0,36.1390215,-120.36839783333332,,0,41,35.81938108276037
2025-10-11 14:30:00,1760217901.0,27.166666666666668,27.666666666666668,32.06216666666666,0.0,0.0,36.139010166666665,-120.36838016666668,,0,41,36.750403820711355
2025-10-11 15:30:00,1760221501.0,26.5,25.666666666666668,33.61033333333334,0.0,0.0,36.13904216666666,-120.36834083333332,,0,41,37.21421029326889
2025-10-11 16:30:00,1760225101.0,25.33333333333333,26.166666666666668,32.884,0.0,0.0,36.139025333333336,-120.3683725,,0,41,36.19048490413532
2025-10-11 17:30:00,1760228701.0,23.33333333333333,29.33333333333333,32.062333333333335,0.0,0.0,36.139071,-120.36837016666668,,0,41,35.1834104326625
2025-10-11 18:30:00,1760232301.0,20.666666666666668,36.5,29.931833333333334,0.0,0.0,36.139085,-120.3683025,,0,41,33.611532428883734
2025-10-11 19:30:00,1760235901.0,18.5,42.66666666666666,24.68233333333333,0.0,0.0,36.13904766666666,-120.36838533333334,,0,41,29.756231832871315
2025-10-11 20:30:00,1760239501.0,16.0,48.833333333333336,15.351333333333336,0.0,0.0,36.138987166666666,-120.368379,,0,41,22.672752181616154
2025-10-11 21:30:00,1760243101.0,15.166666666666666,55.333333333333336,14.741666666666667,0.0,0.0,36.13901066666667,-120.36835116666668,,0,41,23.016687539192944
2025-10-11 22:30:00,1760246701.0,15.166666666666666,54.833333333333336,18.575666666666667,0.0,0.0,36.138989333333335,-120.3683815,,0,41,25.802696540396816
2025-10-11 23:30:00,1760250301.0,13.166666666666666,58.5,10.905666666666669,0.0,0.0,36.1390355,-120.368333,,0,41,19.746051524143247
2025-10-12 00:30:00,1760253901.0,12.333333333333334,61.66666666666666,11.310166666666667,0.0,0.0,36.13900483333333,-120.36837266666667,,0,41,20.231110714603787
2025-10-12 09:30:00,1760286301.0,19.33333333333333,39.16666666666666,17.383,0.0,0.0,36.1390615,-120.36840566666666,,0,41,24.031571949535333
2025-10-12 10:30:00,1760289901.0,22.0,33.5,24.286,0.0,0.0,36.13907733333334,-120.3683065,,0,41,29.46647758011565
2025-10-12 11:30:00,1760293501.0,24.5,26.166666666666668,30.37333333333333,0.0,0.0,36.13902783333334,-120.36836883333332,,0,41,33.89702529595177
2025-10-12 12:30:00,1760297101.0,26.33333333333333,25.33333333333333,29.938,0.0,0.0,36.1390075,-120.36838016666668,,0,41,34.31286673678768
2025-10-12 13:30:00,1760300701.0,27.166666666666668,24.83333333333333,28.680166666666665,0.0,0.0,36.139039333333336,-120.36839283333336,,0,41,33.68336930557685
2025-10-12 14:30:00,1760304301.0,27.666666666666668,23.666666666666668,29.7415,0.0,0.0,36.139031,-120.36835216666668,,0,41,34.508073458805946
2025-10-12 15:30:00,1760307901.0,27.166666666666668,24.83333333333333,29.412333333333333,0.0,0.0,36.13904866666667,-120.3683955,,0,41,34.23317721561408
2025-10-12 16:30:00,1760311501.0,26.33333333333333,25.0,29.0575,7.166666666666667,7.833333333333333,36.13902266666667,-120.36839683333334,,0,41,34.923515144744755
2025-10-12 17:30:00,1760315101.0,23.83333333333333,28.5,29.133333333333336,6.833333333333333,7.333333333333333,36.1390515,-120.36841333333332,,0,41,34.334200003028506
2025-10-12 18:30:00,1760318701.0,20.83333333333333,32.666666666666664,27.58233333333333,0.0,0.0,36.139027166666665,-120.36839433333334,,0,41,31.215325389882857
2025-10-12 19:30:00,1760322301.0,18.666666666666668,36.333333333333336,24.480666666666668,0.0,0.0,36.13901,-120.36837533333332,,0,41,28.507567802204406
2025-10-12 20:30:00,1760325901.0,16.5,42.333333333333336,18.895,0.0,0.0,36.13901716666667,-120.3683775,,0,41,24.368806299913594
2025-10-13 09:30:00,1760373300.0,17.5,50.333333333333336,15.728666666666667,0.0,0.0,36.13906016666667,-120.36835866666668,,0,42,24.31389356944232
2025-10-13 10:30:00,1760376900.0,20.5,42.833333333333336,20.849166666666665,0.0,0.0,36.13902916666667,-120.36836733333332,,0,42,28.232262848744845
2025-10-13 11:30:00,1760380500.0,21.166666666666668,38.5,23.98283333333333,0.0,0.0,36.13897266666667,-120.36835866666668,,0,42,30.105348737874323
2025-10-13 12:30:00,1760384100.0,22.0,33.666666666666664,32.59766666666667,0.0,0.0,36.13902066666667,-120.36835233333332,,0,42,36.08297855087735
2025-10-13 13:30:00,1760387700.0,21.666666666666668,37.333333333333336,31.026166666666665,0.0,0.0,36.13906633333333,-120.36835883333332,,0,42,35.42213245109797
2025-10-13 14:30:00,1760391300.0,20.33333333333333,41.333333333333336,29.142,0.0,0.0,36.13898983333333,-120.3683815,,0,42,34.09879801348628
2025-10-13 15:30:00,1760394900.0,20.33333333333333,42.16666666666666,27.90183333333333,0.0,0.0,36.13903283333334,-120.36834316666666,,0,42,33.322628055619795
2025-10-13 16:30:00,1760398500.0,20.0,43.66666666666666,29.82766666666667,0.0,0.0,36.139008833333335,-120.36838016666668,,0,42,34.88475338690219
2025-10-13 17:30:00,1760402100.0,18.166666666666668,49.333333333333336,31.18766666666667,0.0,0.0,36.13899166666667,-120.36838016666668,,0,42,36.062922708695005
2025-10-13 18:30:00,1760405700.0,16.166666666666668,64.33333333333333,25.583,0.0,0.0,36.13901716666667,-120.36839166666668,,0,42,33.66672423904359
2025-10-13 19:30:00,1760409300.0,16.0,60.333333333333336,28.727833333333333,0.0,0.0,36.13900516666666,-120.36839166666668,,0,42,35.202122407138425
2025-10-13 20:30:00,1760412900.0,16.0,58.0,29.171166666666668,0.0,0.0,36.1390165,-120.368422,,0,42,35.100722941260045
2025-10-13 21:30:00,1760416500.0,14.833333333333334,69.16666666666667,27.957833333333337,0.0,0.0,36.139007,-120.36836233333334,,0,42,35.69672405291626
2025-10-13 22:30:00,1760420100.0,14.333333333333334,74.16666666666667,23.61616666666667,0.0,0.0,36.13898666666667,-120.3683725,,0,42,33.12222442269498
2025-10-13 23:30:00,1760423700.0,13.166666666666666,86.16666666666667,19.7025,0.0,0.0,36.13901033333333,-120.36836883333336,,0,42,31.84556864276376
2025-10-14 00:30:00,1760427300.0,12.0,86.0,24.552833333333336,0.0,0.0,36.139015666666666,-120.36836733333332,,0,42,34.88545532804446
2025-10-14 01:30:00,1760430900.0,11.0,90.0,22.41033333333333,0.0,0.0,36.139022833333335,-120.36836633333331,,0,42,33.53137707532283
2025-10-14 02:30:00,1760434500.0,11.0,90.0,20.12283333333333,0.0,0.0,36.1390095,-120.368384,,0,42,31.813618467250684
2025-10-14 03:30:00,1760438101.0,11.5,89.25,17.91975,0.0,0.0,36.138959,-120.3683605,,0,42,30.264521206160552
2025-10-14 04:30:00,1760441101.0,11.5,87.0,19.92383333333333,0.0,0.0,36.13899883333333,-120.36838016666668,,0,42,31.3506511682156
2025-10-14 05:30:00,1760444701.0,11.166666666666666,88.0,16.591833333333334,0.0,0.0,36.13900366666667,-120.36838016666668,,0,42,28.871430321908164
2025-10-14 06:30:00,1760448301.0,11.0,88.5,16.7335,0.0,0.0,36.138983333333336,-120.36838283333331,,0,42,28.989255954357397
2025-10-14 07:30:00,1760451901.0,11.0,90.0,13.732833333333332,0.0,0.0,36.13904883333333,-120.36834966666667,,0,42,27.015158355521287
2025-10-14 08:30:00,1760455501.0,11.0,90.83333333333331,13.065333333333331,0.0,0.0,36.13900266666666,-120.36837383333334,,0,42,26.669022538080007
2025-10-14 09:30:00,1760459101.0,11.166666666666666,91.16666666666669,15.191666666666668,0.0,0.0,36.13904383333334,-120.36832433333332,,0,42,28.40942410195816
2025-10-14 10:30:00,1760462701.0,11.833333333333334,91.0,18.91133333333333,0.0,0.0,36.138994833333335,-120.36838166666666,,0,42,31.49811544979209
2025-10-14 11:30:00,1760466301.0,12.5,89.83333333333333,18.61916666666667,0.0,0.0,36.139039333333336,-120.36837133333334,,0,42,31.38805572935344
2025-10-14 12:30:00,1760469901.0,15.166666666666666,78.16666666666667,20.473333333333333,0.0,0.0,36.1390005,-120.36835116666668,,0,42,31.91482239766411
2025-10-14 13:30:00,1760473501.0,17.666666666666668,58.16666666666666,26.123,0.0,0.0,36.1390075,-120.36838633333332,,0,42,33.6590128898064
2025-10-14 14:30:00,1760477101.0,13.833333333333334,67.5,26.43466666666667,0.0,0.0,36.13910083333334,-120.36840816666668,,0,42,33.752963388329704
2025-10-14 15:30:00,1760480701.0,14.0,67.66666666666667,27.6825,0.0,0.0,36.13903233333334,-120.36841066666666,,0,42,34.802648198157726
2025-10-14 16:30:00,1760484301.0,15.5,57.0,30.53483333333333,0.0,0.0,36.139005833333336,-120.36856966666666,,0,42,35.69374002715565
2025-10-14 17:30:00,1760487901.0,14.833333333333334,61.66666666666666,27.93233333333333,0.1666666666666666,0.1666666666666666,36.13901933333333,-120.368417,,0,42,34.31129448693216
2025-10-14 18:30:00,1760491501.0,13.666666666666666,71.0,23.28933333333333,0.0,0.0,36.13907866666667,-120.36840966666666,,0,42,31.960875549231524
2025-10-14 19:30:00,1760495101.0,12.5,78.0,15.960333333333333,0.0,0.0,36.13903616666666,-120.36840933333332,,0,42,27.188863544724803
2025-10-14 20:30:00,1760498701.0,11.666666666666666,83.5,12.1655,0.0,0.0,36.139,-120.3683955,,0,42,24.95481888656363
2025-10-15 09:30:00,1760545501.0,16.666666666666668,59.16666666666666,17.4935,0.0,0.0,36.13902433333333,-120.36838283333331,,0,42,26.875231656043276
2025-10-15 10:30:00,1760549101.0,18.5,52.5,20.721,0.0,0.0,36.1389675,-120.36840816666668,,0,42,28.955832077787726
2025-10-15 11:30:00,1760552701.0,19.5,48.833333333333336,24.77283333333333,0.0,0.1666666666666666,36.139052,-120.36837133333334,,0,42,31.81966230481462
2025-10-15 12:30:00,1760556301.0,18.0,56.5,23.58366666666667,1.0,1.5,36.139047,-120.36844733333334,,0,42,31.8252983559547
2025-10-15 13:30:00,1760559901.0,17.666666666666668,58.5,25.501500000000004,1.8333333333333333,1.8333333333333333,36.13900233333333,-120.368374,,0,42,33.581330177938106
2025-10-15 14:30:00,1760563501.0,17.666666666666668,58.5,26.979166666666668,3.0,3.0,36.13898983333333,-120.36835233333332,,0,42,34.899034876384555
2025-10-15 15:30:00,1760567101.0,17.0,59.5,27.59166666666667,3.0,3.0,36.138966333333336,-120.36838783333332,,0,42,35.21862102440246
2025-10-15 16:30:00,1760570701.0,17.0,60.833333333333336,28.444000000000003,2.833333333333333,3.0,36.13900633333333,-120.36839283333336,,0,42,36.091046034213264
2025-10-15 17:30:00,1760574301.0,16.333333333333332,62.5,27.932166666666664,3.0,3.0,36.13902733333333,-120.3683775,,0,42,35.70622173459887
2025-10-15 18:30:00,1760577901.0,16.0,64.66666666666667,24.380166666666668,2.5,2.6666666666666665,36.1390255,-120.36844116666668,,0,42,33.2037029388756
2025-10-15 19:30:00,1760581501.0,14.833333333333334,71.0,12.95,5.166666666666667,5.333333333333333,36.13900566666667,-120.36836883333336,,0,42,25.70350454932629
2025-10-16 10:30:00,1760635501.0,17.666666666666668,60.0,18.26233333333333,4.5,4.666666666666667,36.13902933333333,-120.36837766666667,,0,42,28.913933902080757
2025-10-16 11:30:00,1760639101.0,20.0,54.66666666666666,24.847,4.5,4.5,36.139026,-120.36837,,0,42,33.99466380588121
2025-10-16 12:30:00,1760642701.0,20.5,51.5,29.7425,0.3333333333333333,0.3333333333333333,36.13904133333333,-120.3683675,,0,42,36.58317076812134
2025-10-16 13:30:00,1760646301.0,22.166666666666668,46.66666666666666,31.59183333333333,0.6666666666666666,0.6666666666666666,36.13901416666667,-120.36839033333337,,0,42,37.947933490246974
2025-10-16 14:30:00,1760649901.0,22.666666666666668,45.66666666666666,33.0095,2.6666666666666665,2.6666666666666665,36.13902733333333,-120.3683865,,0,42,39.42794483177532
2025-10-16 15:30:00,1760653501.0,22.33333333333333,44.833333333333336,33.92166666666667,3.1666666666666665,3.1666666666666665,36.1390075,-120.3683955,,0,42,39.88373733510451
2025-10-16 16:30:00,1760657101.0,21.83333333333333,46.5,33.95733333333333,3.1666666666666665,3.1666666666666665,36.1390105,-120.36838283333331,,0,42,39.97587344685898
2025-10-16 17:30:00,1760660701.0,19.666666666666668,51.66666666666666,32.944,4.5,4.5,36.13902266666667,-120.3683815,,0,42,39.353316545103226
2025-10-16 18:30:00,1760664301.0,17.166666666666668,60.0,25.094166666666663,5.0,5.0,36.1389935,-120.368365,,0,42,33.874559651421116
2025-10-16 19:30:00,1760667901.0,15.5,65.33333333333333,17.521333333333335,5.666666666666667,6.0,36.138994333333336,-120.36837666666666,,0,42,28.51110454278298
2025-10-17 09:30:00,1760718301.0,16.5,64.0,12.4165,16.5,18.0,36.13903616666666,-120.36837383333334,,0,42,26.948903770351706
2025-10-17 10:30:00,1760721901.0,20.83333333333333,51.333333333333336,24.053,18.83333333333333,19.33333333333333,36.139059,-120.36835216666668,,0,42,35.78424082368175
2025-10-17 11:30:00,1760725501.0,22.33333333333333,45.333333333333336,30.0775,8.166666666666666,8.5,36.13903366666667,-120.36840183333334,,0,42,38.00970279361501
2025-10-17 12:30:00,1760729101.0,24.166666666666668,41.16666666666666,31.948666666666668,5.5,5.666666666666667,36.13902266666667,-120.36840566666666,,0,42,39.047593781522316
2025-10-17 13:30:00,1760732701.0,25.166666666666668,40.5,35.810833333333335,6.333333333333333,6.333333333333333,36.1390865,-120.36838266666666,,0,42,42.448172764527456
2025-10-17 14:30:00,1760736301.0,26.5,33.5,38.381,1.5,1.5,36.138998,-120.36835466666666,,0,42,42.866213682208006
2025-10-17 15:30:00,1760739901.0,27.166666666666668,35.833333333333336,41.157833333333336,3.0,3.0,36.13901883333333,-120.36837116666668,,0,42,45.979762809192984
2025-10-17 16:30:00,1760743501.0,26.83333333333333,36.5,41.87233333333334,1.6666666666666667,1.8333333333333333,36.13900816666666,-120.36835866666668,,0,42,46.253271256470335
2025-10-17 17:30:00,1760747101.0,24.0,44.0,38.525,4.0,4.166666666666667,36.139011833333335,-120.36835966666666,,0,42,44.16420730724894
2025-10-17 18:30:00,1760750701.0,20.83333333333333,52.0,28.24416666666667,4.666666666666667,4.666666666666667,36.13905533333334,-120.36834566666668,,0,42,36.48719279619473
2025-10-17 19:30:00,1760754301.0,17.333333333333332,64.5,13.401166666666668,4.166666666666667,4.166666666666667,36.138993500000005,-120.36837266666667,,0,42,25.86450443174204
2025-10-18 09:30:00,1760804701.0,20.0,53.833333333333336,20.942166666666665,9.833333333333334,10.666666666666666,36.139021,-120.36837266666667,,0,42,31.928123392236188
2025-10-18 10:30:00,1760808241.0,24.2,41.6,28.8538,6.6,6.6,36.1390304,-120.368407,,0,42,37.00279993862567
2025-10-18 11:30:00,1760811901.0,26.0,37.333333333333336,37.35733333333334,4.666666666666667,4.666666666666667,36.139073833333335,-120.36840333333332,,0,42,43.13093126017205
2025-10-18 12:30:00,1760815501.0,27.5,36.0,41.13883333333333,11.833333333333334,12.5,36.13905583333334,-120.3683485,,0,42,47.79090602429914
2025-10-18 13:30:00,1760819101.0,28.0,37.66666666666666,43.90683333333334,29.666666666666668,30.5,36.13900683333333,-120.36837633333332,,0,42,53.61910549139153
2025-10-18 14:30:00,1760822701.0,29.0,35.333333333333336,45.97566666666666,28.0,28.666666666666668,36.139021666666665,-120.3683435,,0,42,54.91691014498314
2025-10-18 15:30:00,1760826301.0,29.33333333333333,35.166666666666664,48.65766666666666,26.666666666666668,27.5,36.13901533333333,-120.36832583333334,,0,42,56.83926122960842
2025-10-18 16:30:00,1760829901.0,29.0,34.833333333333336,51.02483333333333,21.33333333333333,22.33333333333333,36.138989,-120.3682455,,0,42,57.454272084331116
2025-10-18 17:30:00,1760833501.0,26.0,37.333333333333336,47.44683333333333,14.833333333333334,16.0,36.1390325,-120.36833833333333,,0,42,52.61818922165089
2025-10-18 18:30:00,1760837101.0,22.166666666666668,47.66666666666666,30.274666666666665,84.33333333333333,86.5,36.13902933333333,-120.36837,,0,42,52.24806043734457
2025-10-18 19:30:00,1760840701.0,18.5,59.66666666666666,13.773833333333334,52.833333333333336,54.333333333333336,36.139065333333335,-120.36835366666668,,0,42,34.62116629375546
2025-10-19 09:30:00,1760891101.0,20.666666666666668,52.66666666666666,21.146166666666662,28.5,30.83333333333333,36.1390375,-120.36836366666668,,0,42,35.64521196151456
2025-10-19 10:30:00,1760894701.0,25.166666666666668,39.5,39.070166666666665,23.5,25.166666666666668,36.13902616666667,-120.3683625,,0,42,47.910538723833405
2025-10-19 11:30:00,1760898301.0,27.166666666666668,36.333333333333336,44.46666666666667,24.666666666666668,26.666666666666668,36.1390685,-120.368379,,0,42,52.58893446027927
2025-10-19 12:30:00,1760901901.0,28.5,33.0,48.30833333333334,16.0,17.666666666666668,36.13898533333333,-120.36834466666666,,0,42,53.93274565333238
2025-10-19 13:30:00,1760905501.0,30.5,29.166666666666668,47.92966666666666,8.833333333333334,10.0,36.13897933333333,-120.36832683333334,,0,42,52.59439812136316
2025-10-19 14:30:00,1760909101.0,32.0,25.83333333333333,49.05133333333333,4.0,4.333333333333333,36.13901,-120.36830783333332,,0,42,52.619196467025155
2025-10-19 15:30:00,1760912701.0,31.33333333333333,28.33333333333333,53.624833333333335,10.666666666666666,12.0,36.13900566666667,-120.36834333333331,,0,42,57.46499486259612
2025-10-19 16:30:00,1760916301.0,30.166666666666668,29.5,54.61483333333334,10.833333333333334,11.833333333333334,36.13901383333333,-120.36835983333332,,0,42,57.85608220507215
2025-10-19 17:30:00,1760919901.0,27.33333333333333,35.666666666666664,52.364666666666665,15.0,16.833333333333332,36.13901966666666,-120.3683665,,0,42,56.73934693990066
2025-10-19 18:30:00,1760923501.0,23.0,48.16666666666666,30.635166666666667,22.0,22.83333333333333,36.139073833333335,-120.36839183333332,,0,42,41.7913185023534
2025-10-19 19:30:00,1760927101.0,19.5,58.833333333333336,12.144,19.83333333333333,21.33333333333333,36.1390185,-120.36838533333332,,0,42,27.846309958598034
2025-10-20 09:30:00,1760978700.0,22.5,51.0,19.13225,48.0,51.0,36.139018,-120.3683625,,0,43,38.59806248675903
2025-10-20 10:30:00,1760981700.0,25.33333333333333,43.16666666666666,37.45333333333333,31.0,32.666666666666664,36.13905666666667,-120.36839533333334,,0,43,49.14213143652052
2025-10-20 11:30:00,1760985300.0,26.83333333333333,41.0,43.462,29.166666666666668,30.666666666666668,36.1389885,-120.36836366666668,,0,43,53.64465372801154
2025-10-20 12:30:00,1760988960.0,28.2,38.6,42.1712,25.6,26.4,36.13891,-120.3683702,,0,43,52.20333091066181
2025-10-20 13:30:00,1760992500.0,29.33333333333333,36.333333333333336,45.33783333333334,23.5,24.33333333333333,36.138994333333336,-120.368393,,0,43,54.34264342894722
2025-10-20 14:30:00,1760996160.0,30.0,34.6,47.227,20.4,21.2,36.139034200000005,-120.3683076,,0,43,55.209468176415974
2025-10-20 15:30:00,1760999700.0,29.666666666666668,34.0,50.112,14.5,16.166666666666668,36.1390175,-120.3683535,,0,43,56.12112635899573
2025-10-20 16:30:00,1761003300.0,28.83333333333333,34.0,52.068333333333335,8.666666666666666,9.666666666666666,36.13902333333333,-120.36838166666666,,0,43,56.08599549798556
2025-10-20 17:30:00,1761006900.0,25.5,40.833333333333336,49.71683333333333,8.0,8.5,36.139063,-120.3683725,,0,43,53.79894240646046
2025-10-20 18:30:00,1761010500.0,22.0,52.5,26.659666666666663,9.166666666666666,9.666666666666666,36.139021,-120.3683585,,0,43,37.15010776838423
2025-10-20 19:30:00,1761014100.0,18.33333333333333,62.5,16.217833333333335,11.5,12.333333333333334,36.13898616666666,-120.36837116666668,,0,43,29.818621847176523
2025-10-21 09:30:00,1761065400.0,23.0,49.0,18.495,20.33333333333333,21.33333333333333,36.13906,-120.368352,,0,43,32.89063228231028
2025-10-21 10:30:00,1761068100.0,26.33333333333333,41.333333333333336,37.814,9.833333333333334,10.666666666666666,36.13902883333333,-120.36835883333332,,0,43,45.716730279298595
2025-10-21 11:30:00,1761071700.0,27.83333333333333,38.66666666666666,48.01466666666667,11.0,12.333333333333334,36.13898966666667,-120.36832816666669,,0,43,53.86485472007539
2025-10-21 12:30:00,1761075300.0,29.666666666666668,34.5,54.592000000000006,13.5,15.333333333333334,36.139036833333336,-120.36836850000002,,0,43,59.41394717720005
2025-10-21 13:30:00,1761078900.0,30.83333333333333,33.5,52.8535,9.666666666666666,10.666666666666666,36.13902466666666,-120.36838266666666,,0,43,57.74036984548341
2025-10-21 14:30:00,1761082500.0,30.83333333333333,33.666666666666664,56.2565,8.833333333333334,9.833333333333334,36.13903233333333,-120.36835233333332,70.5,0,43,60.17819023336366
2025-10-21 15:30:00,1761086100.0,31.0,32.833333333333336,58.94833333333333,8.333333333333334,9.0,36.139023,-120.368384,69.60833333333333,0,43,62.009059385933945
2025-10-21 16:30:00,1761089700.0,30.666666666666668,33.0,57.61766666666667,7.166666666666667,7.5,36.13901766666667,-120.3683815,69.8,0,43,60.64166425226768
2025-10-21 17:30:00,1761093300.0,27.5,39.333333333333336,52.77066666666667,8.333333333333334,9.166666666666666,36.13899533333333,-120.36839033333332,66.32727272727273,0,43,56.879750602263904
2025-10-21 18:30:00,1761096900.0,24.166666666666668,49.0,38.97266666666667,59.333333333333336,61.0,36.138998,-120.36836483333332,54.225,0,43,55.850751026354025
2025-10-21 19:30:00,1761100500.0,22.0,55.333333333333336,25.317666666666668,53.833333333333336,55.5,36.1389885,-120.36839933333334,41.333333333333336,0,43,44.73357596878227
2025-10-21 20:30:00,1761104100.0,22.0,56.0,22.8,37.16666666666666,38.5,36.1390335,-120.3683675,39.03333333333333,0,43,39.966693736829605
2025-10-21 21:30:00,1761107700.0,22.0,54.66666666666666,27.97683333333333,25.166666666666668,26.33333333333333,36.13901,-120.368384,41.975,0,43,41.45182724210962
2025-10-21 22:30:00,1761111300.0,22.0,41.16666666666666,39.446666666666665,4.333333333333333,4.5,36.1390165,-120.36838916666666,44.43333333333334,0,43,43.752880625607105
2025-10-21 23:30:00,1761114900.0,20.83333333333333,47.333333333333336,33.67816666666666,3.6666666666666665,4.166666666666667,36.13905,-120.36840966666666,42.6,0,43,39.906539300042844
2025-10-22 00:30:00,1761118500.0,20.166666666666668,49.0,30.828333333333333,4.0,4.333333333333333,36.13902383333333,-120.36838666666668,39.675000000000004,0,43,37.79575949575771
2025-10-22 01:30:00,1761122100.0,19.666666666666668,44.0,34.786,1.5,1.8333333333333333,36.13905183333333,-120.368426,40.541666666666664,0,43,39.14628145313147
2025-10-22 02:30:00,1761125700.0,18.33333333333333,48.833333333333336,25.395333333333337,1.3333333333333333,1.5,36.138996166666665,-120.3683815,34.708333333333336,0,43,32.29753070576892
2025-10-22 03:30:00,1761129300.0,19.0,42.66666666666666,33.927,0.0,0.0,36.138974,-120.36835716666668,38.75833333333333,0,43,37.63117750636144
2025-10-22 04:30:00,1761132900.0,18.666666666666668,43.0,34.507666666666665,0.1666666666666666,0.1666666666666666,36.138973666666665,-120.36833933333334,40.375,0,43,37.99574188633988
2025-10-22 05:30:00,1761136200.0,18.2,59.0,34.6066,3.6,4.0,36.1390014,-120.368358,42.36666666666667,0,43,41.46539683467849
2025-10-22 10:30:00,1761153901.0,19.166666666666668,69.83333333333333,13.767333333333331,23.5,24.5,36.1390615,-120.36841216666666,28.75,0,43,31.90570389774245
2025-10-22 11:30:00,1761157501.0,19.33333333333333,66.33333333333333,16.174833333333336,18.166666666666668,19.33333333333333,36.13900833333333,-120.36836883333336,29.025000000000002,0,43,32.206448330297235
2025-10-22 12:30:00,1761161101.0,18.5,68.0,17.9035,9.5,10.333333333333334,36.1390425,-120.36836883333336,29.56153846153846,0,43,31.833102931854036
2025-10-22 13:30:00,1761164701.0,20.0,63.333333333333336,20.302,11.333333333333334,12.166666666666666,36.1390165,-120.36837766666667,31.29,0,43,33.82717851529791
2025-10-22 14:30:00,1761168301.0,22.5,56.0,23.044833333333333,9.5,10.166666666666666,36.139043333333326,-120.3683625,33.958333333333336,0,43,35.405328085720555
2025-10-22 15:30:00,1761171901.0,23.0,53.833333333333336,25.084,8.5,9.333333333333334,36.1390305,-120.36836,36.15833333333333,0,43,36.61376030180786
2025-10-22 16:30:00,1761175501.0,22.0,52.66666666666666,27.901666666666667,4.166666666666667,4.333333333333333,36.13900866666667,-120.368384,37.425,0,43,37.194179625496865
2025-10-22 17:30:00,1761179101.0,20.666666666666668,53.333333333333336,28.29283333333333,1.1666666666666667,1.3333333333333333,36.13904383333333,-120.368365,35.81818181818182,0,43,36.423966634141756
2025-10-22 18:30:00,1761182701.0,18.166666666666668,62.16666666666666,19.7355,2.333333333333333,2.333333333333333,36.1389505,-120.36838266666666,25.791666666666668,0,43,30.61196634637117
2025-10-22 19:30:00,1761186301.0,16.5,67.83333333333333,16.026666666666667,2.333333333333333,3.1666666666666665,36.13896866666667,-120.36839666666668,25.508333333333336,0,43,28.13503831641158
2025-10-23 10:30:00,1761240301.0,20.83333333333333,58.66666666666666,22.737333333333336,5.833333333333333,6.0,36.13902733333333,-120.3683535,32.583333333333336,0,43,34.15880458775181
2025-10-23 11:30:00,1761243901.0,22.83333333333333,53.16666666666666,26.2295,5.0,5.166666666666667,36.13904633333333,-120.36835233333332,35.40833333333333,0,43,36.58830589699055
2025-10-23 12:30:00,1761247201.0,23.2,52.0,28.824400000000004,6.0,6.2,36.1390372,-120.3683608,38.86666666666667,0,43,38.680453102680175
2025-10-23 13:30:00,1761252900.0,25.5,44.0,16.2785,2.0,2.0,36.1389615,-120.3683355,41.599999999999994,0,43,28.16654183305046
2025-10-23 14:30:00,1761255300.0,25.5,44.66666666666666,33.031,2.5,3.0,36.13897166666666,-120.36840583333333,42.55833333333333,0,43,41.0015864884296
2025-10-23 15:30:00,1761258900.0,25.33333333333333,46.0,34.53216666666666,3.0,3.333333333333333,36.13900183333333,-120.368397,43.61666666666667,0,43,42.37066617358523
2025-10-23 16:30:00,1761262500.0,24.5,48.0,29.0815,9.0,10.166666666666666,36.13908283333333,-120.36841566666668,44.975,0,43,39.381471939521376
2025-10-23 17:30:00,1761266100.0,21.5,55.333333333333336,32.648666666666664,5.166666666666667,5.166666666666667,36.13900616666667,-120.36837016666668,41.891666666666666,0,43,41.17476910146362
2025-10-23 18:30:00,1761269700.0,19.0,63.333333333333336,22.001666666666665,4.833333333333333,5.166666666666667,36.139029,-120.368365,34.00833333333333,0,43,33.41271024260623
2025-10-24 09:30:00,1761324900.0,21.5,58.0,13.2375,9.0,10.0,36.139019,-120.3684155,27.65,0,43,27.861884533441888
2025-10-24 10:30:00,1761327300.0,23.666666666666668,51.333333333333336,26.824166666666667,5.833333333333333,6.0,36.13904483333334,-120.36837516666668,37.675,0,43,37.25035852635211
2025-10-24 11:30:00,1761330900.0,25.166666666666668,47.16666666666666,31.914666666666665,4.166666666666667,4.5,36.139038,-120.36839433333334,40.09166666666667,0,43,40.748709125898465
2025-10-24 12:30:00,1761334500.0,26.33333333333333,44.0,33.948,4.0,4.166666666666667,36.13901333333333,-120.36838016666668,43.791666666666664,0,43,42.21389431482465
2025-10-24 13:30:00,1761338100.0,27.5,42.5,36.04833333333333,5.833333333333333,6.0,36.13902916666667,-120.36838916666666,46.89166666666667,0,43,44.41024440228535
2025-10-24 14:30:00,1761341700.0,28.166666666666668,39.5,38.86133333333333,5.333333333333333,5.666666666666667,36.13902266666667,-120.36837783333333,48.315384615384616,0,43,46.21546080297633
2025-10-24 15:30:00,1761345300.0,28.0,39.66666666666666,39.54866666666667,5.166666666666667,5.5,36.1389745,-120.3683865,48.7,0,43,46.651275475718414
2025-10-24 16:30:00,1761348900.0,26.83333333333333,42.333333333333336,40.445166666666665,8.0,8.5,36.139000333333335,-120.36838016666668,49.85833333333333,0,43,47.768734245379555
2025-10-24 17:30:00,1761352500.0,23.83333333333333,49.16666666666666,39.63633333333333,14.166666666666666,15.833333333333334,36.139050833333336,-120.36835883333332,50.041666666666664,0,43,48.161364433631356
2025-10-24 18:30:00,1761356100.0,20.666666666666668,58.66666666666666,22.4855,11.833333333333334,13.166666666666666,36.1390245,-120.36834849999998,36.28333333333334,0,43,35.05566321119978
2025-10-24 20:30:00,1761363300.0,17.833333333333332,67.16666666666667,17.199666666666666,19.166666666666668,20.666666666666668,36.138991833333336,-120.36837883333334,29.13333333333333,0,43,32.60273286783889
2025-10-24 21:30:00,1761366900.0,16.833333333333332,69.66666666666667,19.347166666666663,21.666666666666668,23.0,36.1390145,-120.36840316666668,31.463636363636365,0,43,34.622906516147125
2025-10-24 22:30:00,1761370500.0,15.666666666666666,73.16666666666667,12.187833333333332,21.83333333333333,23.5,36.13902133333334,-120.36837383333334,26.933333333333334,0,43,29.384411271366552
2025-10-26 14:30:00,1761514201.0,27.8,41.2,17.493000000000002,0.2,0.6,36.1389596,-120.3683652,37.31666666666667,0,43,29.396170406296825
2025-10-27 12:30:00,1761593701.0,22.75,49.5,13.617,0.0,0.0,27.1042825,-90.27627175,33.22727272727273,0,44,25.832156860350203
2025-10-27 13:30:00,1761595801.0,23.0,49.66666666666666,23.503,0.0,0.0,36.139042,-120.36838533333334,33.25833333333333,0,44,33.4093354875045
2025-10-27 14:30:00,1761600900.0,22.0,53.333333333333336,23.407666666666668,0.0,0.0,36.13896733333333,-120.3684195,33.55833333333333,0,44,33.53049696742924
2025-10-27 15:30:00,1761604500.0,20.666666666666668,57.333333333333336,23.666833333333333,0.0,0.0,36.139053833333335,-120.3683725,31.583333333333332,0,44,33.81666167005853
2025-10-27 16:30:00,1761608100.0,19.0,62.66666666666666,22.71466666666667,1.8333333333333333,2.0,36.13904516666667,-120.36831283333332,30.258333333333336,0,44,33.619031882599366
2025-10-27 17:30:00,1761611700.0,17.166666666666668,68.66666666666667,21.4125,3.333333333333333,3.333333333333333,36.13900633333333,-120.368314,29.566666666666666,0,44,33.11373831890044
2025-10-27 18:30:00,1761615300.0,15.333333333333334,74.83333333333333,16.5735,4.166666666666667,4.166666666666667,36.13901466666667,-120.36838383333334,24.633333333333336,0,44,29.87856877527124
2025-10-27 19:30:00,1761618900.0,15.0,77.0,16.051666666666666,5.166666666666667,5.333333333333333,36.138953,-120.36821733333332,24.19090909090909,0,44,29.919028145320603
2025-10-28 09:30:00,1761669001.0,16.2,71.6,13.7398,6.2,7.2,36.1390326,-120.3683504,22.866666666666664,0,44,28.019465381395655
2025-10-28 10:30:00,1761672400.8333333,20.5,49.16666666666666,26.101666666666663,0.1666666666666666,0.1666666666666666,36.13908133333333,-120.36836233333334,32.19166666666667,0,44,34.073063927574545
2025-10-28 11:30:00,1761676000.3333333,22.0,46.0,29.077,0.0,0.0,36.138963,-120.36836233333334,33.125,0,44,36.4228012632285
2025-10-28 12:30:00,1761680101.0,23.75,42.75,29.85,0.0,0.0,36.13901725,-120.3683755,35.516666666666666,0,44,37.255383810348086
2025-10-28 13:30:00,1761683101.0,25.0,42.66666666666666,30.77383333333333,0.0,0.1666666666666666,36.139038166666666,-120.368356,37.24545454545454,0,44,38.55971246665528
2025-10-28 14:30:00,1761686701.0,25.666666666666668,39.66666666666666,33.342333333333336,1.1666666666666667,1.5,36.1390035,-120.36837,39.358333333333334,0,44,40.478577876181085
2025-10-28 15:30:00,1761690301.0,26.0,39.0,34.6435,0.1666666666666666,0.3333333333333333,36.13898183333333,-120.36839416666668,40.71666666666667,0,44,41.30254660719188
2025-10-28 16:30:00,1761693901.0,25.0,40.833333333333336,35.656,0.0,0.1666666666666666,36.139011833333335,-120.36838416666669,41.625,0,44,41.884645276722516
2025-10-28 17:30:00,1761697501.0,22.166666666666668,48.0,33.31366666666667,0.8333333333333334,1.1666666666666667,36.13900766666666,-120.36838266666666,40.11666666666667,0,44,40.23462353247839
2025-10-28 18:30:00,1761701101.0,19.33333333333333,57.333333333333336,20.8555,4.0,4.0,36.13899933333334,-120.3683585,28.241666666666664,0,44,31.76595585853547
2025-10-29 10:30:00,1761759600.0,23.8,40.8,24.683,0.8,1.4,36.1390242,-120.3684036,32.775,0,44,33.22965589603151
2025-10-29 11:30:00,1761762900.0,24.83333333333333,38.66666666666666,32.759166666666665,1.8333333333333333,1.8333333333333333,36.139009,-120.36837016666668,37.1,0,44,39.53745502524085
2025-10-29 12:30:00,1761766500.0,26.666666666666668,35.0,35.5745,0.6666666666666666,0.6666666666666666,36.13901016666667,-120.36836616666666,40.6,0,44,41.658871961858786
2025-10-29 13:30:00,1761770100.0,28.83333333333333,31.5,37.07266666666667,0.0,0.0,36.13902,-120.3683485,44.0,0,44,43.074630456510455
2025-10-29 14:30:00,1761773700.0,28.83333333333333,31.666666666666668,39.475,3.5,3.6666666666666665,36.13906283333333,-120.36833566666668,47.06666666666666,0,44,45.54779923500643
2025-10-29 15:30:00,1761777300.0,28.0,34.833333333333336,41.60516666666667,5.333333333333333,5.5,36.1390375,-120.36836366666668,50.30833333333334,0,44,47.65569526369712
2025-10-29 16:30:00,1761780900.0,26.5,37.0,42.91783333333333,4.666666666666667,5.0,36.1390185,-120.36837383333334,50.83,0,44,48.205123671582676
2025-10-29 17:30:00,1761784500.0,23.5,44.66666666666666,38.388666666666666,5.5,5.666666666666667,36.139025333333336,-120.36837,48.074999999999996,0,44,44.896527947755054
2025-10-29 18:30:00,1761788100.0,19.666666666666668,55.5,21.911,6.333333333333333,6.833333333333333,36.13902983333333,-120.36838416666669,32.725,0,44,32.838498607799146
2025-10-29 19:30:00,1761791700.0,16.5,63.0,10.480333333333334,6.666666666666667,7.0,36.139013166666665,-120.36836766666666,22.0,0,44,24.145519140787336
2025-10-30 09:30:00,1761842100.0,20.166666666666668,49.5,18.8995,7.0,7.666666666666667,36.13904816666667,-120.36838033333332,27.65833333333333,0,44,29.837957830292545
2025-10-30 10:30:00,1761845700.0,25.5,38.5,30.36083333333333,2.0,2.5,36.13903883333333,-120.36839033333332,35.85,0,44,38.10344431187095
2025-10-30 11:30:00,1761849300.0,27.83333333333333,36.0,37.08133333333333,2.833333333333333,2.833333333333333,36.139059,-120.36838166666666,43.31818181818182,0,44,43.934329218307234
2025-10-30 12:30:00,1761852900.0,29.166666666666668,33.666666666666664,40.2905,2.1666666666666665,2.333333333333333,36.1390515,-120.36836999999998,47.083333333333336,0,44,46.45789862620928
2025-10-30 13:30:00,1761856500.0,30.166666666666668,31.0,43.57316666666667,2.333333333333333,2.5,36.13901466666667,-120.368375,49.975,0,44,48.946069388932166
2025-10-30 14:30:00,1761860100.0,30.666666666666668,30.166666666666668,46.61566666666667,2.833333333333333,2.833333333333333,36.13899716666667,-120.36839683333334,52.78333333333333,0,44,51.39579037297626
2025-10-30 15:30:00,1761863700.0,30.33333333333333,30.5,47.82516666666667,3.333333333333333,3.5,36.139012,-120.36840183333334,53.583333333333336,0,44,52.30594307455781
2025-10-30 16:30:00,1761867300.0,28.5,35.0,49.125,5.166666666666667,5.333333333333333,36.139002,-120.36839533333334,55.699999999999996,0,44,53.54875205652471
2025-10-30 17:30:00,1761870900.0,25.5,41.333333333333336,46.288833333333336,7.166666666666667,7.666666666666667,36.1390075,-120.368398,54.583333333333336,0,44,51.51316217903226
2025-10-30 18:30:00,1761874500.0,21.33333333333333,52.66666666666666,26.035,9.666666666666666,10.666666666666666,36.13902483333333,-120.36840183333334,38.26363636363636,0,44,36.86048408283123
2025-10-31 09:30:00,1761928500.0,19.83333333333333,56.66666666666666,22.66883333333333,16.833333333333332,18.166666666666668,36.1390335,-120.36835983333332,31.71666666666667,0,44,35.648680398095344
2025-10-31 10:30:00,1761932100.0,23.83333333333333,46.66666666666666,29.787166666666668,12.5,13.333333333333334,36.13903416666667,-120.36838683333332,37.975,0,44,40.277059693912555
2025-10-31 11:30:00,1761935700.0,25.5,46.16666666666666,30.405166666666663,16.333333333333332,16.833333333333332,36.13905983333333,-120.36838783333332,39.97777777777778,0,44,42.120131721957726
2025-10-31 12:30:00,1761939300.0,26.83333333333333,44.0,32.784333333333336,17.166666666666668,18.166666666666668,36.139038166666666,-120.36838166666666,43.03333333333333,0,44,44.346828939814806
2025-10-31 13:30:00,1761942900.0,27.33333333333333,42.333333333333336,37.491166666666665,13.833333333333334,14.666666666666666,36.13903616666666,-120.36839666666668,45.96363636363637,0,44,47.207560774377775
2025-10-31 14:30:00,1761946500.0,28.5,39.0,40.4175,7.666666666666667,7.833333333333333,36.13898916666667,-120.36839566666669,49.00833333333333,0,44,48.20041997173549
2025-10-31 15:30:00,1761950100.0,28.666666666666668,38.16666666666666,42.103,6.0,6.333333333333333,36.13903766666667,-120.36838533333334,48.98333333333333,0,44,49.10930319353053
2025-10-31 16:30:00,1761953700.0,27.166666666666668,39.66666666666666,44.822833333333335,7.5,7.5,36.13904316666667,-120.368394,51.72222222222222,0,44,50.935978214321416
2025-10-31 17:30:00,1761957300.0,24.33333333333333,44.833333333333336,40.20016666666667,8.666666666666666,9.333333333333334,36.13902733333333,-120.36839033333337,48.65,0,44,47.3025408385729
2025-10-31 18:30:00,1761960900.0,22.0,50.333333333333336,33.5575,17.833333333333332,18.666666666666668,36.1389685,-120.3683945,42.675,0,44,43.84416552233012
2025-10-31 19:30:00,1761964500.0,20.166666666666668,56.16666666666666,28.5115,21.0,22.0,36.13898983333333,-120.36839166666668,,0,44,40.82158745930577
2025-10-31 20:30:00,1761968100.0,17.5,65.0,17.404,22.5,24.166666666666668,36.139027166666665,-120.368375,27.8,0,44,33.14204231595169
2025-11-01 12:30:00,1762025700.0,29.166666666666668,33.166666666666664,28.412166666666668,4.166666666666667,4.166666666666667,36.13928983333333,-120.3710785,46.53333333333333,0,44,37.78777843476325
2025-11-01 13:30:00,1762029300.0,29.5,32.666666666666664,41.435,3.5,3.5,36.13898283333333,-120.36835983333332,48.84166666666667,0,44,47.51832940385416
2025-11-01 14:30:00,1762032900.0,30.0,30.33333333333333,43.5015,4.0,4.166666666666667,36.13907366666667,-120.36834466666666,49.300000000000004,0,44,48.98379161319496
2025-11-01 15:30:00,1762036500.0,29.166666666666668,30.5,45.2435,3.8333333333333335,4.166666666666667,36.13904183333333,-120.3684095,49.7,0,44,49.89902210324201
2025-11-01 16:30:00,1762040100.0,28.33333333333333,32.0,44.707,3.5,3.8333333333333335,36.13900766666666,-120.36840166666668,49.85,0,44,49.30777963483697
2025-11-01 17:30:00,1762043700.0,25.0,37.833333333333336,41.63333333333333,4.0,4.0,36.139008,-120.36838266666666,48.050000000000004,0,44,46.51429665201736
2025-11-01 18:30:00,1762047300.0,21.0,47.833333333333336,22.598,5.166666666666667,5.5,36.1390915,-120.3683535,32.40833333333333,0,44,32.35834677904676
2025-11-01 19:30:00,1762050900.0,19.166666666666668,49.5,22.0345,7.333333333333333,8.0,36.13901433333333,-120.36837516666668,30.358333333333334,0,44,31.761840918257015
2025-11-01 20:30:00,1762053300.0,18.0,52.5,22.6915,6.5,7.0,36.1390605,-120.368374,26.34166666666667,0,44,32.07968871650447
2025-11-02 09:30:00,1762105501.0,25.5,40.0,26.3075,6.5,7.5,36.1390475,-120.368408,42.44166666666667,0,44,36.1832245702068
2025-11-02 10:30:00,1762107901.0,26.0,39.833333333333336,37.362,5.0,5.333333333333333,36.1390255,-120.36837766666667,45.04545454545455,0,44,44.375026351349824
2025-11-02 11:30:00,1762111501.0,26.5,36.66666666666666,41.089666666666666,3.8333333333333335,4.0,36.13902516666666,-120.36837766666667,45.791666666666664,0,44,46.60769637341448
2025-11-02 12:30:00,1762115101.0,28.166666666666668,32.0,42.624,2.1666666666666665,2.5,36.13904,-120.36836383333332,46.699999999999996,0,44,47.424161551544465
2025-11-02 13:30:00,1762118701.0,27.83333333333333,34.5,41.208333333333336,3.8333333333333335,3.8333333333333335,36.13904333333333,-120.368383,46.88333333333333,0,44,46.932578612256755
2025-11-02 14:30:00,1762122301.0,28.33333333333333,33.666666666666664,41.51433333333333,3.333333333333333,3.5,36.138944,-120.36834366666666,47.50833333333333,0,44,47.17687372098256
2025-11-02 15:30:00,1762125901.0,26.33333333333333,36.833333333333336,40.68516666666667,4.333333333333333,4.333333333333333,36.139014,-120.36838783333332,48.94166666666666,0,44,46.32859210898736
2025-11-02 16:30:00,1762129501.0,24.0,40.66666666666666,32.15716666666667,5.0,5.666666666666667,36.13905066666667,-120.36835866666668,43.35833333333333,0,44,39.67002837979913
2025-11-02 17:30:00,1762133101.0,19.83333333333333,52.333333333333336,19.155166666666663,5.666666666666667,6.0,36.13901583333333,-120.3683815,26.954545454545453,0,44,30.128424787572165
2025-11-03 08:30:00,1762188000.0,21.0,48.2,15.844,5.2,5.8,36.1390518,-120.3683854,28.814285714285713,0,45,27.726999705601422
2025-11-03 09:30:00,1762191000.0,25.0,35.2,32.5458,1.6,2.2,36.1390746,-120.3683988,36.72,0,45,39.16608539362084
2025-11-03 13:30:00,1762205101.0,30.83333333333333,29.166666666666668,40.95016666666667,4.0,4.0,36.13897566666667,-120.36837633333332,51.10833333333333,0,45,47.588923017690114
2025-11-03 14:30:00,1762208701.0,29.666666666666668,29.0,46.425666666666665,4.166666666666667,4.333333333333333,36.13902216666667,-120.36836766666666,51.199999999999996,0,45,51.14191939857702
2025-11-03 15:30:00,1762212301.0,29.0,29.83333333333333,48.108,5.333333333333333,5.666666666666667,36.13899933333334,-120.36835083333334,52.208333333333336,0,45,52.4558588746038
2025-11-03 16:30:00,1762215901.0,26.0,37.333333333333336,46.56366666666667,8.666666666666666,9.166666666666666,36.139057,-120.368361,52.15,0,45,51.83138067602189
2025-11-03 17:30:00,1762219501.0,21.666666666666668,49.66666666666666,31.862,22.166666666666668,23.0,36.13902016666666,-120.36836866666664,37.5,0,45,43.40045400111571
2025-11-03 18:30:00,1762223101.0,18.5,58.16666666666666,18.945833333333333,23.33333333333333,24.166666666666668,36.139022833333335,-120.36837633333334,28.791666666666668,0,45,33.9406505141714
2025-11-03 19:30:00,1762225501.0,17.0,63.5,11.366499999999998,28.5,29.5,36.1389845,-120.3684345,23.583333333333332,0,45,29.442592093261645
2025-11-04 08:30:00,1762275000.0,19.666666666666668,51.0,20.66133333333333,16.0,17.0,36.139075,-120.36834466666666,29.474999999999998,0,45,33.17229662937394
2025-11-04 09:30:00,1762277700.0,22.33333333333333,44.5,29.6105,3.5,4.166666666666667,36.13902783333334,-120.36837116666668,33.699999999999996,0,45,37.731380781362866
2025-11-04 10:30:00,1762281300.0,24.166666666666668,41.833333333333336,33.32833333333333,2.1666666666666665,2.5,36.139036833333336,-120.36837016666668,36.56666666666667,0,45,40.65907066556873
2025-11-04 12:30:00,1762288800.0,27.0,38.0,34.425,1.2,1.4,36.138957,-120.3683612,40.958333333333336,0,45,41.97313276254817
2025-11-04 13:30:00,1762292100.0,28.0,34.666666666666664,39.31133333333333,1.3333333333333333,1.5,36.139028,-120.36836233333334,43.190909090909095,0,45,45.532729566469506
2025-11-04 14:30:00,1762295700.0,28.0,34.5,43.15383333333333,2.0,2.0,36.13904766666666,-120.36838033333332,46.39166666666667,0,45,48.49214064929263
2025-11-04 15:30:00,1762299300.0,27.166666666666668,35.166666666666664,43.038833333333336,1.6666666666666667,1.6666666666666667,36.1390285,-120.36836866666664,46.199999999999996,0,45,48.062304548018155
2025-11-04 16:30:00,1762302900.0,24.5,25.166666666666668,55.447,0.0,0.0,36.138987166666666,-120.36838133333332,46.666666666666664,0,45,53.91543246609971
2025-11-04 17:30:00,1762306500.0,20.5,32.333333333333336,36.75233333333333,0.0,0.6666666666666666,36.13898966666667,-120.36837516666668,39.43333333333333,0,45,39.30769662186801
2025-11-04 18:30:00,1762310100.0,17.833333333333332,39.333333333333336,27.7515,0.6666666666666666,0.6666666666666666,36.13901033333333,-120.368379,31.333333333333332,0,45,32.6088334317894
2025-11-04 19:30:00,1762312500.0,16.0,44.0,19.1625,0.0,0.0,36.1390475,-120.368332,23.175,0,45,26.010938118455407
2025-11-05 13:30:00,1762378500.1666667,20.666666666666668,54.16666666666666,23.781333333333333,0.0,0.0,36.13888533333333,-120.36841833333334,,0,45,33.657194834291865
2025-11-05 14:30:00,1762381800.0,20.0,56.0,30.4116,0.0,0.0,36.139036,-120.3683806,,0,45,38.6508306791524
