date_time,unixtime,temp_C,rh,o3,m_PM25_CF1,m_PM10_CF1,lat,lon,reference,seasonal_bias,week,o3_calibrated_prepost
2025-06-02 17:30:00,1748910301.0,35.0,16.833333333333332,66.22083333333333,2.833333333333333,3.0,36.78537766666667,-119.773074,,1,23,57.69564675142085
2025-06-02 18:30:00,1748913901.0,33.666666666666664,19.166666666666668,65.78383333333333,3.0,3.0,36.78543916666666,-119.773079,,1,23,57.1358561366241
2025-06-02 19:30:00,1748917501.0,31.83333333333333,21.83333333333333,66.58083333333333,3.1666666666666665,3.1666666666666665,36.785382,-119.77311066666668,,1,23,57.383373333302444
2025-06-02 20:30:00,1748921101.0,30.166666666666668,24.5,61.42733333333334,3.6666666666666665,3.8333333333333335,36.785357833333336,-119.773066,,1,23,52.770149674109774
2025-06-02 21:30:00,1748924701.0,28.5,29.83333333333333,55.437666666666665,4.166666666666667,4.166666666666667,36.785404,-119.7730905,,1,23,48.30633929882258
2025-06-02 22:30:00,1748928301.0,26.83333333333333,37.0,46.36316666666667,5.333333333333333,5.5,36.78539533333333,-119.77307,,1,23,42.01077807268145
2025-06-02 23:30:00,1748931901.0,25.166666666666668,43.5,43.897333333333336,5.833333333333333,6.0,36.78538516666666,-119.773182,,1,23,40.959678462209624
2025-06-03 00:30:00,1748935501.0,23.0,51.0,31.037000000000003,6.0,6.166666666666667,36.785410500000005,-119.77308383333332,,1,23,30.920930497811355
2025-06-03 01:30:00,1748939101.0,21.5,52.5,31.751500000000004,5.0,5.166666666666667,36.785408,-119.77309183333334,,1,23,30.67945779410556
2025-06-03 02:30:00,1748942701.0,20.33333333333333,54.333333333333336,33.29666666666667,5.0,5.0,36.78542466666666,-119.77310683333332,,1,23,31.72860867951229
2025-06-03 03:30:00,1748946301.0,19.166666666666668,56.833333333333336,32.346833333333336,5.0,5.166666666666667,36.785437,-119.77309416666668,,1,23,30.901068307041015
2025-06-03 04:30:00,1748949901.0,18.666666666666668,57.66666666666666,31.733666666666668,5.0,5.666666666666667,36.7853975,-119.77306500000002,,1,23,30.32879594870795
2025-06-03 05:30:00,1748953501.0,18.0,60.333333333333336,28.857666666666663,5.166666666666667,5.666666666666667,36.78538683333333,-119.77311833333331,,1,23,28.295262650794776
2025-06-03 06:30:00,1748957101.0,18.166666666666668,59.5,28.017666666666667,5.5,6.0,36.78540933333333,-119.77307633333334,,1,23,27.502410090177243
2025-06-03 07:30:00,1748960701.0,20.0,52.66666666666666,30.87633333333333,5.0,5.0,36.78539716666666,-119.77311583333334,,1,23,28.856963998260376
2025-06-03 08:30:00,1748964301.0,21.83333333333333,45.16666666666666,37.773833333333336,5.0,5.5,36.78542333333333,-119.77308166666668,,1,23,33.64232532326001
2025-06-03 09:30:00,1748967901.0,24.5,37.833333333333336,41.38766666666667,4.166666666666667,4.333333333333333,36.785411333333336,-119.7731005,,1,23,36.03020456813172
2025-06-03 10:30:00,1748971501.0,26.5,35.666666666666664,46.3685,4.0,4.666666666666667,36.7853845,-119.77309166666667,,1,23,41.04954616388379
2025-06-03 11:30:00,1748975101.0,28.83333333333333,29.666666666666668,52.307500000000005,3.5,3.5,36.78540916666667,-119.77311066666664,,1,23,45.66939184333977
2025-06-03 12:30:00,1748978701.0,30.5,27.666666666666668,55.184,3.1666666666666665,3.333333333333333,36.785415,-119.77309533333332,,1,23,48.63143593434771
2025-06-03 13:30:00,1748982301.0,31.83333333333333,24.666666666666668,56.304,3.5,3.5,36.78539083333333,-119.77310433333334,,1,23,49.639829596294476
2025-06-03 14:30:00,1748985901.0,33.0,23.0,59.29816666666667,3.1666666666666665,3.333333333333333,36.78542466666667,-119.7731245,,1,23,52.441671361397866
2025-06-03 15:30:00,1748989501.0,34.166666666666664,22.33333333333333,61.226,3.6666666666666665,3.6666666666666665,36.785389,-119.7731045,,1,23,54.83591664485117
2025-06-03 16:30:00,1748993101.0,34.0,21.33333333333333,64.607,3.8333333333333335,4.0,36.7854075,-119.773117,,1,23,57.31689475262756
2025-06-03 17:30:00,1748996701.0,34.0,20.666666666666668,68.86483333333334,3.5,3.8333333333333335,36.78545866666666,-119.7731055,,1,23,60.66347603501572
2025-06-03 18:30:00,1749000301.0,33.166666666666664,20.666666666666668,69.15833333333333,3.0,3.1666666666666665,36.7853935,-119.77310433333332,,1,23,60.16049173867009
2025-06-03 19:30:00,1749003901.0,31.83333333333333,23.83333333333333,65.607,6.166666666666667,6.166666666666667,36.78540916666667,-119.7731415,,1,23,57.93193330378659
2025-06-03 20:30:00,1749007501.0,29.5,31.0,61.88016666666667,8.833333333333334,9.0,36.78540683333333,-119.77310183333331,,1,23,56.0592313419109
2025-06-03 21:30:00,1749011101.0,28.166666666666668,35.333333333333336,59.27183333333334,8.666666666666666,8.833333333333334,36.7853985,-119.77312966666666,,1,23,54.25159091014528
2025-06-03 22:30:00,1749014701.0,27.0,39.333333333333336,53.41766666666666,8.333333333333334,8.5,36.785403,-119.77310316666666,,1,23,49.64680871205999
2025-06-03 23:30:00,1749018301.0,25.666666666666668,43.5,49.189166666666665,7.5,7.833333333333333,36.78541633333333,-119.7730915,,1,23,46.25757599110307
2025-06-04 00:30:00,1749021901.0,24.0,49.66666666666666,37.66033333333333,7.833333333333333,8.333333333333334,36.78540733333333,-119.77310166666666,,1,23,37.3353392344674
2025-06-04 01:30:00,1749025501.0,22.666666666666668,51.16666666666666,36.459833333333336,6.5,7.0,36.78537933333333,-119.77310033333332,,1,23,35.50464739472129
2025-06-04 02:30:00,1749029101.0,21.33333333333333,56.16666666666666,27.584,7.0,7.333333333333333,36.785382000000006,-119.77309266666668,,1,23,28.714179391942537
2025-06-04 03:30:00,1749032701.0,20.166666666666668,61.0,21.207833333333333,7.5,7.833333333333333,36.78542733333333,-119.7730955,,1,23,24.14011587382892
2025-06-04 04:30:00,1749036301.0,19.33333333333333,63.66666666666666,20.25483333333333,7.5,8.0,36.78540616666667,-119.77309433333332,,1,23,23.61379152773916
2025-06-04 05:30:00,1749039901.0,19.0,66.83333333333333,19.22683333333333,8.166666666666666,8.333333333333334,36.78542516666666,-119.7731145,,1,23,23.67654310559295
2025-06-04 06:30:00,1749043501.0,19.33333333333333,66.16666666666667,16.0945,9.166666666666666,9.5,36.78540083333333,-119.77309283333334,,1,23,21.27973793048414
2025-06-04 07:30:00,1749047101.0,21.166666666666668,59.66666666666666,22.2325,9.333333333333334,10.166666666666666,36.7854515,-119.77313716666669,,1,23,25.791075573530208
2025-06-04 08:30:00,1749050701.0,23.666666666666668,50.16666666666666,33.366,8.333333333333334,9.0,36.785383333333336,-119.77312233333332,,1,23,33.72268317327497
2025-06-04 09:30:00,1749054301.0,26.33333333333333,42.833333333333336,43.73316666666667,7.166666666666667,7.666666666666667,36.785424,-119.77309783333334,,1,23,41.81008939441722
2025-06-04 10:30:00,1749057901.0,28.666666666666668,38.5,48.031666666666666,7.5,7.833333333333333,36.78541516666667,-119.77308916666668,,1,23,45.82929988188063
2025-06-04 11:30:00,1749061501.0,30.666666666666668,33.666666666666664,52.48933333333333,7.666666666666667,7.833333333333333,36.78543283333334,-119.7730625,,1,23,49.529402589794415
2025-06-04 12:30:00,1749065101.0,32.833333333333336,29.0,58.22216666666666,7.166666666666667,7.166666666666667,36.785418166666666,-119.773089,,1,23,54.339823996684444
2025-06-04 13:30:00,1749068701.0,33.833333333333336,26.0,59.88466666666667,5.833333333333333,6.0,36.78544033333333,-119.7730815,,1,23,55.19804011460276
2025-06-04 14:30:00,1749072301.0,34.666666666666664,25.666666666666668,60.84016666666667,5.0,5.166666666666667,36.785457,-119.773107,,1,23,56.32498452514129
2025-06-04 15:30:00,1749075901.0,35.166666666666664,23.5,61.900666666666666,4.833333333333333,5.166666666666667,36.78543733333333,-119.7730955,,1,23,56.85236083008911
2025-06-04 16:30:00,1749079501.0,35.333333333333336,24.166666666666668,64.79,5.0,5.166666666666667,36.785422,-119.7730955,,1,23,59.6901820191016
2025-06-04 17:30:00,1749083101.0,35.0,23.83333333333333,64.44,5.166666666666667,5.333333333333333,36.78540616666667,-119.77314633333332,,1,23,59.07122551902914
2025-06-04 18:30:00,1749086701.0,34.0,27.5,65.53416666666666,6.5,6.666666666666667,36.78538266666666,-119.77312716666668,,1,23,60.80361783789513
2025-06-04 19:30:00,1749090301.0,32.5,32.5,61.0445,7.833333333333333,8.5,36.785404,-119.77311966666666,,1,23,57.88885001737967
2025-06-04 20:30:00,1749093901.0,30.5,35.166666666666664,56.54683333333333,8.166666666666666,8.833333333333334,36.78536983333333,-119.773046,,1,23,53.53299257146671
2025-06-04 21:30:00,1749097501.0,28.83333333333333,36.5,49.25516666666667,7.5,7.833333333333333,36.78540683333333,-119.7730395,,1,23,46.32813346611013
2025-06-04 22:30:00,1749101101.0,27.33333333333333,40.833333333333336,43.55666666666667,7.166666666666667,7.666666666666667,36.785373666666665,-119.77311833333331,,1,23,41.73441482086298
2025-06-04 23:30:00,1749104701.0,26.0,44.66666666666666,42.2455,7.333333333333333,7.666666666666667,36.78540683333333,-119.77309933333332,,1,23,40.93063841012055
2025-06-05 00:30:00,1749108301.0,25.166666666666668,43.333333333333336,39.78033333333334,6.666666666666667,7.0,36.78538183333333,-119.773122,,1,23,37.602271901702736
2025-06-05 01:30:00,1749111901.0,23.33333333333333,47.5,34.694833333333335,7.0,7.666666666666667,36.78540483333334,-119.77308516666666,,1,23,33.40040459207623
2025-06-05 02:30:00,1749115501.0,21.5,53.0,30.167,7.833333333333333,8.166666666666666,36.78542133333333,-119.7730905,,1,23,30.18007336007568
2025-06-05 03:30:00,1749119101.0,20.5,54.833333333333336,29.2355,7.333333333333333,8.0,36.7854175,-119.7730765,,1,23,29.16549413552258
2025-06-05 04:30:00,1749122701.0,19.666666666666668,57.333333333333336,26.968666666666667,7.5,8.0,36.785413,-119.77310533333332,,1,23,27.472005477282494
2025-06-05 05:30:00,1749126301.0,19.0,59.66666666666666,25.374,12.833333333333334,13.5,36.78538616666666,-119.77310683333332,,1,23,27.67320286855741
2025-06-05 06:30:00,1749129901.0,19.166666666666668,59.66666666666666,22.934833333333334,11.5,11.666666666666666,36.7853585,-119.77311183333336,,1,23,25.35557590115574
2025-06-05 07:30:00,1749133501.0,20.33333333333333,54.333333333333336,27.539,8.166666666666666,8.666666666666666,36.785372333333335,-119.77306116666666,,1,23,27.60870292612327
2025-06-05 08:30:00,1749137101.0,23.0,47.0,31.08966666666667,7.833333333333333,8.166666666666666,36.78540616666667,-119.77311733333332,,1,23,30.07581521868407
2025-06-05 09:30:00,1749140701.0,25.666666666666668,40.833333333333336,38.1825,7.833333333333333,8.333333333333334,36.785422833333335,-119.77310433333334,,1,23,36.06496980125091
2025-06-05 10:30:00,1749144600.4285717,28.285714285714285,33.142857142857146,46.77228571428572,6.285714285714286,6.571428571428571,36.78540628571428,-119.77312014285714,,1,23,42.38605960173727
2025-06-05 11:30:00,1749148500.0,30.33333333333333,29.5,52.34916666666667,5.833333333333333,6.0,36.785417,-119.773131,,1,23,47.33294477190053
2025-06-05 12:30:00,1749152100.0,32.333333333333336,27.666666666666668,56.84333333333333,6.833333333333333,7.0,36.78540616666667,-119.77313233333332,,1,23,52.28041263579672
2025-06-05 13:30:00,1749155700.0,33.5,25.83333333333333,58.32566666666667,5.666666666666667,5.833333333333333,36.78537633333334,-119.7731375,,1,23,53.52412486462363
2025-06-05 14:30:00,1749159300.0,34.666666666666664,24.666666666666668,59.1655,5.0,5.166666666666667,36.7854005,-119.77310933333332,,1,23,54.56101149914147
2025-06-05 15:30:00,1749162900.0,35.166666666666664,23.83333333333333,60.1745,5.166666666666667,5.666666666666667,36.78545133333333,-119.77305483333332,,1,23,55.584410535146986
2025-06-05 16:30:00,1749166500.0,35.5,23.0,62.277166666666666,4.833333333333333,5.166666666666667,36.785436,-119.7730625,,1,23,57.25446031911447
2025-06-05 17:30:00,1749170100.0,35.0,24.83333333333333,64.4555,6.0,6.166666666666667,36.7862295,-119.77437349999998,,1,23,59.61646333301749
2025-06-05 18:30:00,1749173700.0,34.0,25.33333333333333,65.09683333333334,6.0,6.0,36.7853705,-119.77311816666668,,1,23,59.57200718185477
2025-06-05 19:30:00,1749177300.0,32.5,27.0,64.6685,6.166666666666667,6.166666666666667,36.785387166666666,-119.77313733333334,,1,23,58.687169999565455
2025-06-05 20:30:00,1749180900.0,30.0,33.833333333333336,58.672,8.333333333333334,8.5,36.785415666666665,-119.7731285,,1,23,54.523393180621326
2025-06-05 21:30:00,1749184500.0,26.666666666666668,40.833333333333336,39.4525,7.666666666666667,8.166666666666666,36.785401666666665,-119.77311583333334,,1,23,37.85379793715258
2025-06-05 22:30:00,1749188100.0,25.166666666666668,45.66666666666666,39.53066666666667,6.666666666666667,7.0,36.7853495,-119.77310916666666,,1,23,38.17020139212457
2025-06-05 23:30:00,1749191700.0,23.666666666666668,51.16666666666666,36.76866666666667,6.0,6.5,36.785382,-119.77312983333331,,1,23,36.39424534164783
2025-06-06 00:30:00,1749195300.0,22.0,55.66666666666666,31.3485,5.166666666666667,5.666666666666667,36.78538833333334,-119.77312733333332,,1,23,31.836649225502555
2025-06-06 01:30:00,1749198900.0,20.666666666666668,59.333333333333336,27.529666666666667,5.0,5.166666666666667,36.78538383333333,-119.77312866666666,,1,23,28.74321766583744
2025-06-06 02:30:00,1749202500.0,19.666666666666668,62.0,25.2425,4.833333333333333,5.0,36.785407166666666,-119.77308516666666,,1,23,26.899947597954394
2025-06-06 03:30:00,1749206100.0,19.0,63.66666666666666,25.586166666666667,4.166666666666667,4.666666666666667,36.78536666666667,-119.77311716666668,,1,23,27.12655512067699
2025-06-06 04:30:00,1749209700.0,18.166666666666668,66.0,25.05,4.166666666666667,4.333333333333333,36.78540383333333,-119.7731005,,1,23,26.80010188638677
2025-06-06 05:30:00,1749213300.0,17.333333333333332,68.83333333333333,22.671833333333336,5.0,5.333333333333333,36.78540483333333,-119.77311366666667,,1,23,25.310537469836014
2025-06-06 06:30:00,1749216900.0,18.0,66.83333333333333,21.95833333333333,4.666666666666667,4.833333333333333,36.785361,-119.77308766666664,,1,23,24.43473975268826
2025-06-06 07:30:00,1749220500.0,19.5,62.16666666666666,23.698166666666665,5.0,5.166666666666667,36.78543533333333,-119.77312966666666,,1,23,25.553104995898586
2025-06-06 08:30:00,1749224100.0,22.0,56.833333333333336,23.58866666666667,7.166666666666667,7.333333333333333,36.7853895,-119.77313633333334,,1,23,26.04843673034634
2025-06-06 09:30:00,1749227700.0,24.666666666666668,50.333333333333336,28.5135,9.833333333333334,10.333333333333334,36.785414333333335,-119.773116,,1,23,30.72182508914456
2025-06-06 10:30:00,1749231300.0,27.166666666666668,43.66666666666666,37.34,11.333333333333334,11.833333333333334,36.7853725,-119.77309166666667,,1,23,38.239518724854165
2025-06-06 11:30:00,1749234900.0,29.83333333333333,38.0,50.15833333333333,11.166666666666666,11.333333333333334,36.78539983333334,-119.77313116666666,,1,23,49.19873312869446
2025-06-06 12:30:00,1749238500.0,31.666666666666668,33.5,58.72166666666666,8.833333333333334,8.833333333333334,36.785421,-119.773103,,1,23,55.79847639510996
2025-06-06 13:30:00,1749242100.0,33.5,31.0,59.11366666666667,7.166666666666667,7.333333333333333,36.7854165,-119.77311716666668,,1,23,56.281149613123546
2025-06-06 14:30:00,1749245700.0,34.666666666666664,29.166666666666668,61.179,6.5,6.666666666666667,36.7854175,-119.7731235,,1,23,58.1408015124631
2025-06-06 15:30:00,1749249300.0,35.833333333333336,23.666666666666668,61.865,5.833333333333333,6.166666666666667,36.78539783333333,-119.7731095,,1,23,57.61072107543795
2025-06-06 16:30:00,1749252900.0,36.0,24.33333333333333,62.12033333333333,5.666666666666667,5.833333333333333,36.78543083333333,-119.77308683333332,,1,23,58.12162189843892
2025-06-06 17:30:00,1749256500.0,36.0,22.166666666666668,59.75966666666667,5.333333333333333,5.5,36.7853915,-119.77311583333334,,1,23,55.30275687136917
2025-06-06 18:30:00,1749260100.0,35.666666666666664,21.166666666666668,56.05566666666667,5.0,5.0,36.78542133333333,-119.77309666666667,,1,23,51.46501939011068
2025-06-06 19:30:00,1749263700.0,33.833333333333336,25.166666666666668,54.457166666666666,5.833333333333333,6.0,36.785399000000005,-119.7731045,,1,23,50.28697413362195
2025-06-06 20:30:00,1749267300.0,31.166666666666668,31.166666666666668,49.0035,6.666666666666667,6.666666666666667,36.78536416666667,-119.77310433333334,,1,23,45.83828139756372
2025-06-06 21:30:00,1749270900.0,29.5,37.333333333333336,46.25216666666668,7.0,7.0,36.785659333333335,-119.77454116666668,,1,23,44.392489069594916
2025-06-06 22:30:00,1749274500.0,27.5,42.833333333333336,45.943000000000005,6.333333333333333,6.5,36.785495833333336,-119.77309183333334,,1,23,44.33772071175402
2025-06-06 23:30:00,1749278100.0,26.666666666666668,44.333333333333336,45.965833333333336,5.833333333333333,6.0,36.78538516666666,-119.77310166666666,,1,23,44.120579908507054
2025-06-07 00:30:00,1749281700.0,25.0,50.66666666666666,35.665,6.833333333333333,6.833333333333333,36.7854295,-119.77311216666664,,1,23,36.43046992052308
2025-06-07 01:30:00,1749285300.0,23.33333333333333,54.5,29.8375,6.5,6.666666666666667,36.785396,-119.773107,,1,23,31.435230183310054
2025-06-07 02:30:00,1749288900.0,21.83333333333333,58.0,27.55183333333333,6.0,6.166666666666667,36.78541766666667,-119.77308033333334,,1,23,29.421057278650707
2025-06-07 03:30:00,1749292500.0,21.0,58.16666666666666,28.136666666666667,5.833333333333333,6.0,36.78540733333333,-119.77308383333332,,1,23,29.31618444544224
2025-06-07 04:30:00,1749296100.0,20.5,61.0,25.776666666666667,5.666666666666667,6.166666666666667,36.78543116666666,-119.77308533333331,,1,23,27.86827588701979
2025-06-07 05:30:00,1749299700.0,19.0,67.33333333333333,18.154666666666667,8.166666666666666,8.333333333333334,36.78538,-119.773079,,1,23,22.928854779666352
2025-06-07 06:30:00,1749303300.0,19.33333333333333,66.5,18.150666666666663,8.833333333333334,9.166666666666666,36.785422,-119.773089,,1,23,23.06724266423813
2025-06-07 07:30:00,1749306900.0,21.33333333333333,57.5,24.97583333333333,7.333333333333333,8.0,36.78536433333333,-119.77312733333332,,1,23,27.042967204932324
2025-06-07 08:30:00,1749310500.0,24.5,49.333333333333336,31.37933333333333,8.0,8.5,36.785403,-119.77312983333331,,1,23,32.274864000451984
2025-06-07 09:30:00,1749314100.0,27.83333333333333,43.5,40.353,11.5,11.5,36.78546033333333,-119.773078,,1,23,41.24661380583868
2025-06-07 10:30:00,1749317700.0,30.5,39.0,50.53633333333334,12.0,12.5,36.7853775,-119.77309666666667,,1,23,50.579150210111095
2025-06-07 11:30:00,1749321300.0,32.166666666666664,35.0,59.93533333333334,13.166666666666666,13.166666666666666,36.785415,-119.7730485,,1,23,58.73447708290111
2025-06-07 12:30:00,1749324900.0,33.666666666666664,32.666666666666664,62.8355,10.666666666666666,10.666666666666666,36.785401,-119.77306366666666,,1,23,60.95335561384722
2025-06-07 13:30:00,1749328500.0,34.666666666666664,30.5,59.43966666666668,9.0,9.0,36.785373,-119.773102,,1,23,57.67975218050502
2025-06-07 14:30:00,1749332100.0,36.0,28.666666666666668,57.35333333333333,8.0,8.166666666666666,36.785428333333336,-119.77308266666668,,1,23,56.05605604744697
2025-06-07 15:30:00,1749335700.0,36.833333333333336,27.0,59.6805,8.0,8.166666666666666,36.78543583333333,-119.77309416666668,,1,23,58.104658197248355
2025-06-07 16:30:00,1749339300.0,37.0,27.5,64.56133333333334,8.5,8.5,36.78543316666667,-119.773122,,1,23,62.665267704881856
2025-06-07 17:30:00,1749342900.0,37.0,25.5,62.7225,7.666666666666667,8.0,36.78541516666667,-119.77310316666669,,1,23,60.25871316142286
2025-06-07 18:30:00,1749346500.0,35.833333333333336,22.666666666666668,61.28733333333333,6.666666666666667,6.833333333333333,36.78543866666667,-119.77308033333333,,1,23,56.96551229090477
2025-06-07 19:30:00,1749350100.0,34.166666666666664,26.166666666666668,59.02966666666666,6.5,6.833333333333333,36.78539283333333,-119.77311316666668,,1,23,54.9448548517352
2025-06-07 20:30:00,1749353700.0,32.0,31.166666666666668,52.9705,7.0,7.0,36.7854125,-119.77311216666668,,1,23,49.92318972246396
2025-06-07 21:30:00,1749357300.0,30.5,32.166666666666664,51.135333333333335,6.5,6.666666666666667,36.785366,-119.77310583333332,,1,23,47.47147184260004
2025-06-07 22:30:00,1749360900.0,28.83333333333333,35.166666666666664,46.60616666666667,6.833333333333333,6.833333333333333,36.785368,-119.773093,,1,23,43.433667122679736
2025-06-07 23:30:00,1749364500.0,27.166666666666668,40.66666666666666,40.42883333333334,6.833333333333333,7.0,36.78536983333333,-119.77306983333334,,1,23,38.776639973491754
2025-06-08 00:30:00,1749368100.0,26.0,41.0,40.30433333333333,6.333333333333333,6.5,36.78539283333333,-119.77305366666668,,1,23,37.795119788980074
2025-06-08 01:30:00,1749371700.0,24.666666666666668,45.5,35.07516666666667,6.333333333333333,6.666666666666667,36.78536883333334,-119.77311349999998,,1,23,33.86072556766223
2025-06-08 02:30:00,1749375300.0,23.166666666666668,50.0,30.325333333333333,7.0,7.0,36.785389,-119.773084,,1,23,30.32488291652976
2025-06-08 03:30:00,1749378900.0,21.666666666666668,53.5,27.083,7.0,7.0,36.78539966666667,-119.77309666666667,,1,23,27.612611438339883
2025-06-08 04:30:00,1749382500.0,21.0,56.333333333333336,25.911,7.0,7.0,36.785401666666665,-119.77309933333332,,1,23,27.064464258032082
2025-06-08 05:30:00,1749386100.0,20.0,57.16666666666666,24.93766666666667,7.833333333333333,8.5,36.7853965,-119.7731145,,1,23,26.02466643347345
2025-06-08 06:30:00,1749389700.0,20.666666666666668,54.66666666666666,26.1715,6.0,6.166666666666667,36.78540233333333,-119.77309433333332,,1,23,26.258812849012365
2025-06-08 07:30:00,1749393300.0,22.666666666666668,47.0,31.4315,5.166666666666667,5.166666666666667,36.785394833333335,-119.77308766666664,,1,23,29.458554560892907
2025-06-08 08:30:00,1749396900.0,24.166666666666668,43.16666666666666,36.2265,5.333333333333333,5.333333333333333,36.785413166666665,-119.7731375,,1,23,33.42384470131172
2025-06-08 09:30:00,1749400200.4,26.2,39.2,39.3952,5.6,5.8,36.785392,-119.7731292,,1,23,36.39493839019755
2025-06-08 10:30:00,1749403501.0,28.5,35.166666666666664,43.46233333333333,5.166666666666667,5.166666666666667,36.78539216666667,-119.7730625,,1,23,40.10782830318355
2025-06-08 11:30:00,1749407101.0,30.33333333333333,32.0,48.37866666666667,5.666666666666667,5.833333333333333,36.78541883333333,-119.773107,,1,23,44.74163369710958
2025-06-08 12:30:00,1749410701.0,32.5,28.5,51.53966666666667,5.833333333333333,5.833333333333333,36.785407166666666,-119.77307133333332,,1,23,47.905445089053345
2025-06-08 13:30:00,1749414301.0,34.166666666666664,26.33333333333333,53.45166666666668,5.666666666666667,6.0,36.7853565,-119.7731235,,1,23,50.04277081195177
2025-06-08 14:30:00,1749417901.0,35.5,25.166666666666668,56.1565,5.333333333333333,5.333333333333333,36.7853955,-119.77309666666667,,1,23,52.844799239048825
2025-06-08 15:30:00,1749421501.0,36.66666666666666,23.83333333333333,57.8695,6.333333333333333,6.5,36.7854055,-119.7730765,,1,23,54.98045964384414
2025-06-08 16:30:00,1749425101.0,37.0,25.33333333333333,60.991166666666665,7.5,7.666666666666667,36.78536566666666,-119.77306500000002,,1,23,58.671082812990676
2025-06-08 17:30:00,1749428701.0,36.66666666666666,27.33333333333333,62.39533333333333,9.166666666666666,9.166666666666666,36.78537883333333,-119.773098,,1,23,60.67059553198462
2025-06-08 18:30:00,1749432301.0,34.833333333333336,32.666666666666664,61.43016666666667,9.333333333333334,9.5,36.7854015,-119.773084,,1,23,60.32153066591668
2025-06-08 19:30:00,1749435901.0,32.833333333333336,38.333333333333336,54.16416666666667,10.0,10.333333333333334,36.78538383333333,-119.77309916666668,,1,23,54.700861009939814
2025-06-08 20:30:00,1749439501.0,30.5,41.5,49.3045,9.166666666666666,9.166666666666666,36.7853965,-119.77308266666668,,1,23,49.64953490234133
2025-06-08 21:30:00,1749443101.0,29.166666666666668,44.333333333333336,45.79266666666666,8.0,8.333333333333334,36.785432,-119.773126,,1,23,46.36150694686269
2025-06-08 22:30:00,1749446701.0,27.666666666666668,47.5,41.71383333333333,10.166666666666666,10.333333333333334,36.78537633333333,-119.7730765,,1,23,43.32193489245837
2025-06-08 23:30:00,1749450301.0,26.5,50.66666666666666,37.01433333333333,9.166666666666666,9.333333333333334,36.7854085,-119.77309933333332,,1,23,39.26584559056138
2025-06-09 00:30:00,1749453901.0,25.0,55.0,27.50333333333333,8.0,8.166666666666666,36.78524083333333,-119.7733665,,1,24,31.353883261436636
2025-06-09 01:30:00,1749457501.0,23.83333333333333,55.333333333333336,25.42816666666667,6.333333333333333,6.5,36.7853865,-119.77309683333334,,1,24,28.431346799427097
2025-06-09 02:30:00,1749461101.0,23.0,56.16666666666666,24.9125,5.666666666666667,5.666666666666667,36.78542016666666,-119.77308283333332,,1,24,27.477247702694598
2025-06-09 03:30:00,1749464701.0,22.33333333333333,57.833333333333336,24.392333333333337,5.0,5.0,36.7854035,-119.77306383333332,,1,24,26.937074407069176
2025-06-09 04:30:00,1749468301.0,21.166666666666668,60.5,22.362,5.166666666666667,5.333333333333333,36.7853945,-119.77310433333334,,1,24,25.282619058742966
2025-06-09 05:30:00,1749471901.0,20.5,62.66666666666666,20.865666666666662,6.333333333333333,6.5,36.78540233333333,-119.77313983333332,,1,24,24.51072958013556
2025-06-09 06:30:00,1749475501.0,20.33333333333333,63.16666666666666,18.64633333333333,5.666666666666667,5.833333333333333,36.78540366666667,-119.77310816666666,,1,24,22.502085627868716
2025-06-09 07:30:00,1749479101.0,23.0,55.833333333333336,21.545,5.5,5.666666666666667,36.785373666666665,-119.77310183333331,,1,24,24.466971014821404
2025-06-09 08:30:00,1749482701.0,26.0,46.833333333333336,29.61433333333333,5.166666666666667,5.166666666666667,36.785469,-119.773215,,1,24,30.480836565422408
2025-06-09 09:30:00,1749486301.0,27.83333333333333,41.66666666666666,36.56766666666667,6.0,6.0,36.78541116666667,-119.77307383333334,,1,24,36.247844144286674
2025-06-09 10:30:00,1749489901.0,30.0,38.0,42.08116666666667,5.833333333333333,6.0,36.785382,-119.77311183333336,,1,24,41.314245538431265
2025-06-09 11:30:00,1749493501.0,31.83333333333333,35.833333333333336,49.1015,7.666666666666667,7.666666666666667,36.7853945,-119.773122,,1,24,48.36457010092617
2025-06-09 12:30:00,1749497101.0,33.833333333333336,32.333333333333336,51.72166666666666,7.0,7.0,36.78539383333334,-119.77312083333334,,1,24,50.760215069405106
2025-06-09 13:30:00,1749500701.0,35.5,30.33333333333333,52.86366666666667,7.166666666666667,7.166666666666667,36.785390166666666,-119.77309783333334,,1,24,52.345545413093646
2025-06-09 14:30:00,1749504301.0,36.5,29.5,56.1105,9.166666666666666,9.5,36.7853985,-119.77308266666668,,1,24,56.085076194470005
2025-06-09 15:30:00,1749507901.0,37.333333333333336,28.0,57.337,9.0,9.166666666666666,36.78541066666667,-119.773088,,1,24,57.19586717330972
2025-06-09 16:30:00,1749511501.0,38.0,26.166666666666668,57.57149999999999,9.833333333333334,10.0,36.78536866666667,-119.77310583333332,,1,24,57.47590829669882
2025-06-09 17:30:00,1749515101.0,38.0,25.166666666666668,59.660500000000006,9.0,9.0,36.78536933333333,-119.77309666666667,,1,24,58.71200090239249
2025-06-09 18:30:00,1749518701.0,36.833333333333336,28.666666666666668,62.90616666666667,9.0,9.5,36.785417,-119.77312083333334,,1,24,61.82939149293951
2025-06-09 19:30:00,1749522301.0,35.333333333333336,32.666666666666664,64.61766666666666,10.0,10.0,36.785406,-119.7730905,,1,24,63.70480353090544
2025-06-09 20:30:00,1749525901.0,33.0,34.5,55.102833333333336,10.0,10.0,36.7854155,-119.77312983333331,,1,24,54.46103298008188
2025-06-09 21:30:00,1749529501.0,31.5,40.333333333333336,52.848333333333336,11.0,11.166666666666666,36.78541966666666,-119.77312866666666,,1,24,53.624360861289574
2025-06-09 22:30:00,1749533101.0,29.83333333333333,47.0,46.51,11.666666666666666,11.833333333333334,36.7854315,-119.7731045,,1,24,49.36349623553738
2025-06-09 23:30:00,1749536701.0,27.5,50.333333333333336,36.08416666666667,8.833333333333334,8.833333333333334,36.785418166666666,-119.7730575,,1,24,39.158746235654434
2025-06-10 00:30:00,1749540301.0,25.83333333333333,52.16666666666666,32.883,7.0,7.0,36.78540233333334,-119.77313483333334,,1,24,35.365638603598626
2025-06-10 01:30:00,1749543901.0,24.666666666666668,54.16666666666666,28.56433333333333,6.5,6.5,36.785398,-119.7731045,,1,24,31.362444011067822
2025-06-10 02:30:00,1749547501.0,23.5,56.16666666666666,25.085166666666662,6.0,6.0,36.78537883333333,-119.7730865,,1,24,28.075725997368544
2025-06-10 03:30:00,1749551101.0,22.33333333333333,60.0,21.627333333333336,6.333333333333333,7.0,36.78541233333333,-119.77309933333332,,1,24,25.677229713615745
2025-06-10 04:30:00,1749554701.0,22.0,61.833333333333336,19.6185,6.833333333333333,7.0,36.785412,-119.77307133333332,,1,24,24.402365367358563
2025-06-10 05:30:00,1749558301.0,21.0,62.0,17.618666666666666,7.333333333333333,7.666666666666667,36.785412666666666,-119.77312216666668,,1,24,22.14012755135385
2025-06-10 06:30:00,1749561901.0,21.166666666666668,63.16666666666666,15.135666666666664,8.333333333333334,8.333333333333334,36.7853865,-119.7731525,,1,24,20.742778665773073
2025-06-10 07:30:00,1749565501.0,23.33333333333333,56.16666666666666,19.0105,7.166666666666667,7.166666666666667,36.78540233333334,-119.77312083333334,,1,24,23.043404701274667
2025-06-10 08:30:00,1749569101.0,26.166666666666668,47.5,27.7175,7.166666666666667,7.333333333333333,36.785404666666665,-119.773122,,1,24,29.697450713385706
2025-06-10 09:30:00,1749572701.0,29.0,42.66666666666666,34.312999999999995,8.666666666666666,8.666666666666666,36.785432166666666,-119.773074,,1,24,36.15809717255735
2025-06-10 10:30:00,1749576301.0,31.666666666666668,38.5,46.243,11.666666666666666,11.833333333333334,36.785394,-119.77307516666669,,1,24,47.65524638861015
2025-06-10 11:30:00,1749579901.0,33.5,36.0,51.147333333333336,11.5,11.833333333333334,36.78539166666666,-119.77305116666666,,1,24,52.34412290980889
2025-06-10 12:30:00,1749583501.0,35.5,32.0,56.573,9.833333333333334,10.0,36.7854685,-119.77304583333334,,1,24,56.71526281283883
2025-06-10 13:30:00,1749587101.0,37.0,29.0,60.14083333333334,10.666666666666666,10.833333333333334,36.78540766666666,-119.77309433333332,,1,24,60.06998447402553
2025-06-10 14:30:00,1749590701.0,37.833333333333336,28.33333333333333,59.678666666666665,10.5,10.5,36.785371833333336,-119.77310183333331,,1,24,60.018504033335844
2025-06-10 15:30:00,1749594301.0,38.16666666666666,27.5,59.12266666666667,9.5,9.5,36.78543533333333,-119.77314883333334,,1,24,59.27643350520373
2025-06-10 16:30:00,1749597901.0,38.16666666666666,25.666666666666668,59.498333333333335,8.666666666666666,8.666666666666666,36.78541783333333,-119.77308133333334,,1,24,58.78610753833988
2025-06-10 17:30:00,1749601501.0,37.66666666666666,25.666666666666668,61.12916666666666,11.666666666666666,12.0,36.78540933333333,-119.77308666666666,,1,24,60.54553876340685
2025-06-10 18:30:00,1749605101.0,36.5,27.83333333333333,54.959833333333336,12.333333333333334,12.666666666666666,36.78541116666667,-119.77308783333336,,1,24,55.29487486197739
2025-06-10 19:30:00,1749608701.0,34.5,29.166666666666668,52.18983333333333,8.333333333333334,8.333333333333334,36.7854085,-119.77313233333332,,1,24,50.91176421754284
2025-06-10 20:30:00,1749612301.0,32.166666666666664,33.5,53.6875,11.166666666666666,11.333333333333334,36.785422,-119.77311716666668,,1,24,52.58903482668751
2025-06-10 21:30:00,1749615901.0,30.5,40.5,51.1385,8.833333333333334,9.166666666666666,36.785404666666665,-119.77311466666669,,1,24,50.97829397901444
2025-06-10 22:30:00,1749619501.0,28.5,47.0,46.47916666666666,9.5,9.666666666666666,36.78539466666667,-119.77309566666668,,1,24,47.831695471646114
2025-06-10 23:30:00,1749623101.0,26.166666666666668,49.833333333333336,35.0405,8.0,8.166666666666666,36.7854145,-119.77307266666666,,1,24,36.92561147542864
2025-06-11 00:30:00,1749626701.0,24.5,49.16666666666666,31.882500000000004,7.0,7.0,36.785394,-119.77309933333332,,1,24,32.51507192093112
2025-06-11 01:30:00,1749630301.0,23.33333333333333,51.0,30.3375,7.0,7.0,36.78538816666667,-119.77310683333332,,1,24,30.94166894269921
2025-06-11 02:30:00,1749633901.0,22.166666666666668,51.16666666666666,29.7135,6.666666666666667,7.0,36.78542016666667,-119.7730865,,1,24,29.54705597910076
2025-06-11 03:30:00,1749637501.0,21.166666666666668,51.66666666666666,28.983,6.0,6.333333333333333,36.78545116666667,-119.77307633333334,,1,24,28.188735554186316
2025-06-11 04:30:00,1749641101.0,19.83333333333333,54.333333333333336,27.233500000000003,6.166666666666667,6.5,36.7854145,-119.77307516666669,,1,24,26.635124649790598
2025-06-11 05:30:00,1749644701.0,19.0,55.333333333333336,26.832833333333337,6.166666666666667,6.333333333333333,36.785397333333336,-119.77308666666666,,1,24,25.992792242396362
2025-06-11 06:30:00,1749648301.0,19.0,54.66666666666666,25.8155,6.333333333333333,6.833333333333333,36.78541383333334,-119.77308783333332,,1,24,24.97039224386141
2025-06-11 07:30:00,1749651901.0,20.666666666666668,49.833333333333336,26.596666666666668,6.333333333333333,6.666666666666667,36.78542133333333,-119.77311183333336,,1,24,25.245172311932237
2025-06-11 08:30:00,1749655800.7142856,23.714285714285715,33.42857142857143,40.66914285714285,4.142857142857143,4.142857142857143,36.785379142857145,-119.77309528571428,,1,24,33.484951482548865
2025-06-11 09:30:00,1749659700.0,26.83333333333333,26.166666666666668,48.661,3.5,3.6666666666666665,36.785352,-119.77307516666669,,1,24,40.05934249674098
2025-06-11 10:30:00,1749663300.0,29.0,22.83333333333333,52.597,3.5,4.0,36.78540483333334,-119.77310816666666,,1,24,43.945215889460314
2025-06-11 11:30:00,1749666900.0,31.0,20.0,55.900666666666666,4.166666666666667,4.333333333333333,36.7854015,-119.77313233333332,,1,24,47.43347260065907
2025-06-11 12:30:00,1749670500.0,32.5,18.166666666666668,58.26383333333333,3.0,3.0,36.785384,-119.77311833333331,,1,24,49.66230147644413
2025-06-11 13:30:00,1749674100.0,33.833333333333336,17.166666666666668,58.32866666666666,2.833333333333333,3.0,36.78537266666667,-119.773088,,1,24,50.35075500367917
2025-06-11 14:30:00,1749677700.0,35.0,16.0,60.80433333333334,2.6666666666666665,2.6666666666666665,36.78534883333334,-119.77309283333334,,1,24,52.887360167457174
2025-06-11 15:30:00,1749681300.0,35.833333333333336,15.5,63.527,2.5,2.5,36.78537633333334,-119.7730865,,1,24,55.6245506207857
2025-06-11 16:30:00,1749684900.0,35.833333333333336,15.666666666666666,64.96033333333334,2.833333333333333,2.833333333333333,36.7853915,-119.77308,,1,24,56.98254079767827
2025-06-11 17:30:00,1749688500.0,34.833333333333336,17.833333333333332,62.81466666666666,3.6666666666666665,3.8333333333333335,36.785373166666666,-119.77310816666666,,1,24,55.3441933848883
2025-06-11 18:30:00,1749692100.0,33.666666666666664,15.666666666666666,61.42816666666667,2.5,2.6666666666666665,36.78539833333333,-119.773112,,1,24,52.29098303002523
2025-06-11 19:30:00,1749695700.0,32.0,19.33333333333333,59.02333333333333,2.833333333333333,2.833333333333333,36.78541883333333,-119.77312483333333,,1,24,50.28934946734694
2025-06-11 20:30:00,1749699300.0,29.166666666666668,25.166666666666668,54.50466666666667,3.0,3.333333333333333,36.78541466666667,-119.77313233333332,,1,24,46.34525824192181
2025-06-11 21:30:00,1749702900.0,27.5,32.166666666666664,52.7135,4.5,4.666666666666667,36.785389,-119.77316283333332,,1,24,46.25929712327299
2025-06-11 22:30:00,1749706500.0,25.33333333333333,39.833333333333336,46.688,6.0,6.333333333333333,36.78541166666667,-119.77308666666666,,1,24,42.440001312252875
2025-06-11 23:30:00,1749710100.0,23.166666666666668,43.333333333333336,38.67433333333333,9.166666666666666,9.333333333333334,36.78539583333333,-119.77310683333332,,1,24,35.89427834085107
2025-06-12 00:30:00,1749713700.0,21.5,42.16666666666666,38.83116666666667,11.0,11.5,36.78541083333334,-119.773116,,1,24,34.860539962290915
2025-06-12 01:30:00,1749717300.0,20.166666666666668,43.5,39.41233333333333,9.833333333333334,10.166666666666666,36.78540916666667,-119.77310316666666,,1,24,34.519326243510534
2025-06-12 02:30:00,1749720900.0,19.0,45.16666666666666,39.37833333333333,7.833333333333333,8.333333333333334,36.78540366666667,-119.77311983333334,,1,24,33.720979250759186
2025-06-12 03:30:00,1749724500.0,17.666666666666668,48.5,35.93333333333333,8.166666666666666,8.5,36.78541083333334,-119.77309533333334,,1,24,30.968168423332656
2025-06-12 04:30:00,1749728100.0,16.333333333333332,53.5,31.488166666666668,9.0,9.333333333333334,36.7854435,-119.7730825,,1,24,28.052765705519434
2025-06-12 05:30:00,1749731700.0,15.666666666666666,57.16666666666666,28.509666666666664,9.166666666666666,9.5,36.78539533333333,-119.77307133333332,,1,24,26.281239715298952
2025-06-12 06:30:00,1749735300.0,15.666666666666666,58.66666666666666,25.944,9.333333333333334,10.0,36.78541883333333,-119.773131,,1,24,24.662627572568894
2025-06-12 07:30:00,1749738900.0,17.833333333333332,54.16666666666666,30.3015,8.0,8.666666666666666,36.7853985,-119.77314116666666,,1,24,28.17252575936643
2025-06-12 08:30:00,1749742500.0,21.166666666666668,47.0,34.67016666666667,7.833333333333333,8.166666666666666,36.78537166666666,-119.77310816666666,,1,24,31.91450604403832
2025-06-12 09:30:00,1749746100.0,24.166666666666668,37.5,40.25566666666666,6.666666666666667,7.166666666666667,36.7853905,-119.7730955,,1,24,35.47341499474098
2025-06-12 10:30:00,1749749700.0,26.5,32.333333333333336,47.36383333333333,6.0,6.333333333333333,36.78544766666666,-119.7731145,,1,24,41.3748721596217
2025-06-12 11:30:00,1749753300.0,29.666666666666668,24.33333333333333,53.75733333333333,5.166666666666667,5.5,36.78543733333333,-119.77310816666666,,1,24,46.313665244736214
2025-06-12 12:30:00,1749756900.0,31.166666666666668,19.666666666666668,59.95466666666667,4.5,4.666666666666667,36.785387166666666,-119.773093,,1,24,50.9847943491025
2025-06-12 13:30:00,1749760500.0,32.5,18.83333333333333,62.61766666666667,4.333333333333333,4.666666666666667,36.78539666666666,-119.77309566666666,,1,24,53.946455995995095
2025-06-12 14:30:00,1749764100.0,33.833333333333336,18.33333333333333,62.094166666666666,3.6666666666666665,3.8333333333333335,36.7854095,-119.77310183333331,,1,24,54.15224037276374
2025-06-12 15:30:00,1749767700.0,34.333333333333336,16.166666666666668,63.031666666666666,3.1666666666666665,3.1666666666666665,36.7853985,-119.7731185,,1,24,54.46618832336188
2025-06-12 16:30:00,1749771300.0,34.666666666666664,15.333333333333334,59.9305,2.6666666666666665,3.0,36.78541583333333,-119.7731005,,1,24,51.699840663250114
2025-06-12 17:30:00,1749774900.0,34.0,19.83333333333333,62.24583333333334,5.666666666666667,5.833333333333333,36.785394833333335,-119.77312216666668,,1,24,55.381323202482506
2025-06-12 18:30:00,1749778500.0,33.5,22.5,60.545,5.5,6.0,36.785387166666666,-119.77315766666668,,1,24,54.4401982370655
2025-06-12 19:30:00,1749782100.0,31.5,28.0,56.79633333333334,5.333333333333333,5.333333333333333,36.785394,-119.77314883333334,,1,24,51.509267906304785
2025-06-12 20:30:00,1749785700.0,29.166666666666668,33.166666666666664,52.958666666666666,6.333333333333333,6.666666666666667,36.785394,-119.7731055,,1,24,48.49272445496885
2025-06-12 21:30:00,1749789300.0,27.666666666666668,36.333333333333336,50.8055,6.166666666666667,6.5,36.785439833333335,-119.77310816666666,,1,24,46.55897821088065
2025-06-12 22:30:00,1749792900.0,26.0,40.66666666666666,49.20283333333333,7.166666666666667,7.5,36.78542266666667,-119.77311083333332,,1,24,45.63770556136849
2025-06-12 23:30:00,1749796500.0,24.166666666666668,45.16666666666666,44.385,8.333333333333334,8.833333333333334,36.78543233333333,-119.7730865,,1,24,41.95837544662433
2025-06-13 00:30:00,1749800100.0,22.5,47.5,38.8985,9.333333333333334,9.666666666666666,36.785429,-119.77305483333332,,1,24,37.03821594199951
2025-06-13 01:30:00,1749803700.0,21.33333333333333,47.0,35.5965,7.833333333333333,8.333333333333334,36.785399000000005,-119.77309916666668,,1,24,32.843925618467324
2025-06-13 02:30:00,1749807300.0,20.33333333333333,45.833333333333336,33.75116666666667,6.833333333333333,7.0,36.785448,-119.77303833333332,,1,24,29.867826782874104
2025-06-13 03:30:00,1749810900.0,19.5,46.833333333333336,30.20733333333333,5.833333333333333,6.5,36.78540933333333,-119.77312566666666,,1,24,26.365263256251644
2025-06-13 04:30:00,1749814500.0,18.33333333333333,48.66666666666666,28.66016666666667,5.5,6.0,36.785383,-119.77310566666668,,1,24,24.696326296634233
2025-06-13 05:30:00,1749818100.0,17.0,52.5,26.229,6.333333333333333,7.0,36.78540916666667,-119.7731195,,1,24,23.124048461964897
2025-06-13 06:30:00,1749821700.0,17.5,53.5,25.00283333333333,8.166666666666666,8.5,36.785405,-119.77307383333331,,1,24,23.188988898916463
2025-06-13 07:30:00,1749825300.0,20.666666666666668,45.333333333333336,30.63233333333333,6.0,6.5,36.78539833333334,-119.77311066666664,,1,24,27.119057696023823
2025-06-13 08:30:00,1749828900.0,24.0,34.0,39.86266666666666,4.166666666666667,4.5,36.78539966666667,-119.77309416666668,,1,24,33.235785310454176
2025-06-13 09:30:00,1749832500.0,25.666666666666668,29.666666666666668,45.3945,4.0,4.166666666666667,36.78538966666667,-119.77311816666668,,1,24,37.69295273629187
2025-06-13 10:30:00,1749836100.0,27.83333333333333,27.166666666666668,48.32583333333333,3.8333333333333335,4.0,36.785422,-119.77311833333331,,1,24,40.93132381603654
2025-06-13 11:30:00,1749839700.0,29.83333333333333,25.0,50.916500000000006,4.0,4.0,36.785366833333335,-119.7731325,,1,24,43.93060538932545
2025-06-13 12:30:00,1749843300.0,31.666666666666668,22.666666666666668,53.91466666666667,3.5,3.5,36.785396,-119.77314133333334,,1,24,46.95475346313488
2025-06-13 13:30:00,1749846900.0,33.333333333333336,18.666666666666668,56.19483333333333,2.333333333333333,2.6666666666666665,36.78539216666667,-119.77314016666666,,1,24,48.55589408438273
2025-06-13 14:30:00,1749850500.0,34.5,16.833333333333332,57.7935,1.1666666666666667,1.3333333333333333,36.785432166666666,-119.7731195,,1,24,49.884123330294585
2025-06-13 15:30:00,1749854100.0,35.5,15.666666666666666,57.4305,1.1666666666666667,1.3333333333333333,36.78538066666667,-119.77309183333334,,1,24,49.928210969334955
2025-06-13 16:30:00,1749857700.0,35.666666666666664,13.333333333333334,55.40733333333333,1.0,1.0,36.78538566666666,-119.77309916666668,,1,24,47.49035703498204
2025-06-13 17:30:00,1749861300.0,35.166666666666664,14.833333333333334,56.70249999999999,2.1666666666666665,2.1666666666666665,36.785363,-119.773112,,1,24,49.00181155238293
2025-06-13 18:30:00,1749864900.0,34.333333333333336,15.5,57.84916666666667,2.1666666666666665,2.5,36.78537383333333,-119.77309316666668,,1,24,49.61279303145962
2025-06-13 19:30:00,1749868500.0,32.333333333333336,17.333333333333332,55.36933333333334,2.0,2.0,36.785425833333335,-119.773117,,1,24,46.55222493670945
2025-06-13 20:30:00,1749872100.0,29.666666666666668,23.5,51.92783333333333,2.0,2.333333333333333,36.785354,-119.77306866666667,,1,24,43.72362905971022
2025-06-13 21:30:00,1749875700.0,27.166666666666668,30.33333333333333,50.82966666666667,3.0,3.5,36.785372333333335,-119.77310066666666,,1,24,43.46415828419397
2025-06-13 22:30:00,1749879300.0,24.83333333333333,36.16666666666666,44.06916666666667,4.0,4.0,36.78540933333333,-119.7730815,,1,24,38.10240770509044
2025-06-13 23:30:00,1749882900.0,23.666666666666668,37.833333333333336,42.56616666666667,4.5,4.5,36.785408833333335,-119.773093,,1,24,36.62743816624206
2025-06-14 00:30:00,1749886500.0,22.83333333333333,37.66666666666666,41.09133333333333,4.333333333333333,4.5,36.78540866666666,-119.77308133333334,,1,24,34.66792547858587
2025-06-14 01:30:00,1749890100.0,21.33333333333333,41.333333333333336,36.75083333333333,4.0,4.166666666666667,36.78543966666667,-119.77307266666666,,1,24,30.995286659050535
2025-06-14 02:30:00,1749893700.0,20.33333333333333,41.833333333333336,35.190666666666665,4.0,4.166666666666667,36.785432,-119.77307883333332,,1,24,29.0867148253748
2025-06-14 03:30:00,1749897300.0,19.666666666666668,41.5,34.5975,3.6666666666666665,4.0,36.7854015,-119.77308133333334,,1,24,27.908487686481955
2025-06-14 04:30:00,1749900900.0,18.666666666666668,41.16666666666666,31.278,3.8333333333333335,4.0,36.78542183333334,-119.77308016666666,,1,24,24.24415969958175
2025-06-14 05:30:00,1749904500.0,18.0,42.16666666666666,29.692,7.0,7.166666666666667,36.785385,-119.77309166666667,,1,24,23.47873764441981
2025-06-14 06:30:00,1749908100.0,18.0,41.833333333333336,30.58666666666667,5.0,5.0,36.78541116666667,-119.7731285,,1,24,23.64245688704461
2025-06-14 07:30:00,1749911700.0,19.83333333333333,37.66666666666666,33.771166666666666,4.0,4.166666666666667,36.78537833333333,-119.7731195,,1,24,26.10837609050823
2025-06-14 08:30:00,1749915000.5,22.666666666666668,33.333333333333336,36.82216666666667,4.0,4.333333333333333,36.7853935,-119.77312583333332,,1,24,29.385718611422433
2025-06-14 09:30:00,1749918301.0,25.0,29.0,41.93866666666667,3.5,3.6666666666666665,36.78537716666667,-119.77310316666666,,1,24,33.90576530486938
2025-06-14 10:30:00,1749921901.0,27.166666666666668,27.0,46.684,3.8333333333333335,4.0,36.78539533333333,-119.7731195,,1,24,38.9780398719186
2025-06-14 11:30:00,1749925501.0,29.83333333333333,24.0,50.67516666666666,3.8333333333333335,3.8333333333333335,36.785399000000005,-119.773117,,1,24,43.35046153983504
2025-06-14 12:30:00,1749929101.0,32.166666666666664,20.33333333333333,55.589,3.0,3.0,36.785382166666665,-119.773145,,1,24,47.856538515315606
2025-06-14 13:30:00,1749932701.0,33.666666666666664,17.666666666666668,59.978,1.6666666666666667,1.6666666666666667,36.78539383333333,-119.77313866666668,,1,24,51.5107060212853
2025-06-14 14:30:00,1749936301.0,34.666666666666664,17.333333333333332,61.753166666666665,2.0,2.0,36.78541366666666,-119.7731185,,1,24,53.73747375127817
2025-06-14 15:30:00,1749939901.0,35.833333333333336,17.166666666666668,63.12916666666666,2.0,2.0,36.78539733333333,-119.77310933333332,,1,24,55.72450624353985
2025-06-14 16:30:00,1749943501.0,36.0,17.0,64.10583333333334,2.0,2.0,36.78538833333334,-119.77312216666668,,1,24,56.62632835490139
2025-06-14 17:30:00,1749947101.0,35.833333333333336,16.333333333333332,64.479,2.0,2.1666666666666665,36.78540183333333,-119.773028,,1,24,56.612366615263625
2025-06-14 18:30:00,1749950701.0,34.5,18.166666666666668,64.8755,2.333333333333333,2.5,36.78538183333333,-119.7731235,,1,24,56.65079936549495
2025-06-14 19:30:00,1749954301.0,32.5,21.0,62.791,2.833333333333333,3.0,36.785348166666665,-119.77307266666666,,1,24,54.44971883284093
2025-06-14 20:30:00,1749957901.0,30.0,23.166666666666668,59.72116666666667,2.833333333333333,2.833333333333333,36.785338,-119.773051,,1,24,50.679212438218016
2025-06-14 21:30:00,1749961501.0,27.83333333333333,26.83333333333333,55.928333333333335,2.833333333333333,2.833333333333333,36.7853985,-119.77308783333336,,1,24,47.05663507046833
2025-06-14 22:30:00,1749965101.0,26.0,31.166666666666668,51.69983333333334,3.0,3.0,36.785396,-119.77317916666668,,1,24,43.57297117355846
2025-06-14 23:30:00,1749968701.0,24.5,35.0,49.40233333333333,3.0,3.0,36.785397333333336,-119.77308016666666,,1,24,41.77864639936233
2025-06-15 00:30:00,1749972301.0,23.5,36.833333333333336,46.9335,3.1666666666666665,3.6666666666666665,36.785411833333335,-119.77311066666668,40.0,1,24,39.62462157967687
2025-06-15 01:30:00,1749975901.0,21.83333333333333,38.833333333333336,42.50266666666667,3.0,3.8333333333333335,36.7854365,-119.77306983333334,35.6,1,24,35.26195245176214
2025-06-15 02:30:00,1749979501.0,20.666666666666668,40.16666666666666,38.754333333333335,3.333333333333333,3.333333333333333,36.78540216666666,-119.7730905,32.5,1,24,31.645816049036398
2025-06-15 03:30:00,1749983101.0,19.0,44.0,34.65083333333333,4.0,4.0,36.785366,-119.77307016666668,29.4,1,24,28.343915876982166
2025-06-15 04:30:00,1749986701.0,18.666666666666668,43.66666666666666,35.492,4.5,4.666666666666667,36.785376166666666,-119.7730955,30.8,1,24,28.83525292021386
2025-06-15 05:30:00,1749990301.0,17.833333333333332,45.0,35.887,4.833333333333333,5.0,36.785423,-119.77309533333334,,1,24,29.07724480876491
2025-06-15 06:30:00,1749993901.0,17.666666666666668,47.833333333333336,30.81033333333333,4.0,4.0,36.7854195,-119.773126,26.9,1,24,25.35677414179007
2025-06-15 07:30:00,1749997501.0,20.166666666666668,42.66666666666666,32.54116666666667,3.8333333333333335,4.0,36.78543216666667,-119.7731285,28.7,1,24,26.94088977727234
2025-06-15 08:30:00,1750001101.0,23.5,36.333333333333336,37.79966666666667,3.333333333333333,3.5,36.785426666666666,-119.7731275,34.0,1,24,31.6718561356234
2025-06-15 09:30:00,1750004701.0,26.166666666666668,30.666666666666668,45.45316666666667,3.5,3.5,36.785372333333335,-119.77312216666668,41.3,1,24,38.31679572654008
2025-06-15 10:30:00,1750008301.0,28.83333333333333,28.0,52.7895,4.833333333333333,5.333333333333333,36.78539383333334,-119.77312233333332,49.2,1,24,46.03048305084013
2025-06-15 11:30:00,1750011901.0,31.0,25.33333333333333,58.50266666666667,5.666666666666667,5.833333333333333,36.78539083333333,-119.77317283333332,56.2,1,24,51.7944534729058
2025-06-15 12:30:00,1750015501.0,33.0,21.83333333333333,65.803,4.833333333333333,5.333333333333333,36.7854225,-119.7731285,63.1,1,24,58.17449484166866
2025-06-15 13:30:00,1750019101.0,35.166666666666664,19.33333333333333,64.26883333333333,3.8333333333333335,3.8333333333333335,36.78539733333333,-119.773121,58.8,1,24,57.360160468385374
2025-06-15 14:30:00,1750022701.0,36.0,18.83333333333333,64.51033333333334,3.6666666666666665,3.6666666666666665,36.78535316666667,-119.7730955,57.6,1,24,57.97978355441887
2025-06-15 15:30:00,1750026301.0,37.0,18.166666666666668,67.08233333333334,4.0,4.0,36.7854525,-119.773107,59.5,1,24,60.775041000666064
2025-06-15 16:30:00,1750029901.0,37.66666666666666,16.666666666666668,68.96716666666667,3.1666666666666665,3.333333333333333,36.7854125,-119.7730865,60.1,1,24,62.19532853748498
2025-06-15 17:30:00,1750033501.0,36.833333333333336,17.0,69.13066666666667,2.5,2.5,36.7854355,-119.77308416666666,60.3,1,24,61.65350943376569
2025-06-15 18:30:00,1750037101.0,35.833333333333336,20.0,68.08066666666666,3.6666666666666665,3.8333333333333335,36.78539666666666,-119.77309933333332,60.5,1,24,61.308113900573986
2025-06-15 19:30:00,1750040701.0,33.5,21.83333333333333,65.19683333333333,3.333333333333333,3.5,36.785399000000005,-119.77312333333332,57.1,1,24,57.644695768580036
2025-06-15 20:30:00,1750044301.0,31.666666666666668,21.33333333333333,63.1655,3.1666666666666665,3.5,36.78542,-119.77313866666668,54.9,1,24,54.35426508905314
2025-06-15 21:30:00,1750047901.0,30.0,24.33333333333333,60.64266666666666,4.666666666666667,5.0,36.785359666666665,-119.77310833333333,53.3,1,24,52.319754116215236
2025-06-15 22:30:00,1750051501.0,28.33333333333333,28.33333333333333,56.798,3.6666666666666665,4.0,36.78544283333333,-119.7731045,49.8,1,24,48.89996112690942
2025-06-15 23:30:00,1750055101.0,27.166666666666668,31.0,55.05383333333333,4.333333333333333,4.666666666666667,36.785455000000006,-119.7730865,48.3,1,24,47.593342764190865
2025-06-16 00:30:00,1750058701.0,25.33333333333333,32.0,51.459833333333336,4.333333333333333,4.666666666666667,36.78539383333333,-119.773103,43.4,1,25,43.643629416208015
2025-06-16 01:30:00,1750062301.0,23.33333333333333,38.66666666666666,42.00983333333333,5.333333333333333,5.666666666666667,36.7853795,-119.77308283333332,35.8,1,25,36.557877364684614
2025-06-16 02:30:00,1750065901.0,22.166666666666668,40.0,38.3125,5.0,5.5,36.78542983333333,-119.77307016666668,32.4,1,25,32.916044791904355
2025-06-16 03:30:00,1750069501.0,21.0,40.0,37.28866666666666,4.833333333333333,5.0,36.78540533333334,-119.77310583333332,31.6,1,25,31.104789788217673
2025-06-16 04:30:00,1750073101.0,20.5,41.66666666666666,35.28816666666667,5.0,5.333333333333333,36.785413166666665,-119.7731095,30.1,1,25,29.637342257420045
2025-06-16 05:30:00,1750076701.0,19.5,46.16666666666666,29.919833333333333,6.0,6.0,36.78539716666666,-119.773094,,1,25,26.024751710825875
2025-06-16 06:30:00,1750080301.0,19.0,48.16666666666666,25.997,6.0,6.333333333333333,36.78538533333333,-119.77312216666668,22.9,1,25,23.00355956686012
2025-06-16 07:30:00,1750083901.0,21.0,41.333333333333336,29.9735,5.333333333333333,5.833333333333333,36.78539983333334,-119.7731425,27.3,1,25,25.45581692551024
2025-06-16 08:30:00,1750087501.0,23.666666666666668,34.0,38.819,4.666666666666667,4.833333333333333,36.78538616666667,-119.77314466666668,34.4,1,25,32.348153352314625
2025-06-16 09:30:00,1750091101.0,26.83333333333333,29.666666666666668,44.185333333333325,4.166666666666667,4.5,36.785392,-119.77314883333334,40.2,1,25,37.73128937215262
2025-06-16 10:30:00,1750094701.0,29.0,26.83333333333333,49.55866666666666,4.0,4.5,36.78539716666666,-119.77311816666668,43.8,1,25,42.95699645495202
2025-06-16 11:30:00,1750098301.0,31.33333333333333,22.0,55.7945,3.333333333333333,3.5,36.7854175,-119.77310666666666,48.5,1,25,48.21075955035664
2025-06-16 12:30:00,1750101901.0,32.833333333333336,19.33333333333333,62.68533333333334,3.5,3.6666666666666665,36.785411,-119.77309166666667,54.1,1,25,54.35525643248256
2025-06-16 13:30:00,1750105501.0,34.833333333333336,15.166666666666666,66.099,2.1666666666666665,2.1666666666666665,36.78538116666667,-119.77310166666666,56.5,1,25,57.03237228563796
2025-06-16 14:30:00,1750109101.0,35.833333333333336,14.666666666666666,69.5595,2.0,2.0,36.78544616666667,-119.7730955,59.7,1,25,60.52333739625708
2025-06-16 15:30:00,1750112701.0,36.0,11.5,70.99866666666667,1.0,1.3333333333333333,36.785442333333336,-119.7731135,59.9,1,25,60.60851604551179
2025-06-16 16:30:00,1750116301.0,36.333333333333336,10.5,72.47250000000001,1.6666666666666667,1.6666666666666667,36.785417,-119.7730955,60.7,1,25,61.90807855829203
2025-06-16 18:30:00,1750123501.0,34.666666666666664,9.833333333333334,73.7605,4.5,4.5,36.785414333333335,-119.77312583333332,61.8,1,25,62.214313079427
2025-06-16 19:30:00,1750127101.0,32.666666666666664,18.33333333333333,68.518,3.5,3.5,36.78538766666667,-119.77310033333332,59.6,1,25,58.85962993132574
2025-06-16 20:30:00,1750130701.0,29.83333333333333,22.83333333333333,64.87433333333333,4.0,4.0,36.785338,-119.77303433333331,56.7,1,25,55.265401700975886
2025-06-16 21:30:00,1750134301.0,27.83333333333333,26.0,61.28116666666667,4.166666666666667,4.5,36.78544233333333,-119.77308283333332,53.8,1,25,51.83893317412421
2025-06-16 22:30:00,1750137901.0,25.83333333333333,32.166666666666664,57.0265,5.166666666666667,5.333333333333333,36.785408,-119.77308516666666,49.9,1,25,49.00504368850075
2025-06-16 23:30:00,1750141501.0,24.166666666666668,37.333333333333336,47.973000000000006,6.0,6.0,36.7853755,-119.773061,41.5,1,25,41.9495154596849
2025-06-17 00:30:00,1750145101.0,22.166666666666668,41.16666666666666,37.7725,6.333333333333333,6.833333333333333,36.78537566666667,-119.77307283333332,33.9,1,25,33.161348621712506
2025-06-17 01:30:00,1750148701.0,21.166666666666668,38.0,39.78866666666666,5.5,5.833333333333333,36.78540666666667,-119.773102,35.3,1,25,32.865661613013216
2025-06-17 02:30:00,1750152301.0,20.666666666666668,36.333333333333336,41.62583333333333,4.666666666666667,5.0,36.785405,-119.77307,35.1,1,25,33.30625000553536
2025-06-17 03:30:00,1750155901.0,19.166666666666668,38.833333333333336,38.59616666666667,4.333333333333333,5.0,36.78544516666667,-119.7730865,33.1,1,25,30.391382436203116
2025-06-17 04:30:00,1750159501.0,18.0,41.66666666666666,36.81616666666667,5.0,5.0,36.78540616666667,-119.7730815,32.2,1,25,29.05089464703846
2025-06-17 05:30:00,1750163101.0,17.0,47.16666666666666,31.075666666666667,5.166666666666667,5.5,36.78534066666666,-119.77311583333334,,1,25,25.31717682941703
2025-06-17 06:30:00,1750166701.0,17.333333333333332,47.5,28.60833333333333,5.0,5.0,36.7853945,-119.77309933333332,25.4,1,25,23.50212559422971
2025-06-17 07:30:00,1750170600.857143,20.285714285714285,40.71428571428572,33.389,4.428571428571429,4.857142857142857,36.78540542857143,-119.77311385714286,29.3,1,25,27.411347430437807
2025-06-17 08:30:00,1750174500.0,22.666666666666668,36.333333333333336,38.23116666666667,4.5,4.5,36.785405,-119.773084,33.2,1,25,31.828848926317235
2025-06-17 09:30:00,1750178100.0,25.166666666666668,32.0,44.033166666666666,4.0,4.0,36.785387,-119.7730725,37.7,1,25,37.072774464312005
2025-06-17 10:30:00,1750181700.0,27.5,28.5,48.7425,4.0,4.0,36.785403,-119.77306733333334,41.6,1,25,41.65739704798196
2025-06-17 11:30:00,1750185300.0,29.5,26.166666666666668,52.85083333333333,4.166666666666667,4.333333333333333,36.785389,-119.773089,46.5,1,25,45.9256912655958
2025-06-17 12:30:00,1750188900.0,31.5,23.166666666666668,56.27583333333333,4.0,4.166666666666667,36.785443,-119.77312866666666,48.7,1,25,49.293960053953256
2025-06-17 13:30:00,1750192500.0,32.666666666666664,20.33333333333333,60.76733333333333,3.5,3.6666666666666665,36.7854355,-119.77308666666666,53.0,1,25,52.928979256461716
2025-06-17 14:30:00,1750196100.0,34.0,19.33333333333333,63.221,3.0,3.333333333333333,36.78546716666667,-119.7730485,55.9,1,25,55.57728125950497
2025-06-17 15:30:00,1750199700.0,35.0,19.33333333333333,65.74333333333334,3.0,3.0,36.78543533333333,-119.77314883333334,58.6,1,25,58.44484260074279
2025-06-17 16:30:00,1750203300.0,35.0,18.166666666666668,68.77416666666666,3.1666666666666665,3.1666666666666665,36.78538116666667,-119.77310083333332,61.0,1,25,60.68048012759452
2025-06-17 17:30:00,1750206900.0,35.0,18.0,70.64033333333333,4.0,4.0,36.78537883333333,-119.77308666666666,63.5,1,25,62.41467655825414
2025-06-17 18:30:00,1750210500.0,34.5,16.0,70.627,3.5,3.6666666666666665,36.78541883333333,-119.7731005,62.7,1,25,61.25805613428366
2025-06-17 19:30:00,1750214100.0,33.0,21.166666666666668,66.315,5.333333333333333,5.5,36.78540866666667,-119.77313633333334,59.8,1,25,58.624774849615235
2025-06-17 20:30:00,1750217700.0,30.666666666666668,24.0,59.83616666666666,5.333333333333333,5.666666666666667,36.785429,-119.77310066666666,53.8,1,25,52.32158426004334
2025-06-17 21:30:00,1750221300.0,29.0,29.83333333333333,58.57416666666666,4.833333333333333,4.833333333333333,36.78538433333333,-119.773075,53.6,1,25,51.80847228397383
2025-06-17 22:30:00,1750224900.0,27.83333333333333,33.833333333333336,55.62416666666667,5.333333333333333,5.333333333333333,36.785348166666665,-119.77307766666668,52.2,1,25,49.8795605376466
2025-06-17 23:30:00,1750228500.0,26.5,36.833333333333336,49.68483333333334,5.166666666666667,5.166666666666667,36.78534583333333,-119.77312366666666,46.3,1,25,44.78276620574016
2025-06-18 00:30:00,1750232100.0,24.83333333333333,40.66666666666666,41.986,5.666666666666667,5.833333333333333,36.785371,-119.77314133333334,38.6,1,25,38.38771627441267
2025-06-18 01:30:00,1750235700.0,23.5,43.833333333333336,38.19616666666666,5.333333333333333,5.333333333333333,36.78542466666666,-119.7730765,35.4,1,25,35.12698604726296
2025-06-18 02:30:00,1750239300.0,22.166666666666668,47.833333333333336,31.4705,5.166666666666667,5.5,36.78538683333333,-119.77311966666667,30.7,1,25,29.72334554558681
2025-06-18 03:30:00,1750242900.0,21.0,50.5,26.738,5.166666666666667,5.666666666666667,36.78536283333333,-119.773121,26.3,1,25,25.72325077131881
2025-06-18 04:30:00,1750246500.0,20.166666666666668,53.0,25.19633333333333,6.0,6.166666666666667,36.785382,-119.77309283333334,24.8,1,25,24.79172463462352
2025-06-18 05:30:00,1750250100.0,19.33333333333333,56.16666666666666,21.639,6.833333333333333,7.0,36.7854245,-119.77312833333332,,1,25,22.39259730173761
2025-06-18 06:30:00,1750253700.0,20.0,54.5,20.494333333333334,7.0,7.166666666666667,36.785436,-119.77306116666666,20.0,1,25,21.39353343366089
2025-06-18 07:30:00,1750257300.0,22.5,48.16666666666666,27.120500000000003,6.833333333333333,7.166666666666667,36.78541066666667,-119.77311583333334,26.8,1,25,26.765097688215533
2025-06-18 08:30:00,1750260900.0,25.83333333333333,39.16666666666666,38.40583333333333,6.666666666666667,7.0,36.78539966666667,-119.7730765,37.2,1,25,35.826037645515996
2025-06-18 09:30:00,1750264500.0,28.83333333333333,32.666666666666664,50.04783333333333,7.666666666666667,7.833333333333333,36.78538516666666,-119.77303583333332,49.4,1,25,46.04147928118212
2025-06-18 10:30:00,1750268100.0,30.83333333333333,29.5,56.96416666666666,7.166666666666667,7.166666666666667,36.785403,-119.77306733333334,55.7,1,25,52.2399773713737
2025-06-18 11:30:00,1750271700.0,32.166666666666664,29.166666666666668,58.23499999999999,6.666666666666667,7.166666666666667,36.78543083333333,-119.7731045,57.2,1,25,54.13146504827223
2025-06-18 12:30:00,1750275300.0,33.833333333333336,26.5,63.22366666666667,7.0,7.5,36.78540116666667,-119.7731145,62.4,1,25,58.81607012097879
2025-06-18 13:30:00,1750278900.0,35.833333333333336,25.0,64.71666666666667,7.166666666666667,7.5,36.78541383333333,-119.7731095,64.1,1,25,61.101686595410584
2025-06-18 14:30:00,1750282500.0,36.5,23.83333333333333,66.51933333333334,7.5,7.833333333333333,36.78539333333333,-119.773102,65.8,1,25,62.8248602833912
2025-06-18 15:30:00,1750286100.0,38.0,22.33333333333333,66.61083333333333,6.5,6.833333333333333,36.78536983333333,-119.77310083333332,63.8,1,25,63.28072023044639
2025-06-18 16:30:00,1750289700.0,38.0,22.33333333333333,66.8785,6.5,6.666666666666667,36.78540183333333,-119.77307283333334,63.8,1,25,63.49439363696533
2025-06-18 17:30:00,1750293300.0,38.0,22.33333333333333,68.649,5.833333333333333,6.333333333333333,36.785404166666666,-119.77309533333334,64.3,1,25,64.87714200054877
2025-06-18 18:30:00,1750296900.0,37.333333333333336,22.33333333333333,67.07716666666667,5.333333333333333,5.5,36.785412,-119.77311966666667,62.2,1,25,62.89147492219708
2025-06-18 19:30:00,1750300500.0,36.0,23.83333333333333,59.41416666666667,5.166666666666667,5.5,36.78546566666667,-119.773135,54.0,1,25,55.836297516417105
2025-06-18 20:30:00,1750304100.0,33.666666666666664,28.166666666666668,54.10033333333333,5.666666666666667,6.0,36.78539833333333,-119.77311066666668,50.2,1,25,51.13306704169079
2025-06-18 21:30:00,1750307700.0,32.0,32.166666666666664,48.92466666666667,5.833333333333333,6.0,36.78538,-119.77313883333332,46.2,1,25,46.83876277892779
2025-06-18 22:30:00,1750311300.0,30.666666666666668,33.333333333333336,43.13466666666667,5.666666666666667,6.0,36.785387666666665,-119.77311816666668,41.0,1,25,41.27053633012382
2025-06-18 23:30:00,1750314900.0,29.5,35.5,40.457166666666666,5.5,5.833333333333333,36.785350666666666,-119.77310683333332,38.4,1,25,38.802708585877866
2025-06-19 00:30:00,1750318500.0,28.166666666666668,39.16666666666666,35.6455,6.0,6.0,36.78540216666666,-119.77310316666666,35.5,1,25,35.01976999492295
2025-06-19 01:30:00,1750322100.0,26.5,44.16666666666666,29.36733333333333,6.0,6.166666666666667,36.78541716666667,-119.77309283333334,30.7,1,25,30.10932691082847
2025-06-19 02:30:00,1750325700.0,25.166666666666668,46.833333333333336,25.188333333333333,5.833333333333333,6.166666666666667,36.78540283333333,-119.77308266666668,26.6,1,25,26.418095858645188
2025-06-19 03:30:00,1750329300.0,24.166666666666668,49.16666666666666,22.66616666666667,6.166666666666667,6.333333333333333,36.78539966666667,-119.77310066666666,24.5,1,25,24.366297065703357
2025-06-19 04:30:00,1750332900.0,22.83333333333333,52.333333333333336,20.987166666666667,6.5,6.833333333333333,36.7853965,-119.77312716666668,23.3,1,25,23.0944405348668
2025-06-19 05:30:00,1750336500.0,22.33333333333333,49.16666666666666,21.65483333333333,5.5,5.833333333333333,36.78541066666667,-119.77307,,1,25,21.99537628269428
2025-06-19 06:30:00,1750340100.0,22.666666666666668,47.0,19.605833333333333,5.5,5.833333333333333,36.7854055,-119.7730955,19.2,1,25,19.769553841039
2025-06-19 07:30:00,1750343700.0,25.0,39.333333333333336,27.10383333333333,4.333333333333333,4.833333333333333,36.7854195,-119.77306616666668,23.4,1,25,25.07808344478172
2025-06-19 08:30:00,1750347300.0,27.83333333333333,35.666666666666664,34.2695,4.833333333333333,5.166666666666667,36.78540366666667,-119.77308783333332,31.8,1,25,32.17909751564994
2025-06-19 09:30:00,1750350900.0,31.166666666666668,32.333333333333336,49.02583333333334,8.833333333333334,9.0,36.785394,-119.77310316666666,49.0,1,25,47.07080760897556
2025-06-19 10:30:00,1750354500.0,33.333333333333336,29.33333333333333,54.93066666666667,8.0,8.166666666666666,36.78539633333333,-119.7730725,54.5,1,25,52.521739110699514
2025-06-19 11:30:00,1750358100.0,34.833333333333336,26.5,61.23366666666667,7.166666666666667,7.333333333333333,36.78543616666666,-119.7730915,59.6,1,25,57.872010283060035
2025-06-19 12:30:00,1750361700.0,36.333333333333336,17.0,66.32016666666667,4.333333333333333,4.5,36.78533983333333,-119.77305983333332,59.4,1,25,59.479098768944
2025-06-19 13:30:00,1750365300.0,37.833333333333336,15.666666666666666,64.60533333333333,3.0,3.333333333333333,36.7853965,-119.773084,54.7,1,25,58.38497046012375
2025-06-19 14:30:00,1750368900.0,38.333333333333336,11.666666666666666,70.25916666666666,2.6666666666666665,2.833333333333333,36.78541933333333,-119.77310433333334,57.6,1,25,62.14991110860443
2025-06-19 17:30:00,1750379700.0,36.16666666666666,21.33333333333333,74.08016666666667,5.666666666666667,6.0,36.785445333333335,-119.7731185,68.8,1,25,67.75873320097334
2025-06-19 18:30:00,1750383300.0,34.166666666666664,24.166666666666668,67.66933333333334,5.5,6.166666666666667,36.785401,-119.7731235,62.8,1,25,61.737020104716706
2025-06-19 19:30:00,1750386900.0,31.0,27.166666666666668,57.40683333333334,4.833333333333333,5.333333333333333,36.785396,-119.7731275,49.9,1,25,51.452721317769544
2025-06-19 20:30:00,1750390500.0,27.5,31.5,47.99766666666667,5.0,5.0,36.78542316666667,-119.77314116666666,40.9,1,25,42.262618145465936
2025-06-19 21:30:00,1750394100.0,24.5,33.166666666666664,45.41833333333333,4.5,4.833333333333333,36.785357833333336,-119.773192,36.7,1,25,38.297105139367275
2025-06-19 22:30:00,1750397700.0,23.0,33.166666666666664,45.784333333333336,4.166666666666667,4.5,36.7853605,-119.77307,36.6,1,25,37.41395848993251
2025-06-19 23:30:00,1750401300.0,21.5,33.0,45.18449999999999,4.0,4.0,36.78543333333334,-119.77306883333334,35.9,1,25,35.660650326957736
2025-06-20 00:30:00,1750404900.0,19.5,39.16666666666666,40.175,4.333333333333333,4.833333333333333,36.78539666666666,-119.77305983333332,31.6,1,25,32.08378431936676
2025-06-20 01:30:00,1750408500.0,18.5,41.5,38.522666666666666,4.0,4.666666666666667,36.78546133333333,-119.77309666666667,30.1,1,25,30.64605423306861
2025-06-20 02:30:00,1750412100.0,16.666666666666668,46.66666666666666,33.783833333333334,4.5,4.666666666666667,36.785396,-119.773056,28.6,1,25,27.04038616562329
2025-06-20 03:30:00,1750415700.0,15.333333333333334,52.5,28.77283333333333,4.666666666666667,4.833333333333333,36.7854195,-119.7730725,25.4,1,25,23.763168380890427
2025-06-20 04:30:00,1750419300.0,14.333333333333334,57.0,25.62816666666667,5.333333333333333,5.666666666666667,36.78541483333333,-119.773132,23.1,1,25,22.01376897861367
2025-06-20 05:30:00,1750422900.0,14.0,59.5,22.70266666666667,5.833333333333333,6.0,36.78541383333333,-119.77308899999998,,1,25,20.209251929478413
2025-06-20 06:30:00,1750426500.0,14.833333333333334,57.16666666666666,23.34783333333333,7.333333333333333,7.666666666666667,36.785384666666666,-119.773112,20.2,1,25,20.969087412815078
2025-06-20 07:30:00,1750429800.8,17.0,50.0,29.5572,5.0,5.4,36.7853522,-119.7730942,24.5,1,25,24.93604918136679
2025-06-20 08:30:00,1750433101.0,19.166666666666668,43.66666666666666,33.00033333333334,4.833333333333333,5.0,36.7854125,-119.77311316666668,27.3,1,25,27.307457089855554
2025-06-20 09:30:00,1750436701.0,21.666666666666668,37.333333333333336,37.7315,4.0,4.666666666666667,36.785418166666666,-119.77308666666666,31.4,1,25,30.933425574929927
2025-06-20 10:30:00,1750440600.857143,24.571428571428573,29.428571428571427,44.33357142857143,3.2857142857142856,3.571428571428572,36.78542571428572,-119.77309214285717,37.4,1,25,35.881570203949494
2025-06-20 11:30:00,1750443901.0,26.666666666666668,23.33333333333333,48.73166666666666,2.333333333333333,2.5,36.78542516666666,-119.773093,39.5,1,25,38.918629602789125
2025-06-20 12:30:00,1750447501.0,28.166666666666668,20.666666666666668,51.88933333333333,2.1666666666666665,2.333333333333333,36.78538516666666,-119.7730955,41.5,1,25,41.798115382871416
2025-06-20 13:30:00,1750451101.0,29.666666666666668,18.666666666666668,52.5685,2.0,2.0,36.78541883333333,-119.773112,41.0,1,25,42.770686730646744
2025-06-20 14:30:00,1750454701.0,31.0,16.166666666666668,53.34383333333333,1.5,1.8333333333333333,36.785404166666666,-119.77308266666668,41.7,1,25,43.49929567955881
2025-06-20 15:30:00,1750458301.0,31.33333333333333,16.166666666666668,56.0385,1.8333333333333333,2.0,36.78545116666667,-119.773085,43.7,1,25,46.11135626917529
2025-06-20 16:30:00,1750461901.0,32.0,15.166666666666666,57.392500000000005,1.5,1.6666666666666667,36.78542383333333,-119.77311066666668,45.1,1,25,47.349566069445586
2025-06-20 17:30:00,1750465501.0,31.0,16.666666666666668,59.848333333333336,2.0,2.1666666666666665,36.7853955,-119.77311183333336,48.4,1,25,49.321567624494506
2025-06-20 18:30:00,1750469101.0,30.166666666666668,18.0,59.98366666666666,2.333333333333333,2.5,36.78537816666667,-119.77315383333332,49.2,1,25,49.34194535584491
2025-06-20 19:30:00,1750472701.0,27.666666666666668,28.0,54.1925,4.5,5.0,36.785396166666665,-119.77315016666668,44.5,1,25,46.42812086903977
2025-06-20 20:30:00,1750476301.0,24.33333333333333,33.0,43.60616666666667,5.833333333333333,6.0,36.785443,-119.77314116666666,35.0,1,25,36.87154484609485
2025-06-20 21:30:00,1750479901.0,22.0,35.333333333333336,40.3645,4.833333333333333,5.333333333333333,36.78539716666666,-119.77312733333332,32.4,1,25,32.941794637392974
2025-06-20 22:30:00,1750483501.0,20.33333333333333,38.16666666666666,39.9795,4.833333333333333,5.0,36.78535383333334,-119.77315133333332,31.4,1,25,32.291383952140464
2025-06-20 23:30:00,1750487101.0,18.666666666666668,40.66666666666666,38.969166666666666,4.333333333333333,5.0,36.78539933333334,-119.773121,30.3,1,25,30.951173225359668
2025-06-21 00:30:00,1750490701.0,17.666666666666668,44.16666666666666,37.2325,4.5,4.666666666666667,36.785373166666666,-119.77310033333332,28.6,1,25,29.89127389745593
2025-06-21 01:30:00,1750494301.0,16.5,48.66666666666666,34.284166666666664,5.0,5.333333333333333,36.78541083333334,-119.77309166666667,26.9,1,25,28.145912069073297
2025-06-21 02:30:00,1750497901.0,15.666666666666666,53.16666666666666,31.57933333333333,6.0,6.0,36.785518,-119.77314516666668,25.8,1,25,26.930568562501428
2025-06-21 03:30:00,1750501501.0,14.833333333333334,56.333333333333336,30.745666666666665,6.333333333333333,7.0,36.785403,-119.773112,25.1,1,25,26.79667072167743
2025-06-21 04:30:00,1750505101.0,14.0,60.333333333333336,29.3635,7.0,7.0,36.78538316666667,-119.77310683333332,24.0,1,25,26.434353121397898
2025-06-21 05:30:00,1750508701.0,13.166666666666666,61.66666666666666,28.586166666666667,7.0,7.333333333333333,36.78538,-119.77310316666666,,1,25,25.626430097637595
2025-06-21 06:30:00,1750512301.0,13.666666666666666,61.66666666666666,28.68683333333333,7.0,7.333333333333333,36.7854155,-119.773145,23.7,1,25,26.084543112620935
2025-06-21 07:30:00,1750515901.0,14.833333333333334,58.333333333333336,29.989166666666662,6.0,6.333333333333333,36.7854335,-119.7731045,24.3,1,25,26.71201414806731
2025-06-21 08:30:00,1750519501.0,16.166666666666668,53.5,32.498333333333335,5.666666666666667,6.0,36.785405,-119.773084,26.2,1,25,28.149286434914252
2025-06-21 09:30:00,1750523101.0,18.33333333333333,48.0,34.63033333333333,6.0,6.0,36.785413,-119.77310316666666,28.2,1,25,29.790144728878246
2025-06-21 10:30:00,1750526701.0,20.166666666666668,44.333333333333336,37.3905,5.833333333333333,6.0,36.78541166666667,-119.77311066666664,30.9,1,25,32.25856411967399
2025-06-21 11:30:00,1750530301.0,22.5,36.5,40.86366666666667,4.333333333333333,4.333333333333333,36.78539033333333,-119.773065,33.1,1,25,33.96783469637789
2025-06-21 12:30:00,1750533901.0,24.33333333333333,31.33333333333333,42.12266666666667,2.833333333333333,3.333333333333333,36.78545933333333,-119.77307133333332,33.6,1,25,34.36686774602241
2025-06-21 13:30:00,1750537501.0,25.5,27.33333333333333,44.867,2.0,2.333333333333333,36.78543033333333,-119.77308283333332,35.7,1,25,36.02656715028249
2025-06-21 14:30:00,1750541101.0,26.83333333333333,23.83333333333333,48.50133333333334,2.333333333333333,2.333333333333333,36.785422,-119.7731425,38.3,1,25,38.99870698998464
2025-06-21 15:30:00,1750544701.0,27.166666666666668,21.0,51.56383333333333,2.0,2.0,36.785418166666666,-119.77313,39.5,1,25,40.83326463949403
2025-06-21 16:30:00,1750548301.0,27.5,20.33333333333333,51.28383333333333,1.3333333333333333,1.6666666666666667,36.78538133333333,-119.7731185,38.4,1,25,40.490987645516554
2025-06-21 17:30:00,1750551901.0,27.166666666666668,20.166666666666668,50.257,1.3333333333333333,1.5,36.785399000000005,-119.773126,37.3,1,25,39.29594321052943
2025-06-21 18:30:00,1750555501.0,26.666666666666668,20.83333333333333,49.64783333333333,1.8333333333333333,2.0,36.785414333333335,-119.77309933333332,36.9,1,25,38.745367747828354
2025-06-21 19:30:00,1750559101.0,25.5,21.33333333333333,48.45666666666667,1.0,1.3333333333333333,36.7853935,-119.77310316666666,36.0,1,25,36.84513249720783
2025-06-21 20:30:00,1750562701.0,23.5,23.0,45.649,1.3333333333333333,1.5,36.785413,-119.77308933333336,34.4,1,25,33.582129648182345
2025-06-21 21:30:00,1750566301.0,22.5,25.83333333333333,42.54533333333333,3.1666666666666665,3.333333333333333,36.785408,-119.77310583333332,32.4,1,25,31.57129740878709
2025-06-21 22:30:00,1750569901.0,21.33333333333333,31.666666666666668,36.78733333333333,4.833333333333333,5.0,36.785396166666665,-119.77303816666668,29.0,1,25,28.13573780368921
2025-06-21 23:30:00,1750573501.0,20.166666666666668,36.333333333333336,33.977833333333336,2.833333333333333,3.0,36.785448,-119.77308783333332,27.0,1,25,25.958008936674744
2025-06-22 00:30:00,1750577101.0,19.5,40.0,30.0735,5.833333333333333,6.166666666666667,36.785415666666665,-119.773099,25.1,1,25,24.081882650921763
2025-06-22 01:30:00,1750580701.0,18.33333333333333,44.333333333333336,28.530833333333334,3.8333333333333335,3.8333333333333335,36.78543466666667,-119.77307283333332,23.4,1,25,22.84423116710019
2025-06-22 02:30:00,1750584301.0,17.166666666666668,48.66666666666666,24.601,3.6666666666666665,4.0,36.7854205,-119.7731325,20.5,1,25,20.062351151190384
2025-06-22 03:30:00,1750587901.0,16.166666666666668,52.833333333333336,20.408166666666663,3.5,3.8333333333333335,36.7853965,-119.7731235,17.1,1,25,17.09475509550372
2025-06-22 04:30:00,1750591501.0,15.333333333333334,57.833333333333336,15.825833333333334,4.166666666666667,4.166666666666667,36.78539733333333,-119.77308283333332,14.1,1,25,14.365490016894412
2025-06-22 05:30:00,1750595101.0,14.0,63.0,12.987666666666668,4.333333333333333,4.5,36.7854005,-119.77308783333332,,1,25,12.73431351664697
2025-06-22 06:30:00,1750598701.0,14.666666666666666,62.5,11.635166666666668,5.0,5.166666666666667,36.78544633333333,-119.773098,10.6,1,25,12.06675215660853
2025-06-22 07:30:00,1750602301.0,16.666666666666668,54.333333333333336,15.9065,6.0,6.166666666666667,36.785429666666666,-119.77310683333332,15.3,1,25,14.70415970371107
2025-06-22 08:30:00,1750605901.0,18.5,46.66666666666666,22.726,6.0,6.166666666666667,36.7854165,-119.77310933333332,20.9,1,25,19.322859869070776
2025-06-22 09:30:00,1750609715.142857,21.285714285714285,40.42857142857143,31.03442857142857,5.285714285714286,5.285714285714286,36.78539371428571,-119.77310614285716,27.3,1,25,26.215538688740146
2025-06-22 10:30:00,1750613101.0,23.33333333333333,36.66666666666666,36.907,4.166666666666667,4.666666666666667,36.785405,-119.77315133333332,33.3,1,25,31.27195657374685
2025-06-22 11:30:00,1750616701.0,25.83333333333333,30.83333333333333,42.8085,4.0,4.0,36.78540733333333,-119.77310316666666,,1,25,36.13333496792846
2025-06-22 12:30:00,1750620301.0,27.33333333333333,27.666666666666668,48.33783333333333,3.6666666666666665,3.6666666666666665,36.785415,-119.77309933333332,,1,25,40.830117346575065
2025-06-22 13:30:00,1750623901.0,28.666666666666668,25.666666666666668,48.60483333333334,3.1666666666666665,3.5,36.7854415,-119.77309283333334,,1,25,41.29224509010591
2025-06-22 14:30:00,1750627501.0,29.83333333333333,24.166666666666668,47.60083333333333,2.0,2.333333333333333,36.785413166666665,-119.77312466666666,,1,25,40.52555315367805
2025-06-22 15:30:00,1750631101.0,30.666666666666668,20.5,47.097,1.3333333333333333,1.3333333333333333,36.7853465,-119.773211,,1,25,39.30121445750285
2025-06-22 16:30:00,1750634701.0,30.666666666666668,20.0,48.40716666666666,1.0,1.1666666666666667,36.785414333333335,-119.773079,38.2,1,25,40.187877363495474
2025-06-22 17:30:00,1750638301.0,30.5,19.666666666666668,48.146833333333326,1.0,1.0,36.78538966666667,-119.77309933333332,37.7,1,25,39.7152869704026
2025-06-22 18:30:00,1750641901.0,29.83333333333333,20.166666666666668,47.92,1.0,1.0,36.785408833333335,-119.77309166666667,36.9,1,25,39.19278916873472
2025-06-22 19:30:00,1750645543.7142856,28.714285714285715,21.428571428571427,46.813,1.0,1.1428571428571428,36.785424,-119.77312128571428,36.4,1,25,37.85003862429602
2025-06-22 20:30:00,1750649101.0,26.83333333333333,24.0,45.162,2.0,2.0,36.78538383333333,-119.77312083333334,36.2,1,25,36.125601797627155
2025-06-22 21:30:00,1750652701.0,25.33333333333333,29.166666666666668,42.24183333333333,2.0,2.0,36.78539083333333,-119.77310566666668,34.8,1,25,34.24614912824896
2025-06-22 22:30:00,1750656301.0,23.83333333333333,30.83333333333333,40.76833333333334,1.8333333333333333,1.8333333333333333,36.78538133333333,-119.77312333333332,33.9,1,25,32.39039142628549
2025-06-22 23:30:00,1750659901.0,22.5,33.0,38.651833333333336,1.8333333333333333,1.8333333333333333,36.78544883333333,-119.77312716666668,31.2,1,25,30.316744751313806
2025-06-23 00:30:00,1750663501.0,20.5,40.333333333333336,28.75733333333333,3.5,3.6666666666666665,36.785401,-119.773112,24.9,1,26,23.39499606119032
2025-06-23 01:30:00,1750667101.0,20.0,42.5,29.120500000000003,5.0,5.0,36.7854005,-119.77310683333332,25.3,1,26,24.398322766638472
2025-06-23 02:30:00,1750670701.0,19.666666666666668,45.0,29.07283333333333,4.666666666666667,5.166666666666667,36.785419,-119.7730255,24.7,1,26,24.91169330042726
2025-06-23 03:30:00,1750674301.0,18.666666666666668,48.66666666666666,26.346166666666665,4.5,5.0,36.78541066666667,-119.773079,22.9,1,26,23.02804735989843
2025-06-23 04:30:00,1750678200.75,18.375,50.125,26.00075,4.5,4.625,36.785394125,-119.773085875,19.7,1,26,22.971035357944878
2025-06-23 05:30:00,1750681800.75,17.375,52.5,24.67025,5.5,5.75,36.785386625,-119.773098125,,1,26,22.133896152983816
2025-06-23 06:30:00,1750685400.142857,17.428571428571427,53.85714285714285,20.93614285714286,5.428571428571429,5.428571428571429,36.78541585714286,-119.77317371428572,23.7,1,26,19.40207434327438
2025-06-23 07:30:00,1750689300.0,17.5,53.66666666666666,19.250833333333333,7.166666666666667,7.5,36.785373666666665,-119.77308133333334,16.2,1,26,18.394181229721305
2025-06-23 08:30:00,1750692900.0,21.33333333333333,43.66666666666666,24.82466666666667,6.0,6.333333333333333,36.785419,-119.77310666666666,20.9,1,26,22.381336386501246
2025-06-23 09:30:00,1750696500.0,23.83333333333333,34.0,35.333666666666666,3.6666666666666665,4.0,36.78537883333333,-119.77314733333333,29.4,1,26,29.423276854578347
2025-06-23 10:30:00,1750700100.0,27.33333333333333,26.666666666666668,42.31516666666667,3.1666666666666665,3.1666666666666665,36.78543866666666,-119.77313866666668,35.7,1,26,35.3845596045214
2025-06-23 11:30:00,1750703700.0,29.33333333333333,24.83333333333333,46.44616666666667,3.0,3.0,36.785429666666666,-119.77316033333334,39.9,1,26,39.745873095499945
2025-06-23 12:30:00,1750707300.0,31.0,22.666666666666668,50.076,3.0,3.0,36.7853455,-119.77309166666667,43.1,1,26,43.35921593969172
2025-06-23 13:30:00,1750710900.0,31.666666666666668,20.5,52.65016666666667,2.833333333333333,2.833333333333333,36.78532083333334,-119.77312583333332,43.4,1,26,45.287738360634364
2025-06-23 14:30:00,1750714500.0,32.166666666666664,18.83333333333333,54.0105,3.1666666666666665,3.333333333333333,36.785411833333335,-119.77310433333334,44.5,1,26,46.356743044948544
2025-06-23 15:30:00,1750718100.0,33.166666666666664,17.333333333333332,56.19649999999999,3.5,3.6666666666666665,36.78540133333333,-119.77305983333332,46.7,1,26,48.543634536634386
2025-06-23 16:30:00,1750721700.0,33.5,15.166666666666666,55.97833333333333,2.6666666666666665,2.6666666666666665,36.785406,-119.77310583333332,45.0,1,26,47.668288906996324
2025-06-23 17:30:00,1750725300.0,33.0,16.833333333333332,57.14783333333333,2.833333333333333,3.0,36.7853965,-119.773107,46.0,1,26,48.90629790376981
2025-06-23 18:30:00,1750728900.0,32.666666666666664,17.0,58.599,3.5,3.5,36.78539933333334,-119.773098,48.8,1,26,50.09552380036506
2025-06-23 19:30:00,1750732500.0,31.166666666666668,20.83333333333333,60.579,9.666666666666666,9.666666666666666,36.78542766666666,-119.7730955,52.5,1,26,53.41181228466
2025-06-23 20:30:00,1750736100.0,29.166666666666668,25.666666666666668,56.64416666666667,5.333333333333333,5.5,36.7854215,-119.77312733333332,50.7,1,26,49.171469678188444
2025-06-23 21:30:00,1750739700.0,28.0,30.33333333333333,47.689166666666665,4.166666666666667,4.166666666666667,36.78539916666667,-119.77312333333332,43.7,1,26,41.931347670642594
2025-06-23 22:30:00,1750743300.0,26.166666666666668,35.166666666666664,39.35816666666667,3.0,3.1666666666666665,36.78541033333334,-119.77310816666666,36.7,1,26,34.812841021295725
2025-06-23 23:30:00,1750746900.0,24.5,38.0,34.59133333333333,3.5,3.6666666666666665,36.78541116666667,-119.773107,31.6,1,26,30.570638433620175
2025-06-24 00:30:00,1750750500.0,22.83333333333333,41.833333333333336,31.255666666666663,3.333333333333333,3.6666666666666665,36.78540233333333,-119.77310066666666,28.4,1,26,27.74152781016201
2025-06-24 01:30:00,1750754100.0,21.666666666666668,46.0,26.995666666666665,4.0,4.5,36.785385,-119.77307133333332,25.5,1,26,24.80460126425873
2025-06-24 02:30:00,1750757700.0,20.33333333333333,50.0,23.14933333333333,4.0,4.0,36.7853755,-119.77310683333332,21.8,1,26,21.823962193380382
2025-06-24 03:30:00,1750761300.0,19.5,52.833333333333336,20.326833333333333,4.166666666666667,4.666666666666667,36.78541116666667,-119.773155,19.9,1,26,19.826882639104312
2025-06-24 04:30:00,1750764900.0,18.83333333333333,53.833333333333336,18.06533333333333,4.166666666666667,4.333333333333333,36.785396166666665,-119.77311183333336,18.5,1,26,17.705708003134326
2025-06-24 05:30:00,1750768500.0,18.0,58.333333333333336,13.528333333333334,5.0,5.666666666666667,36.78535133333333,-119.77315133333332,,1,26,14.961074073268811
2025-06-24 06:30:00,1750772100.0,19.0,54.0,15.532000000000002,5.166666666666667,5.5,36.78538266666666,-119.773145,16.0,1,26,15.974988840847942
2025-06-24 07:30:00,1750775700.0,21.83333333333333,46.833333333333336,21.61883333333333,4.666666666666667,4.833333333333333,36.78542916666667,-119.773149,22.0,1,26,20.74700288639705
2025-06-24 08:30:00,1750779300.0,24.33333333333333,40.66666666666666,29.416666666666668,5.166666666666667,5.166666666666667,36.785411833333335,-119.77312083333334,29.1,1,26,27.30261587036474
2025-06-24 09:30:00,1750782900.0,27.166666666666668,34.666666666666664,38.22083333333334,7.166666666666667,7.333333333333333,36.78539133333333,-119.7731005,38.5,1,26,35.40566974765393
2025-06-24 10:30:00,1750786500.0,29.166666666666668,31.666666666666668,48.120666666666665,7.166666666666667,7.5,36.78540783333333,-119.77309666666667,47.6,1,26,44.354152564970434
2025-06-24 11:30:00,1750790100.0,31.166666666666668,28.33333333333333,57.25783333333334,8.0,8.0,36.785387,-119.77308916666668,56.3,1,26,52.69314582920168
2025-06-24 12:30:00,1750793700.0,32.666666666666664,25.166666666666668,60.19533333333334,6.333333333333333,6.666666666666667,36.78537433333334,-119.77307666666668,57.9,1,26,54.891782777937735
2025-06-24 13:30:00,1750797300.0,33.833333333333336,22.33333333333333,55.58166666666667,3.1666666666666665,3.5,36.78539983333334,-119.773074,50.1,1,26,50.124608565295034
2025-06-24 14:30:00,1750800900.0,34.833333333333336,20.33333333333333,56.576166666666666,2.333333333333333,2.333333333333333,36.78542016666666,-119.7730725,49.4,1,26,50.821503475475
2025-06-24 15:30:00,1750804500.0,34.833333333333336,19.83333333333333,58.33283333333333,2.1666666666666665,2.1666666666666665,36.78543066666666,-119.77305483333332,49.0,1,26,52.11392443856418
2025-06-24 16:30:00,1750808100.0,35.0,17.833333333333332,59.715833333333336,2.0,2.0,36.78543233333333,-119.77310433333334,49.6,1,26,52.70942609308723
2025-06-24 17:30:00,1750811700.0,35.0,17.833333333333332,60.740166666666674,2.333333333333333,2.333333333333333,36.78537666666667,-119.773116,50.6,1,26,53.6625662728063
2025-06-24 18:30:00,1750815300.0,34.0,17.333333333333332,58.439,2.0,2.0,36.78540066666667,-119.773135,47.8,1,26,50.70794870375369
2025-06-24 19:30:00,1750818900.0,32.333333333333336,19.33333333333333,54.66983333333334,1.8333333333333333,1.8333333333333333,36.7853915,-119.77310166666666,44.5,1,26,46.880446370364666
2025-06-24 20:30:00,1750822500.0,29.83333333333333,25.5,48.73466666666667,2.333333333333333,2.5,36.78541516666667,-119.77313516666668,41.5,1,26,42.15128729552151
2025-06-24 21:30:00,1750826100.0,27.83333333333333,34.833333333333336,43.6525,3.8333333333333335,3.8333333333333335,36.78540666666667,-119.77305466666668,39.9,1,26,39.78947824440611
2025-06-24 22:30:00,1750829700.0,25.83333333333333,40.333333333333336,41.4445,4.666666666666667,4.833333333333333,36.78532916666666,-119.77307883333332,38.5,1,26,38.46926249332145
2025-06-24 23:30:00,1750833300.0,24.166666666666668,41.66666666666666,38.331,4.5,4.666666666666667,36.78539683333333,-119.77309533333332,34.4,1,26,34.97819756630169
2025-06-25 00:30:00,1750836900.0,22.5,45.833333333333336,32.41766666666667,5.166666666666667,5.333333333333333,36.785375,-119.773084,29.3,1,26,30.243256428015385
2025-06-25 01:30:00,1750840500.0,21.166666666666668,51.16666666666666,28.2715,5.5,5.666666666666667,36.78537633333333,-119.77310283333334,25.9,1,26,27.576235238378608
2025-06-25 02:30:00,1750844100.0,20.166666666666668,55.16666666666666,25.47583333333333,5.666666666666667,5.833333333333333,36.78544483333334,-119.77307383333334,23.5,1,26,25.82418996307328
2025-06-25 03:30:00,1750847700.0,18.666666666666668,60.333333333333336,19.323166666666665,6.666666666666667,6.833333333333333,36.78543083333333,-119.77311716666668,18.1,1,26,21.42268902067577
2025-06-25 04:30:00,1750851300.0,17.833333333333332,63.16666666666666,17.756666666666664,6.833333333333333,6.833333333333333,36.78541366666667,-119.77308383333332,16.3,1,26,20.438476996716133
2025-06-25 05:30:00,1750854900.0,17.0,64.66666666666667,15.772833333333333,7.833333333333333,8.166666666666666,36.7853795,-119.77311966666667,,1,26,18.893394563066643
2025-06-25 06:30:00,1750858500.0,17.666666666666668,62.833333333333336,15.885166666666668,7.5,7.666666666666667,36.785396,-119.77314883333334,13.8,1,26,18.77819588491446
2025-06-25 07:30:00,1750862100.0,19.33333333333333,55.66666666666666,21.31866666666667,6.833333333333333,7.0,36.785365500000005,-119.77310166666666,18.0,1,26,22.099465696212135
2025-06-25 08:30:00,1750865700.0,22.166666666666668,46.66666666666666,26.59266666666667,7.166666666666667,7.5,36.785410000000006,-119.77308666666666,24.1,1,26,25.790939867615208
2025-06-25 09:30:00,1750869300.0,24.666666666666668,40.66666666666666,34.08733333333333,6.833333333333333,6.833333333333333,36.785366833333335,-119.77309683333334,32.6,1,26,31.9315402444918
2025-06-25 10:30:00,1750872900.0,27.83333333333333,35.666666666666664,42.28966666666667,7.0,7.0,36.7854425,-119.77309783333334,40.4,1,26,39.654997377429126
2025-06-25 11:30:00,1750876500.0,30.33333333333333,31.0,48.51616666666666,6.5,6.666666666666667,36.78539283333333,-119.77309816666668,46.1,1,26,45.16441079722472
2025-06-25 12:30:00,1750880100.0,32.833333333333336,25.5,52.82666666666666,5.333333333333333,5.333333333333333,36.7853895,-119.77309166666667,48.3,1,26,48.57230044409461
2025-06-25 13:30:00,1750883700.0,34.5,22.0,57.489,5.0,5.0,36.7854335,-119.77310683333332,51.8,1,26,52.541629606259846
2025-06-25 14:30:00,1750887300.0,35.166666666666664,20.166666666666668,59.99933333333333,4.166666666666667,4.166666666666667,36.7853775,-119.77308633333332,53.1,1,26,54.36941294231772
2025-06-25 15:30:00,1750890900.0,36.0,18.666666666666668,61.9895,3.6666666666666665,3.6666666666666665,36.7853685,-119.77308533333331,54.1,1,26,56.06781203897107
2025-06-25 16:30:00,1750894500.0,36.0,19.83333333333333,62.43983333333333,3.8333333333333335,4.0,36.78542766666667,-119.77306883333334,54.8,1,26,56.896883023290286
2025-06-25 17:30:00,1750898100.0,36.0,19.33333333333333,63.96566666666666,4.333333333333333,4.666666666666667,36.78543583333333,-119.77308766666664,56.8,1,26,58.16489907051262
2025-06-25 18:30:00,1750901700.0,35.666666666666664,19.5,63.651833333333336,4.166666666666667,4.333333333333333,36.785455,-119.77312066666668,57.2,1,26,57.6504835040958
2025-06-25 19:30:00,1750905300.0,34.0,18.666666666666668,62.21066666666667,3.0,3.1666666666666665,36.78541633333334,-119.77311316666668,54.2,1,26,54.62471003026687
2025-06-25 20:30:00,1750908900.0,31.33333333333333,23.666666666666668,58.88183333333333,4.833333333333333,4.833333333333333,36.78540366666667,-119.77311833333331,51.8,1,26,51.89150082228099
2025-06-25 21:30:00,1750912500.0,29.5,30.0,55.039,5.166666666666667,5.333333333333333,36.78539966666667,-119.77307766666668,50.6,1,26,49.46064955034248
2025-06-25 22:30:00,1750916100.0,28.0,34.166666666666664,54.00383333333334,6.166666666666667,6.333333333333333,36.78536866666667,-119.77311316666668,50.0,1,26,49.09199313547329
2025-06-25 23:30:00,1750919700.0,25.666666666666668,43.5,40.154833333333336,7.5,7.833333333333333,36.785382166666665,-119.7731615,40.3,1,26,38.99002110368953
2025-06-26 00:30:00,1750923300.0,24.166666666666668,44.5,33.531,8.0,8.5,36.785402833333336,-119.773088,33.3,1,26,32.688134677518605
2025-06-26 01:30:00,1750926900.0,23.0,41.333333333333336,32.94116666666667,8.333333333333334,9.0,36.785427,-119.77309933333332,30.6,1,26,30.350018656342087
2025-06-26 02:30:00,1750930500.0,22.0,42.5,31.453666666666667,8.166666666666666,9.0,36.78537283333333,-119.7731105,28.6,1,26,28.70192028994971
2025-06-26 03:30:00,1750934100.0,20.83333333333333,46.833333333333336,27.802166666666665,8.5,8.833333333333334,36.78535933333333,-119.7730865,26.2,1,26,26.202118246926574
2025-06-26 04:30:00,1750937700.0,20.0,50.833333333333336,25.105833333333333,9.0,9.0,36.78539683333333,-119.77310416666668,24.6,1,26,24.708295392324118
2025-06-26 05:30:00,1750941300.0,19.5,52.333333333333336,23.581,9.0,9.5,36.78538633333333,-119.77307366666666,,1,26,23.581100810253275
2025-06-26 06:30:00,1750944900.0,19.83333333333333,51.833333333333336,23.245666666666665,9.333333333333334,9.666666666666666,36.785393166666665,-119.77311216666668,22.4,1,26,23.439829667273337
2025-06-26 07:30:00,1750948500.0,22.0,48.16666666666666,27.808166666666665,8.666666666666666,9.0,36.78540733333333,-119.77309416666668,25.1,1,26,27.561451064713538
2025-06-26 08:30:00,1750952100.0,24.666666666666668,41.5,33.45083333333333,7.833333333333333,8.166666666666666,36.78540116666667,-119.77310666666666,31.1,1,26,31.933533190921892
2025-06-26 09:30:00,1750955700.0,27.5,35.5,43.25733333333333,8.0,8.0,36.78538016666666,-119.77312833333332,41.5,1,26,40.41368924402698
2025-06-26 10:30:00,1750959300.0,30.0,31.33333333333333,50.08716666666667,7.666666666666667,8.166666666666666,36.7854005,-119.7731185,48.7,1,26,46.67437541329839
2025-06-26 11:30:00,1750962900.0,32.0,27.5,52.61116666666666,6.333333333333333,6.5,36.78540866666667,-119.77310316666666,50.6,1,26,48.68900395413499
2025-06-26 12:30:00,1750966500.0,34.166666666666664,23.666666666666668,57.913,5.5,5.5,36.7853985,-119.77311466666669,53.7,1,26,53.33160107910062
2025-06-26 13:30:00,1750970100.0,36.0,18.33333333333333,63.2635,3.6666666666666665,4.0,36.7854045,-119.773122,56.0,1,26,57.07307946400638
2025-06-26 14:30:00,1750973700.0,37.66666666666666,16.5,65.08133333333333,3.333333333333333,3.333333333333333,36.78537966666666,-119.773116,56.9,1,26,59.14307895935609
2025-06-26 15:30:00,1750977300.0,37.833333333333336,17.166666666666668,66.63166666666666,2.6666666666666665,2.6666666666666665,36.785411,-119.77311966666667,58.1,1,26,60.655599477983245
2025-06-26 16:30:00,1750980900.0,37.16666666666666,16.666666666666668,65.80383333333333,2.5,2.5,36.78544716666666,-119.77308916666664,59.0,1,26,59.24599803783974
2025-06-26 17:30:00,1750984500.0,37.0,16.666666666666668,62.05566666666667,5.333333333333333,6.0,36.78540816666666,-119.77306883333334,54.1,1,26,56.652898594140495
2025-06-26 18:30:00,1750988100.0,35.666666666666664,19.83333333333333,60.99633333333333,11.666666666666666,11.833333333333334,36.78540933333333,-119.77313233333332,53.4,1,26,57.271322536534086
2025-06-26 19:30:00,1750991700.0,34.0,24.0,57.615,5.833333333333333,6.333333333333333,36.78536033333334,-119.773074,51.7,1,26,53.18799931377076
2025-06-26 20:30:00,1750995300.0,31.5,29.166666666666668,53.98366666666666,5.0,5.166666666666667,36.78540816666666,-119.77314116666666,50.2,1,26,49.73037227058096
2025-06-26 21:30:00,1750998900.0,29.5,33.833333333333336,52.456,5.5,6.0,36.78541333333333,-119.77312983333331,49.0,1,26,48.64771146161661
2025-06-26 22:30:00,1751002500.0,27.666666666666668,38.16666666666666,48.28866666666666,5.666666666666667,5.833333333333333,36.785416833333336,-119.77319083333332,46.4,1,26,45.18671384036604
2025-06-26 23:30:00,1751006100.0,26.5,42.16666666666666,46.2305,6.0,6.166666666666667,36.785429,-119.77312083333334,44.6,1,26,43.97948467443476
2025-06-27 00:30:00,1751009700.0,24.5,50.16666666666666,31.233666666666664,7.5,7.666666666666667,36.7853995,-119.77311683333332,33.8,1,26,32.72441821314564
2025-06-27 01:30:00,1751013300.0,23.666666666666668,51.0,29.13283333333333,6.333333333333333,6.833333333333333,36.785432,-119.77313366666664,29.7,1,26,30.34337917637275
2025-06-27 02:30:00,1751016900.0,22.5,53.333333333333336,25.608500000000003,5.666666666666667,5.833333333333333,36.78540433333333,-119.7731045,26.1,1,26,27.06069109714813
2025-06-27 03:30:00,1751020500.0,20.83333333333333,58.333333333333336,20.60333333333333,6.166666666666667,6.333333333333333,36.785387166666666,-119.77310833333333,21.2,1,26,23.34030414165543
2025-06-27 04:30:00,1751024100.0,20.0,61.833333333333336,17.788666666666668,7.0,7.166666666666667,36.785413166666665,-119.77310066666666,18.4,1,26,21.686583093838813
2025-06-27 05:30:00,1751027700.0,19.5,62.0,16.36616666666667,7.0,7.333333333333333,36.78543483333333,-119.77308666666666,,1,26,20.17089783378203
2025-06-27 06:30:00,1751031300.0,19.83333333333333,61.5,15.604500000000002,7.333333333333333,8.166666666666666,36.78541683333333,-119.77310566666668,16.3,1,26,19.72484341885834
2025-06-27 07:30:00,1751034900.0,22.5,52.833333333333336,20.833,7.5,7.5,36.7853735,-119.77310433333334,21.5,1,26,23.236923296958885
2025-06-27 08:30:00,1751038500.0,25.83333333333333,42.5,30.680666666666667,7.166666666666667,7.666666666666667,36.785375,-119.77311733333332,31.2,1,26,30.62943364051037
2025-06-27 09:30:00,1751042100.0,28.166666666666668,35.666666666666664,41.14866666666666,8.333333333333334,8.5,36.78542033333333,-119.77309433333332,41.2,1,26,39.259770094094534
2025-06-27 10:30:00,1751045700.0,31.166666666666668,30.5,53.562666666666665,8.333333333333334,8.666666666666666,36.785433,-119.77312983333331,53.1,1,26,50.37315844056596
2025-06-27 11:30:00,1751049300.0,33.5,26.666666666666668,62.376,8.5,8.833333333333334,36.78543,-119.77309183333334,63.3,1,26,58.388251238728714
2025-06-27 12:30:00,1751052900.0,35.5,23.33333333333333,62.131,7.0,7.666666666666667,36.78538266666667,-119.77312983333331,63.4,1,26,58.226633717469056
2025-06-27 13:30:00,1751056500.0,37.16666666666666,20.83333333333333,59.16266666666667,5.166666666666667,5.833333333333333,36.7853475,-119.77310433333334,56.7,1,26,55.66311647101416
2025-06-27 14:30:00,1751060100.0,38.333333333333336,20.0,66.0315,6.666666666666667,6.666666666666667,36.78542216666667,-119.7730955,63.1,1,26,62.41094712851266
2025-06-27 15:30:00,1751063700.0,39.0,18.666666666666668,67.59766666666667,5.166666666666667,5.166666666666667,36.78541716666667,-119.7731185,63.9,1,26,63.44245169771675
2025-06-27 16:30:00,1751067300.0,39.0,18.166666666666668,67.4875,5.0,5.0,36.78539716666666,-119.77308116666669,63.2,1,26,63.14161195810749
2025-06-27 17:30:00,1751070900.0,38.5,18.33333333333333,67.0775,13.5,13.666666666666666,36.785365500000005,-119.77311216666664,63.4,1,26,64.50242005241532
2025-06-27 18:30:00,1751074500.0,37.5,21.33333333333333,63.435,5.666666666666667,5.833333333333333,36.78539516666667,-119.7731195,60.1,1,26,59.79892714422965
2025-06-27 19:30:00,1751078100.0,36.0,21.666666666666668,59.347,4.333333333333333,4.333333333333333,36.785373,-119.77314133333331,55.1,1,26,54.97454110581734
2025-06-27 20:30:00,1751081700.0,33.666666666666664,26.166666666666668,56.16983333333334,5.0,5.0,36.785396166666665,-119.77315783333334,53.4,1,26,52.19010687246559
2025-06-27 21:30:00,1751085300.0,32.0,29.166666666666668,50.258,8.333333333333334,8.833333333333334,36.78541383333333,-119.77312483333333,49.5,1,26,47.74157797855317
2025-06-27 22:30:00,1751088900.0,30.5,31.33333333333333,48.21533333333334,5.0,5.333333333333333,36.785445333333335,-119.773112,47.3,1,26,44.80294604166073
2025-06-27 23:30:00,1751092500.0,28.666666666666668,36.833333333333336,42.75083333333333,6.333333333333333,6.5,36.78538066666667,-119.77305733333333,43.3,1,26,40.916353763711044
2025-06-28 00:30:00,1751096100.0,26.666666666666668,44.333333333333336,32.043,7.0,7.5,36.785378,-119.77311583333334,36.2,1,26,32.986648100573376
2025-06-28 01:30:00,1751099700.0,25.5,48.66666666666666,28.9475,6.833333333333333,7.0,36.785416833333336,-119.77308266666668,32.8,1,26,30.85776153428837
2025-06-28 02:30:00,1751103300.0,24.0,53.0,23.050166666666662,7.333333333333333,7.5,36.785376500000005,-119.77310966666666,27.7,1,26,26.276869985299385
2025-06-28 03:30:00,1751106900.0,22.83333333333333,56.333333333333336,19.198666666666668,8.333333333333334,8.666666666666666,36.7853955,-119.77307,22.4,1,26,23.488564954168936
2025-06-28 04:30:00,1751110500.0,22.0,59.333333333333336,17.26,8.333333333333334,8.5,36.78542433333333,-119.7731045,19.9,1,26,22.203053088022763
2025-06-28 05:30:00,1751114100.0,21.166666666666668,61.66666666666666,14.844833333333334,9.166666666666666,9.666666666666666,36.78542766666667,-119.77307383333334,,1,26,20.529320099412452
2025-06-28 06:30:00,1751117700.0,22.33333333333333,59.0,13.7965,9.5,10.0,36.785392,-119.7730915,17.2,1,26,19.689410968963827
2025-06-28 07:30:00,1751121300.0,24.83333333333333,51.0,20.63583333333333,15.0,15.166666666666666,36.785385833333336,-119.773107,24.6,1,26,25.982314048217326
2025-06-28 08:30:00,1751124900.0,27.83333333333333,43.66666666666666,24.85633333333333,25.166666666666668,25.666666666666668,36.78540883333333,-119.77304083333333,30.9,1,26,31.799404690948734
2025-06-28 09:30:00,1751128500.0,30.166666666666668,38.833333333333336,38.127833333333335,20.166666666666668,20.666666666666668,36.78540366666667,-119.7730955,43.0,1,26,42.06142523325158
2025-06-28 10:30:00,1751132100.0,32.333333333333336,34.833333333333336,49.810833333333335,19.33333333333333,19.666666666666668,36.78538916666667,-119.77311583333334,55.6,1,26,52.094283001936205
2025-06-28 11:30:00,1751135700.0,34.666666666666664,30.166666666666668,64.59566666666667,17.666666666666668,18.33333333333333,36.78536866666666,-119.77310566666668,71.8,1,26,64.52235485225964
2025-06-28 12:30:00,1751139300.0,37.0,25.666666666666668,74.42999999999999,16.0,16.0,36.78541,-119.77310566666668,82.6,1,26,72.69256715691536
2025-06-28 13:30:00,1751142900.0,38.5,22.83333333333333,68.95783333333334,9.333333333333334,9.666666666666666,36.785439833333335,-119.77303816666668,71.8,1,26,66.64174731227111
2025-06-28 14:30:00,1751146500.0,39.16666666666666,20.0,65.421,5.833333333333333,6.0,36.78542916666667,-119.773107,63.0,1,26,62.32772007287832
2025-06-28 15:30:00,1751150100.0,40.0,17.0,65.96983333333334,4.5,4.666666666666667,36.7854595,-119.773131,60.3,1,26,62.09663579949118
2025-06-28 16:30:00,1751153700.0,40.0,17.333333333333332,67.36216666666667,5.0,5.0,36.785391,-119.77308166666666,63.4,1,26,63.50011044170503
2025-06-28 17:30:00,1751157300.0,40.0,17.0,68.2185,5.5,5.666666666666667,36.7853795,-119.77311466666669,63.9,1,26,64.2525238473042
2025-06-28 18:30:00,1751160900.0,39.333333333333336,16.166666666666668,68.28433333333334,4.666666666666667,5.0,36.785403,-119.773117,62.7,1,26,63.35099069513943
2025-06-28 19:30:00,1751164500.0,37.333333333333336,20.166666666666668,63.68116666666666,5.166666666666667,5.333333333333333,36.785401,-119.77311833333331,60.0,1,26,59.376074324268714
2025-06-28 20:30:00,1751168100.0,34.666666666666664,25.33333333333333,58.352833333333336,6.666666666666667,7.0,36.78538633333333,-119.77309666666667,56.2,1,26,54.94278594956796
2025-06-28 21:30:00,1751171700.0,33.0,31.5,56.46566666666666,6.666666666666667,7.0,36.785315833333335,-119.773075,56.0,1,26,54.15560569813182
2025-06-28 22:30:00,1751175300.0,31.5,33.666666666666664,53.81783333333333,6.833333333333333,7.333333333333333,36.78540666666667,-119.77302933333334,53.4,1,26,51.55864970913201
2025-06-28 23:30:00,1751178900.0,29.166666666666668,41.66666666666666,38.96966666666666,7.833333333333333,8.0,36.785347,-119.77306500000002,42.4,1,26,40.03442003922498
2025-06-29 00:30:00,1751182500.0,27.166666666666668,42.66666666666666,32.584666666666664,6.166666666666667,6.833333333333333,36.78538066666667,-119.7730675,34.7,1,26,33.080749059191135
2025-06-29 01:30:00,1751186100.0,26.166666666666668,41.833333333333336,31.62683333333333,6.166666666666667,6.166666666666667,36.785384,-119.77310316666666,32.6,1,26,31.180877904003438
2025-06-29 02:30:00,1751189700.0,24.83333333333333,45.833333333333336,27.101166666666668,6.833333333333333,7.333333333333333,36.78543483333333,-119.77307116666668,28.3,1,26,27.866900764826717
2025-06-29 03:30:00,1751193300.0,23.666666666666668,49.333333333333336,23.394333333333336,7.0,7.0,36.785429,-119.77311316666668,25.0,1,26,25.001484110607088
2025-06-29 04:30:00,1751196900.0,23.0,52.16666666666666,20.9865,8.666666666666666,8.833333333333334,36.785405,-119.77307766666668,22.9,1,26,23.807957689414593
2025-06-29 05:30:00,1751200210.1666667,22.166666666666668,54.333333333333336,15.287166666666666,9.833333333333334,10.166666666666666,36.78538983333333,-119.77308533333331,,1,26,19.33969357068579
2025-06-29 06:30:00,1751203501.0,22.83333333333333,54.66666666666666,12.712833333333334,9.166666666666666,9.5,36.785401,-119.773098,15.5,1,26,17.592616949609443
2025-06-29 07:30:00,1751207101.0,24.5,52.5,17.187166666666666,16.833333333333332,17.5,36.785432666666665,-119.77309416666668,21.7,1,26,23.771318227202357
2025-06-29 08:30:00,1751210701.0,26.166666666666668,48.5,22.525666666666663,19.666666666666668,20.5,36.7854665,-119.77309533333334,28.2,1,26,28.914841450306028
2025-06-29 09:30:00,1751214301.0,29.0,39.66666666666666,35.464,12.333333333333334,12.666666666666666,36.785401,-119.77311716666668,39.7,1,26,37.32912431486369
2025-06-29 10:30:00,1751217901.0,31.166666666666668,36.333333333333336,46.57416666666666,12.166666666666666,12.833333333333334,36.7854245,-119.77314766666666,49.9,1,26,47.29837736212539
2025-06-29 11:30:00,1751221501.0,33.666666666666664,32.833333333333336,55.1915,11.5,11.5,36.785431,-119.7730815,59.9,1,26,55.12546691886746
2025-06-29 12:30:00,1751225101.0,35.5,28.0,63.6495,10.0,10.166666666666666,36.78542766666666,-119.77311833333331,66.1,1,26,61.75056792458395
2025-06-29 13:30:00,1751228701.0,36.833333333333336,26.5,61.05616666666666,9.166666666666666,9.333333333333334,36.78551516666666,-119.77309033333334,61.9,1,26,59.83043197590564
2025-06-29 14:30:00,1751232301.0,38.16666666666666,23.5,59.9955,6.5,6.833333333333333,36.785417,-119.77313483333334,58.8,1,26,58.29701087326754
2025-06-29 15:30:00,1751235901.0,38.66666666666666,22.666666666666668,63.03483333333333,5.833333333333333,5.833333333333333,36.78541283333333,-119.773126,61.2,1,26,60.79684605302714
2025-06-29 16:30:00,1751239501.0,39.16666666666666,20.33333333333333,62.46866666666667,4.333333333333333,4.5,36.78534766666667,-119.77314383333334,58.8,1,26,59.56448135188171
2025-06-29 17:30:00,1751243101.0,39.0,19.33333333333333,65.798,4.666666666666667,4.666666666666667,36.78540566666667,-119.77310166666666,62.0,1,26,62.011285626523346
2025-06-29 18:30:00,1751246701.0,38.66666666666666,19.0,67.04483333333333,4.5,4.5,36.78544483333334,-119.77309416666668,62.6,1,26,62.67624019852525
2025-06-29 19:30:00,1751250301.0,37.0,20.33333333333333,62.8305,4.666666666666667,4.833333333333333,36.78540533333334,-119.77308133333334,57.0,1,26,58.33934693430709
2025-06-29 20:30:00,1751253901.0,34.166666666666664,26.166666666666668,56.1655,5.0,5.0,36.78536233333333,-119.77300116666667,51.4,1,26,52.55860697407512
2025-06-29 21:30:00,1751257501.0,32.333333333333336,30.0,52.18033333333333,5.0,5.166666666666667,36.785405,-119.77309933333332,48.2,1,26,49.09056854713894
2025-06-29 22:30:00,1751261101.0,31.166666666666668,30.33333333333333,54.08133333333333,5.333333333333333,5.666666666666667,36.78542466666666,-119.77304083333333,49.4,1,26,50.049783597662625
2025-06-29 23:30:00,1751264701.0,29.5,29.5,49.02316666666667,4.833333333333333,5.0,36.78537483333333,-119.77311716666668,44.6,1,26,44.0801230705725
2025-06-30 00:30:00,1751268301.0,27.83333333333333,28.5,47.471833333333336,3.6666666666666665,4.0,36.7854215,-119.77313133333332,42.6,1,27,41.06692718825893
2025-06-30 01:30:00,1751271901.0,26.0,31.5,41.10733333333334,3.8333333333333335,4.333333333333333,36.785399000000005,-119.77313333333332,36.2,1,27,35.32875809225837
2025-06-30 02:30:00,1751275501.0,24.166666666666668,34.333333333333336,35.329,5.833333333333333,6.0,36.78541366666667,-119.77305733333333,31.8,1,27,30.42480541081855
2025-06-30 03:30:00,1751279101.0,23.33333333333333,36.0,31.475,5.166666666666667,5.333333333333333,36.78537883333333,-119.773117,29.4,1,27,26.91528485677486
2025-06-30 04:30:00,1751282701.0,22.5,38.333333333333336,26.12483333333333,6.166666666666667,6.333333333333333,36.78539466666667,-119.77306,24.2,1,27,22.746578985241136
2025-06-30 05:30:00,1751286301.0,22.0,40.5,21.559,6.5,6.833333333333333,36.7853705,-119.77312966666666,,1,27,19.296548815656365
2025-06-30 06:30:00,1751289901.0,22.5,42.66666666666666,17.331999999999997,7.333333333333333,8.0,36.785393166666665,-119.77314,17.7,1,27,17.013237958175104
2025-06-30 07:30:00,1751293501.0,24.33333333333333,42.66666666666666,20.318166666666663,7.333333333333333,7.666666666666667,36.785411833333335,-119.77307916666666,23.6,1,27,20.896991475374023
2025-06-30 08:30:00,1751297101.0,27.0,33.833333333333336,30.88433333333333,5.833333333333333,5.833333333333333,36.7854075,-119.7731005,32.6,1,27,28.55847340916629
2025-06-30 09:30:00,1751300701.0,30.0,27.0,44.75783333333334,5.0,5.0,36.78544683333333,-119.77314783333333,42.6,1,27,40.14755815654915
2025-06-30 10:30:00,1751304301.0,32.833333333333336,21.666666666666668,54.641,4.5,4.666666666666667,36.78538833333334,-119.7731425,50.0,1,27,48.80276366744934
2025-06-30 11:30:00,1751307901.0,34.666666666666664,19.33333333333333,61.947,4.5,4.5,36.78545233333333,-119.773102,59.0,1,27,55.60706555180283
2025-06-30 12:30:00,1751311501.0,36.0,18.5,64.31216666666667,4.333333333333333,4.333333333333333,36.78541616666666,-119.77314516666668,59.3,1,27,58.29977105747258
2025-06-30 13:30:00,1751315101.0,37.0,17.5,63.35366666666667,3.8333333333333335,4.0,36.785381666666666,-119.773112,57.3,1,27,57.787805586426245
2025-06-30 14:30:00,1751318701.0,37.833333333333336,19.666666666666668,65.01583333333333,4.333333333333333,4.833333333333333,36.7853725,-119.77311333333334,60.0,1,27,60.699857077532826
2025-06-30 15:30:00,1751322301.0,38.333333333333336,19.0,66.84733333333334,4.333333333333333,4.833333333333333,36.78536883333334,-119.77311833333334,62.7,1,27,62.41201528328929
2025-06-30 16:30:00,1751325901.0,39.0,18.0,69.98,5.333333333333333,5.333333333333333,36.78542216666667,-119.77307383333334,65.3,1,27,65.43959988311741
2025-06-30 17:30:00,1751329501.0,39.16666666666666,18.666666666666668,68.45416666666667,6.666666666666667,7.0,36.785387,-119.77307116666668,64.4,1,27,64.82978187661453
2025-06-30 18:30:00,1751333101.0,38.5,19.0,68.28533333333333,5.833333333333333,5.833333333333333,36.785373666666665,-119.77308516666666,62.8,1,27,64.07417031374392
2025-06-30 19:30:00,1751336701.0,36.833333333333336,20.0,63.752,5.0,5.0,36.78537866666667,-119.773061,57.3,1,27,59.10193408214219
2025-06-30 20:30:00,1751340301.0,33.833333333333336,22.0,65.02816666666666,4.666666666666667,5.0,36.78533616666667,-119.7730855,59.1,1,27,58.57795284824992
2025-06-30 21:30:00,1751343901.0,32.0,26.33333333333333,61.9145,4.666666666666667,4.833333333333333,36.7854125,-119.77314116666666,57.3,1,27,55.99152388939113
2025-06-30 22:30:00,1751347501.0,30.166666666666668,30.33333333333333,56.239666666666665,4.166666666666667,4.333333333333333,36.785389,-119.7731145,52.8,1,27,51.00407209547639
2025-06-30 23:30:00,1751351101.0,28.5,31.666666666666668,47.76783333333333,4.0,4.0,36.78541116666667,-119.77312083333334,44.6,1,27,42.92513533077522
2025-07-01 00:30:00,1751354701.0,27.0,34.666666666666664,40.738,3.5,3.6666666666666665,36.7853875,-119.77313116666666,38.2,1,27,36.7094327232366
2025-07-01 01:30:00,1751358301.0,25.666666666666668,37.16666666666666,36.496833333333335,3.6666666666666665,3.6666666666666665,36.785397,-119.77307766666668,34.5,1,27,32.95873839580946
2025-07-01 02:30:00,1751361901.0,24.5,39.5,32.992,3.5,3.6666666666666665,36.78539966666667,-119.77301266666666,31.3,1,27,29.8553725556648
2025-07-01 03:30:00,1751365501.0,22.83333333333333,43.333333333333336,28.43166666666667,4.0,4.166666666666667,36.78543533333333,-119.7730765,27.5,1,27,26.124126876671824
2025-07-01 04:30:00,1751369101.0,22.0,47.5,19.301333333333336,4.5,4.666666666666667,36.785432666666665,-119.7730995,20.4,1,27,19.22448923867313
2025-07-01 05:30:00,1751372701.0,21.0,49.833333333333336,15.338,5.166666666666667,5.333333333333333,36.78540616666667,-119.7730725,,1,27,16.03640247502608
2025-07-01 06:30:00,1751376301.0,21.666666666666668,49.16666666666666,12.095833333333331,6.0,6.0,36.78541766666667,-119.77315266666666,13.2,1,27,13.724996607702217
2025-07-01 07:30:00,1751379901.0,23.83333333333333,43.5,16.106666666666666,6.166666666666667,6.5,36.78540666666667,-119.7730995,20.1,1,27,16.933186109499196
2025-07-01 08:30:00,1751383501.0,26.33333333333333,37.833333333333336,27.11733333333333,7.333333333333333,7.5,36.78537433333333,-119.77310933333332,32.5,1,27,26.556003939120885
2025-07-01 09:30:00,1751387101.0,28.33333333333333,34.333333333333336,35.495333333333335,8.333333333333334,8.5,36.78536733333333,-119.77311833333331,41.7,1,27,34.26029026706475
2025-07-01 10:30:00,1751390701.0,30.83333333333333,30.5,40.37433333333333,8.333333333333334,8.5,36.78539916666667,-119.7730955,48.3,1,27,39.00220935042013
2025-07-01 11:30:00,1751394301.0,33.666666666666664,22.5,56.99133333333333,5.0,5.166666666666667,36.78538133333333,-119.77305983333332,58.3,1,27,51.82630764010794
2025-07-01 12:30:00,1751397901.0,35.333333333333336,20.33333333333333,62.45,4.666666666666667,5.0,36.785410500000005,-119.77309416666668,60.1,1,27,56.93633182333875
2025-07-01 13:30:00,1751401501.0,36.16666666666666,20.83333333333333,64.16316666666667,5.333333333333333,5.5,36.78534,-119.773122,60.9,1,27,59.3291989636392
2025-07-01 14:30:00,1751405101.0,37.16666666666666,20.83333333333333,63.11266666666666,5.333333333333333,5.333333333333333,36.785377,-119.77307,57.9,1,27,59.16227152515815
2025-07-01 15:30:00,1751408701.0,37.66666666666666,22.0,60.90033333333333,6.0,6.0,36.78540483333333,-119.7730715,58.1,1,27,58.19467746879765
2025-07-01 16:30:00,1751412301.0,38.0,22.0,62.458333333333336,6.0,6.166666666666667,36.785404,-119.7730955,58.6,1,27,59.78726308810596
2025-07-01 17:30:00,1751415901.0,38.0,23.0,65.59733333333334,7.166666666666667,7.333333333333333,36.78536033333334,-119.77308916666668,63.0,1,27,63.077188135691316
2025-07-01 18:30:00,1751419501.0,37.5,23.33333333333333,66.6365,7.0,7.166666666666667,36.785447,-119.77308666666666,62.7,1,27,63.66398759427878
2025-07-01 19:30:00,1751423101.0,36.333333333333336,22.83333333333333,61.659,5.5,5.5,36.78540233333333,-119.773141,55.4,1,27,58.010194407747065
2025-07-01 20:30:00,1751426701.0,33.833333333333336,25.166666666666668,59.50933333333333,5.833333333333333,5.833333333333333,36.7854195,-119.77312466666666,53.0,1,27,55.17448125746667
2025-07-01 21:30:00,1751430301.0,32.333333333333336,27.33333333333333,56.7515,5.833333333333333,6.0,36.785428333333336,-119.773108,51.3,1,27,52.444186861100945
2025-07-01 22:30:00,1751433901.0,30.83333333333333,29.83333333333333,52.87016666666667,6.0,6.166666666666667,36.78538066666667,-119.77307383333334,48.1,1,27,48.891296829163025
2025-07-01 23:30:00,1751437501.0,29.166666666666668,30.0,50.293,6.5,6.5,36.785418,-119.7730765,45.5,1,27,45.61052888011285
2025-07-02 00:30:00,1751441101.0,28.666666666666668,29.33333333333333,50.52866666666667,7.0,7.0,36.785401666666665,-119.77308516666666,44.5,1,27,45.33469085787527
2025-07-02 01:30:00,1751444701.0,27.166666666666668,33.0,46.211000000000006,7.333333333333333,7.5,36.7854235,-119.77308033333333,41.0,1,27,41.85414054176664
2025-07-02 02:30:00,1751448301.0,25.5,38.333333333333336,38.31816666666666,7.333333333333333,7.666666666666667,36.785408,-119.77307516666669,35.2,1,27,35.67722271613965
2025-07-02 03:30:00,1751451901.0,23.5,46.333333333333336,25.512833333333333,9.166666666666666,9.333333333333334,36.78538266666666,-119.77308633333332,27.4,1,27,26.3566537989908
2025-07-02 04:30:00,1751455800.857143,22.857142857142858,48.57142857142857,23.52914285714286,9.142857142857142,9.285714285714286,36.78540557142857,-119.77310514285716,25.8,1,27,24.92650431713563
2025-07-02 05:30:00,1751459700.0,22.0,49.66666666666666,22.77116666666667,10.166666666666666,10.333333333333334,36.78540683333333,-119.77315283333331,,1,27,24.252642361844934
2025-07-02 06:30:00,1751463300.0,22.166666666666668,50.333333333333336,19.64933333333333,10.166666666666666,10.166666666666666,36.785383333333336,-119.7731185,22.1,1,27,21.92073716916395
2025-07-02 07:30:00,1751466900.0,24.166666666666668,44.333333333333336,24.40183333333333,9.666666666666666,9.833333333333334,36.78540933333333,-119.77308916666668,25.5,1,27,25.353666658738113
2025-07-02 08:30:00,1751470500.0,27.5,36.5,33.4075,8.833333333333334,9.166666666666666,36.78541616666666,-119.77312233333332,34.1,1,27,32.716450790624535
2025-07-02 09:30:00,1751474100.0,30.33333333333333,32.5,40.95483333333333,9.0,9.166666666666666,36.78540666666667,-119.77311966666667,42.8,1,27,39.95271153831571
2025-07-02 10:30:00,1751477700.0,32.0,31.83333333333333,42.89716666666666,7.833333333333333,8.0,36.785384,-119.773107,43.2,1,27,42.35171662789385
2025-07-02 11:30:00,1751481300.0,33.5,30.666666666666668,46.45916666666667,7.666666666666667,7.666666666666667,36.785326833333336,-119.77313116666666,45.5,1,27,46.063592113171794
2025-07-02 12:30:00,1751484900.0,34.833333333333336,31.83333333333333,49.51266666666667,10.333333333333334,10.5,36.785401,-119.773088,50.2,1,27,50.698754421126594
2025-07-02 13:30:00,1751488500.0,36.0,29.83333333333333,49.190333333333335,8.5,8.666666666666666,36.785401666666665,-119.7730435,48.2,1,27,50.18864326889515
2025-07-02 14:30:00,1751492100.0,37.333333333333336,27.666666666666668,55.936,8.5,8.833333333333334,36.78540683333333,-119.77312483333333,54.2,1,27,56.227849883119035
2025-07-02 15:30:00,1751495700.0,38.0,26.666666666666668,57.90466666666666,8.166666666666666,8.5,36.78542916666667,-119.77312716666668,55.9,1,27,57.99065083342519
2025-07-02 16:30:00,1751499300.0,38.5,25.33333333333333,60.827,9.333333333333334,9.5,36.78538433333333,-119.77310166666666,58.6,1,27,60.672081272129006
2025-07-02 17:30:00,1751502900.0,38.833333333333336,22.5,59.82383333333333,8.333333333333334,8.333333333333334,36.78539533333333,-119.77311816666668,56.8,1,27,58.86416876788087
2025-07-02 18:30:00,1751506500.0,38.5,21.83333333333333,59.59283333333334,7.5,7.666666666666667,36.78540366666667,-119.77313616666667,54.4,1,27,58.01321997009025
2025-07-02 19:30:00,1751510100.0,36.833333333333336,21.33333333333333,55.86883333333333,5.666666666666667,5.666666666666667,36.78540533333334,-119.7730915,51.9,1,27,52.978119440852296
2025-07-02 20:30:00,1751513700.0,34.333333333333336,22.666666666666668,47.528,4.333333333333333,4.333333333333333,36.785380333333336,-119.77310183333331,44.1,1,27,44.12921568099304
2025-07-02 21:30:00,1751517300.0,32.833333333333336,32.833333333333336,39.91233333333333,8.166666666666666,8.333333333333334,36.78540733333333,-119.77309283333334,41.3,1,27,40.83825705289733
2025-07-02 22:30:00,1751520900.0,30.83333333333333,43.5,34.21783333333333,10.833333333333334,11.0,36.7853845,-119.77308133333334,40.0,1,27,38.69111504326206
2025-07-02 23:30:00,1751524500.0,28.83333333333333,45.333333333333336,28.97533333333333,7.833333333333333,8.0,36.785400333333335,-119.773065,33.2,1,27,32.63147881934363
2025-07-03 00:30:00,1751528100.0,27.0,48.66666666666666,27.512666666666664,7.0,7.166666666666667,36.7854055,-119.77310166666666,31.9,1,27,30.93686540141094
2025-07-03 01:30:00,1751531700.0,26.0,51.0,25.11,7.166666666666667,7.5,36.785443666666666,-119.7730915,29.2,1,27,28.97713322849775
2025-07-03 02:30:00,1751535300.0,25.0,51.5,22.8835,6.833333333333333,7.0,36.78541366666666,-119.77314516666668,26.8,1,27,26.406190175667277
2025-07-03 03:30:00,1751538900.0,24.0,55.333333333333336,18.52083333333333,7.5,7.833333333333333,36.78539416666667,-119.77310933333332,22.5,1,27,23.39413552555606
2025-07-03 04:30:00,1751542500.0,23.0,59.0,15.968833333333334,8.0,8.833333333333334,36.78539233333333,-119.77313733333334,19.6,1,27,21.86169800849578
2025-07-03 05:30:00,1751546100.0,22.33333333333333,59.333333333333336,15.155,9.0,9.333333333333334,36.78538366666667,-119.77314766666666,,1,27,20.974879055821596
2025-07-03 06:30:00,1751549700.0,22.666666666666668,57.833333333333336,13.9545,9.666666666666666,9.833333333333334,36.78539466666667,-119.77313983333336,16.1,1,27,19.839424200943704
2025-07-03 07:30:00,1751553300.0,24.33333333333333,53.16666666666666,17.033666666666665,10.166666666666666,10.166666666666666,36.78541933333333,-119.77311983333334,19.5,1,27,22.24960788780725
2025-07-03 08:30:00,1751556900.0,27.5,45.833333333333336,24.213666666666665,11.166666666666666,11.666666666666666,36.78541483333333,-119.77310033333332,27.5,1,27,28.561135359710583
2025-07-03 09:30:00,1751560500.0,30.83333333333333,38.833333333333336,39.135333333333335,16.833333333333332,17.166666666666668,36.78540866666667,-119.77312233333332,42.9,1,27,42.761232365108015
2025-07-03 10:30:00,1751564100.0,33.0,37.833333333333336,48.535833333333336,20.666666666666668,20.83333333333333,36.78540216666666,-119.77309666666667,56.1,1,27,52.955060572731966
2025-07-03 11:30:00,1751567700.0,35.333333333333336,30.83333333333333,61.14783333333333,18.166666666666668,18.166666666666668,36.785425,-119.77310183333331,69.3,1,27,62.50610873696448
2025-07-03 12:30:00,1751571300.0,37.333333333333336,27.166666666666668,64.01683333333334,12.0,12.0,36.78543033333333,-119.77307,68.2,1,27,63.75621471339849
2025-07-03 13:30:00,1751574900.0,38.333333333333336,26.166666666666668,62.6285,9.333333333333334,9.5,36.7854405,-119.77310683333332,63.2,1,27,62.364448507160986
2025-07-03 14:30:00,1751578500.0,38.833333333333336,25.33333333333333,60.44050000000001,7.833333333333333,7.833333333333333,36.785441166666665,-119.7731525,58.4,1,27,60.220460367311574
2025-07-03 15:30:00,1751582100.0,38.5,24.166666666666668,59.46183333333334,6.333333333333333,6.333333333333333,36.785399,-119.77309283333334,55.0,1,27,58.39145038885198
2025-07-03 16:30:00,1751585700.0,36.16666666666666,19.83333333333333,55.459833333333336,2.333333333333333,2.333333333333333,36.78538266666667,-119.77309266666668,46.3,1,27,50.8415497404648
2025-07-03 17:30:00,1751589300.0,36.0,15.833333333333334,51.65283333333334,0.6666666666666666,0.8333333333333334,36.785462,-119.7730715,39.6,1,27,45.749688961992035
2025-07-03 18:30:00,1751592900.0,35.0,26.166666666666668,53.23166666666666,3.0,3.1666666666666665,36.785393,-119.77314116666666,45.1,1,27,50.363926910973916
2025-07-03 19:30:00,1751596500.0,32.333333333333336,32.333333333333336,50.187333333333335,3.8333333333333335,4.0,36.78544683333333,-119.77312583333334,46.2,1,27,48.04204969444447
2025-07-03 20:30:00,1751600100.0,29.83333333333333,33.666666666666664,39.55566666666667,2.333333333333333,2.6666666666666665,36.78545133333333,-119.77309033333334,35.5,1,27,37.213329941941765
2025-07-03 21:30:00,1751603700.0,27.83333333333333,34.5,32.34383333333333,1.6666666666666667,1.8333333333333333,36.78537566666667,-119.7730665,27.8,1,27,29.675882136113813
2025-07-03 22:30:00,1751607300.0,26.166666666666668,37.5,27.71283333333333,2.333333333333333,2.333333333333333,36.78540866666666,-119.77311583333334,23.8,1,27,25.63008353929863
2025-07-03 23:30:00,1751610900.0,24.5,38.333333333333336,26.136,1.8333333333333333,2.0,36.7853755,-119.7731335,21.7,1,27,23.218989374263572
2025-07-04 00:30:00,1751614500.0,24.0,35.5,29.176,1.0,1.3333333333333333,36.78545133333333,-119.773136,22.9,1,27,24.310407333436977
2025-07-04 01:30:00,1751618100.0,23.33333333333333,36.0,29.809166666666663,1.0,1.1666666666666667,36.785440666666666,-119.77310566666668,23.3,1,27,24.507113563891984
2025-07-04 02:30:00,1751621700.0,21.666666666666668,39.833333333333336,27.873,1.0,1.1666666666666667,36.78542266666667,-119.77309416666668,22.0,1,27,22.897104868437417
2025-07-04 03:30:00,1751625300.0,20.666666666666668,43.16666666666666,25.29833333333333,1.6666666666666667,1.8333333333333333,36.78539333333333,-119.773071,20.1,1,27,21.228902623886277
2025-07-04 04:30:00,1751628900.0,19.83333333333333,46.0,22.687833333333334,2.0,2.0,36.78538783333334,-119.77307516666669,18.6,1,27,19.393140416498518
2025-07-04 05:30:00,1751632500.0,19.33333333333333,48.66666666666666,20.85383333333333,2.1666666666666665,2.333333333333333,36.7854745,-119.7729795,,1,27,18.402511541669632
2025-07-04 06:30:00,1751636100.0,19.33333333333333,50.0,18.905,2.5,2.833333333333333,36.78541616666667,-119.7731005,16.1,1,27,17.2792431523346
2025-07-04 07:30:00,1751639700.0,20.5,46.16666666666666,22.587333333333333,2.0,2.333333333333333,36.78540233333333,-119.77307883333332,18.4,1,27,19.888955771938775
2025-07-04 08:30:00,1751643300.0,22.5,42.16666666666666,26.724500000000003,2.1666666666666665,2.6666666666666665,36.7853985,-119.7731095,22.4,1,27,23.623994348304798
2025-07-04 09:30:00,1751646900.0,25.33333333333333,37.333333333333336,31.093,2.0,2.1666666666666665,36.78541833333333,-119.7730675,26.2,1,27,27.77464306238084
2025-07-04 10:30:00,1751650500.0,27.83333333333333,31.83333333333333,36.273833333333336,1.1666666666666667,1.3333333333333333,36.7854465,-119.77311966666667,29.9,1,27,32.019009017246006
2025-07-04 11:30:00,1751654100.0,30.0,28.5,39.66533333333333,1.0,1.1666666666666667,36.785415,-119.77309033333334,32.1,1,27,35.37118043004655
2025-07-04 12:30:00,1751657700.0,31.666666666666668,25.83333333333333,41.6015,0.5,0.6666666666666666,36.7853995,-119.77311566666668,33.4,1,27,37.25331903051456
2025-07-04 13:30:00,1751661300.0,32.833333333333336,22.666666666666668,43.51,0.3333333333333333,0.3333333333333333,36.785373666666665,-119.77306366666666,34.4,1,27,38.6364358612595
2025-07-04 14:30:00,1751664900.0,34.166666666666664,20.666666666666668,44.63966666666667,0.5,0.5,36.7853665,-119.7731005,35.3,1,27,39.963107968814484
2025-07-04 15:30:00,1751668500.0,34.833333333333336,18.83333333333333,43.238166666666665,0.0,0.0,36.785371833333336,-119.77311466666669,33.3,1,27,38.531228856985024
2025-07-04 16:30:00,1751672100.0,35.0,19.33333333333333,42.79266666666666,0.0,0.0,36.78540983333333,-119.77308883333336,32.8,1,27,38.4424392943485
2025-07-04 17:30:00,1751675700.0,34.5,20.5,45.05616666666666,0.8333333333333334,0.8333333333333334,36.78539216666667,-119.77310783333331,34.8,1,27,40.589834861708525
2025-07-04 18:30:00,1751679300.0,33.333333333333336,20.666666666666668,46.846,0.3333333333333333,0.6666666666666666,36.78542133333333,-119.7731145,35.9,1,27,41.21586499426729
2025-07-04 19:30:00,1751682900.0,32.0,24.666666666666668,49.8195,1.6666666666666667,1.8333333333333333,36.78541366666666,-119.77315,40.7,1,27,44.400858270049284
2025-07-04 20:30:00,1751686500.0,29.5,25.5,50.571,11.166666666666666,11.5,36.785372333333335,-119.7731235,42.4,1,27,45.72405695536962
2025-07-04 21:30:00,1751690100.0,26.83333333333333,30.666666666666668,41.856,56.16666666666666,57.333333333333336,36.78541166666667,-119.77313233333332,35.3,1,27,48.75806355960829
2025-07-04 22:30:00,1751693700.0,24.83333333333333,33.333333333333336,38.220333333333336,14.833333333333334,15.0,36.785419,-119.773103,30.8,1,27,35.184721951617135
2025-07-04 23:30:00,1751697300.0,23.33333333333333,35.666666666666664,36.461333333333336,15.0,15.166666666666666,36.78539266666667,-119.77308899999998,29.8,1,27,33.387364348412675
2025-07-05 00:30:00,1751700900.0,21.666666666666668,39.5,33.453,12.0,12.833333333333334,36.78538533333333,-119.7731145,28.1,1,27,30.211134019154173
2025-07-05 01:30:00,1751704500.0,20.5,42.5,32.77516666666667,5.833333333333333,6.333333333333333,36.78542266666667,-119.7730535,27.0,1,27,28.278833792081542
2025-07-05 02:30:00,1751708100.0,19.5,43.333333333333336,30.672666666666668,7.166666666666667,7.5,36.78541883333333,-119.77305616666666,25.9,1,27,26.319874173041647
2025-07-05 03:30:00,1751711700.0,18.166666666666668,45.5,30.14483333333333,5.666666666666667,6.0,36.785387166666666,-119.77310433333332,24.9,1,27,25.246961190061903
2025-07-05 04:30:00,1751715000.0,17.0,49.2,28.1342,7.2,7.2,36.7854144,-119.773079,23.8,1,27,24.234446520909657
2025-07-05 05:30:00,1751718301.0,16.166666666666668,53.0,24.55783333333333,10.333333333333334,11.0,36.78540183333333,-119.77313366666668,,1,27,22.634660185561415
2025-07-05 06:30:00,1751721901.0,16.166666666666668,54.5,22.046833333333336,13.0,13.666666666666666,36.78537383333333,-119.773075,19.4,1,27,21.625040038467546
2025-07-05 07:30:00,1751725501.0,17.666666666666668,50.66666666666666,24.114500000000003,13.166666666666666,13.333333333333334,36.785398,-119.77306116666666,21.1,1,27,23.218365111008247
2025-07-05 08:30:00,1751729101.0,21.0,42.333333333333336,29.05366666666667,10.333333333333334,10.666666666666666,36.78538966666667,-119.77309666666667,26.4,1,27,26.469711488016806
2025-07-05 09:30:00,1751732701.0,24.0,35.0,36.6495,7.0,7.333333333333333,36.7853775,-119.77314133333334,32.6,1,27,31.941849681836572
2025-07-05 10:30:00,1751736301.0,26.5,31.0,40.886500000000005,6.666666666666667,6.666666666666667,36.7854055,-119.77309783333334,36.7,1,27,35.97161021870579
2025-07-05 11:30:00,1751739901.0,28.33333333333333,29.33333333333333,43.81816666666666,7.5,7.5,36.78537133333334,-119.7730955,39.3,1,27,39.477814599299606
2025-07-05 12:30:00,1751743501.0,30.33333333333333,26.5,45.89666666666667,5.5,5.833333333333333,36.78537766666667,-119.7731005,40.2,1,27,41.348187284869766
2025-07-05 13:30:00,1751747101.0,32.166666666666664,23.5,47.604000000000006,3.8333333333333335,4.0,36.78539083333333,-119.773111,40.5,1,27,42.7565441543172
2025-07-05 14:30:00,1751750701.0,33.5,22.666666666666668,49.35483333333334,3.1666666666666665,3.333333333333333,36.78538116666667,-119.77309033333334,41.9,1,27,44.80656835818175
2025-07-05 15:30:00,1751754301.0,34.5,21.33333333333333,52.06016666666667,2.0,2.0,36.78539466666667,-119.7731005,44.2,1,27,47.122582214593194
2025-07-05 16:30:00,1751757901.0,34.666666666666664,20.83333333333333,54.60216666666667,2.333333333333333,2.333333333333333,36.785407166666666,-119.77309816666668,45.9,1,27,49.32769164727924
2025-07-05 17:30:00,1751761501.0,34.333333333333336,19.33333333333333,55.2745,1.3333333333333333,1.3333333333333333,36.7853915,-119.77310566666668,45.6,1,27,48.91453996044248
2025-07-05 18:30:00,1751765101.0,33.833333333333336,19.166666666666668,57.45816666666667,2.1666666666666665,2.333333333333333,36.78539916666667,-119.77310316666669,48.4,1,27,50.562278760922354
2025-07-05 19:30:00,1751768701.0,32.5,19.83333333333333,59.4705,4.166666666666667,4.5,36.78541066666667,-119.77310566666668,51.0,1,27,51.998600661103836
2025-07-05 20:30:00,1751772301.0,30.0,23.5,56.41133333333334,2.833333333333333,2.833333333333333,36.78541883333333,-119.77311483333334,48.6,1,27,48.408840968661764
2025-07-05 21:30:00,1751775901.0,28.0,26.666666666666668,48.977833333333336,3.6666666666666665,4.0,36.7854385,-119.77310033333332,42.9,1,27,41.86264854545446
2025-07-05 22:30:00,1751779501.0,26.83333333333333,29.5,47.978,3.8333333333333335,3.8333333333333335,36.785354,-119.77316133333332,42.6,1,27,41.09916109216951
2025-07-05 23:30:00,1751783101.0,25.666666666666668,33.5,47.00833333333333,3.333333333333333,3.6666666666666665,36.7853665,-119.77310183333331,41.9,1,27,40.65316486864799
2025-07-06 00:30:00,1751786701.0,23.83333333333333,40.16666666666666,36.7065,4.833333333333333,4.833333333333333,36.785386333333335,-119.773088,35.5,1,27,33.05331424923935
2025-07-06 01:30:00,1751790301.0,22.33333333333333,44.66666666666666,29.625333333333334,5.333333333333333,5.666666666666667,36.78543783333333,-119.77308033333334,29.2,1,27,27.547395828264094
2025-07-06 02:30:00,1751793901.0,20.666666666666668,48.0,26.06383333333333,5.5,6.166666666666667,36.78543066666666,-119.77300766666669,25.9,1,27,24.451872056198916
2025-07-06 03:30:00,1751797501.0,19.5,50.0,23.94633333333333,5.666666666666667,5.833333333333333,36.78541933333333,-119.77310316666666,23.8,1,27,22.44080470790435
2025-07-06 04:30:00,1751801101.0,18.5,51.833333333333336,21.45683333333333,6.0,6.166666666666667,36.7854505,-119.77305233333334,21.3,1,27,20.2642947997129
2025-07-06 05:30:00,1751804701.0,17.166666666666668,55.333333333333336,17.834666666666667,6.5,6.666666666666667,36.78536666666667,-119.77310816666666,,1,27,17.470292938109907
2025-07-06 06:30:00,1751808301.0,17.666666666666668,54.16666666666666,17.68133333333333,8.166666666666666,8.5,36.78537683333334,-119.77312316666666,18.3,1,27,17.730474031391445
2025-07-06 07:30:00,1751811901.0,20.5,48.0,21.75883333333333,5.666666666666667,5.833333333333333,36.78539533333333,-119.77311083333332,23.2,1,27,20.648829479162252
2025-07-06 08:30:00,1751815501.0,24.0,36.66666666666666,34.75483333333333,4.0,4.0,36.78542816666667,-119.773103,33.9,1,27,30.14291345100345
2025-07-06 09:30:00,1751819101.0,26.83333333333333,31.5,42.4195,4.0,4.0,36.7854005,-119.77312883333332,41.4,1,27,37.06411871992148
2025-07-06 10:30:00,1751822701.0,29.0,27.5,47.339666666666666,3.6666666666666665,4.0,36.78543033333333,-119.77313216666666,46.0,1,27,41.48787349461669
2025-07-06 11:30:00,1751826301.0,31.0,26.0,49.76,3.8333333333333335,4.0,36.78535083333333,-119.773117,47.0,1,27,44.56492846113079
2025-07-06 12:30:00,1751829901.0,32.666666666666664,23.666666666666668,51.83866666666666,3.0,3.1666666666666665,36.78541616666666,-119.773145,48.3,1,27,46.60134088843526
2025-07-06 13:30:00,1751833501.0,34.5,20.166666666666668,56.5185,2.833333333333333,3.0,36.78539733333333,-119.77305333333334,51.2,1,27,50.74912988600575
2025-07-06 14:30:00,1751837101.0,36.0,17.5,58.5495,1.8333333333333333,2.0,36.78539533333333,-119.7731185,50.1,1,27,52.469763819300795
2025-07-06 15:30:00,1751840701.0,36.5,16.5,60.452666666666666,1.5,1.5,36.78540116666667,-119.77310933333332,50.2,1,27,54.03782884212353
2025-07-06 16:30:00,1751844301.0,37.0,15.0,60.9415,2.0,2.0,36.78537983333333,-119.77314383333334,50.1,1,27,54.443522519788104
2025-07-06 17:30:00,1751847901.0,37.333333333333336,15.333333333333334,61.17966666666666,2.0,2.0,36.78536416666667,-119.77312083333334,51.0,1,27,55.00649236738431
2025-07-06 18:30:00,1751851501.0,36.333333333333336,16.5,60.255500000000005,2.6666666666666665,2.833333333333333,36.78539216666667,-119.77310566666668,51.3,1,27,54.03646545539267
2025-07-06 19:30:00,1751855101.0,35.166666666666664,17.166666666666668,60.731,2.333333333333333,2.333333333333333,36.785429666666666,-119.77317683333332,51.8,1,27,53.703281599115996
2025-07-06 20:30:00,1751858701.0,32.333333333333336,20.33333333333333,54.90633333333333,2.0,2.0,36.785376500000005,-119.7731095,47.5,1,27,47.60408317213363
2025-07-06 21:30:00,1751862301.0,30.33333333333333,24.166666666666668,50.15266666666667,4.5,4.5,36.7853915,-119.77303566666666,44.7,1,27,43.933202212311315
2025-07-06 22:30:00,1751865901.0,28.666666666666668,27.666666666666668,44.42016666666667,4.333333333333333,4.5,36.785435166666666,-119.773075,40.9,1,27,38.946926311347354
2025-07-06 23:30:00,1751869501.0,27.0,34.5,37.1755,4.166666666666667,4.5,36.78539166666666,-119.7730725,36.7,1,27,33.78580947857235
2025-07-07 00:30:00,1751873101.0,25.33333333333333,39.66666666666666,32.10816666666667,4.666666666666667,5.0,36.785411833333335,-119.77309533333334,34.7,1,28,30.2157703429763
2025-07-07 01:30:00,1751876701.0,23.83333333333333,43.0,29.453333333333333,4.833333333333333,4.833333333333333,36.7854195,-119.77307533333334,31.4,1,28,27.95903949830017
2025-07-07 02:30:00,1751880301.0,22.666666666666668,44.833333333333336,27.36916666666667,5.0,5.166666666666667,36.78540783333333,-119.77309266666668,29.0,1,28,25.979707935657082
2025-07-07 03:30:00,1751883901.0,21.33333333333333,48.5,22.703000000000003,5.666666666666667,5.666666666666667,36.785401666666665,-119.77310066666666,25.0,1,28,22.375173852576054
2025-07-07 04:30:00,1751887501.0,20.5,52.16666666666666,19.816166666666668,6.0,6.166666666666667,36.78540866666666,-119.77313233333332,22.2,1,28,20.612041834345362
2025-07-07 05:30:00,1751891101.0,20.0,54.66666666666666,17.375333333333334,6.333333333333333,6.833333333333333,36.785356666666665,-119.7730955,,1,28,19.101947467756467
2025-07-07 06:30:00,1751894701.0,19.83333333333333,54.0,16.932166666666667,6.5,6.833333333333333,36.78538666666667,-119.77307033333334,18.9,1,28,18.401202297271197
2025-07-07 07:30:00,1751898301.0,22.5,45.333333333333336,20.95133333333333,5.5,5.833333333333333,36.7854035,-119.7731005,24.1,1,28,20.678803520959207
2025-07-07 08:30:00,1751901901.0,26.0,40.5,25.60166666666667,12.5,12.833333333333334,36.78542016666667,-119.773122,30.0,1,28,27.292489159480205
2025-07-07 09:30:00,1751905501.0,28.166666666666668,37.5,33.086666666666666,21.33333333333333,21.5,36.7853895,-119.77314116666666,39.8,1,28,36.36583180426142
2025-07-07 10:30:00,1751909101.0,30.166666666666668,33.666666666666664,44.77583333333333,19.33333333333333,19.666666666666668,36.78542383333333,-119.7730915,50.0,1,28,46.08900209493615
2025-07-07 11:30:00,1751912701.0,33.166666666666664,28.5,55.90283333333333,13.333333333333334,13.666666666666666,36.78541416666667,-119.77309783333334,63.1,1,28,54.6687281126127
2025-07-07 12:30:00,1751916301.0,35.5,25.166666666666668,68.84266666666666,14.333333333333334,14.666666666666666,36.78544933333333,-119.7731145,79.3,1,28,66.57025855790405
2025-07-07 13:30:00,1751919901.0,36.5,21.33333333333333,72.17766666666667,8.166666666666666,8.666666666666666,36.7853815,-119.7731105,73.3,1,28,67.4326603918637
2025-07-07 14:30:00,1751923501.0,38.333333333333336,17.0,69.23066666666666,6.0,6.0,36.78539666666666,-119.77312466666666,64.8,1,28,64.27454472756352
2025-07-07 15:30:00,1751927101.0,39.333333333333336,15.0,70.7625,5.666666666666667,6.0,36.78538383333333,-119.77311183333336,63.7,1,28,65.60747840797237
2025-07-07 16:30:00,1751930701.0,39.0,13.333333333333334,71.38066666666667,3.8333333333333335,3.8333333333333335,36.78537616666667,-119.77311083333332,61.4,1,28,64.86548360961451
2025-07-07 17:30:00,1751934301.0,38.833333333333336,14.5,70.4795,4.0,4.0,36.78539933333334,-119.7731005,61.9,1,28,64.4022738417006
2025-07-07 18:30:00,1751937901.0,38.0,16.0,70.00516666666667,4.833333333333333,5.0,36.78540266666666,-119.77308283333332,61.8,1,28,64.09125710621197
2025-07-07 19:30:00,1751941501.0,36.833333333333336,17.166666666666668,66.90966666666667,5.333333333333333,5.5,36.78537383333333,-119.77305866666669,59.4,1,28,61.089799291670474
2025-07-07 20:30:00,1751945101.0,34.333333333333336,18.83333333333333,58.24183333333334,5.0,5.166666666666667,36.78540233333333,-119.7731475,50.2,1,28,52.31013731664194
2025-07-07 21:30:00,1751948701.0,31.83333333333333,23.5,44.623333333333335,6.5,6.666666666666667,36.78540483333333,-119.7730855,39.9,1,28,40.743492470971944
2025-07-07 22:30:00,1751952301.0,29.0,36.0,38.41783333333333,7.833333333333333,7.833333333333333,36.7854005,-119.7731005,38.4,1,28,37.82311949019012
2025-07-07 23:30:00,1751955901.0,26.5,40.0,37.54433333333333,8.166666666666666,8.333333333333334,36.78540566666667,-119.7730955,35.9,1,28,36.64919087717075
2025-07-08 00:30:00,1751959501.0,24.33333333333333,44.833333333333336,32.06033333333333,4.833333333333333,5.333333333333333,36.78544483333334,-119.77308033333334,31.1,1,28,31.21415372983799
2025-07-08 01:30:00,1751963101.0,23.166666666666668,46.833333333333336,29.2375,3.8333333333333335,4.0,36.785425,-119.77305616666666,28.3,1,28,28.339676106427326
2025-07-08 02:30:00,1751966701.0,22.0,48.0,29.20983333333333,3.8333333333333335,3.8333333333333335,36.7853645,-119.77312466666666,27.5,1,28,27.823336993884
2025-07-08 03:30:00,1751970301.0,21.0,49.0,29.1715,3.6666666666666665,3.6666666666666665,36.785333666666666,-119.77314883333334,27.2,1,28,27.341484310370767
2025-07-08 04:30:00,1751973901.0,20.5,50.5,27.902166666666663,3.1666666666666665,3.333333333333333,36.78538566666666,-119.773061,25.5,1,28,26.28443637785201
2025-07-08 05:30:00,1751977501.0,19.666666666666668,53.5,25.7315,3.5,3.8333333333333335,36.7853805,-119.773113,,1,28,24.90937587322025
2025-07-08 06:30:00,1751981101.0,19.0,60.66666666666666,16.357,4.833333333333333,5.0,36.7854065,-119.7731335,13.8,1,28,19.112095986319723
2025-07-08 07:30:00,1751984701.0,19.83333333333333,57.333333333333336,16.603166666666667,5.666666666666667,5.833333333333333,36.78540366666667,-119.77311583333334,17.4,1,28,19.024082968952612
2025-07-08 08:30:00,1751988301.0,22.5,48.833333333333336,23.201166666666666,4.666666666666667,4.666666666666667,36.78541633333333,-119.773122,24.4,1,28,23.543623755595355
2025-07-08 09:30:00,1751991901.0,26.166666666666668,41.0,30.189000000000004,6.166666666666667,6.333333333333333,36.78541883333333,-119.7731575,34.8,1,28,29.984822529308786
2025-07-08 10:30:00,1751995501.0,28.666666666666668,36.16666666666666,39.142833333333336,10.166666666666666,10.333333333333334,36.78542566666667,-119.7731235,46.1,1,28,38.816712783787224
2025-07-08 11:30:00,1751999101.0,30.666666666666668,33.0,44.56833333333333,10.333333333333334,10.666666666666666,36.78542916666667,-119.7731385,50.0,1,28,43.93021939885075
2025-07-08 12:30:00,1752002701.0,33.166666666666664,28.0,55.279500000000006,8.0,8.0,36.785361,-119.77310433333334,56.7,1,28,52.677181652291424
2025-07-08 13:30:00,1752006301.0,35.0,22.5,59.56283333333334,4.833333333333333,4.833333333333333,36.78541783333333,-119.7731055,56.1,1,28,55.106891038489735
2025-07-08 14:30:00,1752009901.0,36.16666666666666,20.83333333333333,65.10866666666666,5.166666666666667,5.5,36.785384666666666,-119.77311333333334,58.9,1,28,60.25907009213215
2025-07-08 15:30:00,1752013501.0,37.333333333333336,19.166666666666668,65.06400000000001,5.0,5.166666666666667,36.7854145,-119.7731105,57.5,1,28,60.47732175997581
2025-07-08 16:30:00,1752017101.0,37.833333333333336,18.166666666666668,64.507,4.5,4.666666666666667,36.78545,-119.7730725,56.1,1,28,59.921052186999916
2025-07-08 17:30:00,1752020701.0,37.5,18.666666666666668,65.51033333333332,5.0,5.0,36.7854195,-119.773079,57.3,1,28,60.800186409866185
2025-07-08 18:30:00,1752024301.0,36.5,20.0,64.696,4.666666666666667,4.833333333333333,36.785412,-119.7731145,58.3,1,28,59.742934538875375
2025-07-08 19:30:00,1752027901.0,34.666666666666664,26.33333333333333,62.643,6.0,6.0,36.78537933333333,-119.7731005,58.7,1,28,59.04684030512939
2025-07-08 20:30:00,1752031501.0,32.0,30.5,56.88033333333333,6.333333333333333,6.5,36.785391833333335,-119.773154,53.9,1,28,53.631941737176874
2025-07-08 21:30:00,1752035101.0,29.83333333333333,33.333333333333336,50.46116666666666,6.0,6.166666666666667,36.78541483333333,-119.77308266666668,48.7,1,28,47.410055352646296
2025-07-08 22:30:00,1752038701.0,28.0,37.66666666666666,48.18133333333333,4.333333333333333,4.5,36.78544033333333,-119.77313866666668,45.5,1,28,45.155452997347126
2025-07-08 23:30:00,1752042301.0,25.83333333333333,44.833333333333336,42.04533333333333,3.5,3.5,36.7853865,-119.77311333333334,40.4,1,28,40.492539397592395
2025-07-09 00:30:00,1752045901.0,24.33333333333333,49.16666666666666,35.376666666666665,3.333333333333333,3.333333333333333,36.78544416666667,-119.77310316666666,33.7,1,28,35.095515692493606
2025-07-09 01:30:00,1752049501.0,22.666666666666668,53.16666666666666,28.811166666666665,3.0,3.0,36.785416833333336,-119.77308033333333,27.0,1,28,29.511443154660512
2025-07-09 02:30:00,1752053101.0,21.166666666666668,57.66666666666666,22.998,3.0,3.0,36.785434,-119.77311833333331,21.9,1,28,24.9397959050562
2025-07-09 03:30:00,1752056701.0,19.83333333333333,59.5,21.624166666666667,3.0,3.0,36.78540616666667,-119.77309666666667,19.4,1,28,23.388410062455506
2025-07-09 04:30:00,1752060301.0,19.0,62.0,20.15,2.5,2.833333333333333,36.78541516666667,-119.77314,17.9,1,28,22.25790013288978
2025-07-09 05:30:00,1752063901.0,18.0,65.16666666666667,18.668333333333333,2.333333333333333,2.6666666666666665,36.785413166666665,-119.77312966666666,,1,28,21.26944821855522
2025-07-09 06:30:00,1752067501.0,18.0,66.16666666666667,17.694666666666667,1.6666666666666667,1.8333333333333333,36.7853895,-119.77314383333334,15.9,1,28,20.600583178624262
2025-07-09 07:30:00,1752071101.0,19.0,63.16666666666666,19.10083333333333,2.1666666666666665,2.1666666666666665,36.785356666666665,-119.77315633333332,17.7,1,28,21.64453352771728
2025-07-09 08:30:00,1752074701.0,21.33333333333333,56.66666666666666,21.685,3.0,3.333333333333333,36.7853955,-119.77316033333334,21.1,1,28,23.638092520566254
2025-07-09 09:30:00,1752078301.0,24.166666666666668,47.833333333333336,28.275666666666663,3.8333333333333335,4.0,36.78536616666667,-119.77314366666668,28.7,1,28,28.59790837506715
2025-07-09 10:30:00,1752081901.0,27.33333333333333,41.16666666666666,36.99166666666667,5.0,5.0,36.785411833333335,-119.77312733333332,38.0,1,28,36.42387481138488
2025-07-09 11:30:00,1752085501.0,29.666666666666668,37.16666666666666,45.23850000000001,5.333333333333333,5.5,36.7853615,-119.77310183333331,46.4,1,28,43.953924855940755
2025-07-09 12:30:00,1752089101.0,31.83333333333333,32.5,53.128166666666665,5.666666666666667,5.666666666666667,36.78535933333333,-119.77310833333333,53.0,1,28,50.80240035971876
2025-07-09 13:30:00,1752092701.0,34.0,28.33333333333333,55.592000000000006,5.0,5.0,36.78540233333333,-119.77309033333334,54.0,1,28,52.96554234191626
2025-07-09 14:30:00,1752096301.0,35.5,26.166666666666668,58.25516666666667,4.666666666666667,4.666666666666667,36.78549016666667,-119.77308266666668,56.3,1,28,55.550894849944655
2025-07-09 15:30:00,1752099901.0,37.0,23.166666666666668,62.43616666666667,3.6666666666666665,3.8333333333333335,36.785417,-119.77308766666664,56.5,1,28,59.0096555414835
2025-07-09 16:30:00,1752103501.0,37.0,20.33333333333333,64.824,2.333333333333333,2.6666666666666665,36.78540883333333,-119.773084,55.9,1,28,59.79830151381341
2025-07-09 17:30:00,1752107101.0,36.66666666666666,20.0,64.8745,2.1666666666666665,2.333333333333333,36.7854025,-119.773112,57.3,1,28,59.427469443008036
2025-07-09 18:30:00,1752110701.0,35.666666666666664,21.0,63.867333333333335,4.0,4.0,36.78546216666667,-119.77312466666666,56.3,1,28,58.57748997783172
2025-07-09 19:30:00,1752114301.0,34.0,22.83333333333333,60.63433333333333,2.6666666666666665,2.6666666666666665,36.78541483333333,-119.77315033333332,53.3,1,28,54.87558862353306
2025-07-09 20:30:00,1752117901.0,31.0,29.666666666666668,55.44466666666667,3.5,3.5,36.785394,-119.77310833333333,49.5,1,28,50.6977762976033
2025-07-09 21:30:00,1752121501.0,28.83333333333333,35.5,48.72566666666666,4.833333333333333,5.166666666666667,36.78547533333333,-119.77316533333334,44.4,1,28,45.648268724058454
2025-07-09 22:30:00,1752125101.0,27.33333333333333,37.66666666666666,44.122166666666665,5.0,5.333333333333333,36.78543583333333,-119.77304083333333,41.0,1,28,41.3674682615671
2025-07-09 23:30:00,1752128701.0,26.166666666666668,38.833333333333336,43.03616666666667,5.0,5.0,36.785411,-119.77310166666666,39.6,1,28,39.93311947807922
2025-07-10 00:30:00,1752132301.0,24.5,44.833333333333336,34.606,6.333333333333333,6.5,36.7854105,-119.77308666666666,33.7,1,28,33.836422276250914
2025-07-10 01:30:00,1752135901.0,24.33333333333333,43.16666666666666,35.505500000000005,5.0,5.166666666666667,36.7853705,-119.77309916666668,34.0,1,28,33.606510765744545
2025-07-10 02:30:00,1752139501.0,23.166666666666668,46.5,33.220166666666664,4.666666666666667,4.666666666666667,36.78540616666667,-119.7731145,31.1,1,28,31.809658069408457
2025-07-10 03:30:00,1752143101.0,21.666666666666668,51.833333333333336,28.607333333333333,4.5,5.0,36.785382166666665,-119.77308916666668,27.6,1,28,28.546221693801755
2025-07-10 04:30:00,1752146701.0,20.33333333333333,57.5,23.82033333333333,5.0,5.0,36.78542783333333,-119.77310933333332,23.8,1,28,25.43900298222411
2025-07-10 05:30:00,1752150301.0,19.33333333333333,61.16666666666666,19.3135,8.333333333333334,8.333333333333334,36.78541666666667,-119.7731375,,1,28,22.86468501367016
2025-07-10 06:30:00,1752153901.0,19.5,62.66666666666666,14.754166666666668,8.5,8.5,36.78539,-119.77315916666667,15.5,1,28,19.639094793586054
2025-07-10 07:30:00,1752157501.0,22.0,53.66666666666666,20.4345,6.666666666666667,6.666666666666667,36.78543733333333,-119.77310316666669,22.9,1,28,22.901499278132043
2025-07-10 08:30:00,1752161101.0,25.0,44.833333333333336,27.751166666666663,6.0,6.0,36.785383333333336,-119.7731665,33.7,1,28,28.264635046427777
2025-07-10 09:30:00,1752164401.0,28.2,37.8,34.7168,7.0,7.0,36.7854074,-119.7731308,47.6,1,28,34.47413340985774
2025-07-10 13:30:00,1752181200.0,36.0,21.0,16.973,4.0,4.0,35.613239,-119.689621,55.9,1,28,18.803357198212687
2025-07-10 14:30:00,1752183300.0,39.0,15.333333333333334,64.315,3.8333333333333335,3.8333333333333335,35.61327166666667,-119.68958783333332,55.9,1,28,59.504682111250375
2025-07-10 15:30:00,1752186900.0,40.0,14.666666666666666,69.322,3.8333333333333335,3.8333333333333335,35.61321683333333,-119.689612,57.8,1,28,64.2991892666463
2025-07-10 16:30:00,1752190500.0,39.833333333333336,14.333333333333334,71.4975,3.1666666666666665,3.1666666666666665,35.61323616666667,-119.68957516666666,59.9,1,28,65.76241177271915
2025-07-10 17:30:00,1752194100.0,39.833333333333336,14.333333333333334,73.63633333333333,3.0,3.1666666666666665,35.61327433333333,-119.68959566666666,63.0,1,28,67.56312278269321
2025-07-10 18:30:00,1752197700.0,38.833333333333336,15.166666666666666,74.319,3.0,3.1666666666666665,35.61330466666667,-119.68965533333332,62.9,1,28,67.68028395357507
2025-07-10 19:30:00,1752201300.0,37.0,15.666666666666666,63.1125,3.0,3.0,35.613306,-119.68956516666668,60.1,1,28,56.903888904094885
2025-07-10 20:30:00,1752204900.0,33.833333333333336,16.666666666666668,51.589,2.5,2.5,35.61323766666667,-119.68954583333334,49.0,1,28,44.928171955876664
2025-07-10 21:30:00,1752208500.0,30.83333333333333,22.33333333333333,39.3225,5.333333333333333,5.666666666666667,35.613230333333334,-119.68967433333334,45.3,1,28,34.823122320333184
2025-07-10 22:30:00,1752211800.0,28.0,27.33333333333333,23.46333333333333,14.333333333333334,15.0,35.613303,-119.68956733333334,33.7,1,28,23.01276316385664
2025-07-10 23:30:00,1752215700.0,26.0,31.0,30.32983333333333,3.8333333333333335,4.166666666666667,35.61322916666666,-119.68958816666668,28.0,1,28,26.09612312707548
2025-07-11 00:30:00,1752219300.0,26.0,29.0,36.556333333333335,3.1666666666666665,3.6666666666666665,35.613257,-119.68955616666666,,1,28,30.597668083660395
2025-07-11 01:30:00,1752222900.0,25.0,29.5,39.365833333333335,3.5,3.8333333333333335,35.613178166666664,-119.68956616666668,,1,28,32.48256389711267
2025-07-11 02:30:00,1752226500.0,24.166666666666668,31.5,36.642833333333336,4.333333333333333,4.333333333333333,35.61324616666667,-119.6895165,,1,28,30.375462274078515
2025-07-11 03:30:00,1752229800.0,23.2,35.0,33.3432,4.6,4.8,35.613194199999995,-119.6895906,,1,28,28.09215460999821
2025-07-11 04:30:00,1752233400.0,22.2,40.0,21.967,5.8,6.0,35.613199,-119.6895858,,1,28,19.596358046818395
2025-07-11 05:30:00,1752237300.0,21.0,43.5,18.912666666666667,8.166666666666666,8.333333333333334,35.61328316666667,-119.68957516666666,,1,28,17.82520833965134
2025-07-11 06:30:00,1752240900.0,22.0,41.16666666666666,22.694666666666667,11.5,11.666666666666666,35.613195999999995,-119.68957883333331,,1,28,21.805532121997615
2025-07-11 07:30:00,1752244500.0,27.83333333333333,33.666666666666664,32.08716666666667,15.833333333333334,16.5,35.613248166666665,-119.689589,,1,28,32.723767781058356
2025-07-11 08:30:00,1752248100.0,31.83333333333333,29.5,49.22716666666667,17.166666666666668,17.5,35.61323516666666,-119.68956383333334,,1,28,49.221066184906235
2025-07-11 09:30:00,1752251700.0,34.166666666666664,26.83333333333333,53.00783333333334,22.166666666666668,22.666666666666668,35.61324883333334,-119.68958516666667,,1,28,54.49055892391981
2025-07-11 10:30:00,1752255300.0,36.5,23.83333333333333,62.4855,23.166666666666668,23.666666666666668,35.613224,-119.68956,,1,28,63.54885408045858
2025-07-11 11:30:00,1752258900.0,37.833333333333336,21.33333333333333,63.58416666666667,23.5,24.166666666666668,35.613259,-119.68959416666668,,1,28,64.73593656626396
2025-07-11 12:30:00,1752262500.0,40.0,18.33333333333333,67.49083333333333,21.666666666666668,22.0,35.61326333333333,-119.68959566666666,,1,28,68.21523402534632
2025-07-11 13:30:00,1752266100.0,41.16666666666666,17.333333333333332,70.10966666666667,19.83333333333333,20.166666666666668,35.613260833333335,-119.68962716666664,,1,28,70.54999832566638
2025-07-11 14:30:00,1752269700.0,42.5,14.0,70.41066666666667,14.166666666666666,14.333333333333334,35.61323933333333,-119.68957883333331,,1,28,69.32734289044542
2025-07-11 15:30:00,1752273300.0,43.16666666666666,13.833333333333334,68.41266666666667,13.666666666666666,13.666666666666666,35.613256666666665,-119.6895665,,1,28,67.92947231554221
2025-07-11 16:30:00,1752276900.0,43.0,14.666666666666666,69.134,15.166666666666666,15.5,35.61321616666667,-119.68962983333334,,1,28,69.08462519865573
2025-07-11 17:30:00,1752280500.0,42.16666666666666,15.166666666666666,70.43933333333332,14.5,14.666666666666666,35.613273666666664,-119.6895295,,1,28,69.57309733037123
2025-07-11 18:30:00,1752284100.0,41.16666666666666,18.0,68.323,14.666666666666666,15.166666666666666,35.61320633333333,-119.68955483333332,,1,28,68.0398656405494
2025-07-11 19:30:00,1752287700.0,38.833333333333336,19.33333333333333,68.62916666666666,14.333333333333334,14.5,35.61328266666667,-119.689584,,1,28,66.90207727051086
2025-07-11 20:30:00,1752291300.0,35.0,17.833333333333332,48.225,4.833333333333333,5.0,35.61324183333333,-119.68962216666668,,1,28,43.88329578181042
2025-07-11 21:30:00,1752294900.0,32.333333333333336,19.666666666666668,45.62566666666667,4.666666666666667,4.666666666666667,35.613262166666665,-119.6895815,,1,28,40.23924350854186
2025-07-11 22:30:00,1752298500.0,32.0,20.666666666666668,49.57933333333333,5.833333333333333,6.0,35.61326416666667,-119.689574,,1,28,43.991087096076555
2025-07-11 23:30:00,1752302100.0,31.33333333333333,22.666666666666668,49.052666666666674,7.5,7.5,35.61323466666667,-119.68956366666669,,1,28,44.09458563314983
2025-07-12 00:30:00,1752305700.0,30.5,24.166666666666668,48.87116666666666,9.0,9.333333333333334,35.6132245,-119.68956366666669,,1,28,44.20609060690626
2025-07-12 01:30:00,1752309300.0,30.0,25.5,48.2195,10.333333333333334,10.333333333333334,35.61323483333333,-119.68954733333334,,1,28,44.010142962960416
2025-07-12 02:30:00,1752312900.0,29.0,26.5,47.71266666666667,11.166666666666666,11.666666666666666,35.61326733333333,-119.68955883333332,,1,28,43.40950047262696
2025-07-12 03:30:00,1752316500.0,26.83333333333333,30.83333333333333,41.6955,13.333333333333334,13.666666666666666,35.613220166666665,-119.68957016666668,,1,28,38.60988558125996
2025-07-12 04:30:00,1752320100.0,24.166666666666668,40.333333333333336,20.488666666666667,16.166666666666668,16.5,35.61329583333333,-119.68950783333332,,1,28,22.376333804182323
2025-07-12 05:30:00,1752323880.0,24.2,38.2,19.643,14.0,14.4,35.6132538,-119.6895736,,1,28,20.458292622830207
2025-07-12 06:30:00,1752327300.0,25.5,33.333333333333336,28.4485,15.333333333333334,15.833333333333334,35.613270166666666,-119.6895625,,1,28,27.63668303691376
2025-07-12 07:30:00,1752330900.0,28.83333333333333,28.666666666666668,36.617333333333335,16.5,17.166666666666668,35.61321816666666,-119.68955733333333,,1,28,35.81870592263404
2025-07-12 08:30:00,1752334500.0,31.666666666666668,26.33333333333333,41.88966666666666,12.666666666666666,12.833333333333334,35.6132485,-119.68959933333332,,1,28,40.694683278854285
2025-07-12 09:30:00,1752338100.0,34.333333333333336,24.83333333333333,46.28533333333333,13.166666666666666,13.666666666666666,35.6132355,-119.689584,,1,28,46.077085136792434
2025-07-12 10:30:00,1752341700.0,37.5,21.666666666666668,56.68633333333333,14.333333333333334,14.5,35.61324366666667,-119.68962866666668,,1,28,56.49787069412186
2025-07-12 11:30:00,1752345300.0,39.66666666666666,19.666666666666668,62.2085,17.166666666666668,17.5,35.61324666666667,-119.68957283333332,,1,28,62.839780164684925
2025-07-12 12:30:00,1752348900.0,41.16666666666666,18.33333333333333,65.63966666666667,18.0,18.0,35.613272333333335,-119.68957633333332,,1,28,66.60618962506281
2025-07-12 13:30:00,1752352500.0,42.16666666666666,16.5,69.78683333333333,19.166666666666668,19.166666666666668,35.61323266666667,-119.689564,,1,28,70.552569534429
2025-07-12 14:30:00,1752356100.0,43.0,15.166666666666666,70.47233333333334,17.5,17.5,35.61325183333333,-119.689556,,1,28,70.9170714980875
2025-07-12 15:30:00,1752359700.0,43.5,14.666666666666666,66.04633333333334,15.333333333333334,15.333333333333334,35.6132175,-119.68960816666667,,1,28,66.8315563968614
2025-07-12 16:30:00,1752363300.0,43.0,14.833333333333334,66.9495,14.5,14.666666666666666,35.61323933333333,-119.6895535,,1,28,67.10343498466031
2025-07-12 17:30:00,1752366900.0,42.0,14.5,63.11116666666667,11.0,11.0,35.61325683333333,-119.68956366666669,,1,28,62.12822473865491
2025-07-12 18:30:00,1752370500.0,39.5,15.333333333333334,53.13666666666666,5.833333333333333,6.0,35.613257833333336,-119.6895675,,1,28,50.82492826730996
2025-07-12 19:30:00,1752374100.0,35.666666666666664,17.666666666666668,44.58683333333334,5.166666666666667,5.666666666666667,35.61326016666667,-119.689593,,1,28,41.32721086860816
2025-07-12 20:30:00,1752377700.0,32.833333333333336,20.166666666666668,40.95083333333333,3.6666666666666665,3.6666666666666665,35.61321733333333,-119.68956133333334,,1,28,36.55228569275927
2025-07-12 21:30:00,1752381300.0,31.5,21.33333333333333,39.544,3.0,3.1666666666666665,35.61322333333333,-119.68957516666669,,1,28,34.60652589058439
2025-07-12 22:30:00,1752384900.0,30.166666666666668,23.5,40.3945,3.6666666666666665,3.6666666666666665,35.613252,-119.689556,,1,28,35.2081485590481
2025-07-12 23:30:00,1752388500.0,29.0,25.33333333333333,41.652,4.5,4.666666666666667,35.613238833333334,-119.68956233333334,,1,28,36.23861637481775
2025-07-13 00:30:00,1752392100.0,28.666666666666668,26.0,41.717333333333336,5.0,5.0,35.61324033333333,-119.68954733333334,,1,28,36.37299493471926
2025-07-13 01:30:00,1752395700.0,28.0,26.0,41.42816666666667,5.0,5.333333333333333,35.6132405,-119.68964133333331,,1,28,35.65947606883084
2025-07-13 02:30:00,1752399300.0,27.666666666666668,26.33333333333333,39.702,5.0,5.166666666666667,35.613222666666665,-119.68953733333332,,1,28,34.03494027175394
2025-07-13 03:30:00,1752402900.0,26.83333333333333,27.0,38.632666666666665,4.333333333333333,4.5,35.6132515,-119.6895675,,1,28,32.56729289842406
2025-07-13 04:30:00,1752406500.0,24.666666666666668,30.666666666666668,32.64516666666667,4.166666666666667,4.333333333333333,35.6132665,-119.6895865,,1,28,27.03220518603932
2025-07-13 05:30:00,1752410100.0,22.83333333333333,36.16666666666666,22.272166666666664,4.5,4.666666666666667,35.61326366666666,-119.689593,,1,28,18.734441698750913
2025-07-13 06:30:00,1752413700.0,22.33333333333333,39.0,17.462333333333333,6.666666666666667,6.833333333333333,35.61325966666667,-119.68960549999998,,1,28,15.718585575517046
2025-07-13 07:30:00,1752417480.0,25.2,33.4,23.8606,6.0,6.0,35.6132364,-119.6896056,,1,28,21.2661411959134
2025-07-13 08:30:00,1752420900.0,28.5,29.33333333333333,30.33933333333333,8.0,8.0,35.613259,-119.6895995,,1,28,28.36427789957282
2025-07-13 09:30:00,1752424500.0,31.5,28.5,38.62283333333333,9.5,9.666666666666666,35.613285166666664,-119.68962233333332,,1,28,37.758034279346816
2025-07-13 10:30:00,1752428100.0,34.0,27.83333333333333,43.739666666666665,10.0,10.166666666666666,35.61320516666667,-119.68958533333334,,1,28,43.88124926115532
2025-07-13 11:30:00,1752431700.0,36.16666666666666,25.666666666666668,50.48866666666667,11.666666666666666,11.833333333333334,35.61325266666667,-119.68956783333331,,1,28,50.92344513977646
2025-07-13 12:30:00,1752435300.0,38.16666666666666,22.666666666666668,55.68083333333334,14.833333333333334,15.0,35.61323683333333,-119.689607,,1,28,56.5890777325442
2025-07-13 13:30:00,1752438500.6666667,40.16666666666666,20.666666666666668,57.55683333333334,15.166666666666666,15.166666666666666,35.613243833333335,-119.68958416666668,,1,28,59.07366709959007
2025-07-13 14:30:00,1752441901.0,41.0,18.33333333333333,61.1025,15.166666666666666,15.333333333333334,35.6132575,-119.6895955,,1,28,61.95382872121269
2025-07-13 15:30:00,1752445501.0,41.5,18.0,63.55083333333334,14.666666666666666,14.833333333333334,35.613237500000004,-119.6895765,,1,28,64.18562532150092
2025-07-13 16:30:00,1752449101.0,42.0,17.666666666666668,65.93516666666666,13.666666666666666,13.833333333333334,35.6132225,-119.6895715,,1,28,66.24442608023843
2025-07-13 17:30:00,1752452701.0,41.66666666666666,17.166666666666668,67.99716666666667,14.333333333333334,14.5,35.61324533333333,-119.68957883333331,,1,28,67.74659449284401
2025-07-13 18:30:00,1752456301.0,40.833333333333336,17.666666666666668,69.29483333333333,16.0,16.666666666666668,35.6132495,-119.68955633333331,,1,28,68.84001203799392
2025-07-13 19:30:00,1752459901.0,39.16666666666666,19.83333333333333,65.19516666666667,17.5,17.833333333333332,35.613301666666665,-119.6895575,,1,28,65.15127407631105
2025-07-13 20:30:00,1752463501.0,36.333333333333336,23.166666666666668,54.71083333333333,20.0,20.166666666666668,35.613233666666666,-119.68958816666668,,1,28,55.787061266405374
2025-07-13 21:30:00,1752467101.0,33.0,28.5,36.53916666666667,15.333333333333334,16.0,35.61325266666667,-119.68956233333334,,1,28,38.52165367312952
2025-07-13 22:30:00,1752470701.0,31.5,27.33333333333333,32.6835,9.333333333333334,9.5,35.6132495,-119.68958916666666,,1,28,32.259109967596615
2025-07-13 23:30:00,1752474301.0,30.33333333333333,27.166666666666668,33.9265,8.5,8.5,35.6132565,-119.68955483333332,,1,28,32.18364738218513
2025-07-14 00:30:00,1752477901.0,29.33333333333333,31.5,33.02883333333333,9.833333333333334,9.833333333333334,35.613231,-119.68956116666668,,1,29,32.5868604024684
2025-07-14 01:30:00,1752481501.0,28.166666666666668,34.833333333333336,33.733666666666664,10.833333333333334,11.166666666666666,35.61324266666667,-119.689565,,1,29,33.701955242107076
2025-07-14 02:30:00,1752485101.0,26.5,36.833333333333336,28.364500000000003,10.166666666666666,10.166666666666666,35.61326716666667,-119.689542,,1,29,28.361011360507312
2025-07-14 03:30:00,1752488701.0,25.83333333333333,38.5,25.227,10.833333333333334,11.166666666666666,35.613251166666664,-119.689583,,1,29,25.932260897311977
2025-07-14 04:30:00,1752492301.0,23.5,43.833333333333336,16.633166666666668,12.333333333333334,12.666666666666666,35.613290166666665,-119.68959283333334,,1,29,19.0011611535161
2025-07-14 07:30:00,1752503101.0,26.166666666666668,38.833333333333336,21.6725,8.5,8.833333333333334,35.61322016666667,-119.68960833333334,,1,29,22.70594044311843
2025-07-14 08:30:00,1752506701.0,28.83333333333333,33.166666666666664,30.558166666666665,6.666666666666667,7.0,35.613256,-119.68956616666668,,1,29,29.9437503127309
2025-07-14 09:30:00,1752510301.0,31.166666666666668,28.666666666666668,36.57833333333333,6.333333333333333,6.5,35.61320883333333,-119.68958433333334,,1,29,35.21870888129945
2025-07-14 10:30:00,1752513901.0,34.166666666666664,24.666666666666668,44.14433333333333,6.0,6.166666666666667,35.61322166666667,-119.68959933333332,,1,29,42.49136071504634
2025-07-14 11:30:00,1752517501.0,36.5,20.83333333333333,52.8435,7.5,8.0,35.6132415,-119.68957283333332,,1,29,50.754219751926826
2025-07-14 12:30:00,1752521101.0,38.5,18.5,55.38033333333333,9.0,9.166666666666666,35.6132565,-119.689589,,1,29,53.95266786159553
2025-07-14 13:30:00,1752524701.0,40.66666666666666,17.166666666666668,56.93716666666666,8.833333333333334,8.833333333333334,35.61323183333334,-119.68960183333331,,1,29,56.3936993734587
2025-07-14 14:30:00,1752528301.0,41.5,16.5,58.0555,9.5,9.833333333333334,35.6132755,-119.68963133333334,,1,29,57.93270290881199
2025-07-14 15:30:00,1752531901.0,42.16666666666666,16.0,59.5065,10.333333333333334,10.666666666666666,35.61324283333334,-119.68958033333332,,1,29,59.69726454825705
2025-07-14 16:30:00,1752535501.0,42.66666666666666,16.0,61.56633333333334,9.833333333333334,9.833333333333334,35.613296,-119.68959433333332,,1,29,61.6795292929624
2025-07-14 17:30:00,1752539101.0,42.0,16.0,64.52533333333334,9.333333333333334,9.333333333333334,35.613257,-119.6895715,,1,29,63.59026735049922
2025-07-14 18:30:00,1752542701.0,41.5,17.0,66.209,9.5,9.666666666666666,35.61323933333333,-119.689607,,1,29,65.04394968466676
2025-07-14 19:30:00,1752546301.0,39.833333333333336,17.166666666666668,60.17733333333334,8.5,8.833333333333334,35.613253,-119.68959183333334,,1,29,58.48932977644155
2025-07-14 20:30:00,1752549901.0,35.666666666666664,29.166666666666668,45.91516666666666,14.666666666666666,15.0,35.613204333333336,-119.68954733333334,,1,29,48.692112100078674
2025-07-14 21:30:00,1752553501.0,33.5,27.33333333333333,37.95033333333333,10.666666666666666,10.666666666666666,35.6132585,-119.6895675,,1,29,38.69143108939805
2025-07-14 22:30:00,1752557101.0,31.83333333333333,28.33333333333333,38.56966666666667,8.0,8.0,35.613235,-119.6895815,,1,29,37.6827304417849
2025-07-14 23:30:00,1752560701.0,30.666666666666668,29.0,38.088166666666666,7.333333333333333,7.333333333333333,35.61327,-119.68955733333333,,1,29,36.46864086574857
2025-07-15 00:30:00,1752564301.0,29.0,32.0,36.056333333333335,7.0,7.0,35.6132535,-119.68960716666668,,1,29,34.41913660854149
2025-07-15 01:30:00,1752567901.0,27.5,34.333333333333336,33.411,6.166666666666667,6.333333333333333,35.61320933333334,-119.689579,,1,29,31.643351349093706
2025-07-15 02:30:00,1752571501.0,26.5,35.0,30.00433333333333,5.5,5.833333333333333,35.613245666666664,-119.689565,,1,29,28.071594339303346
2025-07-15 03:30:00,1752575101.0,25.5,35.5,28.486166666666666,5.0,5.0,35.61323866666667,-119.68959433333332,,1,29,26.050956231319645
2025-07-15 04:30:00,1752578701.0,24.166666666666668,37.66666666666666,23.293000000000003,4.5,4.833333333333333,35.61324116666667,-119.689588,,1,29,21.262671117016126
2025-07-15 05:30:00,1752582301.0,23.0,41.16666666666666,20.31266666666667,4.166666666666667,4.5,35.613283,-119.68963,,1,29,18.943221044176248
2025-07-15 06:30:00,1752585901.0,23.0,41.66666666666666,20.472666666666665,4.833333333333333,5.0,35.61326866666667,-119.6895815,,1,29,19.39019759294225
2025-07-15 07:30:00,1752589501.0,25.166666666666668,38.16666666666666,22.26516666666667,6.0,6.0,35.61325516666667,-119.6895665,,1,29,21.62280328833122
2025-07-15 08:30:00,1752593101.0,30.0,31.33333333333333,30.898,10.833333333333334,11.333333333333334,35.613264666666666,-119.68957766666666,,1,29,31.489819896534925
2025-07-15 09:30:00,1752596701.0,31.666666666666668,32.166666666666664,36.11366666666667,12.0,12.0,35.61326333333333,-119.6896145,,1,29,37.692659038399356
2025-07-15 10:30:00,1752600301.0,35.0,24.5,51.77183333333334,13.5,13.666666666666666,35.61322216666667,-119.68962483333333,,1,29,51.34126266156939
2025-07-15 11:30:00,1752603901.0,36.66666666666666,21.83333333333333,61.48499999999999,18.166666666666668,18.666666666666668,35.61324066666666,-119.68957116666668,,1,29,61.1134724328615
2025-07-15 12:30:00,1752607501.0,39.0,20.166666666666668,59.971833333333336,16.5,17.0,35.61328133333333,-119.68956133333334,,1,29,60.60653094962785
2025-07-15 13:30:00,1752611101.0,40.16666666666666,19.83333333333333,53.03916666666667,10.0,10.166666666666666,35.61322283333333,-119.6895865,,1,29,53.87828593301329
2025-07-15 14:30:00,1752614701.0,40.333333333333336,21.0,50.92333333333334,7.833333333333333,8.333333333333334,35.6132195,-119.689569,,1,29,52.103665328045125
2025-07-15 15:30:00,1752618301.0,40.0,20.666666666666668,50.894000000000005,6.5,6.5,35.61325183333334,-119.689584,,1,29,51.358954705262775
2025-07-15 16:30:00,1752621901.0,39.833333333333336,19.83333333333333,51.63783333333333,6.666666666666667,6.666666666666667,35.613260833333335,-119.6895905,,1,29,51.630244222110335
2025-07-15 17:30:00,1752625501.0,38.16666666666666,19.33333333333333,56.61683333333334,7.5,7.666666666666667,35.61329083333333,-119.689555,,1,29,54.68364222797882
2025-07-15 18:30:00,1752629101.0,37.0,17.666666666666668,52.22783333333333,5.333333333333333,6.0,35.613238,-119.68959416666668,,1,29,49.04284429756375
2025-07-15 19:30:00,1752632701.0,34.333333333333336,20.5,49.407833333333336,3.8333333333333335,4.5,35.613213333333334,-119.68957783333332,,1,29,45.24428354453961
2025-07-15 20:30:00,1752636301.0,30.666666666666668,27.33333333333333,43.4815,3.1666666666666665,3.1666666666666665,35.613221,-119.6895625,,1,29,39.52729633151294
2025-07-15 21:30:00,1752639901.0,28.666666666666668,31.166666666666668,42.17666666666667,3.6666666666666665,4.0,35.61322016666667,-119.68957266666666,,1,29,38.3558822228357
2025-07-15 22:30:00,1752643501.0,27.0,34.166666666666664,44.3345,5.833333333333333,6.166666666666667,35.61322533333333,-119.68958266666668,,1,29,40.47394863800602
2025-07-15 23:30:00,1752647101.0,26.33333333333333,34.833333333333336,46.96683333333333,7.5,7.5,35.613252,-119.689579,,1,29,42.81245637653306
2025-07-16 00:30:00,1752650701.0,25.166666666666668,40.333333333333336,44.40633333333333,6.5,6.5,35.61319983333333,-119.6895915,,1,29,41.3629192229522
2025-07-16 01:30:00,1752654241.0,24.4,45.8,40.5202,6.0,6.0,35.613234,-119.689595,,1,29,39.18698802032088
2025-07-16 02:30:00,1752657901.0,23.166666666666668,49.5,36.2845,5.333333333333333,5.5,35.61324283333334,-119.68953716666664,,1,29,35.74930649185353
2025-07-16 03:30:00,1752661501.0,22.666666666666668,51.5,32.63216666666667,5.0,5.0,35.613239166666666,-119.68959683333333,,1,29,32.83575265338598
2025-07-16 04:30:00,1752665101.0,21.166666666666668,54.333333333333336,24.553,5.333333333333333,5.5,35.613246833333335,-119.68959283333334,,1,29,25.865994581827593
2025-07-16 05:30:00,1752668701.0,20.0,57.0,18.214666666666663,5.5,5.666666666666667,35.613263499999995,-119.6895675,,1,29,20.52008101499731
2025-07-16 06:30:00,1752672301.0,20.0,54.833333333333336,17.437166666666666,6.666666666666667,7.333333333333333,35.613302833333336,-119.68954833333332,,1,29,19.451808697096183
2025-07-16 07:30:00,1752675901.0,23.0,47.0,24.149833333333333,6.0,6.5,35.613206166666664,-119.68956,,1,29,24.61940662723603
2025-07-16 08:30:00,1752679501.0,26.5,37.66666666666666,32.488166666666665,6.0,6.166666666666667,35.613245666666664,-119.68957266666666,,1,29,31.187625636889877
2025-07-16 09:30:00,1752683101.0,29.166666666666668,32.0,38.42216666666667,6.333333333333333,6.833333333333333,35.613252499999994,-119.68957633333332,,1,29,36.44881050534697
2025-07-16 10:30:00,1752686701.0,31.5,29.0,42.439,7.0,7.0,35.61321966666667,-119.6895625,,1,29,40.72330132437051
2025-07-16 11:30:00,1752690301.0,33.333333333333336,25.83333333333333,47.77733333333333,6.333333333333333,6.333333333333333,35.6132615,-119.68958166666664,,1,29,45.426289396382984
2025-07-16 12:30:00,1752693901.0,35.666666666666664,22.83333333333333,51.65633333333333,6.0,6.0,35.6133055,-119.68958166666664,,1,29,49.39070141551966
2025-07-16 13:30:00,1752697800.2857144,36.42857142857143,22.571428571428573,50.73828571428572,5.571428571428571,5.714285714285714,35.61322285714286,-119.68956857142858,,1,29,48.99787773028268
2025-07-16 14:30:00,1752701700.0,37.333333333333336,19.5,50.75183333333333,3.8333333333333335,4.0,35.61323733333334,-119.6895435,,1,29,48.24549592692472
2025-07-16 15:30:00,1752705300.0,37.333333333333336,19.666666666666668,51.13466666666667,3.8333333333333335,3.8333333333333335,35.613279166666665,-119.68955616666666,,1,29,48.613245415890106
2025-07-16 16:30:00,1752708900.0,37.16666666666666,19.0,52.72366666666667,4.0,4.0,35.61322216666667,-119.689579,,1,29,49.66163412721157
2025-07-16 17:30:00,1752712500.0,36.0,19.5,50.09833333333333,4.333333333333333,4.666666666666667,35.6132195,-119.6895715,,1,29,46.82837616212501
2025-07-16 18:30:00,1752716100.0,34.166666666666664,20.33333333333333,48.928,5.833333333333333,6.5,35.613220166666665,-119.689565,,1,29,45.12841280291293
2025-07-16 19:30:00,1752719700.0,32.0,21.666666666666668,46.5195,4.666666666666667,4.833333333333333,35.613217166666665,-119.689602,,1,29,41.5857816895637
2025-07-16 20:30:00,1752723300.0,29.33333333333333,27.5,41.22866666666667,3.5,3.8333333333333335,35.6132755,-119.68957633333332,,1,29,36.77631198103474
2025-07-16 21:30:00,1752726900.0,27.166666666666668,34.833333333333336,35.29833333333333,4.0,4.166666666666667,35.613303,-119.689541,,1,29,32.660377959714396
2025-07-16 22:30:00,1752730500.0,25.666666666666668,40.5,33.352666666666664,4.833333333333333,4.833333333333333,35.61324183333333,-119.68957633333332,,1,29,31.96250022239046
2025-07-16 23:30:00,1752734100.0,24.83333333333333,43.5,32.94616666666666,5.0,5.0,35.61325333333333,-119.68958783333332,,1,29,32.03885229153097
2025-07-17 00:30:00,1752737700.0,23.666666666666668,45.66666666666666,32.76833333333334,5.5,6.0,35.613252,-119.68959433333332,,1,29,31.90651890974499
2025-07-17 01:30:00,1752741300.0,22.83333333333333,48.16666666666666,31.52983333333333,5.166666666666667,5.833333333333333,35.613201833333335,-119.68954733333334,,1,29,31.00182999692997
2025-07-17 02:30:00,1752744900.0,22.0,49.16666666666666,31.2425,5.666666666666667,5.833333333333333,35.61323333333333,-119.68957383333334,,1,29,30.545060473651247
2025-07-17 03:30:00,1752748500.0,21.5,53.0,30.638,6.0,6.0,35.61325383333333,-119.68956,,1,29,31.00418209378968
2025-07-17 04:30:00,1752752100.0,20.83333333333333,55.16666666666666,26.03483333333333,6.166666666666667,6.666666666666667,35.6132255,-119.68955116666666,,1,29,27.38830200761133
2025-07-17 05:30:00,1752755700.0,20.0,57.66666666666666,22.407,7.166666666666667,7.5,35.613216333333334,-119.68963216666668,,1,29,24.730550362797423
2025-07-17 06:30:00,1752759300.0,20.33333333333333,56.66666666666666,23.179666666666662,6.833333333333333,6.833333333333333,35.613190833333334,-119.68960583333336,,1,29,25.19494847963098
2025-07-17 07:30:00,1752762900.0,22.83333333333333,51.333333333333336,27.135,5.166666666666667,5.666666666666667,35.613218499999995,-119.68954833333332,,1,29,28.29620422180983
2025-07-17 08:30:00,1752766500.0,24.33333333333333,47.833333333333336,29.61,4.833333333333333,5.166666666666667,35.61328066666667,-119.68957616666668,,1,29,30.25990539274254
2025-07-17 09:30:00,1752770100.0,26.83333333333333,40.66666666666666,35.273833333333336,7.333333333333333,7.666666666666667,35.61321083333333,-119.68950033333331,,1,29,35.147791365438664
2025-07-17 10:30:00,1752773700.0,29.33333333333333,35.166666666666664,40.64716666666667,6.166666666666667,6.166666666666667,35.613244333333334,-119.689575,,1,29,39.4479944342345
2025-07-17 11:30:00,1752777300.0,31.666666666666668,30.5,46.175,5.166666666666667,6.0,35.61329516666667,-119.6895815,,1,29,44.17775920354441
2025-07-17 12:30:00,1752780900.0,34.0,26.666666666666668,49.19816666666667,5.333333333333333,5.333333333333333,35.613276,-119.6895665,,1,29,47.17735567253817
2025-07-17 13:30:00,1752784500.0,35.666666666666664,24.5,53.61533333333333,5.833333333333333,6.0,35.61324366666667,-119.68956366666669,,1,29,51.595796162746865
2025-07-17 14:30:00,1752788100.0,37.16666666666666,23.5,58.0755,6.333333333333333,6.5,35.61325983333333,-119.6895775,,1,29,56.30260527818041
2025-07-17 15:30:00,1752791700.0,38.0,21.666666666666668,58.96416666666666,6.0,6.0,35.61322916666666,-119.68957766666666,,1,29,56.97403932555589
2025-07-17 16:30:00,1752795300.0,38.333333333333336,20.666666666666668,59.11366666666667,6.166666666666667,6.166666666666667,35.61328066666667,-119.6895535,,1,29,57.0545033533094
2025-07-17 17:30:00,1752798900.0,37.833333333333336,21.666666666666668,59.68966666666666,6.166666666666667,6.333333333333333,35.613193,-119.68957516666669,,1,29,57.52338236034025
2025-07-17 18:30:00,1752802500.0,37.66666666666666,20.83333333333333,53.9945,5.833333333333333,5.833333333333333,35.6132355,-119.689626,,1,29,52.166123608145824
2025-07-17 19:30:00,1752806100.0,34.666666666666664,19.666666666666668,45.4555,7.5,7.666666666666667,35.61330516666667,-119.68959183333334,,1,29,42.66411561917057
2025-07-17 20:30:00,1752809700.0,31.0,25.166666666666668,40.54933333333333,8.833333333333334,9.0,35.613252,-119.68960183333331,,1,29,37.90407734140183
2025-07-17 21:30:00,1752813300.0,29.0,27.0,40.4835,7.666666666666667,8.166666666666666,35.61324916666666,-119.68957133333332,,1,29,36.726077128412044
2025-07-17 22:30:00,1752816900.0,27.33333333333333,27.5,40.50533333333333,9.5,9.833333333333334,35.613234166666665,-119.68956,,1,29,36.09068057501504
2025-07-17 23:30:00,1752820500.0,27.0,24.0,44.22316666666666,8.5,8.833333333333334,35.6132945,-119.68958916666666,,1,29,37.60729374608272
2025-07-18 00:30:00,1752824100.0,26.0,25.5,42.072833333333335,7.166666666666667,7.333333333333333,35.61325133333333,-119.68959183333334,,1,29,35.19932452075845
2025-07-18 01:30:00,1752827700.0,25.166666666666668,27.0,39.934333333333335,8.0,8.166666666666666,35.61326283333333,-119.68958166666664,,1,29,33.453245828430354
2025-07-18 02:30:00,1752831300.0,24.666666666666668,28.666666666666668,39.02616666666666,7.166666666666667,7.333333333333333,35.61324966666667,-119.68960433333332,,1,29,32.66653940651797
2025-07-18 03:30:00,1752834900.0,23.666666666666668,33.166666666666664,34.29416666666666,6.833333333333333,7.0,35.613218999999994,-119.68959283333334,,1,29,29.310902666739075
2025-07-18 04:30:00,1752838500.0,22.166666666666668,36.0,25.485166666666668,7.0,7.166666666666667,35.613236666666666,-119.68957,,1,29,21.6640371122456
2025-07-18 05:30:00,1752842100.0,20.83333333333333,40.16666666666666,21.03833333333333,7.666666666666667,7.833333333333333,35.613245666666664,-119.68959166666669,,1,29,18.428821938960255
2025-07-18 06:30:00,1752845700.0,21.33333333333333,40.333333333333336,20.485,8.333333333333334,8.666666666666666,35.613277000000004,-119.68955983333336,,1,29,18.55716213608293
2025-07-18 07:30:00,1752849300.0,23.83333333333333,41.5,26.875666666666664,6.5,6.666666666666667,35.61325516666667,-119.68957016666668,,1,29,25.814004844163108
2025-07-18 08:30:00,1752852900.0,25.83333333333333,43.333333333333336,31.953166666666664,4.833333333333333,5.0,35.61329466666667,-119.68958516666667,,1,29,31.85529081819753
2025-07-18 09:30:00,1752856500.0,28.0,38.16666666666666,37.2135,4.166666666666667,4.166666666666667,35.61325416666667,-119.6895625,,1,29,36.05563681297886
2025-07-18 10:30:00,1752860100.0,31.0,33.666666666666664,43.33983333333333,4.333333333333333,4.333333333333333,35.61325316666667,-119.6895345,,1,29,42.05061158215199
2025-07-18 11:30:00,1752863700.0,33.333333333333336,29.666666666666668,48.3675,4.166666666666667,4.333333333333333,35.61324416666667,-119.6895475,,1,29,46.71486885963408
2025-07-18 12:30:00,1752867300.0,35.333333333333336,26.166666666666668,51.469166666666666,4.0,4.333333333333333,35.613215,-119.68957033333334,,1,29,49.6545960835888
2025-07-18 13:30:00,1752870900.0,37.0,24.166666666666668,56.55866666666666,5.333333333333333,5.666666666666667,35.613282,-119.68955116666666,,1,29,54.88515272879354
2025-07-18 14:30:00,1752874500.0,38.16666666666666,23.166666666666668,58.91283333333333,5.833333333333333,6.0,35.61325566666667,-119.68954083333334,,1,29,57.5316821627393
2025-07-18 15:30:00,1752878100.0,38.833333333333336,22.166666666666668,60.157,6.0,6.0,35.61329133333333,-119.68958566666667,,1,29,58.779760246750314
2025-07-18 16:30:00,1752881700.0,39.0,20.83333333333333,60.64716666666666,6.0,6.333333333333333,35.61324116666666,-119.68957,,1,29,58.90540811970678
2025-07-18 17:30:00,1752885300.0,39.0,22.0,61.462,6.166666666666667,6.666666666666667,35.61326616666667,-119.68956233333334,,1,29,60.04556393188079
2025-07-18 18:30:00,1752888900.0,38.0,22.166666666666668,59.18783333333334,7.333333333333333,7.5,35.613231500000005,-119.68958666666668,,1,29,57.662722245285124
2025-07-18 19:30:00,1752892800.0,36.2,24.4,56.7908,8.2,8.2,35.6133004,-119.689592,,1,29,55.2149962883218
2025-07-18 20:30:00,1752896100.0,33.666666666666664,28.0,47.72016666666667,8.666666666666666,9.0,35.61325383333333,-119.68953833333336,,1,29,46.93280691578464
2025-07-18 21:30:00,1752899700.0,31.5,22.5,35.11983333333333,7.0,7.0,35.61325266666667,-119.68955466666668,,1,29,32.30104412752934
2025-07-18 22:30:00,1752903300.0,29.166666666666668,24.5,35.51683333333333,7.333333333333333,7.333333333333333,35.61321916666667,-119.689598,,1,29,31.651293144453746
2025-07-18 23:30:00,1752906900.0,27.666666666666668,28.83333333333333,33.9495,7.166666666666667,7.666666666666667,35.6132515,-119.689602,,1,29,30.65233980579893
2025-07-19 00:30:00,1752910500.0,26.5,35.333333333333336,32.088166666666666,7.166666666666667,7.5,35.6132115,-119.689603,,1,29,30.356209913352032
2025-07-19 01:30:00,1752914100.0,25.0,38.5,28.889666666666667,7.0,7.0,35.61322583333333,-119.68959683333333,,1,29,27.500780529226795
2025-07-19 02:30:00,1752917700.0,23.666666666666668,40.833333333333336,24.7055,6.666666666666667,7.0,35.61323266666667,-119.68959416666668,,1,29,23.668877415207106
2025-07-19 03:30:00,1752921300.0,22.5,42.16666666666666,19.477166666666665,6.666666666666667,7.0,35.613259666666664,-119.68958533333334,,1,29,18.784551243386204
2025-07-19 04:30:00,1752924900.0,21.666666666666668,43.833333333333336,13.243333333333334,6.666666666666667,7.0,35.613219666666666,-119.6895295,,1,29,13.401779745200663
2025-07-19 06:30:00,1752932100.0,20.5,48.66666666666666,12.3075,7.333333333333333,7.666666666666667,35.6132455,-119.68960066666666,,1,29,13.510261294010185
2025-07-19 07:30:00,1752935520.0,23.0,44.6,20.7324,7.4,7.6,35.6132362,-119.6895692,,1,29,21.20431879035209
2025-07-19 08:30:00,1752939300.0,26.666666666666668,38.66666666666666,32.70483333333333,6.333333333333333,6.5,35.613250666666666,-119.689584,,1,29,31.910241913716334
2025-07-19 09:30:00,1752942900.0,28.666666666666668,35.166666666666664,38.204166666666666,6.166666666666667,6.166666666666667,35.61326916666667,-119.689499,,1,29,36.866736099977004
2025-07-19 10:30:00,1752946500.0,31.0,30.666666666666668,42.71566666666666,6.0,6.0,35.613232333333336,-119.689551,,1,29,40.90834018398286
2025-07-19 11:30:00,1752950100.0,33.166666666666664,26.33333333333333,46.43,6.5,6.666666666666667,35.61325633333333,-119.68956616666668,,1,29,44.37391881651641
2025-07-19 12:30:00,1752953700.0,35.333333333333336,23.666666666666668,52.78266666666667,6.333333333333333,6.333333333333333,35.613232833333335,-119.6895585,,1,29,50.46169368065175
2025-07-19 13:30:00,1752957300.0,37.16666666666666,21.666666666666668,56.12633333333333,7.0,7.166666666666667,35.613205,-119.68960183333331,,1,29,54.1832595266705
2025-07-19 14:30:00,1752960900.0,38.16666666666666,20.5,57.748333333333335,8.0,8.0,35.6132535,-119.68958266666664,,1,29,56.14343882982743
2025-07-19 15:30:00,1752964500.0,38.833333333333336,20.33333333333333,58.32983333333333,7.333333333333333,7.5,35.6132525,-119.689597,,1,29,56.93713741685349
2025-07-19 16:30:00,1752968100.0,39.0,20.0,59.44883333333333,7.166666666666667,7.166666666666667,35.61326616666667,-119.68957383333333,,1,29,57.8504218339865
2025-07-19 17:30:00,1752971700.0,39.0,20.0,60.61983333333333,7.0,7.166666666666667,35.61328,-119.6895765,,1,29,58.82512937100552
2025-07-19 18:30:00,1752975300.0,38.0,20.5,59.40416666666667,7.666666666666667,7.666666666666667,35.613262166666665,-119.6895665,,1,29,57.353637687214615
2025-07-19 19:30:00,1752978900.0,36.5,22.33333333333333,55.90033333333333,8.166666666666666,8.166666666666666,35.61326533333333,-119.68958033333332,,1,29,53.978698387370926
2025-07-19 20:30:00,1752982500.0,33.333333333333336,26.166666666666668,40.4615,9.666666666666666,10.0,35.613236666666666,-119.68957633333332,,1,29,40.11281899459816
2025-07-19 21:30:00,1752986100.0,31.5,29.83333333333333,36.839,9.333333333333334,9.5,35.61325633333333,-119.689593,,1,29,36.790061135171484
2025-07-19 22:30:00,1752989700.0,29.33333333333333,27.83333333333333,35.96,5.666666666666667,5.666666666666667,35.61321833333333,-119.68959166666669,,1,29,32.874727812881986
2025-07-19 23:30:00,1752993300.0,28.33333333333333,28.166666666666668,36.096,5.166666666666667,5.333333333333333,35.61329883333333,-119.68959783333332,,1,29,32.25436753783366
2025-07-20 00:30:00,1752996900.0,26.33333333333333,32.333333333333336,33.0385,5.833333333333333,6.0,35.613223,-119.68958683333334,,1,29,29.708623125715107
2025-07-20 01:30:00,1753000500.0,24.83333333333333,35.5,32.468,6.0,6.0,35.613144,-119.68957033333334,,1,29,29.189761770918757
2025-07-20 02:30:00,1753004100.0,23.666666666666668,36.833333333333336,29.657833333333333,5.833333333333333,6.0,35.613238,-119.6895815,,1,29,26.34454540719021
2025-07-20 03:30:00,1753007700.0,23.33333333333333,36.333333333333336,30.059,5.5,5.833333333333333,35.61325516666667,-119.68961083333332,,1,29,26.20728424538089
2025-07-20 04:30:00,1753011300.0,22.0,40.333333333333336,24.880666666666663,6.0,6.0,35.61325333333334,-119.68952566666668,,1,29,22.22298439756502
2025-07-20 05:30:00,1753014720.0,21.0,42.4,21.587,6.6,7.0,35.6132346,-119.68960239999998,,1,29,19.536831578333604
2025-07-20 06:30:00,1753018500.0,21.0,43.66666666666666,21.97083333333333,6.833333333333333,7.333333333333333,35.613205,-119.68958516666667,,1,29,20.352495459892147
2025-07-20 07:30:00,1753022100.0,22.33333333333333,42.833333333333336,17.340833333333332,7.333333333333333,7.666666666666667,35.61321983333333,-119.6895815,,1,29,17.21819622789799
2025-07-20 08:30:00,1753025700.0,26.0,37.333333333333336,29.7545,6.833333333333333,7.166666666666667,35.613253166666674,-119.68956133333334,,1,29,28.582848873908205
2025-07-20 09:30:00,1753029300.0,29.666666666666668,30.5,37.79966666666667,6.5,6.5,35.6132595,-119.689579,,1,29,35.782808099966516
2025-07-20 10:30:00,1753032900.0,32.666666666666664,25.0,45.60616666666667,5.0,5.333333333333333,35.61325366666667,-119.68957133333332,,1,29,42.51196822521308
2025-07-20 11:30:00,1753036500.0,34.833333333333336,22.5,51.1695,4.666666666666667,5.0,35.61325316666667,-119.689588,,1,29,47.957178121125
2025-07-20 12:30:00,1753040100.0,37.16666666666666,21.0,51.3525,5.0,5.166666666666667,35.613206166666664,-119.68959033333331,,1,29,49.4123573064618
2025-07-20 13:30:00,1753043700.0,38.0,20.166666666666668,54.2685,5.5,5.5,35.613217166666665,-119.68958283333332,,1,29,52.346041036611695
2025-07-20 14:30:00,1753047300.0,39.5,19.166666666666668,55.790666666666674,6.0,6.0,35.61322933333334,-119.689588,,1,29,54.54539549021435
2025-07-20 15:30:00,1753050900.0,40.0,16.833333333333332,54.49883333333333,5.5,5.666666666666667,35.6132645,-119.68960066666666,,1,29,52.930455262169346
2025-07-20 16:30:00,1753054500.0,39.5,14.0,55.8955,3.1666666666666665,3.5,35.613269833333334,-119.68955983333336,,1,29,52.26423609405711
2025-07-20 17:30:00,1753058100.0,39.0,11.166666666666666,58.76866666666667,1.0,1.1666666666666667,35.61321383333333,-119.68955883333332,,1,29,52.868066589198165
2025-07-20 18:30:00,1753061700.0,38.0,13.833333333333334,52.23716666666667,1.1666666666666667,1.1666666666666667,35.613262166666665,-119.689575,,1,29,47.466591446519615
2025-07-20 19:30:00,1753065300.0,34.333333333333336,21.5,37.0695,1.8333333333333333,1.8333333333333333,35.6132405,-119.68956883333334,,1,29,34.51620103483441
2025-07-20 20:30:00,1753068900.0,30.0,29.0,31.58883333333333,1.5,1.6666666666666667,35.6132165,-119.68955983333336,,1,29,29.05921018799374
2025-07-20 21:30:00,1753072500.0,28.166666666666668,32.333333333333336,29.749666666666663,1.1666666666666667,1.1666666666666667,35.613248666666664,-119.6895675,,1,29,27.146876702376233
2025-07-20 22:30:00,1753076100.0,27.5,33.0,29.27316666666667,1.0,1.0,35.6132555,-119.68957383333333,,1,29,26.427627457457888
2025-07-20 23:30:00,1753079700.0,26.666666666666668,34.833333333333336,27.837,0.5,0.5,35.61320866666667,-119.68956766666668,,1,29,25.076866612823096
2025-07-21 00:30:00,1753083300.0,25.83333333333333,37.0,26.845333333333333,1.0,1.0,35.613273,-119.689561,,1,30,24.60140709338519
2025-07-21 01:30:00,1753086900.0,25.0,38.833333333333336,26.54283333333333,1.0,1.0,35.613266,-119.68955483333332,,1,30,24.336555864956807
2025-07-21 02:30:00,1753090500.0,24.0,41.16666666666666,26.094833333333337,1.0,1.0,35.6132335,-119.68958783333332,,1,30,23.990819694365513
2025-07-21 03:30:00,1753094100.0,23.83333333333333,41.66666666666666,25.360333333333333,1.0,1.0,35.613253666666665,-119.68956883333334,,1,30,23.407248980991426
2025-07-21 04:30:00,1753098000.0,23.6,41.8,23.4466,1.0,1.0,35.6132562,-119.6895706,,1,30,21.644897675109604
2025-07-21 05:30:00,1753101300.0,23.0,42.0,23.724166666666665,1.0,1.0,35.61323683333333,-119.68959683333333,,1,30,21.502094241424913
2025-07-21 06:30:00,1753104900.0,23.0,44.833333333333336,23.3715,1.0,1.0,35.61322083333334,-119.68955,,1,30,22.14947682063236
2025-07-21 07:30:00,1753108500.0,24.0,43.66666666666666,24.01533333333333,1.0,1.1666666666666667,35.613226,-119.68958183333332,,1,30,23.067621130248256
2025-07-21 08:30:00,1753112100.0,25.33333333333333,41.16666666666666,24.44933333333333,1.1666666666666667,1.1666666666666667,35.6132585,-119.6896095,,1,30,23.61844463527366
2025-07-21 09:30:00,1753115700.0,27.0,38.333333333333336,26.264166666666668,1.0,1.0,35.613248666666664,-119.6895765,,1,30,25.420160597474208
2025-07-21 10:30:00,1753119300.0,29.0,35.5,26.745500000000003,1.8333333333333333,2.0,35.613226000000004,-119.68953316666666,,1,30,26.583442510349144
2025-07-21 11:30:00,1753122900.0,31.5,31.666666666666668,26.978666666666665,1.1666666666666667,1.1666666666666667,35.61325716666666,-119.68957383333333,,1,30,27.187744532876792
2025-07-21 12:30:00,1753126500.0,32.833333333333336,29.666666666666668,28.53333333333333,0.8333333333333334,0.8333333333333334,35.613234166666665,-119.68954466666666,,1,30,28.758760938307645
2025-07-21 13:30:00,1753130100.0,34.166666666666664,26.666666666666668,30.18533333333333,0.6666666666666666,0.8333333333333334,35.613249333333336,-119.6895485,,1,30,30.13235552658871
2025-07-21 14:30:00,1753133700.0,35.5,23.83333333333333,32.00133333333333,0.1666666666666666,0.1666666666666666,35.61325516666667,-119.68959433333332,,1,30,31.593250086916413
2025-07-21 15:30:00,1753137300.0,36.333333333333336,21.666666666666668,34.39416666666667,0.0,0.0,35.61325216666666,-119.68956633333332,,1,30,33.491078566329776
2025-07-21 16:30:00,1753140900.0,37.0,20.5,36.584,0.0,0.0,35.613248,-119.6895665,,1,30,35.46576566723064
2025-07-21 17:30:00,1753144500.0,36.16666666666666,20.33333333333333,37.314166666666665,0.3333333333333333,0.6666666666666666,35.613242500000005,-119.6895805,,1,30,35.52126719885743
2025-07-21 18:30:00,1753148100.0,34.166666666666664,23.166666666666668,35.26233333333334,0.5,0.6666666666666666,35.613237833333336,-119.68957266666666,,1,30,33.25438141322289
2025-07-21 19:30:00,1753151700.0,31.5,29.5,31.606666666666666,1.0,1.1666666666666667,35.61313766666667,-119.689575,,1,30,30.387627839419224
2025-07-21 20:30:00,1753155300.0,28.83333333333333,31.5,30.459833333333336,1.0,1.0,35.613283,-119.68957783333332,,1,30,28.078465443399097
2025-07-21 21:30:00,1753158900.0,26.5,34.833333333333336,29.503666666666664,1.0,1.0,35.613228,-119.68957516666669,,1,30,26.641220300149385
2025-07-21 22:30:00,1753162500.0,25.0,38.66666666666666,27.24383333333333,1.0,1.0,35.613249333333336,-119.689588,,1,30,24.879042380592125
2025-07-21 23:30:00,1753166100.0,24.0,40.0,26.86583333333333,1.0,1.0,35.61323716666667,-119.68954983333332,,1,30,24.258329973202592
2025-07-22 00:30:00,1753169700.0,22.666666666666668,43.16666666666666,24.9215,0.6666666666666666,0.8333333333333334,35.61318016666667,-119.6896045,,1,30,22.602190183086208
2025-07-22 01:30:00,1753173300.0,21.666666666666668,49.0,21.799833333333336,0.1666666666666666,0.6666666666666666,35.613237,-119.68953333333332,,1,30,21.057272095920936
2025-07-22 02:30:00,1753176900.0,20.83333333333333,53.5,19.242833333333333,0.0,0.3333333333333333,35.61325316666667,-119.6895725,,1,30,19.70665879607506
2025-07-22 03:30:00,1753180500.0,20.0,55.333333333333336,18.247,0.0,0.0,35.613260833333335,-119.68962733333332,,1,30,18.820541051491332
2025-07-22 04:30:00,1753184100.0,19.83333333333333,57.16666666666666,17.206500000000002,0.5,0.6666666666666666,35.613231500000005,-119.6895815,,1,30,18.555246648686065
2025-07-22 05:30:00,1753187700.0,18.5,60.5,14.553166666666668,0.8333333333333334,1.0,35.61324616666667,-119.6895905,,1,30,16.492857140778554
2025-07-22 06:30:00,1753191300.0,18.0,60.333333333333336,13.854,1.0,1.0,35.6132245,-119.689607,,1,30,15.492853967568337
2025-07-22 07:30:00,1753194900.0,20.33333333333333,54.16666666666666,17.078,1.0,1.0,35.61322033333334,-119.68957516666666,,1,30,17.91722762300489
2025-07-22 08:30:00,1753198500.0,22.166666666666668,46.66666666666666,21.731166666666667,1.0,1.0,35.61324,-119.68961716666666,,1,30,20.742843281645946
2025-07-22 09:30:00,1753202100.0,23.666666666666668,42.833333333333336,24.1835,1.0,1.0,35.613263833333335,-119.689532,,1,30,22.669311542388527
2025-07-22 10:30:00,1753205700.0,26.666666666666668,35.5,29.001166666666663,0.6666666666666666,1.0,35.613242500000005,-119.68948866666666,,1,30,26.51019046821345
2025-07-22 11:30:00,1753209300.0,29.0,30.0,32.578833333333336,0.5,0.8333333333333334,35.613273,-119.68953566666666,,1,30,29.42009041502358
2025-07-22 12:30:00,1753212900.0,30.83333333333333,27.5,34.9625,0.8333333333333334,0.8333333333333334,35.61326783333333,-119.689602,,1,30,32.03175747790756
2025-07-22 13:30:00,1753216500.0,32.166666666666664,26.0,36.3905,0.1666666666666666,0.1666666666666666,35.613291333333336,-119.6895585,,1,30,33.583112081129286
2025-07-22 14:30:00,1753220100.0,33.833333333333336,23.5,37.49583333333333,0.0,0.0,35.613305000000004,-119.6895485,,1,30,34.89087351216739
2025-07-22 15:30:00,1753223700.0,34.833333333333336,22.166666666666668,40.985166666666665,0.0,0.0,35.6132445,-119.68961466666669,,1,30,38.16697300981441
2025-07-22 16:30:00,1753227300.0,35.0,20.0,40.36266666666666,0.6666666666666666,0.6666666666666666,35.613266833333334,-119.68958166666664,,1,30,37.192372717737484
2025-07-22 17:30:00,1753230900.0,34.333333333333336,17.166666666666668,42.148,0.0,0.0,35.613284,-119.68957766666666,,1,30,37.11361115719207
2025-07-22 18:30:00,1753234500.0,32.166666666666664,17.5,41.003166666666665,0.0,0.0,35.613269,-119.68957133333332,,1,30,34.635258855606565
2025-07-22 19:30:00,1753238100.0,29.666666666666668,21.666666666666668,37.86333333333334,0.0,0.1666666666666666,35.61325266666667,-119.68957666666668,,1,30,31.503983679278235
2025-07-22 20:30:00,1753241400.0,26.2,25.6,33.8246,0.0,0.2,35.613244800000004,-119.6895598,,1,30,26.796037392261965
2025-07-22 21:30:00,1753245300.0,24.33333333333333,29.33333333333333,32.05733333333333,0.0,0.1666666666666666,35.61325883333333,-119.68955116666666,,1,30,25.144872605813816
2025-07-22 22:30:00,1753248900.0,23.5,28.83333333333333,32.50683333333333,0.0,0.0,35.613236666666666,-119.689588,,1,30,24.72604304273699
2025-07-22 23:30:00,1753252500.0,22.666666666666668,31.83333333333333,30.21966666666667,0.0,0.0,35.61325766666666,-119.6895995,,1,30,23.157870051046018
2025-07-23 00:30:00,1753256100.0,21.5,36.5,28.355166666666666,0.0,0.0,35.61326316666666,-119.68956616666668,,1,30,22.260155953230097
2025-07-23 01:30:00,1753259700.0,20.5,41.0,26.02333333333333,0.0,0.0,35.613266,-119.68957383333334,,1,30,21.031873043806428
2025-07-23 02:30:00,1753263300.0,19.5,48.5,22.197166666666664,0.0,0.1666666666666666,35.613243833333335,-119.68956766666668,,1,30,19.547164848448617
2025-07-23 03:30:00,1753266900.0,19.0,50.16666666666666,20.9505,0.0,0.0,35.613216,-119.68954083333334,,1,30,18.654086123735283
2025-07-23 04:30:00,1753270500.0,17.666666666666668,51.5,19.6,0.1666666666666666,0.3333333333333333,35.61324833333333,-119.68956766666668,,1,30,17.00948178598793
2025-07-23 05:30:00,1753274100.0,17.0,56.16666666666666,16.161333333333335,1.6666666666666667,2.0,35.613250666666666,-119.68958033333332,,1,30,15.510375926333495
2025-07-23 06:30:00,1753277700.0,17.0,58.333333333333336,14.895166666666666,1.6666666666666667,1.8333333333333333,35.61321266666667,-119.68957033333334,,1,30,15.140212305266076
2025-07-23 07:30:00,1753281300.0,18.83333333333333,52.66666666666666,14.384833333333331,2.833333333333333,3.0,35.61321,-119.68957266666666,,1,30,14.448863748450734
2025-07-23 08:30:00,1753284900.0,22.166666666666668,47.0,22.126666666666665,1.0,1.0,35.6133055,-119.6896605,,1,30,21.191957981703098
2025-07-23 09:30:00,1753288500.0,24.0,43.16666666666666,26.000833333333333,1.0,1.0,35.6132225,-119.68958533333334,,1,30,24.580031158582855
2025-07-23 10:30:00,1753292100.0,25.83333333333333,39.66666666666666,30.486166666666666,1.0,1.0,35.613254000000005,-119.68959166666669,,1,30,28.601281114735173
2025-07-23 11:30:00,1753295700.0,28.5,35.833333333333336,33.4645,1.0,1.0,35.61328016666667,-119.689551,,1,30,31.845130360745102
2025-07-23 12:30:00,1753299300.0,30.166666666666668,31.5,38.174,1.0,1.0,35.61321,-119.68963116666669,,1,30,35.6546988215016
2025-07-23 13:30:00,1753302900.0,32.666666666666664,28.166666666666668,39.87416666666667,1.0,1.0,35.613243000000004,-119.68957766666666,,1,30,37.85098160266861
2025-07-23 14:30:00,1753306500.0,33.333333333333336,26.5,39.561,1.0,1.0,35.6132245,-119.68958783333332,,1,30,37.5221084504778
2025-07-23 15:30:00,1753310100.0,34.0,25.33333333333333,42.148,1.0,1.1666666666666667,35.613237833333336,-119.68959433333332,,1,30,39.85052835350754
2025-07-23 16:30:00,1753313700.0,34.166666666666664,25.166666666666668,42.19133333333333,1.1666666666666667,1.1666666666666667,35.613304166666666,-119.68953966666668,,1,30,39.980481046058074
2025-07-23 17:30:00,1753317300.0,33.5,26.83333333333333,34.14666666666667,0.6666666666666666,0.8333333333333334,35.61323983333333,-119.68952566666668,,1,30,33.07270230042943
2025-07-23 18:30:00,1753320900.0,31.0,31.83333333333333,27.243333333333336,0.8333333333333334,1.0,35.61322216666667,-119.68957266666666,,1,30,27.033065898939753
2025-07-23 19:30:00,1753324500.0,28.166666666666668,37.0,25.15083333333333,1.5,1.8333333333333333,35.61324183333333,-119.68957666666668,,1,30,25.040062726613954
2025-07-23 20:30:00,1753328100.0,24.666666666666668,43.333333333333336,23.458166666666667,2.333333333333333,2.6666666666666665,35.6132305,-119.68956,,1,30,23.307229642346954
2025-07-23 21:30:00,1753331700.0,23.666666666666668,44.833333333333336,22.77583333333333,0.1666666666666666,0.1666666666666666,35.6132595,-119.6895855,,1,30,21.940074828381526
2025-07-23 22:30:00,1753335300.0,22.33333333333333,44.66666666666666,23.278,0.5,0.6666666666666666,35.61325266666667,-119.6895865,,1,30,21.414021505994825
2025-07-23 23:30:00,1753338900.0,22.0,41.5,24.738166666666668,0.0,0.0,35.613245166666665,-119.68957633333332,,1,30,21.21899375913928
2025-07-24 00:30:00,1753342500.0,21.33333333333333,44.16666666666666,23.828,0.0,0.0,35.61324266666667,-119.68959933333332,,1,30,20.838523528212846
2025-07-24 01:30:00,1753346100.0,20.5,47.333333333333336,22.763666666666666,0.0,0.0,35.61320116666666,-119.68956633333332,,1,30,20.369771733702194
2025-07-24 02:30:00,1753349700.0,19.5,51.66666666666666,21.79533333333333,0.0,0.0,35.61322583333333,-119.68957266666666,,1,30,20.24939015048666
2025-07-24 03:30:00,1753353257.0,18.857142857142858,55.142857142857146,20.36614285714285,0.0,0.0,35.61324471428571,-119.68960242857143,,1,30,19.714641839549117
2025-07-24 04:30:00,1753356900.0,18.0,56.66666666666666,18.233833333333333,0.0,0.0,35.61322083333334,-119.689583,,1,30,17.766801132755475
2025-07-24 05:30:00,1753360500.0,17.833333333333332,59.833333333333336,15.893333333333333,0.1666666666666666,0.3333333333333333,35.61324716666667,-119.6896095,,1,30,16.75938799734155
2025-07-24 06:30:00,1753364100.0,17.5,60.333333333333336,15.871833333333331,1.0,1.1666666666666667,35.613248500000005,-119.68957916666666,,1,30,16.85755656316573
2025-07-24 07:30:00,1753367700.0,19.83333333333333,55.66666666666666,17.331,1.1666666666666667,1.1666666666666667,35.613222,-119.68957783333332,,1,30,18.30248914007369
2025-07-24 08:30:00,1753371300.0,22.0,50.333333333333336,24.03983333333333,0.8333333333333334,1.0,35.613227,-119.68956,,1,30,23.79173347533468
2025-07-24 09:30:00,1753374900.0,24.5,46.5,29.53033333333333,1.0,1.0,35.613260833333335,-119.6895625,,1,30,29.080230908231158
2025-07-24 10:30:00,1753378500.0,26.166666666666668,42.66666666666666,33.534,1.0,1.0,35.613227333333334,-119.68961966666666,,1,30,32.454760540831884
2025-07-24 11:30:00,1753382100.0,28.5,38.66666666666666,37.51416666666667,1.0,1.0,35.61327033333333,-119.68958033333332,,1,30,36.249712136548936
2025-07-24 12:30:00,1753385700.0,30.5,34.5,40.95283333333333,1.3333333333333333,1.5,35.61325033333333,-119.6895815,,1,30,39.37228332412796
2025-07-24 13:30:00,1753389300.0,32.666666666666664,30.166666666666668,43.35316666666666,1.5,1.5,35.6132835,-119.68962866666668,,1,30,41.607967127757504
2025-07-24 14:30:00,1753392900.0,33.666666666666664,27.166666666666668,44.403333333333336,0.6666666666666666,0.6666666666666666,35.6132645,-119.68957166666668,,1,30,42.04718972969904
2025-07-24 15:30:00,1753396500.0,34.0,26.5,46.46683333333333,0.8333333333333334,1.0,35.613252,-119.6895815,,1,30,43.887510277382944
2025-07-24 16:30:00,1753400100.0,34.333333333333336,23.83333333333333,47.06433333333333,1.0,1.0,35.6132515,-119.6895815,,1,30,43.77769070256119
2025-07-24 17:30:00,1753403700.0,33.666666666666664,25.33333333333333,41.6445,1.0,1.0,35.61322916666667,-119.6895535,,1,30,39.1579124213676
2025-07-24 18:30:00,1753407300.0,31.5,28.666666666666668,34.2115,0.5,0.8333333333333334,35.61325416666667,-119.68956483333334,,1,30,32.22820125283087
2025-07-24 19:30:00,1753410900.0,28.666666666666668,32.666666666666664,30.66283333333333,0.5,0.6666666666666666,35.61325633333333,-119.68953566666666,,1,30,28.41454924471961
2025-07-24 20:30:00,1753414500.0,25.166666666666668,39.0,28.12333333333333,0.6666666666666666,1.1666666666666667,35.6132665,-119.68960183333331,,1,30,25.83068485479437
2025-07-24 21:30:00,1753418100.0,23.5,40.5,27.83583333333333,0.5,1.0,35.61326116666667,-119.68959266666668,,1,30,24.807273845181328
2025-07-24 22:30:00,1753421700.0,23.0,36.833333333333336,28.66633333333333,0.0,0.3333333333333333,35.61323566666667,-119.68956866666667,,1,30,23.78342787655845
2025-07-24 23:30:00,1753425300.0,22.0,41.66666666666666,27.27533333333333,0.0,0.1666666666666666,35.613238833333334,-119.6895575,,1,30,23.454909444632676
2025-07-25 00:30:00,1753428900.0,21.0,46.0,25.891333333333336,0.0,0.0,35.61324816666667,-119.68956133333334,,1,30,22.965006117408137
2025-07-25 01:30:00,1753432500.0,20.83333333333333,47.66666666666666,25.442166666666665,0.0,0.0,35.61322666666667,-119.68959283333334,,1,30,23.015459482281372
2025-07-25 02:30:00,1753436100.0,20.83333333333333,46.833333333333336,25.188333333333333,0.0,0.0,35.61325133333333,-119.68957266666666,,1,30,22.519892004395345
2025-07-25 03:30:00,1753439700.0,19.83333333333333,51.833333333333336,23.128,0.0,0.0,35.6132195,-119.68958666666668,,1,30,21.690681574790503
2025-07-25 04:30:00,1753443300.0,19.0,57.0,21.373666666666665,0.0,0.0,35.613252833333334,-119.68958266666668,,1,30,21.302481279061112
2025-07-25 05:30:00,1753446900.0,18.5,59.5,19.324,0.1666666666666666,0.1666666666666666,35.613259,-119.68958533333334,,1,30,20.057235560617798
2025-07-25 06:30:00,1753450500.0,18.166666666666668,61.333333333333336,18.760166666666667,0.8333333333333334,0.8333333333333334,35.61323166666667,-119.689565,,1,30,20.099379009724004
2025-07-25 07:30:00,1753454100.0,19.83333333333333,57.333333333333336,21.74116666666667,1.1666666666666667,1.3333333333333333,35.6132185,-119.689575,,1,30,22.63900577746338
2025-07-25 08:30:00,1753457700.0,22.0,52.5,22.264,1.8333333333333333,1.8333333333333333,35.613262166666665,-119.689569,,1,30,23.223340892022335
2025-07-25 09:30:00,1753461300.0,24.33333333333333,45.0,27.474500000000003,1.5,1.5,35.61326866666666,-119.6895805,,1,30,26.817898192657253
2025-07-25 10:30:00,1753464900.0,26.666666666666668,39.5,32.159666666666666,1.0,1.0,35.6132625,-119.68958283333332,,1,30,30.594084586675848
2025-07-25 11:30:00,1753468500.0,28.666666666666668,35.5,34.714166666666664,1.3333333333333333,1.5,35.613273,-119.68957033333334,,1,30,33.01784450973415
2025-07-25 12:30:00,1753472100.0,31.0,32.0,36.9585,1.8333333333333333,1.8333333333333333,35.61326016666667,-119.689541,,1,30,35.60230350589838
2025-07-25 13:30:00,1753475700.0,32.0,30.166666666666668,39.8515,1.6666666666666667,1.8333333333333333,35.61326833333333,-119.68959166666669,,1,30,38.17740965196792
2025-07-25 14:30:00,1753479300.0,33.166666666666664,27.5,42.247,2.0,2.0,35.61329283333333,-119.68955,,1,30,40.26189343623605
2025-07-25 15:30:00,1753482900.0,34.0,25.0,46.53916666666667,1.3333333333333333,1.5,35.61327933333333,-119.68951166666666,,1,30,43.56554098634457
2025-07-25 16:30:00,1753486500.0,34.166666666666664,25.0,46.605,1.6666666666666667,1.8333333333333333,35.613233,-119.689588,,1,30,43.824709422848514
2025-07-25 17:30:00,1753490100.0,34.0,25.83333333333333,46.833666666666666,2.1666666666666665,2.1666666666666665,35.61324883333334,-119.689574,,1,30,44.278338348612834
2025-07-25 18:30:00,1753493700.0,33.333333333333336,25.666666666666668,47.062333333333335,1.6666666666666667,1.6666666666666667,35.61324783333333,-119.68958816666668,,1,30,43.80306980981682
2025-07-25 19:30:00,1753497300.0,30.33333333333333,32.666666666666664,36.5505,1.8333333333333333,2.0,35.61325083333333,-119.6895815,,1,30,34.99574263237979
2025-07-25 20:30:00,1753500900.0,27.166666666666668,38.333333333333336,33.78616666666667,1.6666666666666667,2.0,35.613264,-119.6896005,,1,30,32.151294809810565
2025-07-25 21:30:00,1753504500.0,25.166666666666668,39.333333333333336,34.628166666666665,2.833333333333333,2.833333333333333,35.6132635,-119.68959533333332,,1,30,31.962500243574425
2025-07-25 22:30:00,1753508100.0,24.666666666666668,42.16666666666666,35.737500000000004,2.0,2.0,35.613247,-119.68959933333332,,1,30,33.2881464851379
2025-07-25 23:30:00,1753511700.0,23.83333333333333,45.16666666666666,32.01166666666666,1.0,1.1666666666666667,35.613243000000004,-119.68959816666668,,1,30,30.270153464313438
2025-07-26 00:30:00,1753515300.0,23.0,46.16666666666666,30.462666666666667,1.0,1.5,35.613264,-119.689574,,1,30,28.69207392226636
2025-07-26 01:30:00,1753518900.0,21.83333333333333,49.333333333333336,27.599833333333333,1.1666666666666667,1.3333333333333333,35.6132385,-119.6895395,,1,30,26.450170075183863
2025-07-26 02:30:00,1753522500.0,20.5,53.5,26.21983333333333,2.0,2.0,35.613248,-119.68959566666666,,1,30,25.85705299719028
2025-07-26 03:30:00,1753526100.0,20.666666666666668,53.333333333333336,27.3145,1.5,1.8333333333333333,35.61322466666667,-119.6895675,,1,30,26.77074511929797
2025-07-26 04:30:00,1753529700.0,20.0,53.833333333333336,26.866,1.6666666666666667,1.8333333333333333,35.613268,-119.68955233333334,,1,30,26.083754311685993
2025-07-26 05:30:00,1753533300.0,19.33333333333333,57.0,24.32133333333333,1.5,1.8333333333333333,35.6132105,-119.68964133333331,,1,30,24.450979007585957
2025-07-26 06:30:00,1753536900.0,19.0,59.833333333333336,22.4595,2.1666666666666665,2.1666666666666665,35.613166,-119.68958283333336,,1,30,23.690517532726872
2025-07-26 07:30:00,1753540500.0,20.166666666666668,56.16666666666666,20.6655,4.5,4.666666666666667,35.6132495,-119.68956383333334,,1,30,22.367763245615905
2025-07-26 08:30:00,1753544100.0,22.666666666666668,50.0,23.742166666666662,2.6666666666666665,2.6666666666666665,35.613263499999995,-119.68956983333334,,1,30,24.341651736674024
2025-07-26 09:30:00,1753547700.0,24.83333333333333,43.66666666666666,30.172833333333333,2.0,2.0,35.613262166666665,-119.6895855,,1,30,29.165089967776638
2025-07-26 10:30:00,1753551300.0,27.0,38.833333333333336,33.336666666666666,2.0,2.1666666666666665,35.613274999999994,-119.6895535,,1,30,31.875107170603783
2025-07-26 11:30:00,1753554900.0,30.0,33.5,37.49433333333334,2.0,2.0,35.613282,-119.68953566666666,,1,30,35.85675250587768
2025-07-26 12:30:00,1753558500.0,31.83333333333333,30.166666666666668,40.59916666666667,1.6666666666666667,1.6666666666666667,35.6132515,-119.68955483333332,,1,30,38.676675953612744
2025-07-26 13:30:00,1753562100.0,33.5,27.83333333333333,42.82066666666666,1.0,1.0,35.61327766666667,-119.689569,,1,30,40.87444860405239
2025-07-26 14:30:00,1753565700.0,33.833333333333336,26.0,45.847,1.8333333333333333,1.8333333333333333,35.6133485,-119.68957133333332,,1,30,43.289065249267125
2025-07-26 15:30:00,1753569300.0,34.666666666666664,25.0,46.13633333333333,2.0,2.0,35.61325083333333,-119.68957,,1,30,43.86106933111958
2025-07-26 16:30:00,1753572900.0,35.0,23.166666666666668,46.991166666666665,2.0,2.0,35.61326433333333,-119.68959166666669,,1,30,44.22511452011793
2025-07-26 17:30:00,1753576500.0,34.5,23.166666666666668,48.35516666666666,2.0,2.0,35.6132585,-119.68960966666668,,1,30,45.017030525339365
2025-07-26 18:30:00,1753580100.0,33.666666666666664,26.83333333333333,47.71716666666666,3.0,3.0,35.61325333333334,-119.68960066666666,,1,30,45.31624397161116
2025-07-26 19:30:00,1753583700.0,31.83333333333333,29.666666666666668,44.972,2.833333333333333,3.0,35.613231,-119.68958266666664,,1,30,42.53231498735346
2025-07-26 20:30:00,1753587300.0,28.5,36.0,34.1325,2.0,2.0,35.61328116666667,-119.68959933333332,,1,30,32.707774818657796
2025-07-26 21:30:00,1753590900.0,26.166666666666668,39.833333333333336,32.849333333333334,2.0,2.0,35.61327066666667,-119.6895995,,1,30,31.158808548996248
2025-07-26 22:30:00,1753594500.0,25.0,42.0,31.268,2.0,2.0,35.61325333333333,-119.68957016666668,,1,30,29.665969384231758
2025-07-26 23:30:00,1753598100.0,23.83333333333333,45.0,28.910833333333333,2.0,2.0,35.61325733333333,-119.68957016666668,,1,30,27.789922175411448
2025-07-27 00:30:00,1753601700.0,22.666666666666668,47.66666666666666,26.843666666666667,2.0,2.0,35.6132775,-119.68958783333332,,1,30,26.049804572417273
2025-07-27 01:30:00,1753605300.0,22.0,48.5,25.83783333333333,2.0,2.0,35.613215,-119.68960183333331,,1,30,24.974037025496642
2025-07-27 02:30:00,1753608900.0,21.166666666666668,50.0,24.4975,1.8333333333333333,1.8333333333333333,35.613252499999994,-119.68958283333332,,1,30,23.672409443111988
2025-07-27 03:30:00,1753612500.0,20.83333333333333,51.16666666666666,22.88633333333333,1.8333333333333333,1.8333333333333333,35.613237833333336,-119.68953333333332,,1,30,22.439721339684652
2025-07-27 04:30:00,1753616100.0,19.83333333333333,53.0,21.393833333333333,1.8333333333333333,1.8333333333333333,35.613234166666665,-119.68954983333332,,1,30,21.035190955579722
2025-07-27 05:30:00,1753619700.0,18.83333333333333,56.5,20.3755,2.0,2.0,35.613255833333334,-119.68951033333332,,1,30,20.632662953001912
2025-07-27 06:30:00,1753623300.0,18.666666666666668,57.833333333333336,18.18166666666667,2.1666666666666665,2.333333333333333,35.61323083333333,-119.68958266666668,,1,30,19.136773415951737
2025-07-27 07:30:00,1753626900.0,21.0,51.5,18.504166666666663,3.0,3.0,35.61321133333333,-119.689551,,1,30,19.211579862774045
2025-07-27 08:30:00,1753630500.0,23.666666666666668,45.66666666666666,23.07133333333333,2.0,2.0,35.613226,-119.6895715,,1,30,22.905243322609252
2025-07-27 09:30:00,1753634100.0,26.0,40.333333333333336,28.98033333333333,2.1666666666666665,2.1666666666666665,35.6132525,-119.689551,,1,30,27.939537219737446
2025-07-27 10:30:00,1753637700.0,28.666666666666668,34.0,33.98916666666667,2.5,2.5,35.61324633333333,-119.689537,,1,30,32.158450496320356
2025-07-27 11:30:00,1753641300.0,31.0,30.83333333333333,37.998666666666665,3.5,3.5,35.613300333333335,-119.6896285,,1,30,36.49411790098421
2025-07-27 12:30:00,1753644900.0,32.666666666666664,27.83333333333333,38.59883333333334,2.1666666666666665,2.1666666666666665,35.6132035,-119.6896185,,1,30,36.92717507244684
2025-07-27 13:30:00,1753648500.0,34.333333333333336,25.666666666666668,41.605,2.1666666666666665,2.1666666666666665,35.613285,-119.689593,,1,30,40.008245659742116
2025-07-27 14:30:00,1753652100.0,35.166666666666664,24.0,42.728166666666674,13.0,13.166666666666666,35.613250666666666,-119.689584,,1,30,43.60883861026741
2025-07-27 15:30:00,1753655700.0,36.0,23.0,32.84866666666667,22.5,22.666666666666668,35.61325216666667,-119.68956783333331,,1,30,37.71184753322585
2025-07-27 16:30:00,1753659300.0,36.0,23.33333333333333,31.72066666666667,84.66666666666667,87.16666666666667,35.613258333333334,-119.6895765,,1,30,51.78539237645343
2025-07-27 17:30:00,1753662900.0,35.333333333333336,24.0,41.6765,20.166666666666668,21.166666666666668,35.613269333333335,-119.68958266666668,,1,30,44.605898326218195
2025-07-27 18:30:00,1753666500.0,34.666666666666664,25.5,26.46466666666667,113.16666666666669,117.66666666666669,35.61327566666667,-119.68956133333332,,1,30,53.956894727187176
2025-07-27 19:30:00,1753670100.0,33.166666666666664,26.83333333333333,19.636,64.5,65.83333333333333,35.61325016666667,-119.6895815,,1,30,35.65622404159433
2025-07-27 20:30:00,1753673700.0,30.666666666666668,30.0,28.623500000000003,40.66666666666666,41.16666666666666,35.61329966666667,-119.68958533333334,,1,30,36.80924515721813
2025-07-27 21:30:00,1753677300.0,28.166666666666668,36.5,27.52433333333333,5.0,5.0,35.613217666666664,-119.68959416666668,,1,30,27.6974678655083
2025-07-27 22:30:00,1753680900.0,26.83333333333333,37.333333333333336,28.493333333333336,3.0,3.0,35.61323683333333,-119.6895815,,1,30,27.337371205018883
2025-07-27 23:30:00,1753684500.0,25.5,40.0,27.028666666666663,2.1666666666666665,2.333333333333333,35.613242,-119.68957666666664,,1,30,25.804872235296884
2025-07-28 00:30:00,1753688100.0,24.5,43.333333333333336,26.52716666666667,2.0,2.0,35.6131885,-119.689607,,1,31,25.841585708269108
2025-07-28 01:30:00,1753691700.0,23.0,46.5,23.433666666666667,2.0,2.1666666666666665,35.61325433333334,-119.689569,,1,31,23.15953265359392
2025-07-28 02:30:00,1753695300.0,21.33333333333333,50.16666666666666,20.3775,2.1666666666666665,2.1666666666666665,35.61322766666667,-119.68958783333332,,1,31,20.562556330155893
2025-07-28 03:30:00,1753698900.0,21.0,50.16666666666666,19.260666666666665,3.1666666666666665,3.1666666666666665,35.61324366666667,-119.68953183333332,,1,31,19.59800486537881
2025-07-28 04:30:00,1753702500.0,20.666666666666668,52.0,17.971,2.5,2.5,35.613311,-119.689574,,1,31,18.705015571225772
2025-07-28 07:30:00,1753713300.0,22.33333333333333,50.833333333333336,17.721,2.833333333333333,3.1666666666666665,35.613203500000004,-119.68955866666666,,1,31,19.45026155119762
2025-07-28 08:30:00,1753716900.0,25.0,41.833333333333336,25.335833333333337,2.0,2.0,35.61323683333333,-119.68959016666668,,1,31,24.694955892024566
2025-07-28 09:30:00,1753720500.0,27.666666666666668,36.66666666666666,29.69933333333333,1.3333333333333333,1.5,35.613236,-119.6895955,,1,31,28.531629027186973
2025-07-28 10:30:00,1753724100.0,30.166666666666668,30.83333333333333,34.461333333333336,1.0,1.0,35.61327933333333,-119.68960316666666,,1,31,32.410572537229385
2025-07-28 11:30:00,1753727700.0,32.333333333333336,26.5,38.40383333333333,1.0,1.0,35.61322833333333,-119.68959316666668,,1,31,35.937738414518364
2025-07-28 12:30:00,1753731300.0,33.5,24.666666666666668,40.17,0.8333333333333334,0.8333333333333334,35.613271833333336,-119.68959166666666,,1,31,37.660439269310956
2025-07-28 13:30:00,1753734900.0,35.0,22.166666666666668,41.99316666666667,1.0,1.0,35.613303,-119.68960066666666,,1,31,39.53569038120834
2025-07-28 14:30:00,1753738500.0,36.5,20.666666666666668,43.3385,1.0,1.0,35.613287,-119.689584,,1,31,41.29839158253965
2025-07-28 15:30:00,1753742100.0,36.833333333333336,19.83333333333333,45.62199999999999,1.0,1.0,35.61323933333333,-119.68957016666668,,1,31,43.21645954334774
2025-07-28 16:30:00,1753745700.0,37.0,20.33333333333333,47.8895,1.3333333333333333,1.6666666666666667,35.6132945,-119.68957783333332,,1,31,45.55155019828146
2025-07-28 17:30:00,1753749300.0,36.66666666666666,21.0,49.209,2.0,2.333333333333333,35.61325566666667,-119.68957883333331,,1,31,46.81053183710854
2025-07-28 18:30:00,1753752900.0,35.5,22.83333333333333,49.429833333333335,2.6666666666666665,2.6666666666666665,35.613271166666664,-119.6895765,,1,31,46.87248652063515
2025-07-28 19:30:00,1753756500.0,33.5,26.666666666666668,44.68966666666666,3.0,3.1666666666666665,35.61321833333333,-119.6895765,,1,31,42.714938861091056
2025-07-28 20:30:00,1753760100.0,31.0,29.5,37.6825,3.333333333333333,3.5,35.61326533333333,-119.68958666666668,,1,31,35.900920736398504
2025-07-28 21:30:00,1753763700.0,29.0,31.83333333333333,34.083666666666666,3.5,3.5,35.613254,-119.68959283333334,,1,31,32.1463789375328
2025-07-28 22:30:00,1753767300.0,27.5,32.166666666666664,32.19266666666667,3.0,3.0,35.6132555,-119.689575,,1,31,29.4090958926664
2025-07-28 23:30:00,1753770900.0,26.666666666666668,33.5,31.402500000000003,2.833333333333333,3.0,35.61322166666667,-119.68955233333334,,1,31,28.53599356586645
2025-07-29 00:30:00,1753774500.0,25.5,37.0,28.811666666666667,3.0,3.0,35.613254000000005,-119.68959533333332,,1,31,26.652570964811616
2025-07-29 01:30:00,1753778100.0,24.166666666666668,38.833333333333336,25.841,3.0,3.1666666666666665,35.613239166666666,-119.68957766666666,,1,31,23.753126026555314
2025-07-29 02:30:00,1753781700.0,23.166666666666668,40.0,25.3605,3.0,3.0,35.61323216666667,-119.68960033333332,,1,31,22.974379582187552
2025-07-29 03:30:00,1753785300.0,22.33333333333333,42.333333333333336,22.727,2.833333333333333,2.833333333333333,35.613279,-119.68954083333334,,1,31,20.848022553981508
2025-07-29 04:30:00,1753788900.0,21.33333333333333,44.5,18.279666666666667,3.1666666666666665,3.1666666666666665,35.61323433333333,-119.689565,,1,31,17.112160144516807
2025-07-29 05:30:00,1753792500.0,19.83333333333333,49.333333333333336,13.788166666666667,4.166666666666667,4.833333333333333,35.613247333333334,-119.68956883333334,,1,31,14.07589326732947
2025-07-29 06:30:00,1753796100.0,19.5,53.5,11.138666666666666,7.0,7.5,35.6132095,-119.68956383333334,,1,31,13.617208767305364
2025-07-29 07:30:00,1753799700.0,24.5,42.5,19.534,5.833333333333333,6.5,35.61326666666667,-119.6895765,,1,31,20.560904109144666
2025-07-29 08:30:00,1753803300.0,28.166666666666668,32.5,30.693,4.166666666666667,4.333333333333333,35.613255333333335,-119.68954966666666,,1,31,29.02800906549089
2025-07-29 09:30:00,1753806900.0,30.166666666666668,29.0,34.939,4.0,4.166666666666667,35.613213333333334,-119.6895765,,1,31,32.929606401276004
2025-07-29 10:30:00,1753810500.0,32.333333333333336,26.33333333333333,37.65633333333333,4.333333333333333,4.666666666666667,35.613271833333336,-119.68958516666667,,1,31,36.062694504260165
2025-07-29 11:30:00,1753814100.0,33.666666666666664,25.0,39.68533333333333,3.8333333333333335,4.0,35.61326833333333,-119.689598,,1,31,38.207452528860145
2025-07-29 12:30:00,1753817700.0,35.666666666666664,22.666666666666668,41.91816666666667,4.166666666666667,4.166666666666667,35.613251166666664,-119.68955866666666,,1,31,40.88501083230818
2025-07-29 13:30:00,1753821300.0,36.833333333333336,20.666666666666668,43.89866666666666,4.0,4.0,35.6132755,-119.68958016666666,,1,31,42.7348494613845
2025-07-29 14:30:00,1753824900.0,37.66666666666666,18.33333333333333,47.24916666666667,2.6666666666666665,2.6666666666666665,35.61325716666666,-119.68959666666666,,1,31,45.11801075786022
2025-07-29 15:30:00,1753828500.0,38.0,19.0,47.41016666666667,3.1666666666666665,3.333333333333333,35.6132495,-119.6895615,,1,31,45.859837991044856
2025-07-29 16:30:00,1753832100.0,38.16666666666666,17.5,49.0545,3.1666666666666665,3.1666666666666665,35.613255833333334,-119.68958,,1,31,46.87042513066706
2025-07-29 17:30:00,1753835700.0,38.0,16.5,51.441,2.833333333333333,3.0,35.613256,-119.6895905,,1,31,48.38426629313727
2025-07-29 18:30:00,1753839300.0,37.0,19.666666666666668,48.60483333333334,4.333333333333333,4.333333333333333,35.613304166666666,-119.68958933333332,,1,31,46.61962151908472
2025-07-29 19:30:00,1753842900.0,35.0,22.83333333333333,44.387166666666666,4.833333333333333,5.0,35.61321066666667,-119.68959816666668,,1,31,42.72431754531961
2025-07-29 20:30:00,1753846500.0,32.166666666666664,26.666666666666668,37.226333333333336,5.0,5.166666666666667,35.6132565,-119.68956366666669,,1,31,35.826279324882506
2025-07-29 21:30:00,1753850100.0,30.33333333333333,27.0,35.157666666666664,4.166666666666667,4.333333333333333,35.61320633333333,-119.68960683333334,,1,31,32.610316841193
2025-07-29 22:30:00,1753853700.0,29.166666666666668,27.0,35.9315,3.1666666666666665,3.333333333333333,35.61324966666667,-119.68955733333333,,1,31,32.16553755198839
2025-07-29 23:30:00,1753857300.0,27.83333333333333,28.666666666666668,32.732166666666664,3.333333333333333,3.5,35.613276166666665,-119.6895585,,1,31,29.039839050388494
2025-07-30 00:30:00,1753860900.0,26.5,30.83333333333333,29.486500000000003,3.0,3.333333333333333,35.61326966666667,-119.68958933333332,,1,31,25.938349926268046
2025-07-30 01:30:00,1753864500.0,24.666666666666668,33.0,28.5295,2.833333333333333,2.833333333333333,35.613261333333334,-119.689607,,1,31,24.41309242466656
2025-07-30 02:30:00,1753868100.0,23.666666666666668,33.666666666666664,27.939833333333336,2.0,2.1666666666666665,35.61327333333333,-119.6895675,,1,31,23.206063649844893
2025-07-30 03:30:00,1753871700.0,22.83333333333333,36.16666666666666,26.465166666666665,2.5,2.6666666666666665,35.6132115,-119.68957016666668,,1,31,22.28233946408846
2025-07-30 04:30:00,1753875300.0,20.83333333333333,40.16666666666666,16.061333333333334,3.0,3.0,35.613263,-119.68959183333334,,1,31,13.356807478833673
2025-07-30 05:30:00,1753878900.0,19.33333333333333,46.16666666666666,14.299666666666669,4.0,4.5,35.61326916666667,-119.68959183333334,,1,31,13.026070247643204
2025-07-30 06:30:00,1753882500.0,18.83333333333333,50.333333333333336,11.953333333333331,5.666666666666667,6.0,35.613259,-119.68958666666668,,1,31,12.425851630385942
2025-07-30 07:30:00,1753886100.0,22.0,40.833333333333336,16.858833333333333,3.6666666666666665,3.8333333333333335,35.613244333333334,-119.689593,,1,31,15.301648557930328
2025-07-30 08:30:00,1753889700.0,26.166666666666668,31.83333333333333,28.147,3.0,3.0,35.61325,-119.68959416666668,,1,31,24.852194290232
2025-07-30 09:30:00,1753893300.0,28.5,26.666666666666668,36.0295,2.1666666666666665,2.6666666666666665,35.613268833333336,-119.689599,,1,31,31.434126523059646
2025-07-30 10:30:00,1753896900.0,32.0,23.33333333333333,40.00866666666666,2.6666666666666665,2.6666666666666665,35.61330916666667,-119.68959783333332,,1,31,36.39390251077276
2025-07-30 11:30:00,1753900500.0,33.5,21.166666666666668,43.43066666666667,2.0,2.0,35.61322883333333,-119.68958783333332,,1,31,39.54796969652075
2025-07-30 12:30:00,1753904100.0,36.16666666666666,18.666666666666668,47.268166666666666,2.1666666666666665,2.1666666666666665,35.613218333333336,-119.68956883333334,,1,31,44.010829280079264
2025-07-30 13:30:00,1753907401.0,38.0,16.8,47.5028,2.8,3.0,35.6132858,-119.6895736,,1,31,45.11866211367557
2025-07-30 14:30:00,1753910701.0,38.0,16.166666666666668,49.66783333333333,2.333333333333333,2.5,35.61328133333333,-119.68955333333334,,1,31,46.64099863531932
2025-07-30 15:30:00,1753914301.0,39.0,14.166666666666666,47.683166666666665,1.8333333333333333,1.8333333333333333,35.613231000000006,-119.68957266666666,,1,31,44.88898975794724
2025-07-30 16:30:00,1753917901.0,39.16666666666666,12.0,48.13583333333333,0.3333333333333333,0.3333333333333333,35.613238833333334,-119.68958433333334,,1,31,44.31904048903699
2025-07-30 17:30:00,1753921501.0,38.66666666666666,11.666666666666666,47.96266666666667,0.0,0.0,35.6132745,-119.689589,,1,31,43.608562739855
2025-07-30 18:30:00,1753925101.0,37.833333333333336,12.333333333333334,46.3915,0.0,0.0,35.61325716666666,-119.68959166666666,,1,31,41.870455387297596
2025-07-30 19:30:00,1753928701.0,35.5,15.5,40.828833333333336,0.6666666666666666,0.6666666666666666,35.613192,-119.6895765,,1,31,36.60381020232819
2025-07-30 20:30:00,1753932301.0,32.0,21.83333333333333,33.549,1.0,1.0,35.61323616666667,-119.68958133333332,,1,31,29.984199790328603
2025-07-30 21:30:00,1753935901.0,29.5,25.0,26.276666666666667,1.0,1.0,35.613235,-119.68960816666667,,1,31,22.9765298002307
2025-07-30 22:30:00,1753939501.0,27.5,26.0,27.011,1.0,1.0,35.613248166666665,-119.6895575,,1,31,22.44917575273542
2025-07-30 23:30:00,1753943101.0,27.0,27.5,28.038,1.3333333333333333,1.5,35.613233,-119.68957016666668,,1,31,23.549239073444163
2025-07-31 00:30:00,1753946701.0,25.83333333333333,31.33333333333333,28.351333333333333,2.0,2.1666666666666665,35.613239166666666,-119.689551,,1,31,24.38911162691528
2025-07-31 01:30:00,1753950301.0,24.0,35.0,24.52433333333333,2.0,2.0,35.61321516666667,-119.689578,,1,31,20.970738375294886
2025-07-31 02:30:00,1753953901.0,21.666666666666668,39.833333333333336,16.092499999999998,2.1666666666666665,2.5,35.6132455,-119.68957383333333,,1,31,13.724410568692363
2025-07-31 04:30:00,1753961101.0,21.5,46.333333333333336,18.9045,3.6666666666666665,3.6666666666666665,35.61323166666667,-119.6895625,,1,31,18.50151887001971
2025-07-31 05:30:00,1753964701.0,20.666666666666668,49.0,16.497833333333332,4.166666666666667,4.166666666666667,35.61322283333333,-119.6895865,,1,31,16.838159759205595
2025-07-31 06:30:00,1753968301.0,19.0,47.66666666666666,13.305833333333332,5.0,5.5,35.613194,-119.68956516666668,,1,31,12.668571178532304
2025-07-31 07:30:00,1753971901.0,21.83333333333333,42.16666666666666,12.708833333333333,3.6666666666666665,4.0,35.61326533333334,-119.689541,,1,31,12.096798008051316
2025-07-31 08:30:00,1753975501.0,25.166666666666668,38.66666666666666,24.061333333333334,4.5,4.666666666666667,35.613232333333336,-119.68952583333332,,1,31,23.27799263932065
2025-07-31 09:30:00,1753979101.0,27.666666666666668,35.0,30.000333333333334,4.0,4.0,35.613285,-119.68959683333333,,1,31,28.8472187443341
2025-07-31 10:30:00,1753982701.0,30.33333333333333,32.0,36.05733333333333,4.666666666666667,4.666666666666667,35.6132615,-119.68954466666666,,1,31,35.15534017303618
2025-07-31 11:30:00,1753986301.0,32.5,28.666666666666668,39.556,4.833333333333333,5.166666666666667,35.613266,-119.68955883333336,,1,31,38.70742688182048
2025-07-31 12:30:00,1753989901.0,35.0,25.5,44.127,3.5,3.8333333333333335,35.6132435,-119.68959783333332,,1,31,43.0939611727548
2025-07-31 13:30:00,1753993501.0,37.0,21.666666666666668,46.14533333333333,3.0,3.0,35.61324316666667,-119.68959416666668,,1,31,44.87431636421502
2025-07-31 14:30:00,1753997101.0,38.16666666666666,19.0,49.72516666666667,3.0,3.1666666666666665,35.613216333333334,-119.68959683333333,,1,31,47.920197291895036
2025-07-31 15:30:00,1754000701.0,39.0,15.333333333333334,47.57233333333334,1.8333333333333333,1.8333333333333333,35.61328583333333,-119.689579,,1,31,45.18490289160802
2025-07-31 16:30:00,1754004301.0,39.0,15.666666666666666,49.870666666666665,1.5,1.5,35.61329466666667,-119.68959416666668,,1,31,47.17908629700031
2025-07-31 17:30:00,1754007901.0,38.833333333333336,15.166666666666666,49.584,1.0,1.1666666666666667,35.6132605,-119.68955366666668,,1,31,46.53939735626997
2025-07-31 18:30:00,1754011501.0,38.16666666666666,15.0,48.46416666666667,1.6666666666666667,1.6666666666666667,35.61327033333333,-119.68957266666666,,1,31,45.174682058454465
2025-07-31 19:30:00,1754015101.0,35.666666666666664,21.5,46.214666666666666,2.833333333333333,3.0,35.61323983333333,-119.6895445,,1,31,43.86048406171217
2025-07-31 20:30:00,1754018701.0,31.83333333333333,30.166666666666668,37.613,4.333333333333333,4.333333333333333,35.613248166666665,-119.689594,,1,31,36.90706253539952
2025-07-31 21:30:00,1754022301.0,29.666666666666668,29.33333333333333,31.0445,3.1666666666666665,3.333333333333333,35.613261666666666,-119.6895855,,1,31,29.147904023440276
2025-07-31 22:30:00,1754025901.0,28.83333333333333,25.0,34.32383333333333,1.6666666666666667,1.6666666666666667,35.613233666666666,-119.6896055,,1,31,29.50600333250648
2025-07-31 23:30:00,1754029501.0,27.83333333333333,28.666666666666668,32.911,2.0,2.0,35.61326533333334,-119.68961716666666,,1,31,28.862031388115938
2025-08-01 00:30:00,1754033101.0,27.0,30.5,31.258666666666667,2.0,2.333333333333333,35.613283,-119.68961833333331,,1,31,27.474693175764315
2025-08-01 01:30:00,1754036701.0,26.166666666666668,32.833333333333336,28.6225,2.1666666666666665,2.333333333333333,35.613217666666664,-119.68960416666664,,1,31,25.410208287625267
2025-08-01 02:30:00,1754040301.0,24.666666666666668,36.5,25.9735,2.6666666666666665,3.0,35.61328183333333,-119.68956266666667,,1,31,23.393250292964815
2025-08-01 03:30:00,1754043901.0,23.166666666666668,41.5,23.74416666666667,3.0,3.1666666666666665,35.613245666666664,-119.68958299999998,,1,31,22.1117553569051
2025-08-01 04:30:00,1754047501.0,22.33333333333333,43.16666666666666,21.543666666666667,2.833333333333333,3.0,35.613273166666666,-119.6895945,,1,31,20.131799461627992
2025-08-01 05:30:00,1754051101.0,20.5,48.16666666666666,13.6395,3.8333333333333335,4.166666666666667,35.613273666666664,-119.68955866666666,,1,31,13.946319541693356
2025-08-01 06:30:00,1754054701.0,20.5,50.16666666666666,13.904833333333334,4.833333333333333,5.5,35.6132495,-119.68958916666666,,1,31,15.108492386322702
2025-08-01 07:30:00,1754058361.0,22.8,44.6,16.3056,4.4,4.6,35.613221,-119.6895876,,1,31,16.862347156629212
2025-08-01 08:30:00,1754061901.0,27.666666666666668,34.666666666666664,25.52916666666667,3.8333333333333335,4.0,35.61324116666667,-119.68959033333331,,1,31,24.89501076699846
2025-08-01 09:30:00,1754065501.0,30.5,30.83333333333333,36.25716666666667,5.5,5.666666666666667,35.61329666666666,-119.68957133333332,,1,31,35.27151025234252
2025-08-01 10:30:00,1754069101.0,32.833333333333336,28.0,40.66716666666667,4.5,4.666666666666667,35.61326783333333,-119.6896185,,1,31,39.58706108981846
2025-08-01 11:30:00,1754072701.0,34.666666666666664,25.33333333333333,46.848000000000006,4.0,4.0,35.613248,-119.68960583333336,,1,31,45.20113501031811
2025-08-01 12:30:00,1754076301.0,36.66666666666666,22.83333333333333,50.83833333333333,4.0,4.0,35.61320766666667,-119.68960083333332,,1,31,49.25870840562426
2025-08-01 13:30:00,1754079901.0,38.333333333333336,20.83333333333333,50.65916666666666,3.5,3.8333333333333335,35.61322966666667,-119.68957633333332,,1,31,49.58818466355636
2025-08-01 14:30:00,1754083501.0,39.16666666666666,20.0,51.367333333333335,3.8333333333333335,4.0,35.61328566666666,-119.68957783333332,,1,31,50.59812087421956
2025-08-01 15:30:00,1754087101.0,39.0,18.166666666666668,52.469,3.1666666666666665,3.333333333333333,35.6132705,-119.689546,,1,31,50.64279626907454
2025-08-01 16:30:00,1754090701.0,40.0,17.0,51.35033333333333,2.6666666666666665,2.6666666666666665,35.61326916666667,-119.6895815,,1,31,49.90881237882975
2025-08-01 17:30:00,1754094301.0,39.0,17.0,53.16733333333334,2.0,2.0,35.613278,-119.68956133333334,,1,31,50.5573128341037
2025-08-01 18:30:00,1754097901.0,38.333333333333336,17.833333333333332,49.6105,2.333333333333333,2.5,35.6132405,-119.6895815,,1,31,47.398063046388685
2025-08-01 19:30:00,1754101501.0,35.833333333333336,16.5,44.01016666666666,1.5,1.6666666666666667,35.613218333333336,-119.68955233333334,,1,31,40.113849152001194
2025-08-01 20:30:00,1754105101.0,32.5,19.5,39.634,1.5,1.5,35.613280833333334,-119.68959283333334,,1,31,34.88704544950495
2025-08-01 21:30:00,1754108701.0,30.5,25.666666666666668,35.329,3.1666666666666665,3.5,35.61323933333333,-119.68955233333332,,1,31,32.212336715834724
2025-08-01 22:30:00,1754112301.0,29.0,30.166666666666668,31.44533333333333,3.0,3.0,35.613231166666665,-119.68954716666669,,1,31,29.21843841666206
2025-08-01 23:30:00,1754115901.0,27.5,32.166666666666664,28.58933333333333,3.0,3.0,35.6132515,-119.68959933333332,,1,31,26.333808294028785
2025-08-02 00:30:00,1754119501.0,26.83333333333333,33.333333333333336,28.19066666666667,3.0,3.0,35.613203166666665,-119.689569,,1,31,25.887803701109334
2025-08-02 01:30:00,1754123101.0,26.0,35.0,28.0785,3.0,3.0,35.613245,-119.68958916666666,,1,31,25.72960729533635
2025-08-02 02:30:00,1754126701.0,25.83333333333333,35.0,28.186,3.5,3.8333333333333335,35.6132845,-119.68956883333334,,1,31,25.8451991517222
2025-08-02 03:30:00,1754130301.0,24.0,37.333333333333336,25.3875,3.1666666666666665,3.1666666666666665,35.6132165,-119.68960933333334,,1,31,22.76462999157944
2025-08-02 04:30:00,1754133901.0,21.5,46.0,19.262166666666666,4.0,4.0,35.613247,-119.68964383333334,,1,31,18.77411544482578
2025-08-02 05:30:00,1754137681.0,20.0,49.8,13.3878,4.2,4.4,35.613260000000004,-119.689583,,1,31,13.9810058795889
2025-08-02 07:30:00,1754144701.0,21.33333333333333,48.333333333333336,14.268,6.0,6.0,35.61325883333333,-119.68960816666667,,1,31,15.642253846622566
2025-08-02 08:30:00,1754148301.0,25.83333333333333,39.833333333333336,23.5165,4.833333333333333,5.0,35.613256666666665,-119.68960166666666,,1,31,23.778686705602325
2025-08-02 09:30:00,1754151901.0,28.0,36.5,29.58,5.0,5.0,35.613243833333335,-119.68957266666666,,1,31,29.475441423268038
2025-08-02 10:30:00,1754155501.0,30.666666666666668,31.166666666666668,33.581,5.0,5.0,35.613256,-119.68959033333331,,1,31,33.09001472842375
2025-08-02 11:30:00,1754159101.0,33.0,27.83333333333333,36.938833333333335,5.666666666666667,5.833333333333333,35.61322783333333,-119.68958916666666,,1,31,36.74957871253562
2025-08-02 12:30:00,1754163000.5714283,34.714285714285715,25.0,40.28714285714285,4.0,4.0,35.613252,-119.68954785714286,,1,31,39.525604772753965
2025-08-02 13:30:00,1754166900.0,36.66666666666666,21.666666666666668,43.72966666666667,3.333333333333333,3.333333333333333,35.6132335,-119.68957633333332,,1,31,42.64343453566448
2025-08-02 14:30:00,1754170500.0,38.0,19.33333333333333,16.994,66.66666666666667,67.5,35.61326316666666,-119.689574,,1,31,35.10519364146393
2025-08-02 15:30:00,1754174100.0,38.16666666666666,17.833333333333332,33.2775,24.33333333333333,24.83333333333333,35.613283333333335,-119.68955983333336,,1,31,38.572515709199706
2025-08-02 16:30:00,1754177700.0,39.0,16.833333333333332,46.33166666666667,20.5,20.83333333333333,35.61327433333333,-119.689626,,1,31,49.076981946740844
2025-08-02 17:30:00,1754181300.0,38.66666666666666,17.833333333333332,39.9825,53.833333333333336,55.16666666666666,35.61325466666667,-119.6895865,,1,31,51.72508433410401
2025-08-02 18:30:00,1754184900.0,37.5,19.33333333333333,40.860166666666665,39.333333333333336,41.16666666666666,35.61325266666667,-119.68957633333332,,1,31,48.71918952684875
2025-08-02 19:30:00,1754188500.0,34.833333333333336,22.0,45.40883333333333,6.333333333333333,6.5,35.61324666666666,-119.68956866666667,,1,31,43.5483913750315
2025-08-02 20:30:00,1754192100.0,32.0,26.666666666666668,37.867333333333335,8.166666666666666,8.166666666666666,35.613256166666666,-119.68957266666666,,1,31,36.98421632161144
2025-08-02 21:30:00,1754195700.0,30.0,29.0,31.674333333333333,5.666666666666667,5.666666666666667,35.613255833333334,-119.6895715,,1,31,30.399103594312862
2025-08-02 22:30:00,1754199300.0,28.5,32.666666666666664,29.191166666666664,4.833333333333333,5.0,35.6132445,-119.68957016666668,,1,31,28.208011406472316
2025-08-02 23:30:00,1754202900.0,27.33333333333333,33.666666666666664,28.7405,4.333333333333333,4.5,35.613235499999995,-119.68956116666668,,1,31,27.17126767232154
2025-08-03 00:30:00,1754206500.0,24.5,36.333333333333336,20.697166666666668,3.5,3.8333333333333335,35.61325016666667,-119.68955866666666,,1,31,18.90756883597087
2025-08-03 01:30:00,1754210100.0,23.33333333333333,40.833333333333336,21.7065,3.8333333333333335,3.8333333333333335,35.61324166666667,-119.68962233333332,,1,31,20.456139212106287
2025-08-03 02:30:00,1754213700.0,21.666666666666668,40.16666666666666,17.666999999999998,3.0,3.0,35.61325233333333,-119.6895815,,1,31,15.347504527055044
2025-08-03 03:30:00,1754217300.0,20.83333333333333,49.0,14.520333333333332,3.8333333333333335,4.0,35.613275333333334,-119.68954333333332,,1,31,15.21036800452437
2025-08-03 04:30:00,1754220900.0,20.33333333333333,47.16666666666666,15.131833333333333,3.5,3.5,35.61322216666667,-119.68962849999998,,1,31,14.652723309616398
2025-08-03 05:30:00,1754224500.0,20.166666666666668,49.5,14.223,5.5,5.666666666666667,35.613234166666665,-119.68957016666668,,1,31,15.02228365647693
2025-08-03 06:30:00,1754228100.0,20.166666666666668,51.0,13.7735,5.666666666666667,5.833333333333333,35.613233,-119.68956366666669,,1,31,15.180190522579252
2025-08-03 07:30:00,1754231700.0,23.5,45.16666666666666,18.087666666666667,15.0,15.5,35.61326283333333,-119.68961083333332,,1,31,21.63014005518587
2025-08-03 08:30:00,1754235300.0,27.166666666666668,38.333333333333336,27.764666666666667,6.5,6.666666666666667,35.613232333333336,-119.6896235,,1,31,28.289345341508806
2025-08-03 09:30:00,1754238900.0,30.5,33.166666666666664,34.00366666666667,5.166666666666667,5.166666666666667,35.613252,-119.689579,,1,31,34.035570698490886
2025-08-03 10:30:00,1754242500.0,32.5,29.0,38.20433333333333,4.166666666666667,4.166666666666667,35.613256666666665,-119.689542,,1,31,37.478041499821074
2025-08-03 11:30:00,1754246100.0,34.833333333333336,25.0,41.927166666666665,4.166666666666667,4.333333333333333,35.613259,-119.68957383333333,,1,31,41.068138737636914
2025-08-03 12:30:00,1754249700.0,36.0,23.666666666666668,44.13183333333333,4.666666666666667,4.666666666666667,35.6132565,-119.68957383333333,,1,31,43.47550372571558
2025-08-03 13:30:00,1754253300.0,37.833333333333336,21.166666666666668,45.816833333333335,3.5,3.6666666666666665,35.613268,-119.6895765,,1,31,45.18007059991233
2025-08-03 14:30:00,1754256900.0,39.0,16.5,45.85216666666667,2.1666666666666665,2.333333333333333,35.61326716666667,-119.68957533333332,,1,31,44.20100515044582
2025-08-03 15:30:00,1754260500.0,39.0,16.833333333333332,46.68783333333334,2.833333333333333,2.833333333333333,35.613252,-119.68957516666669,,1,31,45.168847321461726
2025-08-03 16:30:00,1754264100.0,39.0,14.0,48.46016666666667,1.1666666666666667,1.1666666666666667,35.613290666666664,-119.689593,,1,31,45.338506104127404
2025-08-03 17:30:00,1754267700.0,38.66666666666666,15.833333333333334,47.023,1.3333333333333333,1.3333333333333333,35.6132645,-119.68957383333334,,1,31,44.51692306510641
2025-08-03 18:30:00,1754271300.0,37.333333333333336,18.166666666666668,48.85416666666666,2.1666666666666665,2.333333333333333,35.613293166666665,-119.68959416666668,,1,31,46.080283273963886
2025-08-03 19:30:00,1754274900.0,34.833333333333336,20.83333333333333,46.070166666666665,2.1666666666666665,2.1666666666666665,35.613233,-119.68953466666666,,1,31,42.721082233048946
2025-08-03 20:30:00,1754278500.0,32.0,24.83333333333333,34.568666666666665,2.0,2.0,35.613229,-119.68954333333332,,1,31,32.09534456065147
2025-08-03 21:30:00,1754282100.0,29.83333333333333,28.166666666666668,28.522,2.0,2.0,35.613248500000005,-119.68955133333333,,1,31,26.43764616884789
2025-08-03 22:30:00,1754285700.0,28.5,30.5,28.248833333333334,1.6666666666666667,1.8333333333333333,35.613255833333334,-119.68960183333331,,1,31,25.928842312698585
2025-08-03 23:30:00,1754289300.0,27.33333333333333,28.83333333333333,28.95566666666667,1.3333333333333333,1.3333333333333333,35.61325516666667,-119.68962733333332,,1,31,25.012082266839542
2025-08-04 00:30:00,1754292900.0,25.83333333333333,27.33333333333333,27.52133333333333,1.0,1.0,35.613239166666666,-119.68957,,1,32,22.23797048242011
2025-08-04 01:30:00,1754296500.0,25.33333333333333,29.83333333333333,27.435166666666664,1.5,1.5,35.613228166666666,-119.68961083333332,,1,32,22.747402668872695
2025-08-04 02:30:00,1754300100.0,23.5,33.833333333333336,25.16783333333333,1.6666666666666667,2.0,35.613232833333335,-119.6895815,,1,32,20.855472930077816
2025-08-04 03:30:00,1754303700.0,21.33333333333333,38.16666666666666,19.592,2.0,2.0,35.61322166666667,-119.68961833333331,,1,32,15.983708022664196
2025-08-04 04:30:00,1754307300.0,19.0,45.833333333333336,13.733333333333334,2.1666666666666665,2.333333333333333,35.613262166666665,-119.68955616666666,,1,32,11.867065337341757
2025-08-04 05:30:00,1754310900.0,18.0,52.16666666666666,11.723166666666666,3.0,3.1666666666666665,35.61325466666667,-119.68960216666666,,1,32,11.72425193375971
2025-08-04 06:30:00,1754314500.0,18.33333333333333,54.0,11.442833333333333,4.333333333333333,4.833333333333333,35.613213,-119.6895805,,1,32,12.691984450795808
2025-08-04 07:30:00,1754318100.0,21.0,44.333333333333336,14.156166666666666,3.5,3.8333333333333335,35.613221333333335,-119.68954216666668,,1,32,13.54508559822785
2025-08-04 08:30:00,1754321700.0,25.0,35.5,23.38416666666667,3.1666666666666665,3.5,35.6132345,-119.6895905,,1,32,21.362774124812255
2025-08-04 09:30:00,1754325300.0,28.0,30.666666666666668,26.516333333333336,2.5,2.833333333333333,35.613269333333335,-119.68955366666668,,1,32,24.493494647272065
2025-08-04 10:30:00,1754328900.0,30.0,24.33333333333333,31.785166666666665,1.8333333333333333,1.8333333333333333,35.613282166666664,-119.6895535,,1,32,28.17175593986854
2025-08-04 11:30:00,1754332500.0,32.0,21.0,36.263,1.0,1.0,35.61321833333333,-119.68961833333331,,1,32,32.16916641223736
2025-08-04 12:30:00,1754336100.0,33.333333333333336,19.5,37.5315,0.1666666666666666,0.1666666666666666,35.61322916666666,-119.68958166666664,,1,32,33.54493652035984
2025-08-04 13:30:00,1754339700.0,34.833333333333336,18.666666666666668,36.29733333333333,0.0,0.0,35.61323616666667,-119.68958633333334,,1,32,33.28983439010338
2025-08-04 14:30:00,1754343300.0,35.666666666666664,18.0,35.56733333333333,0.0,0.0,35.613247666666666,-119.68956866666667,,1,32,33.063996512578
2025-08-04 15:30:00,1754346900.0,35.666666666666664,18.0,34.065000000000005,0.5,0.5,35.61328566666666,-119.6895575,,1,32,31.900195274942945
2025-08-04 16:30:00,1754350500.0,35.833333333333336,18.166666666666668,37.10716666666666,0.0,0.0,35.613230333333334,-119.68956116666668,,1,32,34.55802949995548
2025-08-04 17:30:00,1754354100.0,35.333333333333336,19.166666666666668,39.57216666666667,0.1666666666666666,0.6666666666666666,35.61327166666667,-119.68956633333332,,1,32,36.7080825062488
2025-08-04 18:30:00,1754357700.0,34.666666666666664,20.33333333333333,40.568333333333335,0.3333333333333333,0.5,35.613238833333334,-119.6895485,,1,32,37.46242864395852
2025-08-04 19:30:00,1754361300.0,32.5,23.83333333333333,39.264833333333335,0.8333333333333334,1.0,35.613221333333335,-119.68956233333334,,1,32,36.02697681080025
2025-08-04 20:30:00,1754364900.0,29.83333333333333,28.83333333333333,32.30883333333333,1.6666666666666667,1.6666666666666667,35.613238,-119.689598,,1,32,29.961390020850956
2025-08-04 21:30:00,1754368500.0,28.166666666666668,32.5,25.27583333333333,1.5,2.0,35.61324616666666,-119.68958383333334,,1,32,23.95051734415204
2025-08-04 22:30:00,1754372100.0,26.166666666666668,38.66666666666666,24.454666666666668,3.1666666666666665,3.1666666666666665,35.61327883333333,-119.68960966666668,,1,32,24.175266173014563
2025-08-04 23:30:00,1754375700.0,25.0,39.5,24.054166666666664,9.833333333333334,10.0,35.61324333333334,-119.68960816666667,,1,32,24.837022668848498
2025-08-05 00:30:00,1754379300.0,23.5,40.833333333333336,20.311,2.5,2.6666666666666665,35.61325133333333,-119.6896005,,1,32,19.23592775114234
2025-08-05 01:30:00,1754382900.0,22.5,40.333333333333336,19.62216666666667,2.1666666666666665,2.5,35.61325,-119.6895825,,1,32,17.672134653120892
2025-08-05 02:30:00,1754386500.0,20.83333333333333,45.5,16.125833333333333,2.1666666666666665,2.1666666666666665,35.613222,-119.68958,,1,32,15.147345962054892
2025-08-05 03:30:00,1754390100.0,19.666666666666668,49.0,12.038833333333336,2.5,2.6666666666666665,35.61324316666667,-119.68960833333334,,1,32,12.05600548163492
2025-08-05 04:30:00,1754393700.0,19.5,49.16666666666666,12.057833333333331,2.1666666666666665,2.333333333333333,35.61326783333333,-119.6895815,,1,32,11.925024952602783
2025-08-05 07:30:00,1754404500.0,21.5,46.0,13.965166666666669,4.333333333333333,4.666666666666667,35.613262,-119.68957016666668,,1,32,14.509428547599512
2025-08-05 08:30:00,1754408100.0,24.166666666666668,37.833333333333336,18.019,2.5,2.5,35.613271000000005,-119.68956366666669,,1,32,16.75714748203334
2025-08-05 09:30:00,1754411700.0,27.166666666666668,31.666666666666668,25.697333333333333,1.3333333333333333,1.6666666666666667,35.613262666666664,-119.68960833333334,,1,32,23.232693927983462
2025-08-05 10:30:00,1754415300.0,29.33333333333333,28.0,32.05233333333333,1.1666666666666667,1.1666666666666667,35.61322416666667,-119.68953700000002,,1,32,28.972973609921873
2025-08-05 11:30:00,1754418600.2,31.2,25.0,34.7234,1.4,1.4,35.6131782,-119.6896302,,1,32,31.69324003152626
2025-08-05 12:30:00,1754421901.0,32.666666666666664,22.33333333333333,36.44733333333333,0.8333333333333334,1.0,35.61323866666667,-119.68959833333334,,1,32,33.24435250413869
2025-08-05 13:30:00,1754425501.0,34.333333333333336,20.666666666666668,37.2635,0.1666666666666666,0.1666666666666666,35.6132385,-119.68958016666666,,1,32,34.45111159403956
2025-08-05 14:30:00,1754429101.0,35.666666666666664,19.0,38.2595,0.1666666666666666,0.1666666666666666,35.613290166666665,-119.68956983333334,,1,32,35.735819554388755
2025-08-05 15:30:00,1754432701.0,36.333333333333336,17.833333333333332,38.94533333333333,0.5,0.5,35.61329466666667,-119.68954733333334,,1,32,36.5058247780553
2025-08-05 16:30:00,1754436301.0,36.66666666666666,17.833333333333332,40.681666666666665,0.1666666666666666,0.1666666666666666,35.61326283333333,-119.6895395,,1,32,38.15692528134926
2025-08-05 17:30:00,1754439901.0,36.333333333333336,18.0,41.35666666666666,0.6666666666666666,1.0,35.61330616666667,-119.68958266666668,,1,32,38.68857382384711
2025-08-05 18:30:00,1754443501.0,35.833333333333336,17.833333333333332,42.50216666666667,0.1666666666666666,0.3333333333333333,35.61323816666667,-119.689598,,1,32,39.10508022201164
2025-08-05 19:30:00,1754447101.0,34.333333333333336,18.83333333333333,38.266,0.6666666666666666,0.6666666666666666,35.61330933333333,-119.68964266666669,,1,32,34.811426194968234
2025-08-05 20:30:00,1754450701.0,31.166666666666668,21.83333333333333,28.409333333333336,1.3333333333333333,1.3333333333333333,35.6132375,-119.68959916666668,,1,32,25.203922530794145
2025-08-05 21:30:00,1754454301.0,28.0,29.666666666666668,22.98783333333333,2.0,2.0,35.613285166666664,-119.68959033333331,,1,32,20.99944441104831
2025-08-05 22:30:00,1754457901.0,26.666666666666668,33.333333333333336,19.160166666666665,1.5,1.5,35.61325433333334,-119.68956616666668,,1,32,17.84909436488543
2025-08-05 23:30:00,1754461501.0,26.0,31.5,19.365666666666662,1.0,1.0,35.61325766666666,-119.68959683333333,,1,32,16.796190456313603
2025-08-06 00:30:00,1754465101.0,26.33333333333333,31.83333333333333,27.899,0.6666666666666666,1.0,35.613243000000004,-119.6895815,,1,32,24.389343080803386
2025-08-06 01:30:00,1754468701.0,24.166666666666668,35.333333333333336,21.19,1.0,1.0,35.613237500000004,-119.68962116666668,,1,32,18.27153810667801
2025-08-06 02:30:00,1754472301.0,22.0,40.0,18.89883333333333,1.0,1.0,35.613249333333336,-119.68958016666666,,1,32,16.26528582194082
2025-08-06 03:30:00,1754475901.0,21.0,45.16666666666666,19.593166666666665,1.0,1.0,35.6132495,-119.68953066666668,,1,32,17.842849425736397
2025-08-06 04:30:00,1754479501.0,20.5,48.333333333333336,17.832166666666666,1.0,1.3333333333333333,35.613232833333335,-119.68955233333334,,1,32,17.05719214045557
2025-08-06 05:30:00,1754483101.0,20.0,51.333333333333336,11.859166666666669,3.1666666666666665,3.1666666666666665,35.6132335,-119.68954616666667,,1,32,13.07487363757307
2025-08-06 06:30:00,1754486701.0,19.5,52.66666666666666,11.652333333333331,3.1666666666666665,3.1666666666666665,35.613212000000004,-119.6895445,,1,32,12.972442915575002
2025-08-06 07:30:00,1754490301.0,20.5,50.5,12.1985,2.833333333333333,3.1666666666666665,35.61326783333333,-119.68960833333334,,1,32,13.40836678885261
2025-08-06 08:30:00,1754493901.0,25.5,38.833333333333336,20.447666666666667,3.6666666666666665,4.166666666666667,35.61321933333333,-119.68959683333333,,1,32,20.47766836170281
2025-08-06 09:30:00,1754497501.0,28.5,31.33333333333333,33.51866666666667,2.333333333333333,2.333333333333333,35.613207,-119.6896005,,1,32,30.996029120434173
2025-08-06 10:30:00,1754501101.0,30.666666666666668,28.5,37.19233333333333,2.833333333333333,2.833333333333333,35.613217166666665,-119.68959433333332,,1,32,34.914209396721986
2025-08-06 11:30:00,1754504701.0,33.166666666666664,25.666666666666668,42.35583333333333,2.0,2.1666666666666665,35.613283833333334,-119.6895775,,1,32,40.05113232076211
2025-08-06 12:30:00,1754508301.0,35.333333333333336,21.83333333333333,45.33016666666666,1.0,1.1666666666666667,35.61327166666667,-119.68960166666666,,1,32,42.682620054763305
2025-08-06 13:30:00,1754511901.0,36.833333333333336,20.666666666666668,45.65916666666666,1.0,1.3333333333333333,35.61326916666667,-119.6895815,,1,32,43.70426627929764
2025-08-06 14:30:00,1754515501.0,37.5,18.5,46.29683333333333,0.8333333333333334,0.8333333333333334,35.613247,-119.68958166666664,,1,32,43.950533738283
2025-08-06 15:30:00,1754519101.0,38.66666666666666,18.0,45.58566666666667,1.0,1.3333333333333333,35.613234,-119.6895995,,1,32,44.11368294098355
2025-08-06 16:30:00,1754522701.0,38.5,17.166666666666668,47.000166666666665,0.0,0.0,35.61317433333333,-119.68953066666666,,1,32,44.65161287239739
2025-08-06 17:30:00,1754526301.0,38.66666666666666,16.666666666666668,46.8545,0.0,0.0,35.61319916666667,-119.68965133333332,,1,32,44.48399978334754
2025-08-06 18:30:00,1754529901.0,37.833333333333336,17.166666666666668,46.07216666666667,1.6666666666666667,1.8333333333333333,35.613264666666666,-119.6896415,,1,32,43.77269138492929
2025-08-06 19:30:00,1754533501.0,35.333333333333336,24.5,43.02066666666667,1.6666666666666667,1.6666666666666667,35.61325983333333,-119.68957016666668,,1,32,41.747208947878605
2025-08-06 20:30:00,1754537101.0,31.83333333333333,32.0,32.7935,2.0,2.0,35.613235333333336,-119.68959566666666,,1,32,33.00268282397025
2025-08-06 21:30:00,1754540701.0,29.33333333333333,36.5,23.489833333333333,2.1666666666666665,2.1666666666666665,35.613238833333334,-119.68952433333334,,1,32,24.747107684687712
2025-08-06 22:30:00,1754544301.0,28.166666666666668,38.0,17.167833333333334,5.166666666666667,5.666666666666667,35.61324183333333,-119.68958033333332,,1,32,19.739724176682216
2025-08-06 23:30:00,1754547901.0,27.33333333333333,36.833333333333336,17.690166666666666,2.0,2.0,35.61327416666666,-119.68956516666668,,1,32,18.38066639128698
2025-08-07 00:30:00,1754551501.0,25.83333333333333,37.0,19.03683333333333,2.333333333333333,2.333333333333333,35.613259,-119.68954483333334,,1,32,18.548095117005644
2025-08-07 01:30:00,1754555101.0,24.83333333333333,38.333333333333336,22.125333333333334,2.0,2.0,35.613225166666666,-119.68952066666668,,1,32,20.806972610622793
2025-08-07 02:30:00,1754558701.0,24.83333333333333,38.16666666666666,23.139666666666667,2.0,2.0,35.61326583333334,-119.68956516666668,,1,32,21.61687543918312
2025-08-07 03:30:00,1754562301.0,23.166666666666668,43.5,19.111666666666668,3.0,3.333333333333333,35.6132195,-119.6895575,,1,32,18.98994171495203
2025-08-07 04:30:00,1754565901.0,23.0,44.833333333333336,15.673333333333332,2.6666666666666665,2.6666666666666665,35.613226,-119.6895815,,1,32,16.269245949460824
2025-08-07 05:30:00,1754569501.0,22.33333333333333,46.5,11.909,3.1666666666666665,3.8333333333333335,35.613276166666665,-119.68958416666668,,1,32,13.295599207741908
2025-08-07 06:30:00,1754573101.0,22.33333333333333,48.16666666666666,10.1695,5.166666666666667,5.833333333333333,35.613260333333336,-119.68958283333336,,1,32,12.842374123429195
2025-08-07 07:30:00,1754576701.0,25.666666666666668,40.833333333333336,16.13,5.833333333333333,6.833333333333333,35.613273,-119.68958783333332,,1,32,18.14349292712948
2025-08-07 08:30:00,1754580301.0,29.5,33.833333333333336,27.7805,4.833333333333333,4.833333333333333,35.61326283333333,-119.68958133333332,,1,32,28.27181998421731
2025-08-07 09:30:00,1754583901.0,30.666666666666668,31.666666666666668,33.41916666666667,4.166666666666667,4.5,35.613189,-119.689621,,1,32,33.09911986875889
2025-08-07 10:30:00,1754587501.0,33.0,27.666666666666668,39.0115,3.6666666666666665,4.0,35.61326233333333,-119.68956366666669,,1,32,38.1516106543544
2025-08-07 11:30:00,1754591101.0,35.666666666666664,25.0,43.469166666666666,3.0,3.333333333333333,35.613273166666666,-119.68956,,1,32,42.89067797250806
2025-08-07 12:30:00,1754594701.0,37.5,21.83333333333333,46.828,3.5,3.5,35.613257,-119.68957283333332,,1,32,46.150919947715906
2025-08-07 13:30:00,1754598301.0,38.5,21.33333333333333,49.53533333333333,3.333333333333333,3.5,35.613236666666666,-119.6895575,,1,32,49.01385860950198
2025-08-07 14:30:00,1754601901.0,40.16666666666666,18.5,51.25299999999999,2.833333333333333,3.333333333333333,35.61326866666667,-119.68956,,1,32,50.68326744379506
2025-08-07 15:30:00,1754605501.0,40.5,18.33333333333333,51.28933333333333,4.0,4.5,35.61316366666667,-119.68955216666666,,1,32,51.18282975520235
2025-08-07 16:30:00,1754609101.0,38.66666666666666,21.5,47.658166666666666,4.5,4.5,35.61321566666667,-119.68960216666666,,1,32,47.853070444395996
2025-08-07 17:30:00,1754612701.0,38.833333333333336,21.5,47.0075,3.0,3.0,35.61326783333333,-119.68958166666664,,1,32,47.06669709273204
2025-08-07 18:30:00,1754616301.0,38.16666666666666,20.83333333333333,50.12366666666667,2.1666666666666665,2.5,35.61323983333333,-119.68952183333332,,1,32,48.839044959835206
2025-08-07 19:30:00,1754619901.0,35.833333333333336,26.166666666666668,40.70766666666666,3.6666666666666665,3.8333333333333335,35.613287,-119.6895295,,1,32,41.19149347882599
2025-08-07 20:30:00,1754623501.0,32.666666666666664,31.166666666666668,26.63883333333333,4.666666666666667,5.0,35.6132515,-119.68954716666669,,1,32,28.75221074529088
2025-08-07 21:30:00,1754627101.0,31.83333333333333,20.166666666666668,29.303833333333333,0.0,0.1666666666666666,35.61325266666667,-119.6895575,,1,32,25.604842827123342
2025-08-07 22:30:00,1754630701.0,30.0,25.5,28.203333333333333,0.0,0.0,35.613283833333334,-119.68955983333336,,1,32,25.07128185785517
2025-08-07 23:30:00,1754634301.0,29.0,28.166666666666668,26.978666666666665,0.0,0.1666666666666666,35.61324583333334,-119.68959933333332,,1,32,24.189035741310576
2025-08-08 00:30:00,1754637901.0,28.0,27.5,27.251500000000004,0.1666666666666666,0.1666666666666666,35.61328433333333,-119.6895805,,1,32,23.47903460720255
2025-08-08 01:30:00,1754641501.0,27.0,30.83333333333333,25.1355,0.0,0.0,35.6132615,-119.68963366666668,,1,32,22.004993265089063
2025-08-08 02:30:00,1754645101.0,24.83333333333333,33.833333333333336,19.38383333333333,3.8333333333333335,3.8333333333333335,35.6132285,-119.68956133333334,,1,32,17.395030645966585
2025-08-08 03:30:00,1754648701.0,24.0,35.666666666666664,22.142666666666667,0.1666666666666666,0.1666666666666666,35.61317716666667,-119.68960166666666,,1,32,18.874813019040538
2025-08-08 04:30:00,1754652301.0,22.83333333333333,43.333333333333336,16.4495,3.0,3.333333333333333,35.61323483333333,-119.6895765,,1,32,16.413980116072224
2025-08-08 06:30:00,1754659501.0,21.0,49.66666666666666,10.683166666666668,8.5,9.0,35.613288833333336,-119.689561,,1,32,13.564710201245951
2025-08-08 07:30:00,1754663101.0,23.83333333333333,44.5,13.558,3.0,3.6666666666666665,35.61321783333333,-119.68961083333332,,1,32,15.110649342332472
2025-08-08 08:30:00,1754666701.0,28.83333333333333,35.0,26.885166666666667,2.1666666666666665,2.333333333333333,35.61324883333334,-119.6895855,,1,32,26.78536908954652
2025-08-08 09:30:00,1754670301.0,30.666666666666668,31.83333333333333,29.924833333333336,2.333333333333333,2.6666666666666665,35.61325383333334,-119.6896235,,1,32,29.738605035509593
2025-08-08 10:30:00,1754673901.0,33.833333333333336,26.666666666666668,39.92816666666667,1.8333333333333333,2.333333333333333,35.613292666666666,-119.68954233333334,,1,32,38.80028618532562
2025-08-08 11:30:00,1754677501.0,34.5,25.33333333333333,42.65733333333333,2.0,2.0,35.613272333333335,-119.6895995,,1,32,41.174637372539536
2025-08-08 12:30:00,1754681101.0,36.0,23.666666666666668,43.73166666666666,0.8333333333333334,1.0,35.613288833333336,-119.68959016666668,,1,32,42.388826462964516
2025-08-08 13:30:00,1754684701.0,37.5,21.166666666666668,44.915666666666674,0.8333333333333334,0.8333333333333334,35.613217666666664,-119.689626,,1,32,43.664350131411496
2025-08-08 14:30:00,1754688301.0,38.5,19.83333333333333,46.39533333333333,1.8333333333333333,2.0,35.613242666666665,-119.68959033333331,,1,32,45.476804591269385
2025-08-08 15:30:00,1754691901.0,39.5,18.33333333333333,46.99583333333334,7.833333333333333,8.0,35.61329716666666,-119.68957283333332,,1,32,47.65212031270792
2025-08-08 16:30:00,1754695501.0,39.833333333333336,18.33333333333333,46.54133333333333,16.333333333333332,16.333333333333332,35.613249333333336,-119.68956633333332,,1,32,49.50995712244844
2025-08-08 17:30:00,1754699101.0,39.0,19.33333333333333,47.58116666666667,23.83333333333333,24.166666666666668,35.61322716666667,-119.68953333333332,,1,32,51.916953302713054
2025-08-08 18:30:00,1754702701.0,37.333333333333336,17.833333333333332,36.0185,71.33333333333333,72.33333333333333,35.6132215,-119.689514,,1,32,51.61064788164215
2025-08-08 19:30:00,1754706301.0,34.5,16.5,37.687666666666665,2.1666666666666665,2.333333333333333,35.61328,-119.68953066666666,,1,32,34.03079332366033
2025-08-08 20:30:00,1754709901.0,32.833333333333336,16.333333333333332,40.89066666666667,1.1666666666666667,1.1666666666666667,35.61326016666667,-119.689546,,1,32,35.21644849650352
2025-08-08 21:30:00,1754713501.0,31.33333333333333,17.166666666666668,40.06483333333333,1.6666666666666667,1.8333333333333333,35.613245666666664,-119.68957766666666,,1,32,33.80711543802785
2025-08-08 22:30:00,1754717101.0,29.83333333333333,18.0,38.03616666666667,5.833333333333333,6.0,35.61329133333333,-119.689584,,1,32,32.224528943541756
2025-08-08 23:30:00,1754720701.0,29.83333333333333,16.166666666666668,40.60966666666667,1.6666666666666667,1.6666666666666667,35.61327816666667,-119.68956883333334,,1,32,32.806025071301676
2025-08-09 00:30:00,1754724301.0,29.666666666666668,15.166666666666666,40.82566666666667,5.333333333333333,5.5,35.613254000000005,-119.689547,,1,32,33.4144363935562
2025-08-09 01:30:00,1754727901.0,28.666666666666668,16.0,37.73683333333333,12.666666666666666,12.833333333333334,35.61322583333333,-119.68955866666666,,1,32,32.048948407408446
2025-08-09 02:30:00,1754731501.0,28.5,14.5,38.31983333333333,11.166666666666666,11.166666666666666,35.61323216666667,-119.68967066666666,,1,32,31.550477721851152
2025-08-09 03:30:00,1754735101.0,25.33333333333333,21.0,25.712166666666665,71.83333333333333,73.33333333333333,35.61324233333333,-119.68962233333332,,1,32,35.10450142999834
2025-08-09 04:30:00,1754738701.0,25.166666666666668,23.166666666666668,20.553833333333333,82.33333333333333,84.16666666666667,35.6132735,-119.689593,,1,32,33.818650024768885
2025-08-09 05:30:00,1754742301.0,23.0,24.166666666666668,14.581,142.33333333333334,145.5,35.613261,-119.68958033333332,,1,32,41.76605974814683
2025-08-09 06:30:00,1754745901.0,22.5,24.5,11.381166666666669,218.66666666666663,224.3333333333333,35.61322916666666,-119.68961966666666,,1,32,57.06790338666478
2025-08-09 08:30:00,1754753101.0,27.0,22.0,16.208166666666667,177.16666666666666,181.16666666666663,35.613246833333335,-119.6895955,,1,32,53.72774839561332
2025-08-09 09:30:00,1754756701.0,32.0,17.0,32.5475,90.83333333333331,92.5,35.61325316666667,-119.68960083333332,,1,32,49.074937244476715
2025-08-09 10:30:00,1754760301.0,35.0,20.166666666666668,40.124500000000005,41.66666666666666,42.5,35.613290166666665,-119.689611,,1,32,47.120692474066814
2025-08-09 11:30:00,1754763901.0,37.333333333333336,20.0,46.35633333333334,48.333333333333336,48.66666666666666,35.61325333333333,-119.68959566666666,,1,32,55.65445285758936
2025-08-09 12:30:00,1754767501.0,39.0,19.83333333333333,51.40433333333333,45.66666666666666,46.0,35.61320033333333,-119.68960066666666,,1,32,60.516243962855185
2025-08-09 13:30:00,1754771101.0,40.333333333333336,19.0,53.083666666666666,30.666666666666668,31.0,35.613272333333335,-119.68954233333334,,1,32,59.11183977334801
2025-08-09 14:30:00,1754774701.0,41.333333333333336,17.5,55.34933333333333,35.0,35.5,35.613230333333334,-119.6895535,,1,32,62.32848878391526
2025-08-09 15:30:00,1754778301.0,41.0,17.333333333333332,57.46716666666666,56.5,57.16666666666666,35.61322666666667,-119.68959416666668,,1,32,68.9369261855314
2025-08-09 16:30:00,1754781901.0,41.16666666666666,16.0,59.15383333333333,89.5,90.5,35.6132305,-119.689561,,1,32,77.89646059855625
2025-08-09 17:30:00,1754785501.0,41.0,16.333333333333332,60.67816666666667,82.83333333333333,83.83333333333333,35.61319683333333,-119.68953966666668,,1,32,77.60659060518725
2025-08-09 18:30:00,1754789101.0,39.66666666666666,17.666666666666668,54.4575,42.16666666666666,43.0,35.61322066666667,-119.68956,,1,32,62.10871291566218
2025-08-09 19:30:00,1754792701.0,36.333333333333336,16.166666666666668,37.13666666666666,7.333333333333333,7.5,35.61323483333333,-119.6895855,,1,32,36.036898262507506
2025-08-09 20:30:00,1754796301.0,32.833333333333336,16.0,35.64216666666667,3.1666666666666665,3.1666666666666665,35.61327816666667,-119.689603,,1,32,31.09900883477512
2025-08-09 21:30:00,1754799901.0,32.0,12.333333333333334,41.19283333333333,1.8333333333333333,2.0,35.613243000000004,-119.68958133333332,,1,32,33.68773239465844
2025-08-09 22:30:00,1754803201.0,32.0,10.2,45.7186,1.0,1.0,35.6132666,-119.6895826,,1,32,36.624151637547655
2025-08-09 23:30:00,1754807101.0,31.33333333333333,8.833333333333334,48.3535,0.0,0.0,35.61325433333334,-119.68955866666666,,1,32,37.682461687230585
2025-08-10 00:30:00,1754810701.0,30.666666666666668,9.833333333333334,45.48883333333333,0.1666666666666666,0.1666666666666666,35.613201833333335,-119.68951933333334,,1,32,35.11550566373174
2025-08-10 01:30:00,1754814301.0,29.5,12.0,42.72533333333333,1.0,1.0,35.61325433333333,-119.689579,,1,32,32.8110299505682
2025-08-10 02:30:00,1754817721.0,27.8,15.4,38.0932,2.2,2.2,35.6132584,-119.6896072,,1,32,29.014372828304012
2025-08-10 03:30:00,1754821501.0,25.166666666666668,27.166666666666668,23.156666666666663,30.666666666666668,31.166666666666668,35.613257833333336,-119.68957633333332,,1,32,25.028734238909863
2025-08-10 04:30:00,1754825101.0,24.83333333333333,27.5,18.777666666666665,23.5,23.83333333333333,35.61322833333333,-119.689607,,1,32,19.443417939984847
2025-08-10 05:30:00,1754828701.0,23.83333333333333,25.0,21.5135,7.833333333333333,8.0,35.613184,-119.6896135,,1,32,16.473299543539177
2025-08-10 06:30:00,1754832301.0,23.666666666666668,24.83333333333333,26.8095,6.833333333333333,6.833333333333333,35.6132455,-119.6895855,,1,32,20.56183402659417
2025-08-10 07:30:00,1754835901.0,25.5,27.166666666666668,26.171166666666664,16.0,16.333333333333332,35.61326283333333,-119.68961966666666,,1,32,24.362519491260123
2025-08-10 08:30:00,1754839501.0,29.166666666666668,29.83333333333333,28.978166666666667,12.666666666666666,12.833333333333334,35.6132475,-119.68962466666666,,1,32,29.57627556064621
2025-08-10 09:30:00,1754843101.0,32.0,28.5,36.63733333333334,5.333333333333333,5.333333333333333,35.613193,-119.689579,,1,32,36.02494342588098
2025-08-10 10:30:00,1754846701.0,34.833333333333336,25.33333333333333,40.70016666666667,5.333333333333333,5.333333333333333,35.6132445,-119.68958533333334,,1,32,40.54157763873302
2025-08-10 11:30:00,1754850301.0,37.333333333333336,22.666666666666668,45.95316666666667,5.0,5.0,35.61322916666666,-119.68956733333331,,1,32,45.91427750237902
2025-08-10 12:30:00,1754853901.0,39.5,20.83333333333333,47.95166666666666,6.166666666666667,6.333333333333333,35.613229,-119.68954983333332,,1,32,48.910095633438814
2025-08-10 13:30:00,1754857501.0,41.0,19.166666666666668,50.98,12.166666666666666,12.333333333333334,35.61326466666667,-119.68956783333331,,1,32,53.47387310103289
2025-08-10 14:30:00,1754861101.0,42.0,17.5,55.45216666666667,18.83333333333333,18.83333333333333,35.61322216666667,-119.68956133333334,,1,32,59.040765284943404
2025-08-10 15:30:00,1754864641.0,42.8,16.8,57.1862,23.8,24.0,35.6132782,-119.6895828,,1,32,62.07547853408552
2025-08-10 16:30:00,1754868301.0,42.833333333333336,16.166666666666668,59.07933333333333,28.666666666666668,28.83333333333333,35.61323616666667,-119.68954483333331,,1,32,64.65323630728649
2025-08-10 17:30:00,1754871901.0,42.333333333333336,16.333333333333332,60.4195,31.166666666666668,31.33333333333333,35.61322283333333,-119.68959433333332,,1,32,66.07247115281673
2025-08-10 18:30:00,1754875501.0,41.333333333333336,17.5,62.70783333333333,38.333333333333336,39.0,35.61323566666667,-119.68957533333332,,1,32,69.41257974806504
2025-08-10 19:30:00,1754879101.0,38.16666666666666,15.0,54.83116666666667,61.0,62.0,35.61326783333333,-119.68960066666666,,1,32,64.8919904480909
2025-08-10 20:30:00,1754882701.0,34.666666666666664,15.5,41.60066666666666,19.83333333333333,20.33333333333333,35.61325083333333,-119.6895725,,1,32,41.37182317093536
2025-08-10 21:30:00,1754886301.0,33.166666666666664,16.166666666666668,39.95816666666666,8.166666666666666,8.166666666666666,35.613200166666665,-119.68958916666666,,1,32,36.270191312737936
2025-08-10 22:30:00,1754889901.0,32.0,18.5,39.2595,9.166666666666666,9.5,35.613259666666664,-119.68957,,1,32,35.85274203123262
2025-08-10 23:30:00,1754893501.0,31.33333333333333,20.666666666666668,36.6565,8.333333333333334,8.666666666666666,35.6132305,-119.68958033333332,,1,32,33.66286234537493
2025-08-11 00:30:00,1754897101.0,30.0,23.83333333333333,34.9425,9.5,10.0,35.6132845,-119.689607,,1,33,32.70604389657625
2025-08-11 01:30:00,1754900701.0,29.5,25.5,33.760333333333335,9.833333333333334,10.166666666666666,35.613250666666666,-119.68962483333333,,1,33,31.946929529169665
2025-08-11 02:30:00,1754904301.0,27.83333333333333,27.83333333333333,29.59433333333333,8.833333333333334,9.333333333333334,35.613268,-119.68959816666666,,1,33,27.709797345874797
2025-08-11 03:30:00,1754907901.0,26.166666666666668,29.83333333333333,26.1515,8.5,8.5,35.61323866666667,-119.68964383333334,,1,33,24.077042841466536
2025-08-11 04:30:00,1754911501.0,25.166666666666668,31.666666666666668,21.792666666666666,6.833333333333333,7.0,35.613217166666665,-119.68960333333332,,1,33,19.846408442172205
2025-08-11 05:30:00,1754915101.0,23.83333333333333,36.5,14.258,7.166666666666667,7.5,35.613269,-119.68956783333331,,1,33,14.134859831215778
2025-08-11 06:30:00,1754918701.0,24.33333333333333,35.666666666666664,14.783333333333331,8.166666666666666,8.833333333333334,35.61324,-119.68957633333332,,1,33,14.942761556837503
2025-08-11 07:30:00,1754922241.0,24.8,36.2,15.0882,8.2,8.4,35.6132872,-119.6896348,,1,33,15.695393605647645
2025-08-11 08:30:00,1754925901.0,28.666666666666668,30.166666666666668,24.57,7.333333333333333,7.833333333333333,35.61325183333333,-119.6895535,,1,33,24.467964179596947
2025-08-11 09:30:00,1754929501.0,31.83333333333333,25.666666666666668,33.091833333333334,6.333333333333333,6.333333333333333,35.613228,-119.68953700000002,,1,33,32.31094700511632
2025-08-11 10:30:00,1754933101.0,33.833333333333336,23.0,38.33283333333333,5.666666666666667,5.666666666666667,35.61328116666667,-119.6895765,,1,33,37.222290555822255
2025-08-11 11:30:00,1754936701.0,36.0,23.0,41.35516666666667,7.0,7.166666666666667,35.61326416666667,-119.68956383333334,,1,33,41.745013920959664
2025-08-11 12:30:00,1754940301.0,37.66666666666666,22.0,44.407,8.166666666666666,8.5,35.61328366666667,-119.68961566666668,,1,33,45.546539443703026
2025-08-11 13:30:00,1754943901.0,39.66666666666666,20.5,46.98366666666666,8.333333333333334,8.5,35.613272333333335,-119.68957783333332,,1,33,48.757018081240346
2025-08-11 14:30:00,1754947501.0,41.333333333333336,18.33333333333333,49.351333333333336,11.833333333333334,12.0,35.6132615,-119.68957783333332,,1,33,52.121779270051135
2025-08-11 15:30:00,1754951101.0,42.0,16.666666666666668,53.812333333333335,18.666666666666668,19.0,35.61321566666667,-119.6895725,,1,33,57.50000393171733
2025-08-11 16:30:00,1754954701.0,42.0,16.666666666666668,54.72483333333333,18.33333333333333,18.5,35.613294,-119.68959566666666,,1,33,58.18509799572142
2025-08-11 17:30:00,1754958301.0,41.5,17.5,56.04916666666667,19.5,19.83333333333333,35.6132805,-119.68957616666668,,1,33,59.513067937585646
2025-08-11 18:30:00,1754961901.0,40.333333333333336,18.166666666666668,56.8365,22.166666666666668,22.33333333333333,35.613231166666665,-119.68956116666668,,1,33,60.156268033008644
2025-08-11 19:30:00,1754965501.0,38.66666666666666,20.0,50.425,18.666666666666668,19.0,35.613263333333336,-119.68957666666668,,1,33,53.24346741242451
2025-08-11 20:30:00,1754969101.0,35.333333333333336,24.166666666666668,35.93,16.166666666666668,16.833333333333332,35.613309,-119.68956516666668,,1,33,39.223618032218994
2025-08-11 21:30:00,1754972701.0,33.0,28.33333333333333,28.230500000000003,16.833333333333332,17.5,35.61322716666667,-119.68956,,1,33,32.467997117780214
2025-08-11 22:30:00,1754976301.0,31.83333333333333,21.83333333333333,31.346666666666668,10.833333333333334,11.333333333333334,35.6132515,-119.68957666666668,,1,33,30.648114073291197
2025-08-11 23:30:00,1754979901.0,30.666666666666668,25.666666666666668,24.80933333333333,9.166666666666666,9.333333333333334,35.6133145,-119.68956766666668,,1,33,25.059290102551252
2025-08-12 00:30:00,1754983501.0,29.33333333333333,31.0,26.825333333333333,8.0,8.166666666666666,35.6132325,-119.68959683333333,,1,33,27.296285074574087
2025-08-12 01:30:00,1754987101.0,28.5,35.166666666666664,32.97566666666666,7.833333333333333,7.833333333333333,35.613231500000005,-119.6895435,,1,33,33.26542769330155
2025-08-12 02:30:00,1754990701.0,26.33333333333333,37.5,26.062833333333334,7.333333333333333,7.333333333333333,35.6132395,-119.689551,,1,33,26.415401071267887
2025-08-12 03:30:00,1754994301.0,25.166666666666668,41.833333333333336,22.1825,7.0,7.333333333333333,35.613231166666665,-119.6895585,,1,33,23.6363089306886
2025-08-12 04:30:00,1754997841.0,24.2,43.0,18.9952,8.2,8.4,35.6132672,-119.6896072,,1,33,20.859292962209373
2025-08-12 05:30:00,1755001501.0,23.666666666666668,41.333333333333336,21.03983333333333,8.0,8.333333333333334,35.61326416666667,-119.68957133333332,,1,33,21.613887792763002
2025-08-12 06:30:00,1755005281.0,22.6,46.2,17.3364,10.0,10.6,35.6132422,-119.6895814,,1,33,19.785235732583516
2025-08-12 07:30:00,1755008701.0,24.33333333333333,47.0,17.826,10.166666666666666,10.833333333333334,35.61323683333333,-119.6895395,,1,33,21.80651589130808
2025-08-12 08:30:00,1755012301.0,27.33333333333333,41.66666666666666,23.564166666666665,11.333333333333334,11.666666666666666,35.613252,-119.68955866666666,,1,33,27.398488022532774
2025-08-12 09:30:00,1755015901.0,31.0,31.5,33.704166666666666,6.666666666666667,6.833333333333333,35.613279500000004,-119.68957,,1,33,34.25942360701707
2025-08-12 10:30:00,1755019501.0,33.5,27.166666666666668,42.302166666666665,6.0,6.0,35.613245166666665,-119.68959933333332,,1,33,41.83538639608129
2025-08-12 11:30:00,1755023101.0,36.16666666666666,23.33333333333333,46.603166666666674,5.166666666666667,5.5,35.61319033333333,-119.68958783333332,,1,33,46.04031960559652
2025-08-12 12:30:00,1755026701.0,38.833333333333336,21.0,48.53133333333333,6.166666666666667,6.166666666666667,35.6132515,-119.68961466666669,,1,33,49.09718721568811
2025-08-12 13:30:00,1755030301.0,40.0,19.83333333333333,49.12733333333333,6.5,6.833333333333333,35.613224833333334,-119.68958266666664,,1,33,50.1922588282373
2025-08-12 14:30:00,1755033901.0,41.16666666666666,17.5,50.9375,6.0,6.166666666666667,35.61326416666667,-119.68959016666668,,1,33,51.69146784546122
2025-08-12 15:30:00,1755037501.0,42.5,15.166666666666666,52.2945,5.5,5.666666666666667,35.613282500000004,-119.689594,,1,33,52.94275344664591
2025-08-12 16:30:00,1755041101.0,42.333333333333336,14.833333333333334,51.916500000000006,4.5,4.833333333333333,35.61328016666666,-119.689617,,1,33,52.16252722151832
2025-08-12 17:30:00,1755044701.0,41.16666666666666,15.5,51.915,3.1666666666666665,3.1666666666666665,35.61329333333333,-119.68957133333332,,1,33,51.170727025987546
2025-08-12 18:30:00,1755048301.0,39.833333333333336,15.833333333333334,50.168,2.0,2.0,35.6132445,-119.689569,,1,33,48.52257497871959
2025-08-12 19:30:00,1755051901.0,37.5,16.833333333333332,42.46066666666667,2.5,2.6666666666666665,35.6132265,-119.68957016666668,,1,33,40.67563794496246
2025-08-12 20:30:00,1755055501.0,34.833333333333336,18.83333333333333,31.0495,2.6666666666666665,3.0,35.613243833333335,-119.689645,,1,33,29.675310431985764
2025-08-12 21:30:00,1755059101.0,32.333333333333336,23.666666666666668,25.665166666666664,2.6666666666666665,2.833333333333333,35.613245666666664,-119.689564,,1,33,24.822061200501942
2025-08-12 22:30:00,1755062701.0,31.33333333333333,28.33333333333333,28.521666666666665,4.666666666666667,4.833333333333333,35.613254000000005,-119.68959933333332,,1,33,28.551079065510294
2025-08-12 23:30:00,1755066301.0,29.83333333333333,29.33333333333333,27.71666666666667,5.666666666666667,5.833333333333333,35.61323483333334,-119.68965166666668,,1,33,27.31891894614843
2025-08-13 00:30:00,1755069901.0,29.166666666666668,26.83333333333333,29.357166666666668,3.6666666666666665,3.8333333333333335,35.613241333333335,-119.68960566666664,,1,33,26.912455489361307
2025-08-13 01:30:00,1755073501.0,27.5,29.166666666666668,26.712,3.6666666666666665,3.8333333333333335,35.613224,-119.68959916666668,,1,33,24.19526899598293
2025-08-13 02:30:00,1755077101.0,25.0,34.0,21.243,3.8333333333333335,3.8333333333333335,35.613252499999994,-119.68960816666667,,1,33,19.309218675324338
2025-08-13 03:30:00,1755080701.0,24.0,36.16666666666666,16.951,3.8333333333333335,3.8333333333333335,35.613228666666664,-119.68964,,1,33,15.627010055759293
2025-08-13 04:30:00,1755084301.0,22.83333333333333,38.16666666666666,17.719333333333335,3.5,3.6666666666666665,35.61326916666667,-119.68955233333332,,1,33,16.019574365737277
2025-08-13 05:30:00,1755087901.0,22.0,43.0,15.5255,5.5,5.833333333333333,35.61325266666667,-119.68955083333331,,1,33,15.63297424202429
2025-08-13 06:30:00,1755091501.0,21.33333333333333,41.66666666666666,11.187333333333331,5.833333333333333,6.0,35.61324483333333,-119.6895305,,1,33,11.052131060914071
2025-08-13 07:30:00,1755095101.0,23.166666666666668,37.5,16.172166666666666,5.166666666666667,5.333333333333333,35.613243000000004,-119.68959283333334,,1,33,15.118704145520653
2025-08-13 08:30:00,1755098701.0,27.5,30.5,25.98883333333333,3.5,3.5,35.613314333333335,-119.6896555,,1,33,23.970142127230027
2025-08-13 09:30:00,1755102301.0,29.666666666666668,27.166666666666668,34.163000000000004,2.0,2.1666666666666665,35.613204333333336,-119.68958916666666,,1,33,31.103213324849236
2025-08-13 10:30:00,1755105901.0,32.166666666666664,22.83333333333333,39.28966666666667,2.0,2.0,35.61325383333334,-119.68964883333332,,1,33,35.8743775988429
2025-08-13 11:30:00,1755109501.0,34.666666666666664,20.666666666666668,42.13933333333333,1.8333333333333333,1.8333333333333333,35.61321316666667,-119.68957133333332,,1,33,39.4027547471928
2025-08-13 12:30:00,1755113101.0,37.16666666666666,18.83333333333333,46.368,2.6666666666666665,2.6666666666666665,35.613263999999994,-119.68960433333332,,1,33,44.4563701586183
2025-08-13 13:30:00,1755116701.0,38.5,17.833333333333332,48.014,2.6666666666666665,2.6666666666666665,35.613260833333335,-119.68953849999998,,1,33,46.51897017826556
2025-08-13 14:30:00,1755120301.0,39.833333333333336,15.833333333333334,47.92033333333333,2.6666666666666665,3.0,35.61332216666667,-119.689551,,1,33,46.79165931370194
2025-08-13 15:30:00,1755123901.0,40.66666666666666,13.5,48.85766666666667,1.5,1.6666666666666667,35.613295,-119.6896095,,1,33,47.13997808367456
2025-08-13 16:30:00,1755127501.0,41.0,13.333333333333334,48.33233333333334,1.3333333333333333,1.3333333333333333,35.613216333333334,-119.68961716666666,,1,33,46.82974832944451
2025-08-13 17:30:00,1755131101.0,40.0,14.166666666666666,47.88633333333333,0.6666666666666666,0.6666666666666666,35.61324183333333,-119.6896005,,1,33,45.82580895330632
2025-08-13 18:30:00,1755134701.0,38.833333333333336,16.0,48.09133333333333,0.8333333333333334,1.0,35.61321266666667,-119.68964016666666,,1,33,45.80018114493183
2025-08-13 19:30:00,1755138301.0,36.5,18.166666666666668,44.60016666666667,1.1666666666666667,1.1666666666666667,35.61328066666667,-119.68957666666668,,1,33,41.873067717302334
2025-08-13 20:30:00,1755141901.0,33.666666666666664,22.5,35.85283333333333,1.3333333333333333,1.3333333333333333,35.61323816666667,-119.68958166666664,,1,33,33.78838013812663
2025-08-13 21:30:00,1755145501.0,31.0,29.0,32.3285,2.6666666666666665,2.6666666666666665,35.6132355,-119.68958666666668,,1,33,31.286791252588927
2025-08-13 22:30:00,1755149101.0,29.83333333333333,30.166666666666668,28.251500000000004,3.0,3.0,35.61325133333333,-119.68958033333332,,1,33,27.40820784967896
2025-08-13 23:30:00,1755152701.0,28.33333333333333,31.83333333333333,26.869333333333334,2.5,2.6666666666666665,35.613223500000004,-119.68956099999998,,1,33,25.566251134497442
2025-08-14 00:30:00,1755156301.0,26.666666666666668,33.0,21.625666666666664,2.0,2.0,35.613246833333335,-119.68958283333336,,1,33,20.10771081854179
2025-08-14 01:30:00,1755159901.0,25.166666666666668,36.833333333333336,20.213833333333334,1.8333333333333333,1.8333333333333333,35.613256,-119.68958266666668,,1,33,19.029805644114887
2025-08-14 02:30:00,1755163501.0,24.5,40.66666666666666,19.57733333333333,2.333333333333333,2.5,35.61324066666666,-119.68955483333332,,1,33,19.406545539493948
2025-08-14 03:30:00,1755167101.0,22.666666666666668,43.16666666666666,15.135333333333334,2.1666666666666665,2.1666666666666665,35.61323483333333,-119.68955866666666,,1,33,15.033333897773552
2025-08-14 04:30:00,1755170701.0,23.0,44.0,16.721666666666668,2.0,2.0,35.613208166666666,-119.68952933333333,,1,33,16.87480598166637
2025-08-14 05:30:00,1755174301.0,22.166666666666668,45.16666666666666,14.800333333333334,2.5,2.833333333333333,35.613219,-119.68955733333333,,1,33,15.15311720432451
2025-08-14 06:30:00,1755177901.0,20.33333333333333,50.16666666666666,13.303,2.6666666666666665,2.833333333333333,35.613269333333335,-119.68958933333332,,1,33,14.208761805644912
2025-08-14 08:30:00,1755185101.0,25.33333333333333,40.16666666666666,17.151333333333334,4.833333333333333,5.0,35.613260833333335,-119.68960566666664,,1,33,18.380905296119586
2025-08-14 09:30:00,1755188701.0,28.166666666666668,36.66666666666666,26.611500000000003,7.0,7.166666666666667,35.61320416666667,-119.689626,,1,33,27.905311776712566
2025-08-14 10:30:00,1755192600.5714283,30.857142857142858,32.714285714285715,32.70285714285714,9.857142857142858,10.142857142857142,35.61327742857143,-119.68955871428572,,1,33,34.47084254856955
2025-08-14 11:30:00,1755196500.0,33.5,29.666666666666668,35.54083333333333,8.833333333333334,8.833333333333334,35.613283833333334,-119.68956883333334,,1,33,37.57246880415387
2025-08-14 12:30:00,1755200100.0,35.166666666666664,26.666666666666668,39.093833333333336,8.0,8.0,35.61327933333333,-119.68956766666668,,1,33,40.64401487670399
2025-08-14 13:30:00,1755203700.0,37.0,23.5,39.865,8.0,8.166666666666666,35.61326333333333,-119.68957616666668,,1,33,41.621726953231075
2025-08-14 14:30:00,1755207300.0,38.333333333333336,20.166666666666668,41.952,6.166666666666667,6.166666666666667,35.6132515,-119.68959316666668,,1,33,42.830883386948415
2025-08-14 15:30:00,1755210900.0,39.16666666666666,18.83333333333333,43.183166666666665,6.666666666666667,7.166666666666667,35.613272333333335,-119.68960183333331,,1,33,44.218349979621905
2025-08-14 16:30:00,1755214500.0,39.0,17.833333333333332,40.81916666666667,10.666666666666666,11.0,35.61320216666667,-119.68953333333332,,1,33,42.67422362419113
2025-08-14 17:30:00,1755218100.0,38.16666666666666,19.0,41.821666666666665,8.5,8.833333333333334,35.61329766666667,-119.68961583333332,,1,33,42.78703067661604
2025-08-14 18:30:00,1755221700.0,36.5,21.5,44.954,8.0,8.666666666666666,35.6132705,-119.68958933333332,,1,33,44.967636588006556
2025-08-14 19:30:00,1755225300.0,34.333333333333336,24.83333333333333,42.3665,6.833333333333333,7.166666666666667,35.613192833333336,-119.68960433333332,,1,33,41.95644155308224
2025-08-14 20:30:00,1755228900.0,31.166666666666668,32.166666666666664,33.2985,7.833333333333333,7.833333333333333,35.6132355,-119.68958266666664,,1,33,34.52185550314486
2025-08-14 21:30:00,1755232500.0,30.0,32.833333333333336,25.58333333333333,5.5,5.5,35.61325083333333,-119.68958533333334,,1,33,26.73956528522286
2025-08-14 22:30:00,1755236100.0,28.5,35.666666666666664,19.929666666666662,4.5,4.666666666666667,35.613277333333336,-119.6895915,,1,33,21.524199813376548
2025-08-14 23:30:00,1755239700.0,27.33333333333333,37.833333333333336,20.485,5.0,5.0,35.61323,-119.68957383333333,,1,33,21.95851855039333
2025-08-15 00:30:00,1755243300.0,27.0,38.66666666666666,21.50883333333333,4.333333333333333,4.333333333333333,35.613246833333335,-119.68956766666668,,1,33,22.70528226852904
2025-08-15 01:30:00,1755246900.0,26.5,39.16666666666666,22.326,4.0,4.0,35.613284166666666,-119.68948866666666,,1,33,23.118942575326486
2025-08-15 02:30:00,1755250500.0,26.0,35.166666666666664,27.23583333333333,2.6666666666666665,2.6666666666666665,35.61323933333333,-119.689607,,1,33,25.28253402549683
2025-08-15 03:30:00,1755254100.0,25.666666666666668,30.5,31.772166666666667,1.3333333333333333,1.3333333333333333,35.61320666666666,-119.68961983333332,,1,33,27.028280225693564
2025-08-15 04:30:00,1755257700.0,24.5,34.0,29.387666666666664,2.0,2.0,35.61327216666667,-119.68958933333332,,1,33,25.454097149987277
2025-08-15 05:30:00,1755261300.0,23.666666666666668,36.0,27.351,2.0,2.0,35.61328183333333,-119.689575,,1,33,23.764996786869247
2025-08-15 06:30:00,1755264900.0,22.166666666666668,39.833333333333336,22.53983333333333,2.0,2.1666666666666665,35.61329783333333,-119.689603,,1,33,19.840135716272584
2025-08-15 07:30:00,1755268500.0,24.0,37.66666666666666,22.603166666666667,2.0,2.1666666666666665,35.6132265,-119.68958166666664,,1,33,20.533692740307444
2025-08-15 08:30:00,1755272100.0,26.5,37.0,27.223166666666668,4.0,4.0,35.61324066666666,-119.689611,,1,33,26.573237685267472
2025-08-15 09:30:00,1755275700.0,28.33333333333333,36.333333333333336,30.15033333333333,4.0,4.666666666666667,35.61322083333334,-119.68960166666666,,1,33,30.272102234361967
2025-08-15 10:30:00,1755279300.0,30.33333333333333,32.5,33.975,4.666666666666667,5.0,35.613262166666665,-119.68959416666668,,1,33,33.87029150811097
2025-08-15 11:30:00,1755282900.0,33.0,28.166666666666668,36.9365,4.333333333333333,4.5,35.613297833333334,-119.689565,,1,33,36.838730323883254
2025-08-15 12:30:00,1755286500.0,34.5,24.33333333333333,39.692166666666665,3.6666666666666665,3.8333333333333335,35.61329083333333,-119.68960316666666,,1,33,38.86624748476095
2025-08-15 13:30:00,1755290100.0,35.666666666666664,22.166666666666668,41.21833333333333,2.6666666666666665,2.833333333333333,35.613264666666666,-119.68955733333333,,1,33,40.075255034907116
2025-08-15 14:30:00,1755293700.0,37.0,19.166666666666668,41.77316666666667,2.1666666666666665,2.333333333333333,35.613290666666664,-119.68959783333332,,1,33,40.41878097376157
2025-08-15 15:30:00,1755297300.0,37.66666666666666,19.0,43.840833333333336,2.6666666666666665,2.6666666666666665,35.613231166666665,-119.68965283333334,,1,33,42.72752857619716
2025-08-15 16:30:00,1755300900.0,37.16666666666666,20.33333333333333,45.89033333333333,3.0,3.0,35.61330483333333,-119.6896795,,1,33,44.62969621750416
2025-08-15 17:30:00,1755304500.0,37.0,20.0,46.7045,3.6666666666666665,4.0,35.61322783333333,-119.68955233333332,,1,33,45.27628269122144
2025-08-15 18:30:00,1755308100.0,36.333333333333336,21.5,45.37866666666667,3.5,3.8333333333333335,35.613264,-119.6895675,,1,33,44.111096362885576
2025-08-15 19:30:00,1755311700.0,34.333333333333336,24.666666666666668,35.304833333333335,3.1666666666666665,3.333333333333333,35.613258333333334,-119.68954983333332,,1,33,34.99098208463275
2025-08-15 20:30:00,1755315300.0,30.666666666666668,29.83333333333333,28.56883333333333,3.333333333333333,3.8333333333333335,35.61325516666667,-119.68955866666666,,1,33,28.31101757720564
2025-08-15 21:30:00,1755318900.0,28.83333333333333,33.333333333333336,27.843333333333334,3.6666666666666665,3.8333333333333335,35.61327816666667,-119.68957366666666,,1,33,27.548000755790596
2025-08-15 22:30:00,1755322500.0,28.0,35.5,25.529,3.0,3.333333333333333,35.613249,-119.68958916666668,,1,33,25.53464593653831
2025-08-15 23:30:00,1755326100.0,27.166666666666668,35.166666666666664,24.5545,2.6666666666666665,2.6666666666666665,35.613191,-119.68958033333332,,1,33,23.86259611399349
2025-08-16 00:30:00,1755329700.0,26.5,36.833333333333336,22.911,2.0,2.0,35.61322533333333,-119.68958916666668,,1,33,22.363706887987988
2025-08-16 01:30:00,1755333300.0,26.0,37.833333333333336,22.1505,1.8333333333333333,2.0,35.61324266666667,-119.689588,,1,33,21.652483313815104
2025-08-16 02:30:00,1755336900.0,25.166666666666668,40.833333333333336,20.15683333333333,2.0,2.0,35.61325033333333,-119.68960583333336,,1,33,20.359489562590255
2025-08-16 03:30:00,1755340500.0,24.5,43.833333333333336,18.79883333333333,2.0,2.0,35.6132455,-119.6895715,,1,33,19.708385870337715
2025-08-16 04:30:00,1755343920.0,22.8,48.0,15.9208,2.6,2.6,35.6132732,-119.6896088,,1,33,17.523344181159537
2025-08-16 05:30:00,1755347700.0,21.666666666666668,52.0,12.310333333333332,2.833333333333333,3.333333333333333,35.6132585,-119.68955983333336,,1,33,15.036738276755933
2025-08-16 06:30:00,1755351300.0,21.0,55.66666666666666,10.381833333333333,3.333333333333333,3.5,35.6132325,-119.6895995,,1,33,14.210721042630311
2025-08-16 07:30:00,1755354900.0,22.83333333333333,49.5,11.836166666666664,2.6666666666666665,3.0,35.613258333333334,-119.68956383333334,,1,33,14.60949864021196
2025-08-16 08:30:00,1755358500.0,26.166666666666668,41.66666666666666,16.52416666666667,2.333333333333333,2.6666666666666665,35.6132215,-119.68955116666666,,1,33,18.390949113063712
2025-08-16 09:30:00,1755362100.0,29.166666666666668,36.5,21.445833333333336,1.6666666666666667,1.6666666666666667,35.613301,-119.689607,,1,33,22.907820187510474
2025-08-16 10:30:00,1755365700.0,31.33333333333333,34.0,25.1475,1.5,1.5,35.613282000000005,-119.68959783333332,,1,33,26.803637117435684
2025-08-16 11:30:00,1755369300.0,33.0,29.166666666666668,29.69666666666667,1.8333333333333333,1.8333333333333333,35.61323683333333,-119.68957533333332,,1,33,30.38792541717956
2025-08-16 12:30:00,1755372900.0,34.333333333333336,27.666666666666668,33.06583333333333,2.0,2.1666666666666665,35.61321266666667,-119.6895905,,1,33,33.80804043929834
2025-08-16 13:30:00,1755376500.0,35.5,26.33333333333333,33.30766666666667,1.8333333333333333,1.8333333333333333,35.61322333333333,-119.6896185,,1,33,34.38238006855394
2025-08-16 14:30:00,1755380100.0,36.5,24.83333333333333,26.016,0.1666666666666666,0.1666666666666666,35.613326,-119.689578,,1,33,28.006998516302488
2025-08-16 15:30:00,1755383700.0,37.0,25.5,24.1655,0.1666666666666666,0.1666666666666666,35.613246833333335,-119.68952433333334,,1,33,27.02302146514736
2025-08-16 16:30:00,1755387300.0,36.66666666666666,26.33333333333333,25.055166666666665,0.0,0.0,35.613251166666664,-119.68955483333332,,1,33,27.77365443118068
2025-08-16 17:30:00,1755390900.0,35.666666666666664,29.33333333333333,22.834166666666665,0.6666666666666666,0.6666666666666666,35.613224,-119.689589,,1,33,26.295718511358544
2025-08-16 18:30:00,1755394500.0,34.0,32.666666666666664,21.250666666666664,1.8333333333333333,2.0,35.61333083333333,-119.68954716666669,,1,33,25.110312209184997
2025-08-16 19:30:00,1755398100.0,31.5,37.16666666666666,19.38716666666667,1.3333333333333333,1.3333333333333333,35.61329916666667,-119.68955866666666,,1,33,23.031993066558783
2025-08-16 20:30:00,1755401700.0,30.33333333333333,42.16666666666666,19.02733333333333,1.1666666666666667,1.1666666666666667,35.613294,-119.68958,,1,33,23.490560755607767
2025-08-16 21:30:00,1755405300.0,28.33333333333333,46.833333333333336,17.4605,1.0,1.0,35.6132285,-119.68957133333332,,1,33,22.187103255467427
2025-08-16 22:30:00,1755408900.0,27.33333333333333,47.66666666666666,16.1195,1.0,1.0,35.61327683333334,-119.6895765,,1,33,20.577153324468703
2025-08-16 23:30:00,1755412500.0,26.0,48.66666666666666,12.155,0.0,0.0,35.613242,-119.68958016666666,,1,33,16.29906555747887
2025-08-17 00:30:00,1755416100.0,25.0,54.66666666666666,11.490833333333333,0.0,0.0,35.61322333333333,-119.6895395,,1,33,16.996140569353813
2025-08-17 01:30:00,1755419700.0,24.0,59.16666666666666,10.536166666666666,0.0,0.0,35.613248,-119.689602,,1,33,16.943209252323413
2025-08-17 09:30:00,1755448500.0,26.83333333333333,49.0,14.428666666666668,0.8333333333333334,0.8333333333333334,35.61325016666667,-119.68961083333332,,1,33,19.168735214384654
2025-08-17 10:30:00,1755451501.0,28.166666666666668,44.0,17.578833333333332,0.0,0.0,35.613248,-119.68961083333332,,1,33,20.97891200058759
2025-08-17 11:30:00,1755455101.0,30.5,40.333333333333336,19.9895,0.5,0.5,35.61324616666666,-119.6895625,,1,33,23.664311269003406
2025-08-17 12:30:00,1755458701.0,32.166666666666664,37.66666666666666,22.648,0.3333333333333333,0.5,35.613243000000004,-119.68958266666668,,1,33,26.256614642425518
2025-08-17 13:30:00,1755462301.0,33.5,34.666666666666664,24.78633333333333,0.0,0.0,35.613332,-119.68955466666668,,1,33,27.976278471767145
2025-08-17 14:30:00,1755465901.0,34.666666666666664,30.33333333333333,26.235166666666668,0.0,0.0,35.613283333333335,-119.68954583333334,,1,33,28.630811953147628
2025-08-17 15:30:00,1755469501.0,35.0,27.166666666666668,27.857333333333333,0.1666666666666666,0.1666666666666666,35.61324366666667,-119.68954483333334,,1,33,29.24290993037925
2025-08-17 16:30:00,1755473101.0,35.0,27.33333333333333,28.45533333333333,1.5,1.5,35.613189,-119.6895025,,1,33,30.124728870848458
2025-08-17 17:30:00,1755476701.0,35.0,29.0,28.750833333333333,0.3333333333333333,0.3333333333333333,35.61326283333333,-119.6894925,,1,33,30.6585813576976
2025-08-17 18:30:00,1755480301.0,34.0,28.5,29.7875,0.0,0.0,35.613261,-119.68956783333331,,1,33,30.552658734894564
2025-08-17 19:30:00,1755483901.0,32.5,30.33333333333333,29.25433333333333,0.3333333333333333,0.3333333333333333,35.61325016666667,-119.68960716666668,,1,33,29.673595457528535
2025-08-17 20:30:00,1755487501.0,30.5,35.833333333333336,24.911,0.8333333333333334,0.8333333333333334,35.61328816666667,-119.68954333333332,,1,33,26.43728115637368
2025-08-17 21:30:00,1755491101.0,29.0,38.5,20.7085,0.8333333333333334,0.8333333333333334,35.61328966666667,-119.68952283333331,,1,33,22.62661755445935
2025-08-17 22:30:00,1755494701.0,27.166666666666668,37.833333333333336,19.788666666666668,1.0,1.0,35.613250666666666,-119.689575,,1,33,20.293165232624723
2025-08-17 23:30:00,1755498301.0,26.5,34.666666666666664,30.33283333333333,1.8333333333333333,1.8333333333333333,35.6132295,-119.68954216666668,,1,33,27.933236502647404
2025-08-18 00:30:00,1755501901.0,25.0,39.333333333333336,29.70533333333333,2.333333333333333,2.6666666666666665,35.6132325,-119.68955866666666,,1,34,28.13864502593224
2025-08-18 01:30:00,1755505501.0,23.5,45.5,27.09283333333333,3.0,3.0,35.61327033333333,-119.68958283333336,,1,34,26.984786643221213
2025-08-18 02:30:00,1755509101.0,22.83333333333333,46.5,25.0435,3.0,3.1666666666666665,35.613254500000004,-119.68956133333332,,1,34,25.088992193027558
2025-08-18 03:30:00,1755512701.0,21.33333333333333,48.16666666666666,23.8405,3.0,3.5,35.61327816666667,-119.6897035,,1,34,23.533089439893132
2025-08-18 04:30:00,1755516301.0,20.666666666666668,49.0,22.2875,3.333333333333333,3.333333333333333,35.613258333333334,-119.68958683333334,,1,34,22.02495026552358
2025-08-18 05:30:00,1755519901.0,20.0,51.333333333333336,19.142166666666665,3.333333333333333,3.333333333333333,35.6132275,-119.68958283333332,,1,34,19.62529019514306
2025-08-18 06:30:00,1755523501.0,18.83333333333333,56.5,16.522499999999997,3.8333333333333335,4.0,35.61327483333333,-119.6896045,,1,34,18.383576462590675
2025-08-18 07:30:00,1755527101.0,19.5,55.0,16.744,4.0,4.0,35.61324183333333,-119.68963616666667,,1,34,18.591494129361045
2025-08-18 08:30:00,1755530701.0,22.166666666666668,46.833333333333336,23.885,3.0,3.0,35.6132265,-119.68959816666666,,1,34,23.700802824167653
2025-08-18 09:30:00,1755534301.0,24.33333333333333,40.0,28.771,2.0,2.1666666666666665,35.613255333333335,-119.689574,,1,34,26.974428416532852
2025-08-18 10:30:00,1755537901.0,26.666666666666668,32.5,33.333666666666666,1.6666666666666667,1.8333333333333333,35.613245,-119.68959933333332,,1,34,30.016088265923344
2025-08-18 11:30:00,1755541501.0,28.5,27.83333333333333,36.00866666666666,1.0,1.0,35.61329466666667,-119.68950383333332,,1,34,31.92919200827761
2025-08-18 12:30:00,1755545101.0,30.83333333333333,25.0,38.574666666666666,1.0,1.3333333333333333,35.613261333333334,-119.68956,,1,34,34.93725547251202
2025-08-18 13:30:00,1755548701.0,32.333333333333336,23.5,40.317166666666665,1.1666666666666667,1.5,35.613257000000004,-119.68954083333334,,1,34,37.07837928715061
2025-08-18 14:30:00,1755552301.0,33.666666666666664,21.666666666666668,41.75816666666667,1.0,1.0,35.61323733333334,-119.68956883333334,,1,34,38.61809393091484
2025-08-18 15:30:00,1755555901.0,34.166666666666664,22.0,41.816833333333335,1.1666666666666667,1.3333333333333333,35.61325333333333,-119.68958916666668,,1,34,39.20616112052511
2025-08-18 16:30:00,1755559501.0,34.666666666666664,21.666666666666668,42.94866666666667,2.0,2.0,35.613245,-119.68961466666669,,1,34,40.61527977636776
2025-08-18 17:30:00,1755563101.0,34.166666666666664,20.83333333333333,45.79733333333333,1.3333333333333333,1.6666666666666667,35.613287666666665,-119.6896145,,1,34,42.26706606511554
2025-08-18 18:30:00,1755566701.0,33.5,23.166666666666668,44.19683333333333,1.0,1.1666666666666667,35.61325266666667,-119.689597,,1,34,41.09216893705694
2025-08-18 19:30:00,1755570301.0,31.83333333333333,26.83333333333333,39.12166666666667,2.0,2.1666666666666665,35.613245,-119.68969583333336,,1,34,36.984123771127045
2025-08-18 20:30:00,1755573901.0,29.83333333333333,29.0,28.113333333333333,2.1666666666666665,2.333333333333333,35.61323266666667,-119.68958783333332,,1,34,26.864879423232935
2025-08-18 21:30:00,1755577501.0,28.166666666666668,34.166666666666664,27.594666666666665,2.5,2.833333333333333,35.61325183333333,-119.6895245,,1,34,27.004620789751492
2025-08-18 22:30:00,1755581101.0,27.0,37.5,24.70583333333333,2.5,2.833333333333333,35.613282,-119.68957666666668,,1,34,24.786392031625645
2025-08-18 23:30:00,1755584701.0,25.5,39.0,22.4595,1.6666666666666667,1.6666666666666667,35.61322966666667,-119.689598,,1,34,22.02789882345209
2025-08-19 00:30:00,1755588301.0,24.33333333333333,39.66666666666666,29.1665,1.0,1.0,35.613276166666665,-119.689589,,1,34,26.94887998825009
2025-08-19 01:30:00,1755591901.0,23.5,40.0,27.8255,1.3333333333333333,1.5,35.61336266666667,-119.6894215,,1,34,25.389321931197912
2025-08-19 02:30:00,1755595501.0,22.5,42.333333333333336,25.86083333333333,1.6666666666666667,1.8333333333333333,35.61324116666667,-119.68961066666668,,1,34,23.82809343667956
2025-08-19 03:30:00,1755599101.0,22.0,44.5,24.597,1.8333333333333333,1.8333333333333333,35.61323683333333,-119.68958283333332,,1,34,23.12718101376977
2025-08-19 04:30:00,1755602701.0,20.666666666666668,48.66666666666666,18.471,1.8333333333333333,2.0,35.61322666666667,-119.689598,,1,34,18.31580599171476
2025-08-19 05:30:00,1755606301.0,20.0,52.0,12.336999999999998,2.833333333333333,3.0,35.613238833333334,-119.6896095,,1,34,13.936916926197071
2025-08-19 07:30:00,1755613501.0,21.166666666666668,48.66666666666666,13.8935,4.666666666666667,5.0,35.61327933333333,-119.68956766666668,,1,34,15.466866121168955
2025-08-19 08:30:00,1755617101.0,24.666666666666668,40.0,25.333,1.6666666666666667,1.8333333333333333,35.61321066666667,-119.68959433333332,,1,34,24.209461445853485
2025-08-19 09:30:00,1755620701.0,26.33333333333333,36.333333333333336,30.14316666666667,1.0,1.0,35.613266,-119.68955233333332,,1,34,28.155488711135504
2025-08-19 10:30:00,1755624301.0,29.166666666666668,31.83333333333333,34.440333333333335,1.0,1.0,35.613261,-119.689574,,1,34,32.42582528240614
2025-08-19 11:30:00,1755627901.0,31.0,28.0,38.16583333333333,1.0,1.1666666666666667,35.613278666666666,-119.68957016666668,,1,34,35.70178635459064
2025-08-19 12:30:00,1755631501.0,33.0,24.666666666666668,39.98916666666667,0.8333333333333334,0.8333333333333334,35.613235,-119.68953833333336,,1,34,37.57676147962481
2025-08-19 13:30:00,1755635101.0,34.666666666666664,23.666666666666668,42.44116666666667,0.1666666666666666,0.3333333333333333,35.613233666666666,-119.68954683333334,,1,34,40.4323151179489
2025-08-19 14:30:00,1755638701.0,35.833333333333336,22.83333333333333,43.3365,0.3333333333333333,0.8333333333333334,35.613233666666666,-119.68961583333332,,1,34,41.85496916891955
2025-08-19 15:30:00,1755642301.0,36.333333333333336,22.166666666666668,43.990833333333335,0.1666666666666666,0.5,35.61328,-119.689598,,1,34,42.50824043222458
2025-08-19 16:30:00,1755645901.0,36.66666666666666,21.83333333333333,43.116166666666665,0.6666666666666666,0.6666666666666666,35.61326966666667,-119.68961333333334,,1,34,41.987148022839435
2025-08-19 17:30:00,1755649501.0,36.0,22.0,44.490833333333335,1.0,1.1666666666666667,35.61327416666666,-119.68960216666666,,1,34,42.813572613882585
2025-08-19 18:30:00,1755653101.0,35.333333333333336,23.83333333333333,44.5925,1.3333333333333333,1.6666666666666667,35.6132495,-119.68958416666668,,1,34,43.11141094405379
2025-08-19 19:30:00,1755656701.0,33.333333333333336,26.5,39.80466666666667,2.0,2.1666666666666665,35.6132685,-119.68953583333332,,1,34,38.57205694682716
2025-08-19 20:30:00,1755660301.0,31.166666666666668,30.0,32.35,2.0,2.1666666666666665,35.61318033333333,-119.68959816666666,,1,34,31.768478422671322
2025-08-19 21:30:00,1755663901.0,29.666666666666668,33.166666666666664,30.746166666666667,2.0,2.0,35.61326616666667,-119.68957516666669,,1,34,30.328253993698127
2025-08-19 22:30:00,1755667501.0,27.83333333333333,37.16666666666666,27.849,2.0,2.333333333333333,35.61326866666667,-119.68958783333332,,1,34,27.859330804977176
2025-08-19 23:30:00,1755671101.0,27.0,39.833333333333336,26.683166666666665,2.1666666666666665,2.333333333333333,35.61329033333333,-119.68958666666668,,1,34,27.16128391585987
2025-08-20 00:30:00,1755674701.0,25.83333333333333,42.0,30.5325,2.0,2.0,35.613252,-119.68958283333332,,1,34,30.249054914249186
2025-08-20 01:30:00,1755678301.0,24.83333333333333,41.5,25.518833333333333,2.1666666666666665,2.333333333333333,35.61323533333333,-119.6895815,,1,34,25.112580121472945
2025-08-20 02:30:00,1755681901.0,22.83333333333333,44.833333333333336,24.1845,2.1666666666666665,2.1666666666666665,35.61326916666667,-119.68958916666666,,1,34,23.585950121013575
2025-08-20 03:30:00,1755685501.0,21.166666666666668,50.333333333333336,19.63083333333333,2.0,2.1666666666666665,35.613244333333334,-119.68958666666668,,1,34,20.275193334164996
2025-08-20 04:30:00,1755689101.0,20.33333333333333,51.16666666666666,15.514333333333331,2.5,2.6666666666666665,35.61331616666667,-119.68953583333332,,1,34,16.538916167633936
2025-08-20 07:30:00,1755699901.0,21.666666666666668,49.0,11.513166666666669,5.0,5.5,35.613255,-119.68956116666668,,1,34,14.012811563956248
2025-08-20 08:30:00,1755703501.0,25.33333333333333,35.5,31.172,2.5,2.833333333333333,35.61329683333333,-119.68954233333334,,1,34,28.394885093040557
2025-08-20 09:30:00,1755707101.0,27.666666666666668,29.83333333333333,37.13783333333333,2.0,2.1666666666666665,35.61333716666667,-119.68955616666666,,1,34,33.19350978038129
2025-08-20 10:30:00,1755710701.0,30.33333333333333,24.33333333333333,40.82116666666666,1.8333333333333333,1.8333333333333333,35.61327033333333,-119.68959683333333,,1,34,36.42695548509944
2025-08-20 11:30:00,1755714301.0,31.83333333333333,22.0,43.26133333333333,1.6666666666666667,1.6666666666666667,35.613237833333336,-119.68945816666668,,1,34,38.80565908347651
2025-08-20 12:30:00,1755717901.0,33.666666666666664,20.666666666666668,44.00183333333334,1.3333333333333333,1.3333333333333333,35.6132145,-119.6895905,,1,34,40.27716366847977
2025-08-20 13:30:00,1755721501.0,35.166666666666664,19.5,45.401,1.0,1.0,35.61322066666667,-119.68958916666666,,1,34,42.11846556979853
2025-08-20 14:30:00,1755725101.0,36.0,18.166666666666668,46.489666666666665,1.0,1.0,35.613213333333334,-119.68955116666666,,1,34,43.22163479629705
2025-08-20 15:30:00,1755728701.0,37.0,16.666666666666668,47.072833333333335,0.1666666666666666,0.1666666666666666,35.61325766666667,-119.68956116666668,,1,34,43.76437056637573
2025-08-20 16:30:00,1755732301.0,37.16666666666666,15.333333333333334,50.4275,0.3333333333333333,0.5,35.61325216666666,-119.68958783333332,,1,34,46.359433872979864
2025-08-20 17:30:00,1755735901.0,37.0,14.833333333333334,52.01266666666667,1.0,1.0,35.613221,-119.68960333333332,,1,34,47.563943600908246
2025-08-20 18:30:00,1755739501.0,36.0,17.0,52.021166666666666,1.5,1.5,35.61322533333333,-119.68952283333334,,1,34,47.67039851344755
2025-08-20 19:30:00,1755743101.0,33.833333333333336,19.5,42.5875,1.3333333333333333,1.6666666666666667,35.613215000000004,-119.68961316666666,,1,34,38.83319034727354
2025-08-20 20:30:00,1755746701.0,30.5,25.83333333333333,32.19916666666666,2.0,2.0,35.613275333333334,-119.689617,,1,34,29.734056731047218
2025-08-20 21:30:00,1755750301.0,27.666666666666668,30.83333333333333,22.611500000000003,2.333333333333333,2.5,35.61327166666667,-119.68959816666668,,1,34,21.209553425767396
2025-08-20 22:30:00,1755753901.0,25.666666666666668,35.833333333333336,22.1105,1.8333333333333333,1.8333333333333333,35.61326066666667,-119.689616,,1,34,20.833626018049976
2025-08-20 23:30:00,1755757501.0,24.0,35.5,22.9025,1.8333333333333333,1.8333333333333333,35.61324333333334,-119.689579,,1,34,20.157329321034027
2025-08-21 00:30:00,1755761101.0,23.0,36.16666666666666,24.12833333333333,1.3333333333333333,1.8333333333333333,35.61321383333333,-119.68954983333332,,1,34,20.608203718516002
2025-08-21 01:30:00,1755764701.0,23.666666666666668,35.0,27.54883333333333,1.3333333333333333,1.5,35.61327216666667,-119.68952433333334,,1,34,23.60367425879683
2025-08-21 02:30:00,1755768301.0,23.666666666666668,34.333333333333336,29.7235,1.6666666666666667,2.0,35.613250666666666,-119.68960450000002,,1,34,25.33019663800401
2025-08-21 03:30:00,1755771901.0,23.0,35.833333333333336,29.686000000000003,1.5,1.6666666666666667,35.613265500000004,-119.68958283333336,,1,34,25.24977813126835
2025-08-21 04:30:00,1755775501.0,22.33333333333333,40.5,24.6035,2.0,2.0,35.613217166666665,-119.68957283333332,,1,34,22.08144625092904
2025-08-21 05:30:00,1755779101.0,21.83333333333333,44.0,18.906333333333333,2.6666666666666665,2.6666666666666665,35.613232833333335,-119.68951283333332,,1,34,18.176311429399234
2025-08-21 06:30:00,1755782701.0,21.0,46.5,18.027166666666663,4.333333333333333,4.666666666666667,35.61325966666667,-119.68959416666668,,1,34,18.066564770188897
2025-08-21 07:30:00,1755786301.0,23.33333333333333,41.833333333333336,21.486666666666665,4.333333333333333,4.833333333333333,35.6132245,-119.68958783333332,,1,34,21.20877305827375
2025-08-21 08:30:00,1755789901.0,26.666666666666668,39.333333333333336,21.676166666666663,4.5,4.666666666666667,35.61326383333333,-119.6895905,,1,34,23.02495174164222
2025-08-21 09:30:00,1755793501.0,30.83333333333333,30.0,32.1415,4.0,4.333333333333333,35.613245666666664,-119.68956633333332,,1,34,31.830667455579075
2025-08-21 10:30:00,1755797101.0,33.666666666666664,25.166666666666668,41.40983333333333,3.0,3.0,35.613254000000005,-119.6895855,,1,34,39.96581882236552
2025-08-21 11:30:00,1755800701.0,35.666666666666664,22.0,43.08866666666666,2.833333333333333,2.833333333333333,35.613219666666666,-119.68958666666668,,1,34,41.78802427387001
2025-08-21 12:30:00,1755804301.0,37.16666666666666,19.83333333333333,46.56383333333333,2.1666666666666665,2.1666666666666665,35.61321316666667,-119.68956983333334,,1,34,44.98746688718346
2025-08-21 13:30:00,1755807901.0,38.833333333333336,18.5,46.22583333333333,2.0,2.0,35.613258333333334,-119.68958933333332,,1,34,45.45391090835281
2025-08-21 14:30:00,1755811501.0,39.833333333333336,16.833333333333332,46.5425,6.333333333333333,6.333333333333333,35.61326233333333,-119.6895715,,1,34,46.936618791039635
2025-08-21 15:30:00,1755815101.0,40.5,16.666666666666668,47.681,12.166666666666666,12.333333333333334,35.613273666666664,-119.68955983333332,,1,34,49.74456283081723
2025-08-21 16:30:00,1755818701.0,40.0,17.166666666666668,49.75466666666667,10.0,10.166666666666666,35.613143666666666,-119.689546,,1,34,50.79655066455646
2025-08-21 17:30:00,1755822301.0,39.833333333333336,17.166666666666668,52.250166666666665,13.666666666666666,14.166666666666666,35.6132005,-119.6896095,,1,34,53.69990224361233
2025-08-21 18:30:00,1755825901.0,39.0,18.666666666666668,51.19433333333333,21.0,21.33333333333333,35.613264,-119.68962616666666,,1,34,54.40193414055892
2025-08-21 19:30:00,1755829501.0,37.333333333333336,19.83333333333333,45.5365,13.0,13.333333333333334,35.61327283333333,-119.68957766666666,,1,34,46.82906950939133
2025-08-21 20:30:00,1755833101.0,35.0,24.5,36.179833333333335,13.666666666666666,13.833333333333334,35.61324116666667,-119.689575,,1,34,38.81171992186171
2025-08-21 21:30:00,1755836701.0,32.0,31.166666666666668,32.2475,17.5,17.833333333333332,35.6132445,-119.68958533333334,,1,34,36.3762165342047
2025-08-21 22:30:00,1755840301.0,30.33333333333333,32.166666666666664,28.07783333333333,17.166666666666668,17.666666666666668,35.613271833333336,-119.68953333333332,,1,34,31.8474969552926
2025-08-21 23:30:00,1755843901.0,29.166666666666668,32.5,21.230666666666668,14.0,14.5,35.61325883333333,-119.68954083333334,,1,34,24.497143032897313
2025-08-22 00:30:00,1755847501.0,28.666666666666668,30.666666666666668,23.459166666666665,9.333333333333334,9.666666666666666,35.61323616666667,-119.6895625,,1,34,24.293623681471658
2025-08-22 01:30:00,1755851101.0,27.33333333333333,32.333333333333336,22.887833333333333,7.333333333333333,7.5,35.6132215,-119.68958416666668,,1,34,22.883083220708862
2025-08-22 02:30:00,1755854701.0,26.166666666666668,36.16666666666666,18.85233333333333,8.0,8.333333333333334,35.613264,-119.68952166666668,,1,34,20.02618489181281
2025-08-22 03:30:00,1755858301.0,25.5,35.0,20.424833333333336,6.833333333333333,7.166666666666667,35.613238,-119.68958933333332,,1,34,20.205268372823014
2025-08-22 04:30:00,1755861901.0,25.83333333333333,34.333333333333336,24.153,7.0,7.0,35.6132605,-119.68958283333332,,1,34,23.422004000607494
2025-08-22 05:30:00,1755865501.0,24.83333333333333,37.5,19.084,6.833333333333333,7.166666666666667,35.61321966666667,-119.68957383333333,,1,34,19.401456591169776
2025-08-22 06:30:00,1755869101.0,23.83333333333333,43.5,17.24416666666667,8.666666666666666,9.5,35.61328816666667,-119.6896185,,1,34,19.573496998802185
2025-08-22 07:30:00,1755872701.0,25.666666666666668,41.16666666666666,14.944,6.833333333333333,7.166666666666667,35.61328,-119.68956366666669,,1,34,17.71577811232916
2025-08-22 08:30:00,1755876601.0,30.8,32.6,21.6816,6.6,6.8,35.6132894,-119.6895752,,1,34,24.352787147084364
2025-08-22 09:30:00,1755879901.0,33.666666666666664,25.166666666666668,32.03483333333333,5.666666666666667,6.0,35.613235,-119.68957366666666,,1,34,32.625534043456
2025-08-22 10:30:00,1755883501.0,35.333333333333336,22.83333333333333,39.9245,4.166666666666667,4.666666666666667,35.613245,-119.689584,,1,34,39.478316685375304
2025-08-22 11:30:00,1755887101.0,37.66666666666666,20.33333333333333,43.36983333333333,3.8333333333333335,4.0,35.61325266666667,-119.68961716666666,,1,34,43.210435435080996
2025-08-22 12:30:00,1755890701.0,39.0,19.33333333333333,47.58983333333333,4.833333333333333,5.0,35.613273666666664,-119.68958666666668,,1,34,47.70658129128043
2025-08-22 13:30:00,1755894301.0,40.833333333333336,17.833333333333332,48.7525,7.833333333333333,8.0,35.613255333333335,-119.6895815,,1,34,50.27176457001681
2025-08-22 14:30:00,1755897901.0,41.66666666666666,17.0,49.88183333333333,6.166666666666667,6.5,35.613279166666665,-119.68962483333333,,1,34,51.19718638682731
2025-08-22 15:30:00,1755901501.0,42.833333333333336,15.5,50.931,3.8333333333333335,4.0,35.61322716666667,-119.68952816666666,,1,34,51.891806625612034
2025-08-22 16:30:00,1755905101.0,43.16666666666666,16.0,50.874,4.0,4.0,35.61322966666666,-119.68959816666666,,1,34,52.28334079107708
2025-08-22 17:30:00,1755908701.0,42.833333333333336,16.666666666666668,52.18866666666667,4.333333333333333,4.666666666666667,35.61330783333333,-119.68958816666668,,1,34,53.488817768677805
2025-08-22 18:30:00,1755912301.0,41.5,18.0,53.03366666666667,4.833333333333333,5.0,35.613292333333334,-119.68958033333332,,1,34,53.76735639911763
2025-08-22 19:30:00,1755915901.0,39.333333333333336,20.33333333333333,47.31983333333333,4.833333333333333,4.833333333333333,35.613228666666664,-119.6895945,,1,34,48.04423013816516
2025-08-22 20:30:00,1755919501.0,36.16666666666666,19.5,31.991333333333333,2.333333333333333,2.5,35.613226,-119.68956766666666,,1,34,31.748731758013648
2025-08-22 21:30:00,1755923101.0,33.5,20.0,34.925666666666665,2.6666666666666665,3.0,35.613308,-119.689555,,1,34,32.529042796525275
2025-08-22 22:30:00,1755926701.0,33.0,19.166666666666668,36.444833333333335,2.6666666666666665,2.833333333333333,35.6132405,-119.689569,,1,34,33.15968655663514
2025-08-22 23:30:00,1755930301.0,32.166666666666664,18.33333333333333,36.76533333333334,2.0,2.1666666666666665,35.61324416666667,-119.68954983333332,,1,34,32.376123953820084
2025-08-23 00:30:00,1755933901.0,31.0,18.33333333333333,34.7705,1.8333333333333333,2.0,35.61328,-119.68959283333334,,1,34,29.76569966795408
2025-08-23 01:30:00,1755937501.0,29.166666666666668,22.5,32.0835,2.5,2.5,35.613277333333336,-119.68959683333333,,1,34,27.645458557813008
2025-08-23 02:30:00,1755941101.0,28.166666666666668,23.83333333333333,30.21733333333333,2.5,2.833333333333333,35.613254000000005,-119.68954583333333,,1,34,25.784197709198246
2025-08-23 03:30:00,1755944701.0,26.83333333333333,25.33333333333333,26.150666666666663,1.5,1.8333333333333333,35.61321066666667,-119.68958016666666,,1,34,21.58627424459221
2025-08-23 04:30:00,1755948301.0,25.33333333333333,34.0,17.9025,3.0,3.1666666666666665,35.6132285,-119.68962866666668,,1,34,16.671475450798987
2025-08-23 05:30:00,1755951901.0,25.0,37.66666666666666,14.257833333333332,4.166666666666667,4.666666666666667,35.61326783333333,-119.68960183333331,,1,34,14.84582366191978
2025-08-23 06:30:00,1755955561.0,24.4,37.4,15.3106,6.4,6.8,35.6132608,-119.6895936,,1,34,15.728296754403964
2025-08-23 07:30:00,1755959401.0,25.6,34.6,16.5768,6.0,6.4,35.6132184,-119.6895828,,1,34,16.6703087225291
2025-08-23 08:30:00,1755963001.0,31.8,25.8,30.999,8.0,8.6,35.613244599999994,-119.6896332,,1,34,31.139987397221205
2025-08-23 09:30:00,1755966301.0,34.833333333333336,22.666666666666668,39.437000000000005,8.666666666666666,8.833333333333334,35.613261,-119.689588,,1,34,39.67010688735897
2025-08-23 10:30:00,1755969901.0,37.66666666666666,18.33333333333333,46.2285,8.666666666666666,9.0,35.61327133333334,-119.689584,,1,34,46.139802765175276
2025-08-23 11:30:00,1755973501.0,39.0,16.333333333333332,48.43883333333333,8.0,8.0,35.61325516666667,-119.6896515,,1,34,48.16194880241903
2025-08-23 12:30:00,1755977101.0,41.333333333333336,15.0,50.59216666666666,7.333333333333333,7.666666666666667,35.61326516666667,-119.6895675,,1,34,51.162063711782125
2025-08-23 13:30:00,1755980701.0,37.66666666666666,24.166666666666668,44.83433333333334,10.666666666666666,10.833333333333334,35.613282,-119.6895535,,1,34,47.36119527409846
2025-08-23 14:30:00,1755984301.0,35.166666666666664,29.666666666666668,32.0895,12.166666666666666,13.0,35.6132285,-119.68960316666666,,1,34,36.87819218555711
2025-08-23 15:30:00,1755987901.0,38.333333333333336,24.5,42.85666666666666,11.333333333333334,11.833333333333334,35.61326666666667,-119.68962366666666,,1,34,46.46855009100855
2025-08-23 16:30:00,1755991501.0,37.16666666666666,24.666666666666668,49.42249999999999,20.33333333333333,21.0,35.613254500000004,-119.689603,,1,34,53.40503730333718
2025-08-23 17:30:00,1755995101.0,37.16666666666666,23.666666666666668,43.17466666666667,35.333333333333336,36.16666666666666,35.6132285,-119.68955716666666,,1,34,51.304073810590666
2025-08-23 18:30:00,1755998701.0,36.0,28.5,42.18716666666666,13.666666666666666,13.833333333333334,35.613239,-119.68954333333332,,1,34,46.02198604943068
2025-08-23 19:30:00,1756002301.0,33.5,34.833333333333336,32.61933333333334,21.33333333333333,21.666666666666668,35.61327816666667,-119.689575,,1,34,39.94499415379062
2025-08-23 20:30:00,1756005901.0,31.0,40.333333333333336,21.9155,17.0,17.5,35.613256,-119.68958033333332,,1,34,29.778552772199063
2025-08-23 21:30:00,1756009501.0,29.666666666666668,45.66666666666666,15.371666666666668,18.5,19.0,35.613259666666664,-119.68954983333332,,1,34,25.341435304627417
2025-08-23 22:30:00,1756012951.0,28.5,42.25,16.259,27.0,27.25,35.61323925,-119.68956175,,1,34,26.076868367545778
2025-08-23 23:30:00,1756017001.0,29.2,33.4,24.8518,14.2,14.4,35.613264400000006,-119.6895738,,1,34,27.934448475302673
2025-08-24 00:30:00,1756020121.0,28.4,30.8,23.4094,6.6,6.8,35.6132438,-119.6895418,,1,34,23.43834387163598
2025-08-24 01:30:00,1756024081.0,25.2,47.8,15.1534,24.8,25.4,35.6132498,-119.689537,,1,34,24.04462867378905
2025-08-24 02:30:00,1756027501.0,24.33333333333333,50.0,11.676,32.166666666666664,32.666666666666664,35.61328066666667,-119.68955466666668,,1,34,22.903247700799803
2025-08-24 03:30:00,1756031101.0,26.0,41.16666666666666,18.562833333333334,37.0,37.333333333333336,35.6132475,-119.68958666666668,,1,34,28.19436300369081
2025-08-24 04:30:00,1756034701.0,26.666666666666668,31.666666666666668,26.436666666666667,5.5,5.833333333333333,35.61326833333333,-119.68960833333334,,1,34,24.773175512358357
2025-08-24 05:30:00,1756038301.0,25.83333333333333,40.333333333333336,21.6335,8.833333333333334,8.833333333333334,35.61327166666667,-119.68954833333332,,1,34,23.71407021851107
2025-08-24 06:30:00,1756041901.0,25.0,41.333333333333336,21.704,6.833333333333333,7.166666666666667,35.6132565,-119.6895445,,1,34,23.044664634380922
2025-08-24 07:30:00,1756045501.0,26.5,37.833333333333336,23.473333333333333,8.333333333333334,8.333333333333334,35.61325316666667,-119.68958533333334,,1,34,24.825382065560788
2025-08-24 08:30:00,1756049101.0,29.166666666666668,36.66666666666666,29.149166666666662,6.833333333333333,7.0,35.613278,-119.68958816666668,,1,34,30.923656029351562
2025-08-24 09:30:00,1756052701.0,30.5,36.0,31.505166666666668,7.5,8.0,35.61330933333333,-119.68956516666668,,1,34,33.891152413078814
2025-08-24 10:30:00,1756056301.0,32.833333333333336,32.166666666666664,34.348333333333336,7.333333333333333,8.0,35.613202333333334,-119.68959566666666,,1,34,36.7468207274014
2025-08-24 11:30:00,1756059901.0,36.0,27.166666666666668,41.00216666666667,8.833333333333334,9.0,35.613177666666665,-119.68959566666666,,1,34,43.42006124770401
2025-08-24 12:30:00,1756063501.0,38.333333333333336,23.33333333333333,46.6075,11.166666666666666,11.166666666666666,35.613259166666666,-119.689617,,1,34,49.19545453823018
2025-08-24 13:30:00,1756067101.0,40.333333333333336,21.666666666666668,50.013666666666666,12.666666666666666,12.833333333333334,35.613204333333336,-119.68954966666666,,1,34,53.403291329917806
2025-08-24 14:30:00,1756070701.0,42.0,20.33333333333333,52.580666666666666,16.666666666666668,17.0,35.613245666666664,-119.68956616666668,,1,34,57.350249665725045
2025-08-24 15:30:00,1756074301.0,42.5,20.0,53.543,15.5,15.833333333333334,35.61326283333333,-119.68952816666666,,1,34,58.155977328083026
2025-08-24 16:30:00,1756077901.0,42.5,19.5,52.925,13.666666666666666,14.0,35.6132635,-119.68950916666668,,1,34,57.027141897699195
2025-08-24 17:30:00,1756081501.0,42.0,20.5,53.64183333333333,14.0,14.166666666666666,35.613264,-119.68954716666669,,1,34,57.66559562518346
2025-08-24 18:30:00,1756085101.0,40.5,20.33333333333333,47.35583333333333,9.833333333333334,10.0,35.61327883333333,-119.68956016666664,,1,34,50.14193230099828
2025-08-24 19:30:00,1756088701.0,37.333333333333336,20.666666666666668,35.3075,2.1666666666666665,2.333333333333333,35.613275,-119.68959433333332,,1,34,35.79844444260951
2025-08-24 20:30:00,1756092301.0,33.666666666666664,23.666666666666668,31.6905,2.333333333333333,2.5,35.613262166666665,-119.68962483333333,,1,34,31.025650666825
2025-08-24 21:30:00,1756095901.0,32.333333333333336,22.83333333333333,33.545833333333334,2.5,2.6666666666666665,35.6132675,-119.68958283333332,,1,34,31.377093918877662
2025-08-24 22:30:00,1756099501.0,31.83333333333333,23.0,34.66883333333333,2.0,2.0,35.613253666666665,-119.68959566666666,,1,34,31.885970276239817
2025-08-24 23:30:00,1756103101.0,31.0,23.83333333333333,33.35933333333333,2.0,2.0,35.61326716666667,-119.68957666666668,,1,34,30.426970356693303
2025-08-25 00:30:00,1756106701.0,29.666666666666668,25.666666666666668,31.92533333333333,2.0,2.0,35.6132755,-119.68957516666669,,1,35,28.971852883450396
2025-08-25 01:30:00,1756110301.0,29.0,26.666666666666668,31.474,2.5,2.6666666666666665,35.613261,-119.68956483333334,,1,35,28.558256266382855
2025-08-25 02:30:00,1756113901.0,28.33333333333333,28.166666666666668,29.346666666666668,2.0,2.0,35.613229833333335,-119.68960583333336,,1,35,26.61533987326345
2025-08-25 03:30:00,1756117501.0,26.0,35.333333333333336,21.45533333333333,3.1666666666666665,3.1666666666666665,35.613277000000004,-119.689584,,1,35,20.818526762868792
2025-08-25 04:30:00,1756121101.0,26.5,31.5,23.93,2.5,2.5,35.613286333333335,-119.6895675,,1,35,21.86182587379144
2025-08-25 05:30:00,1756124701.0,23.666666666666668,37.5,11.511333333333331,3.5,3.6666666666666665,35.61326966666667,-119.6895535,,1,35,11.41373876134908
2025-08-25 06:30:00,1756128301.0,23.0,39.16666666666666,13.028833333333331,5.666666666666667,5.666666666666667,35.61325,-119.68957533333332,,1,35,13.26864616567817
2025-08-25 07:30:00,1756131901.0,24.666666666666668,42.66666666666666,15.102333333333334,6.5,6.833333333333333,35.613240166666664,-119.68959316666668,,1,35,17.67729070626128
2025-08-25 08:30:00,1756135501.0,28.166666666666668,39.16666666666666,23.533,5.333333333333333,5.666666666666667,35.613265500000004,-119.68962216666668,,1,35,26.03016420933512
2025-08-25 09:30:00,1756139101.0,30.666666666666668,32.333333333333336,30.201833333333337,5.333333333333333,5.5,35.61322216666667,-119.6896235,,1,35,31.28070492054806
2025-08-25 10:30:00,1756142701.0,32.833333333333336,29.166666666666668,35.010666666666665,5.0,5.0,35.613231,-119.689551,,1,35,35.84406817072259
2025-08-25 11:30:00,1756146301.0,35.5,26.166666666666668,37.93666666666667,5.166666666666667,5.333333333333333,35.61323866666667,-119.68959183333334,,1,35,39.37641163226543
2025-08-25 12:30:00,1756149901.0,38.16666666666666,22.5,42.13733333333333,5.333333333333333,5.5,35.6132195,-119.68960833333334,,1,35,43.758713559699586
2025-08-25 13:30:00,1756153501.0,39.5,20.83333333333333,43.8405,5.833333333333333,6.0,35.61330133333333,-119.6895345,,1,35,45.76533201669399
2025-08-25 14:30:00,1756157101.0,40.66666666666666,20.5,46.6935,7.0,7.0,35.613228,-119.68955616666666,,1,35,49.21857221283486
2025-08-25 15:30:00,1756160701.0,41.16666666666666,19.666666666666668,46.1815,7.166666666666667,7.333333333333333,35.61325033333333,-119.68954066666667,,1,35,48.929095788172475
2025-08-25 16:30:00,1756164301.0,41.0,19.5,45.562000000000005,6.833333333333333,7.166666666666667,35.613265166666665,-119.6895725,,1,35,48.15637907507113
2025-08-25 17:30:00,1756167901.0,40.16666666666666,19.166666666666668,36.44383333333334,4.333333333333333,4.333333333333333,35.6132845,-119.68956866666667,,1,35,39.021108724192416
2025-08-25 18:30:00,1756171501.0,37.833333333333336,20.0,32.822,4.0,4.0,35.61326666666667,-119.68954833333332,,1,35,34.393121650580866
2025-08-25 19:30:00,1756175101.0,34.166666666666664,24.166666666666668,30.06,3.1666666666666665,3.333333333333333,35.613229,-119.68954083333334,,1,35,30.51855669558384
2025-08-25 20:30:00,1756178701.0,31.5,26.33333333333333,27.625666666666664,3.0,3.1666666666666665,35.6132405,-119.68955483333332,,1,35,27.14166584233344
2025-08-25 21:30:00,1756182301.0,30.83333333333333,26.166666666666668,27.00183333333333,2.0,2.0,35.6132385,-119.68958283333332,,1,35,25.805682754140875
2025-08-25 22:30:00,1756185901.0,30.5,26.166666666666668,28.445000000000004,2.0,2.1666666666666665,35.6132385,-119.68954466666666,,1,35,26.803998589856306
2025-08-25 23:30:00,1756189501.0,29.666666666666668,27.166666666666668,28.136666666666667,2.0,2.0,35.61324066666666,-119.68954466666666,,1,35,26.240468649143168
2025-08-26 00:30:00,1756193101.0,28.166666666666668,30.0,27.233500000000003,2.5,2.5,35.61325133333333,-119.68959783333332,,1,35,25.419802925624488
2025-08-26 01:30:00,1756196701.0,26.666666666666668,34.833333333333336,26.386,4.0,4.0,35.613287500000006,-119.68955333333334,,1,35,25.55283190297788
2025-08-26 02:30:00,1756200301.0,26.0,35.833333333333336,23.43516666666667,4.0,4.333333333333333,35.61325383333334,-119.6896425,,1,35,22.90241498347072
2025-08-26 03:30:00,1756203901.0,26.0,33.666666666666664,26.77316666666667,4.166666666666667,4.333333333333333,35.613220000000005,-119.68960033333332,,1,35,25.050719262348892
2025-08-26 04:30:00,1756207501.0,25.33333333333333,34.833333333333336,27.22233333333333,4.0,4.166666666666667,35.61326866666667,-119.6895815,,1,35,25.288845171840165
2025-08-26 05:30:00,1756211101.0,24.666666666666668,39.16666666666666,23.46066666666667,5.0,5.0,35.61324166666667,-119.68957016666668,,1,35,23.254588755514924
2025-08-26 06:30:00,1756214701.0,24.0,42.5,19.7595,5.666666666666667,6.0,35.61329466666667,-119.68961716666666,,1,35,20.902637046239576
2025-08-26 07:30:00,1756218301.0,25.5,36.66666666666666,23.055000000000003,5.333333333333333,5.333333333333333,35.613250666666666,-119.68972033333334,,1,35,22.770821640296298
2025-08-26 08:30:00,1756221901.0,28.666666666666668,32.5,27.96733333333333,4.0,4.166666666666667,35.6132125,-119.68963116666669,,1,35,27.624983792992587
2025-08-26 09:30:00,1756225800.142857,31.142857142857142,29.142857142857142,32.42328571428571,4.142857142857143,4.285714285714286,35.613219571428566,-119.68959057142855,,1,35,32.17922764158561
2025-08-26 10:30:00,1756229700.0,33.833333333333336,25.166666666666668,36.85083333333333,4.166666666666667,4.333333333333333,35.61324833333333,-119.6895295,,1,35,36.637571485939304
2025-08-26 11:30:00,1756233300.0,35.666666666666664,24.5,40.1145,4.0,4.0,35.61324716666667,-119.68957633333332,,1,35,40.51032386746378
2025-08-26 12:30:00,1756236900.0,38.0,23.33333333333333,44.074000000000005,5.0,5.0,35.613249333333336,-119.68957916666666,,1,35,45.4727548143302
2025-08-26 13:30:00,1756240500.0,39.66666666666666,21.83333333333333,46.12566666666667,6.333333333333333,6.666666666666667,35.61322533333333,-119.68953066666666,,1,35,48.307549300611754
2025-08-26 14:30:00,1756244100.0,40.16666666666666,19.166666666666668,47.57583333333333,4.0,4.166666666666667,35.61318966666666,-119.6895615,,1,35,48.45763643087035
2025-08-26 15:30:00,1756247700.0,40.66666666666666,18.33333333333333,47.76433333333333,3.6666666666666665,4.0,35.6131915,-119.68954583333334,,1,35,48.647631519650375
2025-08-26 16:30:00,1756251300.0,40.16666666666666,17.166666666666668,46.21133333333333,3.8333333333333335,3.8333333333333335,35.613250666666666,-119.68961066666668,,1,35,46.56943231344761
2025-08-26 17:30:00,1756254900.0,39.5,18.166666666666668,46.96983333333333,3.8333333333333335,3.8333333333333335,35.61324233333333,-119.68956633333332,,1,35,47.055232559820794
2025-08-26 18:30:00,1756258500.0,36.833333333333336,25.33333333333333,45.452666666666666,8.0,8.0,35.613277333333336,-119.68959933333332,,1,35,47.16060781046606
2025-08-26 19:30:00,1756262100.0,33.333333333333336,29.33333333333333,34.965,5.833333333333333,6.0,35.61325566666667,-119.689574,,1,35,36.4451379042745
2025-08-26 20:30:00,1756265700.0,31.33333333333333,32.666666666666664,34.705666666666666,6.166666666666667,6.333333333333333,35.6132355,-119.6895725,,1,35,35.92965827152949
2025-08-26 21:30:00,1756269300.0,30.166666666666668,35.0,35.36083333333333,6.333333333333333,6.5,35.61321466666667,-119.68954733333334,,1,35,36.44081873720454
2025-08-26 22:30:00,1756272900.0,28.33333333333333,40.0,31.572166666666664,7.5,8.0,35.613276666666664,-119.68957516666666,,1,35,33.8219649069915
2025-08-26 23:30:00,1756276500.0,26.83333333333333,43.16666666666666,30.436666666666667,8.5,8.5,35.613304166666666,-119.6896755,,1,35,32.98865499217764
2025-08-27 00:30:00,1756280100.0,25.83333333333333,46.0,30.274,8.166666666666666,8.333333333333334,35.613269,-119.68958516666667,,1,35,32.98964942355414
2025-08-27 01:30:00,1756283700.0,25.0,46.833333333333336,30.9605,8.333333333333334,8.666666666666666,35.613260833333335,-119.68962849999998,,1,35,33.288374928055106
2025-08-27 02:30:00,1756287300.0,25.33333333333333,46.0,30.996666666666663,8.166666666666666,8.333333333333334,35.6132735,-119.68963116666669,,1,35,33.23421544359715
2025-08-27 03:30:00,1756290900.0,24.0,49.5,28.2155,8.166666666666666,8.333333333333334,35.6132305,-119.68960450000002,,1,35,31.039595708093884
2025-08-27 04:30:00,1756294500.0,22.33333333333333,55.333333333333336,23.2825,9.166666666666666,9.166666666666666,35.613265500000004,-119.68959566666666,,1,35,27.763337902062695
2025-08-27 05:30:00,1756298100.0,20.83333333333333,59.333333333333336,16.038,9.833333333333334,10.0,35.613301166666666,-119.689626,,1,35,21.975352337493973
2025-08-27 06:30:00,1756301700.0,20.166666666666668,60.5,10.128,11.833333333333334,12.333333333333334,35.61323183333334,-119.68955466666668,,1,35,17.328700842770388
2025-08-27 07:30:00,1756305300.0,22.166666666666668,56.0,11.780499999999998,12.0,12.666666666666666,35.613256666666665,-119.68957266666666,,1,35,18.775825865205213
2025-08-27 08:30:00,1756308900.0,25.5,47.0,19.031166666666667,10.333333333333334,10.333333333333334,35.61325383333333,-119.6895205,,1,35,23.9791565489137
2025-08-27 09:30:00,1756312500.0,28.83333333333333,39.5,28.23333333333333,8.833333333333334,9.166666666666666,35.6133175,-119.6894545,,1,35,31.47815312521898
2025-08-27 10:30:00,1756316100.0,31.5,34.166666666666664,33.8395,9.0,9.0,35.613274833333335,-119.68954333333332,,1,35,36.47258747319077
2025-08-27 11:30:00,1756319700.0,34.0,26.33333333333333,39.6105,6.333333333333333,6.333333333333333,35.613252,-119.68958033333332,,1,35,40.005585477429136
2025-08-27 12:30:00,1756323300.0,36.0,23.33333333333333,42.4625,5.833333333333333,5.833333333333333,35.6132375,-119.689584,,1,35,42.80590737085524
2025-08-27 13:30:00,1756326900.0,37.333333333333336,21.5,44.77283333333333,6.0,6.0,35.613234166666665,-119.68959416666668,,1,35,45.196013267521366
2025-08-27 14:30:00,1756330500.0,38.0,20.166666666666668,45.89033333333333,5.333333333333333,5.333333333333333,35.61321516666667,-119.68960083333332,,1,35,46.04189149746627
2025-08-27 15:30:00,1756334100.0,38.333333333333336,18.166666666666668,47.66883333333334,4.833333333333333,4.833333333333333,35.613242500000005,-119.6896055,,1,35,47.0200848383317
2025-08-27 16:30:00,1756337700.0,38.5,18.666666666666668,46.24366666666666,5.0,5.166666666666667,35.613290666666664,-119.68960166666666,,1,35,46.1494191832729
2025-08-27 17:30:00,1756341300.0,38.0,18.33333333333333,46.084,5.166666666666667,5.5,35.61323816666667,-119.68961583333332,,1,35,45.58360613281485
2025-08-27 18:30:00,1756344900.0,37.333333333333336,17.5,43.37033333333333,4.5,4.666666666666667,35.61321066666667,-119.68959433333332,,1,35,42.319812555151685
2025-08-27 19:30:00,1756348500.0,33.333333333333336,20.166666666666668,36.239333333333335,4.333333333333333,4.333333333333333,35.613231500000005,-119.68956633333332,,1,35,34.09458345119768
2025-08-27 20:30:00,1756352100.0,30.0,26.83333333333333,30.120166666666663,6.166666666666667,6.5,35.61324966666667,-119.68957133333332,,1,35,29.08585091664161
2025-08-27 21:30:00,1756355700.0,28.166666666666668,28.666666666666668,29.8155,6.166666666666667,6.333333333333333,35.61327033333333,-119.6895765,,1,35,28.059985306993042
2025-08-27 22:30:00,1756359300.0,27.166666666666668,26.166666666666668,32.693666666666665,5.0,5.166666666666667,35.6132725,-119.68957383333333,,1,35,28.658975073393854
2025-08-27 23:30:00,1756362900.0,26.83333333333333,22.166666666666668,35.56016666666667,4.0,4.0,35.613262166666665,-119.68960983333334,,1,35,29.266884941787303
2025-08-28 00:30:00,1756366500.0,26.83333333333333,21.33333333333333,36.5285,3.5,3.5,35.61322883333333,-119.68960466666664,,1,35,29.696008689819863
2025-08-28 01:30:00,1756370100.0,25.5,20.5,34.109833333333334,3.0,3.1666666666666665,35.613231,-119.6895585,,1,35,26.256715191012724
2025-08-28 02:30:00,1756373700.0,24.166666666666668,21.666666666666668,29.479,3.1666666666666665,3.333333333333333,35.613231000000006,-119.68960816666667,,1,35,21.7419348808929
2025-08-28 03:30:00,1756377240.0,21.4,30.2,22.793,3.2,3.4,35.6132454,-119.6896118,,1,35,16.843335175534463
2025-08-28 04:30:00,1756380612.6,21.4,30.6,18.1148,4.6,4.6,35.6132278,-119.6895782,,1,35,13.298310003721973
2025-08-28 05:30:00,1756383901.0,22.666666666666668,25.33333333333333,25.361,4.5,4.5,35.613237833333336,-119.68956883333334,,1,35,18.639003814882372
2025-08-28 06:30:00,1756387501.0,21.5,39.833333333333336,24.272,6.666666666666667,6.833333333333333,35.6132495,-119.689547,,1,35,22.222265681317197
2025-08-28 07:30:00,1756391101.0,21.33333333333333,53.5,19.21633333333333,11.166666666666666,11.833333333333334,35.61322216666667,-119.68956883333333,,1,35,23.467567605153576
2025-08-28 08:30:00,1756394701.0,23.5,50.5,21.194166666666668,11.833333333333334,12.166666666666666,35.61326466666667,-119.6896185,,1,35,25.892563255873974
2025-08-28 09:30:00,1756398301.0,26.166666666666668,40.0,27.842166666666667,9.5,9.666666666666666,35.61326783333333,-119.68960583333336,,1,35,29.469674801091273
2025-08-28 10:30:00,1756401901.0,29.166666666666668,33.0,35.1445,8.0,8.5,35.613264666666666,-119.68962083333334,,1,35,35.26647343085281
2025-08-28 11:30:00,1756405501.0,31.33333333333333,29.166666666666668,39.91733333333333,8.333333333333334,8.5,35.61324116666667,-119.68957266666666,,1,35,39.719031249273556
2025-08-28 12:30:00,1756409101.0,33.333333333333336,26.0,43.40383333333333,7.166666666666667,7.5,35.61325133333333,-119.689598,,1,35,42.86202036481126
2025-08-28 13:30:00,1756412701.0,35.833333333333336,21.83333333333333,47.38733333333334,6.333333333333333,6.5,35.6132775,-119.6895955,,1,35,46.516037125947875
2025-08-28 14:30:00,1756416301.0,36.833333333333336,21.666666666666668,49.02333333333333,6.833333333333333,7.166666666666667,35.61337916666667,-119.6895905,,1,35,48.73404516184242
2025-08-28 15:30:00,1756419901.0,37.833333333333336,18.166666666666668,50.036,5.333333333333333,5.5,35.61328566666666,-119.68959416666668,,1,35,48.80130281150511
2025-08-28 16:30:00,1756423501.0,37.5,18.666666666666668,50.72866666666667,22.666666666666668,23.0,35.613273666666664,-119.68958133333332,,1,35,53.43011286009822
2025-08-28 17:30:00,1756427101.0,36.833333333333336,20.33333333333333,52.71716666666666,63.5,64.33333333333333,35.6131985,-119.68957016666668,,1,35,64.90037707249358
2025-08-28 18:30:00,1756430701.0,35.833333333333336,21.83333333333333,54.98583333333334,71.0,71.83333333333333,35.6132355,-119.68955866666666,,1,35,68.36988497430573
2025-08-28 19:30:00,1756434301.0,34.0,25.666666666666668,50.61333333333334,36.66666666666666,37.5,35.61326533333334,-119.6896135,,1,35,56.42811431071077
2025-08-28 20:30:00,1756437901.0,31.166666666666668,23.166666666666668,35.847166666666666,15.333333333333334,15.833333333333334,35.613245,-119.68957016666668,,1,35,35.79972830456593
2025-08-28 21:30:00,1756441501.0,29.33333333333333,23.0,33.7585,3.333333333333333,3.333333333333333,35.613271,-119.68958016666666,,1,35,29.71133217033092
2025-08-28 22:30:00,1756445101.0,28.33333333333333,23.666666666666668,33.14433333333333,3.8333333333333335,4.0,35.61326933333333,-119.6896565,,1,35,28.799059414944885
2025-08-28 23:30:00,1756448701.0,28.0,19.83333333333333,35.38666666666666,3.0,3.0,35.613211166666666,-119.68956099999998,,1,35,28.969514873860383
2025-08-29 00:30:00,1756452301.0,27.0,19.0,36.42,3.0,3.0,35.61324833333333,-119.689551,,1,35,28.828091095121096
2025-08-29 01:30:00,1756455901.0,26.166666666666668,21.83333333333333,34.4385,3.333333333333333,3.5,35.6132215,-119.68957766666666,,1,35,27.558689714107246
2025-08-29 02:30:00,1756459501.0,23.83333333333333,25.5,30.03633333333333,3.5,3.5,35.61325016666667,-119.6895675,,1,35,23.316696637088548
2025-08-29 03:30:00,1756463101.0,22.0,30.666666666666668,26.03483333333333,4.5,4.666666666666667,35.61325766666667,-119.68958916666668,,1,35,20.517758603441266
2025-08-29 04:30:00,1756466701.0,21.0,43.5,17.966333333333335,21.5,22.0,35.6132,-119.6895815,,1,35,21.237073910244668
2025-08-29 05:30:00,1756470301.0,21.166666666666668,46.16666666666666,14.447666666666668,26.5,26.83333333333333,35.613244333333334,-119.68952083333332,,1,35,20.41967153227914
2025-08-29 07:30:00,1756477501.0,20.666666666666668,37.833333333333336,10.377666666666666,11.166666666666666,11.666666666666666,35.613266833333334,-119.689593,,1,35,10.169200607759592
2025-08-29 08:30:00,1756481101.0,25.5,30.5,23.5455,11.333333333333334,11.666666666666666,35.613243000000004,-119.689593,,1,35,22.575378975692303
2025-08-29 09:30:00,1756484701.0,28.83333333333333,27.166666666666668,33.31933333333333,8.666666666666666,8.666666666666666,35.61322916666666,-119.68962233333332,,1,35,31.621646068012524
2025-08-29 10:30:00,1756488301.0,30.83333333333333,24.166666666666668,39.14116666666667,7.0,7.166666666666667,35.61325733333334,-119.68955483333332,,1,35,36.6951518971254
2025-08-29 11:30:00,1756491901.0,33.5,21.33333333333333,42.2375,5.5,5.5,35.613249333333336,-119.68957133333332,,1,35,40.004534854838354
2025-08-29 12:30:00,1756495501.0,35.5,18.83333333333333,44.09783333333333,5.166666666666667,5.166666666666667,35.613245666666664,-119.689612,,1,35,42.16532986832729
2025-08-29 13:30:00,1756499101.0,36.833333333333336,17.833333333333332,46.2535,4.333333333333333,4.666666666666667,35.61328316666667,-119.689565,,1,35,44.49515386507126
2025-08-29 14:30:00,1756502701.0,37.5,16.333333333333332,47.71416666666666,4.0,4.0,35.61329466666667,-119.68952566666668,,1,35,45.62750311393913
2025-08-29 15:30:00,1756506301.0,37.5,17.333333333333332,48.428,4.333333333333333,4.333333333333333,35.6132985,-119.68955,,1,35,46.65036328601451
2025-08-29 16:30:00,1756509901.0,37.333333333333336,18.0,48.48716666666667,6.5,6.666666666666667,35.613249,-119.68956633333332,,1,35,47.32766392920689
2025-08-29 17:30:00,1756513501.0,36.66666666666666,19.83333333333333,47.27966666666666,7.666666666666667,7.666666666666667,35.613239166666666,-119.68959666666666,,1,35,46.67593995616366
2025-08-29 18:30:00,1756517101.0,35.666666666666664,20.5,44.40466666666666,6.333333333333333,6.666666666666667,35.613251166666664,-119.68962733333336,,1,35,43.41487277364101
2025-08-29 19:30:00,1756520701.0,33.5,24.5,43.500166666666665,5.5,5.833333333333333,35.61321383333333,-119.68958133333332,,1,35,42.171643401604086
2025-08-29 20:30:00,1756524301.0,30.666666666666668,30.0,34.6755,5.5,5.666666666666667,35.613242500000005,-119.68959433333332,,1,35,34.357233129109645
2025-08-29 21:30:00,1756527901.0,27.666666666666668,35.666666666666664,23.83383333333333,8.0,8.5,35.613284,-119.68953316666666,,1,35,25.389300078971054
2025-08-29 22:30:00,1756531501.0,26.166666666666668,37.333333333333336,22.784166666666668,7.666666666666667,8.0,35.6132595,-119.689556,,1,35,23.841038999427212
2025-08-29 23:30:00,1756535101.0,25.33333333333333,38.5,23.456833333333336,5.5,5.833333333333333,35.6132255,-119.68960716666668,,1,35,23.672347709682647
2025-08-30 00:30:00,1756538701.0,24.666666666666668,39.0,23.1505,5.166666666666667,5.333333333333333,35.61325333333333,-119.68958416666668,,1,35,22.98831530471584
2025-08-30 01:30:00,1756542301.0,23.83333333333333,40.833333333333336,21.863666666666663,5.0,5.0,35.61323216666667,-119.6895065,,1,35,21.8291519604606
2025-08-30 02:30:00,1756545901.0,22.666666666666668,44.66666666666666,19.482666666666667,5.0,5.333333333333333,35.61324233333333,-119.68957266666666,,1,35,20.24123266105341
2025-08-30 03:30:00,1756549501.0,21.5,49.16666666666666,15.749333333333333,5.666666666666667,5.833333333333333,35.613266,-119.68957016666668,,1,35,17.835829033115772
2025-08-30 04:30:00,1756553101.0,20.5,51.833333333333336,13.651333333333334,5.833333333333333,6.166666666666667,35.6132025,-119.68955733333333,,1,35,16.247689278055404
2025-08-30 05:30:00,1756556701.0,20.0,53.833333333333336,13.214666666666666,6.0,6.166666666666667,35.6132655,-119.68961083333332,,1,35,16.196941109549144
2025-08-30 06:30:00,1756560301.0,20.0,53.5,12.0655,6.166666666666667,6.666666666666667,35.61335866666666,-119.68955866666666,,1,35,15.173599846127338
2025-08-30 07:30:00,1756563901.0,21.666666666666668,48.16666666666666,12.761166666666668,7.833333333333333,8.333333333333334,35.6132045,-119.68960416666664,,1,35,15.61740083475167
2025-08-30 08:30:00,1756567501.0,26.83333333333333,35.833333333333336,25.36433333333333,5.166666666666667,5.333333333333333,35.61322966666667,-119.68957133333332,,1,35,25.430644236110744
2025-08-30 09:30:00,1756571101.0,29.33333333333333,28.33333333333333,32.346333333333334,3.5,3.6666666666666665,35.61324366666667,-119.68958516666667,,1,35,30.345499842026655
2025-08-30 10:30:00,1756574701.0,31.166666666666668,27.5,35.312333333333335,4.0,4.0,35.6132705,-119.68956233333334,,1,35,34.0662532127092
2025-08-30 11:30:00,1756578301.0,33.333333333333336,25.83333333333333,37.69816666666667,3.5,3.8333333333333335,35.613234166666665,-119.68958383333334,,1,35,37.0686160645851
2025-08-30 12:30:00,1756581901.0,35.833333333333336,21.5,41.85683333333333,3.0,3.1666666666666665,35.61328433333333,-119.68956266666667,,1,35,40.89525998569549
2025-08-30 13:30:00,1756585501.0,37.16666666666666,20.0,44.206,3.5,3.6666666666666665,35.61323333333333,-119.68961466666669,,1,35,43.50899758719281
2025-08-30 14:30:00,1756589101.0,37.833333333333336,20.5,46.32183333333333,5.666666666666667,5.666666666666667,35.61325316666667,-119.68957516666666,,1,35,46.47658091233153
2025-08-30 15:30:00,1756592701.0,39.0,20.166666666666668,47.46266666666667,13.5,13.833333333333334,35.61326583333334,-119.689593,,1,35,50.091195349388485
2025-08-30 16:30:00,1756596301.0,39.16666666666666,17.5,53.990833333333335,16.166666666666668,16.5,35.6133225,-119.68961966666666,,1,35,55.52551616009799
2025-08-30 17:30:00,1756599901.0,38.333333333333336,19.5,55.26866666666667,14.5,15.166666666666666,35.6132805,-119.68960816666667,,1,35,56.30015144090014
2025-08-30 18:30:00,1756603501.0,37.333333333333336,19.83333333333333,53.86533333333333,7.333333333333333,7.333333333333333,35.61321083333333,-119.6896005,,1,35,52.713866905011244
2025-08-30 19:30:00,1756607101.0,34.833333333333336,22.166666666666668,46.4015,7.0,7.0,35.61322416666667,-119.6895815,,1,35,45.18491178936729
2025-08-30 20:30:00,1756610701.0,31.0,29.83333333333333,32.87166666666666,7.166666666666667,7.5,35.613244333333334,-119.68956233333334,,1,35,33.419436611394104
2025-08-30 21:30:00,1756614301.0,29.166666666666668,34.333333333333336,25.21283333333333,7.333333333333333,7.833333333333333,35.61323983333333,-119.68959183333334,,1,35,27.07868782323296
2025-08-30 22:30:00,1756617901.0,27.166666666666668,38.333333333333336,23.016,7.333333333333333,7.666666666666667,35.613244333333334,-119.689532,,1,35,25.039097201329902
2025-08-30 23:30:00,1756621321.0,26.2,39.2,21.5342,7.2,7.2,35.613262199999994,-119.689566,,1,35,23.2838477485302
2025-08-31 00:30:00,1756625101.0,25.5,39.0,22.307666666666663,7.166666666666667,7.166666666666667,35.61327666666667,-119.68955983333332,,1,35,23.348054706301646
2025-08-31 01:30:00,1756628881.0,24.4,42.2,20.7624,6.6,6.8,35.6132714,-119.689589,,1,35,22.16506293202547
2025-08-31 02:30:00,1756632301.0,24.0,42.66666666666666,21.515,6.166666666666667,6.666666666666667,35.61324066666666,-119.689598,,1,35,22.589809013825437
2025-08-31 03:30:00,1756635901.0,24.0,42.833333333333336,23.55933333333333,6.333333333333333,6.833333333333333,35.613231166666665,-119.68956783333331,,1,35,24.429802788518927
2025-08-31 04:30:00,1756639501.0,23.0,43.833333333333336,21.780833333333334,6.0,6.333333333333333,35.61329166666666,-119.6895955,,1,35,22.408567255607068
2025-08-31 05:30:00,1756643101.0,23.0,44.16666666666666,18.63716666666667,6.833333333333333,6.833333333333333,35.613252,-119.68958533333334,,1,35,20.004912063653734
2025-08-31 06:30:00,1756646701.0,21.83333333333333,46.66666666666666,16.6915,7.666666666666667,8.0,35.61334383333333,-119.68961216666666,,1,35,18.539530904566455
2025-08-31 07:30:00,1756650301.0,23.83333333333333,44.16666666666666,16.384333333333334,7.833333333333333,8.166666666666666,35.61319866666667,-119.68959566666666,,1,35,18.968833986333237
2025-08-31 08:30:00,1756653901.0,28.166666666666668,34.5,26.21966666666667,6.333333333333333,6.666666666666667,35.61322783333333,-119.68955733333333,,1,35,26.997847955476594
2025-08-31 09:30:00,1756657501.0,31.33333333333333,31.5,30.33783333333333,7.833333333333333,8.166666666666666,35.613247,-119.68953833333336,,1,35,32.220749300929825
2025-08-31 10:30:00,1756661101.0,34.5,23.166666666666668,39.2895,7.5,8.166666666666666,35.61326033333333,-119.689584,,1,35,39.379164603121836
2025-08-31 11:30:00,1756664701.0,36.16666666666666,19.5,44.48133333333334,6.333333333333333,6.666666666666667,35.613307166666665,-119.689607,,1,35,43.51778465794864
2025-08-31 12:30:00,1756668301.0,37.16666666666666,18.5,44.71416666666667,4.333333333333333,4.666666666666667,35.613273,-119.68960933333334,,1,35,43.65267783404573
2025-08-31 13:30:00,1756671901.0,38.16666666666666,18.33333333333333,45.08533333333333,4.833333333333333,4.833333333333333,35.613275,-119.68957633333332,,1,35,44.74690066691163
2025-08-31 14:30:00,1756675501.0,39.333333333333336,17.0,46.469,6.166666666666667,6.5,35.61320366666667,-119.68963983333332,,1,35,46.69517428372659
2025-08-31 15:30:00,1756679101.0,40.5,15.833333333333334,50.111,12.666666666666666,12.666666666666666,35.61327983333333,-119.68960166666666,,1,35,51.79075409444191
2025-08-31 16:30:00,1756682701.0,40.833333333333336,19.0,53.762166666666666,12.0,12.166666666666666,35.6132535,-119.68956883333333,,1,35,56.0718740804265
2025-08-31 17:30:00,1756686301.0,40.0,19.83333333333333,54.534333333333336,12.5,12.833333333333334,35.61326733333333,-119.68956383333334,,1,35,56.52262876762863
2025-08-31 18:30:00,1756689901.0,38.833333333333336,22.0,56.11783333333333,14.5,15.0,35.613246833333335,-119.68957,,1,35,58.21910355618516
2025-08-31 19:30:00,1756693501.0,36.0,25.5,49.49,14.833333333333334,15.166666666666666,35.613231,-119.689584,,1,35,51.68907463798911
2025-08-31 20:30:00,1756697101.0,33.0,29.666666666666668,36.337,16.833333333333332,17.333333333333332,35.61328366666667,-119.689593,,1,35,40.113299244865445
2025-08-31 21:30:00,1756700701.0,30.5,36.16666666666666,29.29133333333333,22.83333333333333,23.0,35.61328433333333,-119.68957783333332,,1,35,35.80576546102465
2025-08-31 22:30:00,1756704301.0,29.33333333333333,33.833333333333336,29.439666666666668,25.0,25.33333333333333,35.613244333333334,-119.68959433333332,,1,35,34.81061459744225
2025-08-31 23:30:00,1756707901.0,29.33333333333333,28.83333333333333,30.781666666666663,14.5,14.666666666666666,35.61325216666666,-119.6895765,,1,35,31.78172629814962
2025-09-01 00:30:00,1756711501.0,27.83333333333333,29.33333333333333,29.513666666666666,8.833333333333334,9.166666666666666,35.61325216666667,-119.68956366666669,,1,36,28.57111471035975
2025-09-01 01:30:00,1756715101.0,26.33333333333333,33.333333333333336,27.516,8.833333333333334,9.0,35.613239166666666,-119.689603,,1,36,27.073702550747832
2025-09-01 02:30:00,1756718701.0,25.5,35.0,25.78983333333333,7.666666666666667,7.666666666666667,35.61327133333334,-119.68956883333334,,1,36,25.247051759927302
2025-09-01 03:30:00,1756722301.0,23.5,39.333333333333336,21.01233333333333,8.0,8.0,35.61321383333333,-119.68958516666667,,1,36,21.210232419482885
2025-09-01 04:30:00,1756725901.0,23.33333333333333,38.5,18.886333333333333,6.666666666666667,6.833333333333333,35.613247,-119.68957766666666,,1,36,18.691889036431434
2025-09-01 05:30:00,1756729501.0,22.83333333333333,39.0,14.127666666666668,7.333333333333333,7.5,35.6132325,-119.68956866666667,,1,36,14.58356843205761
2025-09-01 06:30:00,1756733161.0,21.6,42.0,10.9098,27.2,28.0,35.613229000000004,-119.6895876,,1,36,16.682863758565034
2025-09-01 08:30:00,1756740301.0,29.5,27.0,22.9095,3.8333333333333335,4.166666666666667,35.613238,-119.6896045,,1,36,22.210652862457522
2025-09-01 09:30:00,1756743901.0,32.166666666666664,22.83333333333333,29.832166666666662,2.0,2.0,35.613242500000005,-119.68956616666668,,1,36,28.245668446260957
2025-09-01 10:30:00,1756747501.0,34.5,19.666666666666668,35.2625,1.6666666666666667,1.6666666666666667,35.6132255,-119.689565,,1,36,33.47828933664118
2025-09-01 11:30:00,1756751101.0,36.833333333333336,15.833333333333334,42.0855,1.6666666666666667,1.6666666666666667,35.61325133333333,-119.689616,,1,36,39.7552613644487
2025-09-01 12:30:00,1756754701.0,37.833333333333336,15.833333333333334,43.8815,3.0,3.1666666666666665,35.61320883333334,-119.68959283333334,,1,36,42.36289983638744
2025-09-01 13:30:00,1756758301.0,39.5,15.666666666666666,47.0095,4.333333333333333,4.333333333333333,35.6132235,-119.6895675,,1,36,46.51828350783353
2025-09-01 14:30:00,1756761901.0,41.0,15.166666666666666,48.87800000000001,6.833333333333333,7.166666666666667,35.61326483333333,-119.68955716666666,,1,36,49.68361277365702
2025-09-01 15:30:00,1756765501.0,41.66666666666666,14.5,48.0785,5.666666666666667,5.666666666666667,35.613239166666666,-119.68957133333332,,1,36,48.968649255332366
2025-09-01 16:30:00,1756769101.0,42.0,15.0,46.062666666666665,6.0,6.0,35.613214666666664,-119.68952683333332,,1,36,47.74263135048449
2025-09-01 17:30:00,1756772701.0,41.16666666666666,16.0,42.996833333333335,5.333333333333333,5.5,35.613248166666665,-119.68952816666666,,1,36,44.69739956614909
2025-09-01 18:30:00,1756776301.0,40.66666666666666,16.833333333333332,43.7195,6.0,6.0,35.613287166666666,-119.68960816666667,,1,36,45.36396185045194
2025-09-01 19:30:00,1756779901.0,37.333333333333336,23.0,30.755,5.666666666666667,5.666666666666667,35.613263499999995,-119.68957266666666,,1,36,33.80318368159247
2025-09-01 20:30:00,1756783501.0,33.5,29.666666666666668,20.10983333333333,3.1666666666666665,3.1666666666666665,35.613230333333334,-119.68959166666669,,1,36,23.504059115223008
2025-09-01 21:30:00,1756787101.0,31.33333333333333,34.0,20.47083333333333,3.0,3.0,35.61327033333333,-119.68956233333334,,1,36,23.610284289380473
2025-09-01 22:30:00,1756790701.0,30.166666666666668,35.833333333333336,20.0495,2.6666666666666665,2.833333333333333,35.613229,-119.68964633333331,,1,36,22.93173370338669
2025-09-01 23:30:00,1756794301.0,29.83333333333333,36.0,19.04383333333333,1.1666666666666667,1.3333333333333333,35.613217666666664,-119.68958016666666,,1,36,21.525971309741834
2025-09-02 00:30:00,1756797901.0,28.83333333333333,37.0,16.480333333333334,1.0,1.0,35.613236,-119.68961066666668,,1,36,18.874230779723895
2025-09-02 01:30:00,1756801501.0,29.166666666666668,35.166666666666664,17.450666666666667,0.5,0.5,35.6132565,-119.68952183333332,,1,36,19.218475536224865
2025-09-02 02:30:00,1756805101.0,29.166666666666668,35.5,19.399,0.8333333333333334,0.8333333333333334,35.613275,-119.6896045,,1,36,21.071782079982576
2025-09-02 03:30:00,1756808701.0,28.5,38.16666666666666,17.490333333333336,1.1666666666666667,1.1666666666666667,35.613280833333334,-119.68957783333332,,1,36,19.91805214049287
2025-09-02 04:30:00,1756812301.0,28.0,40.0,15.204833333333331,1.8333333333333333,2.1666666666666665,35.61317183333333,-119.68955616666666,,1,36,18.396298960716784
2025-09-02 05:30:00,1756815901.0,27.83333333333333,40.833333333333336,12.524666666666668,2.6666666666666665,2.6666666666666665,35.613254000000005,-119.68958916666668,,1,36,16.431513724168617
2025-09-02 08:30:00,1756826701.0,28.166666666666668,43.5,13.05,3.1666666666666665,3.333333333333333,35.613287500000006,-119.68962966666668,,1,36,18.153719900583255
2025-09-02 09:30:00,1756830301.0,31.83333333333333,35.666666666666664,20.727833333333333,3.1666666666666665,3.333333333333333,35.61324883333334,-119.68959566666666,,1,36,24.813911220760076
2025-09-02 10:30:00,1756833901.0,35.333333333333336,28.166666666666668,29.343833333333333,3.0,3.333333333333333,35.61317183333333,-119.689625,,1,36,32.23760358752658
2025-09-02 11:30:00,1756837501.0,38.0,24.0,38.20333333333333,4.166666666666667,4.5,35.613152166666666,-119.68956,,1,36,40.66540644197801
2025-09-02 12:30:00,1756841101.0,39.833333333333336,21.666666666666668,44.03366666666667,8.666666666666666,9.0,35.61324233333333,-119.68957016666668,,1,36,47.290431422732084
2025-09-02 13:30:00,1756844701.0,40.833333333333336,21.0,46.08133333333333,9.0,9.666666666666666,35.613293,-119.68954833333332,,1,36,49.66773007543769
2025-09-02 14:30:00,1756848301.0,41.833333333333336,19.666666666666668,45.1315,7.0,7.166666666666667,35.613231,-119.68957783333332,,1,36,48.637390982939976
2025-09-02 15:30:00,1756851901.0,42.0,17.833333333333332,44.7885,5.166666666666667,5.333333333333333,35.61323733333333,-119.68957766666666,,1,36,47.42103127200721
2025-09-02 16:30:00,1756855501.0,40.5,16.166666666666668,41.54366666666667,4.333333333333333,4.5,35.61330283333333,-119.689602,,1,36,42.77995783259672
2025-09-02 17:30:00,1756859101.0,38.5,16.5,40.56583333333333,3.333333333333333,3.6666666666666665,35.6132215,-119.68957416666666,,1,36,40.34621800033884
2025-09-02 18:30:00,1756862701.0,36.16666666666666,17.5,39.46983333333333,3.5,3.8333333333333335,35.613274999999994,-119.68953466666666,,1,36,38.048080343269234
2025-09-02 19:30:00,1756866301.0,33.833333333333336,19.666666666666668,36.88633333333333,3.0,3.0,35.613227,-119.68960966666668,,1,36,34.68356130356568
2025-09-02 20:30:00,1756869901.0,32.166666666666664,19.0,38.365,2.333333333333333,2.333333333333333,35.61327633333334,-119.689602,,1,36,34.32389903550991
2025-09-02 21:30:00,1756873501.0,31.166666666666668,19.83333333333333,36.57216666666667,2.1666666666666665,2.333333333333333,35.61325266666666,-119.689579,,1,36,32.30363928038615
2025-09-02 22:30:00,1756877101.0,30.166666666666668,19.33333333333333,36.86783333333333,1.1666666666666667,1.1666666666666667,35.61331033333333,-119.68951033333332,,1,36,31.392704275223494
2025-09-02 23:30:00,1756880701.0,28.83333333333333,22.33333333333333,33.533,1.1666666666666667,1.5,35.613208166666666,-119.68958516666667,,1,36,28.587731937998136
2025-09-03 00:30:00,1756884301.0,27.33333333333333,26.166666666666668,27.63633333333333,2.333333333333333,2.333333333333333,35.613280833333334,-119.68958316666664,,1,36,23.968346317526503
2025-09-03 01:30:00,1756887901.0,26.0,32.166666666666664,19.05,10.0,10.166666666666666,35.61325883333333,-119.68956,,1,36,19.485912033583354
2025-09-03 02:30:00,1756891501.0,24.5,34.0,19.90383333333333,8.5,9.0,35.61325433333334,-119.6895715,,1,36,19.3860891350869
2025-09-03 03:30:00,1756895101.0,23.33333333333333,33.666666666666664,20.09733333333333,6.0,6.0,35.613242500000005,-119.68959933333332,,1,36,17.935018854444195
2025-09-03 04:30:00,1756898701.0,22.33333333333333,36.833333333333336,16.758,9.0,9.666666666666666,35.613260333333336,-119.68956866666667,,1,36,16.16990922754362
2025-09-03 07:30:00,1756909501.0,21.33333333333333,46.333333333333336,10.379666666666669,15.166666666666666,15.666666666666666,35.613207333333335,-119.68960966666668,,1,36,14.606891680875442
2025-09-03 08:30:00,1756913101.0,25.33333333333333,40.16666666666666,15.6865,13.333333333333334,13.833333333333334,35.61323016666667,-119.6895865,,1,36,19.615493641634338
2025-09-03 09:30:00,1756916701.0,28.83333333333333,34.5,23.9285,13.333333333333334,13.666666666666666,35.61321950000001,-119.68954333333332,,1,36,27.343564750400724
2025-09-03 10:30:00,1756920301.0,31.166666666666668,30.166666666666668,32.5375,16.5,16.833333333333332,35.613266,-119.68953700000002,,1,36,35.72715670801141
2025-09-03 11:30:00,1756923901.0,33.5,26.5,38.214,37.833333333333336,38.66666666666666,35.613258333333334,-119.68953966666668,,1,36,46.17638382182251
2025-09-03 12:30:00,1756927501.0,35.833333333333336,22.33333333333333,43.17383333333333,38.16666666666666,38.66666666666666,35.613273666666664,-119.68954333333332,,1,36,50.801031382771356
2025-09-03 13:30:00,1756931101.0,37.333333333333336,21.0,46.3975,33.5,34.0,35.61328566666666,-119.68953333333332,,1,36,53.11776445035086
2025-09-03 14:30:00,1756934701.0,38.66666666666666,19.83333333333333,46.957,34.833333333333336,35.166666666666664,35.613275333333334,-119.68956516666668,,1,36,54.49819511548249
2025-09-03 15:30:00,1756938301.0,39.333333333333336,20.0,47.66049999999999,29.166666666666668,29.5,35.61327983333334,-119.68956383333334,,1,36,54.30907332632468
2025-09-03 16:30:00,1756941901.0,39.5,20.33333333333333,46.08383333333333,21.33333333333333,21.666666666666668,35.613303,-119.68962983333334,,1,36,51.34456007937605
2025-09-03 17:30:00,1756945501.0,39.0,20.166666666666668,45.9545,17.166666666666668,17.166666666666668,35.613386166666665,-119.6895905,,1,36,49.79020284091952
2025-09-03 18:30:00,1756949101.0,38.0,21.666666666666668,44.86033333333334,19.666666666666668,20.166666666666668,35.61325566666667,-119.68958533333334,,1,36,49.250238220123606
2025-09-03 19:30:00,1756952701.0,35.5,26.5,37.0715,9.0,9.5,35.61328433333333,-119.68956616666668,,1,36,39.834296079821144
2025-09-03 20:30:00,1756956301.0,32.0,30.5,31.400166666666667,4.666666666666667,4.666666666666667,35.61320166666667,-119.68955766666666,,1,36,32.65732591967911
2025-09-03 21:30:00,1756959901.0,30.33333333333333,30.33333333333333,33.7035,4.333333333333333,4.5,35.6132775,-119.6896045,,1,36,33.26252454396072
2025-09-03 22:30:00,1756963501.0,29.666666666666668,27.0,36.84666666666666,4.5,4.666666666666667,35.6132185,-119.6896285,,1,36,34.372546392820794
2025-09-03 23:30:00,1756967101.0,29.0,25.166666666666668,36.67466666666667,3.333333333333333,3.333333333333333,35.613273,-119.68960966666668,,1,36,32.824861473426324
2025-09-04 00:30:00,1756970701.0,28.0,26.83333333333333,34.5535,3.1666666666666665,3.333333333333333,35.6133365,-119.6896435,,1,36,30.8033153764827
2025-09-04 01:30:00,1756974301.0,27.0,31.666666666666668,29.6005,3.8333333333333335,4.333333333333333,35.613245666666664,-119.68962733333332,,1,36,27.636923593675093
2025-09-04 02:30:00,1756977901.0,26.0,33.833333333333336,27.153166666666667,4.0,4.166666666666667,35.61320883333334,-119.68962083333334,,1,36,25.538978805050164
2025-09-04 03:30:00,1756981501.0,23.83333333333333,38.16666666666666,23.16183333333333,3.5,3.6666666666666665,35.61325683333333,-119.68955983333336,,1,36,21.85176117369781
2025-09-04 04:30:00,1756985101.0,22.0,49.66666666666666,15.6735,5.0,5.5,35.6132595,-119.68962733333332,,1,36,18.329988041508706
2025-09-04 05:30:00,1756988701.0,22.166666666666668,46.0,11.644,6.666666666666667,6.666666666666667,35.613237500000004,-119.68958283333332,,1,36,14.138028876703835
2025-09-04 06:30:00,1756992301.0,22.33333333333333,46.66666666666666,11.381166666666669,9.5,10.166666666666666,35.61321933333333,-119.68962083333334,,1,36,14.990786913714814
2025-09-04 07:30:00,1756995901.0,24.166666666666668,43.66666666666666,11.984166666666669,11.5,12.166666666666666,35.61322333333333,-119.6896185,,1,36,16.339492596908556
2025-09-04 08:30:00,1756999501.0,28.83333333333333,33.166666666666664,25.6845,7.333333333333333,7.5,35.61323933333333,-119.68954733333334,,1,36,26.960679091413986
2025-09-04 09:30:00,1757003101.0,30.5,30.83333333333333,28.264666666666667,6.666666666666667,7.333333333333333,35.61332,-119.68957266666666,,1,36,29.508863278194355
2025-09-04 10:30:00,1757006701.0,32.833333333333336,26.666666666666668,36.5665,6.5,6.833333333333333,35.613313,-119.68961066666668,,1,36,36.86738721617522
2025-09-04 11:30:00,1757010301.0,34.833333333333336,24.33333333333333,43.0925,6.166666666666667,6.333333333333333,35.61322583333334,-119.689537,,1,36,43.051142885243365
2025-09-04 12:30:00,1757013901.0,37.16666666666666,22.5,45.6685,7.833333333333333,8.166666666666666,35.61324066666667,-119.68958933333332,,1,36,46.78227281450778
2025-09-04 13:30:00,1757017501.0,38.333333333333336,21.33333333333333,46.80683333333334,9.833333333333334,9.833333333333334,35.613272333333335,-119.68960833333334,,1,36,48.67571075589939
2025-09-04 14:30:00,1757021101.0,39.333333333333336,20.666666666666668,48.62716666666666,10.166666666666666,10.333333333333334,35.61325716666666,-119.6895435,,1,36,50.84422193779028
2025-09-04 15:30:00,1757024701.0,40.0,20.33333333333333,50.677666666666674,12.5,12.5,35.61328316666667,-119.68959783333332,,1,36,53.51657251335972
2025-09-04 16:30:00,1757028301.0,39.66666666666666,20.33333333333333,49.54866666666666,10.666666666666666,11.0,35.61325266666667,-119.68955733333333,,1,36,51.90038452164917
2025-09-04 17:30:00,1757031901.0,38.833333333333336,19.666666666666668,41.747166666666665,6.666666666666667,6.833333333333333,35.61325716666666,-119.6895585,,1,36,43.43690341918368
2025-09-04 18:30:00,1757035501.0,37.0,16.833333333333332,36.16583333333333,2.833333333333333,3.333333333333333,35.6132725,-119.689556,,1,36,35.48238145522187
2025-09-04 19:30:00,1757039101.0,33.833333333333336,20.33333333333333,29.9255,2.1666666666666665,2.1666666666666665,35.61317883333333,-119.68956116666668,,1,36,28.768648508444855
2025-09-04 20:30:00,1757042701.0,31.5,19.666666666666668,26.96083333333333,1.6666666666666667,1.8333333333333333,35.61325,-119.68957916666666,,1,36,24.17475739862808
2025-09-04 21:30:00,1757046301.0,30.5,18.5,33.56166666666667,1.0,1.0,35.613255833333334,-119.68960316666666,,1,36,28.500777692310116
2025-09-04 22:30:00,1757049901.0,28.5,24.666666666666668,31.758666666666667,2.833333333333333,3.0,35.61328066666666,-119.68958416666668,,1,36,27.98610647706844
2025-09-04 23:30:00,1757053501.0,27.166666666666668,32.166666666666664,25.89333333333333,7.0,7.333333333333333,35.613254500000004,-119.68962083333334,,1,36,25.499381642094775
2025-09-05 00:30:00,1757057101.0,25.666666666666668,39.0,24.174166666666665,7.666666666666667,7.666666666666667,35.613216333333334,-119.68954983333332,,1,36,25.33108968935759
2025-09-05 01:30:00,1757060701.0,24.5,42.5,18.9075,8.666666666666666,8.833333333333334,35.6132425,-119.68957383333333,,1,36,21.39078808893032
2025-09-05 02:30:00,1757064301.0,23.166666666666668,45.66666666666666,15.9165,8.333333333333334,8.666666666666666,35.613304166666666,-119.68966283333332,,1,36,18.841364019468664
2025-09-05 03:30:00,1757067901.0,22.5,48.0,17.790833333333335,8.0,8.166666666666666,35.61328183333333,-119.689584,,1,36,20.632085353204495
2025-09-05 04:30:00,1757071501.0,21.0,53.0,12.8,8.0,8.333333333333334,35.613278666666666,-119.68956483333334,,1,36,16.944391173056886
2025-09-05 07:30:00,1757082301.0,20.0,59.333333333333336,12.521333333333333,10.666666666666666,11.166666666666666,35.61322466666667,-119.68956216666668,,1,36,18.728146121480698
2025-09-05 08:30:00,1757085901.0,22.166666666666668,57.833333333333336,18.19483333333333,11.833333333333334,12.0,35.613271166666664,-119.689565,,1,36,24.92768374329951
2025-09-05 09:30:00,1757089501.0,24.5,50.66666666666666,23.529,11.833333333333334,11.833333333333334,35.61329916666667,-119.6895205,,1,36,28.80350589183842
2025-09-05 10:30:00,1757093041.0,27.0,44.4,28.5746,11.2,11.2,35.6132538,-119.689598,,1,36,32.723188688267314
2025-09-05 11:30:00,1757096701.0,29.666666666666668,37.5,32.743833333333335,10.5,10.5,35.613226000000004,-119.68960066666666,,1,36,35.79122548869566
2025-09-05 12:30:00,1757100301.0,32.5,31.83333333333333,36.44283333333333,10.5,10.5,35.61322716666667,-119.68956233333334,,1,36,39.160548396952876
2025-09-05 13:30:00,1757103901.0,34.166666666666664,27.83333333333333,38.90433333333333,11.333333333333334,11.333333333333334,35.613226,-119.68947983333334,,1,36,41.360410843555485
2025-09-05 14:30:00,1757107501.0,35.5,25.666666666666668,41.02283333333333,11.666666666666666,11.833333333333334,35.613282500000004,-119.68953316666666,,1,36,43.52944925719305
2025-09-05 15:30:00,1757111101.0,36.66666666666666,23.5,43.6005,13.333333333333334,13.5,35.61323616666667,-119.6895575,,1,36,46.2671975239998
2025-09-05 16:30:00,1757114701.0,36.16666666666666,24.166666666666668,44.568333333333335,14.0,14.0,35.61318133333334,-119.68956116666668,,1,36,47.08721248571992
2025-09-05 17:30:00,1757118301.0,36.0,24.0,45.065666666666665,14.666666666666666,15.0,35.6131915,-119.68945833333332,,1,36,47.51918191257428
2025-09-05 18:30:00,1757121901.0,34.5,29.166666666666668,43.95183333333333,14.833333333333334,15.166666666666666,35.61322983333333,-119.68959033333331,,1,36,47.220814051067705
2025-09-05 19:30:00,1757125501.0,32.5,26.0,36.382666666666665,10.5,11.166666666666666,35.6132895,-119.68960066666666,,1,36,37.21574966895032
2025-09-05 20:30:00,1757129101.0,29.666666666666668,20.166666666666668,28.384833333333333,2.5,2.6666666666666665,35.61326866666666,-119.68958783333332,,1,36,24.390001834937742
2025-09-05 21:30:00,1757132701.0,28.0,24.5,30.61766666666667,3.5,3.6666666666666665,35.613234,-119.68959566666666,,1,36,26.74216089252308
2025-09-05 22:30:00,1757136301.0,27.5,21.5,36.303,2.6666666666666665,2.6666666666666665,35.613259,-119.68957133333332,,1,36,30.005932132214355
2025-09-05 23:30:00,1757139901.0,26.5,26.166666666666668,33.308166666666665,5.5,5.666666666666667,35.613262166666665,-119.68957783333332,,1,36,28.95315205930654
2025-09-06 00:30:00,1757143501.0,25.83333333333333,29.166666666666668,28.777,8.166666666666666,8.166666666666666,35.61328316666667,-119.68956633333332,,1,36,26.210452225030984
2025-09-06 01:30:00,1757147101.0,24.33333333333333,34.0,20.296833333333336,13.0,13.333333333333334,35.6133055,-119.68956883333334,,1,36,20.648034664212922
2025-09-06 02:30:00,1757151000.4285717,23.285714285714285,38.0,18.28614285714286,14.0,14.0,35.613251285714284,-119.68957642857144,,1,36,19.69823906975337
2025-09-06 03:30:00,1757154900.0,22.33333333333333,41.833333333333336,14.987666666666668,15.5,16.0,35.61325216666666,-119.6895805,,1,36,17.856699837241464
2025-09-06 04:30:00,1757158500.0,22.0,45.66666666666666,12.961,14.5,15.0,35.61324166666667,-119.6895345,,1,36,16.92523317012521
2025-09-06 05:30:00,1757162100.0,22.0,51.0,20.323,9.833333333333334,10.0,35.6132705,-119.6895305,,1,36,23.859175453963175
2025-09-06 06:30:00,1757165700.0,21.0,53.333333333333336,18.533666666666665,10.833333333333334,11.5,35.61324183333333,-119.68964016666666,,1,36,22.64972435379194
2025-09-06 07:30:00,1757169300.0,21.83333333333333,51.833333333333336,16.872833333333332,13.5,13.833333333333334,35.61326183333333,-119.68961466666669,,1,36,21.952323667195728
2025-09-06 08:30:00,1757172900.0,24.5,49.0,23.715,9.666666666666666,9.666666666666666,35.6132685,-119.6895905,,1,36,27.89142837397487
2025-09-06 09:30:00,1757176500.0,26.5,44.16666666666666,28.0505,7.833333333333333,8.0,35.613259,-119.68958416666668,,1,36,31.043305422006483
2025-09-06 10:30:00,1757180100.0,28.83333333333333,38.833333333333336,34.051,7.833333333333333,8.0,35.6132215,-119.6896095,,1,36,36.1162323598147
2025-09-06 11:30:00,1757183700.0,31.0,34.666666666666664,36.20916666666667,8.0,8.333333333333334,35.61328066666667,-119.68958683333334,,1,36,38.23056065742942
2025-09-06 12:30:00,1757187300.0,33.0,31.0,40.324666666666666,9.166666666666666,9.333333333333334,35.61325083333333,-119.68958666666668,,1,36,42.265892878559484
2025-09-06 13:30:00,1757190900.0,34.833333333333336,26.5,43.05283333333333,9.166666666666666,9.666666666666666,35.613299,-119.68957633333332,,1,36,44.482296464938614
2025-09-06 14:30:00,1757194500.0,36.16666666666666,22.166666666666668,42.664,8.333333333333334,8.5,35.61325816666666,-119.689542,,1,36,43.46569999253471
2025-09-06 15:30:00,1757198100.0,37.0,18.5,42.82066666666666,4.833333333333333,5.166666666666667,35.613299,-119.6895815,,1,36,42.17858478712142
2025-09-06 16:30:00,1757201700.0,36.0,18.0,41.3035,4.833333333333333,5.166666666666667,35.613232333333336,-119.68964,,1,36,39.97199339606563
2025-09-06 17:30:00,1757205300.0,35.666666666666664,14.5,40.89116666666666,2.5,2.6666666666666665,35.613292666666666,-119.6896285,,1,36,37.63325563126327
2025-09-06 18:30:00,1757208900.0,33.833333333333336,14.0,40.87266666666667,3.6666666666666665,4.0,35.61326733333333,-119.68955366666668,,1,36,36.37635597606315
2025-09-06 19:30:00,1757212500.0,30.83333333333333,20.666666666666668,32.72833333333333,5.5,5.666666666666667,35.613302,-119.68958783333332,,1,36,29.843059226356488
2025-09-06 20:30:00,1757216100.0,28.5,23.5,34.620333333333335,7.333333333333333,7.5,35.61325383333333,-119.68956616666668,,1,36,31.103281165958947
2025-09-06 21:30:00,1757219700.0,27.0,25.33333333333333,33.158,6.666666666666667,7.166666666666667,35.613249333333336,-119.68949383333332,,1,36,29.22400225462632
2025-09-06 22:30:00,1757223300.0,26.0,23.166666666666668,33.318000000000005,6.333333333333333,6.5,35.61323166666667,-119.68957266666666,,1,36,27.782482492317172
2025-09-06 23:30:00,1757226900.0,25.0,26.666666666666668,31.102,6.0,6.0,35.613224,-119.68952833333331,,1,36,26.224655267966355
2025-09-07 00:30:00,1757230500.0,23.5,32.0,24.621333333333336,7.0,7.333333333333333,35.61328,-119.68956516666668,,1,36,21.628543818938923
2025-09-07 01:30:00,1757234100.0,22.83333333333333,35.833333333333336,19.960166666666662,8.5,8.666666666666666,35.61325083333333,-119.68957133333332,,1,36,18.777618992396242
2025-09-07 02:30:00,1757237700.0,22.0,38.66666666666666,17.837833333333332,8.666666666666666,8.833333333333334,35.613247,-119.68956133333334,,1,36,17.333795899658476
2025-09-07 03:30:00,1757241300.0,20.5,41.0,13.580166666666663,9.0,9.0,35.61321133333333,-119.68956883333334,,1,36,13.428625254775092
2025-09-07 04:30:00,1757244900.0,18.666666666666668,44.66666666666666,18.00316666666667,5.5,5.5,35.6132665,-119.689645,,1,36,16.2374125661468
2025-09-07 05:30:00,1757248500.0,18.166666666666668,47.833333333333336,13.403,6.5,6.833333333333333,35.61331933333333,-119.689659,,1,36,13.265399826199328
2025-09-07 06:30:00,1757252100.0,17.666666666666668,53.333333333333336,11.746,8.0,8.333333333333334,35.613219,-119.68956133333334,,1,36,13.675098191595254
2025-09-07 07:30:00,1757255700.0,18.83333333333333,50.333333333333336,13.123333333333331,8.666666666666666,9.0,35.613231500000005,-119.68960333333332,,1,36,14.872733301257767
2025-09-07 08:30:00,1757259300.0,21.83333333333333,48.0,19.659333333333333,6.5,6.5,35.61321266666666,-119.68961983333332,,1,36,21.360611620488875
2025-09-07 09:30:00,1757262900.0,24.33333333333333,40.5,25.085,5.0,5.166666666666667,35.61326416666667,-119.6895725,,1,36,25.0014313240248
2025-09-07 10:30:00,1757266500.0,26.666666666666668,35.333333333333336,28.069666666666667,5.0,5.0,35.613261,-119.6895995,,1,36,27.541494211879915
2025-09-07 11:30:00,1757270100.0,29.166666666666668,31.0,30.542,5.0,5.0,35.61326716666667,-119.6895715,,1,36,30.062069334096094
2025-09-07 12:30:00,1757273700.0,31.0,26.5,33.655166666666666,4.666666666666667,4.833333333333333,35.6132595,-119.68959033333331,,1,36,32.51336877681568
2025-09-07 13:30:00,1757277300.0,32.833333333333336,24.0,35.309999999999995,5.0,5.333333333333333,35.61325133333333,-119.68960816666667,,1,36,34.54731363038313
2025-09-07 14:30:00,1757280900.0,34.166666666666664,21.83333333333333,33.1985,38.66666666666666,41.0,35.613237833333336,-119.68961716666666,,1,36,41.16032671357371
2025-09-07 15:30:00,1757284500.0,35.0,21.166666666666668,11.6275,50.333333333333336,50.833333333333336,35.613225166666666,-119.68960416666664,,1,36,25.747228170555474
2025-09-07 16:30:00,1757288100.0,34.0,21.666666666666668,25.956666666666667,77.5,80.33333333333333,35.613268000000005,-119.68962733333336,,1,36,44.0379544953789
2025-09-07 17:30:00,1757291700.0,34.0,22.5,32.195,23.666666666666668,24.83333333333333,35.613254,-119.68953966666668,,1,36,36.748344689045254
2025-09-07 18:30:00,1757295300.0,32.666666666666664,23.666666666666668,36.92533333333333,6.333333333333333,6.5,35.61323816666667,-119.68958533333334,,1,36,35.99118850335255
2025-09-07 19:30:00,1757298900.0,30.33333333333333,26.5,31.370666666666665,6.333333333333333,6.666666666666667,35.613232833333335,-119.6895725,,1,36,30.47673379418977
2025-09-07 20:30:00,1757302500.0,28.33333333333333,29.666666666666668,25.68233333333333,6.0,6.166666666666667,35.613287666666665,-119.68955866666666,,1,36,25.099452197849594
2025-09-07 21:30:00,1757306100.0,26.5,32.666666666666664,23.4305,1.8333333333333333,1.8333333333333333,35.61318766666667,-119.6896555,,1,36,21.815814126786194
2025-09-07 22:30:00,1757309700.0,25.33333333333333,36.833333333333336,21.369,0.8333333333333334,1.0,35.61325516666667,-119.6895715,,1,36,20.36062917163826
2025-09-07 23:30:00,1757313300.0,25.0,39.833333333333336,22.269,0.0,0.0,35.613260333333336,-119.689518,,1,36,21.67270265672287
2025-09-08 00:30:00,1757316900.0,24.0,43.5,21.98,0.0,0.0,35.61323216666667,-119.68960183333331,,1,37,22.05657493721379
2025-09-08 01:30:00,1757320500.0,23.166666666666668,46.833333333333336,17.930666666666667,0.0,0.1666666666666666,35.6132055,-119.68953700000002,,1,37,19.110810798332516
2025-09-08 02:30:00,1757324100.0,22.0,50.333333333333336,14.370666666666668,0.5,0.6666666666666666,35.613241,-119.68962866666668,,1,37,16.493931608595673
2025-09-08 03:30:00,1757327700.0,21.166666666666668,52.66666666666666,14.909666666666666,0.0,0.0,35.613302000000004,-119.68969966666668,,1,37,16.98147992272517
2025-09-08 04:30:00,1757331300.0,20.666666666666668,54.333333333333336,13.096166666666669,0.5,0.6666666666666666,35.61327683333334,-119.689561,,1,37,15.752545148170412
2025-09-08 05:30:00,1757334900.0,19.5,57.16666666666666,10.119666666666667,0.3333333333333333,0.3333333333333333,35.61325216666666,-119.68958266666668,,1,37,13.23791101636239
2025-09-08 08:30:00,1757345700.0,23.666666666666668,51.333333333333336,17.427666666666667,2.5,2.5,35.61319966666667,-119.68956866666667,,1,37,21.13705727330813
2025-09-08 09:30:00,1757349300.0,25.83333333333333,46.333333333333336,22.97433333333333,2.833333333333333,2.833333333333333,35.6132425,-119.68962,,1,37,25.889080299248796
2025-09-08 10:30:00,1757352900.0,28.33333333333333,39.333333333333336,27.732333333333333,2.1666666666666665,2.1666666666666665,35.613247666666666,-119.6896185,,1,37,29.30995741821657
2025-09-08 11:30:00,1757356500.0,30.5,35.0,31.288833333333333,2.1666666666666665,2.1666666666666665,35.61323166666667,-119.68958916666668,,1,37,32.50768915681708
2025-09-08 12:30:00,1757360100.0,32.166666666666664,30.83333333333333,34.51433333333333,2.1666666666666665,2.6666666666666665,35.61327033333333,-119.68958283333336,,1,37,35.15082000873838
2025-09-08 13:30:00,1757363700.0,33.666666666666664,27.33333333333333,35.78616666666667,2.0,2.0,35.613257,-119.689677,,1,37,36.09759239653691
2025-09-08 14:30:00,1757367300.0,34.166666666666664,25.83333333333333,35.0175,1.8333333333333333,1.8333333333333333,35.613285166666664,-119.68965883333334,,1,37,35.27223190489899
2025-09-08 15:30:00,1757370900.0,34.166666666666664,25.666666666666668,33.937666666666665,1.3333333333333333,1.6666666666666667,35.613311833333334,-119.68961083333332,,1,37,34.20601712641097
2025-09-08 16:30:00,1757374500.0,33.833333333333336,22.166666666666668,35.076166666666666,2.333333333333333,2.5,35.6132185,-119.689597,,1,37,33.980012115924936
2025-09-08 17:30:00,1757378100.0,34.0,18.33333333333333,38.77166666666667,3.1666666666666665,3.1666666666666665,35.613231,-119.68957,,1,37,36.15746238373876
2025-09-08 18:30:00,1757381700.0,32.0,21.5,34.372,2.5,2.6666666666666665,35.613246333333336,-119.6895765,,1,37,31.830621873305716
2025-09-08 19:30:00,1757385300.0,28.666666666666668,25.166666666666668,32.141666666666666,2.1666666666666665,2.1666666666666665,35.61322333333333,-119.68954833333332,,1,37,28.57942221407943
2025-09-08 20:30:00,1757388900.0,26.5,30.83333333333333,27.927000000000003,1.1666666666666667,1.5,35.61325333333333,-119.68958033333332,,1,37,25.05905240904511
2025-09-08 21:30:00,1757392500.0,25.666666666666668,34.166666666666664,27.777,1.8333333333333333,2.1666666666666665,35.613217,-119.6895675,,1,37,25.584263387270774
2025-09-08 22:30:00,1757396100.0,24.5,43.5,23.1625,1.1666666666666667,1.1666666666666667,35.613205,-119.68958666666668,,1,37,23.71419293220663
2025-09-08 23:30:00,1757399700.0,24.0,47.5,21.18283333333333,1.0,1.0,35.61325883333333,-119.68958666666668,,1,37,22.95184999977792
2025-09-09 00:30:00,1757403300.0,23.166666666666668,49.333333333333336,19.539666666666665,1.0,1.0,35.61320166666667,-119.689532,,1,37,21.54279833455763
2025-09-09 01:30:00,1757406900.0,22.33333333333333,53.0,19.489166666666662,1.0,1.1666666666666667,35.613252,-119.68954983333332,,1,37,22.121436494371117
2025-09-09 02:30:00,1757410500.0,21.33333333333333,58.0,18.575666666666667,1.6666666666666667,1.6666666666666667,35.613259,-119.68953216666668,,1,37,22.414062667002725
2025-09-09 03:30:00,1757414100.0,21.0,59.5,17.0075,2.0,2.0,35.61320933333334,-119.68958166666664,,1,37,21.408562336397644
2025-09-09 04:30:00,1757417700.0,21.0,58.66666666666666,18.4795,1.6666666666666667,2.0,35.61318766666667,-119.689546,,1,37,22.336538598036974
2025-09-09 05:30:00,1757421300.0,20.83333333333333,58.16666666666666,17.841833333333334,2.0,2.0,35.61321316666667,-119.68954733333334,,1,37,21.55027234808366
2025-09-09 06:30:00,1757424900.0,20.0,61.333333333333336,16.240333333333336,2.333333333333333,2.333333333333333,35.613235,-119.68959666666666,,1,37,20.701988692975895
2025-09-09 07:30:00,1757428500.0,20.5,59.333333333333336,13.027,2.1666666666666665,2.5,35.613287666666665,-119.68959416666668,,1,37,17.65238970256953
2025-09-09 08:30:00,1757432100.0,22.33333333333333,54.333333333333336,15.601666666666668,3.333333333333333,3.333333333333333,35.61327983333333,-119.68961983333332,,1,37,19.787562536557793
2025-09-09 09:30:00,1757435700.0,25.0,47.66666666666666,21.412000000000003,2.0,2.0,35.613226,-119.68958916666666,,1,37,24.184366201516376
2025-09-09 10:30:00,1757439300.0,26.5,45.333333333333336,23.804166666666664,1.3333333333333333,1.3333333333333333,35.613219,-119.68960833333334,,1,37,26.403729259428268
2025-09-09 11:30:00,1757442900.0,28.166666666666668,41.66666666666666,25.769,1.1666666666666667,1.1666666666666667,35.613221,-119.68960566666664,,1,37,28.054531853432806
2025-09-09 12:30:00,1757446500.0,30.0,37.66666666666666,27.36683333333333,1.3333333333333333,1.8333333333333333,35.613216333333334,-119.68960066666666,,1,37,29.527831018357972
2025-09-09 13:30:00,1757450100.0,30.83333333333333,34.833333333333336,29.494,1.3333333333333333,1.3333333333333333,35.613269,-119.689588,,1,37,30.970932158694808
2025-09-09 14:30:00,1757453700.0,31.666666666666668,33.0,30.8345,1.6666666666666667,1.6666666666666667,35.6132355,-119.68953966666668,,1,37,32.200587469852834
2025-09-09 15:30:00,1757457300.0,32.0,32.166666666666664,32.085,2.0,2.0,35.61323566666667,-119.68958033333332,,1,37,33.31595147913198
2025-09-09 16:30:00,1757460900.0,30.5,34.333333333333336,31.16133333333333,2.1666666666666665,2.333333333333333,35.61318383333333,-119.6895725,,1,37,32.19049642481792
2025-09-09 17:30:00,1757464500.0,30.83333333333333,31.166666666666668,29.22433333333333,1.0,1.0,35.613258333333334,-119.6895815,,1,37,29.434567023669445
2025-09-09 18:30:00,1757468100.0,28.83333333333333,33.5,28.774833333333333,1.1666666666666667,1.6666666666666667,35.613217166666665,-119.68960583333336,,1,37,28.426917260037207
2025-09-09 19:30:00,1757471700.0,26.5,34.0,28.051666666666662,3.333333333333333,3.5,35.6132295,-119.68957666666668,,1,37,26.7235792236661
2025-09-09 20:30:00,1757475300.0,25.0,36.333333333333336,26.533,1.0,1.0,35.6132495,-119.689616,,1,37,24.52469403491657
2025-09-09 21:30:00,1757478900.0,23.5,42.5,26.77116666666667,1.0,1.0,35.61323433333333,-119.68960816666667,,1,37,25.675459081782066
2025-09-09 22:30:00,1757482500.0,22.83333333333333,47.0,24.8715,1.0,1.0,35.61323066666667,-119.689556,,1,37,25.064143819267528
2025-09-09 23:30:00,1757486100.0,21.83333333333333,53.833333333333336,23.887666666666664,1.3333333333333333,1.5,35.61325716666667,-119.68958516666667,,1,37,25.861013936774143
2025-09-10 00:30:00,1757489700.0,21.83333333333333,55.16666666666666,22.5945,1.0,1.0,35.613278,-119.68959916666668,,1,37,25.109958754446303
2025-09-10 01:30:00,1757493300.0,21.33333333333333,56.66666666666666,21.708166666666667,1.1666666666666667,1.1666666666666667,35.61325216666666,-119.68958816666668,,1,37,24.522849040049472
2025-09-10 02:30:00,1757496900.0,21.0,57.5,21.09233333333333,1.1666666666666667,1.5,35.6132665,-119.68956133333334,,1,37,24.05759853441777
2025-09-10 03:30:00,1757500500.0,20.166666666666668,61.16666666666666,21.516333333333336,1.8333333333333333,1.8333333333333333,35.61318083333333,-119.68951416666664,,1,37,25.154729362987133
2025-09-10 04:30:00,1757504100.0,20.0,61.833333333333336,21.15116666666667,1.8333333333333333,1.8333333333333333,35.61325766666667,-119.68956266666667,,1,37,24.942154879512003
2025-09-10 05:30:00,1757507700.0,19.33333333333333,63.833333333333336,19.909333333333333,2.0,2.0,35.61326666666667,-119.6895955,,1,37,24.094934396204636
2025-09-10 06:30:00,1757511300.0,18.83333333333333,66.0,16.039666666666665,2.1666666666666665,2.1666666666666665,35.613236,-119.689603,,1,37,21.184825452932856
2025-09-10 07:30:00,1757514900.0,19.666666666666668,65.16666666666667,18.211666666666662,2.833333333333333,3.0,35.6132435,-119.6895715,,1,37,23.552532697457245
2025-09-10 08:30:00,1757518500.0,21.666666666666668,56.66666666666666,20.78333333333333,2.1666666666666665,2.1666666666666665,35.613236,-119.68958166666664,,1,37,24.218425738059054
2025-09-10 09:30:00,1757522100.0,23.5,53.16666666666666,23.109666666666666,2.0,2.0,35.613192,-119.6896005,,1,37,26.357605291579482
2025-09-10 10:30:00,1757525700.0,25.166666666666668,48.16666666666666,25.21133333333333,2.0,2.0,35.61322966666666,-119.68958533333334,,1,37,27.718356465415532
2025-09-10 11:30:00,1757529300.0,26.5,44.66666666666666,26.4735,2.0,2.0,35.613245666666664,-119.68957766666666,,1,37,28.61657605411108
2025-09-10 12:30:00,1757532900.0,28.33333333333333,40.0,27.7655,2.0,2.0,35.613271833333336,-119.6895345,,1,37,29.52195095972054
2025-09-10 13:30:00,1757536500.0,29.33333333333333,37.16666666666666,29.20583333333333,2.1666666666666665,2.1666666666666665,35.613254500000004,-119.68955233333332,,1,37,30.586699405933274
2025-09-10 14:30:00,1757540100.0,30.0,34.666666666666664,29.34783333333333,2.1666666666666665,2.333333333333333,35.6133035,-119.68951666666668,,1,37,30.38212770643355
2025-09-10 15:30:00,1757543700.0,29.5,34.5,28.2835,2.333333333333333,2.5,35.613231,-119.68960433333332,,1,37,29.08523913571443
2025-09-10 16:30:00,1757547300.0,29.0,34.833333333333336,27.18166666666667,0.8333333333333334,1.0,35.61327283333333,-119.68957766666666,,1,37,27.529122918571247
2025-09-10 17:30:00,1757550900.0,29.166666666666668,35.166666666666664,26.991333333333333,0.1666666666666666,0.1666666666666666,35.613240999999995,-119.68955483333332,,1,37,27.429719345694593
2025-09-10 18:30:00,1757554500.0,27.33333333333333,38.333333333333336,26.97383333333333,0.0,0.1666666666666666,35.6132385,-119.689607,,1,37,27.085307437430018
2025-09-10 19:30:00,1757558100.0,24.5,46.333333333333336,25.810166666666664,0.5,0.6666666666666666,35.61327033333333,-119.68957783333332,,1,37,26.77916450200371
2025-09-10 20:30:00,1757561700.0,22.5,53.16666666666666,23.984166666666667,0.8333333333333334,0.8333333333333334,35.613262666666664,-119.68958033333332,,1,37,26.083348530075206
2025-09-10 21:30:00,1757565300.0,21.5,56.66666666666666,24.13083333333333,0.5,1.0,35.613262166666665,-119.68957133333332,,1,37,26.601027704252523
2025-09-10 22:30:00,1757568900.0,21.166666666666668,59.0,24.447,1.0,1.0,35.613262166666665,-119.68957533333332,,1,37,27.47780838651049
2025-09-10 23:30:00,1757572500.0,21.0,60.5,23.822166666666664,1.0,1.0,35.613250666666666,-119.68957133333332,,1,37,27.322551561707606
2025-09-11 00:30:00,1757576100.0,21.0,61.0,23.05633333333333,1.0,1.0,35.613282,-119.68957633333332,,1,37,26.83630535448109
2025-09-11 01:30:00,1757579700.0,20.33333333333333,62.5,22.468833333333333,1.0,1.0,35.61327983333333,-119.689626,,1,37,26.34071248655757
2025-09-11 02:30:00,1757583300.0,20.0,63.833333333333336,21.436000000000003,1.0,1.0,35.61324583333333,-119.68959283333334,,1,37,25.657392983458976
2025-09-11 03:30:00,1757586900.0,20.0,64.0,20.8105,1.0,1.0,35.61325716666666,-119.68958916666666,,1,37,25.179342419821012
2025-09-11 04:30:00,1757590500.0,20.0,64.16666666666667,19.508666666666667,1.0,1.0,35.613269333333335,-119.68958166666664,,1,37,24.124070899880024
2025-09-11 05:30:00,1757594100.0,19.0,66.83333333333333,17.636666666666667,1.3333333333333333,1.5,35.61332266666667,-119.68961466666669,,1,37,22.768270485055652
2025-09-11 06:30:00,1757597700.0,18.666666666666668,68.33333333333333,16.071,3.8333333333333335,4.333333333333333,35.613212,-119.68954833333332,,1,37,22.307397358931247
2025-09-11 07:30:00,1757601300.0,19.33333333333333,66.83333333333333,15.726666666666668,3.5,3.6666666666666665,35.61322083333334,-119.68958283333332,,1,37,21.89925795408751
2025-09-11 08:30:00,1757604900.0,20.33333333333333,62.5,20.249166666666667,3.5,3.6666666666666665,35.6131915,-119.68958783333332,,1,37,25.05296553364657
2025-09-11 09:30:00,1757608500.0,22.0,57.66666666666666,21.61883333333333,2.5,3.0,35.61323983333333,-119.6895015,,1,37,25.637560574025855
2025-09-11 10:30:00,1757612100.0,24.0,52.0,23.965,2.0,2.0,35.613265166666665,-119.6895715,,1,37,27.069288798875114
2025-09-11 11:30:00,1757615700.0,26.0,46.0,27.203833333333336,2.0,2.0,35.613287,-119.68956616666668,,1,37,29.313976144654156
2025-09-11 12:30:00,1757619300.0,27.33333333333333,42.833333333333336,29.70583333333333,2.0,2.0,35.613266833333334,-119.68953833333336,,1,37,31.38191205110796
2025-09-11 13:30:00,1757622900.0,28.5,40.333333333333336,31.290666666666667,2.1666666666666665,2.1666666666666665,35.613259666666664,-119.68956866666667,,1,37,32.80562379903863
2025-09-11 14:30:00,1757626500.0,29.0,38.333333333333336,32.17616666666667,2.1666666666666665,2.5,35.61326416666667,-119.68966166666668,,1,37,33.29365822516533
2025-09-11 15:30:00,1757630100.0,29.83333333333333,36.16666666666666,32.886,2.1666666666666665,2.333333333333333,35.613319999999995,-119.68960333333332,,1,37,33.779809532822625
2025-09-11 16:30:00,1757633700.0,29.0,37.0,33.07416666666666,2.5,2.6666666666666665,35.61324616666666,-119.68959933333332,,1,37,33.67791911677551
2025-09-11 17:30:00,1757637300.0,28.666666666666668,36.16666666666666,33.17283333333334,3.0,3.0,35.61328,-119.68956,,1,37,33.338668952034084
2025-09-11 18:30:00,1757640900.0,27.83333333333333,38.5,32.43366666666667,3.0,3.0,35.61320883333334,-119.68956233333334,,1,37,32.86850088767008
2025-09-11 19:30:00,1757644500.0,26.5,40.833333333333336,26.686833333333336,3.1666666666666665,3.333333333333333,35.613195166666664,-119.6895025,,1,37,27.80653627028083
2025-09-11 20:30:00,1757648100.0,25.33333333333333,43.66666666666666,22.855500000000003,3.8333333333333335,4.0,35.61321833333333,-119.689593,,1,37,24.774398692673053
2025-09-11 21:30:00,1757651700.0,24.0,47.16666666666666,19.96033333333333,3.8333333333333335,4.0,35.61322083333334,-119.68959283333334,,1,37,22.482484936935357
2025-09-11 22:30:00,1757655300.0,24.0,49.0,17.930666666666667,5.166666666666667,5.5,35.613283,-119.68963616666667,,1,37,21.69433719251534
2025-09-11 23:30:00,1757658900.0,23.0,51.5,19.85983333333333,5.166666666666667,5.333333333333333,35.61324883333333,-119.68959033333334,,1,37,23.418426894113196
2025-09-12 00:30:00,1757662500.0,22.0,53.5,18.10683333333333,5.166666666666667,5.333333333333333,35.613218333333336,-119.68968083333334,,1,37,21.847357502384014
2025-09-12 01:30:00,1757666100.0,21.166666666666668,53.66666666666666,16.436333333333334,6.166666666666667,6.333333333333333,35.61325016666667,-119.68965283333334,,1,37,20.09386367381402
2025-09-12 02:30:00,1757669700.0,19.83333333333333,58.333333333333336,14.696,13.0,13.166666666666666,35.613255,-119.68962116666668,,1,37,20.79584097320774
2025-09-12 03:30:00,1757673300.0,19.666666666666668,60.333333333333336,16.286333333333335,11.0,11.166666666666666,35.613292666666666,-119.68959033333331,,1,37,22.224992675842316
2025-09-12 04:30:00,1757676900.0,19.0,64.0,15.652333333333331,7.5,7.833333333333333,35.613242666666665,-119.68961716666666,,1,37,21.601082751172832
2025-09-12 05:30:00,1757680500.0,17.5,69.66666666666667,12.213666666666668,7.666666666666667,7.833333333333333,35.61324333333334,-119.689603,,1,37,19.47116188169373
2025-09-12 07:30:00,1757687700.0,19.166666666666668,64.83333333333333,10.621833333333331,10.0,10.5,35.61324233333334,-119.68960716666668,,1,37,18.31741028482991
2025-09-12 08:30:00,1757691300.0,21.666666666666668,57.833333333333336,18.9095,9.0,9.5,35.61328683333333,-119.6895535,,1,37,24.67178729554827
2025-09-12 09:30:00,1757694900.0,24.33333333333333,51.16666666666666,25.230833333333333,8.333333333333334,8.666666666666666,35.613298,-119.689622,,1,37,29.647771587313002
2025-09-12 10:30:00,1757698500.0,26.5,44.833333333333336,30.828166666666664,6.833333333333333,6.833333333333333,35.61321883333333,-119.68959166666669,,1,37,33.533168355747605
2025-09-12 11:30:00,1757702100.0,28.0,41.333333333333336,32.188,6.333333333333333,6.666666666666667,35.61327033333333,-119.68958916666666,,1,37,34.54997048083318
2025-09-12 12:30:00,1757705700.0,28.666666666666668,38.5,33.12083333333333,6.0,6.0,35.613248,-119.68957783333332,,1,37,34.78554613120154
2025-09-12 13:30:00,1757709300.0,30.33333333333333,34.666666666666664,34.85366666666667,5.166666666666667,5.5,35.613226000000004,-119.68954466666666,,1,37,36.05426444912878
2025-09-12 14:30:00,1757712900.0,31.166666666666668,31.83333333333333,36.07866666666667,6.333333333333333,6.5,35.61322466666667,-119.68958283333332,,1,37,37.03315003731804
2025-09-12 15:30:00,1757716500.0,31.33333333333333,31.33333333333333,36.194,6.666666666666667,6.666666666666667,35.61327583333334,-119.6895995,,1,37,37.15243707080718
2025-09-12 16:30:00,1757720100.0,30.5,32.833333333333336,36.36083333333333,6.333333333333333,6.5,35.6132175,-119.689602,,1,37,37.11242059095734
2025-09-12 17:30:00,1757723700.0,30.33333333333333,32.833333333333336,36.96,5.833333333333333,5.833333333333333,35.61320683333333,-119.68955233333332,,1,37,37.36657399219351
2025-09-12 18:30:00,1757727300.0,29.666666666666668,34.166666666666664,35.89366666666667,6.5,6.666666666666667,35.6131845,-119.689588,,1,37,36.57913267840283
2025-09-12 19:30:00,1757730900.0,28.0,36.66666666666666,28.832,7.5,7.5,35.613231166666665,-119.689588,,1,37,30.37042359362583
2025-09-12 20:30:00,1757734500.0,26.166666666666668,41.5,22.150166666666667,8.5,8.833333333333334,35.613224,-119.68963366666668,,1,37,25.1871338175879
2025-09-12 21:30:00,1757738100.0,24.33333333333333,45.66666666666666,16.55333333333333,8.333333333333334,8.5,35.613234,-119.68958916666668,,1,37,20.386186003220942
2025-09-12 22:30:00,1757741700.0,23.166666666666668,48.333333333333336,15.7955,8.0,8.166666666666666,35.61322783333333,-119.6896145,,1,37,19.684610780920472
2025-09-12 23:30:00,1757745300.0,22.666666666666668,47.333333333333336,17.168499999999998,6.5,6.666666666666667,35.61319233333334,-119.68962866666668,,1,37,19.794365802329374
2025-09-13 00:30:00,1757748900.0,21.166666666666668,50.333333333333336,15.248666666666663,9.666666666666666,10.0,35.61323333333333,-119.68959283333334,,1,37,18.80790565184558
2025-09-13 01:30:00,1757752500.0,21.0,49.833333333333336,18.970333333333333,7.333333333333333,7.5,35.613272,-119.6895865,,1,37,21.12557697960002
2025-09-13 02:30:00,1757756100.0,21.0,50.333333333333336,19.865666666666662,6.333333333333333,6.833333333333333,35.6132805,-119.68957516666666,,1,37,21.849851487066765
2025-09-13 03:30:00,1757759700.0,20.33333333333333,52.833333333333336,19.471666666666668,7.333333333333333,7.833333333333333,35.61325,-119.689598,,1,37,22.09086987011098
2025-09-13 04:30:00,1757763300.0,19.33333333333333,55.833333333333336,15.250833333333333,6.666666666666667,7.0,35.61322966666666,-119.68954966666666,,1,37,18.575729456869603
2025-09-13 05:30:00,1757766900.0,19.0,57.16666666666666,11.277666666666669,9.666666666666666,10.0,35.61321466666667,-119.6895205,,1,37,16.093211717116567
2025-09-13 06:30:00,1757770500.0,18.5,57.5,12.779833333333334,9.666666666666666,9.666666666666666,35.6132405,-119.689584,,1,37,17.08508286082059
2025-09-13 07:30:00,1757774100.0,20.5,55.0,14.804333333333334,8.5,9.0,35.61321283333333,-119.68957133333332,,1,37,19.23300109481496
2025-09-13 08:30:00,1757777700.0,24.5,46.5,23.266666666666666,7.666666666666667,8.0,35.613213333333334,-119.68961466666669,,1,37,26.375656255284895
2025-09-13 09:30:00,1757781300.0,27.0,40.333333333333336,31.112333333333336,8.833333333333334,9.0,35.613240999999995,-119.68951166666666,,1,37,33.12992574940098
2025-09-13 10:30:00,1757784900.0,29.166666666666668,37.16666666666666,34.809333333333335,7.5,7.5,35.613243,-119.68959183333334,,1,37,36.5076385424335
2025-09-13 11:30:00,1757788500.0,30.666666666666668,35.166666666666664,38.465,7.0,7.166666666666667,35.61322416666667,-119.68961066666668,,1,37,39.97114299792
2025-09-13 12:30:00,1757792100.0,31.83333333333333,32.5,39.569,7.0,7.0,35.613262166666665,-119.68952683333332,,1,37,40.87447152288459
2025-09-13 13:30:00,1757795700.0,33.333333333333336,30.33333333333333,40.34783333333333,8.0,8.166666666666666,35.613212999999995,-119.68955233333332,,1,37,42.18206194309958
2025-09-13 14:30:00,1757799300.0,34.0,28.83333333333333,41.11416666666667,12.333333333333334,12.666666666666666,35.613247,-119.68956883333334,,1,37,43.87096317289662
2025-09-13 15:30:00,1757802900.0,34.0,28.33333333333333,41.117333333333335,14.666666666666666,14.833333333333334,35.6132265,-119.68956883333334,,1,37,44.243953267461634
2025-09-13 16:30:00,1757806500.0,33.0,28.83333333333333,41.083333333333336,20.666666666666668,20.83333333333333,35.61322716666667,-119.689617,,1,37,45.05839366404109
2025-09-13 17:30:00,1757810100.0,33.0,29.5,40.75933333333334,17.5,17.833333333333332,35.61326966666667,-119.68960833333334,,1,37,44.270081635327514
2025-09-13 18:30:00,1757813700.0,32.166666666666664,30.5,39.220666666666666,20.5,20.666666666666668,35.613258333333334,-119.6896045,,1,37,43.36676376147621
2025-09-13 19:30:00,1757817300.0,29.83333333333333,34.833333333333336,30.2175,25.0,25.5,35.6132975,-119.68957516666666,,1,37,36.49138234489506
2025-09-13 20:30:00,1757820900.0,27.83333333333333,39.333333333333336,28.114166666666662,24.666666666666668,25.0,35.61324366666667,-119.6896185,,1,37,34.62003255342856
2025-09-13 21:30:00,1757824500.0,26.166666666666668,43.5,21.95083333333333,17.666666666666668,18.33333333333333,35.61324266666667,-119.6896145,,1,37,27.886186367598263
2025-09-13 22:30:00,1757828100.0,24.166666666666668,46.66666666666666,15.9485,18.83333333333333,19.0,35.61318966666666,-119.68958166666664,,1,37,22.566506596631314
2025-09-13 23:30:00,1757831700.0,24.0,44.833333333333336,20.1495,11.166666666666666,11.833333333333334,35.61324633333333,-119.68958283333336,,1,37,23.643387888682994
2025-09-14 00:30:00,1757835300.0,24.0,46.333333333333336,19.82733333333333,13.0,13.333333333333334,35.613258333333334,-119.68959783333332,,1,37,24.275013514170666
2025-09-14 01:30:00,1757838900.0,23.0,49.833333333333336,18.149833333333333,16.5,17.0,35.613249,-119.68957783333332,,1,37,24.11384820469447
2025-09-14 02:30:00,1757842500.0,21.33333333333333,53.333333333333336,15.3635,17.833333333333332,18.666666666666668,35.61326233333333,-119.68952683333332,,1,37,22.01188917167397
2025-09-14 03:30:00,1757846100.0,21.33333333333333,54.16666666666666,19.138666666666666,14.166666666666666,14.833333333333334,35.613208,-119.689579,,1,37,24.629911756046937
2025-09-14 04:30:00,1757849700.0,20.83333333333333,56.333333333333336,16.906499999999998,23.166666666666668,23.83333333333333,35.6132025,-119.68956366666669,,1,37,25.208622790599087
2025-09-14 07:30:00,1757860500.0,19.166666666666668,58.333333333333336,10.620166666666666,18.166666666666668,19.0,35.61327033333333,-119.68957,,1,37,18.103308904014177
2025-09-14 08:30:00,1757864100.0,22.666666666666668,49.5,20.749666666666663,13.333333333333334,14.0,35.61328066666667,-119.68956,,1,37,25.23804975271473
2025-09-14 09:30:00,1757867700.0,25.0,41.833333333333336,28.440166666666663,10.166666666666666,10.166666666666666,35.61321433333333,-119.689593,,1,37,30.163529142686173
2025-09-14 10:30:00,1757871300.0,27.0,35.333333333333336,32.535666666666664,8.666666666666666,8.666666666666666,35.613214,-119.68962983333334,,1,37,32.61686106627032
2025-09-14 11:30:00,1757874900.0,29.33333333333333,31.166666666666668,34.06366666666667,7.833333333333333,7.833333333333333,35.613259,-119.689588,,1,37,34.06591810272103
2025-09-14 12:30:00,1757878500.0,31.5,28.0,35.8095,7.5,8.0,35.613252,-119.68957883333331,,1,37,36.074218256231774
2025-09-14 13:30:00,1757882100.0,32.833333333333336,26.33333333333333,37.9365,7.5,7.833333333333333,35.61325216666666,-119.6895865,,1,37,38.30941691084011
2025-09-14 14:30:00,1757885700.0,33.833333333333336,25.166666666666668,39.14733333333333,7.333333333333333,7.666666666666667,35.61325516666667,-119.689579,,1,37,39.65724433904724
2025-09-14 15:30:00,1757889300.0,34.166666666666664,25.5,39.54666666666667,8.0,8.166666666666666,35.61327116666667,-119.68954216666668,,1,37,40.50082734492322
2025-09-14 16:30:00,1757892900.0,33.333333333333336,26.33333333333333,39.84983333333333,8.5,8.5,35.61324,-119.68958933333332,,1,37,40.52177421660679
2025-09-14 17:30:00,1757896500.0,33.333333333333336,26.0,40.507333333333335,8.833333333333334,9.333333333333334,35.61325716666666,-119.68956616666668,,1,37,41.094570647720346
2025-09-14 18:30:00,1757900100.0,32.333333333333336,27.33333333333333,38.974,9.333333333333334,9.833333333333334,35.6132165,-119.68956883333334,,1,37,39.60620634498824
2025-09-14 19:30:00,1757903700.0,29.666666666666668,31.666666666666668,27.259666666666664,11.5,12.0,35.61321083333333,-119.68953933333334,,1,37,29.58687855703846
2025-09-14 20:30:00,1757907300.0,27.666666666666668,35.666666666666664,23.2755,11.166666666666666,11.333333333333334,35.61329083333333,-119.68957266666666,,1,37,25.928192183675534
2025-09-14 21:30:00,1757910900.0,26.33333333333333,40.16666666666666,23.08533333333333,12.333333333333334,12.833333333333334,35.6132435,-119.68957766666666,,1,37,26.585340236027015
2025-09-14 22:30:00,1757914500.0,23.33333333333333,45.0,14.015666666666666,13.166666666666666,13.333333333333334,35.613224,-119.68955483333332,,1,37,18.397144236311846
2025-09-14 23:30:00,1757918100.0,22.33333333333333,46.333333333333336,13.624,16.666666666666668,16.833333333333332,35.613239166666666,-119.689532,,1,37,18.593390386371787
2025-09-15 00:30:00,1757921400.0,22.8,42.4,19.3806,11.8,12.0,35.6132444,-119.6895736,,1,38,21.53561590882469
2025-09-15 01:30:00,1757924701.0,21.5,45.833333333333336,18.937166666666663,9.666666666666666,9.833333333333334,35.61322966666666,-119.6895585,,1,38,20.83062933931013
2025-09-15 02:30:00,1757928301.0,20.666666666666668,50.66666666666666,18.358833333333333,7.0,7.333333333333333,35.613228,-119.6894545,,1,38,20.71795794979696
2025-09-15 03:30:00,1757931901.0,19.33333333333333,55.66666666666666,16.101166666666668,5.333333333333333,5.666666666666667,35.613217666666664,-119.68956,,1,38,19.077617741228508
2025-09-15 04:30:00,1757935501.0,18.5,59.833333333333336,12.780166666666666,5.333333333333333,5.5,35.6132785,-119.68957916666666,,1,38,17.002849300602193
2025-09-15 08:30:00,1757949901.0,23.83333333333333,50.0,19.686666666666667,4.333333333333333,4.666666666666667,35.61321183333333,-119.68954733333334,,1,38,23.353985457393755
2025-09-15 09:30:00,1757953501.0,27.0,45.0,23.866333333333333,3.6666666666666665,3.8333333333333335,35.613245,-119.68954733333334,,1,38,27.432212845838045
2025-09-15 10:30:00,1757957101.0,28.666666666666668,41.16666666666666,28.354333333333333,3.1666666666666665,3.1666666666666665,35.613236,-119.689565,,1,38,31.086956783282375
2025-09-15 11:30:00,1757960701.0,30.666666666666668,35.166666666666664,32.48616666666667,3.1666666666666665,3.8333333333333335,35.61323466666666,-119.68958016666666,,1,38,34.15285422579555
2025-09-15 12:30:00,1757964301.0,32.5,31.666666666666668,34.41983333333334,4.0,4.0,35.613248166666665,-119.6895725,,1,38,36.13458560136118
2025-09-15 13:30:00,1757967901.0,33.833333333333336,28.0,37.9485,5.5,5.5,35.613221333333335,-119.68960549999998,,1,38,39.26650148290531
2025-09-15 14:30:00,1757971501.0,35.5,25.5,40.54583333333333,6.333333333333333,6.666666666666667,35.613172,-119.6896185,,1,38,42.11390581703537
2025-09-15 15:30:00,1757975101.0,36.0,24.33333333333333,42.6475,7.5,7.5,35.613299500000004,-119.6896145,,1,38,44.1359510661772
2025-09-15 16:30:00,1757978701.0,35.166666666666664,25.5,43.455000000000005,8.833333333333334,8.833333333333334,35.613211166666666,-119.6895765,,1,38,44.91095659708219
2025-09-15 17:30:00,1757982301.0,35.0,25.5,44.3595,9.833333333333334,10.0,35.61327683333334,-119.689541,,1,38,45.81035937477523
2025-09-15 18:30:00,1757985901.0,34.166666666666664,26.666666666666668,43.8415,11.333333333333334,11.833333333333334,35.613221833333334,-119.6895815,,1,38,45.52310357122744
2025-09-15 19:30:00,1757989501.0,32.0,29.666666666666668,34.86516666666667,11.833333333333334,11.833333333333334,35.613265500000004,-119.6895955,,1,38,37.327559360761086
2025-09-15 20:30:00,1757993101.0,29.0,36.833333333333336,28.659333333333336,12.666666666666666,12.833333333333334,35.613219666666666,-119.6895955,,1,38,32.408834300753966
2025-09-15 21:30:00,1757996701.0,26.5,43.16666666666666,21.840333333333334,13.666666666666666,14.166666666666666,35.613233,-119.689588,,1,38,27.114291485262413
2025-09-15 22:30:00,1758000301.0,25.166666666666668,43.16666666666666,18.15183333333333,13.333333333333334,13.666666666666666,35.613255833333334,-119.68959666666666,,1,38,22.88010393133755
2025-09-15 23:30:00,1758003901.0,24.666666666666668,37.16666666666666,24.58366666666667,8.666666666666666,9.0,35.61327583333333,-119.68955366666668,,1,38,24.88405529111715
2025-09-16 00:30:00,1758007501.0,24.666666666666668,34.666666666666664,29.816333333333333,7.0,7.166666666666667,35.613243833333335,-119.68957916666666,,1,38,28.103761744093212
2025-09-16 01:30:00,1758011101.0,23.25,38.75,21.368,10.75,11.0,35.613223,-119.68955625,,1,38,22.10087599470578
2025-09-16 02:30:00,1758014701.0,21.666666666666668,41.333333333333336,16.145,12.166666666666666,12.5,35.613226,-119.68959916666664,,1,38,17.67211297615905
2025-09-16 03:30:00,1758018301.0,21.5,43.16666666666666,20.945,10.166666666666666,10.5,35.61330433333333,-119.68958033333332,,1,38,21.784788610464695
2025-09-16 04:30:00,1758021901.0,21.166666666666668,47.0,21.2615,11.166666666666666,11.666666666666666,35.613252833333334,-119.68959933333332,,1,38,23.341379288839512
2025-09-16 05:30:00,1758025501.0,20.5,49.833333333333336,14.788333333333334,15.333333333333334,16.166666666666668,35.613249833333334,-119.68961066666668,,1,38,19.284910037431978
2025-09-16 06:30:00,1758029401.0,19.4,54.8,13.1958,19.4,20.2,35.6132516,-119.6896012,,1,38,19.729176220601275
2025-09-16 07:30:00,1758032701.0,20.83333333333333,51.5,13.786,8.833333333333334,9.666666666666666,35.613276500000005,-119.68958766666668,,1,38,17.69658794442561
2025-09-16 08:30:00,1758036301.0,26.0,40.833333333333336,16.360833333333332,7.666666666666667,8.5,35.61336766666667,-119.68963883333332,,1,38,19.893611250808313
2025-09-16 09:30:00,1758039901.0,29.33333333333333,34.666666666666664,30.200333333333333,6.5,6.833333333333333,35.613296,-119.6895625,,1,38,31.801734582483732
2025-09-16 10:30:00,1758043501.0,32.166666666666664,30.33333333333333,39.361666666666665,6.666666666666667,6.666666666666667,35.613233666666666,-119.68959316666668,,1,38,40.28913269960438
2025-09-16 11:30:00,1758047101.0,34.166666666666664,27.33333333333333,48.300666666666665,10.166666666666666,10.5,35.613259,-119.68958033333332,,1,38,49.26097709987522
2025-09-16 12:30:00,1758050701.0,36.333333333333336,25.166666666666668,49.86483333333334,10.666666666666666,11.0,35.6133015,-119.68970733333332,,1,38,51.601936726365665
2025-09-16 13:30:00,1758054301.0,38.0,20.0,51.96633333333333,9.333333333333334,9.333333333333334,35.61322283333333,-119.6895765,,1,38,52.56155679263571
2025-09-16 14:30:00,1758057901.0,39.0,18.5,52.29983333333333,7.833333333333333,8.0,35.61319866666667,-119.689644,,1,38,52.74814852030528
2025-09-16 15:30:00,1758061501.0,39.333333333333336,17.666666666666668,50.31466666666668,6.666666666666667,6.666666666666667,35.61324316666667,-119.68957383333333,,1,38,50.7321200576246
2025-09-16 16:30:00,1758065101.0,38.0,18.0,48.834,5.333333333333333,5.5,35.613241333333335,-119.68952066666668,,1,38,48.28658206516448
2025-09-16 17:30:00,1758068701.0,37.833333333333336,18.0,47.5805,5.333333333333333,5.5,35.6132845,-119.68950916666664,,1,38,47.09270843330472
2025-09-16 18:30:00,1758072301.0,36.66666666666666,19.33333333333333,43.92683333333333,5.166666666666667,5.166666666666667,35.61320516666667,-119.68955733333333,,1,38,43.498064863024325
2025-09-16 19:30:00,1758075901.0,33.5,22.666666666666668,35.6855,5.833333333333333,6.166666666666667,35.61327433333334,-119.68957883333331,,1,38,35.41028716640852
2025-09-16 20:30:00,1758079501.0,31.5,28.0,30.933333333333334,5.333333333333333,5.5,35.613272333333335,-119.689578,,1,38,31.517747435158213
2025-09-16 21:30:00,1758083101.0,29.666666666666668,30.666666666666668,24.517666666666667,2.0,2.0,35.61331066666667,-119.68955616666666,,1,38,24.766177834969795
2025-09-16 22:30:00,1758086701.0,29.0,32.666666666666664,27.282666666666668,1.1666666666666667,1.3333333333333333,35.61323633333333,-119.689588,,1,38,27.116633701358126
2025-09-16 23:30:00,1758090301.0,29.0,33.0,28.125833333333333,1.0,1.0,35.613213,-119.68956516666668,,1,38,27.89358573274358
2025-09-17 00:30:00,1758093901.0,28.166666666666668,34.333333333333336,26.313333333333333,1.1666666666666667,1.1666666666666667,35.6132475,-119.68956883333334,,1,38,26.212114587247214
2025-09-17 01:30:00,1758097501.0,27.0,37.0,23.995666666666665,1.3333333333333333,1.3333333333333333,35.61326366666667,-119.68960816666667,,1,38,24.297664389035518
2025-09-17 02:30:00,1758101101.0,25.83333333333333,38.0,24.314666666666668,2.0,2.0,35.613219666666666,-119.68961983333332,,1,38,24.19400502100673
2025-09-17 03:30:00,1758104701.0,23.5,45.16666666666666,19.42866666666667,2.1666666666666665,2.1666666666666665,35.61320383333333,-119.689598,,1,38,20.725363356760766
2025-09-17 04:30:00,1758108301.0,21.666666666666668,51.333333333333336,13.563833333333331,3.333333333333333,3.5,35.61326016666667,-119.68960433333332,,1,38,16.710328108977812
2025-09-17 05:30:00,1758111961.0,21.4,51.0,11.3124,6.4,6.8,35.613205,-119.6895798,,1,38,15.225456430109482
2025-09-17 08:30:00,1758122521.0,25.4,43.4,15.9874,10.6,11.6,35.6133018,-119.6895706,,1,38,20.69660705079969
2025-09-17 09:30:00,1758126301.0,29.83333333333333,36.333333333333336,30.7975,7.5,8.166666666666666,35.6132265,-119.68962983333334,,1,38,33.50773836788929
2025-09-17 10:30:00,1758129901.0,32.5,29.166666666666668,41.6945,6.833333333333333,6.833333333333333,35.613202666666666,-119.689579,,1,38,42.177189991479906
2025-09-17 11:30:00,1758133501.0,34.0,25.33333333333333,47.80433333333334,5.833333333333333,6.0,35.613219,-119.68958416666668,,1,38,47.003193861550756
2025-09-17 12:30:00,1758137101.0,36.0,22.83333333333333,51.09866666666667,5.333333333333333,5.666666666666667,35.61325333333334,-119.6895675,,1,38,50.36315542365213
2025-09-17 13:30:00,1758140701.0,37.833333333333336,20.666666666666668,52.7085,5.833333333333333,6.166666666666667,35.613226,-119.6895625,,1,38,52.49495728044408
2025-09-17 14:30:00,1758144301.0,38.333333333333336,19.166666666666668,54.24066666666667,6.333333333333333,6.666666666666667,35.613261666666666,-119.68955366666668,,1,38,53.79109038306106
2025-09-17 15:30:00,1758147901.0,38.333333333333336,17.666666666666668,54.17583333333334,5.666666666666667,5.666666666666667,35.61324066666666,-119.68962083333334,,1,38,53.046311044489215
2025-09-17 16:30:00,1758151501.0,37.16666666666666,18.666666666666668,53.2655,5.833333333333333,6.0,35.613255333333335,-119.68955633333331,,1,38,51.78986314040458
2025-09-17 17:30:00,1758155101.0,37.16666666666666,20.83333333333333,49.3255,5.5,5.833333333333333,35.613297,-119.68964916666664,,1,38,49.08831994578037
2025-09-17 18:30:00,1758158701.0,33.833333333333336,29.166666666666668,46.5955,7.166666666666667,7.166666666666667,35.613254,-119.68958016666666,,1,38,47.43142492956832
2025-09-17 19:30:00,1758162301.0,31.83333333333333,34.0,36.89183333333333,9.833333333333334,10.0,35.613243833333335,-119.68957016666668,,1,38,39.92487998908416
2025-09-17 20:30:00,1758165901.0,30.5,32.666666666666664,29.15716666666667,9.833333333333334,10.333333333333334,35.61328483333333,-119.68961183333332,,1,38,31.914396653518168
2025-09-17 21:30:00,1758169501.0,31.0,28.666666666666668,35.525666666666666,4.0,4.333333333333333,35.61328433333333,-119.68959933333332,,1,38,34.98715307452498
2025-09-17 22:30:00,1758173101.0,30.0,29.5,32.4365,4.0,4.0,35.61324266666667,-119.68959316666668,,1,38,31.855682454763283
2025-09-17 23:30:00,1758176701.0,29.33333333333333,31.83333333333333,26.797,6.0,6.166666666666667,35.61324833333333,-119.6895245,,1,38,27.815627035014515
2025-09-18 00:30:00,1758180600.142857,28.857142857142858,33.0,26.38314285714285,6.428571428571429,6.428571428571429,35.61325242857143,-119.68957857142856,,1,38,27.585143479105042
2025-09-18 01:30:00,1758184500.0,28.0,32.333333333333336,31.569166666666664,4.166666666666667,4.666666666666667,35.613245,-119.689579,,1,38,30.658789282514874
2025-09-18 02:30:00,1758188100.0,28.83333333333333,31.0,34.21233333333333,4.0,4.0,35.61322033333334,-119.6895765,,1,38,33.00489293902842
2025-09-18 03:30:00,1758191700.0,28.666666666666668,30.5,36.43833333333333,4.5,4.666666666666667,35.613265,-119.68961333333334,,1,38,34.74640451402239
2025-09-18 04:30:00,1758195300.0,28.83333333333333,30.0,36.45466666666667,3.5,3.6666666666666665,35.613221,-119.68961066666668,,1,38,34.48030207404639
2025-09-18 05:30:00,1758198900.0,27.666666666666668,31.666666666666668,31.86566666666667,3.333333333333333,3.333333333333333,35.613242,-119.68962616666666,,1,38,30.198965087490066
2025-09-18 06:30:00,1758202500.0,25.5,43.5,21.056833333333334,9.333333333333334,9.666666666666666,35.61324116666667,-119.689612,,1,38,24.772102438240225
2025-09-18 07:30:00,1758206100.0,25.0,47.66666666666666,15.6625,12.0,12.833333333333334,35.61327616666667,-119.689584,,1,38,21.86637184350402
2025-09-18 08:30:00,1758209700.0,25.166666666666668,50.66666666666666,12.742166666666668,12.5,13.0,35.61322966666667,-119.68958416666668,,1,38,20.591053419297076
2025-09-18 09:30:00,1758213300.0,26.83333333333333,44.5,16.333833333333335,9.0,9.5,35.613158,-119.68960816666667,,1,38,22.004327504041314
2025-09-18 10:30:00,1758216900.0,29.166666666666668,37.0,20.665,6.333333333333333,6.5,35.61324183333333,-119.68952433333334,,1,38,24.26646043976158
2025-09-18 11:30:00,1758220500.0,29.5,42.5,27.726166666666668,10.5,11.0,35.61324583333333,-119.68955466666668,,1,38,33.39793211495163
2025-09-18 12:30:00,1758224100.0,30.0,41.66666666666666,34.03633333333333,13.666666666666666,14.333333333333334,35.61332066666667,-119.68953466666666,,1,38,39.6411247566042
2025-09-18 13:30:00,1758227700.0,27.666666666666668,51.66666666666666,28.076000000000004,11.666666666666666,12.666666666666666,35.613242166666666,-119.68964,,1,38,35.720534736732105
2025-09-18 14:30:00,1758231300.0,24.666666666666668,65.33333333333333,22.12816666666667,9.333333333333334,9.5,35.6132595,-119.68957633333332,,1,38,32.35935312753642
2025-09-18 15:30:00,1758234900.0,22.166666666666668,78.83333333333333,20.5435,10.166666666666666,10.5,35.61325083333333,-119.6895765,,1,38,33.876672167968195
2025-09-18 16:30:00,1758238500.0,21.83333333333333,85.66666666666667,19.621333333333336,12.0,12.666666666666666,35.61325333333333,-119.68961066666668,,1,38,35.59232895435241
2025-09-18 17:30:00,1758241500.0,20.25,88.0,22.6855,9.25,9.5,35.61330875,-119.68961925,,1,38,37.121860626006566
2025-09-22 12:30:00,1758570300.0,33.75,32.75,38.72475,6.5,6.5,35.613309,-119.68959625,,1,39,41.841242496953654
2025-09-22 13:30:00,1758571800.0,34.0,32.0,41.54,7.0,7.0,35.613316,-119.689575,,1,39,44.29737060485208
2025-09-26 14:30:00,1758922501.0,32.75,30.5,46.6415,5.25,5.25,35.6132355,-119.689573,,1,39,46.80439348074066
2025-09-26 15:30:00,1758924601.0,33.0,30.33333333333333,48.541,4.333333333333333,4.333333333333333,35.613222666666665,-119.68956733333334,,1,39,48.33882643125854
2025-10-07 13:30:00,1759870800.0,34.0,21.0,46.057,3.0,3.0,35.613266,-119.689545,,0,41,43.81877170766748
2025-10-08 14:30:00,1759958235.0,30.0,30.25,71.1695,2.25,2.5,35.61321175,-119.68956925,,0,41,65.21433999322053
2025-10-17 15:30:00,1760740200.0,28.0,33.0,31.288,5.666666666666667,5.666666666666667,36.13899366666666,-120.368388,,0,42,31.543261939723862
2025-10-19 11:30:00,1760897701.0,28.0,34.0,15.12,26.5,29.5,18.0695055,-60.1841735,,0,42,23.277406144238306
2025-10-19 17:30:00,1760918701.0,29.0,30.5,45.7345,15.5,16.5,36.139019,-120.3683245,,0,42,46.196964951620075
2025-10-20 10:30:00,1760980576.0,24.5,44.75,36.8025,33.0,34.25,36.1390715,-120.36829975,,0,43,44.306724356450644
2025-10-20 18:30:00,1761011101.0,21.5,54.0,19.2195,14.0,14.0,18.0695,-60.184181,,0,43,25.5543553789266
2025-10-24 11:30:00,1761332400.0,26.0,44.0,31.695,8.0,8.0,36.139023,-120.368423,40.09166666666667,0,43,34.7837579461162
2025-10-24 12:30:00,1761333000.0,26.0,43.0,36.562,8.0,8.0,36.139145,-120.368378,43.791666666666664,0,43,38.60281166602415
2025-10-25 10:30:00,1761414001.0,22.666666666666668,52.66666666666666,25.819,20.33333333333333,21.33333333333333,36.13893366666667,-120.36841066666666,39.018181818181816,0,43,33.19693488388906
2025-10-25 11:30:00,1761415801.0,24.0,49.0,36.253,17.333333333333332,18.0,36.138991,-120.36837266666667,41.074999999999996,0,43,41.12734258827149
2025-10-26 14:30:00,1761514201.0,28.4,39.8,28.532400000000003,3.0,3.0,36.1389886,-120.3683516,37.31666666666667,0,43,31.28160665034916
2025-10-26 15:30:00,1761516301.0,28.0,39.5,34.2255,3.0,3.0,36.1389525,-120.368374,37.708333333333336,0,43,35.74224462990655
2025-10-27 12:30:00,1761593700.0,23.25,47.0,24.88375,0.0,0.25,36.13902525,-120.36835825,33.22727272727273,0,44,26.203493268218025
2025-10-27 18:30:00,1761615600.0,15.0,75.0,19.513,9.0,10.0,36.138985,-120.368378,24.633333333333336,0,44,27.04782923445697
2025-10-30 11:30:00,1761849001.0,27.8,34.8,36.7506,6.0,6.2,36.1390266,-120.3683534,43.31818181818182,0,44,37.05084026751689
2025-10-30 12:30:00,1761850801.0,30.0,33.0,40.601,6.0,6.0,36.13908,-120.368309,47.083333333333336,0,44,41.35444668420443
2025-10-30 18:30:00,1761874801.0,21.0,53.0,26.392666666666667,14.333333333333334,14.666666666666666,36.13905566666667,-120.36834966666667,38.26363636363636,0,44,31.22549441658917
2025-10-31 08:30:00,1761925800.0,14.666666666666666,72.0,18.379,24.666666666666668,25.33333333333333,36.13904166666666,-120.36839766666668,16.383333333333333,0,44,28.507258121417166
2025-11-01 11:30:00,1762021801.0,27.8,34.4,37.0356,8.8,9.2,36.1390328,-120.368367,44.90833333333333,0,44,37.84080809632134
2025-11-03 08:30:00,1762187101.0,18.33333333333333,58.5,21.082166666666662,12.833333333333334,13.0,30.115858,-100.3069915,28.814285714285713,0,45,26.32683210468695
2025-11-03 09:30:00,1762190701.0,24.83333333333333,35.5,36.04216666666667,5.333333333333333,5.5,36.13907416666667,-120.36836983333336,36.72,0,45,34.45898030360287
2025-11-03 18:30:00,1762222201.0,19.0,56.333333333333336,29.28633333333333,22.0,22.33333333333333,36.139039333333336,-120.368408,28.791666666666668,0,45,35.28474189088584
2025-11-04 08:30:00,1762274700.0,18.5,54.0,24.48425,21.0,21.75,36.1389915,-120.368357,29.474999999999998,0,45,29.833337763110407
2025-11-04 09:30:00,1762277700.0,22.33333333333333,43.66666666666666,34.092666666666666,7.0,7.0,36.1390355,-120.36839166666668,33.699999999999996,0,45,34.04752066871967
2025-11-04 10:30:00,1762281300.0,24.166666666666668,40.833333333333336,36.735,5.333333333333333,5.333333333333333,36.13907233333333,-120.36837133333334,36.56666666666667,0,45,36.32441395975192
2025-11-04 11:30:00,1762284900.0,25.666666666666668,39.5,36.56366666666667,3.5,3.8333333333333335,36.138998666666666,-120.36831666666669,37.800000000000004,0,45,36.44398924154254
2025-11-04 12:30:00,1762287900.0,27.75,36.75,75.30199999999999,4.0,4.25,36.138974000000005,-120.368366,40.958333333333336,0,45,70.24680672990827
2025-11-04 17:30:00,1762306800.0,20.2,32.2,49.0732,3.6,4.0,28.9111806,-96.2946654,39.43333333333333,0,45,40.63709977102931
2025-11-05 13:30:00,1762378800.0,20.8,53.0,33.2766,1.0,1.2,36.1390464,-120.3683838,,0,45,33.93089772456352
2025-11-05 14:30:00,1762381800.0,20.0,55.4,35.6152,1.0,1.2,36.1391024,-120.3682938,,0,45,36.13459683947917
