date_time,unixtime,m_PM25_b,m_PM1_b,m_PM10_b,tempC_sen5x,rh_sen5x,temp_C,rh,lat,lon,reference,dew_point,temp_minus_dew_point,pm_rh_interaction,pm_calibrated_clarityremake,residual,z_residual,pm_calibrated_twovar
2023-06-15 11:30:00,1686853553.5,5.1,4.86125,5.10125,34.05,32.15,28.525,44.8,36.785419000000005,-119.773127375,8.3,15.09172813397113,18.958271866028866,163.96499999999997,6.606578447147593,-1.6907549589120219,-0.40077309664824556,6.609245041087979
2023-06-15 12:30:00,1686857101.0,5.38,5.128333333333333,5.38,35.75,30.35,29.933333333333334,42.68333333333334,36.7854005,-119.77312083333334,10.3,15.662646074819767,20.08735392518023,163.28300000000002,6.881409540930132,-3.400508526510854,-0.8318227567012374,6.899491473489147
2023-06-15 13:30:00,1686860701.0,4.3116666666666665,4.111666666666667,4.3116666666666665,36.96666666666667,29.03333333333333,31.166666666666668,40.5,36.7854245,-119.77312983333331,8.4,16.01291592625894,20.953750740407727,125.18205555555555,6.073156498843598,-2.312773616757352,-0.557591562239983,6.0872263832426485
2023-06-15 14:30:00,1686864301.0,4.263333333333334,4.065,4.263333333333334,37.583333333333336,28.866666666666664,32.35,39.23333333333333,36.78550216666667,-119.77308133333334,12.2,16.450098597343477,21.13323473598986,123.06822222222222,6.0380209037364025,-6.1456596114143895,-1.5239087183077311,6.05434038858561
2023-06-15 15:30:00,1686867901.0,3.908333333333333,3.725,3.908333333333333,37.85,28.45,32.833333333333336,38.21666666666667,36.78539133333333,-119.7730385,10.3,16.449227405579602,21.4007725944204,111.19208333333333,5.769460619935632,-4.516321879945924,-1.1131328681673294,5.783678120054077
2023-06-15 16:30:00,1686871501.0,4.065,3.875,4.065,37.36666666666667,28.53333333333333,33.083333333333336,37.2,36.785379,-119.773112,8.3,16.082528969944015,21.284137696722652,115.988,5.892490496576272,-2.3932485700895008,-0.5778802763178368,5.9067514299105
2023-06-15 17:30:00,1686875101.0,9.28,8.846666666666666,9.28,36.28333333333333,30.21666666666667,32.96666666666667,37.833333333333336,36.78531433333333,-119.77312066666668,11.1,16.05279365736733,20.230539675966,280.41066666666666,9.977776606128149,-1.057147453482532,-0.2410329416936524,10.042852546517468
2023-06-15 18:30:00,1686878701.0,4.881666666666667,4.655,4.881666666666667,34.833333333333336,33.36666666666667,32.516666666666666,39.98333333333333,36.7853685,-119.77309416666668,13.0,16.353920503876,18.479412829457335,162.88494444444444,6.390429471434519,-6.610337614309499,-1.6410596919789482,6.389662385690501
2023-06-15 19:30:00,1686882301.0,5.176666666666667,4.9366666666666665,5.176666666666667,32.65,37.333333333333336,31.016666666666666,43.5,36.785465333333335,-119.77313866666668,12.2,16.201716916814025,16.448283083185974,193.26222222222225,6.499392845211123,-5.7159864935388764,-1.4155829017081742,6.484013506461123
2023-06-15 20:30:00,1686885901.0,5.208333333333333,4.965,5.208333333333333,30.48333333333333,41.78333333333333,29.46666666666667,47.26666666666666,36.78542466666666,-119.77310183333331,16.4,16.03852896757651,14.44480436575682,217.62152777777774,6.376029962384867,-10.050985468300642,-2.5084888443028013,6.349014531699356
2023-06-15 21:30:00,1686889501.0,5.59,5.331666666666667,5.59,28.9,45.63333333333333,28.28333333333333,50.7,36.78542133333333,-119.77312466666666,7.6,15.991622466423143,12.908377533576855,255.09033333333332,6.554944749684904,-1.0826813161702349,-0.24747033889518677,6.517318683829765
2023-06-15 22:30:00,1686893101.0,5.625,5.364999999999999,5.625,27.78333333333333,46.85,27.35,51.583333333333336,36.78540933333333,-119.773094,10.2,15.388046306084712,12.395287027248619,263.53125,6.542824608087299,-3.6983921790615337,-0.9069228469134438,6.501607820938466
2023-06-15 23:30:00,1686896701.0,5.716666666666666,5.4433333333333325,5.73,26.35,48.55,25.65,54.23333333333333,36.785384,-119.77310433333332,11.4,14.63417006833002,11.715829931669981,277.5441666666666,6.558039453877223,-4.885930873266891,-1.2063157887605462,6.5140691267331094
2023-06-16 00:30:00,1686900300.8333333,4.95,4.528333333333333,5.196666666666666,24.55,51.66666666666666,23.78333333333333,57.583333333333336,36.78542333333333,-119.77311333333334,8.9,13.943020367977505,10.606979632022496,255.74999999999997,5.771978974621788,-3.11530946810751,-0.7599206068815743,5.78469053189249
2023-06-16 01:30:00,1686903901.0,5.096666666666667,4.501666666666666,5.5633333333333335,23.133333333333336,53.5,22.6,59.03333333333333,36.7854405,-119.7730905,9.6,13.169672840272012,9.963660493061324,272.6716666666667,5.786132459758513,-3.7633950010177575,-0.9233108485750317,5.836604998982242
2023-06-16 02:30:00,1686907501.0,5.173333333333333,4.523333333333333,5.7,22.3,54.73333333333333,21.933333333333334,59.91666666666666,36.785443666666666,-119.7730715,7.3,12.745286860422778,9.554713139577222,283.15377777777775,5.792187876119732,-1.4461753788223888,-0.3391116111269143,5.853824621177611
2023-06-16 03:30:00,1686911101.0,5.076666666666667,4.465,5.5616666666666665,21.566666666666663,56.93333333333334,21.15,62.41666666666666,36.785467833333335,-119.77309916666668,8.7,12.664195029120592,8.902471637546071,289.0315555555556,5.6384714562719,-3.0033084476173872,-0.7316837880073449,5.696691552382612
2023-06-16 04:30:00,1686914701.0,4.831666666666667,4.366666666666666,5.148333333333333,20.666666666666668,59.71666666666667,20.26666666666667,65.26666666666667,36.78537983333333,-119.77310933333332,6.6,12.549878486927536,8.116788179739132,288.5310277777778,5.362310354173275,-1.2008509066418753,-0.2772623292537374,5.399149093358124
2023-06-16 05:30:00,1686918301.0,5.121666666666666,4.6066666666666665,5.488333333333333,20.03333333333333,61.65,19.616666666666664,67.16666666666667,36.78544866666667,-119.7731045,6.1,12.439727410778397,7.593605922554934,315.75075,5.52275362423175,-0.5371942837715586,-0.10994642648190094,5.562805716228441
2023-06-16 06:30:00,1686921901.0,5.626666666666666,5.1066666666666665,5.963333333333334,19.7,62.98333333333334,19.4,68.26666666666667,36.78542133333334,-119.773112,9.9,12.451174840264427,7.248825159735572,354.3862222222222,5.901186128873878,-3.978876739226175,-0.9776364144124587,5.921123260773825
2023-06-16 07:30:00,1686925500.8333333,5.66,5.076666666666667,6.076666666666667,21.683333333333334,56.86666666666667,20.48333333333333,64.75,36.785474666666666,-119.77310183333331,8.2,12.755235723545438,8.928097609787896,321.86533333333335,6.139806834371492,-2.031462581202347,-0.4866696302475056,6.168537418797652
2023-06-16 08:30:00,1686929101.0,5.191666666666666,4.661666666666666,5.57,26.48333333333333,44.6,23.266666666666666,56.38333333333333,36.785319,-119.77310183333331,8.5,13.445506201813545,13.037827131519785,231.54833333333332,6.201182499420576,-2.265977181177864,-0.545793611921003,6.234022818822136
2023-06-16 09:30:00,1686932701.0,4.335,3.9766666666666666,4.543333333333333,29.75,36.18333333333334,25.616666666666664,47.78333333333333,36.7854315,-119.77308033333333,7.0,13.155138217907027,16.594861782092973,156.85475000000002,5.832962417350897,-1.1518505772983287,-0.2649087505238603,5.848149422701671
2023-06-16 10:30:00,1686936301.0,4.495,4.115,4.718333333333333,32.13333333333333,32.0,27.4,43.25,36.785445,-119.77307616666668,10.4,13.355673911330156,18.777659422003175,143.84,6.094368151974706,-4.272223452098959,-1.0515926869757952,6.127776547901042
2023-06-16 11:30:00,1686939901.0,4.128333333333333,3.826666666666666,4.273333333333333,34.81666666666667,28.08333333333333,29.266666666666666,38.96666666666667,36.785439833333335,-119.77305983333332,6.5,13.65843185251195,21.15823481415472,115.93736111111109,5.939452204263736,-0.5260520091604244,-0.10713732359458154,5.973947990839576
2023-06-16 12:30:00,1686943501.0,4.001666666666667,3.741666666666666,4.095,36.1,26.933333333333334,30.3,37.7,36.78539983333334,-119.77311816666668,7.4,14.105998804634748,21.994001195365254,107.77822222222223,5.88084982017706,-1.486514783807043,-0.3492816655341089,5.913485216192957
2023-06-16 13:30:00,1686947101.0,3.863333333333333,3.6216666666666666,3.945,37.7,24.78333333333333,31.71666666666667,34.96666666666667,36.785395666666666,-119.77310683333332,6.7,14.171178516949865,23.528821483050137,95.74627777777776,5.836912523794988,-0.8203028069976623,-0.18132152696851675,5.879697193002338
2023-06-16 14:30:00,1686950701.0,3.6666666666666665,3.403333333333333,3.7883333333333336,38.48333333333333,22.73333333333333,32.88333333333333,31.28333333333333,36.78535316666667,-119.77310433333334,11.8,13.494471191814844,24.98886214151848,83.35555555555554,5.734853129466906,-6.004641351336977,-1.4883563005677871,5.795358648663024
2023-06-16 15:30:00,1686954301.0,3.455,3.233333333333333,3.53,38.15,21.8,33.13333333333333,29.33333333333333,36.78538183333333,-119.773098,8.1,12.57620369527174,25.57379630472826,75.319,5.606581290031036,-2.4413222539511406,-0.5900002364563945,5.658677746048859
2023-06-16 16:30:00,1686957901.0,3.2883333333333336,3.0966666666666662,3.3366666666666664,37.93333333333333,21.4,33.68333333333333,27.65,36.785328,-119.773112,4.8,12.115195736845099,25.81813759648823,70.37033333333333,5.494770452404612,0.7389770003707294,0.2117918688044023,5.538977000370729
2023-06-16 17:30:00,1686961501.0,4.638333333333333,4.411666666666666,4.651666666666666,37.41666666666666,20.6,33.78333333333333,25.95,36.78535516666667,-119.7730905,7.3,11.112861248154296,26.30380541851236,95.54966666666667,6.579648164549996,-0.6457500802536869,-0.1373146624997493,6.654249919746313
2023-06-16 18:30:00,1686965101.0,4.0633333333333335,3.87,4.066666666666666,35.6,23.95,32.93333333333333,29.183333333333334,36.78537133333333,-119.773112,8.8,11.886964214690869,23.71303578530913,97.31683333333334,6.041949876278268,-2.7292984051898497,-0.6626025251412749,6.070701594810151
2023-06-16 19:30:00,1686968701.0,5.548333333333333,5.286666666666666,5.548333333333333,33.7,31.35,31.78333333333333,37.083333333333336,36.78537566666667,-119.77311066666664,11.7,14.397270737321872,19.30272926267813,173.94025,6.989663816190245,-4.701104669443296,-1.159718855824221,6.998895330556703
2023-06-16 20:30:00,1686972301.0,6.568333333333334,6.263333333333333,6.568333333333334,31.3,37.18333333333333,30.1,42.68333333333334,36.78542066666667,-119.77311083333332,14.9,14.945002445918993,16.35499755408101,244.2325277777778,7.626345731688092,-7.290623358946855,-1.8125679985103094,7.609376641053145
2023-06-16 21:30:00,1686975901.0,6.03,5.746666666666667,6.031666666666666,29.35,39.61666666666667,28.766666666666666,44.06666666666666,36.78541766666667,-119.77315783333334,14.5,14.195828445095698,15.154171554904304,238.88850000000002,7.117306398631669,-7.411605639102843,-1.8430691021324603,7.088394360897157
2023-06-16 22:30:00,1686979501.0,5.966666666666666,5.6866666666666665,5.978333333333334,28.05,40.01666666666667,27.666666666666668,44.06666666666666,36.78540866666666,-119.77311316666668,10.7,13.19007782616325,14.85992217383675,238.76611111111112,7.056147574323651,-3.676999020831639,-0.9015293716447204,7.02300097916836
2023-06-16 23:30:00,1686983101.0,5.955000000000001,5.663333333333334,5.973333333333334,26.666666666666668,44.48333333333333,26.05,49.7,36.7854035,-119.7731385,8.0,13.571236723582524,13.095429943084143,264.89825,6.89371592146502,-1.1474718619397297,-0.26380482314943543,6.85252813806027
2023-06-17 00:30:00,1686986700.8333333,5.7316666666666665,5.46,5.734999999999999,25.133333333333336,48.71666666666667,24.683333333333334,53.96666666666667,36.78540366666667,-119.77312983333331,7.2,13.573482023283956,11.55985131004938,279.22769444444447,6.567440346925556,-0.6798701144659267,-0.14591673792564677,6.5201298855340735
2023-06-17 01:30:00,1686990301.0,5.738333333333333,5.468333333333334,5.741666666666667,24.08333333333333,50.51666666666667,23.58333333333333,55.833333333333336,36.7854155,-119.77308283333332,5.0,13.166973164448585,10.916360168884744,289.88147222222227,6.5107506356831895,1.4605804814951604,0.39371687900840147,6.46058048149516
2023-06-17 02:30:00,1686993901.0,5.918333333333333,5.6433333333333335,5.919999999999999,22.8,54.3,22.316666666666663,59.91666666666666,36.785385,-119.77305466666668,11.1,13.088045008803041,9.71195499119696,321.36549999999994,6.525438092395156,-4.631003804369983,-1.1420455755153467,6.468996195630017
2023-06-17 03:30:00,1686997501.0,6.2683333333333335,5.9750000000000005,6.2683333333333335,21.53333333333333,58.48333333333333,21.0,64.66666666666667,36.78537116666667,-119.773027,11.7,13.043867041057283,8.489466292276049,366.59302777777776,6.66589027240582,-5.1002048209713875,-1.2603368559286936,6.599795179028612
2023-06-17 04:30:00,1687001101.0,6.528333333333333,6.223333333333334,6.531666666666666,20.916666666666668,58.3,20.816666666666663,63.0,36.78542216666667,-119.77306616666664,9.2,12.418215795782503,8.498450870884165,380.60183333333333,6.890464432151835,-2.384356324226296,-0.5756384330317162,6.815643675773703
2023-06-17 05:30:00,1687004701.0,6.8566666666666665,6.54,6.8566666666666665,20.6,58.3,20.566666666666663,62.866666666666674,36.78544716666666,-119.773102,7.4,12.12159448531057,8.478405514689431,399.7436666666666,7.165699020523078,-0.3201277510439482,-0.05522131467966483,7.079872248956052
2023-06-17 06:30:00,1687008301.0,7.263333333333333,6.919999999999999,7.266666666666667,21.03333333333333,58.15,20.683333333333334,63.583333333333336,36.78542066666667,-119.77312233333332,9.2,12.488193443738613,8.545139889594719,422.3628333333333,7.507567534203975,-1.7874503359989742,-0.4251511767481529,7.412549664001025
2023-06-17 07:30:00,1687011901.0,6.601666666666667,6.291666666666667,6.603333333333333,25.28333333333333,46.9,22.883333333333336,56.95,36.785378,-119.773079,9.3,13.126976748401884,12.156356584931448,309.61816666666664,7.34375695623679,-2.014215947678786,-0.4823215442670038,7.2857840523212145
2023-06-17 08:30:00,1687015501.0,6.925,6.601666666666667,6.925,29.883333333333336,38.81666666666667,25.666666666666668,51.45,36.7854055,-119.77312316666666,14.4,14.355343328568404,15.527990004764932,268.8054166666667,7.864306859065403,-6.562497189162698,-1.628998539198153,7.837502810837302
2023-06-17 09:30:00,1687019101.0,7.645,7.29,7.645,34.06666666666667,33.233333333333334,27.98333333333333,47.78333333333333,36.785456333333336,-119.77316516666669,13.3,15.623093599171616,18.443573067495052,254.06883333333332,8.601657629098103,-4.681717083973373,-1.154831009830254,8.618282916026628
2023-06-17 10:30:00,1687022701.0,7.353333333333333,7.010000000000001,7.353333333333333,36.95,29.08333333333333,30.116666666666664,43.03333333333333,36.7854025,-119.7731045,13.1,16.02562177619515,20.924378223804855,213.8594444444444,8.479202971843256,-4.566774024090687,-1.1258524670584646,8.533225975909312
2023-06-17 11:30:00,1687026301.0,6.898333333333333,6.580000000000001,6.898333333333333,38.78333333333334,26.266666666666666,31.6,39.06666666666667,36.7854315,-119.77309166666667,14.7,15.988120470388303,22.795212862945036,181.19622222222222,8.192400902977985,-6.431359398576944,-1.5959371079350058,8.268640601423055
2023-06-17 12:30:00,1687029901.0,5.748333333333334,5.48,5.748333333333334,40.333333333333336,23.15,33.15,34.2,36.78539516666667,-119.7731385,15.9,15.312671832755568,25.020661500577766,133.07391666666666,7.367450988775209,-8.4444318654607,-2.103457149978797,7.4555681345393
2023-06-17 13:30:00,1687033501.0,4.068333333333333,3.883333333333333,4.068333333333333,41.28333333333333,20.7,34.61666666666667,29.8,36.785365000000006,-119.77313233333332,1.1,14.359248929298486,26.924084404034843,84.2145,6.119605874835541,5.091932028206848,1.3092247506727768,6.191932028206849
2023-06-17 14:30:00,1687037101.0,3.8083333333333336,3.6316666666666655,3.8083333333333336,42.18333333333333,19.48333333333333,35.733333333333334,27.65,36.7854205,-119.773051,6.2,14.15729675202497,28.02603658130836,74.19902777777777,5.945689776850584,-0.17342745093036616,-0.018236385569419745,6.026572549069634
2023-06-17 15:30:00,1687040701.0,3.535,3.373333333333333,3.535,42.65,18.65,36.43333333333333,25.916666666666668,36.7854405,-119.77313483333334,8.4,13.861060577850715,28.788939422149284,65.92775,5.754131999698174,-2.5633413982788342,-0.6207627461415038,5.836658601721166
2023-06-17 16:30:00,1687044301.0,3.026666666666667,2.888333333333333,3.026666666666667,41.73333333333333,18.566666666666663,36.63333333333333,24.883333333333336,36.78539216666667,-119.77310833333333,5.8,13.050922476350069,28.68241085698326,56.1951111111111,5.365821595188457,-0.3694209464168585,-0.0676487284959489,5.430579053583141
2023-06-17 17:30:00,1687047901.0,4.42,4.215,4.42,40.91666666666666,18.28333333333333,36.61666666666667,23.75,36.785428333333336,-119.77306483333332,6.9,12.156100298311554,28.760566368355104,80.81233333333333,6.458147328103193,-0.33790807216461793,-0.05970394979149635,6.562091927835382
2023-06-17 18:30:00,1687051501.0,2.901666666666667,2.766666666666667,2.901666666666667,39.15,18.05,36.266666666666666,22.133333333333336,36.78543916666667,-119.7731185,2.8,10.535131147112528,28.61486885288747,52.375083333333336,5.294342303118928,2.548617270859096,0.6680241809894298,5.348617270859096
2023-06-17 19:30:00,1687055101.0,3.715,3.545,3.715,36.55,21.71666666666667,34.4,25.866666666666664,36.78540983333333,-119.773065,6.4,11.195406938909368,25.35459306109063,80.67741666666667,5.834502235530298,-0.5290801156066127,-0.10790074604268725,5.870919884393388
2023-06-17 20:30:00,1687058701.0,3.866666666666666,3.685,3.866666666666666,33.5,25.616666666666664,32.36666666666667,29.166666666666668,36.78540983333334,-119.77310566666668,6.0,11.139192611933362,22.36080738806664,99.05111111111108,5.844022716900326,-0.14767327008341002,-0.011743443481505661,5.85232672991659
2023-06-17 21:30:00,1687062301.0,4.536666666666666,4.323333333333333,4.541666666666667,31.133333333333336,29.666666666666668,30.266666666666666,33.666666666666664,36.785382,-119.77308033333333,5.8,11.337699189624457,19.79563414370888,134.58777777777777,6.2498614398429515,0.44545645540093215,0.13779177105611293,6.245456455400932
2023-06-17 22:30:00,1687065900.8333333,5.651666666666666,5.383333333333333,5.66,28.65,38.41666666666666,27.65,43.76666666666667,36.7854125,-119.77311716666668,8.8,13.099199831480075,15.550800168519924,217.11819444444438,6.854051373747984,-1.9727957652625552,-0.4718790127301791,6.8272042347374455
2023-06-17 23:30:00,1687069501.0,6.203333333333333,5.91,6.208333333333333,26.566666666666663,45.583333333333336,25.78333333333333,51.5,36.785459,-119.77312983333331,7.8,13.856722522714852,12.70994414395181,282.7686111111111,7.060576443479853,-0.7872937972181537,-0.17299955430895653,7.012706202781846
2023-06-18 00:30:00,1687073101.0,5.895,5.614999999999999,5.906666666666666,25.1,49.13333333333333,24.633333333333336,54.5,36.7853305,-119.77308916666664,5.0,13.67399289711298,11.426007102887022,289.64099999999996,6.686454149349252,1.636547047893167,0.4380801896421536,6.636547047893167
2023-06-18 01:30:00,1687076701.0,5.416666666666667,5.158333333333333,5.425,23.933333333333334,50.06666666666666,23.53333333333333,55.25,36.78542883333333,-119.77302933333333,2.7,12.891999483459651,11.041333849873682,271.19444444444446,6.262006055754801,3.5179455682865575,0.9124036290011387,6.217945568286558
2023-06-18 02:30:00,1687080301.0,4.708333333333333,4.48,4.721666666666667,23.08333333333333,49.81666666666666,22.95,54.16666666666666,36.78539783333333,-119.77308416666666,7.0,12.034629722786118,11.04870361054721,234.55347222222218,5.689971408903854,-1.343074797653653,-0.31311870120922203,5.656925202346347
2023-06-18 03:30:00,1687083901.0,3.893333333333333,3.7,3.9033333333333338,22.416666666666668,48.833333333333336,22.3,53.26666666666667,36.78539516666667,-119.773032,5.0,11.12091036946666,11.295756297200008,190.12444444444444,5.058868517164463,0.03651070993748551,0.034691577026573966,5.0365107099374855
2023-06-18 04:30:00,1687087501.0,3.736666666666667,3.553333333333333,3.75,21.616666666666664,50.36666666666667,21.4,54.96666666666667,36.785387666666665,-119.7730905,3.1,10.852096255919834,10.76457041074683,188.20344444444444,4.872784687489732,1.755134605938634,0.4679775547073434,4.855134605938634
2023-06-18 05:30:00,1687091101.0,3.975,3.7816666666666654,3.986666666666667,20.65,53.01666666666667,20.316666666666663,58.18333333333334,36.78541033333334,-119.77307516666669,4.3,10.731326879910894,9.918673120089105,210.74125000000004,4.967649223189276,0.6513665446946675,0.18970420783856476,4.951366544694667
2023-06-18 06:30:00,1687094701.0,3.4250000000000003,3.2550000000000003,3.4433333333333334,20.75,52.68333333333334,20.433333333333334,57.7,36.7853985,-119.77312466666666,5.0,10.729034076148777,10.020965923851223,180.4404166666667,4.5256823648775635,-0.47922865226204614,-0.09533258608382378,4.520771347737954
2023-06-18 07:30:00,1687098301.0,2.6283333333333334,2.47,2.67,24.1,43.73333333333333,22.1,52.18333333333334,36.78539283333333,-119.773103,2.5,10.990050548810803,13.109949451189198,114.94577777777776,4.215976316472248,1.7024172876280934,0.45468687787104534,4.202417287628093
2023-06-18 08:30:00,1687101901.0,1.765,1.653333333333333,1.805,28.1,35.03333333333333,24.58333333333333,45.18333333333334,36.78536483333334,-119.773112,2.5,11.210554044898064,16.889445955101937,61.833833333333324,3.8525603250439873,1.3213968598046741,0.35862699590970143,3.821396859804674
2023-06-18 09:30:00,1687105800.857143,1.5457142857142858,1.43,1.6042857142857143,31.357142857142858,30.571428571428573,26.37142857142857,41.92857142857143,36.78542442857143,-119.77314657142855,4.0,11.985933519085872,19.371209338056985,47.25469387755103,3.8346370203410203,-0.19416259315674012,-0.023463967004083007,3.80583740684326
2023-06-18 10:30:00,1687109700.0,1.68,1.5783333333333331,1.7166666666666668,33.81666666666667,27.666666666666668,27.9,39.41666666666666,36.785429,-119.77310033333332,1.6,12.576309783639529,21.24035688302714,46.48,4.044428658053629,2.4186609105464627,0.6352606026609133,4.018660910546463
2023-06-18 11:30:00,1687113300.1666667,1.4783333333333335,1.3583333333333334,1.5466666666666666,35.75,25.383333333333336,29.78333333333333,36.03333333333333,36.785424166666665,-119.77311583333334,0.0,12.898798910825692,22.85120108917431,37.52502777777779,3.952813202130681,3.938713417096717,1.0184843190069888,3.938713417096717
2023-06-18 12:30:00,1687116900.0,1.3683333333333334,1.265,1.415,37.61666666666667,23.08333333333333,30.83333333333333,33.9,36.785412666666666,-119.77313866666668,5.5,13.008358331417309,24.608308335249358,31.58569444444444,3.9412767157021933,-1.5668636180153928,-0.3695385834476089,3.9331363819846072
2023-06-18 13:30:00,1687120500.0,1.125,1.038333333333333,1.1683333333333332,38.88333333333333,21.1,32.233333333333334,30.616666666666664,36.78539216666667,-119.77311183333336,6.2,12.682597697487791,26.20073563584554,23.7375,3.813094635759326,-2.3911617314869225,-0.5773541589362013,3.8088382685130777
2023-06-18 14:30:00,1687124100.0,0.975,0.9166666666666666,0.9966666666666668,38.81666666666666,21.433333333333334,33.0,30.016666666666666,36.78538516666666,-119.7730865,3.7,12.867289862874511,25.949376803792152,20.8975,3.690611677630415,-0.02389648750780715,0.019462188173702214,3.676103512492193
2023-06-18 15:30:00,1687127700.0,0.9966666666666666,0.925,1.0266666666666666,38.55,21.45,33.28333333333333,29.15,36.785390166666666,-119.773116,2.5,12.659303543881595,25.890696456118402,21.3785,3.7050671431621813,1.1929388560652154,0.32624117148896725,3.6929388560652154
2023-06-18 16:30:00,1687131300.0,3.056666666666666,2.9066666666666667,3.0733333333333337,37.266666666666666,21.766666666666666,32.95,28.53333333333333,36.78539916666666,-119.77309933333332,1.0,11.822769816119866,25.4438968505468,66.53344444444443,5.31321409177704,4.339318297035604,1.1194816794369709,5.339318297035604
2023-06-18 17:30:00,1687134900.0,0.9266666666666667,0.8683333333333333,0.9466666666666668,35.78333333333333,24.83333333333333,32.416666666666664,31.15,36.78542766666667,-119.77313083333333,-0.8,12.592076880831161,23.19125645250217,23.01222222222222,3.5474117025976257,4.314590734881752,1.1132475604023042,3.514590734881752
2023-06-18 18:30:00,1687138500.0,1.6983333333333333,1.4633333333333336,1.8966666666666665,33.7,29.53333333333333,31.33333333333333,35.68333333333333,36.78539283333333,-119.773112,2.2,13.476468839631718,20.223531160368285,50.15744444444444,3.958818154891404,1.7660961001234687,0.4707410806514253,3.966096100123469
2023-06-18 19:30:00,1687142100.0,2.57,1.985,3.1733333333333333,30.71666666666667,34.65,28.933333333333334,40.98333333333333,36.78534233333333,-119.7731245,15.8,13.341057294638249,17.37560937202842,89.05049999999999,4.396279501776672,-11.316949320402266,-2.827653721878784,4.483050679597735
2023-06-18 20:30:00,1687145700.0,2.783333333333333,1.7299999999999998,3.9866666666666655,27.2,37.48333333333333,25.883333333333336,43.46666666666667,36.78543283333333,-119.77311583333334,9.5,11.437411585928414,15.762588414071585,104.32861111111109,4.357810228846232,-4.947447965605986,-1.2218249956092593,4.552552034394014
2023-06-18 21:30:00,1687149300.0,2.2183333333333333,1.4416666666666669,3.095,24.516666666666666,39.75,23.83333333333333,44.6,36.7854335,-119.77306116666666,4.9,9.931140422724322,14.585526243942343,88.17875,3.8835828000819923,-0.8838798371125636,-0.19735006917339967,4.016120162887437
2023-06-18 22:30:00,1687152900.0,2.161666666666666,1.525,2.865,22.883333333333336,41.18333333333333,22.366666666666664,45.85,36.785336666666666,-119.77307516666669,3.8,8.99501483536206,13.888318497971277,89.02463888888886,3.81876461746334,0.11882612485737587,0.055444293845390416,3.9188261248573757
2023-06-18 23:30:00,1687156500.0,2.1866666666666665,1.5266666666666666,2.9066666666666667,21.21666666666667,44.65,20.78333333333333,49.583333333333336,36.78537866666667,-119.77313633333334,3.7,8.687980781774325,12.528685884892344,97.63466666666666,3.697918690121967,0.11392462719659369,0.05420856669706349,3.813924627196594
2023-06-19 00:30:00,1687160100.0,1.893333333333333,1.335,2.5066666666666664,19.916666666666668,45.96666666666667,19.53333333333333,50.95,36.78535716666666,-119.77307383333331,3.4,7.934891101742625,11.981775564924042,87.03022222222222,3.4293799039217765,0.1303788327223825,0.058356871945693035,3.5303788327223824
2023-06-19 01:30:00,1687163700.0,2.07,1.4400000000000002,2.766666666666667,18.58333333333333,49.0,18.166666666666668,54.23333333333333,36.7854785,-119.7730585,2.0,7.654624649776149,10.92870868355718,101.42999999999999,3.4354910204334637,1.5631597112758513,0.4195783499030417,3.5631597112758513
2023-06-19 02:30:00,1687167300.0,1.99,1.405,2.6333333333333333,17.45,49.86666666666667,17.166666666666668,54.88333333333333,36.78537116666666,-119.77311716666668,4.3,6.8692969157519865,10.580703084248013,99.23466666666667,3.3460403491217487,-0.8324759609169408,-0.1843905270619319,3.467524039083059
2023-06-19 03:30:00,1687170900.0,2.036666666666666,1.5416666666666667,2.5616666666666665,16.3,50.85,16.066666666666666,55.9,36.78545433333333,-119.77313983333332,3.4,6.0933962592832085,10.206603740716792,103.56449999999998,3.368108128396869,0.06961684500936594,0.04303803615310396,3.469616845009366
2023-06-19 04:30:00,1687174500.0,1.971666666666667,1.6616666666666664,2.2550000000000003,15.083333333333334,50.1,14.833333333333334,55.0,36.785400333333335,-119.77316433333334,2.4,4.7570652689282555,10.326268064405077,98.78050000000002,3.3931443386844453,1.044355323094238,0.28878145648070475,3.444355323094238
2023-06-19 05:30:00,1687178100.0,2.1366666666666667,1.8916666666666664,2.33,14.016666666666666,53.16666666666666,13.933333333333332,57.9,36.7853445,-119.77306366666666,2.0,4.6221445704475235,9.394522096219141,113.59944444444443,3.419963644029602,1.4665452496312263,0.39522066956984303,3.4665452496312263
2023-06-19 06:30:00,1687181700.0,2.171666666666667,1.8866666666666667,2.408333333333333,13.666666666666666,54.65,13.716666666666669,58.98333333333333,36.78539083333333,-119.77314883333334,2.8,4.691088994239057,8.975577672427608,118.68158333333334,3.377470793598011,0.6412174310050931,0.18714549289353666,3.441217431005093
2023-06-19 07:30:00,1687185300.0,2.2150000000000003,1.9083333333333328,2.475,16.599999999999998,46.28333333333333,15.3,53.81666666666666,36.785408,-119.77317416666666,0.6,5.010400305282721,11.589599694717277,102.51758333333335,3.75160286356934,3.177822223798402,0.8266543989389349,3.777822223798402
2023-06-19 08:30:00,1687188900.0,2.2150000000000003,1.92,2.4716666666666667,19.766666666666666,38.63333333333333,16.733333333333334,49.28333333333333,36.78539716666666,-119.77307,1.3,5.269576413317229,14.497090253349437,85.57283333333335,4.055678081526386,2.7537086414414462,0.7197302088314884,4.053708641441446
2023-06-19 09:30:00,1687192500.0,2.181666666666666,1.9383333333333328,2.3716666666666666,23.46666666666667,30.933333333333334,18.916666666666668,42.38333333333333,36.78539216666667,-119.77306766666668,4.5,5.325496514196979,18.14117015246969,67.48622222222221,4.327417954603272,-0.195426997571305,-0.023782738728497725,4.304573002428695
2023-06-19 10:30:00,1687196100.0,2.183333333333333,1.95,2.355,25.883333333333336,26.766666666666666,20.683333333333334,37.71666666666667,36.78539283333333,-119.7731375,2.4,5.320930492082333,20.562402841251004,58.44055555555555,4.475291794986634,2.056179197578276,0.5438745560917599,4.456179197578276
2023-06-19 11:30:00,1687199700.0,2.27,2.0083333333333333,2.473333333333333,27.183333333333334,25.95,21.65,37.03333333333333,36.78545516666667,-119.773079,3.9,5.979735069716331,21.203598263617003,58.9065,4.561756142587467,0.6553767377420026,0.19071522625815387,4.5553767377420025
2023-06-19 12:30:00,1687203300.0,2.2416666666666667,2.023333333333333,2.393333333333333,28.933333333333334,23.35,23.383333333333336,33.083333333333336,36.78541383333333,-119.77311683333332,7.7,5.927147945993692,23.00618538733964,52.34291666666667,4.632443514139763,-3.073659394321033,-0.749420116935496,4.626340605678967
2023-06-19 13:30:00,1687206900.0,2.365,2.1750000000000003,2.47,30.133333333333336,21.183333333333334,25.016666666666666,29.5,36.78543966666667,-119.77310816666666,5.2,5.519035683602713,24.614297649730624,50.09858333333334,4.803378803865819,-0.3962682563080264,-0.07441726170519826,4.803731743691974
2023-06-19 14:30:00,1687210500.0,2.4633333333333334,2.2616666666666667,2.58,30.28333333333333,21.133333333333336,25.71666666666667,28.48333333333333,36.785584,-119.7730115,3.8,5.609090030185264,24.674243303148067,52.058444444444454,4.879320453896083,1.0846693686676794,0.29894511747203545,4.884669368667679
2023-06-19 15:30:00,1687214100.0,2.6133333333333333,2.41,2.716666666666667,30.416666666666668,20.433333333333334,26.15,27.166666666666668,36.78542183333333,-119.77308033333333,2.3,5.233493574991018,25.18317309167565,53.39911111111111,5.01895612774701,2.7306274388239604,0.7139111570509128,5.03062743882396
2023-06-19 16:30:00,1687217700.0,3.206666666666667,2.985,3.305,29.416666666666668,21.566666666666663,25.866666666666664,27.866666666666664,36.78536283333333,-119.773117,3.5,5.183377837148602,24.233288829518067,69.1571111111111,5.453036891263919,1.9672445751890724,0.5214530565994996,5.467244575189072
2023-06-19 17:30:00,1687221300.0,1.9316666666666664,1.76,2.04,28.25,22.016666666666666,25.45,27.35,36.785416,-119.77313516666668,3.6,4.509848638431876,23.740151361568124,42.528861111111105,4.4451053237139,0.8249506908916282,0.23346688137629001,4.424950690891628
2023-06-19 18:30:00,1687224900.0,1.6416666666666666,1.4916666666666665,1.7416666666666665,26.633333333333336,22.7,24.883333333333336,26.96666666666667,36.78541116666667,-119.77309666666667,1.6,3.5965115332371393,23.0368218000962,37.26583333333333,4.203712571630359,2.5669276898732547,0.672640460224668,4.166927689873255
2023-06-19 19:30:00,1687228500.0,1.835,1.715,1.8783333333333327,24.616666666666664,22.6,23.633333333333336,25.98333333333333,36.78544766666666,-119.77305733333333,3.9,1.8466416338282121,22.77002503283845,41.471000000000004,4.375909564480403,0.42612041623905883,0.13291692051305942,4.326120416239059
2023-06-19 20:30:00,1687232100.0,2.495,2.3633333333333333,2.523333333333333,22.616666666666664,28.2,22.066666666666663,31.7,36.785460666666665,-119.77311566666668,4.5,3.2690313330369625,19.3476353336297,70.359,4.709854168233082,0.15530401575785646,0.06464081360711531,4.6553040157578565
2023-06-19 21:30:00,1687235700.0,2.0816666666666666,1.9366666666666663,2.143333333333333,20.9,34.85,20.683333333333334,38.583333333333336,36.7854165,-119.77305733333333,5.9,4.793567113158995,16.106432886841002,72.54608333333333,4.129214010512385,-1.8171517424949055,-0.43263926240902806,4.082848257505095
2023-06-19 22:30:00,1687239300.0,1.8633333333333333,1.5233333333333334,2.19,19.516666666666666,42.516666666666666,19.366666666666667,46.68333333333334,36.78539716666666,-119.77313616666667,4.8,6.431071201635071,13.085595465031595,79.22272222222222,3.600861446657867,-1.1693445147286736,-0.26931918482576306,3.630655485271326
2023-06-19 23:30:00,1687242900.0,1.923333333333333,1.5716666666666663,2.263333333333333,18.166666666666668,45.85,17.966666666666665,50.45,36.785404,-119.77312966666666,1.5,6.3032957305304835,11.863370936136185,88.18483333333332,3.5136184975467653,2.05872896312684,0.5445173829843318,3.55872896312684
2023-06-20 00:30:00,1687246500.0,1.575,1.2333333333333334,1.925,17.033333333333335,45.05,16.983333333333334,49.26666666666667,36.78541033333334,-119.77305716666667,0.4,5.017077292568126,12.01625604076521,70.95375,3.263723959037384,2.907256115635347,0.7584413937692268,3.307256115635347
2023-06-20 01:30:00,1687250100.0,1.3683333333333332,1.11,1.6216666666666668,16.05,45.61666666666667,15.983333333333334,49.93333333333334,36.78547983333333,-119.77305083333331,-0.2,4.300832578926051,11.749167421073949,62.41880555555555,3.0916924262619405,3.3205036223911533,0.8626261141175526,3.120503622391153
2023-06-20 02:30:00,1687253700.0,1.28,1.0783333333333334,1.465,14.933333333333332,48.55,14.783333333333331,53.23333333333333,36.78542983333333,-119.7731235,0.6,4.169378361369447,10.763954971963884,62.144,2.90997157983949,2.3436302342893796,0.6163444570203561,2.9436302342893796
2023-06-20 03:30:00,1687257300.0,1.5633333333333337,1.2966666666666666,1.8166666666666669,13.966666666666669,55.05,13.983333333333334,59.46666666666667,36.78537616666667,-119.7730955,3.4,5.07529642916583,8.891370237500839,86.06150000000001,2.853067381183971,-0.4627685569705462,-0.09118279595365593,2.9372314430294537
2023-06-20 04:30:00,1687260900.0,2.51,2.1633333333333336,2.806666666666666,13.25,60.68333333333334,13.3,65.21666666666667,36.78540983333333,-119.773079,3.5,5.808646452346427,7.441353547653573,152.31516666666667,3.3933381462865917,-0.004090048556348869,0.024455632222411837,3.495909951443651
2023-06-20 05:30:00,1687264500.0,2.661666666666666,2.356666666666667,2.8966666666666665,12.716666666666669,63.86666666666667,12.85,67.95,36.785418166666666,-119.77308016666666,2.0,6.044581541087245,6.672085125579423,169.99177777777774,3.398469145017609,1.503162365504219,0.4044522896397114,3.503162365504219
2023-06-20 06:30:00,1687268100.0,2.6266666666666665,2.3233333333333333,2.861666666666667,13.6,61.083333333333336,13.2,67.11666666666666,36.78540933333333,-119.77309166666667,2.9,6.2339343151249444,7.366065684875055,160.44555555555556,3.4856919229033454,0.6753728433376671,0.19575648757366607,3.575372843337667
2023-06-20 07:30:00,1687271700.0,2.341666666666667,1.9933333333333327,2.65,16.566666666666666,51.31666666666666,14.833333333333334,61.13333333333333,36.785416833333336,-119.77310583333332,2.1,6.472263076632389,10.094403590034277,120.16652777777777,3.6389287889830886,1.5982380805565035,0.4284220332502703,3.6982380805565036
2023-06-20 08:30:00,1687275300.0,1.8666666666666665,1.55,2.1733333333333333,19.73333333333333,43.85,16.849999999999998,55.55,36.78542333333333,-119.77312983333331,1.3,7.077091915867701,12.65624141746563,81.85333333333332,3.554308215126219,2.2852532301827644,0.6016269045894477,3.585253230182764
2023-06-20 09:30:00,1687278900.0,1.975,1.485,2.495,22.933333333333334,37.73333333333333,18.8,51.03333333333333,36.78542,-119.77311316666668,3.6,7.747961037958862,15.18537229537447,74.52333333333333,3.8390319283281453,0.29302416888276195,0.09936173848888483,3.893024168882762
2023-06-20 10:30:00,1687282500.1666667,1.6716666666666666,1.2816666666666667,2.0783333333333336,25.08333333333333,33.46666666666666,20.55,46.05,36.78539266666667,-119.7731515,5.3,7.881401903639197,17.20193142969413,55.9451111111111,3.7780519208603627,-1.49721418565019,-0.35197911481256594,3.80278581434981
2023-06-20 11:30:00,1687286100.0,1.3916666666666666,1.1816666666666666,1.5816666666666668,27.4,28.766666666666666,22.6,39.66666666666666,36.78538383333333,-119.77311066666668,6.9,7.667576687031527,19.73242331296847,40.03361111111111,3.7684231740756218,-3.1530473220147845,-0.7694347786348201,3.746952677985216
2023-06-20 12:30:00,1687289700.0,1.3533333333333335,1.221666666666667,1.445,29.616666666666664,23.566666666666663,24.3,33.166666666666664,36.785396166666665,-119.77312483333333,4.3,6.63409389081057,22.98257277585609,31.893555555555555,3.9374887441346793,-0.396365706420013,-0.07444183006314176,3.903634293579987
2023-06-20 13:30:00,1687293300.1666667,1.4083333333333332,1.305,1.465,31.08333333333333,19.883333333333333,25.683333333333334,27.766666666666666,36.78535733333334,-119.77313116666666,1.1,5.388948470890867,25.694384862442462,28.002361111111107,4.10592956568259,2.9807301338299035,0.7769650869877586,4.080730133829904
2023-06-20 14:30:00,1687296900.0,1.4016666666666666,1.305,1.4400000000000002,31.366666666666664,18.78333333333333,26.46666666666667,25.71666666666667,36.78542466666666,-119.77313366666668,0.0,4.802351486228337,26.564315180438328,26.32797222222222,4.136029868836649,4.115035029064878,1.0629371409453048,4.115035029064878
2023-06-20 15:30:00,1687300500.0,1.4683333333333335,1.3533333333333335,1.528333333333333,31.116666666666664,19.016666666666666,26.9,25.25,36.7854075,-119.7730965,3.9,4.775359596144625,26.34130707052204,27.922805555555556,4.177860578592596,0.2602706645090511,0.0911041818483334,4.160270664509051
2023-06-20 16:30:00,1687304100.0,1.9833333333333327,1.8483333333333327,2.035,30.8,19.433333333333334,27.08333333333333,25.166666666666668,36.785343000000005,-119.77307533333334,3.0,4.827237385813872,25.97276261418613,38.542777777777765,4.56754729726534,1.5596940651497482,0.4187046183824117,4.559694065149748
2023-06-20 17:30:00,1687307700.0,1.485,1.38,1.5333333333333332,29.95,18.95,27.03333333333333,23.766666666666666,36.78538833333334,-119.7731095,0.6,3.771681721960245,26.178318278039754,28.14075,4.200694686120079,3.576087521370797,0.9270619222117652,4.176087521370797
2023-06-20 18:30:00,1687311300.0,1.3950000000000002,1.3,1.43,28.21666666666667,18.716666666666665,26.416666666666668,22.416666666666668,36.7854615,-119.77310033333332,2.7,2.1797404434306946,26.036926223235973,26.109750000000002,4.147203056632162,1.412074220827371,0.38148786099812976,4.112074220827371
2023-06-20 19:30:00,1687314900.0,1.3433333333333335,1.26,1.3666666666666665,26.55,19.366666666666667,25.48333333333333,22.383333333333336,36.78544633333333,-119.77311333333334,0.7,1.2919261659422059,25.258073834057797,26.01588888888889,4.095750102611087,3.3470537756467955,0.8693197305264202,4.047053775646796
2023-06-20 20:30:00,1687318500.1666667,1.505,1.4216666666666669,1.53,24.23333333333333,22.6,23.516666666666666,25.616666666666664,36.78539783333333,-119.77308650000002,0.7,1.5256988145366572,22.707634518796674,34.013,4.124503748121752,3.3605505812639054,0.8727224393046373,4.060550581263906
2023-06-20 21:30:00,1687322100.0,1.505,1.4083333333333332,1.5416666666666667,22.15,25.916666666666668,22.23333333333333,28.15,36.785400333333335,-119.773065,1.4,1.6808606077135368,20.46913939228646,39.00458333333333,4.010773045298192,2.5409396943119105,0.6660885706047456,3.9409396943119104
2023-06-20 22:30:00,1687325700.0,1.26,1.1816666666666666,1.2866666666666668,21.116666666666667,28.1,21.25,30.433333333333334,36.78540483333333,-119.77312833333332,1.5,1.9291654107035576,19.18750125596311,35.406,3.7415327267425176,2.1650353856907993,0.5713185244915249,3.6650353856907993
2023-06-20 23:30:00,1687329300.0,1.1916666666666669,1.11,1.221666666666667,19.933333333333334,30.08333333333333,20.016666666666666,32.86666666666667,36.785442833333335,-119.77315766666668,3.7,1.8629255718165794,18.070407761516755,35.84930555555555,3.613643457638072,-0.16148245609198275,-0.015224907154053152,3.5385175439080174
2023-06-21 00:30:00,1687332900.0,1.385,1.2483333333333333,1.471666666666667,18.716666666666665,38.05,18.633333333333333,41.85,36.7854415,-119.7733065,5.2,4.1146988247336855,14.601967841932979,52.69925,3.4430066508030994,-1.7932026407049007,-0.4266014026959151,3.4067973592950995
2023-06-21 01:30:00,1687336500.0,1.68,1.4533333333333334,1.8783333333333327,17.216666666666665,47.9,17.033333333333335,52.55,36.785404,-119.77309266666668,5.6,6.069891312173225,11.146775354493439,80.472,3.2592061859274764,-2.3110256058340495,-0.5571508674354583,3.28897439416595
2023-06-21 02:30:00,1687340100.0,1.94,1.675,2.171666666666667,16.166666666666668,52.0,16.150000000000002,56.35,36.78542766666666,-119.773079,4.6,6.294680865566569,9.871985801100099,100.88,3.295797944451596,-1.2496494605797248,-0.28956503795083255,3.350350539420275
2023-06-21 03:30:00,1687343700.0,2.1283333333333334,1.82,2.4033333333333333,15.25,54.833333333333336,15.183333333333332,59.5,36.785312833333336,-119.77305216666667,4.2,6.213946311281744,9.036053688718255,116.70361111111112,3.324942706295464,-0.8002670326755044,-0.17627026468479853,3.399732967324496
2023-06-21 04:30:00,1687347300.0,2.7066666666666666,2.4166666666666665,2.9166666666666665,14.35,57.36666666666667,14.383333333333333,61.833333333333336,36.78539216666667,-119.77311816666668,1.8,6.028455685177298,8.321544314822702,155.27244444444443,3.711633834743204,1.9737897299464955,0.5231031696840089,3.7737897299464955
2023-06-21 05:30:00,1687350900.0,3.765,3.48,3.905,13.183333333333332,62.083333333333336,13.233333333333334,66.38333333333334,36.785461,-119.77311816666668,1.8,6.075992491781623,7.107340841551709,233.74375,4.417273176657444,2.6553910638170395,0.6949431522548192,4.455391063817039
2023-06-21 06:30:00,1687354500.0,3.8883333333333336,3.643333333333333,3.975,14.25,58.91666666666666,13.85,64.60000000000001,36.78541883333333,-119.77315116666666,5.9,6.321454263387126,7.928545736612874,229.08763888888888,4.658275095395461,-1.2311542141643272,-0.2849021614807751,4.668845785835673
2023-06-21 07:30:00,1687358100.0,2.8633333333333333,2.315,3.4,18.5,44.66666666666666,16.183333333333334,54.85,36.78538816666667,-119.77306883333334,4.2,6.226948403690223,12.273051596309777,127.89555555555553,4.289503632391916,0.15787585534151205,0.06528920563229029,4.357875855341512
2023-06-21 08:30:00,1687361700.0,2.3383333333333334,2.0966666666666667,2.51,23.46666666666667,33.18333333333333,19.216666666666665,44.75,36.785457,-119.77312083333334,4.4,6.341342195721709,17.12532447094496,77.59369444444444,4.369757620687186,-0.05049145306040792,0.01275727403998339,4.349508546939592
2023-06-21 09:30:00,1687365000.2,2.364,2.232,2.388,26.28,26.52,21.14,37.2,36.7853332,-119.7730544,5.8,5.5255467086565355,20.754453291343467,62.693279999999994,4.652006440320777,-1.1895323400270694,-0.27440878100909116,4.61046765997293
2023-06-21 10:30:00,1687368301.0,3.11,2.9416666666666664,3.141666666666667,29.6,23.383333333333336,23.28333333333333,34.53333333333333,36.7854295,-119.77311083333332,7.0,6.506462208165939,23.093537791834063,72.72216666666667,5.331231169732711,-1.676064119737104,-0.3970693574941084,5.323935880262896
2023-06-21 11:30:00,1687371901.0,2.828333333333333,2.67,2.8683333333333336,31.71666666666667,20.883333333333333,25.416666666666668,30.616666666666664,36.785443,-119.77312216666668,4.3,6.621439942289895,25.095226724376772,59.06502777777777,5.180683965071673,0.8874215972931196,0.2492165563457552,5.1874215972931195
2023-06-21 12:30:00,1687375501.0,1.9516666666666664,1.805,2.026666666666667,33.6,18.016666666666666,27.133333333333336,26.33333333333333,36.78542066666667,-119.7730955,1.0,6.017611352071518,27.582388647928482,35.16252777777777,4.570206113100544,3.5853001684277803,0.9293845425339897,4.58530016842778
2023-06-21 13:30:00,1687379101.0,1.653333333333333,1.5366666666666668,1.6966666666666663,35.300000000000004,14.25,28.6,20.78333333333333,36.785408,-119.7730825,4.2,4.005214569555678,31.29478543044433,23.559999999999995,4.439215660278652,0.2810538072704265,0.09634386480141828,4.481053807270427
2023-06-21 14:30:00,1687382701.0,1.3816666666666666,1.305,1.39,35.583333333333336,12.316666666666668,29.383333333333336,17.383333333333333,36.78538833333334,-119.7731055,2.3,2.163413882991891,33.419919450341446,17.01752777777778,4.281691904497909,2.032151064120952,0.5378167715345192,4.332151064120952
2023-06-21 15:30:00,1687386301.0,1.4016666666666666,1.325,1.41,35.583333333333336,12.4,29.916666666666668,17.116666666666664,36.78540983333333,-119.77310566666668,0.4,2.2581548868250865,33.32517844650825,17.380666666666666,4.295407531560761,3.9452409069674617,1.0201299785588125,4.345240906967462
2023-06-21 16:30:00,1687389901.0,1.5166666666666666,1.4400000000000002,1.5266666666666666,36.0,12.083333333333334,30.53333333333333,16.483333333333334,36.78543483333333,-119.77311466666669,7.2,2.217053922755771,33.782946077244226,18.32638888888889,4.389645234639923,-2.750791894393961,-0.6680212950683331,4.449208105606039
2023-06-21 17:30:00,1687393501.0,1.8516666666666663,1.7566666666666666,1.8666666666666665,33.4,13.666666666666666,29.46666666666667,17.683333333333334,36.78544883333333,-119.773121,5.5,1.9199222609407154,31.480077739059283,25.306111111111107,4.623717105329487,-0.8382989487159715,-0.1858585730767678,4.6617010512840285
2023-06-21 18:30:00,1687397101.0,2.273333333333333,2.16,2.28,31.35,15.383333333333333,29.133333333333336,18.6,36.7853725,-119.77307116666668,1.9,1.95662439230957,29.39337560769043,34.97144444444444,4.915527994217455,3.039131132320398,0.7916886886945453,4.939131132320398
2023-06-21 19:30:00,1687400701.0,1.925,1.83,1.93,29.48333333333333,16.183333333333334,28.066666666666663,18.916666666666668,36.78537883333333,-119.77310316666666,5.7,1.1715128068297813,28.31182052650355,31.152916666666666,4.634098630855116,-1.0700434495800977,-0.2442841790878853,4.6299565504199025
2023-06-21 20:30:00,1687404301.0,2.216666666666667,2.105,2.225,27.066666666666663,18.05,26.33333333333333,20.516666666666666,36.7853285,-119.77309533333332,5.2,0.7349664004464121,26.33170026622025,40.01083333333334,4.81589925671994,-0.40264132598326885,-0.07602399004843272,4.797358674016731
2023-06-21 21:30:00,1687407901.0,2.5733333333333333,2.44,2.585,24.566666666666663,24.65,24.48333333333333,27.03333333333333,36.78539533333333,-119.77309033333334,4.5,3.026738345900514,21.539928320766148,63.43266666666666,4.889877508275425,0.34636904323961026,0.11281062983372471,4.84636904323961
2023-06-21 22:30:00,1687411501.0,2.5683333333333334,2.438333333333333,2.5866666666666664,22.65,29.566666666666663,23.08333333333333,31.6,36.78537133333334,-119.77307766666668,5.5,3.9703500614945346,18.679649938505463,75.93705555555555,4.719536372420239,-0.8349673634997989,-0.18501863994132445,4.665032636500201
2023-06-21 23:30:00,1687415101.0,3.138333333333333,2.9250000000000003,3.2183333333333333,21.75,35.63333333333333,21.816666666666663,38.73333333333333,36.785411833333335,-119.77307516666669,10.7,5.864140968967304,15.885859031032696,111.82927777777778,4.938245789072649,-5.795041573328366,-1.4355136484043656,4.904958426671634
2023-06-22 00:30:00,1687418701.0,3.0,2.688333333333333,3.2266666666666666,20.4,42.333333333333336,20.266666666666666,46.43333333333334,36.78543666666667,-119.773108,12.2,7.165233165499824,13.234766834500174,127.0,4.547992292874633,-7.647992314968779,-1.902665056896964,4.55200768503122
2023-06-22 01:30:00,1687422301.0,3.1300000000000003,2.8216666666666668,3.3383333333333334,19.03333333333333,46.93333333333334,18.85,51.583333333333336,36.7854005,-119.77310316666666,6.9,7.434695417291747,11.598637916041584,146.90133333333335,4.478012261237356,-2.409266381555966,-0.5819185613188205,4.490733618444034
2023-06-22 02:30:00,1687425901.0,3.265,2.9566666666666666,3.4683333333333333,17.616666666666667,51.86666666666667,17.416666666666668,56.95,36.785422833333335,-119.77310833333333,8.9,7.5984042476602145,10.018262419006453,169.34466666666668,4.396116135215362,-4.478537857433283,-1.103607056747394,4.4214621425667175
2023-06-22 03:30:00,1687429501.0,3.35,3.0483333333333333,3.543333333333333,16.466666666666665,55.41666666666666,16.45,60.05,36.7853965,-119.77308533333331,5.3,7.501878204902584,8.96478846176408,185.64583333333331,4.327784627048699,-0.938159229220263,-0.21103456380426372,4.361840770779737
2023-06-22 04:30:00,1687433101.0,3.455,3.151666666666667,3.641666666666667,15.533333333333331,58.93333333333334,15.533333333333331,63.6,36.785462,-119.77312216666668,4.3,7.530899705938775,8.002433627394556,203.6146666666667,4.274572084762521,0.019516659973255912,0.03040717043206555,4.319516659973256
2023-06-22 05:30:00,1687436701.0,4.698333333333333,4.386666666666667,4.82,14.533333333333331,64.71666666666667,14.566666666666668,69.21666666666667,36.78543533333333,-119.77313616666667,10.4,7.961828073891423,6.571505259441908,304.06047222222224,5.099627549775012,-5.288469770094314,-1.3078007383601833,5.111530229905687
2023-06-22 06:30:00,1687440301.0,5.001666666666667,4.75,5.028333333333333,15.133333333333333,61.55,15.166666666666666,66.0,36.785410500000005,-119.77309433333332,6.6,7.7920932790563135,7.341240054277019,307.8525833333333,5.49601904107167,-1.1301587744528678,-0.2594399833168973,5.469841225547132
2023-06-22 07:30:00,1687443901.0,4.636666666666667,4.383333333333334,4.685,18.633333333333333,49.1,16.783333333333335,58.93333333333334,36.78534183333333,-119.77313483333334,3.5,7.730479676899549,10.902853656433784,227.66033333333334,5.659877442762975,2.1250965137931495,0.5612494493448886,5.6250965137931495
2023-06-22 08:30:00,1687447501.0,4.213333333333334,3.9966666666666666,4.238333333333333,22.23333333333333,40.18333333333333,18.85,52.1,36.78540683333333,-119.77311833333334,9.9,8.048519841111146,14.184813492222185,169.3057777777778,5.6443905793874745,-4.2940170241955125,-1.0570871114481786,5.605982975804488
2023-06-22 09:30:00,1687451101.0,3.5733333333333337,3.37,3.62,26.883333333333336,29.766666666666666,21.78333333333333,41.75,36.785428333333336,-119.77310833333333,8.9,7.7244101465981005,19.158923186735237,106.36622222222223,5.488497384857562,-3.43339921924023,-0.840114900194066,5.46660078075977
2023-06-22 10:30:00,1687454701.0,3.693333333333333,3.5050000000000003,3.713333333333333,29.75,26.05,23.666666666666668,37.85,36.78541066666667,-119.77312083333334,8.6,8.214598473546756,21.535401526453242,96.21133333333333,5.703826942839233,-2.90279204960411,-0.7063423820793413,5.69720795039589
2023-06-22 11:30:00,1687458301.0,3.141666666666667,2.9566666666666666,3.1933333333333334,31.633333333333336,23.616666666666664,24.98333333333333,35.13333333333333,36.78539783333333,-119.77308633333332,8.1,8.35543653134338,23.277896801989957,74.19569444444444,5.336851436898001,-2.758994981941811,-0.6700893931649795,5.341005018058189
2023-06-22 12:30:00,1687461901.0,2.736666666666667,2.5683333333333334,2.7900000000000005,32.68333333333333,22.183333333333334,26.35,32.46666666666667,36.785393,-119.77308666666666,6.1,8.307404758664383,24.375928574668947,60.70838888888889,5.060917872630805,-1.0332304605184044,-0.23500317700589365,5.066769539481595
2023-06-22 13:30:00,1687465458.0,2.992857142857143,2.7971428571428567,3.064285714285714,33.75714285714286,22.15714285714285,27.52857142857143,32.17142857142857,36.785371,-119.77312357142856,8.1,9.181929554797051,24.57521330234581,66.3131632653061,5.25381276330151,-2.8261148396434628,-0.6870111252750251,5.273885160356537
2023-06-22 14:30:00,1687469101.0,3.643333333333333,3.4683333333333333,3.648333333333333,34.21666666666667,21.53333333333333,28.45,30.383333333333336,36.78538116666667,-119.77306616666664,9.1,9.138510705583855,25.078155961082814,78.4531111111111,5.791655400382654,-3.280142715629477,-0.8014770724777003,5.8198572843705225
2023-06-22 15:30:00,1687472701.0,2.733333333333333,2.605,2.735,33.88333333333333,21.3,28.8,29.1,36.78541466666667,-119.77310916666666,10.3,8.701319149648631,25.1820141836847,58.21999999999999,5.09090076869734,-5.204056818232376,-1.2865192069782903,5.095943181767625
2023-06-22 16:30:00,1687476301.0,2.478333333333333,2.36,2.4833333333333334,31.683333333333334,24.03333333333333,27.85,31.166666666666668,36.785362166666665,-119.773112,7.8,8.655859262810635,23.0274740705227,59.5626111111111,4.811740583896158,-3.007843668813403,-0.7328271724060412,4.792156331186597
2023-06-22 17:30:00,1687479901.0,2.6950000000000003,2.565,2.703333333333333,30.016666666666666,27.28333333333333,27.35,33.65,36.785392,-119.7731095,6.9,9.126036858450254,20.89062980821641,73.52858333333333,4.877314414077282,-2.0506862837671953,-0.4915161593687608,4.849313716232805
2023-06-22 18:30:00,1687483372.2857144,3.361428571428572,2.967142857142857,3.6685714285714286,28.514285714285712,31.714285714285715,26.428571428571427,38.04285714285714,36.78535228571429,-119.77311485714286,5.4,10.076451324302989,18.437834389982726,106.60530612244901,5.197214834443514,-0.1741691988886247,-0.018423389247207867,5.225830801111376
2023-06-22 19:30:00,1687487101.0,3.4599999999999995,2.901666666666667,3.98,26.0,34.28333333333333,24.33333333333333,40.43333333333333,36.785443,-119.77307133333332,4.8,9.04143402025732,16.95856597974268,118.6203333333333,5.1520009444248975,0.4125077910903645,0.12948501222289918,5.212507791090364
2023-06-22 20:30:00,1687490701.0,3.685,3.061666666666667,4.273333333333333,23.566666666666663,38.23333333333333,22.666666666666668,43.6,36.78543533333333,-119.7730955,10.9,8.505399344700626,15.061267321966037,140.8898333333333,5.180857708355402,-5.648873023703347,-1.398662780056836,5.2511269762966535
2023-06-22 21:30:00,1687494301.0,3.88,3.2066666666666666,4.5183333333333335,21.166666666666668,41.2,20.4,46.45,36.7853825,-119.77308666666666,13.6,7.458337246749436,13.70832941991723,159.856,5.223550882147038,-8.298934026495328,-2.066775375942467,5.301065973504672
2023-06-22 22:30:00,1687497901.0,3.276666666666667,3.03,3.4,19.166666666666668,43.85,18.6,49.05,36.78537633333334,-119.7731425,7.7,6.56362757627797,12.603039090388698,143.68183333333334,4.735460492315761,-2.980039293105216,-0.7258173512691675,4.719960706894784
2023-06-22 23:30:00,1687501501.0,3.6766666666666654,3.473333333333333,3.72,17.650000000000002,51.96666666666667,17.166666666666668,57.7,36.785439,-119.77315,8.2,7.657499611159453,9.992500388840549,191.06411111111106,4.762169333707786,-3.4508525530113063,-0.8445150978198439,4.749147446988693
2023-06-23 00:30:00,1687505101.0,3.71,3.5383333333333336,3.7116666666666656,16.483333333333334,57.71666666666667,16.166666666666668,63.25,36.78540783333333,-119.773107,6.8,8.115173542024582,8.368159791308752,214.12883333333335,4.570408136834235,-2.231392925187583,-0.5370745005412663,4.568607074812417
2023-06-23 01:30:00,1687508701.0,3.94,3.7566666666666655,3.9416666666666655,15.65,62.54999999999999,15.366666666666667,67.98333333333333,36.785414333333335,-119.77312966666666,5.6,8.517778282311214,7.132221717688786,246.44699999999995,4.569141492537476,-1.0206061204745192,-0.231820427405346,4.5793938795254805
2023-06-23 02:30:00,1687512301.0,4.025,3.8366666666666656,4.025,14.966666666666669,66.08333333333333,14.8,71.14999999999999,36.785436,-119.77313233333332,5.5,8.68225115506808,6.2844155115985885,265.98541666666665,4.498547402149773,-0.9796264325280735,-0.22148894987949372,4.5203735674719265
2023-06-23 03:30:00,1687515901.0,4.308333333333334,4.108333333333333,4.308333333333334,14.483333333333334,68.21666666666667,14.466666666666669,72.83333333333333,36.78546516666667,-119.77310283333334,5.1,8.69157083975093,5.791762493582404,293.90013888888893,4.653273936386302,-0.4285475736300963,-0.0825552700252871,4.671452426369903
2023-06-23 04:30:00,1687519501.0,4.54,4.33,4.54,14.066666666666668,70.35000000000001,14.033333333333331,75.10000000000001,36.78544233333333,-119.77310416666668,5.5,8.748612934261606,5.318053732405062,319.38900000000007,4.765118582468895,-0.7190478303090382,-0.15579391637747636,4.780952169690962
2023-06-23 05:30:00,1687523101.0,4.989999999999999,4.76,4.989999999999999,13.683333333333332,72.5,13.733333333333334,76.60000000000001,36.785387,-119.77309283333334,4.7,8.826246328702826,4.857087004630506,361.775,5.06399611506386,0.36555614813589177,0.11764793223781234,5.065556148135892
2023-06-23 06:30:00,1687526701.0,5.41,5.16,5.41,14.233333333333334,71.45,14.2,76.08333333333333,36.785351,-119.77308533333331,3.2,9.138719215917558,5.094614117415777,386.5445,5.4632268442563445,2.2414208831283586,0.5905762370223896,5.441420883128359
2023-06-23 07:30:00,1687530301.0,4.673333333333333,4.456666666666667,4.673333333333333,17.833333333333332,58.25,16.2,68.60000000000001,36.78537683333334,-119.77315266666666,4.5,9.516302265842953,8.31703106749038,272.22166666666664,5.350320442135695,0.8246224795833488,0.23338413531537194,5.324622479583349
2023-06-23 08:30:00,1687533901.0,3.703333333333333,3.5316666666666667,3.703333333333333,21.116666666666664,47.3,17.766666666666666,61.6,36.785359166666666,-119.773093,4.2,9.452926053533055,11.663740613133609,175.16766666666663,4.968388590877507,0.7389043610331463,0.2117735555443132,4.9389043610331465
2023-06-23 09:30:00,1687537501.0,3.465,3.305,3.465,23.71666666666667,41.266666666666666,19.28333333333333,56.5,36.785408,-119.77306766666668,8.0,9.773654543454935,13.943012123211734,142.989,5.00047779709628,-3.035312451837184,-0.7397523865473392,4.964687548162816
2023-06-23 10:30:00,1687541101.0,2.9233333333333333,2.785,2.9233333333333333,26.366666666666664,35.166666666666664,20.71666666666667,51.05,36.7853795,-119.77307383333334,5.9,9.742455179386866,16.624211487279798,102.80388888888888,4.786360978554069,-1.1512346720640982,-0.2647534733266834,4.748765327935902
2023-06-23 11:30:00,1687544701.0,2.7216666666666662,2.5933333333333333,2.7216666666666662,28.8,31.55,22.4,47.11666666666667,36.785412666666666,-119.773093,5.5,10.246823611750129,18.553176388249874,85.86858333333332,4.751460169090417,-0.7830973868396756,-0.17194158823632172,4.716902613160324
2023-06-23 12:30:00,1687548301.0,2.6,2.481666666666667,2.6,30.633333333333336,28.6,24.08333333333333,42.55,36.78542766666666,-119.773107,4.0,10.356816966630875,20.27651636670246,74.36,4.755767974982075,0.7253780751022454,0.208363414420594,4.725378075102245
2023-06-23 13:30:00,1687551901.0,2.65,2.53,2.65,31.600000000000005,27.616666666666664,25.183333333333334,40.73333333333333,36.785378,-119.77315266666666,3.0,10.658270590039836,20.941729409960168,73.18416666666666,4.826554832148195,1.80107845315856,0.4795605571358679,4.80107845315856
2023-06-23 14:30:00,1687555501.0,2.731666666666667,2.603333333333333,2.731666666666667,32.050000000000004,26.96666666666667,26.133333333333336,38.6,36.78543466666667,-119.772995,6.4,10.683568631511088,21.366431368488918,73.66394444444445,4.9107460731274575,-1.509758389390397,-0.3551416610767305,4.890241610609603
2023-06-23 15:30:00,1687559100.8333333,2.7883333333333336,2.658333333333333,2.7883333333333336,32.93333333333333,25.95,27.15,36.73333333333333,36.7853375,-119.7730765,6.0,10.854879382520718,22.078453950812612,72.35725000000001,4.987013039095836,-1.027490844696013,-0.23355615007993075,4.972509155303987
2023-06-23 16:30:00,1687562701.0,2.85,2.716666666666667,2.85,32.583333333333336,26.383333333333336,27.65,36.0,36.78534833333333,-119.773089,2.6,10.807625283540936,21.7757080497924,75.19250000000001,5.0221022427827755,2.4065082885686215,0.6321967789195436,5.006508288568622
2023-06-23 17:30:00,1687566300.8333333,3.348333333333333,3.19,3.348333333333333,31.616666666666664,27.666666666666668,27.916666666666668,35.61666666666667,36.78539633333333,-119.77311183333336,0.8,10.699693968435167,20.916972698231497,92.63722222222222,5.374746974448731,4.561263965143072,1.1754368805846522,5.361263965143072
2023-06-23 18:30:00,1687569901.0,3.103333333333333,2.9600000000000004,3.103333333333333,30.416666666666668,28.25,27.7,34.81666666666667,36.78546566666667,-119.7731005,9.6,9.986770572789554,20.42989609387711,87.66916666666665,5.166349038927151,-4.456938609069035,-1.0981616236503398,5.143061390930964
2023-06-23 19:30:00,1687573501.0,3.1650000000000005,3.016666666666667,3.1650000000000005,28.616666666666664,31.616666666666664,26.766666666666666,37.6,36.78540933333333,-119.77307633333334,8.7,10.119243243774632,18.497423422892034,100.06675,5.102384435686448,-3.6287259888875703,-0.8893591534310858,5.071274011112429
2023-06-23 20:30:00,1687577101.0,5.851666666666667,5.580000000000001,5.853333333333334,26.35,35.833333333333336,25.3,40.95,36.78542033333333,-119.77310183333331,10.7,10.00836765496053,16.34163234503947,209.68472222222223,7.109245557484153,-3.6186800914448956,-0.8868264605567123,7.081319908555104
2023-06-23 21:30:00,1687580701.0,5.864999999999999,5.591666666666666,5.864999999999999,24.48333333333333,41.61666666666667,24.0,46.23333333333333,36.785443,-119.77308666666666,12.8,10.589031421039051,13.89430191229428,244.08174999999997,6.9286137786311075,-5.916517724601675,-1.4661392629392387,6.883482275398325
2023-06-23 22:30:00,1687584301.0,3.888333333333333,3.7066666666666666,3.888333333333333,22.96666666666667,46.2,22.3,51.833333333333336,36.7853845,-119.7731335,7.4,10.788065454316605,12.178601212350063,179.641,5.157708059832705,-2.2725456375594426,-0.5474495996282422,5.127454362440558
2023-06-23 23:30:00,1687587901.0,3.76,3.5866666666666664,3.76,20.9,51.35,20.25,57.333333333333336,36.785407,-119.7731185,4.5,10.482411722950285,10.417588277049713,193.076,4.857549921974806,0.3384497467656873,0.11081407891689439,4.838449746765687
2023-06-24 00:30:00,1687591501.0,3.8166666666666655,3.64,3.8166666666666655,19.3,56.86666666666667,18.8,62.96666666666667,36.785380833333335,-119.773117,4.5,10.529230327155727,8.770769672844274,217.04111111111104,4.688854308853943,0.18510187595664185,0.07215321641907818,4.685101875956642
2023-06-24 01:30:00,1687595101.0,3.9683333333333337,3.7816666666666654,3.9683333333333337,18.1,61.35,17.866666666666667,66.73333333333333,36.785416833333336,-119.77310683333332,4.9,10.542682493374823,7.5573175066251785,243.45725000000002,4.637393265362042,-0.254528369190103,-0.03868291301544263,4.645471630809897
2023-06-24 02:30:00,1687598701.0,4.581666666666667,4.366666666666666,4.581666666666667,17.383333333333333,64.2,17.133333333333333,69.68333333333334,36.78540783333333,-119.773117,3.0,10.547079316379957,6.836254016953376,294.14300000000003,5.040596987018432,2.0362747561456613,0.5388564044261239,5.036274756145661
2023-06-24 03:30:00,1687602301.0,5.146666666666667,4.906666666666667,5.146666666666667,16.349999999999998,67.78333333333333,16.05,73.5,36.785414333333335,-119.7731145,2.7,10.379320560042654,5.970679439957344,348.85822222222225,5.379228202317038,2.661734661219323,0.696542450279743,5.361734661219323
2023-06-24 04:30:00,1687605901.0,5.333333333333333,5.086666666666667,5.333333333333333,15.733333333333334,70.11666666666666,15.6,75.23333333333333,36.78542266666667,-119.77309533333332,2.7,10.297036588349782,5.436296744983553,373.9555555555555,5.448196038609665,2.7278076193335528,0.7132002462765267,5.427807619333553
2023-06-24 05:30:00,1687609501.0,5.466666666666666,5.213333333333334,5.466666666666666,15.316666666666668,72.23333333333333,15.233333333333334,77.14999999999999,36.78541,-119.77308516666666,1.6,10.34291542179972,4.973751244866948,394.8755555555555,5.479998229847257,3.8587739766126137,0.9983306142284156,5.458773976612614
2023-06-24 06:30:00,1687613101.0,5.614999999999999,5.351666666666667,5.614999999999999,15.516666666666666,71.78333333333333,15.283333333333331,77.16666666666667,36.78541066666667,-119.77306500000002,2.7,10.441460576504234,5.075206090162432,403.0634166666666,5.623134073169177,2.894374888974684,0.7551938799295908,5.594374888974684
2023-06-24 07:30:00,1687616701.0,4.7683333333333335,4.545,4.7683333333333335,17.116666666666664,65.53333333333333,16.400000000000002,72.86666666666666,36.7853725,-119.773098,3.3,10.602747378706571,6.513919287960093,312.48477777777777,5.145983746563431,1.8384112982655187,0.4889726212468179,5.138411298265519
2023-06-24 08:30:00,1687620301.0,4.461666666666667,4.256666666666667,4.461666666666667,20.116666666666667,55.96666666666667,18.33333333333333,66.35000000000001,36.785359166666666,-119.7730485,4.1,11.051325403531255,9.065341263135412,249.70461111111112,5.259565363997367,1.1366274153767808,0.31204437270706276,5.2366274153767804
2023-06-24 09:30:00,1687624200.2857144,3.627142857142857,3.46,3.627142857142857,23.52857142857143,46.957142857142856,20.228571428571428,60.62857142857143,36.785393285714285,-119.77308985714284,4.9,11.545526181841776,11.983045246729652,170.32026530612242,4.914539563053526,-0.010045806407385172,0.02295411326336528,4.889954193592615
2023-06-24 10:30:00,1687628100.0,3.7916666666666665,3.615,3.7916666666666665,25.183333333333334,43.55,21.58333333333333,57.0,36.78538583333333,-119.77312483333333,11.2,11.905703219719946,13.277630113613387,165.1270833333333,5.174960867765312,-6.054770323927151,-1.5009944239811788,5.145229676072848
2023-06-24 11:30:00,1687631700.0,4.055,3.866666666666666,4.055,26.96666666666667,40.38333333333333,22.633333333333336,54.63333333333333,36.7854505,-119.77309783333334,8.3,12.360911225375524,14.605755441291144,163.75441666666666,5.502336166185866,-2.8286496113130006,-0.6876501720284123,5.471350388687
2023-06-24 12:30:00,1687635300.0,4.1066666666666665,3.918333333333333,4.1066666666666665,29.98333333333333,35.016666666666666,24.55,49.51666666666667,36.78543533333333,-119.7731425,4.7,12.858637592503534,17.124695740829797,143.80177777777777,5.729701070738083,1.0064707384274483,0.27923029211916317,5.7064707384274485
2023-06-24 13:30:00,1687638900.0,3.1916666666666664,3.043333333333333,3.1916666666666664,33.43333333333334,28.7,27.3,41.43333333333333,36.785374,-119.77311983333334,3.5,12.808934705922761,20.624398627410578,91.60083333333333,5.210071407252545,1.697919653147034,0.4535529695401354,5.197919653147034
2023-06-24 14:30:00,1687642500.0,2.891666666666667,2.7583333333333333,2.891666666666667,34.71666666666667,24.65,29.1,34.5,36.785366833333335,-119.77308916666668,8.4,11.582874242839052,23.133792423827614,71.27958333333333,5.105103128983802,-3.297449954334864,-0.8058404377613242,5.1025500456651365
2023-06-24 15:30:00,1687646100.0,3.5383333333333336,3.375,3.5383333333333336,35.75,23.316666666666663,30.0,32.65,36.78528583333333,-119.77305333333334,10.3,11.605940944799258,24.144059055200742,82.50213888888888,5.65073116963377,-4.6289556000528185,-1.1415291983067453,5.671044399947182
2023-06-24 16:30:00,1687649700.0,4.886666666666667,4.661666666666666,4.886666666666667,35.15,23.55,30.6,31.3,36.78542066666667,-119.77306733333334,8.6,11.255562995481966,23.894437004518032,115.081,6.702764223886981,-1.852289645942518,-0.4414979550435107,6.747710354057482
2023-06-24 17:30:00,1687653300.0,4.245,4.043333333333333,4.245,34.06666666666667,24.65,30.133333333333336,31.9,36.785424,-119.77304966666668,7.5,11.036504631970814,23.030162034695856,104.63924999999999,6.168990924963513,-1.3083453785781725,-0.30436299245094306,6.1916546214218275
2023-06-24 18:30:00,1687656900.0,4.538333333333333,4.326666666666667,4.538333333333333,32.2,25.116666666666664,29.633333333333336,30.516666666666666,36.7854,-119.77308383333332,9.7,9.745889253229375,22.454110746770628,113.98780555555554,6.393032851140698,-3.289112975580662,-0.8037385840638264,6.410887024419337
2023-06-24 19:30:00,1687660500.0,4.388333333333333,4.183333333333334,4.388333333333333,30.48333333333333,26.48333333333333,28.78333333333333,31.08333333333333,36.78549383333333,-119.77299733333332,7.1,9.081337830960816,21.401995502372515,116.21769444444442,6.238398700927215,-0.8591134350740282,-0.19110615813162357,6.2408865649259715
2023-06-24 20:30:00,1687664100.0,4.441666666666666,4.236666666666666,4.441666666666666,27.816666666666663,31.21666666666667,26.83333333333333,35.61666666666667,36.7853965,-119.77305733333333,7.0,9.234889696768029,18.581776969898634,138.65402777777777,6.134563259193764,-0.8868940219976054,-0.19810998182669437,6.113105978002395
2023-06-24 21:30:00,1687667700.0,4.823333333333333,4.6000000000000005,4.823333333333333,25.816666666666663,35.96666666666667,25.55,39.55,36.785348166666665,-119.773023,5.1,9.593060680266401,16.223605986400262,173.47922222222223,6.2820448796574135,1.1489529045277393,0.31515177836434055,6.248952904527739
2023-06-24 22:30:00,1687671300.0,5.195,4.948333333333333,5.195,24.166666666666668,45.3,23.48333333333333,50.95,36.7854035,-119.773117,11.6,11.582235333852687,12.584431332813981,235.3335,6.253622835174034,-5.388539166396194,-1.333029449722495,6.211460833603805
2023-06-24 23:30:00,1687674900.0,5.756666666666667,5.489999999999999,5.756666666666667,21.883333333333336,52.76666666666667,21.25,58.86666666666667,36.78539766666667,-119.77317433333332,7.8,11.801724353185993,10.081608980147344,303.76011111111114,6.449352134434799,-1.4058087027966577,-0.3289346813587272,6.394191297203342
2023-06-25 00:30:00,1687678500.0,5.691666666666666,5.426666666666667,5.691666666666666,20.45,56.88333333333333,19.966666666666665,62.76666666666667,36.785375,-119.7731235,5.7,11.607924144170047,8.842075855829952,323.7609722222222,6.246183610916953,0.49342033312749667,0.14988404773309305,6.193420333127497
2023-06-25 01:30:00,1687682100.0,5.596666666666667,5.336666666666666,5.596666666666667,19.05,60.2,18.58333333333333,66.28333333333333,36.785404,-119.7730775,4.5,11.152493754468102,7.897506245531899,336.9193333333333,6.045364559980545,1.497357523985686,0.40298881852279533,5.997357523985686
2023-06-25 02:30:00,1687685700.0,5.691666666666666,5.428333333333334,5.691666666666666,17.783333333333335,63.46666666666667,17.283333333333335,69.7,36.78539583333333,-119.77303833333332,10.4,10.753378933519881,7.0299543998134535,361.2311111111111,6.003992640583176,-4.443998261576212,-1.0948992047301775,5.956001738423788
2023-06-25 03:30:00,1687689300.0,6.128333333333334,5.845,6.128333333333334,16.7,66.83333333333333,16.383333333333333,72.48333333333333,36.7853705,-119.7730585,6.8,10.501273543975719,6.19872645602428,409.57694444444445,6.247340371991466,-0.61400173801389,-0.12931051945302371,6.18599826198611
2023-06-25 04:30:00,1687692900.0,6.739999999999999,6.43,6.739999999999999,16.05,69.21666666666667,15.833333333333334,74.43333333333334,36.7854595,-119.77311333333334,3.6,10.406545705824326,5.643454294175674,466.5203333333333,6.678923100106121,2.9922897980650283,0.7798794188735373,6.592289798065028
2023-06-25 05:30:00,1687696500.0,7.298333333333333,6.96,7.298333333333333,15.55,70.89999999999999,15.45,75.76666666666667,36.78541366666666,-119.77308666666666,7.1,10.28775295355453,5.26224704644547,517.4518333333332,7.092813860745107,-0.11909453442183349,-0.004538396786403623,6.980905465578166
2023-06-25 06:30:00,1687700100.0,6.611666666666667,6.301666666666667,6.611666666666667,16.233333333333334,66.7,15.883333333333333,72.63333333333334,36.785408833333335,-119.77308283333332,5.7,10.026711665551908,6.206621667781427,440.99816666666675,6.6608782426967,0.8797726597666298,0.2472881662063561,6.57977265976663
2023-06-25 07:30:00,1687703700.0,5.6000000000000005,5.341666666666666,5.6000000000000005,19.15,56.41666666666666,17.333333333333332,67.06666666666666,36.78542016666667,-119.773131,7.9,10.269953051095735,8.880046948904264,315.93333333333334,6.1899422014716725,-1.7635193929407524,-0.4191178950720802,6.136480607059248
2023-06-25 08:30:00,1687707300.0,5.085,4.848333333333334,5.085,22.55,46.98333333333333,18.883333333333333,61.81666666666666,36.78536283333333,-119.77304083333333,6.9,10.661167182052495,11.888832817947506,238.91024999999996,6.1072280055938695,-0.8377694777973845,-0.1857250870213561,6.062230522202616
2023-06-25 09:30:00,1687710900.0,5.156666666666667,4.92,5.156666666666667,25.8,40.56666666666667,20.83333333333333,56.76666666666667,36.78538116666667,-119.7731005,5.3,11.385241677499028,14.414758322500973,209.18877777777783,6.38979259895951,1.051312776662618,0.29053551510781817,6.351312776662618
2023-06-25 10:30:00,1687714500.0,4.756666666666667,4.533333333333333,4.756666666666667,28.883333333333336,35.46666666666667,22.816666666666663,52.1,36.785457666666666,-119.77314633333332,4.0,12.08601086680722,16.79732246652612,168.70311111111113,6.236436263475948,2.2133342248184,0.5834952490098686,6.2133342248184
2023-06-25 11:30:00,1687718100.0,4.146666666666667,3.955,4.146666666666667,30.58333333333333,32.18333333333333,24.5,47.13333333333333,36.7854195,-119.773079,5.3,12.096258365231796,18.48707496810153,133.45355555555557,5.858085957165295,0.5408411761373486,0.16183941875625743,5.840841176137348
2023-06-25 12:30:00,1687721700.0,4.025,3.8366666666666656,4.025,32.65,29.23333333333333,26.65,42.2,36.7853495,-119.7730955,8.0,12.418302911874397,20.2316970881256,117.66416666666666,5.854026799332801,-2.1506833619207306,-0.516726638446695,5.849316638079269
2023-06-25 13:30:00,1687725300.0,4.133333333333334,3.943333333333333,4.133333333333334,32.86666666666667,28.21666666666667,27.65,38.91666666666666,36.785451,-119.773046,4.6,12.065115406437672,20.801551260228997,116.62888888888891,5.973426339186457,1.3731632983505708,0.37167794439738344,5.9731632983505705
2023-06-25 14:30:00,1687728900.0,4.073333333333333,3.8866666666666654,4.073333333333333,33.75,26.58333333333333,28.9,35.916666666666664,36.785421500000005,-119.773103,7.0,11.911557752078213,21.838442247921787,108.28277777777775,5.9760140582587225,-1.01621827231451,-0.23071419754065714,5.98378172768549
2023-06-25 15:30:00,1687732500.0,4.251666666666666,4.053333333333334,4.251666666666666,34.166666666666664,25.03333333333333,29.883333333333336,32.916666666666664,36.78540733333333,-119.77312333333332,7.0,11.353634169146266,22.813032497520396,106.43338888888887,6.162883366526487,-0.8168047052757821,-0.1804396129976251,6.183195294724218
2023-06-25 16:30:00,1687736100.0,4.635,4.42,4.635,33.983333333333334,25.616666666666664,30.266666666666666,32.81666666666667,36.78542733333333,-119.77311983333334,5.1,11.547485282648445,22.43584805068489,118.73324999999998,6.447225271593802,1.3706484163991455,0.37104391208373383,6.470648416399145
2023-06-25 17:30:00,1687739700.0,3.94,3.7566666666666655,3.94,32.63333333333333,28.016666666666666,29.666666666666668,34.7,36.785369333333335,-119.77310066666666,3.2,11.757700459724703,20.87563287360863,110.38566666666667,5.8274568002994025,2.6247896471864545,0.6872281630974761,5.824789647186455
2023-06-25 18:30:00,1687743300.0,4.831666666666666,4.6066666666666665,4.831666666666666,31.066666666666663,30.08333333333333,29.08333333333333,35.800000000000004,36.7853895,-119.7731195,7.1,11.49119841262968,19.575468254036984,145.35263888888886,6.470832440554238,-0.6321667006084715,-0.1338901273565569,6.467833299391528
2023-06-25 19:30:00,1687746900.0,5.165,4.923333333333333,5.165,29.05,32.61666666666667,27.71666666666667,37.66666666666666,36.78542783333334,-119.7731465,5.9,10.963964074724739,18.08603592527526,168.46508333333333,6.658715768562094,0.7447245784713674,0.21324090311750943,6.644724578471368
2023-06-25 20:30:00,1687750500.0,5.055,4.819999999999999,5.055,26.85,37.53333333333333,25.950000000000003,42.5,36.78536166666667,-119.7730905,9.6,11.147132625182156,15.702867374817846,189.73099999999997,6.410524559750086,-3.2211113212146802,-0.7865945402946046,6.378888678785319
2023-06-25 21:30:00,1687754100.0,4.956666666666666,4.73,4.956666666666666,25.05,41.333333333333336,24.633333333333336,45.71666666666667,36.7854195,-119.77313633333334,5.7,10.99530503472707,14.054694965272931,204.87555555555554,6.202810875100894,0.46271261378851314,0.14214225837062905,6.162712613788513
2023-06-25 22:30:00,1687757700.0,4.103333333333333,3.911666666666666,4.103333333333333,23.71666666666667,44.9,23.33333333333333,49.65,36.78540683333333,-119.77311066666664,0.7,11.039765242127578,12.676901424539091,184.23966666666664,5.380784565903629,4.647359792919563,1.1971426854435105,5.347359792919563
2023-06-25 23:30:00,1687761300.0,4.09,3.898333333333333,4.09,22.15,50.56666666666666,21.516666666666666,56.48333333333333,36.785345,-119.77303566666669,-0.5,11.402816050986553,10.747183949013445,206.81766666666664,5.156683803585202,5.632269389211915,1.4454503683226148,5.132269389211915
2023-06-26 00:30:00,1687764900.0,3.466666666666667,3.303333333333333,3.4683333333333337,20.166666666666668,55.23333333333333,19.6,61.4,36.78542083333333,-119.7730485,0.1,10.899111964439333,9.267554702227335,191.47555555555553,4.461248885064732,4.362340753343702,1.1252859205587644,4.462340753343701
2023-06-26 01:30:00,1687768500.0,3.0866666666666664,2.9416666666666664,3.0866666666666664,18.716666666666665,59.41666666666666,18.316666666666663,65.35000000000001,36.78550666666667,-119.77301666666666,-0.3,10.641888335326321,8.074778331340344,183.3994444444444,3.9771580763602037,4.305667071494228,1.1109977963763564,4.005667071494228
2023-06-26 02:30:00,1687772100.0,3.353333333333333,3.2,3.353333333333333,17.650000000000002,63.45,17.349999999999998,68.95,36.78539983333334,-119.773108,1.3,10.62318474263382,7.026815257366183,212.769,4.037198383147789,2.774812502853476,0.725050748855415,4.074812502853476
2023-06-26 03:30:00,1687775700.0,3.7616666666666654,3.5883333333333334,3.7616666666666654,16.650000000000002,66.96666666666667,16.3,72.76666666666667,36.78547433333333,-119.77304866666668,3.0,10.483549540477743,6.16645045952226,251.9062777777777,4.2385596694300895,1.276598038337287,0.34733266839359545,4.276598038337287
2023-06-26 04:30:00,1687779300.0,4.496666666666667,4.288333333333333,4.498333333333333,15.7,70.8,15.45,76.21666666666667,36.78542566666667,-119.77308416666666,3.6,10.410530072467415,5.2894699275325845,318.36400000000003,4.70847162432451,1.1298507502755313,0.3103358930503781,4.729850750275531
2023-06-26 05:30:00,1687782900.0,5.998333333333334,5.711666666666666,6.005,14.966666666666669,73.95,14.833333333333334,78.93333333333334,36.78539516666667,-119.77309533333332,2.2,10.358043356170539,4.60862331049613,443.57675000000006,5.867018002421109,3.624727335974036,0.9393246107927937,5.824727335974036
2023-06-26 06:30:00,1687786500.0,5.68,5.413333333333334,5.681666666666668,15.7,71.08333333333333,15.216666666666669,77.5,36.785416,-119.77304216666666,4.8,10.470472381301734,5.229527618698265,403.7533333333333,5.705278300842055,0.8719286076979715,0.2453105853188475,5.671928607697971
2023-06-26 07:30:00,1687790100.0,5.603333333333334,5.343333333333334,5.603333333333334,19.0,58.86666666666667,16.883333333333333,71.01666666666667,36.78534116666666,-119.773121,5.5,10.7679934771009,8.2320065228991,329.84955555555564,6.101108403578651,0.5508073498310697,0.16435201230430932,6.05080734983107
2023-06-26 08:30:00,1687793700.0,4.553333333333334,4.341666666666667,4.553333333333334,22.866666666666664,48.11666666666667,19.35,62.78333333333333,36.78549316666667,-119.77312966666666,3.4,11.309795959815446,11.556870706851218,219.09122222222223,5.629407041756716,2.193495948425159,0.5784937783550342,5.593495948425159
2023-06-26 09:30:00,1687797300.0,3.9783333333333335,3.7916666666666665,3.9783333333333335,26.566666666666663,39.78333333333333,21.766666666666666,55.01666666666667,36.785410000000006,-119.77312966666666,3.7,11.77573714602221,14.790929520644452,158.2713611111111,5.463035281435568,1.7312904966214013,0.4619661648730214,5.4312904966214015
2023-06-26 10:30:00,1687800900.0,3.79,3.6183333333333336,3.79,29.9,33.233333333333334,24.166666666666668,47.86666666666667,36.785401666666665,-119.77310683333332,4.7,11.988831705844557,17.91116829415544,125.95433333333334,5.540267357268187,0.8159443892714258,0.23119628324724206,5.515944389271426
2023-06-26 11:30:00,1687804500.0,4.918333333333333,4.69,4.92,31.633333333333336,30.183333333333334,25.96666666666667,42.93333333333334,36.7853875,-119.77310066666666,4.8,12.030190890644501,19.603142442688835,148.45169444444443,6.534616487238026,1.7339725542167637,0.46264234419888006,6.5339725542167635
2023-06-26 12:30:00,1687808100.0,3.7283333333333335,3.555,3.7283333333333335,33.56666666666667,27.1,27.6,38.583333333333336,36.78540733333333,-119.77310166666666,3.7,12.048239429032733,21.518427237633936,101.03783333333334,5.687234457106859,1.987507684838862,0.5265616328830542,5.687507684838862
2023-06-26 13:30:00,1687811700.0,3.6983333333333337,3.526666666666667,3.6983333333333337,34.93333333333333,24.116666666666664,28.98333333333333,34.300000000000004,36.78547733333333,-119.77310333333332,6.7,11.433651318125264,23.499682015208066,89.19147222222222,5.754265046442729,-0.9290453351481531,-0.2087368403100767,5.770954664851847
2023-06-26 14:30:00,1687815300.0,4.003333333333334,3.818333333333333,4.003333333333334,35.85,21.883333333333336,30.1,30.633333333333336,36.78543183333333,-119.77311716666668,7.8,10.731400399047534,25.118599600952468,87.6062777777778,6.057328905431763,-1.7030524227858246,-0.40387343679244603,6.096947577214175
2023-06-26 15:30:00,1687818900.0,4.093333333333334,3.901666666666667,4.093333333333334,35.733333333333334,20.96666666666667,30.316666666666663,28.933333333333334,36.7854715,-119.77314383333334,6.1,9.993201116088487,25.74013221724485,85.82355555555557,6.154044003961096,0.10243399936407283,0.05131163972766428,6.2024339993640725
2023-06-26 16:30:00,1687822500.0,6.271666666666667,5.98,6.271666666666667,35.733333333333334,19.0,31.066666666666663,25.3,36.785442333333336,-119.77317316666668,5.0,8.528676816946682,27.204656516386652,119.16166666666668,7.901857680750981,3.026388211103045,0.7884760433385621,8.026388211103045
2023-06-26 17:30:00,1687826100.0,4.42,4.215,4.42,34.25,15.8,30.71666666666667,19.95,36.785410000000006,-119.77311966666667,3.4,4.648539121936426,29.601460878063573,69.836,6.550454613312127,3.251649828116023,0.8452672355176764,6.651649828116023
2023-06-26 18:30:00,1687829700.0,4.625,4.41,4.625,32.75,18.666666666666668,30.2,22.7,36.785362,-119.77311083333332,3.7,5.840156708058851,26.90984329194115,86.33333333333334,6.644433332513119,3.0132427544814275,0.7851619139134969,6.713242754481428
2023-06-26 19:30:00,1687833300.0,4.728333333333333,4.505,4.728333333333333,30.45,24.266666666666666,28.83333333333333,28.266666666666666,36.78543066666667,-119.77312966666666,3.3,7.762056356194666,22.687943643805333,114.74088888888886,6.574179756120813,3.294444915203754,0.8560563972370528,6.594444915203754
2023-06-26 20:30:00,1687836900.0,5.388333333333333,5.14,5.388333333333333,27.98333333333333,27.98333333333333,27.116666666666664,31.616666666666664,36.78540533333334,-119.77309783333334,6.8,7.762527241660346,20.220806091672983,150.78352777777775,6.989670295951093,0.191548264599815,0.0737784293654747,6.991548264599815
2023-06-26 21:30:00,1687840500.0,6.448333333333333,6.148333333333333,6.45,25.96666666666667,33.26666666666667,25.58333333333333,36.85,36.785492,-119.77314266666669,12.0,8.566228354837458,17.400438311829213,214.5145555555556,7.670605152619466,-4.345945170673359,-1.0701788284714062,7.654054829326641
2023-06-26 22:30:00,1687844100.0,4.976666666666667,4.745,4.976666666666667,24.166666666666668,44.75,23.58333333333333,50.11666666666667,36.785342,-119.77309266666668,9.0,11.397377451624187,12.76928921504248,222.70583333333332,6.096854545075766,-2.9444094900503988,-0.716834644763631,6.055590509949601
2023-06-26 23:30:00,1687847700.0,3.905,3.723333333333333,3.905,22.23333333333333,49.88333333333333,21.633333333333336,55.86666666666667,36.78536733333333,-119.77306366666666,5.2,11.273822111732187,10.959511221601144,194.79441666666665,5.031164167209502,-0.19196722071879524,-0.022910486923093998,5.008032779281205
2023-06-27 00:30:00,1687851300.0,4.4,4.191666666666666,4.4,20.766666666666666,53.61666666666667,20.466666666666665,58.96666666666667,36.78539133333334,-119.77310316666666,3.9,11.008927426962114,9.757739239704552,235.91333333333336,5.29672065909887,1.3717501514562618,0.37132167288554657,5.271750151456262
2023-06-27 01:30:00,1687854900.0,4.705,4.483333333333333,4.708333333333333,19.766666666666666,55.68333333333334,19.45,61.01666666666667,36.785416833333336,-119.77308516666666,6.3,10.648679931339537,9.117986735327129,261.99008333333336,5.4718483941135005,-0.8573303474056031,-0.1906566200532216,5.442669652594397
2023-06-27 02:30:00,1687858500.0,4.96,4.726666666666667,4.961666666666667,18.6,58.18333333333334,18.216666666666665,63.883333333333326,36.7854405,-119.77310183333331,8.2,10.217652585269462,8.382347414730539,288.58933333333334,5.589986276426238,-2.642276253120688,-0.6406631826668082,5.5577237468793115
2023-06-27 03:30:00,1687862100.0,5.546666666666667,5.283333333333333,5.55,17.516666666666666,61.16666666666666,17.266666666666666,66.64999999999999,36.785382,-119.773075,6.8,9.947827250977827,7.568839415688839,339.27111111111105,5.967810612978047,-0.8777417943371999,-0.1958025939688724,5.9222582056628
2023-06-27 04:30:00,1687865700.0,17.261666666666667,16.413333333333334,17.325,16.633333333333333,63.91666666666666,16.5,68.89999999999999,36.78544216666666,-119.77314233333334,14.6,9.769822888106034,6.863510445227298,1103.3081944444443,14.068939087459482,-1.1326049963037974,-0.26005670558450356,13.467395003696202
2023-06-27 05:30:00,1687869300.0,19.953333333333333,18.96333333333333,20.03833333333333,16.099999999999998,65.21666666666667,16.066666666666666,69.91666666666667,36.78541966666666,-119.77302566666668,16.5,9.564027224155785,6.535972775844213,1301.289888888889,15.984318545832561,-1.0659447946090541,-0.24325085834188795,15.434055205390946
2023-06-27 06:30:00,1687872900.0,11.57,11.013333333333334,11.593333333333334,16.45,62.85,16.133333333333333,68.55,36.785457,-119.77301916666666,9.6,9.345394347231135,7.104605652768864,727.1745000000001,9.928465225641,-0.3144001718555689,-0.053777322335467094,9.28559982814443
2023-06-27 07:30:00,1687876500.0,7.553333333333334,7.19,7.563333333333333,18.55,56.11666666666667,17.183333333333334,65.0,36.78541233333333,-119.77307266666666,7.5,9.63031578161713,8.919684218382871,423.8678888888889,7.821687780894863,0.21925850342699604,0.08076451745021451,7.719258503426996
2023-06-27 08:30:00,1687879800.2,6.386,6.088,6.39,23.3,45.14,19.9,58.260000000000005,36.7854454,-119.7731108,9.0,10.741895013321159,12.558104986678842,288.26404,7.232997057970316,-1.8243033158176951,-0.43444226098616323,7.175696684182305
2023-06-27 09:30:00,1687883101.0,5.628333333333334,5.323333333333333,5.685,28.65,35.233333333333334,23.1,50.2,36.78538516666666,-119.77308916666668,8.2,11.780440055917452,16.869559944082546,198.30494444444446,6.932916347218324,-1.276771021277229,-0.29640271312245636,6.92322897872277
2023-06-27 10:30:00,1687886700.8333333,5.333333333333333,5.086666666666667,5.333333333333333,32.36666666666667,29.15,25.7,43.35,36.785472166666665,-119.773028,5.5,12.131573949962611,20.235092716704056,155.46666666666664,6.8943168605267395,1.4052124440973914,0.3797579236651309,6.905212444097391
2023-06-27 11:30:00,1687890600.857143,5.194285714285714,4.954285714285715,5.194285714285714,31.714285714285715,31.085714285714285,26.2,43.98571428571428,36.78537685714286,-119.77306685714288,12.2,12.548722790252024,19.165562924033694,161.46808163265305,6.724466614802832,-5.476495905941702,-1.3552044130616308,6.723504094058297
2023-06-27 12:30:00,1687894200.8,4.692,4.476000000000001,4.692,30.76,31.4,26.46,41.86,36.7853904,-119.7730606,6.7,11.875290864304304,18.884709135695697,147.3288,6.3181500805115425,-0.3920481577861725,-0.07335332356363909,6.307951842213828
2023-06-27 13:30:00,1687897800.5714283,4.378571428571428,4.175714285714286,4.378571428571428,32.84285714285714,26.985714285714288,28.4,35.714285714285715,36.785434714285714,-119.77312128571428,6.9,11.36860210344252,21.474255039414622,118.15887755102041,6.206580497139505,-0.6850870546823256,-0.14723199197711437,6.214912945317675
2023-06-27 14:30:00,1687901400.8,3.994,3.81,3.994,34.34,24.72,29.360000000000003,33.6,36.785453,-119.7731432,6.5,11.309130896663072,23.030869103336933,98.73168,5.9701319888223745,-0.5128638554548193,-0.10381242971556989,5.987136144545181
2023-06-27 15:30:00,1687904700.8333333,4.015,3.826666666666666,4.015,36.06666666666667,21.78333333333333,30.96666666666667,29.416666666666668,36.7854615,-119.77311333333334,6.6,10.841815816377956,25.224850850288714,87.46008333333332,6.067789027003023,-0.4900572318356353,-0.09806260263855313,6.109942768164364
2023-06-27 16:30:00,1687908300.8333333,4.576666666666667,4.364999999999999,4.576666666666667,36.56666666666667,20.85,31.383333333333336,28.28333333333333,36.7853615,-119.77309416666668,8.6,10.595724007851874,25.970942658814796,95.42350000000002,6.531313952144956,-2.0043926625888338,-0.4798449746730744,6.595607337411166
2023-06-27 17:30:00,1687911900.6666667,6.0183333333333335,5.741666666666667,6.0183333333333335,34.9,24.183333333333334,30.65,31.58333333333333,36.78536483333333,-119.77313116666666,7.1,11.447468113505957,23.452531886494043,145.54336111111112,7.573253552672702,0.5355868415010354,0.16051473711692138,7.635586841501035
2023-06-27 18:30:00,1687915501.0,5.2316666666666665,4.991666666666666,5.2316666666666665,33.016666666666666,26.21666666666667,30.3,32.016666666666666,36.785432166666666,-119.7731145,5.7,11.079537772114001,21.937128894552664,137.1568611111111,6.902800864190684,1.2291819878195307,0.33537850561595123,6.929181987819531
2023-06-27 21:30:00,1687926300.6666667,6.958333333333333,6.638333333333333,6.958333333333333,26.53333333333333,40.35,26.066666666666663,44.63333333333333,36.78537816666667,-119.77310433333334,7.3,11.960601503084655,14.572731830248676,280.76875,7.851527045435339,0.5090305512180837,0.15381957348886058,7.8090305512180835
2023-06-27 22:30:00,1687929901.0,6.888333333333333,6.57,6.888333333333333,25.166666666666668,45.333333333333336,24.83333333333333,49.86666666666667,36.78539416666666,-119.773094,8.6,12.501347229765402,12.665319436901266,312.2711111111111,7.632492951324247,-1.0270193043743827,-0.23343726903228046,7.572980695625617
2023-06-27 23:30:00,1687933500.8333333,4.921666666666667,4.693333333333333,4.921666666666667,23.866666666666664,48.78333333333333,23.3,54.36666666666667,36.7853705,-119.773164,8.3,12.43424287005672,11.432423796609944,240.09530555555557,5.90457086080314,-2.434127584702285,-0.5881863728723762,5.865872415297716
2023-06-28 00:30:00,1687937400.857143,4.277142857142857,4.077142857142857,4.28,22.31428571428572,53.41428571428571,21.82857142857143,59.142857142857146,36.785438,-119.77312042857145,5.6,12.38625323063238,9.92803248365334,228.46053061224487,5.200837780196046,-0.4198214210788036,-0.0803553008823142,5.180178578921196
2023-06-28 01:30:00,1687941000.6,3.982,3.798,3.982,21.16,56.08,20.84,61.38,36.7853982,-119.7731446,4.5,12.054648493582414,9.105351506417586,223.31056,4.85460191576015,0.3465250652205407,0.11284996487189358,4.846525065220541
2023-06-28 02:30:00,1687944300.6666667,4.026666666666666,3.841666666666667,4.026666666666666,20.433333333333334,57.78333333333333,20.133333333333333,63.13333333333333,36.785380833333335,-119.7730405,4.7,11.830327492810948,8.603005840522385,232.6742222222222,4.8259003755665715,0.12104257651143158,0.0560030882530233,4.821042576511432
2023-06-28 03:30:00,1687947901.0,4.488333333333333,4.281666666666666,4.493333333333333,19.216666666666665,62.18333333333334,18.8,68.10000000000001,36.785429,-119.77308166666668,6.8,11.800046394847655,7.41662027181901,279.0995277777778,5.0401599186016695,-1.7661076765066719,-0.4197704328250952,5.033892323493328
2023-06-28 04:30:00,1687951500.6666667,5.095,4.858333333333333,5.095,18.1,66.1,17.75,71.86666666666666,36.7853915,-119.7730625,6.0,11.667788820234493,6.432211179765508,336.7794999999999,5.399184335150563,-0.619137421281458,-0.13060528763984142,5.380862578718542
2023-06-28 05:30:00,1687955400.857143,5.435714285714285,5.177142857142857,5.44,17.4,67.01428571428572,17.214285714285715,72.24285714285715,36.78539514285715,-119.77310071428572,3.7,11.209048842969311,6.190951157030687,364.27051020408163,5.651461247262716,1.9220823912708616,0.5100671209921038,5.622082391270862
2023-06-28 06:30:00,1687959000.8,5.224,4.982,5.228,17.740000000000002,64.88,17.52,70.24,36.7854812,-119.7731356,6.4,11.044046549766417,6.695953450233585,338.93312,5.555930922993397,-0.8713261860315793,-0.1941851411197728,5.528673813968421
2023-06-28 07:30:00,1687962300.8333333,5.241666666666666,4.993333333333333,5.245,20.883333333333333,54.75,19.08333333333333,64.8,36.78537433333333,-119.77310183333331,9.2,11.433132254190646,9.450201079142687,286.98125,5.950217233890665,-3.29178470505086,-0.8044121595437711,5.908215294949139
2023-06-28 08:30:00,1687965901.0,4.758333333333334,4.536666666666666,4.758333333333334,24.95,44.18333333333334,21.883333333333336,55.91666666666666,36.78545966666667,-119.77313616666667,8.9,11.913912375597128,13.036087624402871,210.2390277777778,5.93797830560899,-2.9996787539711756,-0.730768698112552,5.900321246028825
2023-06-28 09:30:00,1687969500.8333333,4.256666666666667,4.058333333333334,4.256666666666667,29.23333333333333,35.6,24.58333333333333,48.4,36.785394,-119.77312866666666,7.1,12.451294263658282,16.78203906967505,151.53733333333335,5.830677923738157,-1.293852790890158,-0.3007092349068193,5.806147209109842
2023-06-28 10:30:00,1687973101.0,4.046666666666667,3.856666666666667,4.046666666666667,31.633333333333336,31.78333333333333,26.46666666666667,44.05,36.78547733333334,-119.773145,4.9,12.817584267190771,18.815749066142565,128.61655555555555,5.788163019342042,0.8747909021713705,0.24603220455281868,5.774790902171371
2023-06-28 11:30:00,1687976701.0,4.295,4.095,4.295,33.93333333333333,28.6,28.25,40.15,36.785411333333336,-119.77302833333331,6.5,13.183544842901357,20.749788490431975,122.837,6.084405191967577,-0.4105586816162843,-0.07802005165567523,6.089441318383716
2023-06-28 12:30:00,1687980301.0,4.073333333333333,3.8816666666666655,4.073333333333333,35.61666666666667,26.316666666666663,29.766666666666666,36.98333333333333,36.785434,-119.77315133333332,5.5,13.33963605775236,22.27703060891431,107.19655555555553,5.9764410401157155,0.4933986834203239,0.14987858957871694,5.993398683420324
2023-06-28 13:30:00,1687983901.0,3.891666666666667,3.7116666666666656,3.891666666666667,36.5,25.433333333333334,30.95,35.083333333333336,36.785427,-119.773112,2.3,13.561044756815289,22.93895524318471,98.97805555555557,5.858910148733734,3.579057313876347,0.9278106430065071,5.879057313876347
2023-06-28 14:30:00,1687987501.0,3.953333333333333,3.773333333333333,3.953333333333333,37.21666666666667,23.15,32.18333333333333,31.03333333333333,36.78542566666667,-119.77307766666668,3.4,12.719425506458254,24.497241160208414,91.51966666666665,5.97561919278983,2.611029183689601,0.683758982962458,6.011029183689601
2023-06-28 15:30:00,1687991101.0,3.891666666666667,3.7083333333333335,3.891666666666667,37.78333333333333,21.8,32.95,28.883333333333336,36.78539833333333,-119.77308750000002,6.4,12.273146469511344,25.510186863821986,84.83833333333334,5.963631369735802,-0.38991166423654366,-0.07281468756619164,6.010088335763457
2023-06-28 16:30:00,1687994701.0,3.688333333333333,3.52,3.688333333333333,37.5,22.633333333333336,33.03333333333333,29.53333333333333,36.7853825,-119.77313116666666,3.5,12.610338983245798,24.889661016754204,83.47927777777778,5.782455948265696,2.3164014103700357,0.6094797394864958,5.816401410370036
2023-06-28 17:30:00,1687998001.0,12.866,12.268,12.866,36.24,25.26,32.62,31.92,36.7854286,-119.7731022,8.5,13.23698176408272,23.00301823591728,324.99516,6.382484515157969,2.2593691520992962,0.595101213829034,10.759369152099296
2023-06-28 18:30:00,1688001901.0,4.24,4.043333333333334,4.24,34.53333333333333,28.516666666666666,32.25,34.1,36.78548583333333,-119.77307133333332,7.0,13.652034513725509,20.88129881960782,120.91066666666667,6.0417226415410346,-0.9518150221116741,-0.21447735520715785,6.048184977888326
2023-06-28 19:30:00,1688005501.0,4.43,4.223333333333334,4.43,32.68333333333333,31.316666666666663,31.016666666666666,36.45,36.785390166666666,-119.77309533333332,8.1,13.500864948239748,19.182468385093582,138.7328333333333,6.105747097018503,-1.999889212947795,-0.4787096002696381,6.100110787052205
2023-06-28 20:30:00,1688009101.0,4.736666666666667,4.5183333333333335,4.736666666666667,30.566666666666663,35.516666666666666,29.516666666666666,40.31666666666667,36.78536533333334,-119.77311316666668,8.3,13.588962291892596,16.977704374774067,168.23061111111113,6.214830128735594,-2.104564095895527,-0.5050994108047744,6.195435904104474
2023-06-28 21:30:00,1688012701.0,5.0200000000000005,4.788333333333333,5.0200000000000005,28.933333333333334,40.4,28.35,44.96666666666667,36.7853775,-119.77312733333332,11.1,14.126303779526605,14.807029553806728,202.80800000000002,6.276943131790224,-4.852660093013023,-1.1979278205820278,6.247339906986976
2023-06-28 22:30:00,1688016301.0,5.005,4.773333333333333,5.005,27.55,44.66666666666666,26.98333333333333,49.73333333333333,36.785473,-119.77311583333334,8.1,14.43444325728665,13.11555674271335,223.55666666666662,6.115620438810398,-2.0186027409055978,-0.4834275081702086,6.081397259094402
2023-06-28 23:30:00,1688019901.0,4.836666666666667,4.613333333333333,4.836666666666667,26.0,47.68333333333334,25.433333333333334,53.05,36.785370666666665,-119.773126,7.5,14.035566687886922,11.964433312113078,230.6283888888889,5.871483354299808,-1.6628619937290896,-0.39374094102779655,5.83713800627091
2023-06-29 00:30:00,1688023501.0,4.56,4.348333333333334,4.56,24.616666666666664,50.15,24.05,55.63333333333333,36.78538183333333,-119.77307516666669,6.5,13.545502130983472,11.071164535683192,228.68399999999997,5.5548931557376555,-0.9744682918817338,-0.22018851991447086,5.525531708118266
2023-06-29 01:30:00,1688027101.0,4.4750000000000005,4.266666666666667,4.476666666666667,23.33333333333333,52.21666666666667,22.95,57.26666666666667,36.78543866666666,-119.77305116666666,5.4,12.982690280292461,10.350643053040868,233.66958333333338,5.408691675042955,-0.01740405025968972,0.021099010533223116,5.382595949740311
2023-06-29 02:30:00,1688030701.0,4.568333333333333,4.355,4.57,22.166666666666668,53.01666666666667,21.7,58.51666666666667,36.785415666666665,-119.77309416666668,6.1,12.135770554659171,10.030896112007497,242.1978055555556,5.457167726526925,-0.6711442570671782,-0.14371684319421846,5.4288557429328215
2023-06-29 03:30:00,1688034301.0,4.655,4.4366666666666665,4.655,21.2,54.333333333333336,20.916666666666668,59.45,36.78542516666666,-119.77305733333333,8.8,11.611750497736898,9.588249502263102,252.92166666666668,5.479984564724983,-3.3488823627821223,-0.818807173200299,5.4511176372178785
2023-06-29 04:30:00,1688037901.0,4.901666666666666,4.675,4.901666666666666,20.28333333333333,56.76666666666667,20.03333333333333,61.85,36.78539283333333,-119.77309933333332,6.9,11.421192731891844,8.862140601441487,278.2512777777778,5.593978488967737,-1.3381303385275167,-0.3118721429531921,5.561869661472484
2023-06-29 05:30:00,1688041501.0,5.536666666666666,5.28,5.536666666666666,19.55,59.75,19.433333333333334,64.68333333333334,36.785390166666666,-119.7730585,6.6,11.509183904508351,8.04081609549165,330.81583333333333,6.011501976678154,-0.6346992877527189,-0.13452862336456087,5.965300712247281
2023-06-29 06:30:00,1688045101.0,5.739999999999999,5.476666666666667,5.743333333333333,20.05,57.43333333333334,19.883333333333333,62.21666666666667,36.785415,-119.77312483333333,6.0,11.379700143982616,8.670299856017385,329.6673333333333,6.267624127486578,0.21248195391571212,0.07905606693516545,6.212481953915712
2023-06-29 07:30:00,1688048701.0,4.641666666666667,4.425,4.6433333333333335,24.183333333333334,42.41666666666666,22.45,49.76666666666667,36.785396,-119.773108,6.6,10.605179693493843,13.57815363983949,196.88402777777773,5.909404136858619,-0.7298547477241666,-0.15851847163870852,5.870145252275833
2023-06-29 08:30:00,1688052300.8333333,4.421666666666667,4.213333333333334,4.421666666666667,29.3,33.166666666666664,24.8,44.5,36.78541833333333,-119.77313116666666,5.1,11.43452059640589,17.86547940359411,146.65194444444444,6.046489097412932,0.926686847677777,0.2591158033196755,6.026686847677777
2023-10-28 00:30:00,1698478500.0,12.0,11.5,12.166666666666666,9.166666666666666,61.333333333333336,10.0,63.16666666666666,36.785398,-119.77304216666666,15.6,2.1066128740676375,7.060053792599028,736.0,10.728944319583803,-5.976449596690124,-1.4812488164910675,9.623550403309876
2023-10-28 01:30:00,1698482100.0,6.0,5.5,6.0,9.0,59.66666666666666,9.5,61.833333333333336,36.785466,-119.77308283333332,6.9,1.563495992070935,7.436504007929065,357.99999999999994,6.362523308632297,-0.5588232106861257,-0.115399341902296,6.341176789313875
2023-10-28 02:30:00,1698485700.0,6.333333333333333,6.166666666666667,6.333333333333333,8.0,64.33333333333333,8.166666666666666,67.5,36.78538766666667,-119.77304066666666,9.0,1.6703674595930498,6.3296325404069504,407.4444444444444,6.555141477503586,-2.558867577484957,-0.6196348415306382,6.441132422515043
2023-10-28 03:30:00,1698489300.0,7.0,6.666666666666667,7.0,6.833333333333333,70.0,7.0,72.83333333333333,36.78538766666667,-119.77306733333334,7.5,1.7374639189607821,5.095869414372551,490.0,6.877762779690105,-0.7267231697286514,-0.15772896275510256,6.773276830271349
2023-10-28 04:30:00,1698492900.0,9.0,8.166666666666666,9.0,6.0,74.0,6.833333333333333,75.0,36.78540983333333,-119.77307016666668,10.2,1.7128391903066995,4.287160809693301,666.0,8.344580425649482,-1.9614633543865914,-0.46902197417898883,8.238536645613408
2023-10-28 05:30:00,1698496500.0,8.166666666666666,7.833333333333333,8.333333333333334,6.0,75.0,6.333333333333333,76.5,36.78545116666667,-119.7731235,9.8,1.9008125490335919,4.099187450966408,612.5,7.7086182854804655,-2.2681578347941223,-0.5463433812081063,7.5318421652058785
2023-10-28 06:30:00,1698500100.0,8.333333333333334,7.833333333333333,8.333333333333334,6.0,75.0,6.0,76.83333333333333,36.785469,-119.7731245,6.3,1.9008125490335919,4.099187450966408,625.0,7.812578549434928,1.3659683444862605,0.3698640090583489,7.66596834448626
2023-10-28 07:30:00,1698503700.0,6.833333333333333,6.5,6.833333333333333,5.666666666666667,75.33333333333333,6.166666666666667,76.83333333333333,36.78545233333333,-119.7731515,6.0,1.640352786141085,4.026313880525582,514.7777777777777,6.536709998748713,0.44681153629429193,0.13813340342319572,6.446811536294292
2023-10-28 08:30:00,1698507300.0,6.166666666666667,5.833333333333333,6.166666666666667,11.5,51.333333333333336,9.666666666666666,61.333333333333336,36.78541583333333,-119.77290983333334,5.3,1.7928327785658427,9.707167221434158,316.5555555555556,6.846685673737069,1.47583283530781,0.39756218282910577,6.77583283530781
2023-10-28 09:30:00,1698510900.0,5.0,4.666666666666667,5.0,16.333333333333332,39.833333333333336,12.166666666666666,53.66666666666666,36.785452,-119.773103,7.7,2.632756238472285,13.700577094861046,199.16666666666669,6.287397926665328,-1.448319203590148,-0.3396520954135788,6.251680796409852
2023-10-28 10:30:00,1698514500.0,3.8333333333333335,3.8333333333333335,3.8333333333333335,19.0,33.666666666666664,14.833333333333334,44.833333333333336,36.78542266666667,-119.77311433333334,3.5,2.6295949210952547,16.370405078904746,129.05555555555554,5.6346677595201475,2.0351896428152205,0.5385828341636781,5.5351896428152205
2023-10-28 11:30:00,1698518100.0,4.5,4.333333333333333,4.5,21.5,31.666666666666668,16.833333333333332,42.5,36.78544516666667,-119.77315649999998,2.2,3.9499565738340547,17.550043426165946,142.5,6.195531192102015,3.9438215279479953,1.019772135852459,6.1438215279479955
2023-10-28 12:30:00,1698521700.0,5.166666666666667,4.833333333333333,5.166666666666667,23.0,30.33333333333333,18.5,40.333333333333336,36.78544933333333,-119.77309666666667,3.7,4.639140403124548,18.36085959687545,156.7222222222222,6.731912047206691,3.0284110237436863,0.7889860189968225,6.7284110237436865
2023-10-28 13:30:00,1698525300.0,5.333333333333333,5.0,5.333333333333333,23.0,29.0,19.33333333333333,37.66666666666666,36.7855015,-119.77311716666668,2.1,3.9966772051953203,19.00332279480468,154.66666666666666,6.909263941872853,4.810621981698235,1.2383030680309188,6.9106219816982355
2023-10-28 14:30:00,1698528900.0,4.333333333333333,4.166666666666667,4.333333333333333,23.0,28.33333333333333,20.0,35.166666666666664,36.785459,-119.7730875,4.4,3.665586967604658,19.334413032395343,122.77777777777774,6.169579002969206,1.729907295353037,0.4616174430175375,6.129907295353037
2023-10-28 15:30:00,1698532500.0,6.666666666666667,6.166666666666667,6.833333333333333,23.0,26.666666666666668,20.666666666666668,32.5,36.78543283333333,-119.7730675,5.9,2.8066765228546866,20.193323477145313,177.7777777777778,8.008437632229878,2.1677797786210764,0.572010419313133,8.067779778621077
2023-10-28 16:30:00,1698535800.0,6.4,6.4,6.4,23.0,25.2,20.8,29.8,36.7853736,-119.7731308,4.8,2.0105805618631325,20.989419438136867,161.28,7.961306589889319,3.1060711483140535,0.8085650805236497,7.906071148314053
2023-11-02 17:30:00,1698971101.0,16.833333333333332,16.0,17.0,27.166666666666668,22.5,25.33333333333333,25.83333333333333,36.78540733333333,-119.77310933333332,15.0,3.9164296032338237,23.250237063432845,378.75,10.20169781779556,-1.2774421784776546,-0.2965719200120152,13.722557821522345
2023-11-02 18:30:00,1698974701.0,13.666666666666666,13.0,13.833333333333334,23.5,29.666666666666668,22.0,33.666666666666664,36.7853825,-119.7730915,15.9,4.753318009067568,18.74668199093243,405.44444444444446,9.772581640813565,-4.611045337633371,-1.1370138034137813,11.28895466236663
2023-11-02 20:30:00,1698981901.0,19.83333333333333,19.0,20.0,18.666666666666668,39.16666666666666,18.5,41.16666666666666,36.785396166666665,-119.7730585,24.7,4.483389594486831,14.183277072179838,776.8055555555552,16.369914901977467,-8.995292815348567,-2.242335892322411,15.704707184651433
2023-11-02 21:30:00,1698985501.0,17.5,16.5,17.5,16.833333333333332,46.333333333333336,16.5,50.5,36.78543116666666,-119.77312083333334,22.7,5.2389113811009995,11.594421952232333,810.8333333333334,14.772463269856168,-8.81447424950405,-2.196749333641905,13.88552575049595
2023-11-02 22:30:00,1698989101.0,18.166666666666668,17.166666666666668,18.166666666666668,15.166666666666666,52.5,15.0,56.333333333333336,36.78541883333333,-119.77312966666666,19.7,5.507254613197735,9.65941205346893,953.7500000000001,15.34715378020936,-5.40795134284641,-1.3379234954015489,14.29204865715359
2023-11-02 23:30:00,1698992701.0,20.0,19.0,20.0,14.0,56.333333333333336,14.166666666666666,60.333333333333336,36.78543333333334,-119.773079,20.2,5.438272044662915,8.561727955337085,1126.6666666666667,16.699374880992963,-4.609070382626404,-1.136515893246781,15.590929617373595
2023-11-03 00:30:00,1698996301.0,27.0,25.666666666666668,27.5,13.0,59.16666666666666,13.0,63.66666666666666,36.78545066666667,-119.77305233333334,28.8,5.208047062762675,7.791952937237325,1597.4999999999998,21.853129850989696,-8.086988596592679,-2.0133413564202116,20.71301140340732
2023-11-03 01:30:00,1698999901.0,26.33333333333333,25.0,26.5,12.166666666666666,63.66666666666666,12.0,68.16666666666667,36.78543483333333,-119.77307916666666,29.7,5.477608921563952,6.689057745102714,1676.555555555555,20.998354372314555,-9.540563565248235,-2.3798052772883267,20.159436434751765
2023-11-03 02:30:00,1699003501.0,29.666666666666668,28.0,29.83333333333333,11.333333333333334,66.5,11.333333333333334,71.0,36.78544433333334,-119.77307766666668,26.7,5.313045307579206,6.020288025754128,1972.8333333333335,23.13656467430236,-4.121937369215505,-1.0137037384365117,22.578062630784494
2023-11-03 03:30:00,1699007101.0,29.166666666666668,27.5,29.33333333333333,11.0,63.833333333333336,12.0,66.0,36.78540233333333,-119.77314633333332,16.7,4.408534681054628,6.591465318945372,1861.8055555555557,23.056172648493394,5.546172611283833,1.423744323918989,22.246172611283832
2023-11-03 04:30:00,1699010701.0,33.0,31.33333333333333,33.333333333333336,11.0,63.0,11.0,67.83333333333333,36.78538183333333,-119.77308416666666,24.1,4.220725895895656,6.779274104104344,2079.0,26.05804594458953,0.9840009886284733,0.273565395027633,25.084000988628475
2023-11-03 05:30:00,1699014301.0,42.0,39.833333333333336,42.333333333333336,11.0,64.16666666666667,11.166666666666666,68.83333333333333,36.7853895,-119.7730725,28.0,4.483051520341422,6.516948479658578,2695.0,32.55605723752599,3.703671799349923,0.9592274697463399,31.703671799349923
2023-11-03 06:30:00,1699017901.0,44.5,42.16666666666666,44.833333333333336,10.833333333333334,67.33333333333333,10.333333333333334,73.5,36.78541116666667,-119.7731005,26.0,5.015268748016216,5.818064585317118,2996.333333333333,33.940448483557645,7.50328089344498,1.9171551146314891,33.50328089344498
2023-11-03 07:30:00,1699021501.0,48.66666666666666,46.16666666666666,49.16666666666666,10.0,70.83333333333333,10.0,75.66666666666667,36.78540616666667,-119.773056,29.5,4.945428288677178,5.054571711322822,3447.2222222222213,36.469443343259044,7.0271380606030505,1.7971137179514856,36.52713806060305
2023-11-03 08:30:00,1699025101.0,48.16666666666666,45.833333333333336,48.833333333333336,12.5,58.16666666666666,11.833333333333334,66.33333333333333,36.785456333333336,-119.77306116666666,31.2,4.493765618774071,8.00623438122593,2801.6944444444434,37.90831476640722,5.133109349225439,1.3196060538987637,36.33310934922544
2023-11-03 09:30:00,1699028701.0,45.333333333333336,43.16666666666666,45.66666666666666,17.5,44.16666666666666,14.666666666666666,55.833333333333336,36.785442833333335,-119.773126,33.0,5.156318331944311,12.34368166805569,2002.222222222222,36.62569503938006,1.437081315596913,0.3877924536035205,34.43708131559691
2023-11-03 10:30:00,1699032301.0,45.333333333333336,43.0,46.0,22.0,36.66666666666666,18.33333333333333,47.833333333333336,36.78543716666667,-119.77308283333332,33.0,6.500157743681536,15.499842256318464,1662.222222222222,36.23721149882552,1.540477296689204,0.41385983743315025,34.540477296689204
2023-11-03 11:30:00,1699035901.0,42.333333333333336,40.16666666666666,42.5,25.666666666666668,32.166666666666664,20.666666666666668,44.333333333333336,36.78539783333333,-119.773056,32.3,7.8085382483887456,17.85812841827792,1361.7222222222222,33.18229176960712,0.09059667534374682,0.04832730643449589,32.390596675343744
2023-11-03 12:30:00,1699039501.0,31.666666666666668,30.33333333333333,31.666666666666668,28.5,28.83333333333333,23.0,40.0,36.7853255,-119.77304583333334,24.0,8.646922840970168,19.85307715902983,913.0555555555554,23.83633253087722,0.5719523647151625,0.1696829276188503,24.571952364715163
2023-11-03 13:30:00,1699043101.0,23.0,21.83333333333333,23.0,29.666666666666668,26.166666666666668,24.83333333333333,34.333333333333336,36.7854495,-119.773098,20.0,8.209772289000561,21.456894377666107,601.8333333333334,15.920607277516806,-1.7812705597877425,-0.42359318003708535,18.218729440212257
2023-11-03 14:30:00,1699046701.0,16.833333333333332,16.333333333333332,16.833333333333332,30.0,23.0,25.83333333333333,29.0,36.785456833333335,-119.7730815,10.5,6.600690932249966,23.399309067750032,387.16666666666663,10.056511526232653,3.215664756116192,0.8361949613920586,13.715664756116192
2023-11-03 15:30:00,1699050301.0,16.166666666666668,15.333333333333334,16.166666666666668,29.666666666666668,23.5,26.5,28.666666666666668,36.78543916666667,-119.773055,14.3,6.634764570837528,23.03190209582914,379.9166666666667,9.554548131481162,-1.0827656892901416,-0.2474916103844485,13.217234310709859
2023-11-03 16:30:00,1699053901.0,15.0,14.0,15.0,28.83333333333333,24.5,26.5,29.0,36.78543166666667,-119.77309933333332,15.3,6.5409149984315516,22.292418334901775,367.5,8.901414180726674,-2.9567422351027677,-0.7199438797218651,12.343257764897233
2023-11-03 17:30:00,1699057501.0,13.666666666666666,13.166666666666666,13.666666666666666,27.0,28.5,25.33333333333333,32.5,36.785401666666665,-119.773047,12.0,7.18747747420816,19.81252252579184,389.5,9.170920596792381,-0.6949615183523488,-0.14972146431326322,11.305038481647651
2023-11-03 18:30:00,1699061101.0,15.166666666666666,14.333333333333334,15.166666666666666,23.166666666666668,37.333333333333336,21.666666666666668,43.0,36.78536666666667,-119.77305216666667,20.4,7.798676506309706,15.367990160356962,566.2222222222223,11.970003803919482,-8.110779902193954,-2.0193394337958006,12.289220097806044
2023-11-03 19:30:00,1699064701.0,18.166666666666668,17.5,18.166666666666668,20.0,45.16666666666666,19.33333333333333,50.0,36.78539983333334,-119.77309433333332,19.2,7.752589877156037,12.247410122843963,820.5277777777777,15.1654184737597,-4.806853050222847,-1.1863793082133895,14.393146949777153
2023-11-03 21:30:00,1699071901.0,39.5,37.333333333333336,39.833333333333336,16.5,56.5,16.166666666666668,61.16666666666666,36.78543533333333,-119.77309266666668,32.9,7.817213050956844,8.682786949043155,2231.75,31.20970846822037,-2.9338997060897647,-0.7141850004585608,29.966100293910234
2023-11-03 22:30:00,1699075501.0,38.333333333333336,36.5,38.333333333333336,15.333333333333334,60.833333333333336,15.166666666666666,65.66666666666667,36.78538666666666,-119.77310166666666,28.8,7.808613281597238,7.524720051736096,2331.944444444445,30.077102133121905,0.24616997872326252,0.08754922753815507,29.046169978723263
2023-11-03 23:30:00,1699079101.0,31.0,29.166666666666668,31.0,14.5,58.66666666666666,14.833333333333334,62.333333333333336,36.78541116666667,-119.773136,21.9,6.494416445055078,8.005583554944922,1818.6666666666663,24.692369982452252,1.7691287488145733,0.47150564825469493,23.669128748814572
2023-11-04 00:30:00,1699082701.0,33.666666666666664,31.666666666666668,33.833333333333336,13.5,63.5,13.166666666666666,67.83333333333333,36.785416,-119.773103,31.8,6.703616743621933,6.796383256378067,2137.833333333333,26.256303638919885,-6.2313546967774975,-1.5455134911323063,25.568645303222503
2023-11-04 01:30:00,1699086301.0,38.66666666666666,36.833333333333336,38.66666666666666,13.0,62.66666666666666,13.166666666666666,65.5,36.78540216666666,-119.773122,31.5,6.038138028124098,6.961861971875902,2423.11111111111,30.246193592320253,-2.2333359044325434,-0.5375643492299321,29.266664095567457
2023-11-04 02:30:00,1699089901.0,42.333333333333336,40.16666666666666,42.333333333333336,12.833333333333334,62.16666666666666,13.0,65.5,36.78546083333333,-119.7730995,28.2,5.764516869004901,7.068816464328433,2631.722222222222,32.97765117257226,3.777012750974624,0.9777176152649061,31.977012750974623
2023-11-04 03:30:00,1699093501.0,45.833333333333336,43.333333333333336,46.16666666666666,12.0,65.16666666666667,12.0,69.83333333333333,36.78541766666667,-119.7731285,30.4,5.6555399835464595,6.3444600164535405,2986.805555555556,35.14191596126619,4.116225603538673,1.0632372992440928,34.51622560353867
2023-11-04 04:30:00,1699097101.0,40.333333333333336,38.16666666666666,40.66666666666666,11.833333333333334,64.83333333333333,12.0,68.0,36.785397,-119.77305866666666,26.9,5.423084328486512,6.410249004846822,2614.9444444444443,31.167147128633616,3.565637595474602,0.9244273688524411,30.4656375954746
2023-11-04 05:30:00,1699100701.0,34.333333333333336,32.333333333333336,34.5,11.0,63.5,11.5,66.83333333333333,36.78535,-119.7730855,19.2,4.333672890764081,6.666327109235919,2180.166666666667,26.883501158407316,6.860182683222689,1.7550222376190934,26.06018268322269
2023-11-04 06:30:00,1699104301.0,34.666666666666664,32.666666666666664,35.166666666666664,10.5,68.33333333333333,10.333333333333334,73.33333333333333,36.78540616666667,-119.773094,18.8,4.908553701601685,5.591446298398315,2368.8888888888887,26.575146315728862,7.4393184076299725,1.901029394358582,26.239318407629973
2023-11-04 07:30:00,1699107901.0,35.833333333333336,33.833333333333336,36.16666666666666,10.0,70.66666666666667,10.166666666666666,74.83333333333333,36.7854315,-119.77308783333332,17.4,4.911593056520868,5.088406943479132,2532.2222222222226,27.156611544544955,9.667341184068256,2.462741022615518,27.067341184068255
2023-11-04 08:30:00,1699111501.0,30.666666666666668,29.0,30.83333333333333,12.833333333333334,60.833333333333336,12.5,66.0,36.785436833333335,-119.773028,20.9,5.451402437984192,7.381930895349142,1865.5555555555557,24.401665771745492,2.493490108721158,0.6541259532275094,23.393490108721156
2023-11-04 09:30:00,1699115101.0,30.83333333333333,29.33333333333333,31.0,17.5,47.16666666666666,16.0,54.66666666666666,36.785398,-119.77307133333332,22.1,6.1055659136601435,11.394434086339857,1454.305555555555,25.161186437630978,1.6047849081560202,0.4300725680786084,23.70478490815602
2023-11-04 10:30:00,1699118701.0,32.833333333333336,31.0,32.833333333333336,23.0,33.333333333333336,19.5,42.66666666666666,36.78539216666667,-119.77308016666666,20.7,5.997982668155715,17.002017331844286,1094.4444444444446,25.82725622982719,4.670105191060117,1.2028770768330397,25.370105191060116
2023-11-04 11:30:00,1699122301.0,34.0,32.333333333333336,34.333333333333336,27.33333333333333,26.83333333333333,22.33333333333333,36.0,36.78539416666667,-119.7730915,33.5,6.593424660136208,20.73990867319712,912.3333333333331,25.483701513835534,-7.180094543659592,-1.784702340465481,26.319905456340408
2023-11-04 12:30:00,1699125901.0,32.0,30.666666666666668,32.666666666666664,29.666666666666668,24.0,24.5,32.666666666666664,36.7854035,-119.77311216666668,31.2,6.941706920806432,22.724959745860236,768.0,22.98333517410203,-6.3156459796919435,-1.566764348293394,24.884354020308056
2023-11-04 13:30:00,1699129501.0,29.5,28.0,29.83333333333333,31.0,23.0,26.166666666666668,30.83333333333333,36.785397,-119.77311466666669,33.0,7.436420633943675,23.563579366056324,678.5,20.3208468062952,-9.94512502388033,-2.4818001393074267,23.05487497611967
2023-11-04 14:30:00,1699133101.0,28.666666666666668,27.0,28.83333333333333,31.5,22.33333333333333,27.0,28.5,36.785471666666666,-119.7731285,27.0,7.422335515890816,24.077664484109185,640.2222222222221,19.271784184258728,-4.550355995005688,-1.1217132823303593,22.449644004994312
2023-11-04 15:30:00,1699136701.0,27.5,25.83333333333333,27.5,31.33333333333333,22.0,27.5,27.666666666666668,36.785413,-119.773055,26.1,7.063688348888341,24.269644984444987,605.0,18.197713787206297,-4.505951033068573,-1.1105182515900283,21.594048966931428
2023-11-04 16:30:00,1699140301.0,25.5,24.0,25.5,30.5,22.33333333333333,27.5,27.166666666666668,36.78541033333334,-119.773069,29.2,6.589735156147835,23.910264843852165,569.4999999999999,16.784507496172242,-9.085158550006557,-2.2649921365372663,20.114841449993442
2023-11-04 17:30:00,1699143901.0,25.5,24.5,25.5,28.5,25.33333333333333,26.5,29.166666666666668,36.78539733333333,-119.773117,26.3,6.7464942977911635,21.753505702208837,645.9999999999999,18.079845866099156,-6.226516942443471,-1.544293834451589,20.07348305755653
2023-11-04 18:30:00,1699147501.0,36.333333333333336,34.666666666666664,36.66666666666666,24.5,35.666666666666664,22.666666666666668,41.16666666666666,36.7854015,-119.77307866666666,32.2,8.306449702522325,16.193550297477675,1295.888888888889,28.787018470285,-4.28149120250097,-1.0539291995211986,27.918508797499033
2023-11-04 19:30:00,1699151101.0,31.33333333333333,29.666666666666668,31.33333333333333,21.166666666666668,41.66666666666666,20.5,46.5,36.785405,-119.77310683333332,28.3,7.623536536984749,13.54313012968192,1305.555555555555,25.232576780511963,-4.150738337376168,-1.0209648126463384,24.149261662623832
2023-11-04 20:30:00,1699154701.0,34.666666666666664,32.833333333333336,34.666666666666664,19.5,47.833333333333336,19.166666666666668,52.0,36.78540616666667,-119.7730355,30.4,8.140568025972838,11.359431974027162,1658.2222222222222,27.9040687605921,-3.878065910717794,-0.9522207789772157,26.521934089282205
2023-11-04 21:30:00,1699158301.0,45.0,42.66666666666666,45.16666666666666,18.5,51.5,18.0,55.66666666666666,36.785411333333336,-119.77312333333332,39.6,8.310314943629622,10.189685056370378,2317.5,35.74747333583097,-5.50978566702674,-1.3635971665384394,34.09021433297326
2023-11-04 22:30:00,1699161901.0,46.333333333333336,44.16666666666666,46.5,17.5,54.16666666666666,17.333333333333332,58.66666666666666,36.78538733333333,-119.77313733333334,45.5,8.128291930414846,9.371708069585154,2509.7222222222217,36.6910322231376,-10.463473922525836,-2.6124821982802753,35.036526077474164
2023-11-04 23:30:00,1699165501.0,43.66666666666666,41.66666666666666,44.16666666666666,16.333333333333332,58.333333333333336,15.666666666666666,64.33333333333333,36.78541233333333,-119.7731095,42.4,8.131201298576244,8.202132034757089,2547.2222222222217,34.327155316338235,-9.387065654244516,-2.3411065878333783,33.01293434575548
2023-11-05 00:30:00,1699169101.0,37.16666666666666,35.333333333333336,37.333333333333336,15.0,59.16666666666666,15.0,63.333333333333336,36.785399,-119.77306366666666,28.2,7.087759405011718,7.912240594988282,2199.027777777777,29.37088700633602,0.008956448410106788,0.02774481271534742,28.208956448410106
2023-11-05 01:30:00,1699172701.0,39.0,37.0,39.0,14.166666666666666,63.16666666666666,14.166666666666666,67.66666666666667,36.785425833333335,-119.7730625,25.4,7.258349620827655,6.908317045839011,2463.4999999999995,30.316947567945274,4.105539720161403,1.0605432581352288,29.5055397201614
2023-11-05 02:30:00,1699179901.0,41.0,38.833333333333336,41.0,13.0,68.16666666666667,13.0,72.0,36.785402833333336,-119.7731095,26.4,7.263273469637886,5.736726530362114,2794.8333333333335,31.1726592580239,4.5112212061004335,1.1628204926547019,30.911221206100432
2023-11-05 03:30:00,1699183501.0,43.333333333333336,41.333333333333336,43.66666666666666,12.0,69.83333333333333,12.0,74.33333333333333,36.7853955,-119.77307516666669,30.0,6.65879823697638,5.34120176302362,3026.111111111111,32.78341573938063,2.6086251514139036,0.6831528971996711,32.608625151413904
2023-11-05 04:30:00,1699187101.0,41.66666666666666,39.5,42.0,12.0,71.16666666666667,12.0,74.66666666666667,36.785441166666665,-119.773149,27.5,6.93455509111989,5.06544490888011,2965.2777777777774,31.278621237268467,3.8614001936636946,0.9989927154742013,31.361400193663695
2023-11-05 05:30:00,1699190701.0,40.833333333333336,38.833333333333336,40.833333333333336,11.0,73.5,10.833333333333334,78.33333333333333,36.785429666666666,-119.77309666666667,23.0,6.441952461501289,4.558047538498711,3001.25,30.41156246987433,7.714810830101435,1.9704843832551822,30.714810830101435
2023-11-05 06:30:00,1699194301.0,41.0,38.833333333333336,41.16666666666666,10.166666666666666,76.5,10.166666666666666,81.16666666666667,36.78540866666667,-119.773079,24.5,6.217434956081414,3.949231710585252,3136.5,30.0209169988347,6.296336782664568,1.612869831352041,30.796336782664568
2023-11-05 07:30:00,1699197901.0,41.833333333333336,39.833333333333336,41.833333333333336,12.666666666666666,68.66666666666667,12.5,74.83333333333333,36.78536616666667,-119.773097,30.3,7.051422816497863,5.615243850168803,2872.555555555556,31.806825859703,1.2187498656945124,0.3327484408037832,31.518749865694513
2023-11-05 08:30:00,1699201800.2857144,37.57142857142857,35.714285714285715,37.57142857142857,18.571428571428573,47.285714285714285,16.142857142857142,57.85714285714285,36.78541614285714,-119.77308542857143,25.3,7.1220237646812405,11.449404806747332,1776.5918367346937,30.304614431361944,3.371182221394502,0.8754028050315739,28.671182221394503
2023-11-05 09:30:00,1699205700.0,56.66666666666666,53.16666666666666,57.333333333333336,23.166666666666668,36.16666666666666,19.666666666666668,46.66666666666666,36.785426,-119.77310433333334,36.7,7.33292054582984,15.833746120836828,2049.4444444444434,44.966593324739826,6.203505822098464,1.5894660176371744,42.90350582209847
2023-11-05 10:30:00,1699209300.0,56.333333333333336,53.0,57.0,28.0,28.83333333333333,22.666666666666668,39.333333333333336,36.785506,-119.7730815,36.8,8.217285227695761,19.78271477230424,1624.2777777777776,43.83167361366173,5.95883542472194,1.5277816359737422,42.75883542472194
2023-11-05 11:30:00,1699212900.0,41.66666666666666,39.333333333333336,42.0,31.166666666666668,23.666666666666668,25.0,33.0,36.7855135,-119.77306766666668,26.4,7.995567131591116,23.17109953507555,986.111111111111,30.515079924821134,5.61624140724814,1.4414095192156153,32.01624140724814
2023-11-05 12:30:00,1699216500.0,36.333333333333336,34.166666666666664,36.333333333333336,31.33333333333333,24.0,26.33333333333333,31.5,36.78543866666666,-119.77308283333332,29.6,8.341538739468046,22.991794593865283,872.0,26.093038124413894,-1.5206530096907542,-0.3578883273015424,28.079346990309247
2023-11-05 13:30:00,1699220100.0,31.0,29.166666666666668,31.166666666666668,31.166666666666668,24.166666666666668,27.0,30.33333333333333,36.7854805,-119.77308899999998,24.7,8.30370028673479,22.862966379931876,749.1666666666667,21.751460568630858,-0.5552497381609385,-0.11449842603559954,24.14475026183906
2023-11-05 14:30:00,1699223700.0,21.166666666666668,20.33333333333333,21.166666666666668,30.33333333333333,26.5,27.166666666666668,32.166666666666664,36.785394,-119.7730205,14.3,8.963213573991945,21.370119759341385,560.9166666666667,14.485293064026955,2.5624062682743194,0.671500554872159,16.86240626827432
2023-11-05 15:30:00,1699227300.0,14.833333333333334,14.666666666666666,14.833333333333334,29.166666666666668,28.166666666666668,27.0,33.333333333333336,36.785436833333335,-119.7730635,16.2,8.872353096322387,20.29431357034428,417.8055555555556,9.931410315855363,-4.030175726414592,-0.9905695127300629,12.169824273585407
2023-11-05 16:30:00,1699230900.0,15.5,14.833333333333334,15.5,27.0,31.83333333333333,25.0,37.0,36.785477,-119.77308516666666,20.2,8.815764431074468,18.18423556892553,493.4166666666666,11.228987227309158,-7.589187492726193,-1.8878396463129452,12.610812507273806
2023-11-05 17:30:00,1699234500.0,16.5,15.5,16.5,23.166666666666668,41.333333333333336,21.83333333333333,46.833333333333336,36.7854715,-119.77311183333336,13.8,9.30358561722064,13.863081049446027,682.0,13.271361876571419,-0.5828496654428061,-0.12145670323869633,13.217150334557195
2023-11-05 18:30:00,1699238100.0,20.5,19.666666666666668,20.5,20.5,48.66666666666666,19.83333333333333,53.5,36.785424166666665,-119.77313499999998,20.6,9.312437338715208,11.187562661284792,997.6666666666665,16.940366132590405,-4.534723678065269,-1.1177721851858908,16.065276321934732
2023-11-05 19:30:00,1699241700.0,23.5,22.5,23.5,18.666666666666668,54.16666666666666,18.33333333333333,58.833333333333336,36.7853685,-119.77303966666666,24.6,9.212387678467357,9.454278988199311,1272.9166666666665,19.23286866708078,-6.398629187532119,-1.587685423825846,18.201370812467882
2023-11-05 20:30:00,1699245300.0,29.83333333333333,28.666666666666668,30.0,17.666666666666668,58.66666666666666,17.166666666666668,63.833333333333336,36.7853965,-119.77310816666666,25.6,9.466196537138178,8.20047012952849,1750.2222222222217,23.878786123416564,-2.791061666185751,-0.6781737941010682,22.80893833381425
2023-11-05 21:30:00,1699248900.0,34.333333333333336,32.5,34.333333333333336,17.0,61.833333333333336,16.666666666666668,66.33333333333333,36.78537633333333,-119.77321366666666,27.1,9.62224806674188,7.37775193325812,2122.944444444445,26.82686240358364,-1.016840432090138,-0.2308710515837575,26.083159567909863
2023-11-05 22:30:00,1699252500.0,36.0,34.166666666666664,36.0,17.0,58.5,17.0,62.66666666666666,36.78547416666667,-119.773144,26.2,8.79859297237233,8.20140702762767,2106.0,28.42142808670542,1.1579567872846646,0.31742176666854993,27.357956787284664
2023-11-05 23:30:00,1699256100.0,32.166666666666664,30.666666666666668,32.166666666666664,17.0,56.833333333333336,16.5,61.5,36.785448,-119.77308800000002,23.8,8.371118270918867,8.628881729081133,1828.138888888889,25.728244100426284,0.7545937369707829,0.21572903795565254,24.554593736970784
2023-11-06 00:30:00,1699259700.0,27.0,25.666666666666668,27.166666666666668,16.166666666666668,55.16666666666666,16.0,59.66666666666666,36.785425,-119.77308166666668,17.6,7.156098722667633,9.010567943999035,1489.4999999999998,21.942005001717142,3.1681559266565387,0.8242174079152383,20.76815592665654
2023-11-06 01:30:00,1699263300.0,32.0,30.33333333333333,32.0,16.0,56.333333333333336,15.666666666666666,61.66666666666666,36.785393,-119.77309033333334,19.9,7.306811385744665,8.693188614255334,1802.6666666666667,25.630757090647986,4.538602457376893,1.1697236389783672,24.43860245737689
2023-11-06 02:30:00,1699266900.0,36.333333333333336,34.5,36.66666666666666,15.166666666666666,59.66666666666666,14.666666666666666,65.66666666666667,36.785367,-119.77311966666667,22.9,7.367557725876881,7.799108940789785,2167.8888888888887,28.670897245779614,4.687641658003738,1.2072982333422755,27.587641658003736
2023-11-06 03:30:00,1699270500.0,35.0,33.0,35.333333333333336,14.166666666666666,61.0,14.5,64.33333333333333,36.78542016666666,-119.773131,21.9,6.74861626518289,7.418050401483776,2135.0,27.501300852220062,4.68618539025363,1.206931090538467,26.58618539025363
2023-11-06 04:30:00,1699274100.0,29.666666666666668,28.33333333333333,30.166666666666668,15.5,56.5,15.666666666666666,59.66666666666666,36.785410000000006,-119.77310816666666,20.1,6.882862601425887,8.617137398574112,1676.1666666666667,23.97061617454718,2.6159239389075317,0.6849930102589734,22.715923938907533
2023-11-06 05:30:00,1699277700.0,32.5,31.0,33.0,16.5,53.0,16.0,57.833333333333336,36.78541116666667,-119.7730955,20.6,6.880704818254782,9.619295181745219,1722.5,26.285190079944428,4.253209261751373,1.0977725448048459,24.853209261751374
2023-11-06 06:30:00,1699281300.0,31.5,30.166666666666668,31.83333333333333,17.0,55.0,16.0,60.833333333333336,36.785389,-119.77301516666668,17.9,7.887923126819992,9.112076873180008,1732.5,25.40759978920839,6.188330930126494,1.5856402428882175,24.088330930126492
2023-11-06 07:30:00,1699284900.0,24.83333333333333,23.83333333333333,25.0,17.0,66.16666666666667,15.666666666666666,73.83333333333333,36.785363,-119.7730955,15.9,10.636337534392267,6.363662465607733,1643.1388888888887,19.54508063683786,3.1190120027205968,0.8118276272429232,19.019012002720597
2023-11-06 08:30:00,1699288500.0,30.5,28.5,30.5,17.166666666666668,74.5,16.5,81.83333333333333,36.78541366666666,-119.77306,18.3,12.592909564075258,4.57375710259141,2272.25,22.47017748754401,4.782195309286287,1.2311363583296977,23.082195309286288
2023-11-06 09:30:00,1699292100.0,30.166666666666668,28.666666666666668,30.166666666666668,20.166666666666668,62.833333333333336,18.83333333333333,70.16666666666667,36.785429666666666,-119.77307516666669,18.9,12.855955858882377,7.310710807784291,1895.4722222222224,23.527574472961987,4.097264812096412,1.0584570532130813,22.99726481209641
2023-11-06 10:30:00,1699295700.0,26.0,24.5,26.0,24.33333333333333,45.16666666666666,21.166666666666668,57.16666666666666,36.78541466666667,-119.77305483333332,19.3,11.688888228942272,12.644445104391057,1174.333333333333,20.750761765743874,0.8687111647793024,0.24449942884424516,20.168711164779303
2023-11-06 11:30:00,1699299300.0,22.666666666666668,21.666666666666668,22.666666666666668,27.5,34.0,22.83333333333333,45.66666666666666,36.785439833333335,-119.7731005,14.0,10.23347316160249,17.26652683839751,770.6666666666667,17.281117765780472,3.8649693921824486,0.9998925538119164,17.86496939218245
2023-11-06 12:30:00,1699302900.0,22.5,21.5,22.5,28.83333333333333,32.666666666666664,24.0,43.333333333333336,36.78530366666666,-119.77312966666666,16.5,10.798178778213073,18.035154555120258,735.0,16.82296494998252,1.2604665549321439,0.3432657253149488,17.760466554932144
2023-11-06 13:30:00,1699306500.0,18.5,17.833333333333332,18.5,28.83333333333333,31.83333333333333,24.666666666666668,41.5,36.78540616666667,-119.77316266666666,8.9,10.409841136409025,18.423492196924304,588.9166666666666,13.507718675780744,5.92273071727463,1.518679200297394,14.82273071727463
2023-11-06 14:30:00,1699310100.0,10.833333333333334,10.333333333333334,10.833333333333334,27.5,34.166666666666664,25.0,41.5,36.785434,-119.77303583333332,10.6,10.306765791502448,17.19323420849755,370.13888888888886,7.701335659754703,-1.4621167912895157,-0.3431306350113738,9.137883208710484
2023-11-06 15:30:00,1699313700.0,5.166666666666667,4.833333333333333,5.166666666666667,26.0,38.333333333333336,23.83333333333333,45.0,36.785443,-119.77303083333334,5.8,10.709811494853284,15.290188505146716,198.05555555555557,6.4519307807191595,0.6399023516986739,0.18681394541282528,6.439902351698674
2023-11-06 16:30:00,1699317300.0,3.333333333333333,3.1666666666666665,3.333333333333333,23.666666666666668,43.0,22.33333333333333,49.0,36.785393,-119.77307766666668,1.9,10.344300257991883,13.322366408674785,143.33333333333331,4.8244110659376656,2.896217654254896,0.7556584634594316,4.796217654254896
2023-11-06 17:30:00,1699320900.0,2.833333333333333,2.833333333333333,2.833333333333333,22.0,48.0,21.0,53.5,36.785452166666666,-119.773013,8.7,10.480241270227237,11.519758729772763,136.0,4.259014697542269,-4.486478803614379,-1.1056090658186002,4.213521196385621
2023-11-06 18:30:00,1699324500.0,2.6666666666666665,2.5,2.6666666666666665,21.0,50.833333333333336,20.83333333333333,55.5,36.785371833333336,-119.77306733333334,6.7,10.422829634615265,10.577170365384735,135.55555555555554,3.9666431150671864,-2.7227851375773686,-0.660960451193661,3.9772148624226316
2023-11-06 19:30:00,1699328100.0,3.0,2.833333333333333,3.0,20.33333333333333,55.16666666666666,19.5,61.5,36.7853795,-119.773061,7.6,11.036035781581791,9.297297551751537,165.49999999999997,4.070359227672636,-3.510808309707655,-0.8596306729716923,4.089191690292345
2023-11-06 20:30:00,1699331700.0,2.0,1.8333333333333333,2.0,18.0,65.66666666666667,16.833333333333332,74.16666666666667,36.7854195,-119.773196,4.2,11.473092116822768,6.526907883177232,131.33333333333334,2.7832697311113996,-1.2942330174490198,-0.30080509464476424,2.9057669825509804
2023-11-06 21:30:00,1699335300.0,2.833333333333333,2.6666666666666665,2.833333333333333,16.166666666666668,79.66666666666667,16.0,85.66666666666667,36.7854,-119.77308266666668,2.0,12.6475423176933,3.5191243489733672,225.7222222222222,2.902431662338827,1.07150770287411,0.29562690151766446,3.07150770287411
2023-11-06 22:30:00,1699338900.0,4.166666666666667,3.8333333333333335,4.166666666666667,16.0,82.83333333333333,16.0,88.5,36.78538383333333,-119.77306216666666,5.1,13.081247334451872,2.918752665548128,345.1388888888889,3.8999426995720654,-1.0696842122339962,-0.24419361098564538,4.030315787766003
2023-11-06 23:30:00,1699342500.0,3.333333333333333,3.333333333333333,3.333333333333333,16.0,81.0,15.5,86.83333333333333,36.78537016666667,-119.77308516666666,2.7,12.738761799071986,3.2612382009280143,270.0,3.3253922633803503,0.7258014620410824,0.2084701554150362,3.4258014620410826
2023-11-07 00:30:00,1699346100.0,3.333333333333333,3.0,3.8333333333333335,15.666666666666666,81.5,15.0,87.5,36.78535983333333,-119.77313233333332,-0.4,12.507598669637494,3.1590679970291724,271.66666666666663,3.2223909880508956,3.8077696700382693,0.9854718084760838,3.4077696700382694
2023-11-07 01:30:00,1699349700.0,4.0,3.0,4.0,15.0,79.5,15.0,84.83333333333333,36.78542383333333,-119.77309916666668,2.4,11.48056647934668,3.5194335206533207,318.0,3.727715540519836,1.6164015551710453,0.43300126601594596,4.016401555171045
2023-11-07 02:30:00,1699353300.0,4.0,3.0,4.0,15.0,77.16666666666667,14.666666666666666,83.16666666666667,36.7854175,-119.77312366666666,4.0,11.03059374840139,3.9694062515986097,308.6666666666667,3.824062483560541,0.10054991785084066,0.05083663987319321,4.100549917850841
2023-11-07 03:30:00,1699356900.0,4.0,3.0,4.833333333333333,14.0,79.16666666666667,14.0,84.0,36.7853745,-119.77307516666669,5.9,10.444520314649841,3.555479685350159,316.6666666666667,3.7421594992480056,-1.8715772501604135,-0.44636059454835847,4.028422749839587
2023-11-07 04:30:00,1699360500.0,4.0,3.0,5.0,13.666666666666666,81.16666666666667,13.666666666666666,85.16666666666667,36.78541766666667,-119.77310933333332,3.4,10.494394107438453,3.1722725592282135,324.6666666666667,3.6595165784747032,0.5562955818283339,0.16573566231185693,3.956295581828334
2023-11-07 05:30:00,1699364100.0,4.333333333333333,3.5,5.166666666666667,13.0,84.33333333333333,13.0,89.0,36.785394,-119.77307133333332,2.3,10.417085036169258,2.582914963830742,365.4444444444444,3.863698291192339,1.810346591037944,0.48189716736902766,4.110346591037944
2023-11-07 06:30:00,1699367700.0,5.833333333333333,5.166666666666667,6.333333333333333,12.833333333333334,85.66666666666667,12.333333333333334,91.16666666666669,36.78538066666667,-119.773051,4.3,10.489065524063422,2.344267809269912,499.72222222222223,5.177761695886665,0.9693974258872,0.2698836593234468,5.2693974258872
2023-11-07 07:30:00,1699371300.0,6.833333333333333,6.333333333333333,6.833333333333333,14.0,80.0,13.333333333333334,88.83333333333333,36.785402833333336,-119.77308516666666,4.9,10.601781028321843,3.3982189716781566,546.6666666666666,6.315656800829792,1.3785148109347007,0.373027125778767,6.278514810934701
2023-11-07 08:30:00,1699374900.0,6.0,5.166666666666667,6.0,16.666666666666668,69.83333333333333,14.666666666666666,83.5,36.7854295,-119.77312216666668,6.4,11.130394918033542,5.536271748633126,419.0,5.888778341847674,-0.425469648076664,-0.08177928757458885,5.974530351923336
2023-11-07 09:30:00,1699378500.0,4.666666666666667,4.333333333333333,5.333333333333333,18.0,63.0,15.833333333333334,77.0,36.78542766666666,-119.77309533333332,7.5,10.84735374114692,7.15264625885308,294.0,5.130424822764383,-2.352044591614593,-0.5674922524230347,5.147955408385407
2023-11-07 10:30:00,1699382100.0,4.0,3.333333333333333,4.166666666666667,18.83333333333333,58.0,16.666666666666668,70.66666666666667,36.78539983333334,-119.77311583333334,7.4,10.388917322714237,8.444416010619092,232.0,4.678734853674179,-2.608231388707982,-0.6320800584612208,4.791768611292018
2023-11-07 11:30:00,1699385700.0,3.1666666666666665,2.833333333333333,3.333333333333333,20.83333333333333,50.0,17.833333333333332,62.833333333333336,36.78539733333333,-119.773103,5.8,10.02173809239964,10.811595240933688,158.33333333333331,4.376635457752144,-1.390353613064871,-0.3250382653481257,4.409646386935129
2023-11-07 12:30:00,1699389300.0,2.6666666666666665,2.0,3.0,21.0,46.16666666666666,18.33333333333333,56.16666666666666,36.7854455,-119.7731275,3.3,8.985989822136473,12.014010177863527,123.11111111111109,4.03242213536859,0.845511587782223,0.23865053344348372,4.145511587782223
2023-11-07 13:30:00,1699392900.0,2.6666666666666665,2.6666666666666665,2.833333333333333,21.33333333333333,43.333333333333336,19.5,51.16666666666666,36.7854465,-119.77308516666666,5.9,8.35120716331781,12.982126170015519,115.55555555555556,4.308760966964552,-1.6523082575351689,-0.39108021583038266,4.2476917424648315
2023-11-07 14:30:00,1699396500.0,1.8333333333333333,1.8333333333333333,2.0,21.166666666666668,41.333333333333336,19.666666666666668,47.66666666666666,36.78547716666667,-119.773041,5.1,7.505704943521542,13.660961723145125,75.77777777777779,3.7040538986409963,-1.4508119859258173,-0.34028055614542885,3.6491880140741824
2023-11-07 15:30:00,1699400100.0,1.8333333333333333,1.5,2.0,20.33333333333333,40.833333333333336,19.33333333333333,46.16666666666666,36.785419833333336,-119.7730725,2.2,6.578907154167066,13.754426179166263,74.86111111111111,3.644333461395088,1.4672198060769954,0.395390733450478,3.6672198060769956
2023-11-07 16:30:00,1699403700.0,2.0,2.0,2.0,19.0,44.833333333333336,18.166666666666668,50.0,36.7854285,-119.77300783333334,3.1,6.735360397684651,12.264639602315349,89.66666666666667,3.703567533947836,0.5570916493348697,0.16593636060813444,3.6570916493348697
2023-11-07 17:30:00,1699407300.0,2.0,2.0,2.0,17.0,49.833333333333336,16.5,55.0,36.78543483333333,-119.77306883333334,6.0,6.445348900947651,10.55465109905235,99.66666666666667,3.500556594345538,-2.523226270693264,-0.6106492347931832,3.476773729306736
2023-11-07 18:30:00,1699410900.0,2.0,1.8333333333333333,2.1666666666666665,16.0,54.333333333333336,15.666666666666666,58.833333333333336,36.78540016666667,-119.77307383333334,3.4,6.778720447369349,9.221279552630651,108.66666666666667,3.2718890111788976,-0.08551239871858352,0.0039280678860864286,3.3144876012814164
2023-11-07 19:30:00,1699414500.0,2.333333333333333,2.1666666666666665,2.333333333333333,15.0,57.66666666666666,15.0,61.833333333333336,36.785424166666665,-119.7730865,1.6,6.713043254366244,8.286956745633756,134.55555555555551,3.4131378436291593,1.8625280131567554,0.49505273826044216,3.4625280131567555
2023-11-07 20:30:00,1699418100.0,2.1666666666666665,2.1666666666666665,2.1666666666666665,14.666666666666666,58.833333333333336,14.666666666666666,63.16666666666666,36.78540233333333,-119.77308516666666,2.4,6.692203447885769,7.9744632187808975,127.47222222222221,3.264200607204792,0.8863276525364769,0.2489407595733994,3.286327652536477
2023-11-07 21:30:00,1699421700.0,2.333333333333333,2.1666666666666665,2.333333333333333,13.666666666666666,62.333333333333336,13.333333333333334,68.16666666666667,36.78538383333333,-119.77316166666668,6.0,6.591352179045389,7.075314487621277,145.44444444444443,3.2166613234048778,-2.705768712202836,-0.6566704034861949,3.294231287797164
2023-11-07 22:30:00,1699425300.0,3.333333333333333,3.0,3.5,12.666666666666666,66.66666666666667,12.333333333333334,71.83333333333333,36.7854125,-119.773065,3.8,6.620314308999857,6.046352357666809,222.22222222222223,3.848593099786984,0.1427128327883982,0.06146642330812488,3.942712832788398
2023-11-07 23:30:00,1699428900.0,3.6666666666666665,3.333333333333333,3.6666666666666665,11.333333333333334,72.0,11.0,78.0,36.78545166666667,-119.773055,2.1,6.463235183849641,4.870098149483693,264.0,3.915247855113239,1.9186260766524845,0.5091957420580158,4.018626076652485
2023-11-08 00:30:00,1699432500.0,6.333333333333333,5.833333333333333,6.333333333333333,10.0,77.5,10.0,82.83333333333333,36.785410000000006,-119.77308633333332,6.3,6.2443009791318875,3.7556990208681125,490.8333333333333,5.974894910145341,-0.3337047668923736,-0.05864424543232113,5.966295233107626
2023-11-08 01:30:00,1699436100.0,7.833333333333333,7.166666666666667,7.833333333333333,9.833333333333334,78.0,9.833333333333334,81.66666666666667,36.7854065,-119.77310433333332,7.7,6.175805465708625,3.657527867624709,611.0,7.226199781661369,-0.5446009453717631,-0.11181373591490852,7.155399054628237
2023-11-08 02:30:00,1699439700.0,7.166666666666667,7.0,7.166666666666667,8.833333333333334,81.66666666666667,8.833333333333334,86.0,36.785375,-119.77304833333334,6.5,5.867490668262648,2.965842665070686,585.2777777777778,6.631531826862126,-0.013338803847248393,0.022123908575445324,6.486661196152752
2023-11-08 03:30:00,1699443300.0,7.0,6.833333333333333,7.0,8.0,84.16666666666667,8.0,88.83333333333333,36.78539083333333,-119.7731335,8.2,5.487914410367167,2.512085589632833,589.1666666666667,6.391928937244686,-1.9376239431416948,-0.4630117687858177,6.2623760568583045
2023-11-08 04:30:00,1699446900.0,8.666666666666666,8.0,8.666666666666666,7.0,86.66666666666667,7.833333333333333,90.16666666666669,36.785386333333335,-119.7731195,6.8,4.927479469926965,2.072520530073035,751.1111111111111,7.6534264069897775,0.7134788896480426,0.20536348510788904,7.5134788896480424
2023-11-08 05:30:00,1699450500.0,9.166666666666666,9.0,9.166666666666666,7.0,86.66666666666667,7.166666666666667,90.33333333333331,36.78540216666666,-119.773093,7.7,4.927479469926965,2.072520530073035,794.4444444444445,8.219805227841103,0.21585742748918335,0.07990706485903937,7.9158574274891835
2023-11-08 06:30:00,1699454100.0,10.833333333333334,10.666666666666666,10.833333333333334,7.166666666666667,89.33333333333333,7.166666666666667,91.5,36.78541116666667,-119.77311833333331,9.8,5.528010401002785,1.6386562656638821,967.7777777777778,7.5167131167235866,-1.422651674434956,-0.3331809992705926,8.377348325565045
2023-11-08 07:30:00,1699457700.0,11.0,10.166666666666666,11.0,10.5,76.66666666666667,9.333333333333334,85.16666666666667,36.7854645,-119.77310566666668,10.2,6.572117672487843,3.9278823275121573,843.3333333333334,8.632540017256435,-1.5251430058123923,-0.3590203099091818,8.674856994187607
2023-11-08 08:30:00,1699461300.0,10.0,9.666666666666666,10.0,15.833333333333334,55.833333333333336,12.0,76.16666666666667,36.785399,-119.77311166666668,9.9,7.020847704145334,8.812485629188,558.3333333333334,9.903221885337958,-0.20155116926875927,-0.025326716865651824,9.698448830731241
2023-11-08 09:30:00,1699464900.0,9.5,8.833333333333334,9.5,19.166666666666668,47.333333333333336,14.333333333333334,67.0,36.78541383333333,-119.77310816666666,10.8,7.681040710177885,11.485625956488782,449.6666666666667,9.658437113838044,-1.197389243062073,-0.27638960178144606,9.602610756937928
2023-11-08 10:30:00,1699468500.0,8.0,7.5,8.0,20.83333333333333,43.833333333333336,16.166666666666668,62.0,36.785408833333335,-119.77311083333332,8.0,8.067913161805135,12.765420171528193,350.6666666666667,8.564626081225322,0.5216976874341945,0.15701311252470404,8.521697687434195
2023-11-08 11:30:00,1699472100.0,7.833333333333333,7.333333333333333,7.833333333333333,22.166666666666668,41.16666666666666,17.666666666666668,56.16666666666666,36.78540616666667,-119.7731055,8.8,8.34516460369835,13.821502062968317,322.4722222222221,8.509422161547961,-0.3162589344978475,-0.054245938994766485,8.483741065502153
2023-11-08 12:30:00,1699475700.0,9.333333333333334,8.833333333333334,9.333333333333334,23.5,38.333333333333336,19.0,51.833333333333336,36.785441,-119.77310033333332,10.0,8.484644592175947,15.015355407824053,357.7777777777778,9.819901385507098,-0.20694316629181309,-0.02668610486626188,9.793056833708187
2023-11-08 13:30:00,1699479300.0,9.0,8.666666666666666,9.0,24.0,36.333333333333336,19.83333333333333,48.66666666666666,36.78539666666666,-119.773014,8.7,8.137699620716619,15.862300379283381,327.0,9.645674575484973,0.8969316431586805,0.25161415452313196,9.59693164315868
2023-11-08 14:30:00,1699482900.0,8.333333333333334,7.666666666666667,8.333333333333334,23.666666666666668,35.666666666666664,20.666666666666668,44.66666666666666,36.7853845,-119.773074,7.3,7.570775742654246,16.095890924012423,297.22222222222223,9.042027424629971,1.7844693153742428,0.47537319158133495,9.084469315374243
2023-11-08 15:30:00,1699486500.0,7.833333333333333,7.166666666666667,7.833333333333333,22.666666666666668,36.833333333333336,20.33333333333333,44.333333333333336,36.78543483333333,-119.77305583333332,8.6,7.157361828638819,15.509304838027848,288.52777777777777,8.602708595745026,0.04001659619320286,0.035575453573083386,8.640016596193203
2023-11-08 16:30:00,1699490100.0,6.5,6.333333333333333,6.5,20.5,42.0,19.0,48.833333333333336,36.785448,-119.77310316666669,8.6,7.139809757968201,13.360190242031798,273.0,7.473049757875977,-1.2193213554122462,-0.28191895393601596,7.3806786445877535
2023-11-08 17:30:00,1699493700.0,7.166666666666667,6.833333333333333,7.166666666666667,17.833333333333332,49.16666666666666,17.166666666666668,54.833333333333336,36.785484833333335,-119.773051,6.3,7.0154594758085205,10.817873857524813,352.3611111111111,7.74493824783313,1.3587276763356186,0.36803854859197654,7.6587276763356185
2023-11-08 18:30:00,1699497300.0,10.0,9.5,10.166666666666666,16.0,55.0,15.5,60.16666666666666,36.78542383333333,-119.77307016666668,15.3,6.956631152756197,9.043368847243803,550.0,9.88767794328094,-5.571498182597402,-1.3791556419596123,9.728501817402599
2023-11-08 19:30:00,1699500900.0,10.5,9.666666666666666,10.5,13.833333333333334,62.66666666666666,13.666666666666666,67.83333333333333,36.785414333333335,-119.77310683333332,8.9,6.826713951238361,7.006619382094973,657.9999999999999,9.14248471000131,-0.40079020944027555,-0.07555730106371761,8.499209790559725
2023-11-08 20:30:00,1699504500.0,14.0,13.5,14.0,12.5,68.5,12.5,73.0,36.78537883333333,-119.7731145,15.8,6.856537273426551,5.643462726573449,959.0,11.605447502366832,-4.80063806084442,-1.184812433834782,10.99936193915558
2023-11-08 21:30:00,1699508100.0,15.333333333333334,14.333333333333334,15.333333333333334,11.5,72.83333333333333,11.666666666666666,75.83333333333333,36.78540866666666,-119.77308016666666,19.3,6.7912445864116675,4.7087554135883325,1116.7777777777778,12.067103571905372,-7.3773032010307045,-1.8344210404759786,11.922696798969296
2023-11-08 22:30:00,1699511700.0,17.0,16.333333333333332,17.333333333333332,10.333333333333334,77.33333333333333,10.666666666666666,80.83333333333333,36.78540616666667,-119.7730865,16.4,6.536481961561048,3.796851371772286,1314.6666666666665,13.010214810018406,-3.3104973396856145,-0.8091298422267408,13.089502660314384
2023-11-08 23:30:00,1699515300.0,18.5,17.5,18.5,9.5,80.0,9.666666666666666,84.16666666666667,36.7854265,-119.77310166666666,16.3,6.2189294354141245,3.2810705645858755,1480.0,13.687256866715089,-2.1413012501846804,-0.5143612940186771,14.15869874981532
2023-11-09 00:30:00,1699518900.0,21.83333333333333,20.83333333333333,22.33333333333333,8.833333333333334,82.5,9.0,86.66666666666667,36.785428333333336,-119.77311966666666,20.6,6.014502508463742,2.8188308248695924,1801.2499999999995,15.79022949783382,-4.01807967721453,-0.9875199516737326,16.58192032278547
2023-11-09 01:30:00,1699522500.0,26.666666666666668,25.33333333333333,26.666666666666668,8.0,83.5,8.333333333333334,87.33333333333333,36.7853915,-119.773088,22.1,5.373231892697768,2.626768107302232,2226.666666666667,18.991711194575405,-1.9682198030255016,-0.470725357019744,20.1317801969745
2023-11-09 02:30:00,1699526100.0,26.0,24.5,26.0,8.0,84.5,8.0,88.33333333333333,36.7853945,-119.77309283333334,19.1,5.544954866062817,2.4550451339371833,2197.0,18.306170253344266,0.5264566861620104,0.15821291395965503,19.626456686162012
2023-11-09 03:30:00,1699529700.0,24.0,22.83333333333333,24.0,8.0,86.16666666666667,8.0,89.5,36.78540916666667,-119.7730445,17.1,5.82720821120057,2.1727917887994304,2068.0,16.782475683744487,1.0288676614742869,0.28487682870111697,18.12886766147429
2023-11-09 04:30:00,1699533300.0,21.83333333333333,20.83333333333333,21.83333333333333,8.0,86.16666666666667,8.0,88.66666666666667,36.78547416666667,-119.77314766666666,18.3,5.82720821120057,2.1727917887994304,1881.3055555555552,15.31627128020288,-1.76862882352631,-0.42040604463860626,16.53137117647369
2023-11-09 05:30:00,1699536900.0,19.166666666666668,18.166666666666668,19.166666666666668,7.333333333333333,83.83333333333333,7.166666666666667,89.5,36.78538633333333,-119.7730675,14.3,4.777561682817274,2.555771650516059,1606.8055555555557,13.742877833900486,0.29738929503500344,0.1004622398591815,14.597389295035004
2023-11-09 06:30:00,1699540500.0,17.0,16.166666666666668,17.0,7.0,86.5,7.0,89.83333333333333,36.785369333333335,-119.773103,11.9,4.899834939108621,2.1001650608913787,1470.5,11.936945294989535,1.0631297945349303,0.2935147289742082,12.96312979453493
2023-11-09 07:30:00,1699544100.0,16.666666666666668,15.666666666666666,16.666666666666668,10.0,75.0,9.333333333333334,82.0,36.7853915,-119.77309033333334,9.4,5.769236155986459,4.230763844013541,1250.0,12.886704274311327,3.4759016088763364,0.9018038357008039,12.875901608876337
2023-11-09 08:30:00,1699547700.0,17.166666666666668,16.166666666666668,17.166666666666668,15.333333333333334,53.5,12.666666666666666,68.16666666666667,36.7853955,-119.77314366666668,13.4,5.934597122448559,9.398736210884774,918.4166666666667,14.521436740005571,0.14095645634101217,0.06102361945327808,13.540956456341013
2023-11-09 11:30:00,1699558500.0,12.5,11.833333333333334,12.5,25.33333333333333,31.5,19.666666666666668,45.16666666666666,36.78540933333333,-119.77303583333334,7.9,7.2112574576257344,18.122075875707594,393.75,8.876460856426846,2.503489674210419,0.6566469652531647,10.40348967421042
2023-11-09 12:30:00,1699562100.0,13.333333333333334,12.5,13.333333333333334,25.166666666666668,30.666666666666668,20.5,42.0,36.7853965,-119.77304583333334,9.5,6.6751816571728035,18.491485009493864,408.8888888888889,9.390035578920276,1.529399841554234,0.41106707632378936,11.029399841554234
2023-11-09 13:30:00,1699565700.0,13.0,12.166666666666666,13.0,25.166666666666668,29.5,20.83333333333333,38.833333333333336,36.7854485,-119.77304316666664,11.3,6.111497710570557,19.05516895609611,383.5,8.906410174434885,-0.5002850291648375,-0.10064115468569701,10.799714970835163
2023-11-09 14:30:00,1699569300.0,12.0,11.166666666666666,12.0,23.83333333333333,30.83333333333333,21.0,38.333333333333336,36.7854575,-119.773004,11.2,5.597160787378781,18.236172545954545,369.99999999999994,8.466737515482377,-1.1559726069148493,-0.2659479643021505,10.04402739308515
2023-11-09 15:30:00,1699572900.0,9.833333333333334,9.666666666666666,10.0,22.33333333333333,33.0,20.0,39.5,36.7854275,-119.77307383333334,10.6,5.268851763796432,17.064481569536895,324.5,10.460670420944796,-0.2122255137539959,-0.028017848879554642,10.387774486246004
2023-11-09 16:30:00,1699576500.0,11.0,10.0,11.0,20.33333333333333,37.66666666666666,18.83333333333333,43.5,36.78544433333334,-119.77309166666667,10.8,5.409498176271048,14.923835157062282,414.33333333333326,8.806044560832412,-1.5874839041325366,-0.37473720826081697,9.212516095867464
2023-11-09 17:30:00,1699580100.0,11.833333333333334,11.166666666666666,11.833333333333334,17.833333333333332,45.66666666666666,17.0,50.833333333333336,36.785421,-119.77313366666664,16.4,5.941495806563957,11.891837526769375,540.3888888888888,10.277357955295845,-6.683351225630737,-1.6594673110274996,9.716648774369261
2023-11-09 18:30:00,1699583700.0,13.333333333333334,12.5,13.333333333333334,15.5,53.5,15.333333333333334,58.0,36.785391,-119.77313866666668,15.2,6.089358795048117,9.410641204951883,713.3333333333334,11.574708600274747,-4.48538347866004,-1.105332921081626,10.71461652133996
2023-11-09 19:30:00,1699587300.0,14.833333333333334,14.333333333333334,15.166666666666666,14.166666666666666,56.833333333333336,14.166666666666666,61.0,36.78542733333333,-119.7731045,17.9,5.7216883505562075,8.444978316110458,843.0277777777778,12.856729755092386,-6.125378143033975,-1.5187955135649969,11.774621856966023
2023-11-09 20:30:00,1699590900.0,18.33333333333333,17.333333333333332,18.33333333333333,12.833333333333334,61.5,12.833333333333334,65.66666666666667,36.78542466666666,-119.773135,21.3,5.608709679221606,7.224623654111728,1127.4999999999998,15.174430798293283,-7.0091421751571055,-1.741603170079342,14.290857824842895
2023-11-09 21:30:00,1699594500.0,18.166666666666668,17.166666666666668,18.166666666666668,12.0,65.66666666666667,12.333333333333334,68.66666666666667,36.785462,-119.773126,17.4,5.766015308846967,6.233984691153033,1192.9444444444446,14.78147354356036,-3.289468731875079,-0.8038282745506171,14.11053126812492
2023-11-09 22:30:00,1699598100.0,18.83333333333333,18.0,19.0,10.666666666666666,69.0,10.833333333333334,72.33333333333333,36.7854575,-119.77311083333332,19.8,5.207633790836271,5.459032875830395,1299.4999999999998,15.117687353444493,-5.243885121249248,-1.2965604063658844,14.556114878750753
2023-11-09 23:30:00,1699601700.0,23.0,22.0,23.0,10.0,72.66666666666667,10.166666666666666,75.16666666666667,36.78541916666666,-119.77307266666666,24.3,5.313042396255593,4.686957603744407,1671.3333333333335,17.797618279753387,-6.722325642559884,-1.6692932353515915,17.577674357440117
2023-11-10 00:30:00,1699605300.0,23.83333333333333,22.666666666666668,23.83333333333333,9.0,76.33333333333333,8.833333333333334,81.0,36.78539583333333,-119.77307,23.9,5.055422455566587,3.944577544433413,1819.2777777777774,17.94488515103993,-5.7584530638714355,-1.4262892403597578,18.141546936128563
2023-11-10 01:30:00,1699608900.0,29.33333333333333,28.0,29.33333333333333,8.0,78.83333333333333,8.5,81.66666666666667,36.78540233333333,-119.77303433333331,24.0,4.546994480428855,3.4530055195711453,2312.444444444444,21.575502927976117,-1.8377350059006865,-0.43782855334661236,22.162264994099313
2023-11-10 02:30:00,1699612500.0,28.666666666666668,27.5,28.666666666666668,7.666666666666667,80.33333333333333,8.0,84.83333333333333,36.78535866666667,-119.77310933333332,25.1,4.492239256722078,3.174427409944589,2302.8888888888887,20.954782619205748,-3.449951582119322,-0.8442879521047729,21.65004841788068
2023-11-10 03:30:00,1699616100.0,21.666666666666668,20.5,21.666666666666668,7.0,82.16666666666667,7.833333333333333,85.66666666666667,36.785408,-119.7731385,13.8,4.164010393655904,2.8359896063440964,1780.277777777778,15.685678384457514,2.663631354722863,0.6970206297702961,16.463631354722864
2023-11-10 04:30:00,1699619700.0,17.333333333333332,16.5,17.333333333333332,7.0,82.0,7.0,86.16666666666667,36.78551083333333,-119.773135,13.0,4.135029718860814,2.864970281139186,1421.3333333333333,12.733241545447736,0.2709360731903896,0.09379306103743995,13.27093607319039
2023-11-10 05:30:00,1699623300.0,15.833333333333334,15.0,15.833333333333334,6.333333333333333,82.66666666666667,6.5,87.33333333333333,36.7854085,-119.77309933333332,8.8,3.598531392133772,2.734801941199561,1308.888888888889,11.592385762032139,3.35578621431511,0.8715212844759153,12.15578621431511
2023-11-10 06:30:00,1699626900.0,16.166666666666668,15.5,16.166666666666668,6.0,83.66666666666667,6.0,87.83333333333333,36.7854175,-119.77305833333332,10.0,3.4429856645618484,2.5570143354381516,1352.6111111111113,11.782971270975683,2.3877687735028985,0.6274723193531383,12.387768773502899
2023-11-10 07:30:00,1699630500.0,17.666666666666668,16.666666666666668,17.666666666666668,8.166666666666666,77.16666666666667,8.0,82.5,36.785376166666666,-119.77306,10.7,4.403114239682165,3.763552426984501,1363.277777777778,13.440134169143343,2.883337728783289,0.7524112776653751,13.583337728783288
2023-11-10 08:30:00,1699634100.0,19.166666666666668,18.166666666666668,19.166666666666668,14.333333333333334,54.833333333333336,11.5,70.5,36.785429666666666,-119.77312716666668,12.0,5.36017023447405,8.973163098859285,1050.9722222222224,16.100438770448097,2.997187088591822,0.7811140853522391,14.997187088591822
2023-11-10 09:30:00,1699637700.0,30.666666666666668,29.33333333333333,30.666666666666668,18.666666666666668,43.5,14.5,59.16666666666666,36.785445,-119.77309666666667,24.4,5.994334531477457,12.672332135189212,1334.0,25.058519717638074,-0.7675502905322382,-0.16802197624946466,23.63244970946776
2023-11-10 10:30:00,1699641300.0,29.5,28.33333333333333,29.5,22.166666666666668,36.5,17.0,52.16666666666666,36.78539216666667,-119.7730395,23.0,6.581572714577195,15.585093952089473,1076.75,23.657641580766178,-0.13123778984643408,-0.0075998591058312245,22.868762210153566
2023-11-10 11:30:00,1699644900.0,26.33333333333333,25.166666666666668,26.33333333333333,22.83333333333333,34.0,17.833333333333332,46.833333333333336,36.78547866666667,-119.7730435,21.6,6.138803955475918,16.69452937785741,895.3333333333331,20.782024176586525,-1.0315750178165501,-0.234585819775358,20.56842498218345
2023-11-10 12:30:00,1699648500.0,28.33333333333333,27.0,28.33333333333333,24.5,29.5,19.83333333333333,39.66666666666666,36.785405,-119.77306883333334,19.1,5.536066952339451,18.96393304766055,835.8333333333331,21.653673842259003,3.00507471083937,0.7831026508115333,22.10507471083937
2023-11-10 13:30:00,1699652100.0,22.33333333333333,21.166666666666668,22.83333333333333,24.0,28.166666666666668,20.5,35.833333333333336,36.78543033333333,-119.77305866666666,14.3,4.440890777931366,19.559109222068635,629.0555555555554,16.527205375608464,3.3996197985874623,0.8825722639606588,17.699619798587463
2023-11-10 14:30:00,1699655700.0,16.5,15.5,17.0,24.0,28.666666666666668,21.0,35.166666666666664,36.78542216666667,-119.77304716666669,9.6,4.692883154493695,19.307116845506304,473.0,11.775809352646156,3.7917746581797136,0.9814392715334315,13.391774658179713
2023-11-10 15:30:00,1699659300.0,15.0,13.833333333333334,15.833333333333334,23.5,29.33333333333333,21.5,34.333333333333336,36.785424,-119.773107,11.0,4.591357006035422,18.908642993964577,439.99999999999994,10.632649493862607,1.2766247993044306,0.34733941515874833,12.27662479930443
2023-11-10 16:30:00,1699662900.0,12.666666666666666,11.833333333333334,13.333333333333334,20.83333333333333,34.833333333333336,19.166666666666668,40.333333333333336,36.785425,-119.7730905,8.5,4.727925671480079,16.10540766185325,441.22222222222223,9.913112768208268,1.9804202498361168,0.5247748043561389,10.480420249836117
2023-11-10 17:30:00,1699666500.0,15.833333333333334,15.0,16.0,17.0,43.0,16.166666666666668,49.0,36.78537016666667,-119.77308016666666,17.6,4.319309722334719,12.680690277665281,680.8333333333334,13.428277766564168,-4.8973639301301635,-1.2091982013887015,12.702636069869838
2023-11-10 18:30:00,1699670100.0,20.166666666666668,19.0,20.5,14.833333333333334,49.833333333333336,14.666666666666666,54.0,36.7854175,-119.77307883333332,23.4,4.4502704006550085,10.383062932678325,1004.9722222222223,16.95079923245936,-7.596576187346381,-1.8897024260518642,15.803423812653618
2023-11-10 20:30:00,1699677300.0,28.0,26.666666666666668,28.166666666666668,11.833333333333334,62.66666666666666,11.666666666666666,67.33333333333333,36.785373,-119.77309316666668,31.7,4.93389737023052,6.899435963102814,1754.6666666666665,22.37634055344538,-10.297933984435463,-2.5707475674005393,21.402066015564536
2023-11-10 21:30:00,1699680900.0,30.0,28.666666666666668,30.166666666666668,10.5,67.33333333333333,10.666666666666666,72.33333333333333,36.78542133333333,-119.7731235,28.1,4.697024205904764,5.802975794095236,2019.9999999999998,23.46279284923214,-5.287657121559004,-1.3075958597849746,22.812342878440997
2023-11-10 22:30:00,1699684500.0,28.166666666666668,26.83333333333333,28.33333333333333,10.0,70.33333333333333,10.0,74.0,36.78544333333333,-119.77316166666668,27.6,4.84371037726501,5.15628962273499,1981.0555555555554,21.763261094102965,-6.180743308996419,-1.5327537449845137,21.419256691003582
2023-11-10 23:30:00,1699688100.0,35.5,33.5,35.833333333333336,9.0,73.33333333333333,9.0,78.0,36.785412666666666,-119.77313233333332,31.4,4.480290277575218,4.519709722424782,2603.333333333333,26.57119158038957,-4.615190521431316,-1.1380588546426966,26.784809478568683
2023-11-11 00:30:00,1699691700.0,42.0,39.833333333333336,42.16666666666666,8.166666666666666,76.0,8.5,79.83333333333333,36.78544733333333,-119.773061,37.0,4.185421607655226,3.9812450590114397,3192.0,30.89079379707392,-5.45946408192901,-1.3509104831702818,31.54053591807099
2023-11-11 01:30:00,1699695300.0,38.16666666666666,36.333333333333336,38.333333333333336,8.0,76.16666666666667,8.0,79.66666666666667,36.7853975,-119.77312983333331,29.4,4.055230885270827,3.944769114729173,2907.0277777777774,28.200502572385698,-0.6881017053987826,-0.14799202207217202,28.711898294601216
2023-11-11 02:30:00,1699698900.0,34.166666666666664,32.5,34.333333333333336,7.833333333333333,76.66666666666667,7.666666666666667,80.0,36.78542333333333,-119.77313466666668,22.8,3.9869892217896044,3.8463441115437287,2619.4444444444443,25.275126868259523,2.9557809491939686,0.77067509423107,25.75578094919397
2023-11-11 03:30:00,1699702500.0,33.833333333333336,32.166666666666664,33.833333333333336,7.0,79.16666666666667,7.0,84.33333333333333,36.78538266666666,-119.7731055,24.9,3.6342112832463833,3.3657887167536167,2678.4722222222226,24.676372224197774,0.5755469321631246,0.17058916177203157,25.475546932163123
2023-11-11 04:30:00,1699706100.0,32.666666666666664,31.33333333333333,32.833333333333336,7.0,80.5,6.666666666666667,85.83333333333333,36.785374833333336,-119.77306866666667,19.9,3.8718324606564343,3.1281675393435657,2629.6666666666665,23.762079200296736,4.696975009413059,1.2096512846991403,24.596975009413057
2023-11-11 05:30:00,1699709700.0,35.5,34.166666666666664,35.666666666666664,6.166666666666667,81.33333333333333,6.0,86.33333333333333,36.78539533333333,-119.77306633333336,16.4,3.2049660167239002,2.9617006499427667,2887.333333333333,25.687938410208645,10.27452043207025,2.6158182925814204,26.67452043207025
2023-11-11 06:30:00,1699713300.0,28.0,26.666666666666668,28.0,6.0,81.33333333333333,6.0,86.66666666666667,36.785398,-119.7730635,21.8,3.0422347663483316,2.9577652336516684,2277.333333333333,20.301346730461905,-0.6552750929318094,-0.13971603399252605,21.14472490706819
2023-11-11 07:30:00,1699716900.0,26.83333333333333,25.666666666666668,26.83333333333333,9.5,69.16666666666667,8.833333333333334,77.33333333333333,36.78543716666667,-119.77307516666669,15.8,4.12493017893615,5.37506982106385,1855.972222222222,20.989764252295615,4.652265750284233,1.1983795369374046,20.452265750284234
2023-11-11 08:30:00,1699720500.0,28.666666666666668,27.5,28.666666666666668,15.166666666666666,50.5,12.333333333333334,64.66666666666667,36.7853675,-119.77305983333332,18.6,4.948050529282881,10.218616137383785,1447.6666666666667,23.627337186685246,3.46133465378108,0.8981313292292217,22.06133465378108
2023-11-11 09:30:00,1699724100.0,28.166666666666668,26.83333333333333,28.166666666666668,19.166666666666668,40.66666666666666,15.333333333333334,54.16666666666666,36.7853775,-119.7730815,23.1,5.471621104804687,13.695045561861981,1145.4444444444441,22.96528439730819,-1.2717547615647327,-0.29513805306571744,21.82824523843527
2023-11-11 10:30:00,1699727700.0,31.666666666666668,30.666666666666668,31.666666666666668,22.5,33.833333333333336,17.666666666666668,46.66666666666666,36.7854125,-119.773116,21.7,5.7748993725472575,16.725100627452743,1071.388888888889,25.291321227604353,2.803021710653642,0.7321626330842648,24.50302171065364
2023-11-11 11:30:00,1699731300.0,29.166666666666668,28.0,29.166666666666668,24.83333333333333,29.5,19.666666666666668,41.0,36.785408,-119.7731145,22.9,5.823807723330086,19.009525610003244,860.4166666666667,22.377191984166423,-0.18050356416039648,-0.020020359739793707,22.719496435839602
2023-11-11 12:30:00,1699734900.0,25.0,24.0,25.0,25.5,28.166666666666668,20.5,37.333333333333336,36.785513,-119.773051,16.3,5.728736933048228,19.77126306695177,704.1666666666667,18.642590339873813,3.3657693185881996,0.874038146428853,19.6657693185882
2023-11-11 13:30:00,1699738500.0,21.33333333333333,20.5,21.33333333333333,26.0,26.5,21.666666666666668,33.833333333333336,36.785359,-119.77307033333334,14.4,5.276141110186143,20.723858889813858,565.3333333333333,15.225039377898076,2.5852906132743616,0.6772699764541574,16.985290613274362
2023-11-11 14:30:00,1699742100.0,21.83333333333333,20.666666666666668,22.166666666666668,25.166666666666668,27.5,22.166666666666668,33.666666666666664,36.78543716666667,-119.7730965,18.4,5.0976506307131855,20.06901603595348,600.4166666666665,15.828785821870856,-1.0598424825378032,-0.24171239128224958,17.340157517462195
2023-11-11 15:30:00,1699745700.0,20.5,19.166666666666668,20.83333333333333,24.0,29.83333333333333,22.0,34.5,36.78536733333333,-119.77310466666668,14.7,5.266079016838717,18.733920983161283,611.5833333333333,15.199091894649694,1.6249151188997892,0.4351476389322887,16.32491511889979
2023-11-11 16:30:00,1699749300.0,16.5,15.666666666666666,16.5,21.5,34.0,20.166666666666668,38.833333333333336,36.785442333333336,-119.77307,18.1,4.967241164582168,16.53275883541783,561.0,12.9189156617807,-4.781751372819244,-1.1800508701761008,13.318248627180758
2023-11-11 17:30:00,1699752900.0,17.0,16.333333333333332,17.0,18.166666666666668,43.333333333333336,17.0,49.5,36.78542033333333,-119.7730725,16.7,5.486131087866592,12.680535578800075,736.6666666666667,14.343523229847085,-3.141768892067276,-0.7665913493319454,13.558231107932723
2023-11-11 18:30:00,1699756500.0,23.5,22.5,23.5,15.5,51.333333333333336,15.166666666666666,56.16666666666666,36.7853875,-119.77310183333331,20.3,5.491438336218754,10.008561663781247,1206.3333333333335,19.559033947750834,-2.059568483563922,-0.493755469919391,18.24043151643608
2023-11-11 19:30:00,1699760100.0,31.5,30.0,31.5,13.666666666666666,58.0,13.666666666666666,62.5,36.785456833333335,-119.773093,32.5,5.546911740751397,8.11975492591527,1827.0,25.315550544324072,-8.45302746231042,-2.1056242044422233,24.04697253768958
2023-11-11 21:30:00,1699767300.0,41.0,38.833333333333336,41.16666666666666,12.0,66.16666666666667,12.0,69.33333333333333,36.78539716666666,-119.77314016666666,39.5,5.875749681862147,6.124250318137853,2712.8333333333335,31.487504800159364,-8.561206532274959,-2.1328974631250817,30.93879346772504
2023-11-11 22:30:00,1699770900.0,52.833333333333336,50.16666666666666,52.833333333333336,11.0,69.33333333333333,11.0,73.83333333333333,36.78541983333333,-119.773168,45.5,5.596345536395306,5.403654463604694,3663.111111111111,39.72190785832703,-5.880074118177333,-1.4569513867107484,39.61992588182267
2023-11-11 23:30:00,1699774500.0,50.5,48.16666666666666,50.833333333333336,10.0,71.16666666666667,10.166666666666666,75.83333333333333,36.78544183333333,-119.77308783333332,39.4,5.01288810844001,4.98711189155999,3593.916666666667,37.84122962467734,-1.525729521333865,-0.35916817760247854,37.87427047866613
2023-11-12 00:30:00,1699778100.0,48.16666666666666,45.5,48.16666666666666,9.0,73.33333333333333,9.333333333333334,77.66666666666667,36.78543416666667,-119.77305983333332,33.9,4.480290277575218,4.519709722424782,3532.2222222222213,35.64287808493986,2.2240196985721568,0.5861891868476651,36.124019698572155
2023-11-12 01:30:00,1699781700.0,38.66666666666666,36.833333333333336,38.66666666666666,9.0,74.0,9.0,76.83333333333333,36.7854125,-119.7731005,22.5,4.609871962457611,4.390128037542389,2861.3333333333326,28.871537633628883,6.610421279694677,1.6920543514129518,29.110421279694677
2023-11-12 02:30:00,1699785300.0,37.833333333333336,36.0,37.833333333333336,8.0,75.33333333333333,8.166666666666666,79.5,36.7853705,-119.77309283333334,24.5,3.898430107886917,4.101569892113083,2850.1111111111113,28.086334907399788,3.977618046944716,1.0282926491595141,28.477618046944716
2023-11-12 03:30:00,1699788900.0,35.666666666666664,34.0,35.833333333333336,8.0,77.33333333333333,8.0,81.83333333333333,36.78540283333333,-119.77304333333332,21.9,4.272221607958422,3.7277783920415777,2758.2222222222217,26.262870731867952,4.9525493003195145,1.2740846704812958,26.852549300319513
2023-11-12 04:30:00,1699792500.0,35.333333333333336,33.5,35.333333333333336,7.333333333333333,79.33333333333333,7.0,83.83333333333333,36.7853945,-119.7730585,22.6,3.988602124970264,3.344731208363069,2803.1111111111113,25.660802890020683,3.979208348694815,1.0286935835641866,26.579208348694817
2023-11-12 05:30:00,1699796100.0,31.5,30.33333333333333,31.5,6.666666666666667,79.83333333333333,6.5,85.33333333333333,36.7854265,-119.77304716666669,16.9,3.4287189512495417,3.2379477154171252,2514.75,23.096271432646745,6.84597534828761,1.7514403957618334,23.745975348287608
2023-11-12 06:30:00,1699799700.0,30.83333333333333,29.666666666666668,30.83333333333333,6.0,81.66666666666667,6.0,86.33333333333333,36.785421166666666,-119.77306866666667,18.2,3.1001029812202745,2.8998970187797255,2518.055555555555,22.353511220777584,5.02916339513153,1.293400015189344,23.22916339513153
2023-11-12 07:30:00,1699803300.0,28.83333333333333,27.166666666666668,28.83333333333333,9.833333333333334,67.83333333333333,8.833333333333334,75.83333333333333,36.7854775,-119.7730915,19.6,4.166042600830141,5.667290732503193,1955.8611111111106,22.424398086986734,2.3452593980345178,0.6167551890064276,21.94525939803452
2023-11-12 08:30:00,1699806900.0,29.33333333333333,28.166666666666668,29.33333333333333,16.5,48.16666666666666,13.166666666666666,62.66666666666666,36.78538716666667,-119.773154,23.4,5.493281373066606,11.006718626933395,1412.8888888888885,24.147029048870913,-0.8149603276566957,-0.17997462297755276,22.585039672343303
2023-11-12 09:30:00,1699810500.0,35.166666666666664,33.166666666666664,35.166666666666664,21.33333333333333,37.66666666666666,17.166666666666668,50.16666666666666,36.78543016666666,-119.77304466666668,21.6,6.299221794719749,15.03411153861358,1324.6111111111106,28.119017693494754,5.4307461208740975,1.3946439024342125,27.0307461208741
2023-11-12 10:30:00,1699814100.0,34.5,32.5,34.5,23.83333333333333,33.0,18.666666666666668,46.0,36.785415,-119.77309016666668,21.4,6.581720669954167,17.251612663379163,1138.5,27.019917438325823,5.203544017998009,1.3373634901783091,26.603544017998008
2023-11-12 11:30:00,1699817700.0,30.83333333333333,28.83333333333333,31.0,25.666666666666668,30.33333333333333,21.166666666666668,40.16666666666666,36.785424166666665,-119.77311066666664,25.6,6.9489326650668675,18.7177340015998,935.2777777777775,23.451056766105037,-1.663148556503529,-0.39381318698700774,23.936851443496472
2023-11-12 12:30:00,1699821300.0,21.83333333333333,20.666666666666668,22.33333333333333,27.0,27.0,23.5,34.166666666666664,36.785401,-119.77311583333334,13.4,6.39918889876885,20.60081110123115,589.4999999999999,15.48232052013502,3.947050582868348,1.0205862198538542,17.34705058286835
2023-11-12 13:30:00,1699824900.0,16.833333333333332,16.0,17.166666666666668,28.83333333333333,23.33333333333333,24.83333333333333,29.33333333333333,36.78536616666667,-119.77307383333334,15.9,5.83301219616502,23.000321137168307,392.77777777777766,10.199154814030479,-2.1889306208212425,-0.5263692373916283,13.711069379178758
2023-11-12 14:30:00,1699828500.0,13.333333333333334,12.833333333333334,13.5,28.33333333333333,22.5,25.666666666666668,26.666666666666668,36.7853935,-119.7730395,12.0,4.890652483661728,23.4426808496716,300.0,7.163900637405762,-0.8580134234786154,-0.19082883183545862,11.141986576521385
2023-11-12 15:30:00,1699832100.0,11.666666666666666,10.833333333333334,11.666666666666666,27.0,23.33333333333333,25.5,26.33333333333333,36.785408,-119.7730495,9.6,4.29579542149296,22.70420457850704,272.2222222222222,6.065430063779743,0.301654684177338,0.10153759631676686,9.901654684177338
2023-11-12 16:30:00,1699835700.0,11.666666666666666,11.0,11.666666666666666,24.166666666666668,29.0,22.5,32.833333333333336,36.78545366666666,-119.77313866666668,10.3,5.0023574856336745,19.164309181032994,338.3333333333333,7.887945772524796,-0.47646672375905297,-0.09463627033115198,9.823533276240948
2023-11-12 17:30:00,1699839300.0,17.666666666666668,16.833333333333332,17.833333333333332,19.5,38.833333333333336,18.83333333333333,43.0,36.78538366666667,-119.77309433333332,14.2,5.105744298990595,14.394255701009406,686.0555555555557,14.499711151015434,-0.08819392341172261,0.0032520229113567624,14.111806076588277
2023-11-12 18:30:00,1699842900.0,26.0,24.33333333333333,26.0,17.166666666666668,46.833333333333336,16.666666666666668,51.5,36.78538916666667,-119.773,29.0,5.698183955652588,11.46848271101408,1217.6666666666667,21.27000680576221,-8.854265719907868,-2.20678124707997,20.14573428009213
2023-11-12 19:30:00,1699846500.0,31.5,30.166666666666668,31.5,15.166666666666666,53.5,14.666666666666666,58.16666666666666,36.7853875,-119.77311316666668,32.4,5.7798281911710205,9.386838475495646,1685.25,25.62540815682336,-8.29098987365505,-2.0647725584334973,24.10901012634495
2023-11-12 20:30:00,1699850100.0,38.16666666666666,36.16666666666666,38.16666666666666,14.166666666666666,58.333333333333336,13.833333333333334,63.833333333333336,36.78539783333333,-119.7731285,37.5,6.09882297475814,8.067843691908525,2226.3888888888882,30.20543189260413,-8.54224903924603,-2.1281180486641706,28.95775096075397
2023-11-12 21:30:00,1699853700.0,32.833333333333336,31.0,32.833333333333336,13.166666666666666,57.66666666666666,13.333333333333334,61.333333333333336,36.78541933333333,-119.773121,31.8,4.995147042350179,8.171519624316488,1893.3888888888887,26.27060320345498,-6.765357325372619,-1.6801420457295617,25.03464267462738
2023-11-12 22:30:00,1699857300.0,23.33333333333333,22.33333333333333,23.33333333333333,13.0,51.833333333333336,13.166666666666666,54.833333333333336,36.7853895,-119.77306133333332,20.3,3.3176728645730575,9.682327135426942,1209.4444444444443,19.581928216452802,-2.189345893970124,-0.5264739328009825,18.110654106029877
2023-11-12 23:30:00,1699860900.0,21.0,20.0,21.0,13.0,49.833333333333336,13.166666666666666,52.833333333333336,36.78546116666667,-119.7730955,15.5,2.7610730635741687,10.23892693642583,1046.5,17.81081730904428,0.9178455376538466,0.2568868015778686,16.417845537653847
2023-11-13 00:30:00,1699864500.0,12.166666666666666,11.666666666666666,12.166666666666666,13.0,44.16666666666666,13.0,46.833333333333336,36.785418,-119.773055,7.3,1.0691461563988827,11.930853843601117,537.361111111111,10.980175909947336,2.6830966605878084,0.7019280700207036,9.983096660587808
2023-11-13 01:30:00,1699868100.0,9.5,9.0,9.5,13.0,41.833333333333336,13.0,44.16666666666666,36.78536616666667,-119.7730575,6.1,0.3159650172564169,12.684034982743583,397.4166666666667,9.879315688950392,3.7009604689688747,0.9585439103953373,9.800960468968874
2023-11-13 02:30:00,1699871700.0,9.0,8.666666666666666,9.0,12.166666666666666,46.5,11.833333333333334,50.5,36.7853945,-119.77307616666668,4.3,1.0257851082828047,11.140881558383862,418.5,9.366168030055151,4.930285205768141,1.2684716215778593,9.23028520576814
2023-11-13 03:30:00,1699875300.0,11.5,11.0,11.833333333333334,11.666666666666666,51.0,11.166666666666666,55.66666666666666,36.78541916666666,-119.77311066666668,3.5,1.8557290090486642,9.810937657618002,586.5,10.57265888769409,5.897354053370215,1.5122814348202092,9.397354053370215
2023-11-13 04:30:00,1699878900.0,18.83333333333333,17.833333333333332,19.0,11.833333333333334,54.833333333333336,11.0,60.0,36.7854365,-119.773127,10.8,3.030612640568594,8.80272069276474,1032.6944444444441,15.998310002263008,3.951418398591727,1.021687399297732,14.751418398591728
2023-11-13 05:30:00,1699882500.0,22.166666666666668,21.0,22.666666666666668,11.0,58.66666666666666,10.666666666666666,65.0,36.78544733333333,-119.77307516666669,11.9,3.207174936423889,7.792825063576111,1300.4444444444443,18.343535053058375,5.256258463812147,1.3506534428233428,17.156258463812147
2023-11-13 06:30:00,1699886100.0,25.166666666666668,24.0,25.666666666666668,11.0,61.5,10.833333333333334,66.83333333333333,36.785439,-119.77314883333334,12.2,3.877062129040799,7.122937870959201,1547.75,20.42729085358503,7.129115969844779,1.822823588627934,19.32911596984478
2023-11-13 07:30:00,1699889700.0,23.166666666666668,22.166666666666668,23.166666666666668,12.0,58.5,12.0,62.333333333333336,36.78540983333333,-119.7730855,19.6,4.106071775441645,7.893928224558355,1355.25,19.137075266578584,-1.7041377777188593,-0.4041470679658428,17.895862222281142
2023-11-13 08:30:00,1699893300.0,22.83333333333333,21.5,23.0,15.166666666666666,45.66666666666666,14.166666666666666,51.333333333333336,36.78538383333333,-119.77306616666664,15.5,3.5112035102119803,11.655463156454687,1042.7222222222217,19.044932641895933,2.32701554437228,0.6121556917056509,17.82701554437228
2023-11-13 09:30:00,1699896900.0,21.166666666666668,20.166666666666668,21.166666666666668,17.666666666666668,36.66666666666666,16.333333333333332,42.5,36.785448,-119.773164,11.3,2.6550224882974565,15.011644178369211,776.111111111111,17.351746651690977,5.422247271682561,1.392501239231586,16.722247271682562
2023-11-13 10:30:00,1699900500.0,17.5,16.666666666666668,17.666666666666668,21.166666666666668,28.5,18.5,34.666666666666664,36.7853815,-119.7730995,13.9,2.1705316920991113,18.996134974567557,498.75,13.018522975347148,0.2313784166487043,0.08382009491651925,14.131378416648705
2023-11-13 11:30:00,1699904100.0,12.833333333333334,12.333333333333334,12.833333333333334,25.5,22.33333333333333,21.5,28.5,36.78541416666667,-119.77309783333334,8.8,2.4187434709840567,23.081256529015942,286.6111111111111,7.116486164556282,1.975631229989963,0.5235674342322848,10.775631229989964
2023-11-13 12:30:00,1699907700.0,11.166666666666666,10.333333333333334,11.166666666666666,27.0,18.5,22.83333333333333,23.33333333333333,36.78539216666667,-119.77308916666668,6.6,1.0228196169213222,25.97718038307868,206.58333333333331,3.9006110472163584,2.999634614770004,0.7817311364566026,9.599634614770004
2023-11-13 13:30:00,1699911300.0,6.5,6.166666666666667,6.5,28.0,16.833333333333332,24.5,20.5,36.78540433333333,-119.77309533333332,4.7,0.5240932509845235,27.475906749015476,109.41666666666666,8.156780108867398,3.5882788420626914,0.9301355023694123,8.288278842062692
2023-11-13 14:30:00,1699914900.0,5.833333333333333,5.833333333333333,5.833333333333333,27.166666666666668,18.33333333333333,24.666666666666668,21.166666666666668,36.78544566666667,-119.77306883333334,5.6,1.0329657040376818,26.133700962628986,106.94444444444441,7.6826366090411575,2.0976787489327293,0.5543370975028074,7.697678748932729
2023-11-13 15:30:00,1699918500.0,4.5,4.333333333333333,4.5,26.666666666666668,16.5,25.33333333333333,18.33333333333333,36.785422,-119.77307633333334,8.3,-0.827627762212198,27.494294428878867,74.25,6.641701782700496,-1.6092141146333345,-0.38021565850461647,6.690785885366666
2023-11-13 16:30:00,1699922100.0,5.166666666666667,5.0,5.166666666666667,24.166666666666668,21.83333333333333,22.666666666666668,24.666666666666668,36.78543333333334,-119.773117,7.6,0.9888513004881077,23.17781536617856,112.80555555555554,7.032957255745661,-0.5650485122084863,-0.11696881609775533,7.034951487791513
2023-11-13 17:30:00,1699925700.0,7.833333333333333,7.166666666666667,7.833333333333333,19.5,30.33333333333333,19.0,33.0,36.78539166666667,-119.77313233333332,8.1,1.60268679484316,17.89731320515684,237.61111111111106,8.807606983399364,0.7744298922297741,0.2207299738467556,8.874429892229774
2023-11-13 18:30:00,1699929300.0,8.333333333333334,7.833333333333333,8.333333333333334,16.666666666666668,38.16666666666666,16.166666666666668,41.833333333333336,36.78536416666667,-119.77308033333333,18.7,2.329219026324585,14.337447640342083,318.0555555555555,9.026272410019539,-9.705689644639824,-2.4214355693587737,8.994310355360176
2023-11-13 19:30:00,1699932900.0,15.833333333333334,14.833333333333334,15.833333333333334,14.833333333333334,42.0,15.0,44.66666666666666,36.785389,-119.77311316666668,16.7,2.027389469807302,12.805943863526032,665.0,13.524128865317973,-3.9835777993178567,-0.978821608812874,12.716422200682143
2023-11-13 20:30:00,1699936500.0,18.166666666666668,17.166666666666668,18.5,13.833333333333334,44.16666666666666,14.0,46.66666666666666,36.78540983333333,-119.77318333333334,18.9,1.8265345763633674,12.006798756969967,802.361111111111,15.538966416595745,-4.493066919410541,-1.107270009903258,14.406933080589457
2023-11-13 21:30:00,1699940100.0,20.666666666666668,19.5,20.83333333333333,12.666666666666666,48.5,12.666666666666666,51.833333333333336,36.78542133333333,-119.7731055,21.3,2.0726383316033212,10.594028335063346,1002.3333333333334,17.53760560235966,-5.109541644596508,-1.2626907826733735,16.190458355403493
2023-11-13 22:30:00,1699943700.0,21.0,20.0,21.33333333333333,11.833333333333334,52.833333333333336,12.333333333333334,55.0,36.78544033333333,-119.7731095,22.0,2.5061945152263867,9.327138818106947,1109.5,17.783882326809785,-5.6235128547830655,-1.3922691731656829,16.376487145216934
2023-11-13 23:30:00,1699947300.0,19.33333333333333,18.33333333333333,19.5,11.0,56.66666666666666,11.166666666666666,60.0,36.785413,-119.77309666666667,18.2,2.716852904649426,8.283147095350575,1095.5555555555552,16.344139831693226,-3.1052031395640256,-0.7573726785920192,15.094796860435974
2023-11-14 00:30:00,1699950900.0,20.33333333333333,19.166666666666668,20.5,10.333333333333334,56.0,10.5,59.333333333333336,36.78539966666667,-119.77306216666666,17.1,1.926882777744627,8.406450555588707,1138.6666666666665,17.13177893596658,-1.258706315688885,-0.291848381229031,15.841293684311117
2023-11-14 01:30:00,1699954500.0,19.0,18.0,19.5,9.5,60.5,9.5,64.0,36.78543033333333,-119.77310066666666,15.7,2.2291539310458215,7.270846068954178,1149.5,15.92733197568035,-0.9038186643446124,-0.202376889917105,14.796181335655387
2023-11-14 02:30:00,1699958100.0,15.833333333333334,15.0,16.0,9.0,62.5,9.666666666666666,65.0,36.785418,-119.7730585,12.6,2.213607656851924,6.786392343148076,989.5833333333334,13.456849919211177,-0.16619348097009023,-0.016412613798269315,12.43380651902991
2023-11-14 03:30:00,1699961700.0,13.833333333333334,13.333333333333334,13.833333333333334,8.333333333333334,64.5,8.333333333333334,68.5,36.785393500000005,-119.773078,10.9,2.0233893387552495,6.309943994578084,892.25,11.9590304242711,0.03162211740475129,0.03345910341791698,10.931622117404752
2023-11-14 04:30:00,1699965300.0,11.166666666666666,10.5,11.166666666666666,8.0,62.833333333333336,8.666666666666666,65.0,36.7853915,-119.7731045,10.6,1.3407994334213866,6.659200566578614,701.6388888888889,9.994426542949448,-1.6115505179088085,-0.3808046941742739,8.988449482091191
2023-11-14 05:30:00,1699968900.0,8.666666666666666,7.666666666666667,8.666666666666666,8.833333333333334,52.5,9.333333333333334,54.333333333333336,36.78540566666667,-119.77305483333332,7.1,-0.36661470054101153,9.199948033874346,454.99999999999994,8.737784899130602,1.6456513431736202,0.44037549316427044,8.74565134317362
2023-11-14 06:30:00,1699972500.0,7.5,7.333333333333333,7.5,9.0,50.833333333333336,9.0,53.333333333333336,36.785401,-119.7730725,3.3,-0.6554480322840016,9.655448032284001,381.25,8.023279820960237,4.566874061553667,1.1768512540923195,7.866874061553667
2023-11-14 07:30:00,1699975801.0,8.0,8.0,8.0,11.2,45.4,10.6,50.2,36.7853888,-119.7730592,3.7,-0.18875834176584508,11.388758341765845,363.2,8.657930247729364,4.765198072492047,1.226851148296601,8.465198072492047
2023-11-14 08:30:00,1699979101.0,8.166666666666666,7.666666666666667,8.166666666666666,18.5,30.33333333333333,15.166666666666666,38.66666666666666,36.785414,-119.7730865,12.6,0.7341152789702499,17.76588472102975,247.72222222222217,9.12009517191267,-3.457317749209464,-0.8461450523794976,9.142682250790536
2023-11-14 09:30:00,1699982701.0,7.0,6.666666666666667,7.0,23.5,25.0,19.0,33.0,36.7853985,-119.77308266666668,9.5,2.3226497018298753,21.177350298170126,175.0,8.361586586264458,-1.1038618894754517,-0.25281021891998073,8.396138110524548
2023-11-14 10:30:00,1699986301.0,8.166666666666666,7.333333333333333,8.166666666666666,26.666666666666668,22.166666666666668,20.666666666666668,31.166666666666668,36.7854015,-119.77306633333336,6.8,3.286952447434452,23.379714219232216,181.02777777777777,9.228618469236665,2.6372015201698202,0.6903573471690815,9.43720152016982
2023-11-14 11:30:00,1699989901.0,7.5,7.0,7.5,28.0,20.83333333333333,22.5,28.33333333333333,36.785401,-119.77308516666666,5.3,3.514682964097746,24.485317035902256,156.24999999999997,8.809740918642154,3.648781581722468,0.9453889785760726,8.948781581722468
2023-11-14 12:30:00,1699993501.0,5.166666666666667,5.0,5.166666666666667,28.0,19.5,23.83333333333333,24.83333333333333,36.785418166666666,-119.77301816666666,6.0,2.579074864219051,25.420925135780948,100.75,7.082161407523879,1.1190998504713088,0.30762546050986755,7.119099850471309
2023-11-14 13:30:00,1699997101.0,4.0,3.6666666666666665,4.0,27.666666666666668,18.0,24.166666666666668,22.0,36.785416833333336,-119.7730815,4.4,1.184955848446086,26.48171081822058,72.0,6.163746124036432,1.834311971517085,0.4879391311375736,6.234311971517085
2023-11-14 14:30:00,1700000701.0,4.166666666666667,4.166666666666667,4.166666666666667,26.83333333333333,18.5,24.0,22.166666666666668,36.78543733333333,-119.77312333333332,3.3,0.8866598027498623,25.946673530583467,77.08333333333334,6.366971075456465,3.0504063587946524,0.7945313103628676,6.350406358794652
2023-11-14 15:30:00,1700004301.0,3.5,3.333333333333333,3.5,26.0,18.83333333333333,24.0,21.666666666666668,36.785412666666666,-119.77308533333331,3.9,0.4526844682165512,25.54731553178345,65.91666666666666,5.7948480464488545,1.9018804470045878,0.5049739652453279,5.801880447004588
2023-11-14 16:30:00,1700007901.0,4.0,3.5,4.0,23.666666666666668,23.5,21.666666666666668,27.166666666666668,36.785376166666666,-119.77308766666664,10.1,1.5958173013729824,22.070849365293686,94.0,5.97633383252136,-4.064037740513862,-0.9991065381487018,6.035962259486138
2023-11-14 17:30:00,1700011501.0,18.0,17.166666666666668,18.166666666666668,19.666666666666668,32.333333333333336,18.83333333333333,36.0,36.7853735,-119.77312983333331,24.2,2.644408705055333,17.022257961611334,582.0,14.180751869506228,-9.752815383131658,-2.4333165409453277,14.447184616868341
2023-11-14 18:30:00,1700015101.0,8.666666666666666,8.166666666666666,9.0,16.833333333333332,39.0,16.333333333333332,42.66666666666666,36.78539966666667,-119.77307633333334,16.1,2.782498472106078,14.050834861227255,338.0,9.27264856627753,-6.8674902727504215,-1.7058910034049297,9.23250972724958
2023-11-14 19:30:00,1700018701.0,10.333333333333334,9.833333333333334,10.333333333333334,14.666666666666666,44.333333333333336,14.5,48.333333333333336,36.78542383333333,-119.77312866666666,17.0,2.636785172448217,12.029881494218449,458.11111111111114,9.368516887584896,-8.370928822881412,-2.0849261393600216,8.629071177118588
2023-11-14 20:30:00,1700022301.0,13.5,12.833333333333334,13.5,13.333333333333334,49.833333333333336,13.166666666666666,53.66666666666666,36.785385,-119.773107,20.4,3.0682717562616797,10.265061577071654,672.75,11.981984438778332,-9.511949987348213,-2.372591446441332,10.888050012651785
2023-11-14 21:30:00,1700025901.0,21.666666666666668,20.5,21.666666666666668,12.166666666666666,52.66666666666666,12.833333333333334,55.0,36.785439333333336,-119.77308283333332,22.5,2.770967043156744,9.395699623509921,1141.1111111111109,18.225537320957372,-5.629677786314165,-1.3938234273524206,16.870322213685835
2023-11-14 22:30:00,1700029501.0,17.666666666666668,16.833333333333332,17.833333333333332,12.0,48.333333333333336,12.666666666666666,51.0,36.785429,-119.77306116666666,14.2,1.4119251318437211,10.588074868156278,853.888888888889,15.339174258043641,-0.21916216612861206,-0.029766663272837807,13.980837833871387
2023-11-14 23:30:00,1700033101.0,12.833333333333334,12.166666666666666,13.166666666666666,11.833333333333334,47.0,12.0,49.5,36.785429,-119.773145,11.8,0.869433372856663,10.96389996047667,603.1666666666667,11.57631971739262,-1.364426663380204,-0.318501766135855,10.435573336619797
2023-11-15 00:30:00,1700036701.0,9.666666666666666,9.333333333333334,9.833333333333334,10.833333333333334,49.5,11.166666666666666,52.333333333333336,36.785457666666666,-119.77309916666668,11.2,0.670351073616504,10.16298225971683,478.49999999999994,9.828870735655094,-1.541400829127216,-0.3631191048149871,9.658599170872783
2023-11-15 01:30:00,1700040301.0,9.833333333333334,9.333333333333334,9.833333333333334,10.0,56.16666666666666,10.0,59.333333333333336,36.78543016666666,-119.773103,7.6,1.6568390072501185,8.343160992749882,552.3055555555555,9.720703698751276,1.9523014567823207,0.5176857147840309,9.55230145678232
2023-11-15 02:30:00,1700043901.0,10.833333333333334,10.166666666666666,10.833333333333334,8.833333333333334,60.333333333333336,9.0,64.16666666666667,36.7854265,-119.773065,10.0,1.5617028994835949,7.271630433849739,653.6111111111112,9.840640178628016,-1.222853880878139,-0.28280954655126644,8.777146119121861
2023-11-15 03:30:00,1700047501.0,10.166666666666666,10.0,10.5,8.0,65.5,8.333333333333334,69.0,36.78536233333333,-119.7731145,10.9,1.9220253629997763,6.0779746370002234,665.9166666666666,9.263550225354518,-2.6856196034085613,-0.6515905682042363,8.214380396591439
2023-11-15 04:30:00,1700051101.0,10.666666666666666,10.0,10.666666666666666,7.0,67.5,7.333333333333333,71.16666666666667,36.78542783333334,-119.77309433333332,9.0,1.3887976579166725,5.6112023420833275,720.0,9.34041310527368,-0.4445388300330322,-0.08658686017192224,8.555461169966968
2023-11-15 05:30:00,1700054701.0,13.333333333333334,12.5,13.5,7.0,68.5,7.0,72.16666666666667,36.78539416666667,-119.77309266666668,12.4,1.594209747886473,5.405790252113527,913.3333333333334,11.193297631525763,-1.8921754408446017,-0.45155364883430177,10.507824559155399
2023-11-15 06:30:00,1700058301.0,28.5,26.666666666666668,29.0,8.0,66.66666666666667,9.0,67.66666666666667,36.785438166666665,-119.77305333333334,21.9,2.1697444677982065,5.830255532201793,1900.0000000000002,22.31600552949775,-0.1844254726845449,-0.021009120557802873,21.715574527315454
2023-11-15 07:30:00,1700061901.0,32.333333333333336,30.33333333333333,33.0,10.166666666666666,61.5,10.333333333333334,65.33333333333333,36.7854075,-119.77306233333331,24.2,3.0897180657464256,7.0769486009202405,1988.5000000000002,25.61666352375544,0.4131428048467498,0.12964510691081568,24.61314280484675
2023-11-15 08:30:00,1700065501.0,31.5,29.666666666666668,32.166666666666664,12.333333333333334,54.5,12.333333333333334,59.0,36.785432166666666,-119.77306366666666,23.0,3.410109071037992,8.923224262295342,1716.75,25.53995217556814,1.0952239955326455,0.30160606721844785,24.095223995532645
2023-11-15 09:30:00,1700069101.0,17.5,16.333333333333332,17.5,15.166666666666666,41.66666666666666,14.666666666666666,45.333333333333336,36.7854145,-119.77306616666668,9.9,2.216419387637171,12.950247279029496,729.1666666666665,14.767715506966663,4.049861027620034,1.046505982853588,13.949861027620035
2023-11-15 10:30:00,1700072701.0,8.333333333333334,8.0,8.333333333333334,18.83333333333333,32.166666666666664,18.33333333333333,35.333333333333336,36.785370666666665,-119.7730775,5.9,1.8429749252146714,16.990358408118656,268.05555555555554,9.241254251643664,3.310691859393936,0.8601524493832771,9.210691859393936
2023-11-15 11:30:00,1700076301.0,4.166666666666667,3.8333333333333335,4.166666666666667,24.5,22.666666666666668,22.0,26.33333333333333,36.78538833333334,-119.77314383333334,2.7,1.790207474267332,22.709792525732666,94.44444444444446,6.17253306142383,3.5001414254378744,0.9079149881420717,6.200141425437875
2023-11-15 12:30:00,1700079901.0,7.5,7.166666666666667,7.666666666666667,24.5,23.33333333333333,22.33333333333333,26.666666666666668,36.78544816666667,-119.77311333333334,2.2,2.1967620308327924,22.303237969167206,174.99999999999997,8.801165754973095,6.658622621708401,1.704206495723604,8.8586226217084
2023-11-15 13:30:00,1700083501.0,11.666666666666666,10.833333333333334,11.666666666666666,22.83333333333333,34.333333333333336,20.666666666666668,40.5,36.7853915,-119.77313883333332,10.2,6.280383532985174,16.552949800348156,400.55555555555554,8.806409902137542,-0.4499927547580054,-0.08796186089904803,9.750007245241994
2023-11-15 14:30:00,1700087101.0,10.833333333333334,10.166666666666666,11.0,21.0,42.5,19.83333333333333,47.66666666666666,36.78537566666667,-119.77305083333331,6.3,7.764137924488925,13.235862075511076,460.4166666666667,9.076204996234477,2.7229987852746165,0.7119878807487466,9.022998785274616
2023-11-15 15:30:00,1700090701.0,13.0,12.5,13.333333333333334,20.0,52.16666666666666,18.83333333333333,59.0,36.7854285,-119.773056,13.2,9.887486574133446,10.112513425866554,678.1666666666665,11.159422851752948,-2.712770660910394,-0.6584356798788272,10.487229339089605
2023-11-15 16:30:00,1700094301.0,10.833333333333334,10.5,10.833333333333334,18.83333333333333,56.16666666666666,17.666666666666668,63.5,36.785417,-119.77307533333334,10.7,9.907962137352131,8.925371195981198,608.4722222222222,9.554315713346268,-1.8654116691602045,-0.4448061766225625,8.834588330839795
2023-11-15 17:30:00,1700097901.0,13.833333333333334,13.166666666666666,13.833333333333334,18.0,62.16666666666666,17.0,67.83333333333333,36.785355333333335,-119.77316533333334,19.1,10.647020524979185,7.352979475020815,859.9722222222222,11.565178656611241,-8.136210244033206,-2.0257507321329262,10.963789755966795
2023-11-15 18:30:00,1700101501.0,14.0,13.166666666666666,14.0,16.833333333333332,69.66666666666667,15.833333333333334,77.0,36.78549516666667,-119.7731755,14.9,11.253933327477961,5.579400005855371,975.3333333333334,11.211344880001363,-3.91672188012544,-0.9619664188097359,10.98327811987456
2023-11-15 19:30:00,1700105101.0,16.833333333333332,16.166666666666668,16.833333333333332,16.0,71.33333333333333,15.333333333333334,77.33333333333333,36.78543166666667,-119.7730715,17.0,10.811300368640262,5.1886996313597376,1200.7777777777776,13.28479565161768,-3.9506648998118354,-0.970523866721683,13.049335100188165
2023-11-15 20:30:00,1700108701.0,4.666666666666667,4.666666666666667,5.0,16.0,65.16666666666667,15.5,69.66666666666667,36.785382,-119.7731415,6.3,9.457583040083613,6.5424169599163875,304.11111111111114,5.129700927238034,-1.2301823569601167,-0.28465714446461915,5.069817643039883
2023-11-15 21:30:00,1700112301.0,5.833333333333333,5.166666666666667,6.0,15.166666666666666,69.83333333333333,14.666666666666666,75.83333333333333,36.785406,-119.77305366666668,8.9,9.693469395383687,5.473197271282979,407.3611111111111,5.787587361133472,-3.059595827357045,-0.7458745207315512,5.840404172642955
2023-11-15 22:30:00,1700115901.0,6.833333333333333,6.166666666666667,7.0,15.0,72.5,14.833333333333334,78.0,36.785401,-119.773075,10.5,10.093455185240702,4.9065448147592985,495.41666666666663,6.551998230250661,-3.9510083090230985,-0.9706104443587058,6.5489916909769015
2023-11-15 23:30:00,1700119501.0,7.5,7.166666666666667,7.5,14.166666666666666,76.33333333333333,13.333333333333334,84.16666666666667,36.78541666666667,-119.77309933333332,8.4,10.060077671998364,4.106588994668302,572.5,7.07410429081817,-1.4527473305898129,-0.34076848006341914,6.9472526694101875
2023-11-16 00:30:00,1700123101.0,10.333333333333334,10.0,10.333333333333334,12.833333333333334,81.5,12.0,87.83333333333333,36.78543083333333,-119.77309666666667,9.3,9.742647879469057,3.0906854538642765,842.1666666666667,7.837048501319485,-1.1833133514053813,-0.27284089837263803,8.11668664859462
2023-11-16 01:30:00,1700126701.0,14.0,13.333333333333334,14.0,12.833333333333334,81.66666666666667,13.0,85.5,36.78539333333333,-119.77311433333334,14.1,9.773143859920697,3.0601894734126365,1143.3333333333335,10.32000096019164,-3.2821554498730894,-0.8019845072495455,10.81784455012691
2023-11-16 02:30:00,1700130301.0,11.833333333333334,11.166666666666666,11.833333333333334,13.0,80.66666666666667,12.833333333333334,85.83333333333333,36.7853965,-119.77314116666666,15.0,9.751805297925289,3.248194702074711,954.5555555555557,8.859626208078373,-5.765865804061381,-1.428158082279137,9.23413419593862
2023-11-16 03:30:00,1700133901.0,11.5,10.666666666666666,11.5,13.0,80.33333333333333,13.0,85.5,36.78538016666666,-119.77310433333332,11.8,9.690010549267127,3.309989450732873,923.8333333333333,8.585112332126858,-2.807039117124038,-0.6822019037222308,8.992960882875963
2023-11-16 04:30:00,1700137501.0,10.5,10.0,10.5,13.0,81.33333333333333,12.5,87.16666666666667,36.78542633333333,-119.773083,12.0,9.874722156652354,3.1252778433476465,854.0,7.902393707243547,-3.7581313179366163,-0.9219838100791045,8.241868682063384
2023-11-16 05:30:00,1700141101.0,9.5,9.166666666666666,9.5,13.0,80.33333333333333,12.666666666666666,86.5,36.78540533333334,-119.77306233333331,10.1,9.690010549267127,3.309989450732873,763.1666666666666,8.684935921778946,-1.687487515247751,-0.3999493343778125,8.412512484752249
2023-11-16 06:30:00,1700144701.0,8.0,7.333333333333333,8.0,12.0,82.66666666666667,12.0,88.83333333333333,36.785418666666665,-119.77305766666667,7.7,9.140249635025798,2.859750364974202,661.3333333333334,7.203833169663015,-0.578771491450973,-0.12042854599654743,7.121228508549027
2023-11-16 07:30:00,1700148301.0,7.5,6.833333333333333,7.5,13.333333333333334,79.0,13.166666666666666,84.0,36.78541833333333,-119.77310683333332,5.1,9.764674754693358,3.568658578639976,592.5,6.896102249893771,1.75108311206185,0.46695612384655155,6.85108311206185
2023-11-16 08:30:00,1700151901.0,6.0,6.0,6.0,21.166666666666668,53.333333333333336,17.833333333333332,67.83333333333333,36.785379,-119.77307916666666,5.2,11.29978536840002,9.866881298266648,320.0,6.699542611522809,1.3695794880161758,0.3707744222433078,6.569579488016176
2023-11-16 09:30:00,1700155501.0,5.5,5.333333333333333,5.5,25.83333333333333,41.833333333333336,21.83333333333333,55.0,36.785394833333335,-119.77310833333333,7.0,11.880964410331037,13.952368923002291,230.08333333333334,6.644191173371937,-0.4180678337602588,-0.07991320020075601,6.581932166239741
2023-11-16 10:30:00,1700159101.0,1.0,1.0,1.0,28.5,35.5,23.0,49.0,36.78542983333333,-119.77313233333332,3.8,11.762776830874412,16.73722316912559,35.5,3.239223034100907,-0.6110719756282315,-0.12857189073815709,3.1889280243717684
2023-11-16 11:30:00,1700162701.0,1.0,1.0,1.0,28.5,35.5,23.83333333333333,47.5,36.78551616666667,-119.77304083333333,1.3,11.762776830874412,16.73722316912559,35.5,3.239223034100907,1.8889280243717683,0.5017085020355738,3.1889280243717684
2023-11-16 12:30:00,1700166301.0,1.0,1.0,1.0,28.5,35.166666666666664,24.33333333333333,46.16666666666666,36.78537816666667,-119.77306616666668,0.2,11.619786051180801,16.880213948819197,35.166666666666664,3.252542656234346,3.0009492190403106,0.7820625641749349,3.200949219040311
2023-11-16 13:30:00,1700169901.0,1.0,1.0,1.0,28.666666666666668,34.666666666666664,24.33333333333333,45.5,36.785405,-119.77308266666668,0.0,11.54938449864139,17.117282168025277,34.666666666666664,3.2719781575842593,3.218981011043124,0.8370310295752124,3.218981011043124
2023-11-16 14:30:00,1700173501.0,1.0,1.0,1.0,28.0,33.833333333333336,24.666666666666668,42.333333333333336,36.785371833333336,-119.77311716666668,1.1,10.597788467317493,17.402211532682507,33.833333333333336,3.3070246602263964,2.1490339977144792,0.5672843800520689,3.2490339977144793
2023-11-16 15:30:00,1700177101.0,1.0,1.0,1.0,27.0,35.5,24.33333333333333,43.66666666666666,36.7853965,-119.77312966666666,4.4,10.441491659326658,16.55850834067334,35.5,3.243527722503659,-1.211071975628232,-0.2798391850038527,3.1889280243717684
2023-11-16 16:30:00,1700180701.0,1.0,1.0,1.0,24.0,42.5,22.33333333333333,49.5,36.78539083333333,-119.773098,3.2,10.469453619380205,13.530546380619795,42.5,2.964421578107473,-0.2635170636676185,-0.040949072169767245,2.9364829363323817
2023-11-16 17:30:00,1700184301.0,4.166666666666667,3.8333333333333335,4.333333333333333,21.0,52.5,19.83333333333333,59.5,36.785411333333336,-119.77307633333334,6.7,10.90787469577655,10.09212530422345,218.75000000000003,5.11322966873346,-1.5757554973966545,-0.37178033433917623,5.124244502603346
2023-11-16 18:30:00,1700187901.0,3.8333333333333335,3.6666666666666665,4.0,19.166666666666668,57.333333333333336,18.83333333333333,62.16666666666666,36.78540683333333,-119.7730915,7.1,10.527345210329536,8.639321456337132,219.7777777777778,4.686988623710551,-2.4183151786512775,-0.5841998730737655,4.681684821348722
2023-11-16 19:30:00,1700191501.0,13.666666666666666,12.666666666666666,13.666666666666666,18.166666666666668,63.16666666666666,17.5,69.0,36.7853605,-119.77310566666668,7.7,11.044847516546174,7.121819150120494,863.2777777777776,11.245202650856486,3.127119280154443,0.8138715704450553,10.827119280154443
2023-11-16 20:30:00,1700195101.0,19.0,18.166666666666668,19.0,16.833333333333332,67.66666666666667,16.333333333333332,73.83333333333333,36.785354,-119.77312083333334,10.3,10.814712605018624,6.018620728314708,1285.6666666666667,15.105017407563128,4.39738073150054,1.1341199250369545,14.697380731500541
2023-11-16 21:30:00,1700198701.0,25.33333333333333,24.0,25.33333333333333,15.666666666666666,73.16666666666667,15.333333333333334,79.33333333333333,36.7854145,-119.77313616666667,18.6,10.872758550320906,4.79390811634576,1853.5555555555554,19.13867643884065,0.6911621220346049,0.19973715668515402,19.291162122034606
2023-11-16 22:30:00,1700202301.0,29.666666666666668,28.666666666666668,29.666666666666668,14.666666666666666,77.5,14.0,84.0,36.785414333333335,-119.77311983333334,17.1,10.772271909794815,3.8943947568718507,2299.166666666667,21.955660338074185,5.326415191849147,1.3683408068644949,22.42641519184915
2023-11-16 23:30:00,1700205901.0,34.166666666666664,32.666666666666664,34.166666666666664,13.5,80.66666666666667,13.166666666666666,86.83333333333333,36.785370666666665,-119.77307616666668,20.3,10.239191335803962,3.2608086641960377,2756.111111111111,24.599918600434943,5.400636425944754,1.387052882295667,25.700636425944754
2023-11-17 00:30:00,1700209501.0,33.5,32.0,33.5,13.0,82.5,12.333333333333334,88.16666666666667,36.78536233333333,-119.773089,14.7,10.087704521627353,2.9122954783726467,2763.75,23.85680482163837,10.483824472788683,2.6685863857786774,25.183824472788682
2023-11-17 01:30:00,1700213101.0,34.5,32.833333333333336,34.5,12.0,84.5,12.0,89.83333333333333,36.78537866666667,-119.77309683333333,21.1,9.466515434978419,2.533484565021581,2915.25,24.21332727935781,4.793558281164348,1.23400110168105,25.89355828116435
2023-11-17 02:30:00,1700216701.0,34.666666666666664,33.166666666666664,34.666666666666664,12.0,84.66666666666667,11.5,90.66666666666669,36.78538516666666,-119.77312183333332,21.7,9.495865447251676,2.504134552748324,2935.111111111111,24.372064108669633,4.314144937695673,1.1131351695120884,26.014144937695672
2023-11-17 03:30:00,1700220301.0,31.5,30.166666666666668,31.5,11.0,85.83333333333333,11.0,91.0,36.785377,-119.7731095,16.0,8.717815872906568,2.2821841270934318,2703.75,22.02558899721126,7.663258563413784,1.9574874300966747,23.663258563413784
2023-11-17 04:30:00,1700223901.0,29.666666666666668,28.166666666666668,29.666666666666668,11.0,85.0,10.5,91.5,36.78539216666667,-119.773108,13.0,8.573456210805247,2.4265437891947528,2521.666666666667,20.785548407619956,9.323019210756868,2.375933267183787,22.32301921075687
2023-11-17 05:30:00,1700227501.0,27.666666666666668,26.5,27.666666666666668,10.166666666666666,85.33333333333333,10.0,91.66666666666669,36.78538133333333,-119.77312733333332,15.3,7.81345356269543,2.3532131039712363,2360.8888888888887,19.464475326732526,5.543811693818885,1.4231491079241436,20.843811693818886
2023-11-17 06:30:00,1700231400.4285717,25.857142857142858,24.285714285714285,25.857142857142858,10.0,86.71428571428571,9.428571428571429,92.14285714285714,36.78538357142857,-119.773115,9.1,7.885754213071364,2.1142457869286364,2242.1836734693875,17.823369089756277,10.390600815077585,2.6450835683394955,19.490600815077585
2023-11-17 07:30:00,1700235300.0,24.666666666666668,23.33333333333333,24.666666666666668,11.666666666666666,83.33333333333333,11.666666666666666,86.83333333333333,36.78536266666666,-119.77308933333336,17.5,8.933408208973319,2.7332584576933474,2055.5555555555557,17.515542320453097,1.1594657454426702,0.31780219336475274,18.65946574544267
2023-11-17 08:30:00,1700238900.0,12.333333333333334,11.833333333333334,12.333333333333334,17.833333333333332,58.16666666666666,16.333333333333332,67.33333333333333,36.78542,-119.77312966666666,11.8,9.494973687015165,8.338359646318168,717.3888888888888,10.65611309500291,-1.8870248257844011,-0.450255116161034,9.9129751742156
2023-11-17 09:30:00,1700242500.0,8.166666666666666,7.833333333333333,8.166666666666666,21.166666666666668,47.5,18.33333333333333,59.333333333333336,36.78537883333333,-119.77312983333331,9.2,9.561482008409989,11.605184658256679,387.91666666666663,8.624745964572984,-0.6764092746393882,-0.1450442181315677,8.523590725360611
2023-11-17 10:30:00,1700246100.0,8.166666666666666,7.666666666666667,8.166666666666666,24.166666666666668,41.333333333333336,20.83333333333333,53.0,36.78537033333333,-119.77311316666668,9.4,10.201998811434393,13.964667855232275,337.55555555555554,8.772885158986902,-0.6540171732713578,-0.13939889715345916,8.745982826728643
2023-11-17 11:30:00,1700249700.0,5.666666666666667,5.333333333333333,5.666666666666667,26.166666666666668,37.0,23.0,46.16666666666666,36.78536266666666,-119.77312866666666,8.3,10.326108542958165,15.840558123708503,209.66666666666669,6.904979722721764,-1.409634331786016,-0.32989916893553495,6.890365668213985
2023-11-17 13:30:00,1700256900.0,4.166666666666667,4.166666666666667,4.166666666666667,26.33333333333333,34.833333333333336,23.33333333333333,42.16666666666666,36.785361,-119.773097,2.6,9.571067152531688,16.76226618080164,145.1388888888889,5.841848969323854,3.1613678200360833,0.8225060437124662,5.761367820036083
2023-11-17 14:30:00,1700260500.0,4.166666666666667,4.0,4.166666666666667,24.5,37.0,23.0,42.833333333333336,36.785408,-119.77310966666666,1.7,8.849217531081663,15.650782468918337,154.16666666666669,5.728611050174345,3.9832300546905595,1.029707504538034,5.68323005469056
2023-11-17 15:30:00,1700264100.0,4.166666666666667,3.8333333333333335,4.166666666666667,23.33333333333333,39.833333333333336,22.5,44.333333333333336,36.78539283333333,-119.7730865,0.9,8.904062836579739,14.42927049675359,165.97222222222226,5.587560265117192,4.68104990000795,1.2056363710148135,5.58104990000795
2023-11-17 16:30:00,1700267700.0,3.333333333333333,3.333333333333333,3.333333333333333,22.666666666666668,40.16666666666666,22.0,44.5,36.78543666666666,-119.77312966666666,2.7,8.430600631477217,14.23606603518945,133.88888888888886,4.976303557263845,2.1983978089375045,0.5797295969826516,4.898397808937505
2023-11-17 17:30:00,1700271300.0,3.6666666666666665,3.6666666666666665,3.6666666666666665,21.5,44.5,21.166666666666668,48.16666666666666,36.785359,-119.7731285,5.9,8.895177973406113,12.604822026593887,163.16666666666666,5.087515364386876,-0.8896253631927831,-0.19879858614721266,5.010374636807217
2023-11-17 18:30:00,1700274900.0,5.666666666666667,5.5,5.666666666666667,21.0,47.66666666666666,20.83333333333333,51.833333333333336,36.785334166666665,-119.77307133333332,5.5,9.461280001969977,11.538719998030023,270.1111111111111,6.585419104745356,1.0056874388206332,0.279032812765626,6.505687438820633
2023-11-17 19:30:00,1700278500.0,8.333333333333334,8.0,8.333333333333334,20.0,53.66666666666666,19.33333333333333,59.0,36.78538016666667,-119.7731565,5.0,10.311808786858947,9.688191213141053,447.2222222222222,8.564747474811952,3.4353248032729624,0.8915739297115248,8.435324803272962
2023-11-17 20:30:00,1700282100.0,2.6666666666666665,2.6666666666666665,2.6666666666666665,18.666666666666668,55.833333333333336,18.33333333333333,61.833333333333336,36.78538266666667,-119.77312966666666,5.7,9.663635021327233,9.003031645339435,148.88888888888889,3.806203769101974,-1.903103057605502,-0.4543086338679582,3.7968969423944983
2023-11-17 21:30:00,1700285700.0,2.6666666666666665,2.6666666666666665,2.6666666666666665,17.5,63.833333333333336,17.0,69.83333333333333,36.7853925,-119.7730855,3.3,10.57161974159368,6.928380258406319,170.22222222222223,3.473198883928294,0.20838827034948526,0.07802399954076032,3.508388270349485
2023-11-17 22:30:00,1700289300.0,4.0,3.8333333333333335,4.0,17.0,65.33333333333333,17.0,70.33333333333333,36.785372,-119.773112,0.9,10.44596246601725,6.554037533982751,261.3333333333333,4.510414941148626,3.6273023285840904,0.9399737977342555,4.52730232858409
2023-11-17 23:30:00,1700292900.0,6.666666666666667,6.333333333333333,6.666666666666667,16.666666666666668,67.0,16.0,73.16666666666667,36.78539383333334,-119.77311066666668,5.2,10.506906758246197,6.159759908420471,446.6666666666667,6.69082249598072,1.4132152237274669,0.38177552170054113,6.613215223727467
2023-11-18 00:30:00,1700296500.0,7.333333333333333,6.833333333333333,7.333333333333333,15.666666666666666,70.83333333333333,15.166666666666666,77.16666666666667,36.785373666666665,-119.77308533333331,5.1,10.385606410217411,5.281060256449255,519.4444444444443,7.085560086481745,1.9114762021607543,0.5073931717768435,7.011476202160754
2023-11-18 01:30:00,1700300100.0,8.666666666666666,8.5,8.666666666666666,15.166666666666666,73.5,15.0,78.33333333333333,36.78540216666666,-119.77313233333332,7.3,10.459306518689365,4.707360147977301,637.0,8.228613698933488,0.6883160790554603,0.19901963465045555,7.98831607905546
2023-11-18 02:30:00,1700303700.0,7.5,7.0,7.5,16.0,72.83333333333333,15.833333333333334,77.5,36.785376166666666,-119.773127,5.8,11.124927779697328,4.8750722203026715,546.25,7.1575845107805876,1.2734752134298803,0.3465453662699139,7.07347521342988
2023-11-18 03:30:00,1700307300.0,7.5,7.5,7.5,16.0,74.33333333333333,15.166666666666666,79.5,36.785376166666666,-119.7731235,9.6,11.43291352763785,4.567086472362149,557.5,7.226734187327709,-2.5806201625785583,-0.6251189326812938,7.019379837421441
2023-11-18 04:30:00,1700310900.0,4.0,4.0,4.0,16.0,67.66666666666667,16.0,70.83333333333333,36.78539216666667,-119.77310683333332,7.1,10.019461369576284,5.980538630423716,270.6666666666667,4.458048394418646,-2.6568460340957056,-0.6443364015770329,4.443153965904294
2023-11-18 05:30:00,1700314500.0,4.666666666666667,4.666666666666667,4.666666666666667,16.0,67.0,16.0,71.83333333333333,36.785359666666665,-119.77308283333332,3.4,9.87144107524501,6.128558924754991,312.6666666666667,5.057226605176479,1.603701072362901,0.42979931989885267,5.003701072362901
2023-11-18 06:30:00,1700318100.0,3.0,3.0,3.0,16.0,68.0,15.333333333333334,73.66666666666667,36.7853295,-119.77307883333332,8.9,10.092989868872698,5.907010131127302,204.0,3.584876895124835,-5.273624304446532,-1.3040580159924262,3.6263756955534685
2023-11-18 07:30:00,1700321700.0,1.3333333333333333,1.3333333333333333,1.3333333333333333,16.5,63.833333333333336,16.5,68.5,36.785359666666665,-119.77311433333334,6.4,9.623984804791798,6.876015195208202,85.11111111111111,2.336350969636785,-3.9646211638935593,-0.9740424105645161,2.435378836106441
2023-11-18 08:30:00,1700325300.0,1.1666666666666667,1.0,1.1666666666666667,18.666666666666668,55.66666666666666,18.0,61.16666666666666,36.78536616666667,-119.77311433333334,2.7,9.619048980243418,9.04761768642325,64.94444444444444,2.50951305532864,-0.10422807379465526,-0.0007903813291023829,2.595771926205345
2023-11-18 09:30:00,1700328900.0,2.0,2.0,2.0,18.33333333333333,66.83333333333333,17.333333333333332,73.5,36.78538266666666,-119.7730865,1.7,12.057367787119396,6.275965546213932,133.66666666666666,2.7733393567603244,1.1636928012110832,0.3188678855127494,2.863692801211083
2023-11-18 10:30:00,1700332500.0,2.6666666666666665,2.5,2.6666666666666665,18.0,71.83333333333333,17.166666666666668,77.66666666666667,36.78541416666667,-119.77311333333334,2.0,12.838488552782223,5.1615114472177765,191.55555555555554,3.0917754346177535,1.219879598304472,0.333033260129037,3.219879598304472
2023-11-18 11:30:00,1700336100.0,2.0,1.8333333333333333,2.0,18.0,71.5,17.0,77.0,36.78534316666667,-119.77309916666668,4.2,12.767374713235384,5.232625286764616,143.0,2.529545839323599,-1.5046039241485083,-0.35384215772585204,2.695396075851492
2023-11-18 12:30:00,1700339700.0,1.6666666666666667,1.6666666666666667,1.6666666666666667,17.5,73.5,17.166666666666668,78.16666666666667,36.78534883333333,-119.77307766666668,3.0,12.707993114436333,4.7920068855636675,122.5,2.1942795173748553,-0.6449834507205225,-0.13712138587443942,2.3550165492794775
2023-11-18 13:30:00,1700343300.0,1.0,1.0,1.0,18.0,69.66666666666667,17.666666666666668,74.83333333333333,36.78538316666667,-119.77306766666668,2.6,12.370949310402052,5.629050689597948,69.66666666666667,1.7884921887449772,-0.6432444291538093,-0.13668295739599542,1.9567555708461908
2023-11-18 14:30:00,1700346900.0,0.8333333333333334,0.8333333333333334,0.8333333333333334,18.5,66.16666666666667,17.833333333333332,71.83333333333333,36.78548366666666,-119.77306766666668,2.1,12.063640931693413,6.4363590683065866,55.13888888888889,1.8022386461789504,-0.15114806441449669,-0.012619481375827754,1.9488519355855034
2023-11-18 15:30:00,1700350500.0,1.3333333333333333,1.3333333333333333,1.3333333333333333,19.0,64.0,18.33333333333333,70.66666666666667,36.78536183333333,-119.7731235,1.4,12.032332040603219,6.967667959396781,85.33333333333333,2.3258420693429294,1.0293682387721694,0.2850030303234862,2.4293682387721693
2023-11-18 16:30:00,1700354100.0,1.5,1.5,1.5,18.33333333333333,65.66666666666667,17.833333333333332,72.33333333333333,36.78539216666667,-119.77311183333332,4.3,11.789959724649885,6.543373608683444,98.5,2.395756534841767,-1.796611555290161,-0.4274608315054071,2.503388444709839
2023-11-18 17:30:00,1700357700.0,6.333333333333333,6.0,6.333333333333333,17.833333333333332,70.0,17.0,76.66666666666667,36.78539716666666,-119.773098,2.7,12.284053257506647,5.549280075826685,443.3333333333333,6.29181909536946,3.5367721131498255,0.9171500298375359,6.236772113149826
2023-11-18 18:30:00,1700361300.0,4.5,4.5,4.5,16.5,75.33333333333333,16.0,81.83333333333333,36.78538116666667,-119.773075,3.4,12.11849038186219,4.381509618137811,339.0,4.579521303379928,1.169045026368965,0.32021724654263867,4.569045026368965
2023-11-18 19:30:00,1700364900.0,4.833333333333333,4.666666666666667,4.833333333333333,15.666666666666666,79.0,15.333333333333334,85.5,36.785415,-119.77310816666666,7.1,12.033234016060879,3.633432650605787,381.8333333333333,4.682628358002059,-2.394935756424239,-0.5783056365041332,4.705064243575761
2023-11-18 20:30:00,1700368500.0,5.833333333333333,5.666666666666667,5.833333333333333,15.0,82.33333333333333,14.5,87.16666666666667,36.78543483333333,-119.773154,9.2,12.011574462172785,2.988425537827215,480.2777777777777,5.429511951267735,-3.8103906274273767,-0.9351590173238726,5.389609372572623
2023-11-18 21:30:00,1700372100.0,6.833333333333333,6.666666666666667,6.833333333333333,15.0,83.5,14.666666666666666,88.83333333333333,36.78538383333333,-119.77312483333333,8.9,12.22555685682994,2.7744431431700605,570.5833333333333,6.266308924440981,-2.747707733084993,-0.6672437405078554,6.1522922669150075
2023-11-18 22:30:00,1700375700.0,9.833333333333334,9.166666666666666,9.833333333333334,15.0,84.33333333333333,14.333333333333334,90.33333333333331,36.785369,-119.77317833333332,9.1,12.376794976514386,2.623205023485614,829.2777777777778,8.76210458787434,-0.5634894927094969,-0.11657576832888936,8.536510507290503
2023-11-18 23:30:00,1700379300.0,11.0,10.666666666666666,11.0,15.0,83.83333333333333,15.0,89.83333333333333,36.785376166666666,-119.77311433333334,7.1,12.286210937049304,2.7137890629506956,922.1666666666666,8.041217539625462,1.4760563900327615,0.3976185436930453,8.576056390032761
2023-11-19 00:30:00,1700382900.0,12.666666666666666,12.333333333333334,12.666666666666666,15.0,84.16666666666667,14.0,91.33333333333331,36.78536283333333,-119.77307766666668,8.7,12.346652976533418,2.6533470234665817,1066.111111111111,9.194970332188205,1.1003044630957852,0.3028869148549158,9.800304463095785
2023-11-19 01:30:00,1700386500.0,10.166666666666666,9.666666666666666,10.166666666666666,14.0,85.5,13.833333333333334,91.33333333333331,36.78537566666667,-119.77314766666666,11.9,11.604911036638493,2.3950889633615073,869.25,7.233292104574547,-3.961342219654642,-0.973215748859401,7.938657780345358
2023-11-19 02:30:00,1700390100.0,3.0,2.1666666666666665,4.0,13.666666666666666,72.33333333333333,13.333333333333334,78.5,36.78539133333334,-119.77312716666668,6.8,8.77610954145079,4.890557125215876,217.0,3.1989859622655814,-3.3298998351375797,-0.8140214472084428,3.47010016486242
2023-11-19 03:30:00,1700393700.0,4.0,2.0,6.0,12.166666666666666,71.0,12.0,76.83333333333333,36.78539466666667,-119.77311716666668,6.2,7.060404378906827,5.106262287759839,284.0,3.833924629994703,-1.877057980781129,-0.4477423533676831,4.322942019218871
2023-11-19 04:30:00,1700396400.0,4.0,2.0,6.666666666666667,11.0,73.0,11.0,77.0,36.785364666666666,-119.77315,5.7,6.342750204971131,4.657249795028869,292.0,3.752866757316928,-1.449185148792382,-0.33987041072645263,4.250814851207618
2023-11-19 08:30:00,1700411700.0,4.5,2.1666666666666665,7.0,12.666666666666666,69.33333333333333,11.666666666666666,76.33333333333333,36.785346833333335,-119.77302783333332,6.0,7.192662571633253,5.474004095033413,312.0,4.250400738348962,-1.2145734695972754,-0.2807219542014941,4.785426530402725
2023-11-19 09:30:00,1700415300.0,3.8333333333333335,2.0,5.333333333333333,15.0,57.66666666666666,13.166666666666666,70.16666666666667,36.785334166666665,-119.773097,3.2,6.713043254366244,8.286956745633756,221.05555555555551,4.270032833789835,1.4696636266801804,0.3960068503343355,4.6696636266801805
2023-11-19 10:30:00,1700418900.0,3.333333333333333,2.0,5.166666666666667,16.833333333333332,52.5,14.5,64.83333333333333,36.78533383333333,-119.77319466666668,1.1,7.051219615118897,9.782113718214436,174.99999999999997,4.177058259586365,3.3536136062014426,0.8709735435578251,4.453613606201443
2023-11-19 11:30:00,1700422500.0,2.833333333333333,1.8333333333333333,3.8333333333333335,19.0,44.833333333333336,16.166666666666668,56.66666666666666,36.78543733333333,-119.77312216666668,0.1,6.735360397684651,12.264639602315349,127.02777777777777,4.145871482125524,4.227722545736772,1.091347033852768,4.327722545736772
2023-11-19 12:30:00,1700426100.0,1.8333333333333333,1.0,2.5,19.5,39.16666666666666,17.0,47.66666666666666,36.7854265,-119.77315016666668,-1.3,5.228742561889605,14.271257438110396,71.80555555555553,3.590672486695824,5.027325779419707,1.2929367299282981,3.727325779419707
2023-11-19 13:30:00,1700429700.0,1.0,1.0,2.0,19.0,37.66666666666666,17.0,44.16666666666666,36.78541116666667,-119.7731145,0.3,4.222604674019442,14.777395325980558,37.66666666666666,3.177464350226211,2.810790259026245,0.734121178572091,3.1107902590262446
2023-11-19 14:30:00,1700433300.0,1.0,1.0,1.8333333333333333,19.0,36.333333333333336,17.0,42.0,36.78538316666667,-119.77312583333332,3.9,3.708972180435489,15.291027819564512,36.333333333333336,3.2321478434143485,-0.7411249622995872,-0.16135982974640467,3.1588750377004127
2023-11-19 15:30:00,1700436900.0,1.1666666666666667,1.0,1.8333333333333333,18.0,38.66666666666666,17.0,44.0,36.7853965,-119.77314,5.4,3.7040655974433783,14.295934402556622,45.1111111111111,3.233939615838139,-2.191147145699002,-0.5269280502598471,3.208852854300998
2023-11-19 16:30:00,1700440500.0,1.0,1.0,2.0,16.166666666666668,41.333333333333336,15.666666666666666,45.5,36.785388833333336,-119.7731245,1.8,3.0048436297647054,13.161823036901962,41.333333333333336,3.0319763847284023,1.1785571176722793,0.3226153603997397,2.9785571176722794
2023-11-19 17:30:00,1700444100.0,1.6666666666666667,1.3333333333333333,2.0,14.666666666666666,45.66666666666666,14.333333333333334,49.833333333333336,36.78536733333333,-119.773154,4.4,3.055271574001531,11.611395092665134,76.1111111111111,3.3208553453987513,-1.0412136958972473,-0.23701584769796655,3.358786304102753
2023-11-19 18:30:00,1700447700.0,2.0,2.0,2.1666666666666665,13.833333333333334,48.5,13.666666666666666,52.66666666666666,36.78533183333334,-119.77313083333333,2.7,3.1444631380023433,10.68887019533099,97.0,3.5624434794739344,0.8248585079809052,0.233443640943819,3.5248585079809054
2023-11-19 19:30:00,1700451300.0,2.1666666666666665,2.0,2.1666666666666665,13.0,51.16666666666666,12.833333333333334,55.333333333333336,36.78537616666667,-119.7731045,2.3,3.134284456791486,9.865715543208514,110.86111111111109,3.550225187043047,1.2628151299129486,0.3438578296194929,3.5628151299129485
2023-11-19 20:30:00,1700454900.0,2.1666666666666665,2.0,2.333333333333333,11.833333333333334,55.5,11.666666666666666,60.5,36.7853945,-119.77304083333333,3.1,3.2016591492327056,8.631674184100628,120.24999999999999,3.369358453377856,0.30653959922189866,0.10276914278594766,3.4065395992218988
2023-11-19 21:30:00,1700458500.0,3.5,3.5,3.6666666666666665,10.833333333333334,60.5,10.5,65.83333333333333,36.7853825,-119.7731015,1.2,3.4866494189951314,7.346683914338202,211.75,4.329982884288473,3.09923111343681,0.8068406245760437,4.29923111343681
2023-11-19 22:30:00,1700462100.0,2.5,2.5,2.5,10.0,63.5,9.833333333333334,68.66666666666667,36.785388833333336,-119.77326966666668,1.7,3.385352802868488,6.614647197131513,158.75,3.354530105315498,1.6862832857376466,0.4506192998516362,3.3862832857376466
2023-11-19 23:30:00,1700465700.0,2.6666666666666665,2.5,2.6666666666666665,8.5,69.16666666666667,8.333333333333334,74.83333333333333,36.785417333333335,-119.7731935,1.7,3.1669513550462614,5.333048644953738,184.44444444444446,3.2153025769166943,1.6160491556528094,0.43291242181323913,3.3160491556528093
2023-11-20 00:30:00,1700469300.0,4.833333333333333,4.333333333333333,5.0,7.166666666666667,75.66666666666667,7.166666666666667,80.16666666666667,36.7853915,-119.77314133333331,3.0,3.154546089925834,4.012120576740832,365.72222222222223,4.740586563358356,1.8252761902611834,0.48566110083397873,4.825276190261183
2023-11-20 01:30:00,1700472900.0,9.0,8.5,9.333333333333334,6.166666666666667,79.66666666666667,6.333333333333333,83.5,36.78537,-119.7730675,4.3,2.91205081550311,3.254615851163557,717.0,8.232283405320906,3.734176336248191,0.9669180343453883,8.03417633624819
2023-11-20 02:30:00,1700476500.0,12.333333333333334,11.833333333333334,12.333333333333334,6.0,81.5,6.0,84.83333333333333,36.785371,-119.77312116666668,11.2,3.0711950582463965,2.9288049417536035,1005.1666666666667,9.356963465681659,-1.6087012114048278,-0.38008634936528923,9.591298788595171
2023-11-20 03:30:00,1700480100.0,14.333333333333334,13.5,14.5,5.333333333333333,83.0,5.333333333333333,87.33333333333333,36.785358,-119.773065,8.7,2.677036044211339,2.6562972891219943,1189.6666666666667,10.500005630919976,2.3452317323772647,0.6167482141578996,11.045231732377264
2023-11-20 04:30:00,1700483700.0,15.166666666666666,14.333333333333334,15.166666666666666,5.0,84.5,5.0,88.33333333333333,36.78538266666666,-119.7731005,10.7,2.6029828243829973,2.3970171756170027,1281.5833333333333,10.920354143239349,0.9389742611590375,0.2622136096377323,11.638974261159037
2023-11-20 05:30:00,1700487300.0,11.666666666666666,11.333333333333334,12.166666666666666,4.166666666666667,84.83333333333333,4.0,88.83333333333333,36.78539783333333,-119.773103,10.4,1.8407824375819641,2.3258842290847026,989.7222222222222,8.606952388577609,-1.3461923607793604,-0.3139046767737691,9.05380763922064
2023-11-20 06:30:00,1700490900.0,10.666666666666666,10.166666666666666,10.666666666666666,4.0,86.16666666666667,4.0,90.5,36.7854035,-119.77315133333332,7.4,1.8955861296502032,2.1044138703497968,919.1111111111111,7.6793831355619435,0.8981200614706264,0.2519137692273051,8.298120061470627
2023-11-20 07:30:00,1700494500.0,10.666666666666666,10.333333333333334,11.0,5.666666666666667,83.83333333333333,6.166666666666667,86.5,36.78541383333334,-119.77314366666668,9.4,3.144625846184007,2.52204082048266,894.2222222222222,7.981242213670178,-1.0697122999673319,-0.24420069224468494,8.330287700032668
2023-11-20 08:30:00,1700498100.0,8.5,8.333333333333334,8.5,11.5,62.16666666666666,9.5,75.0,36.78533766666666,-119.7730995,12.5,4.503632089219385,6.996367910780615,528.4166666666666,8.475457887521959,-4.237089481494484,-1.0427349858588797,8.262910518505516
2023-11-20 09:30:00,1700501700.0,5.666666666666667,5.333333333333333,5.666666666666667,15.833333333333334,47.0,12.333333333333334,61.833333333333336,36.78537683333334,-119.773051,8.8,4.530332179412306,11.303001153921027,266.33333333333337,6.579103289648865,-2.2702701718422826,-0.5468759270578604,6.529729828157718
2023-11-20 10:30:00,1700505300.0,5.0,4.833333333333333,5.0,18.166666666666668,41.833333333333336,14.166666666666666,56.333333333333336,36.78535516666667,-119.77307133333332,5.5,4.978899141658784,13.187767525007883,209.16666666666669,6.251785018751407,0.6795536283985992,0.1968105143137888,6.179553628398599
2023-11-20 11:30:00,1700508900.0,4.166666666666667,4.0,4.166666666666667,20.5,37.0,16.333333333333332,49.833333333333336,36.7854075,-119.773098,3.7,5.300286053458971,15.199713946541028,154.16666666666669,5.739475898121994,1.9832300546905595,0.5254831903190491,5.68323005469056
2023-11-20 12:30:00,1700512500.0,4.666666666666667,4.5,4.666666666666667,21.33333333333333,34.0,17.833333333333332,44.833333333333336,36.78540483333334,-119.77314133333334,4.4,4.820743949579907,16.512589383753422,158.66666666666669,6.250074258581354,1.7937993445485798,0.47772540536237157,6.19379934454858
2023-11-20 13:30:00,1700516100.0,3.8333333333333335,3.333333333333333,3.8333333333333335,22.166666666666668,30.666666666666668,18.666666666666668,39.0,36.78540316666666,-119.773079,5.1,4.072470124071071,18.094196542595597,117.55555555555557,5.608667459328672,0.5433803948321003,0.16247958665876402,5.6433803948321
2023-11-20 14:30:00,1700519700.0,3.0,2.6666666666666665,3.0,22.0,28.83333333333333,18.83333333333333,36.5,36.785372,-119.77310166666666,4.3,3.0526002543165975,18.947399745683402,86.49999999999999,5.044803022973338,0.7388660691071802,0.21176390168425802,5.03886606910718
2023-11-20 15:30:00,1700523300.0,2.5,2.0,2.6666666666666665,21.0,28.5,18.666666666666668,34.5,36.78539266666667,-119.7731235,4.6,2.026956469595017,18.973043530404983,71.25,4.617830872028605,0.04850872593458,0.037716422720635655,4.64850872593458
2023-11-20 16:30:00,1700526900.0,2.833333333333333,2.6666666666666665,3.333333333333333,18.33333333333333,34.333333333333336,16.666666666666668,39.16666666666666,36.78533216666667,-119.77312716666664,3.1,2.318939941101216,16.014393392232112,97.27777777777777,4.760693392765781,1.6063901777958516,0.4304772760702487,4.706390177795852
2023-11-20 17:30:00,1700530500.0,4.333333333333333,4.0,4.666666666666667,14.666666666666666,45.66666666666666,14.166666666666666,50.833333333333336,36.785422833333335,-119.77308916666668,5.2,3.055271574001531,11.611395092665134,197.88888888888883,5.5267504403856105,0.3048051725888419,0.10233187274613957,5.504805172588842
2023-11-20 18:30:00,1700534100.0,9.333333333333334,8.5,9.333333333333334,12.333333333333334,53.16666666666666,12.333333333333334,57.0,36.785404166666666,-119.77310933333332,14.0,3.0591920885735284,9.274141244759806,496.2222222222222,9.309626544524892,-4.741886329041941,-1.1700004079961406,9.258113670958059
2023-11-20 19:30:00,1700537700.0,12.833333333333334,12.5,13.0,11.166666666666666,60.16666666666666,11.333333333333334,63.833333333333336,36.78537566666667,-119.77315266666666,12.1,3.7223543692234324,7.444312297443234,772.1388888888888,11.394087345049691,-1.845944052408873,-0.4398981537696034,10.254055947591127
2023-11-20 21:30:00,1700544900.0,20.666666666666668,19.666666666666668,20.83333333333333,9.0,69.5,9.333333333333334,72.33333333333333,36.785375,-119.773135,22.4,3.714320885282207,5.285679114717793,1436.3333333333335,16.436747391578916,-6.49905039165489,-1.6130028302167703,15.900949608345108
2023-11-20 22:30:00,1700548500.0,21.0,20.0,21.166666666666668,7.833333333333333,72.83333333333333,7.666666666666667,77.66666666666667,36.78536483333333,-119.773075,23.5,3.258000251925394,4.575333081407939,1529.5,16.37502560689321,-7.399235471029147,-1.839950432375594,16.100764528970853
2023-11-20 23:30:00,1700552100.0,24.666666666666668,23.166666666666668,24.83333333333333,7.0,76.66666666666667,7.166666666666667,80.16666666666667,36.78540916666667,-119.77306616666664,22.3,3.1789638840646486,3.8210361159353514,1891.1111111111113,18.434843707142143,-3.5486267158086378,-0.8691651529122538,18.751373284191363
2023-11-21 00:30:00,1700555700.0,22.166666666666668,21.0,22.33333333333333,6.166666666666667,78.83333333333333,6.333333333333333,82.33333333333333,36.785372333333335,-119.77309666666667,19.7,2.763553685006852,3.403112981659815,1747.4722222222222,16.496210489512606,-2.8217618409026493,-0.6859136813725837,16.87823815909735
2023-11-21 01:30:00,1700559300.0,19.166666666666668,18.166666666666668,19.33333333333333,6.0,79.33333333333333,6.0,82.16666666666667,36.78536983333333,-119.77311066666668,18.0,2.6905512629768786,3.3094487370231214,1520.5555555555557,14.33304001050255,-3.3405731163096277,-0.816712311148164,14.659426883690372
2023-11-21 02:30:00,1700562900.0,14.5,13.666666666666666,14.5,5.5,80.5,6.0,82.83333333333333,36.78536616666667,-119.77307266666666,12.4,2.4090081187738903,3.0909918812261097,1167.25,10.90515163994177,-1.197418595591932,-0.2763970019110655,11.202581404408068
2023-11-21 03:30:00,1700566500.0,11.0,10.0,11.0,5.0,80.33333333333333,6.0,82.16666666666667,36.785394833333335,-119.7731435,10.5,1.8923040870419203,3.1076959129580795,883.6666666666666,8.345338376487838,-1.8756921521241736,-0.44739801135873614,8.624307847875826
2023-11-21 04:30:00,1700570100.0,9.5,9.0,9.666666666666666,5.0,81.5,5.666666666666667,83.66666666666667,36.78543266666667,-119.77311716666668,9.6,2.0945239549711974,2.9054760450288026,774.25,8.60939628933424,-1.2295616965876501,-0.2845006684392842,8.37043830341235
2023-11-21 05:30:00,1700573700.0,9.5,8.833333333333334,9.5,5.0,82.16666666666667,5.0,86.83333333333333,36.78533983333333,-119.77311066666668,7.1,2.208930076927986,2.791069923072014,780.5833333333334,8.545845187822005,1.2463959140752667,0.3397183456966086,8.346395914075266
2023-11-21 06:30:00,1700577300.0,13.166666666666666,12.333333333333334,13.166666666666666,5.0,84.16666666666667,4.833333333333333,87.16666666666667,36.785369333333335,-119.77309433333332,10.4,2.54728393237969,2.45271606762031,1108.1944444444443,9.536839914460472,-0.2310425019040796,-0.032761840352376004,10.16895749809592
2023-11-21 07:30:00,1700580900.0,16.833333333333332,15.833333333333334,16.833333333333332,6.166666666666667,80.0,6.5,83.0,36.7853375,-119.77311716666668,16.4,2.97106495167254,3.195601714994127,1346.6666666666665,12.563462390905645,-3.470144700185136,-0.8493788826591119,12.929855299814863
2023-11-21 08:30:00,1700584500.0,17.333333333333332,17.0,17.5,12.666666666666666,57.16666666666666,11.333333333333334,66.66666666666667,36.785383,-119.7731235,15.2,4.401883573477135,8.264783093189532,990.8888888888887,14.935114651269856,-1.5867083449707255,-0.37454168036756674,13.613291655029274
2023-11-21 09:30:00,1700588100.0,12.5,12.0,12.5,18.666666666666668,41.5,14.833333333333334,54.333333333333336,36.78534133333333,-119.7730715,12.2,5.31434067937957,13.352325987287099,518.75,10.653756007391788,-1.9343716339126207,-0.4621918220904887,10.265628366087379
2023-11-21 10:30:00,1700591700.0,9.833333333333334,9.5,9.833333333333334,22.0,33.5,18.0,44.16666666666666,36.78537933333333,-119.77311316666668,8.2,5.193236110838086,16.806763889161914,329.4166666666667,10.407138630415417,2.1697426942431903,0.5725052942048481,10.36974269424319
2023-11-21 11:30:00,1700595300.0,8.5,8.333333333333334,8.5,23.83333333333333,31.33333333333333,19.666666666666668,41.0,36.78535516666667,-119.7731335,10.8,5.829671250272271,18.00366208306106,266.3333333333333,9.425291095557569,-1.4251289746543296,-0.3338055567727067,9.374871025345671
2023-11-21 12:30:00,1700598900.0,5.333333333333333,5.166666666666667,5.333333333333333,25.0,26.666666666666668,21.0,34.166666666666664,36.78537666666667,-119.77309533333332,6.4,4.513696689085866,20.486303310914135,142.22222222222223,7.017217770174899,0.5947703443780306,0.1754356176925365,6.994770344378031
2023-11-21 13:30:00,1700602500.0,3.8333333333333335,3.8333333333333335,4.0,25.0,24.33333333333333,21.83333333333333,29.5,36.7853725,-119.77304483333334,2.8,3.2098094822846317,21.790190517715367,93.27777777777776,5.935121539409286,3.0717830935344024,0.7999206450700634,5.871783093534402
2023-11-21 14:30:00,1700606100.0,3.8333333333333335,3.8333333333333335,3.8333333333333335,26.166666666666668,21.0,22.83333333333333,25.5,36.7853985,-119.7730685,2.7,2.108421206438734,24.058245460227933,80.5,6.034419554782538,3.291995040219824,0.8554387539702056,5.991995040219824
2023-11-21 15:30:00,1700609700.0,3.8333333333333335,3.1666666666666665,4.0,24.33333333333333,22.83333333333333,21.666666666666668,26.83333333333333,36.785372333333335,-119.77311316666668,0.6,1.753123933557564,22.580209399775764,87.52777777777776,5.821340100136792,5.325878469542843,1.3682054926460838,5.925878469542843
2023-11-21 16:30:00,1700613300.0,5.833333333333333,5.5,5.833333333333333,20.5,30.666666666666668,19.166666666666668,35.166666666666664,36.7853775,-119.77313616666667,4.2,2.6247836513012093,17.875216348698793,178.88888888888889,7.2658195004350565,3.052894546196666,0.7951586126560819,7.252894546196666
2023-11-21 17:30:00,1700616900.0,8.166666666666666,7.5,8.166666666666666,17.666666666666668,39.66666666666666,17.0,44.16666666666666,36.785398666666666,-119.77313616666667,8.6,3.7689929029628675,13.8976737637038,323.94444444444434,8.799974048523524,0.20608880007135433,0.07744427512873156,8.806088800071354
2023-11-21 18:30:00,1700620500.0,17.0,15.833333333333334,17.166666666666668,16.0,44.66666666666666,15.833333333333334,48.833333333333336,36.785315,-119.77312833333332,15.6,3.954986886968487,12.045013113031512,759.3333333333331,14.357196577760615,-2.060150399817015,-0.49390217808121545,13.539849600182984
2023-11-21 19:30:00,1700624100.0,14.666666666666666,13.833333333333334,14.833333333333334,14.166666666666666,52.16666666666666,13.666666666666666,57.0,36.78538,-119.773084,17.5,4.489323270382602,9.677343396284064,765.111111111111,12.739768128543986,-5.783927210909937,-1.4327115825201588,11.716072789090063
2023-11-21 20:30:00,1700627700.0,27.33333333333333,25.666666666666668,27.5,12.333333333333334,59.0,12.333333333333334,62.833333333333336,36.78541466666667,-119.77317566666666,20.8,4.540881352494162,7.792451980839172,1612.6666666666663,22.02685303785797,0.1610777818761271,0.06609645023783821,20.961077781876128
2023-11-21 21:30:00,1700631300.0,39.833333333333336,37.16666666666666,40.5,11.666666666666666,63.0,11.666666666666666,67.33333333333333,36.78540733333333,-119.77316033333334,31.9,4.85225288582268,6.814413780843986,2509.5,30.826896138847655,-1.7777408663696477,-0.42270330141551427,30.12225913363035
2023-11-21 22:30:00,1700634900.0,27.0,25.666666666666668,27.166666666666668,10.166666666666666,68.83333333333333,10.166666666666666,73.16666666666667,36.78540433333333,-119.77309566666666,19.6,4.6942178892920525,5.4724487773746135,1858.4999999999998,21.058826379302253,0.9797454722217154,0.27249252760671044,20.579745472221717
2023-11-21 23:30:00,1700638500.0,30.0,28.5,30.5,9.0,73.66666666666667,9.0,78.33333333333333,36.785342166666666,-119.77308,24.6,4.545210756491823,4.454789243508177,2210.0,22.672751507508114,-1.8749692833702625,-0.44721576735788054,22.72503071662974
2023-11-22 00:30:00,1700642100.0,35.166666666666664,33.5,35.833333333333336,8.166666666666666,76.66666666666667,8.333333333333334,81.5,36.78535716666666,-119.7730395,24.0,4.310176327347331,3.8564903393193353,2696.1111111111113,25.995244714833817,2.493087019194242,0.6540243294573704,26.493087019194242
2023-11-22 01:30:00,1700645700.0,37.66666666666666,35.833333333333336,38.0,7.333333333333333,80.66666666666667,7.333333333333333,85.33333333333333,36.78539216666667,-119.77308033333333,26.3,4.226409701269799,3.106923632063534,3038.444444444444,27.129961588296172,1.981207670945711,0.5249733227906321,28.28120767094571
2023-11-22 02:30:00,1700649300.0,37.333333333333336,35.333333333333336,37.333333333333336,6.666666666666667,81.83333333333333,6.5,86.83333333333333,36.78539033333333,-119.77315266666666,26.6,3.780327551856672,2.886339114809995,3055.1111111111113,26.64437523649362,1.4193551616646047,0.38332347469839134,28.019355161664606
2023-11-22 03:30:00,1700652900.0,34.333333333333336,32.333333333333336,34.5,6.0,83.83333333333333,6.0,88.16666666666667,36.785400333333335,-119.77308666666666,19.8,3.4712307566254696,2.5287692433745304,2878.277777777778,24.180074210657686,5.979864690039172,1.5330833694152974,25.779864690039172
2023-11-22 04:30:00,1700656500.0,35.666666666666664,33.666666666666664,35.666666666666664,5.5,84.16666666666667,5.166666666666667,89.5,36.78535983333333,-119.77308283333332,22.3,3.0374378260325368,2.4625621739674632,3001.9444444444443,25.083758510101447,4.458344073102101,1.1494895245927268,26.7583440731021
2023-11-22 05:30:00,1700660100.0,36.833333333333336,34.833333333333336,37.0,5.0,84.33333333333333,5.0,89.0,36.7853565,-119.77312566666669,22.8,2.575157740893734,2.424842259106266,3106.277777777778,25.89497625417527,4.816236799633707,1.2397186318924076,27.616236799633707
2023-11-22 06:30:00,1700663700.0,39.0,37.0,39.333333333333336,5.0,85.0,5.0,89.83333333333333,36.785349,-119.77310433333332,23.9,2.6861675369239237,2.3138324630760763,3315.0,27.318398085276556,5.304542530759431,1.3628264430954418,29.20454253075943
2023-11-22 07:30:00,1700667300.0,31.166666666666668,29.666666666666668,31.33333333333333,6.0,80.5,6.333333333333333,84.0,36.785375,-119.7730955,20.9,2.896640615659878,3.103359384340122,2508.916666666667,22.63742409662808,2.59101590441265,0.6787133919531112,23.49101590441265
2023-11-22 08:30:00,1700670601.0,30.4,28.8,30.4,10.2,64.0,9.2,73.2,36.7853876,-119.7731188,24.9,3.6865087640014877,6.5134912359985115,1945.6,24.039471216115686,-1.7467809241845451,-0.4148979236072429,23.153219075815453
2023-11-22 09:30:00,1700673901.0,24.0,22.83333333333333,24.0,15.166666666666666,45.66666666666666,12.166666666666666,59.333333333333336,36.78539666666666,-119.7730905,20.3,3.5112035102119803,11.655463156454687,1095.9999999999998,20.046588227563273,-1.6127940406273957,-0.3811182013692716,18.687205959372605
2023-11-22 10:30:00,1700677501.0,20.166666666666668,19.166666666666668,20.166666666666668,20.0,35.666666666666664,16.0,46.333333333333336,36.785401,-119.77312466666666,19.5,4.330513481151234,15.669486518848766,719.2777777777778,16.208622655680756,-3.5012726675054076,-0.8572266216466594,15.998727332494592
2023-11-22 11:30:00,1700681101.0,20.33333333333333,19.33333333333333,20.33333333333333,23.666666666666668,30.33333333333333,18.33333333333333,41.833333333333336,36.78539033333333,-119.77309316666668,15.2,5.216887836936274,18.449778829730395,616.7777777777775,15.311545354183004,0.9951377084935871,0.276373097495951,16.195137708493586
2023-11-22 12:30:00,1700684701.0,19.83333333333333,18.83333333333333,20.33333333333333,24.0,28.666666666666668,20.0,37.5,36.78535766666666,-119.773065,13.0,4.692883154493695,19.307116845506304,568.5555555555554,14.578514114718791,2.849461558180625,0.7438706832201284,15.849461558180625
2023-11-22 13:30:00,1700688301.0,17.0,16.0,17.0,24.5,27.666666666666668,20.666666666666668,34.833333333333336,36.78538133333333,-119.77308683333332,13.1,4.613422051185904,19.886577948814097,470.33333333333337,11.940633249784549,0.6742138239921527,0.19546428470633678,13.774213823992152
2023-11-22 14:30:00,1700691901.0,16.333333333333332,15.333333333333334,16.666666666666668,24.5,27.666666666666668,21.0,35.0,36.7853725,-119.77313616666667,9.5,4.613422051185904,19.886577948814097,451.88888888888886,11.378546562700135,3.782676443991969,0.9791455011287149,13.282676443991969
2023-11-22 15:30:00,1700695501.0,13.666666666666666,12.5,14.0,23.166666666666668,29.33333333333333,20.83333333333333,35.666666666666664,36.7853795,-119.77313366666664,8.7,4.303601499846199,18.86306516682047,400.8888888888888,9.555857349833643,2.5935500393040645,0.6793522781669921,11.293550039304064
2023-11-22 16:30:00,1700699101.0,12.5,11.333333333333334,13.333333333333334,20.5,34.5,19.0,40.333333333333336,36.785371833333336,-119.77310166666666,8.5,4.296525304731194,16.203474695268806,431.25,9.641399371035753,1.8621312817735074,0.4949527174556185,10.362131281773507
2023-11-22 17:30:00,1700702701.0,14.0,12.833333333333334,14.833333333333334,17.0,42.66666666666666,15.833333333333334,48.5,36.785373666666665,-119.7730725,12.9,4.208132789824841,12.791867210175159,597.3333333333333,11.802769402579006,-1.5444963481932312,-0.3638995228040937,11.35550365180677
2023-11-22 18:30:00,1700706301.0,19.166666666666668,18.0,19.83333333333333,15.333333333333334,48.0,15.333333333333334,51.66666666666666,36.785371833333336,-119.77313366666664,17.5,4.373663960926412,10.959669372406921,920.0,16.149755174745323,-2.408607684190768,-0.581752495705198,15.091392315809232
2023-11-22 19:30:00,1700709901.0,31.33333333333333,29.33333333333333,31.5,15.0,51.333333333333336,15.0,55.333333333333336,36.78539916666667,-119.77314516666668,28.2,5.029354797953011,9.970645202046988,1608.4444444444443,25.368672690119748,-4.184004268561772,-1.0293515583157968,24.015995731438228
2023-11-22 20:30:00,1700713501.0,37.0,34.833333333333336,37.5,14.5,54.16666666666666,14.0,59.5,36.78543083333333,-119.7731055,28.4,5.339013852859236,9.160986147140765,2004.1666666666663,29.590524301405253,-0.2449972425284095,-0.03628000011307928,28.15500275747159
2023-11-22 21:30:00,1700717101.0,42.16666666666666,39.833333333333336,42.5,13.833333333333334,57.5,13.166666666666666,63.5,36.78534233333334,-119.77310316666669,31.6,5.578130373483654,8.25520295984968,2424.5833333333326,33.26959906610705,0.3184636830986527,0.10577534929367065,31.918463683098654
2023-11-22 22:30:00,1700720701.0,46.5,44.16666666666666,46.833333333333336,13.0,62.0,12.333333333333334,68.5,36.78534183333333,-119.77312733333332,36.3,5.883239955977163,7.116760044022837,2883.0,36.10456193875612,-1.248580935555509,-0.289295649802052,35.05141906444449
2023-11-22 23:30:00,1700724301.0,50.333333333333336,47.66666666666666,50.66666666666666,12.0,65.0,12.0,71.5,36.7853935,-119.77308383333332,34.0,5.618548360998788,6.381451639001212,3271.666666666667,38.503533560349894,3.8364006070086276,0.9926900157557468,37.83640060700863
2023-11-23 00:30:00,1700727901.0,50.66666666666666,48.333333333333336,51.0,11.833333333333334,68.0,11.166666666666666,74.5,36.785403,-119.77313233333332,37.0,6.112669046557635,5.7206642867756985,3445.3333333333326,38.42326437964968,1.0408109045717993,0.2878878654813139,38.0408109045718
2023-11-23 01:30:00,1700731501.0,49.333333333333336,47.0,49.66666666666666,11.0,70.16666666666667,10.666666666666666,76.66666666666667,36.785416833333336,-119.77319466666668,38.1,5.768994166746656,5.231005833253344,3461.555555555556,37.10554306941597,-1.0721338055218794,-0.24481118323349452,37.02786619447812
2023-11-23 02:30:00,1700735101.0,49.333333333333336,46.833333333333336,49.5,10.5,72.5,10.0,79.0,36.785371,-119.77310183333331,38.5,5.761472558790122,4.738527441209878,3576.666666666667,36.663845945020526,-1.5043014440839215,-0.35376589882428644,36.99569855591608
2023-11-23 03:30:00,1700738701.0,46.333333333333336,44.0,46.333333333333336,10.0,74.0,9.666666666666666,81.0,36.78535216666666,-119.77310066666666,34.7,5.575282790698083,4.424717209301917,3428.666666666667,34.2797844332244,0.06310114969679148,0.0413953501527826,34.763101149696794
2023-11-23 04:30:00,1700742301.0,49.0,46.66666666666666,49.0,10.0,76.66666666666667,9.333333333333334,82.16666666666667,36.78535733333333,-119.77308916666668,32.8,6.087470220786709,3.9125297792132914,3756.666666666667,35.76821796711535,3.8924876541980495,1.0068302422085738,36.69248765419805
2023-11-23 05:30:00,1700745901.0,56.333333333333336,53.5,56.333333333333336,10.0,75.16666666666667,9.166666666666666,82.5,36.78538816666667,-119.773051,46.8,5.801339260721634,4.198660739278366,4234.38888888889,41.21157931361445,-4.6799219695814855,-1.1543784396686572,42.12007803041851
2023-11-23 06:30:00,1700749501.0,62.333333333333336,59.16666666666666,62.333333333333336,8.833333333333334,78.33333333333333,8.5,85.0,36.78534633333333,-119.77310683333332,42.3,5.265860771502448,3.5674725618308862,4882.777777777777,44.83734394069202,4.200258369514543,1.0844229811421466,46.50025836951454
2023-11-23 07:30:00,1700753101.0,55.5,53.0,55.5,8.5,78.83333333333333,8.5,84.66666666666667,36.7853735,-119.773075,38.1,5.033325282405616,3.466674717594384,4375.25,40.053592872834294,3.3551071591065025,0.8713500864024769,41.455107159106504
2023-11-23 08:30:00,1700756701.0,43.833333333333336,41.66666666666666,44.0,12.333333333333334,62.0,11.166666666666666,71.66666666666667,36.785401666666665,-119.77311083333332,31.5,5.253062063653154,7.08027126968018,2717.666666666667,34.16899819993274,1.5852695444437543,0.4251525076363328,33.085269544443754
2023-11-23 09:30:00,1700760301.0,45.16666666666666,43.16666666666666,45.16666666666666,17.166666666666668,47.0,14.666666666666666,59.333333333333336,36.78539733333333,-119.77310183333331,29.6,5.749535004524011,11.417131662142657,2122.833333333333,36.43465559869992,4.675136266628677,1.2041454721472102,34.27513626662868
2023-11-23 10:30:00,1700763901.0,44.16666666666666,42.0,44.333333333333336,20.83333333333333,38.5,17.0,51.16666666666666,36.785388000000005,-119.77312583333334,30.1,6.1714643024996345,14.661869030833694,1700.4166666666663,35.48980171709552,3.555012308532987,0.9217486048416833,33.65501230853299
2023-11-23 11:30:00,1700767501.0,36.0,34.333333333333336,36.16666666666666,22.33333333333333,35.0,18.5,46.5,36.7853915,-119.773083,28.3,6.119202744208311,16.21413058912502,1260.0,28.70999273149771,-0.6180691386261934,-0.13033596059521999,27.681930861373807
2023-11-23 12:30:00,1700771101.0,28.33333333333333,26.83333333333333,28.5,23.666666666666668,31.5,19.5,41.333333333333336,36.7853775,-119.77312333333332,16.2,5.761406495049551,17.905260171617115,892.4999999999999,21.952704934465103,5.8775024492147665,1.5072766040744952,22.077502449214766
2023-11-23 13:30:00,1700774701.0,16.333333333333332,14.666666666666666,16.5,23.0,30.0,20.0,36.66666666666666,36.7853845,-119.77313483333334,10.9,4.480902267629907,18.519097732370092,489.99999999999994,11.726005153306948,2.350508805429927,0.6180786284284306,13.250508805429927
2023-11-23 14:30:00,1700778301.0,12.833333333333334,11.833333333333334,13.5,23.0,27.83333333333333,20.0,34.166666666666664,36.7853645,-119.77303833333332,8.9,3.4127150618955007,19.5872849381045,357.1944444444444,8.659619199111463,1.7998075105222906,0.47924013704627566,10.699807510522291
2023-11-23 15:30:00,1700781901.0,17.5,16.5,17.666666666666668,21.83333333333333,30.166666666666668,19.83333333333333,35.833333333333336,36.78537566666667,-119.773079,8.7,3.5493189515868075,18.28401438174652,527.9166666666667,13.140856041431878,5.408401531961532,1.3890105599237408,14.108401531961531
2023-11-23 16:30:00,1700785501.0,25.666666666666668,24.0,25.666666666666668,19.83333333333333,35.333333333333336,18.33333333333333,40.5,36.78536033333334,-119.77304716666669,19.6,4.0491177145653765,15.784215618767952,906.888888888889,20.471207462515647,0.45850609443353463,0.14108174370212256,20.058506094433536
2023-11-23 17:30:00,1700789101.0,31.83333333333333,30.0,32.833333333333336,17.0,42.333333333333336,15.833333333333334,47.833333333333336,36.78538,-119.773084,26.4,4.0961849109557695,12.90381508904423,1347.611111111111,25.953093245339495,-1.8912760562508986,-0.4513269030443123,24.5087239437491
2023-11-23 18:30:00,1700792701.0,45.16666666666666,42.333333333333336,45.66666666666666,14.666666666666666,50.0,14.333333333333334,55.333333333333336,36.78537933333333,-119.7730865,36.1,4.34446897702699,10.322197689639676,2258.333333333333,36.075837692653025,-1.8662221258082425,-0.44501050259634306,34.23377787419176
2023-11-23 19:30:00,1700796301.0,39.0,36.333333333333336,39.833333333333336,14.0,51.833333333333336,14.0,54.833333333333336,36.7853955,-119.77310816666666,27.1,4.243357624441377,9.756642375558624,2021.5,31.177317050740974,2.5617825360341797,0.6713433043916386,29.66178253603418
2023-11-23 20:30:00,1700799901.0,19.666666666666668,18.83333333333333,19.83333333333333,13.333333333333334,56.0,12.833333333333334,60.833333333333336,36.785427166666665,-119.77308416666666,11.7,4.7300766747441925,8.603256658589142,1101.3333333333335,16.564532269298407,3.649756304310939,0.9456347179904354,15.349756304310938
2023-11-23 21:30:00,1700803501.0,23.0,22.0,23.0,12.166666666666666,61.5,12.0,66.66666666666667,36.785384666666666,-119.773117,24.8,4.979100682268574,7.187565984398092,1414.5,18.777290796145063,-7.06838051515582,-1.7565378757600034,17.73161948484418
2023-11-23 22:30:00,1700807101.0,23.33333333333333,22.33333333333333,23.5,11.5,65.0,11.166666666666666,70.0,36.7853775,-119.773135,19.6,5.143225750370895,6.356774249629105,1516.6666666666663,18.765982909756254,-1.6708632829987948,-0.39575816332523894,17.929136717001207
2023-11-23 23:30:00,1700810701.0,31.5,29.666666666666668,31.5,9.666666666666666,70.5,9.333333333333334,76.83333333333333,36.78538116666667,-119.773098,23.1,4.557699954099462,5.108966712567204,2220.75,24.035213130473174,0.7746459025357808,0.22078443267096085,23.874645902535782
2023-11-24 00:30:00,1700814301.0,33.333333333333336,31.5,33.333333333333336,8.333333333333334,75.33333333333333,8.166666666666666,80.66666666666667,36.785394,-119.77309666666667,23.6,4.220956634031608,4.112376699301726,2511.1111111111113,24.779577173575674,1.559740731943478,0.4187163836484443,25.15974073194348
2023-11-24 01:30:00,1700817901.0,35.833333333333336,34.166666666666664,35.833333333333336,7.666666666666667,77.83333333333333,7.5,82.83333333333333,36.78536416666667,-119.77307866666666,27.9,4.040574788793204,3.6260918778734625,2789.027777777778,26.315930323297714,-0.9314594200865898,-0.2093454604713515,26.96854057991341
2023-11-24 02:30:00,1700821501.0,35.166666666666664,33.5,35.166666666666664,7.0,79.0,7.0,83.66666666666667,36.7853445,-119.77306866666667,27.5,3.604260113982316,3.395739886017684,2778.1666666666665,25.667488214453485,-1.0390806193678017,-0.23647807317284839,26.4609193806322
2023-11-24 03:30:00,1700825101.0,30.166666666666668,29.0,30.166666666666668,6.5,79.16666666666667,6.333333333333333,84.16666666666667,36.785382000000006,-119.77308783333332,25.0,3.147564346534795,3.352435653465205,2388.194444444445,22.23518025054937,-2.2279086578378866,-0.5361960743837881,22.772091342162113
2023-11-24 04:30:00,1700828701.0,28.83333333333333,27.5,28.83333333333333,5.666666666666667,81.16666666666667,5.5,86.16666666666667,36.785380833333335,-119.77312233333332,23.8,2.6878283108399974,2.9788383558266696,2340.305555555555,20.932193619759342,-2.038555679462867,-0.4884578865505549,21.761444320537134
2023-11-24 05:30:00,1700832301.0,18.5,17.333333333333332,18.5,5.666666666666667,77.33333333333333,5.833333333333333,81.0,36.7854235,-119.77308283333332,12.2,2.007336541372907,3.65933012529376,1430.6666666666665,14.029506654499006,1.995461765314797,0.5285669532696647,14.195461765314796
2023-11-24 06:30:00,1700835901.0,10.5,9.833333333333334,10.5,6.0,70.66666666666667,6.0,74.5,36.785377,-119.77308666666666,6.8,1.0695780104779857,4.9304219895220145,742.0,9.00298035292491,1.5889207440612934,0.4260730194479479,8.388920744061293
2023-11-24 07:30:00,1700839501.0,7.0,6.833333333333333,7.0,6.5,66.0,6.5,71.16666666666667,36.7854225,-119.773102,2.5,0.5989505038569358,5.901049496143064,462.0,7.065700356687872,4.4175311662938554,1.1392000946193912,6.9175311662938554
2023-11-24 08:30:00,1700843101.0,4.333333333333333,4.333333333333333,4.333333333333333,9.333333333333334,55.0,8.333333333333334,63.16666666666666,36.78540483333333,-119.7731185,1.3,0.7416011747475416,8.591732158585792,238.33333333333331,5.257269453142498,3.8682117218696597,1.0007099845434193,5.1682117218696595
2023-11-24 09:30:00,1700846701.0,5.166666666666667,4.833333333333333,5.166666666666667,13.0,45.5,10.333333333333334,57.5,36.785356166666666,-119.77309316666668,0.0,1.4838449425212983,11.516155057478702,235.08333333333334,6.225760534525431,6.181446666325016,1.583904636291116,6.181446666325016
2023-11-24 10:30:00,1700850301.0,9.333333333333334,8.666666666666666,9.333333333333334,16.5,39.16666666666666,12.833333333333334,51.66666666666666,36.78538566666666,-119.77311716666668,7.6,2.5442681386281567,13.955731861371843,365.5555555555555,9.772590598205348,2.1630038470368316,0.5708063488992218,9.763003847036831
2023-11-24 11:30:00,1700853901.0,11.166666666666666,10.666666666666666,11.166666666666666,19.0,33.666666666666664,14.666666666666666,46.16666666666666,36.78541933333333,-119.77312083333334,7.9,2.6295949210952547,16.370405078904746,375.9444444444444,8.873610977017591,1.4905449641167259,0.40127128935879425,9.390544964116726
2023-11-24 12:30:00,1700857501.0,11.666666666666666,11.0,11.666666666666666,20.0,31.666666666666668,16.0,43.333333333333336,36.78534666666667,-119.77302183333332,8.0,2.641831988211051,17.358168011788948,369.44444444444446,8.844212810378233,1.78677026074147,0.4759532878812577,9.78677026074147
2023-11-24 13:30:00,1700861101.0,11.666666666666666,11.333333333333334,11.666666666666666,19.83333333333333,31.666666666666668,16.166666666666668,41.16666666666666,36.78536666666667,-119.7730915,7.0,2.496424072747376,17.33690926058595,369.44444444444446,8.997298525271242,2.78677026074147,0.7280654449907502,9.78677026074147
2023-11-24 14:30:00,1700864701.0,12.666666666666666,12.166666666666666,12.666666666666666,20.0,31.0,16.5,40.333333333333336,36.785342,-119.77310433333332,7.1,2.342198058651834,17.657801941348165,392.66666666666663,9.647981626955174,3.4332670846166167,0.891055153822349,10.533267084616616
2023-11-24 15:30:00,1700868301.0,12.333333333333334,12.0,12.333333333333334,19.0,33.166666666666664,16.0,42.0,36.785358,-119.773065,6.4,2.4188285202391056,16.581171479760894,409.05555555555554,9.84768789805505,3.8576284445231988,0.9980418116623151,10.257628444523199
2023-11-24 16:30:00,1700871901.0,12.833333333333334,12.333333333333334,12.833333333333334,16.5,38.16666666666666,15.166666666666666,44.833333333333336,36.7853955,-119.77310683333332,4.0,2.1804358859853092,14.31956411401469,489.80555555555543,10.933408297095799,6.557350825461816,1.6786746447175247,10.557350825461816
2023-11-24 17:30:00,1700875501.0,15.166666666666666,14.166666666666666,15.166666666666666,13.5,48.333333333333336,12.833333333333334,54.333333333333336,36.78539283333333,-119.773113,9.4,2.7896656105405797,10.71033438945942,733.0555555555555,13.171173166916159,2.7375726588706986,0.715662131458496,12.137572658870699
2023-11-24 18:30:00,1700879101.0,21.5,20.5,21.666666666666668,11.333333333333334,56.5,11.166666666666666,61.66666666666666,36.7854645,-119.77313483333334,18.2,2.9871428568238314,8.346190476509502,1214.75,18.015447493560266,-1.5054089660947092,-0.3540451185874724,16.69459103390529
2023-11-24 19:30:00,1700882701.0,37.833333333333336,36.0,38.16666666666666,10.0,62.16666666666666,9.666666666666666,67.16666666666667,36.78539033333333,-119.77314516666668,33.7,3.0847029179870904,6.915297082012909,2351.972222222222,29.819156868077688,-5.0408645640266165,-1.2453764557469158,28.659135435973386
2023-11-24 20:30:00,1700886301.0,38.66666666666666,36.66666666666666,39.0,8.666666666666666,66.83333333333333,9.0,70.66666666666667,36.785401666666665,-119.77309683333334,34.3,2.8410319564704802,5.825634710196185,2584.2222222222213,29.850832401854323,-5.090778116150474,-1.2579602690418588,29.209221883849523
2023-11-24 21:30:00,1700889901.0,44.0,41.5,44.66666666666666,7.5,70.5,7.833333333333333,74.16666666666667,36.785373166666666,-119.773135,37.0,2.47736710980541,5.02263289019459,3102.0,33.14613229248737,-3.9090282224607833,-0.9600267541798373,33.09097177753922
2023-11-24 22:30:00,1700893501.0,54.5,51.333333333333336,55.333333333333336,6.666666666666667,73.5,6.5,77.33333333333333,36.78539516666667,-119.77316166666668,39.7,2.261396826073629,4.4052698405930375,4005.75,40.15668297961479,1.091327120105177,0.3006236175484418,40.79132712010518
2023-11-24 23:30:00,1700897101.0,51.833333333333336,49.0,52.66666666666666,5.833333333333333,77.0,5.833333333333333,80.83333333333333,36.78539416666667,-119.7731195,36.9,2.1084789734297193,3.7248543599036137,3991.166666666667,37.68830022047533,1.8769261422613894,0.4986826816473524,38.77692614226139
2023-11-25 00:30:00,1700900701.0,50.833333333333336,47.833333333333336,51.0,5.0,78.83333333333333,5.0,82.66666666666667,36.785345166666666,-119.773122,37.7,1.6284503527710932,3.371549647228907,4007.361111111111,36.56066842837622,0.31434549910521525,0.10473710504371135,38.01434549910522
2023-11-25 01:30:00,1700904301.0,56.833333333333336,53.5,57.0,4.5,81.33333333333333,4.666666666666667,85.66666666666667,36.785389,-119.77310216666666,40.9,1.5775371700968397,2.9224628299031603,4622.444444444444,40.25619105544919,1.5037165920761097,0.4045920168962782,42.40371659207611
2023-11-25 02:30:00,1700907901.0,63.0,59.5,64.0,4.0,81.83333333333333,4.0,86.16666666666667,36.78536233333333,-119.77312983333331,44.7,1.1746112037280478,2.825388796271952,5155.5,44.517432824378865,2.243544291671654,0.5911115741306644,46.94354429167166
2023-11-25 03:30:00,1700911501.0,56.333333333333336,53.16666666666666,56.5,3.5,83.0,3.5,88.0,36.78540683333333,-119.77311833333334,39.5,0.8825531374249512,2.617446862575049,4675.666666666667,39.62530821097203,2.5120866723888042,0.6588143730085838,42.012086672388804
2023-11-25 04:30:00,1700915101.0,49.5,46.66666666666666,49.66666666666666,3.0,83.83333333333333,3.0,88.5,36.7853995,-119.77310566666668,33.1,0.5314671301869651,2.4685328698130347,4149.75,34.71475705671196,3.8623400850433356,0.9992296735173712,36.96234008504334
2023-11-25 05:30:00,1700918701.0,46.66666666666666,44.333333333333336,46.833333333333336,3.0,85.0,3.0,89.66666666666667,36.78538116666667,-119.7730965,29.9,0.7231478796964831,2.276852120303517,3966.666666666666,32.66411458126088,4.95722240076153,1.2752628159141217,34.85722240076153
2023-11-25 06:30:00,1700922001.0,47.4,44.8,47.6,3.0,84.8,3.0,89.2,36.7853578,-119.7730622,28.7,0.6904545769976546,2.3095454230023456,4019.5199999999995,33.1182805849339,6.700670744924199,1.714807338769945,35.4006707449242
2023-11-25 08:30:00,1700930101.0,35.75,34.25,35.75,8.25,67.25,7.5,74.5,36.78540575,-119.7730865,24.1,2.530926691770023,5.7190733082299765,2404.1875,27.820063417113364,2.953001625176931,0.7699743928578284,27.053001625176933
2023-11-25 09:30:00,1700933101.0,30.166666666666668,29.0,30.166666666666668,13.333333333333334,48.5,10.333333333333334,62.16666666666666,36.785411333333336,-119.77307283333332,22.0,2.685159230422873,10.648174102910462,1463.0833333333335,25.038283761117505,1.1948660204061028,0.32672703304805284,23.194866020406103
2023-11-25 10:30:00,1700936701.0,24.33333333333333,23.0,24.33333333333333,16.666666666666668,39.333333333333336,12.666666666666666,52.5,36.78544616666667,-119.77304066666666,16.5,2.7534032459510875,13.91326342071558,957.111111111111,20.044384646190075,2.5202868111839507,0.6608817276888254,19.02028681118395
2023-11-25 11:30:00,1700940301.0,24.5,23.166666666666668,24.5,19.166666666666668,34.666666666666664,14.833333333333334,47.66666666666666,36.78541833333333,-119.77301816666666,18.8,3.1899306426110874,15.97673602405558,849.3333333333333,19.662436132544325,0.40750643330808245,0.1282241091239317,19.207506433308083
2023-11-25 12:30:00,1700943901.0,23.33333333333333,22.166666666666668,23.33333333333333,20.666666666666668,32.0,16.0,44.16666666666666,36.78540683333333,-119.7730535,16.3,3.3717706326966006,17.29489603397007,746.6666666666665,18.332405893122036,2.084079033807239,0.5509084439864453,18.38407903380724
2023-11-25 13:30:00,1700947501.0,23.666666666666668,22.5,23.666666666666668,20.5,31.33333333333333,16.833333333333332,40.833333333333336,36.78541366666666,-119.77307383333331,15.4,2.9283418346454946,17.571658165354506,741.5555555555554,18.551513079732448,3.239038477682202,0.842087760755742,18.639038477682202
2023-11-25 14:30:00,1700951101.0,23.0,21.666666666666668,23.0,21.0,30.0,17.5,39.0,36.78545616666667,-119.773075,9.7,2.7486680873284906,18.25133191267151,690.0,17.69228439526555,8.465882605431759,2.159838708677766,18.165882605431758
2023-11-25 15:30:00,1700954701.0,18.666666666666668,17.833333333333332,18.83333333333333,20.166666666666668,30.5,17.0,38.0,36.785411833333335,-119.7730625,10.7,2.258476553023172,17.908190113643496,569.3333333333334,14.437593492029588,4.263996570024418,1.1004921563629684,14.963996570024417
2023-11-27 16:30:00,1701131101.0,6.0,5.833333333333333,6.0,18.5,27.666666666666668,17.333333333333332,31.33333333333333,36.7853915,-119.7730765,2.8,-0.5365806621379785,19.03658066213798,166.0,7.542190245295952,4.6952114774939275,1.2092066768628766,7.495211477493927
2023-11-27 17:30:00,1701134701.0,7.5,7.0,7.5,14.5,37.66666666666666,13.833333333333334,41.833333333333336,36.78540816666666,-119.77310066666666,9.5,0.2118084964196187,14.288191503580382,282.49999999999994,8.367617250751142,-1.158288749038915,-0.2665318918892209,8.341711250961085
2023-11-27 18:30:00,1701138301.0,8.5,8.333333333333334,8.833333333333334,11.833333333333334,44.833333333333336,12.0,48.66666666666666,36.785363,-119.77313466666668,9.4,0.215321648533399,11.618011684799935,381.08333333333337,9.04714407545588,-0.5119873587302894,-0.10359145423564928,8.888012641269711
2023-11-27 19:30:00,1701141901.0,15.5,14.666666666666666,15.666666666666666,10.333333333333334,51.333333333333336,10.333333333333334,55.333333333333336,36.78538,-119.7731565,11.7,0.7132381469278142,9.62009518640552,795.6666666666667,13.679598944366086,0.6419829564338784,0.18733849116070989,12.341982956433878
2023-11-27 20:30:00,1701145501.0,40.333333333333336,38.0,41.16666666666666,8.833333333333334,55.833333333333336,8.666666666666666,60.16666666666666,36.78539716666666,-119.77313616666667,36.6,0.4831630842785426,8.350170249054791,2251.944444444445,32.32168847377308,-6.010287227214665,-1.4897796945140835,30.589712772785337
2023-11-27 21:30:00,1701149101.0,39.5,37.0,40.16666666666666,7.833333333333333,61.0,7.666666666666667,65.66666666666667,36.7853745,-119.77312733333332,38.1,0.7709791576263375,7.062354175706996,2409.5,31.077071880473476,-8.195937294745136,-2.0408086477256986,29.904062705254866
2023-11-27 22:30:00,1701152701.0,49.833333333333336,46.833333333333336,50.833333333333336,6.666666666666667,64.5,6.833333333333333,69.0,36.7853775,-119.77311066666664,37.8,0.43905597321693746,6.22761069344973,3214.25,38.313110861211214,-0.3253593625853597,-0.056540267550529,37.47464063741464
2023-11-27 23:30:00,1701156301.0,38.0,35.833333333333336,38.5,5.666666666666667,67.16666666666667,5.5,71.66666666666667,36.78540366666667,-119.77311183333336,31.4,0.04611300857900508,5.620553658087662,2552.3333333333335,29.362607121605866,-2.6869108730880846,-0.6519161129885511,28.713089126911914
2023-11-28 00:30:00,1701159901.0,46.833333333333336,44.0,47.66666666666666,5.0,70.5,5.333333333333333,73.5,36.78537683333334,-119.77314,31.0,0.07608712818334272,4.923912871816658,3301.75,35.21168964555099,4.180005642539996,1.0793170224572437,35.180005642539996
2023-11-28 01:30:00,1701163501.0,35.833333333333336,33.833333333333336,36.66666666666666,5.0,70.5,4.833333333333333,74.83333333333333,36.785395,-119.77310566666668,26.7,0.07608712818334272,4.923912871816658,2526.25,27.363179913453827,0.36963887253697436,0.11867723669345283,27.069638872536974
2023-11-28 02:30:00,1701167101.0,29.666666666666668,27.83333333333333,30.166666666666668,4.0,71.0,3.8333333333333335,75.83333333333333,36.78533633333333,-119.773126,21.5,-0.7878509843525122,4.787850984352512,2106.3333333333335,22.81373483582867,1.016025042129126,0.28163904823507235,22.516025042129126
2023-11-28 03:30:00,1701170701.0,24.33333333333333,23.166666666666668,24.666666666666668,4.0,71.0,4.0,74.66666666666667,36.78534633333333,-119.77310933333332,21.3,-0.7878509843525122,4.787850984352512,1727.6666666666663,19.119674126197186,-2.716273997872346,-0.6593189137173864,18.583726002127655
2023-11-28 04:30:00,1701174301.0,16.5,15.5,16.666666666666668,4.0,69.0,4.333333333333333,73.5,36.78537833333333,-119.77309783333334,10.6,-1.1789219341311359,5.178921934131136,1138.5,13.566834174103603,2.235734048750116,0.5891425169401663,12.835734048750115
2023-11-28 05:30:00,1701177901.0,15.833333333333334,14.833333333333334,16.0,3.333333333333333,71.83333333333333,3.1666666666666665,77.16666666666667,36.78538966666667,-119.773121,10.3,-1.2697460535283034,4.603079386861636,1137.361111111111,12.81281341908529,2.0051359647817364,0.5310059365655824,12.305135964781737
2023-11-28 06:30:00,1701180001.0,17.0,16.0,17.0,3.0,73.0,3.0,77.0,36.7854,-119.772972,14.0,-1.3711558621149271,4.371155862114927,1241.0,13.563690473400905,-0.8507574394989632,-0.18899951006239657,13.149242560501037
2023-11-28 09:30:00,1701192301.0,13.333333333333334,12.666666666666666,13.333333333333334,15.333333333333334,33.833333333333336,13.0,41.16666666666666,36.78542516666667,-119.773107,9.3,-0.5283733537125342,15.861706687045869,451.11111111111114,11.029409218089818,1.685743760648604,0.450483279017623,10.985743760648605
2023-11-28 10:30:00,1701195901.0,15.0,14.333333333333334,15.333333333333334,19.83333333333333,26.5,16.166666666666668,33.833333333333336,36.78536416666667,-119.77310966666666,7.4,0.01336108618762861,19.8199722471457,397.5,10.772247790074736,4.915685503272625,1.264790859088558,12.315685503272626
2023-11-28 11:30:00,1701199501.0,14.666666666666666,13.833333333333334,14.666666666666666,22.666666666666668,22.83333333333333,18.0,30.5,36.7854175,-119.77308016666666,7.0,0.35526446652437543,22.311402200142293,334.8888888888888,9.126846639985516,5.120465959584315,1.3164185016631644,12.120465959584315
2023-11-28 12:30:00,1701203101.0,15.333333333333334,14.5,15.5,24.33333333333333,20.166666666666668,19.666666666666668,27.0,36.78540733333333,-119.77317033333333,14.0,0.027002255270387587,24.30633107806294,309.22222222222223,8.587892474273687,-1.3512336449160252,-0.31517564579206553,12.648766355083975
2023-11-28 13:30:00,1701206701.0,10.833333333333334,9.833333333333334,10.833333333333334,24.33333333333333,18.166666666666668,20.5,22.83333333333333,36.78540433333333,-119.77310083333332,7.8,-1.405918647608343,25.73925198094167,196.80555555555557,3.8552349184625676,1.5584613017073474,0.41839382373174233,9.358461301707347
2023-11-28 14:30:00,1701210301.0,8.666666666666666,8.0,8.666666666666666,25.0,17.0,20.83333333333333,21.83333333333333,36.78538133333333,-119.77309416666668,6.2,-1.7674861234319752,26.767486123431976,147.33333333333331,9.786909932010316,3.825908575373366,0.9900448470277199,10.025908575373366
2023-11-28 15:30:00,1701213901.0,8.666666666666666,8.333333333333334,8.666666666666666,23.33333333333333,17.666666666666668,20.0,21.83333333333333,36.7854055,-119.77310433333334,4.4,-2.600479765861945,25.933813099195273,153.11111111111111,9.862892385433714,5.601866186036281,1.4377853511869674,10.001866186036281
2023-11-28 16:30:00,1701217501.0,9.333333333333334,8.833333333333334,9.333333333333334,19.83333333333333,23.33333333333333,18.33333333333333,26.5,36.78537566666667,-119.77308283333332,5.1,-1.7301908405100217,21.56352417384335,217.77777777777774,10.235094880186153,5.234010593792588,1.3450444843216203,10.334010593792588
2023-11-28 17:30:00,1701221101.0,15.833333333333334,14.833333333333334,16.0,16.0,30.0,15.5,33.166666666666664,36.78541383333333,-119.77303466666666,15.9,-1.5898589109364414,17.589858910936442,475.0,12.43488188965763,-3.0181442295702094,-0.735424068997877,12.881855770429791
2023-11-28 18:30:00,1701224701.0,21.166666666666668,20.0,21.33333333333333,13.5,36.333333333333336,13.0,39.333333333333336,36.785393,-119.77316416666667,23.2,-1.1740260187854838,14.674026018785483,769.0555555555557,17.694849361652874,-6.473157351380003,-1.6064748799789454,16.726842648619996
2023-11-28 20:30:00,1701231901.0,31.33333333333333,29.166666666666668,31.666666666666668,10.0,48.333333333333336,9.833333333333334,52.333333333333336,36.78537116666667,-119.77311066666668,26.7,-0.4261084424604724,10.426108442460473,1514.4444444444443,25.823584063510594,-2.6426458761248597,-0.6407563691197073,24.05735412387514
2023-11-28 21:30:00,1701235501.0,41.333333333333336,39.0,42.0,8.833333333333334,54.0,8.833333333333334,57.66666666666666,36.78539516666667,-119.77318433333332,37.4,0.02153407752882326,8.81179925580451,2232.0,33.29095584256886,-6.047706584058499,-1.4992135692856325,31.3522934159415
2023-11-28 22:30:00,1701239101.0,40.0,37.5,40.66666666666666,7.666666666666667,56.0,7.666666666666667,60.16666666666666,36.78538633333333,-119.77316033333334,35.0,-0.5666935330526623,8.233360199719328,2240.0,32.04817516567283,-4.658353605683477,-1.1489407929210076,30.341646394316523
2023-11-28 23:30:00,1701242701.0,27.5,26.0,28.0,7.333333333333333,55.0,7.666666666666667,58.0,36.78538,-119.773083,25.5,-1.12508679339675,8.458420126730083,1512.5,22.82751185998208,-4.360893349874608,-1.0739474461746923,21.13910665012539
2023-11-29 00:30:00,1701246301.0,22.0,20.666666666666668,22.166666666666668,6.833333333333333,55.333333333333336,6.833333333333333,58.833333333333336,36.785359666666665,-119.7731105,16.7,-1.5096047181497703,8.342938051483102,1217.3333333333335,18.614919650688336,0.3793278881864488,0.12111995532910946,17.079327888186448
2023-11-29 01:30:00,1701249901.0,20.5,19.166666666666668,20.83333333333333,5.833333333333333,57.66666666666666,5.666666666666667,62.16666666666666,36.785325666666665,-119.773121,17.4,-1.884281407854707,7.71761474118804,1182.1666666666665,17.350517890427586,-1.4587988553760045,-0.3422941430310675,15.941201144623994
2023-11-29 02:30:00,1701253501.0,20.5,19.0,21.0,5.0,61.333333333333336,4.833333333333333,66.5,36.785376166666666,-119.773088,17.4,-1.831934986959103,6.831934986959103,1257.3333333333335,17.043232520675957,-1.509348001687787,-0.35503819734777425,15.890651998312212
2023-11-29 03:30:00,1701257101.0,18.0,16.666666666666668,18.166666666666668,4.666666666666667,63.333333333333336,4.333333333333333,67.83333333333333,36.7854475,-119.773093,7.8,-1.7114224731386984,6.378089139805366,1140.0,15.050509854770988,6.219814561686916,1.5935776491545561,14.019814561686916
2023-11-29 04:30:00,1701260701.0,16.333333333333332,15.333333333333334,16.5,4.0,63.0,4.0,66.5,36.78538516666666,-119.77315016666668,7.6,-2.415648375126941,6.415648375126941,1029.0,13.974962440169872,5.195566488623893,1.3353522580393962,12.795566488623892
2023-11-29 05:30:00,1701264001.0,15.8,15.0,16.2,4.0,64.8,4.0,69.0,36.7854058,-119.7731126,9.1,-2.0340296683103474,6.034029668310348,1023.84,13.501263774257763,3.2775215491616,0.8517898109186118,12.3775215491616
2023-11-29 09:30:00,1701279300.0,10.333333333333334,10.0,10.333333333333334,14.666666666666666,39.333333333333336,12.166666666666666,48.16666666666666,36.78535883333333,-119.77315,7.3,0.9611536663462575,13.705513000320408,406.4444444444445,9.211921341771871,1.3980018311801077,0.3779400404884729,8.698001831180108
2023-11-29 10:30:00,1701282900.0,11.666666666666666,11.166666666666666,11.666666666666666,19.0,32.5,15.5,41.66666666666666,36.78537116666667,-119.77309916666668,5.9,2.1333869061414794,16.866613093858522,379.16666666666663,9.142230628330799,3.875281818397884,1.0024924418301224,9.775281818397884
2023-11-29 11:30:00,1701286500.0,13.666666666666666,12.833333333333334,14.0,21.666666666666668,28.666666666666668,17.0,38.5,36.785386333333335,-119.7731375,7.4,2.6833923663103447,18.983274300356324,391.77777777777777,9.760251516381606,3.9027407931789337,1.009415183194188,11.302740793178934
2023-11-29 13:30:00,1701293700.0,11.666666666666666,11.166666666666666,11.833333333333334,21.83333333333333,30.33333333333333,18.83333333333333,38.0,36.785403,-119.77303166666668,8.7,3.6276016798434068,18.20573165348992,353.8888888888888,8.484202125208427,1.1051517684912096,0.3041089794743247,9.805151768491209
2023-11-29 14:30:00,1701297300.0,7.5,7.166666666666667,7.5,22.5,31.666666666666668,18.5,41.0,36.78537016666667,-119.77312983333331,5.6,4.821493342628391,17.67850665737161,237.5,8.572095442434431,2.958092754994846,0.7712579285783474,8.558092754994846
2023-11-29 15:30:00,1701300900.0,7.833333333333333,7.333333333333333,7.833333333333333,20.666666666666668,33.666666666666664,18.0,41.16666666666666,36.7853895,-119.7731335,2.5,4.094001344078089,16.572665322588577,263.7222222222222,8.745945290042549,6.254217945544353,1.6022511604707204,8.754217945544353
2023-11-29 16:30:00,1701304500.0,11.5,10.5,11.5,18.0,38.16666666666666,16.333333333333332,44.16666666666666,36.78538366666667,-119.773178,3.2,3.519104964955953,14.480895035044046,438.9166666666666,9.492135404498804,6.374276065461449,1.6325192720615296,9.574276065461449
2023-11-29 17:30:00,1701308100.0,13.0,12.0,13.166666666666666,15.166666666666666,44.16666666666666,14.333333333333334,49.333333333333336,36.78536716666667,-119.773117,2.7,3.0378786903403467,12.128787976326318,574.1666666666665,11.267429926732872,7.897518385588037,2.0165471791891116,10.597518385588037
2023-11-29 18:30:00,1701311700.0,18.33333333333333,17.0,18.666666666666668,13.333333333333334,46.833333333333336,13.166666666666666,51.333333333333336,36.78529683333333,-119.77312333333332,12.9,2.192934908075106,11.140398425258228,858.611111111111,15.584081383347272,1.593054410090021,0.4271151669072206,14.493054410090021
2023-11-29 19:30:00,1701315300.0,28.33333333333333,26.5,29.0,12.166666666666666,52.833333333333336,11.833333333333334,57.66666666666666,36.78537566666667,-119.77309016666668,22.0,2.815570033536676,9.351096633129991,1496.9444444444443,23.183254975248794,-0.21660167478105308,-0.02912113227594452,21.783398325218947
2023-11-29 20:30:00,1701318900.0,27.5,26.0,28.166666666666668,11.0,60.333333333333336,10.5,65.33333333333333,36.785365,-119.77308383333332,18.4,3.604602858835042,7.395397141164958,1659.1666666666667,22.18231238396358,2.665580619126441,0.6975120630238589,21.06558061912644
2023-11-29 21:30:00,1701322500.0,33.166666666666664,31.33333333333333,34.166666666666664,10.0,65.33333333333333,9.833333333333334,70.83333333333333,36.78534183333333,-119.77314116666668,27.1,3.789752210946239,6.210247789053761,2166.8888888888887,25.90160252563257,-1.9252823049335284,-0.4599002917548919,25.174717695066473
2023-11-29 22:30:00,1701326100.0,33.166666666666664,31.166666666666668,33.833333333333336,9.0,69.16666666666667,9.0,74.0,36.78537833333333,-119.77313733333334,22.4,3.645960939636685,5.354039060363315,2294.027777777778,25.406194685467256,2.721870860285975,0.7117035171468026,25.121870860285973
2023-11-29 23:30:00,1701329700.0,33.5,31.166666666666668,33.833333333333336,8.333333333333334,70.0,7.666666666666667,76.33333333333333,36.785354000000005,-119.77308283333332,20.5,3.176749439488977,5.156583893844357,2345.0,25.438423216587342,4.85615110794248,1.2497815142596658,25.35615110794248
2023-11-30 00:30:00,1701333300.0,34.0,32.0,34.833333333333336,7.166666666666667,70.83333333333333,7.0,76.5,36.7854015,-119.77312233333332,24.0,2.2235147837472335,4.943151882919434,2408.333333333333,25.874785225803123,1.7133157005990292,0.457434500274218,25.71331570059903
2023-11-30 01:30:00,1701336900.0,31.5,29.666666666666668,31.83333333333333,6.5,72.16666666666667,6.0,78.66666666666667,36.7854,-119.77313866666668,18.9,1.8438391362993105,4.6561608637006895,2273.25,23.929879638891315,4.951669017848609,1.27386274056869,23.851669017848607
2023-11-30 02:30:00,1701340500.0,32.833333333333336,30.666666666666668,33.166666666666664,5.333333333333333,75.5,5.0,81.5,36.785358,-119.77309433333332,17.1,1.3485424125650685,3.9847909207682646,2478.916666666667,24.345091959115358,7.688790008474626,1.9639242177850862,24.788790008474628
2023-11-30 03:30:00,1701344100.0,36.833333333333336,34.333333333333336,37.5,5.0,76.33333333333333,5.0,81.5,36.78538133333333,-119.773093,21.5,1.178646079852323,3.821353920147677,2811.6111111111113,27.019286331570836,6.226525846132141,1.595269645553017,27.72652584613214
2023-11-30 04:30:00,1701347400.0,35.6,33.4,36.2,5.0,76.6,5.0,82.6,36.7853678,-119.7730908,21.1,1.2272419008592508,3.7727580991407494,2726.96,26.197154992746942,5.713505391581851,1.4659309521150512,26.813505391581852
2023-11-30 09:30:00,1701366301.0,22.0,20.5,22.0,11.5,57.5,11.0,63.5,36.7853335,-119.7731095,16.6,3.3916779394249326,8.108322060575068,1265.0,18.130998674775306,0.44945793809312207,0.13880059348927723,17.049457938093123
2023-11-30 10:30:00,1701368701.0,17.0,16.0,17.0,15.166666666666666,46.333333333333336,12.833333333333334,56.66666666666666,36.7853845,-119.7731285,11.8,3.7171671203640186,11.449499546302647,787.6666666666667,14.50681208827327,1.7168727154958106,0.45833126697271614,13.516872715495811
2023-11-30 11:30:00,1701372301.0,17.166666666666668,16.5,17.166666666666668,19.166666666666668,36.5,15.333333333333334,47.833333333333336,36.785382,-119.77312466666666,8.6,3.9219404931313138,15.244726173535355,626.5833333333334,14.027077903154396,5.175320680150181,1.3302480435926631,13.77532068015018
2023-11-30 12:30:00,1701375901.0,19.0,18.0,19.0,20.666666666666668,32.833333333333336,17.0,42.5,36.785366833333335,-119.77311566666668,10.7,3.7369409707432615,16.929725695923405,623.8333333333334,14.88913132721,4.477597621462467,1.1543435782018705,15.177597621462466
2023-11-30 13:30:00,1701379501.0,15.666666666666666,14.833333333333334,15.833333333333334,19.5,34.833333333333336,17.166666666666668,42.66666666666666,36.785411833333335,-119.77305866666666,13.6,3.5519755824810963,15.948024417518903,545.7222222222223,12.538471684844037,-0.9076615401630601,-0.20334572562919775,12.69233845983694
2023-11-30 14:30:00,1701383101.0,7.5,7.0,7.5,20.33333333333333,37.333333333333336,17.666666666666668,45.833333333333336,36.785414333333335,-119.77317566666666,8.0,5.281396231940601,15.051937101392728,280.0,8.36283960990932,0.35373244562962824,0.11466703309393733,8.353732445629628
2023-11-30 15:30:00,1701386701.0,7.0,6.833333333333333,7.0,19.33333333333333,39.0,17.333333333333332,46.66666666666666,36.78536233333333,-119.77308766666664,7.5,5.0183832260885115,14.314950107244817,273.0,7.985741686354766,0.3912479344457749,0.1241251439043931,7.891247934445775
2023-11-30 16:30:00,1701390301.0,7.333333333333333,7.0,7.333333333333333,17.0,45.333333333333336,15.833333333333334,52.0,36.78537116666666,-119.77307633333334,7.6,5.076877721542548,11.923122278457452,332.44444444444446,8.014573155314054,0.331097594304234,0.10896051190043954,7.931097594304234
2023-11-30 17:30:00,1701393901.0,10.0,9.5,10.0,15.166666666666666,50.5,14.5,55.833333333333336,36.785344,-119.7731425,14.7,4.948050529282881,10.218616137383785,505.0,10.026890576419254,-4.8092120545720825,-1.1869740418885062,9.890787945427917
2023-11-30 18:30:00,1701397501.0,9.5,9.166666666666666,9.5,14.0,52.833333333333336,14.0,57.16666666666666,36.78538266666666,-119.773131,10.5,4.516606533905254,9.483393466094746,501.9166666666667,9.579935260691315,-1.0957389550930188,-0.2507623284107667,9.404261044906981
2023-11-30 19:30:00,1701401101.0,11.333333333333334,10.666666666666666,11.333333333333334,13.333333333333334,55.66666666666666,12.666666666666666,62.66666666666666,36.785404166666666,-119.77312466666666,9.9,4.64449357464004,8.688839758693295,630.8888888888888,10.162683724604987,-0.6898655687539179,-0.14843671346748158,9.210134431246082
2023-11-30 20:30:00,1701404701.0,17.166666666666668,16.333333333333332,17.166666666666668,12.0,61.16666666666666,11.666666666666666,65.66666666666667,36.785400333333335,-119.773154,18.4,4.743715470541978,7.256284529458022,1050.0277777777776,14.413555245406943,-4.964737213219983,-1.2261838251200246,13.435262786780015
2023-11-30 21:30:00,1701408301.0,12.833333333333334,12.166666666666666,12.833333333333334,12.0,59.16666666666666,12.0,64.5,36.7853215,-119.77311583333334,9.6,4.267855931152923,7.732144068847077,759.3055555555554,11.265656126166736,0.6678420784034316,0.19385789018141142,10.267842078403431
2023-11-30 22:30:00,1701411901.0,8.666666666666666,8.333333333333334,8.666666666666666,12.0,62.5,11.666666666666666,67.83333333333333,36.7853705,-119.77314883333334,9.9,5.053367866711231,6.946632133288769,541.6666666666666,8.564457149685753,-1.5149844968826471,-0.35645922630988774,8.385015503117353
2023-11-30 23:30:00,1701415501.0,11.333333333333334,10.833333333333334,11.333333333333334,11.166666666666666,65.5,10.833333333333334,71.5,36.785335833333335,-119.77309283333334,8.1,4.936338465089903,6.230328201576763,742.3333333333334,9.870313693187567,0.9745708115917591,0.2711879327529826,9.074570811591759
2023-12-01 00:30:00,1701419101.0,7.166666666666667,6.666666666666667,7.166666666666667,11.0,68.0,10.833333333333334,72.66666666666667,36.78539733333333,-119.77320216666668,3.8,5.316254553969812,5.683745446030188,487.33333333333337,7.0490327814879326,3.1795301775629827,0.8270849948467666,6.9795301775629826
2023-12-01 01:30:00,1701422701.0,6.166666666666667,5.833333333333333,6.166666666666667,9.833333333333334,71.83333333333333,9.333333333333334,78.16666666666667,36.785356666666665,-119.77312483333333,3.2,4.9866348161598735,4.8466985171734605,442.97222222222223,6.086535605799794,2.8365293631924633,0.7406103196455024,6.0365293631924635
2023-12-01 02:30:00,1701426301.0,11.0,10.666666666666666,11.0,8.333333333333334,78.66666666666667,8.5,82.33333333333333,36.78532016666667,-119.773141,5.5,4.8408377370844535,3.4924955962488804,865.3333333333334,8.701240159401735,3.147284732562998,0.8189555261508649,8.647284732562998
2023-12-01 03:30:00,1701429901.0,5.0,4.666666666666667,5.0,8.666666666666666,78.33333333333333,9.0,81.0,36.78537566666667,-119.77309416666668,5.0,5.103878926636056,3.5627877400306103,391.66666666666663,4.818914638796422,-0.13676718780677355,-0.008993887553129234,4.8632328121932265
2023-12-01 04:30:00,1701432301.0,4.0,4.0,4.0,9.0,77.0,9.0,81.0,36.785379500000005,-119.773087,3.0,5.1805101785046705,3.8194898214953295,308.0,4.08135980056811,1.1065605151851123,0.3044641416421454,4.106560515185112
2023-12-01 09:30:00,1701452700.0,6.0,5.0,6.0,14.0,53.0,12.0,63.5,36.78542025,-119.77307475,6.5,4.561702615411368,9.438297384588633,318.0,6.478180128230055,0.08160068268471843,0.04605930731988708,6.581600682684718
2023-12-01 10:30:00,1701455700.0,7.0,7.0,7.0,16.0,45.833333333333336,13.333333333333334,56.833333333333336,36.7853815,-119.7730625,7.7,4.322971430977002,11.677028569022998,320.83333333333337,7.806144406742951,-0.05518655625934077,0.011573581444648753,7.644813443740659
2023-12-01 11:30:00,1701459300.0,5.666666666666667,5.5,5.666666666666667,17.5,42.333333333333336,14.5,53.833333333333336,36.78544033333333,-119.7731335,5.2,4.547765123665157,12.952234876334842,239.8888888888889,6.783463719779974,1.4980265535173087,0.4031574890011827,6.698026553517309
2023-12-01 12:30:00,1701462900.0,5.666666666666667,5.666666666666667,5.666666666666667,18.33333333333333,40.0,15.5,50.333333333333336,36.785472,-119.77307916666666,3.4,4.486123700368505,13.847209632964823,226.66666666666669,6.904451746498671,3.3821749161971044,0.8781741970307043,6.782174916197104
2023-12-01 13:30:00,1701466500.0,6.0,6.0,6.0,18.83333333333333,37.66666666666666,16.166666666666668,46.16666666666666,36.785389333333335,-119.77309033333334,3.7,4.074195120344978,14.75913821298835,225.99999999999994,7.2558922520257525,3.4345756374376615,0.8913850558967543,7.134575637437662
2023-12-01 14:30:00,1701470100.0,6.333333333333333,6.166666666666667,6.333333333333333,19.0,36.16666666666666,16.333333333333332,44.5,36.78540233333333,-119.773071,5.8,3.6436001242830938,15.356399875716907,229.0555555555555,7.536191103312367,1.6569233720068617,0.44321730866841935,7.4569233720068615
2023-12-01 15:30:00,1701473700.0,7.0,6.5,7.0,18.0,37.833333333333336,16.0,44.66666666666666,36.78535333333333,-119.7730675,4.9,3.3946030792725654,14.605396920727435,264.83333333333337,7.945247651966195,3.0333221157856727,0.790224165005291,7.933322115785673
2023-12-01 16:30:00,1701477300.0,7.5,7.0,7.666666666666667,15.833333333333334,43.16666666666666,14.833333333333334,49.16666666666666,36.785434,-119.77306633333336,9.1,3.3182200119408196,12.515113321392514,323.74999999999994,8.185617794766678,-0.9566384610698613,-0.2156934028075924,8.143361538930138
2023-12-01 17:30:00,1701480900.0,10.333333333333334,9.833333333333334,10.333333333333334,13.333333333333334,50.5,12.833333333333334,55.5,36.78540866666666,-119.77310316666669,12.1,3.2564371814952984,10.076896151838035,521.8333333333334,9.538630395728791,-3.555943296223953,-0.871009751783424,8.544056703776047
2023-12-01 18:30:00,1701484500.0,13.833333333333334,13.166666666666666,13.833333333333334,11.5,56.833333333333336,11.5,61.0,36.7853985,-119.77310183333331,12.3,3.2263570077009107,8.27364299229909,786.1944444444445,12.173276743367857,-1.2626842130342517,-0.29285125750953156,11.037315786965749
2023-12-01 19:30:00,1701488100.0,19.5,18.666666666666668,19.83333333333333,10.833333333333334,58.5,11.333333333333334,60.833333333333336,36.78531066666667,-119.7731335,22.7,3.01033113412688,7.823002199206454,1140.75,16.440138251734947,-7.507593367719869,-1.8672687754501394,15.19240663228013
2023-12-01 20:30:00,1701491700.0,22.5,21.166666666666668,22.5,9.666666666666666,62.66666666666666,9.5,66.66666666666667,36.785307,-119.77313233333332,23.7,2.882438981829662,6.7842276848370044,1409.9999999999998,18.292199077349494,-6.353117369436976,-1.5762113411919045,17.346882630563023
2023-12-01 21:30:00,1701495300.0,27.83333333333333,26.5,28.166666666666668,8.5,67.0,8.333333333333334,71.66666666666667,36.785359166666666,-119.77311566666668,25.8,2.717119488082001,5.782880511917999,1864.833333333333,21.95604037584397,-4.58055822962217,-1.1293276328490474,21.21944177037783
2023-12-01 22:30:00,1701498900.0,36.16666666666666,34.166666666666664,36.66666666666666,7.5,71.33333333333333,7.333333333333333,76.0,36.78537733333334,-119.77305616666666,34.9,2.642939891999291,4.857060108000709,2579.8888888888882,27.40160878170638,-7.596080879806529,-1.8895775529995593,27.30391912019347
2023-12-02 00:30:00,1701506100.0,34.833333333333336,33.0,35.333333333333336,6.166666666666667,76.83333333333333,6.0,81.16666666666667,36.785346,-119.77316433333333,30.2,2.401410327469436,3.765256339197231,2676.3611111111113,25.716132655174118,-3.9549793592745637,-0.9716115944035929,26.245020640725436
2023-12-02 01:30:00,1701509700.0,36.333333333333336,34.5,36.66666666666666,5.5,78.0,5.333333333333333,83.33333333333333,36.785372333333335,-119.7731195,34.0,1.965837264743117,3.534162735256883,2834.0,26.643462269245493,-6.665104073555174,-1.6548669821566244,27.334895926444826
2023-12-02 02:30:00,1701513300.0,34.166666666666664,32.166666666666664,34.333333333333336,5.0,79.66666666666667,5.166666666666667,83.16666666666667,36.78542266666667,-119.77314366666668,29.0,1.7755791855996799,3.22442081440032,2721.9444444444443,24.75465242035117,-3.2855774432429428,-0.8028472333796336,25.714422556757057
2023-12-02 03:30:00,1701516900.0,28.666666666666668,27.0,28.83333333333333,5.0,79.83333333333333,4.5,85.33333333333333,36.7853605,-119.7731345,19.9,1.8048412798954419,3.1951587201045584,2288.5555555555557,20.889666565847016,1.7569414832868304,0.4684330904532295,21.65694148328683
2023-12-02 04:30:00,1701519600.0,25.666666666666668,24.33333333333333,26.0,4.333333333333333,82.66666666666667,4.0,87.0,36.78539633333333,-119.773112,14.1,1.64197175483262,2.691361578500713,2121.777777777778,18.469351946551143,5.305962569317812,1.3631844520795737,19.40596256931781
2023-12-02 09:30:00,1701538501.0,26.25,25.0,26.25,11.5,60.0,10.0,69.75,36.7853785,-119.773161,20.7,3.99689481545643,7.5031051845435695,1575.0,21.324240100913777,-0.5514565914364695,-0.11354212763266086,20.14854340856353
2023-12-02 10:30:00,1701541501.0,19.5,18.83333333333333,19.5,14.0,51.333333333333336,11.666666666666666,62.833333333333336,36.78538566666666,-119.77312233333332,15.8,4.104980236424502,9.895019763575498,1001.0,16.644596072461848,-0.5087927635650242,-0.10278605795744271,15.291207236434976
2023-12-02 11:30:00,1701545101.0,16.833333333333332,16.0,16.833333333333332,17.333333333333332,41.5,13.833333333333334,53.833333333333336,36.7853985,-119.77310183333331,17.0,4.113238985644652,13.22009434768868,698.5833333333333,14.157458409588488,-3.5393786639114317,-0.8668336065993887,13.460621336088568
2023-12-02 12:30:00,1701548701.0,11.666666666666666,11.0,11.666666666666666,19.666666666666668,35.333333333333336,15.5,47.833333333333336,36.78533883333333,-119.77303833333332,11.2,3.9018538046695577,15.764812861997111,412.22222222222223,9.334394515487356,-1.46377888557031,-0.34354966918582425,9.73622111442969
2023-12-02 13:30:00,1701552301.0,11.833333333333334,11.5,11.833333333333334,20.0,34.5,16.833333333333332,44.16666666666666,36.78532216666667,-119.77307383333334,11.2,3.8560502355229436,16.143949764477057,408.25,9.478498886689803,-1.3294060982266753,-0.3096726559118054,9.870593901773324
2023-12-02 14:30:00,1701555901.0,11.166666666666666,10.833333333333334,11.166666666666666,20.0,34.166666666666664,16.833333333333332,43.5,36.7853845,-119.773093,9.6,3.7178826244035954,16.282117375596403,381.5277777777777,8.888218115580266,-0.21634810128942483,-0.02905720331598434,9.383651898710575
2023-12-02 15:30:00,1701559501.0,9.0,8.833333333333334,9.0,18.83333333333333,36.5,16.0,45.0,36.78542016666666,-119.77310566666668,7.4,3.6262075001670313,15.207125833166298,328.5,9.696014330591602,2.190921045824407,0.5778446141060118,9.590921045824407
2023-12-02 16:30:00,1701563101.0,9.833333333333334,9.5,9.833333333333334,16.333333333333332,41.833333333333336,15.333333333333334,48.833333333333336,36.78543666666666,-119.773052,10.0,3.325375374174085,13.007957959159247,411.36111111111114,10.186400444476472,0.0692128275296362,0.04293617843477936,10.069212827529636
2023-12-02 17:30:00,1701566701.0,17.166666666666668,16.166666666666668,17.166666666666668,14.0,49.833333333333336,13.333333333333334,55.333333333333336,36.78541383333334,-119.77309816666668,14.1,3.682573256998479,10.317426743001521,855.4722222222223,14.703103960213909,-0.5084943973472065,-0.10271083620666008,13.591505602652793
2023-12-02 18:30:00,1701570301.0,24.0,22.666666666666668,24.33333333333333,12.333333333333334,56.333333333333336,11.833333333333334,61.66666666666666,36.785394833333335,-119.77307,26.5,3.880416362885613,8.45291697044772,1352.0,19.773455173898178,-7.959846102625306,-1.9812871880058165,18.540153897374694
2023-12-02 19:30:00,1701573901.0,29.5,28.0,30.166666666666668,11.166666666666666,60.333333333333336,11.0,64.83333333333333,36.78539283333333,-119.77312716666668,28.2,3.7617070185704344,7.404959648096232,1779.8333333333335,23.70823059095339,-5.659807240873011,-1.4014194291337838,22.540192759126988
2023-12-02 20:30:00,1701577501.0,34.333333333333336,32.5,34.666666666666664,10.0,64.16666666666667,10.0,69.0,36.785373,-119.773126,33.0,3.5335883518604723,6.466411648139528,2203.0555555555557,26.921094913851316,-6.94900807065218,-1.7264426312767578,26.05099192934782
2023-12-02 21:30:00,1701581101.0,35.666666666666664,33.666666666666664,35.833333333333336,9.166666666666666,67.33333333333333,8.833333333333334,72.83333333333333,36.78536283333333,-119.773098,37.2,3.4238546093490223,5.742812057317644,2401.555555555555,27.508324304110978,-10.20958939155745,-2.5484748215211037,26.990410608442552
2023-12-02 22:30:00,1701584701.0,47.0,44.333333333333336,47.16666666666666,8.333333333333334,70.0,8.333333333333334,74.83333333333333,36.78536366666667,-119.7731005,46.3,3.176749439488977,5.156583893844357,3290.0,35.362208533546394,-10.99021694705381,-2.745280518436401,35.30978305294619
2023-12-02 23:30:00,1701588301.0,47.16666666666666,44.66666666666666,47.66666666666666,9.0,68.83333333333333,9.0,73.16666666666667,36.785364,-119.77308899999998,43.7,3.577308879756429,5.422691120243571,3246.6388888888882,35.71629796122095,-8.251248782772748,-2.054753346285276,35.448751217227255
2023-12-03 00:30:00,1701591901.0,45.333333333333336,43.16666666666666,45.833333333333336,9.0,67.83333333333333,8.5,75.16666666666667,36.78538016666667,-119.77308916666668,43.4,3.369572997972152,5.630427002027848,3075.111111111111,34.633461531455076,-9.289190446960937,-2.3164310581975767,34.11080955303906
2023-12-03 01:30:00,1701595501.0,38.333333333333336,36.66666666666666,38.5,8.0,73.16666666666667,7.666666666666667,78.66666666666667,36.78541833333333,-119.773116,38.0,3.4834489515864977,4.516551048413502,2804.7222222222226,28.85150164907404,-9.12385896796182,-2.2747489823890064,28.87614103203818
2023-12-03 02:30:00,1701598201.0,34.0,32.666666666666664,34.333333333333336,7.0,74.0,7.0,78.33333333333333,36.785371,-119.77307166666668,28.2,2.678650189901954,4.321349810098046,2516.0,25.702072100743056,-2.5303403803065976,-0.6124427883137141,25.6696596196934
2023-12-03 09:30:00,1701625200.0,20.0,19.0,20.0,12.0,59.0,11.0,65.8,36.7853648,-119.7730974,17.5,4.227561644895361,7.772438355104639,1180.0,16.66198382778486,-1.9458333981258829,-0.4650814721905746,15.554166601874117
2023-12-03 10:30:00,1701628500.0,16.666666666666668,15.833333333333334,16.666666666666668,14.166666666666666,51.333333333333336,12.666666666666666,60.16666666666666,36.78538066666667,-119.7730815,8.7,4.259061878753575,9.90760478791309,855.5555555555557,14.33284799223478,4.5021733714342,1.1605394235398276,13.202173371434199
2023-12-03 11:30:00,1701632100.0,18.166666666666668,17.166666666666668,18.166666666666668,15.833333333333334,47.5,14.0,56.833333333333336,36.785307,-119.7730715,15.5,4.681928705794362,11.151404627538973,862.9166666666667,15.384820815899882,-1.139020688784889,-0.26167417965526274,14.360979311215111
2023-12-03 12:30:00,1701635700.0,16.333333333333332,15.5,16.333333333333332,17.0,44.5,15.0,54.66666666666666,36.78532016666667,-119.773112,15.8,4.810361817912362,12.189638182087638,726.8333333333333,13.867404189893017,-2.7493900913484826,-0.6676678834786948,13.050609908651518
2023-12-03 13:30:00,1701639300.0,16.5,15.5,16.5,17.0,45.0,15.0,54.333333333333336,36.785413166666665,-119.77309566666666,14.0,4.970795391518323,12.029204608481677,742.5,13.943300656133916,-0.8333988117545879,-0.18462318897730143,13.166601188245412
2023-12-03 14:30:00,1701642900.0,14.833333333333334,14.166666666666666,14.833333333333334,16.833333333333332,47.5,15.0,55.833333333333336,36.78541883333333,-119.77312716666668,11.3,5.597504150921343,11.23582918241199,704.5833333333334,12.782840723628457,0.6032924112141949,0.1775841343456331,11.903292411214196
2023-12-03 15:30:00,1701646500.0,18.83333333333333,17.666666666666668,18.83333333333333,16.0,50.16666666666666,14.833333333333334,57.833333333333336,36.785403,-119.77318333333334,16.5,5.620963159318372,10.379036840681628,944.8055555555551,15.803699878618499,-1.684246324284187,-0.39913219073238454,14.815753675715813
2023-12-03 16:30:00,1701649800.0,20.8,19.8,20.8,15.0,53.4,14.0,60.8,36.7853624,-119.7731508,17.5,5.598031863561638,9.401968136438363,1110.72,17.393199313149985,-1.2787862095767615,-0.2969107665916333,16.22121379042324
2023-12-04 11:30:00,1701719401.0,22.0,21.0,22.0,20.0,40.0,17.0,51.0,36.7854,-119.773178,16.9,5.9804193980043046,14.019580601995695,880.0,17.979820328108868,0.39071522730844777,0.12399084195889394,17.290715227308446
2023-12-04 12:30:00,1701721501.0,19.83333333333333,18.83333333333333,19.83333333333333,21.83333333333333,36.66666666666666,18.0,47.333333333333336,36.78534833333333,-119.7731475,15.1,6.352403815475483,15.480929517857845,727.2222222222218,15.8205941166866,0.639172511682192,0.1866299438719252,15.739172511682192
2023-12-04 13:30:00,1701725101.0,16.5,16.0,16.5,24.166666666666668,32.333333333333336,19.166666666666668,44.333333333333336,36.78538783333333,-119.77318316666668,11.7,6.575945755124198,17.59072091154247,533.5,12.538983635893038,1.6412255118679315,0.43925968728679055,13.34122551186793
2023-12-04 14:30:00,1701728701.0,13.166666666666666,12.833333333333334,13.166666666666666,23.33333333333333,33.0,19.0,44.16666666666666,36.785379500000005,-119.77316533333334,10.1,6.144203653850108,17.18912967948322,434.5,10.021785840829107,0.7743478579921454,0.22070929201815023,10.874347857992145
2023-12-04 15:30:00,1701732301.0,10.333333333333334,9.666666666666666,10.333333333333334,21.83333333333333,36.833333333333336,18.83333333333333,45.833333333333336,36.78533866666667,-119.773112,6.4,6.418309868044451,15.415023465288877,380.61111111111114,8.159244425483434,2.332467158210868,0.6135301098302252,8.732467158210868
2023-12-04 16:30:00,1701735901.0,7.333333333333333,7.333333333333333,7.333333333333333,19.33333333333333,43.833333333333336,17.333333333333332,52.16666666666666,36.78536883333334,-119.77313233333332,5.3,6.709118572543363,12.624214760789965,321.44444444444446,8.141342819676982,2.6851929703126736,0.7024565751874089,7.985192970312673
2023-12-04 17:30:00,1701739501.0,11.5,10.833333333333334,11.5,16.333333333333332,53.5,15.5,60.833333333333336,36.78538066666667,-119.77311066666664,8.0,6.863058295746886,9.470275037586447,615.25,10.1502243479312,1.3628887263394525,0.3690875998842836,9.362888726339452
2023-12-04 18:30:00,1701743101.0,17.5,16.666666666666668,17.5,14.666666666666666,61.5,14.166666666666666,66.66666666666667,36.785370666666665,-119.77311833333334,17.1,7.339657166948247,7.327009499718419,1076.25,14.509026097719305,-3.4235639001573315,-0.8376352966842162,13.67643609984267
2023-12-04 19:30:00,1701746701.0,23.166666666666668,22.0,23.166666666666668,13.333333333333334,67.33333333333333,12.833333333333334,73.33333333333333,36.785411833333335,-119.77318183333334,19.6,7.401492866058774,5.93184046727456,1559.888888888889,18.27717305323604,-1.8259152665608802,-0.43484865336518186,17.77408473343912
2023-12-04 20:30:00,1701750301.0,24.83333333333333,23.5,24.83333333333333,11.666666666666666,74.66666666666667,11.333333333333334,79.83333333333333,36.78537,-119.77307133333332,19.7,7.3152440905711265,4.35142257609554,1854.222222222222,18.730636901776542,-0.7981701091839852,-0.17574160478005807,18.901829890816014
2023-12-04 21:30:00,1701753901.0,34.333333333333336,32.5,34.333333333333336,10.5,79.16666666666667,10.5,83.5,36.78529283333334,-119.77314383333334,25.8,7.040006880244962,3.4599931197550378,2718.055555555556,24.884256422519044,0.04419996716325869,0.03663013225233339,25.84419996716326
2023-12-04 22:30:00,1701757501.0,31.166666666666668,29.666666666666668,31.166666666666668,9.833333333333334,79.0,9.666666666666666,83.66666666666667,36.785419,-119.77314883333334,20.2,6.360758581713353,3.472574751619981,2462.166666666667,22.766559834327868,3.3116951006311055,0.8604053786956811,23.511695100631105
2023-12-04 23:30:00,1701761101.0,30.5,29.33333333333333,30.5,8.666666666666666,80.33333333333333,8.333333333333334,85.66666666666667,36.7853515,-119.77311716666668,18.1,5.46703451906513,3.1996321476015357,2450.1666666666665,22.25329440336808,4.901776212881181,1.2612841578841085,23.001776212881182
2023-12-05 00:30:00,1701764701.0,28.83333333333333,27.5,28.83333333333333,8.0,81.33333333333333,7.833333333333333,86.33333333333333,36.78541383333333,-119.77313733333334,18.8,4.994839163104394,3.005160836895606,2345.1111111111104,20.856349067548532,2.959146632068414,0.771523623800693,21.759146632068415
2023-12-05 01:30:00,1701768301.0,30.83333333333333,29.166666666666668,30.83333333333333,7.166666666666667,82.16666666666667,7.0,87.16666666666667,36.785363,-119.7731425,14.3,4.3269177511729575,2.8397489154937094,2533.472222222222,22.052468761338766,8.922270329725379,2.274899602327723,23.22227032972538
2023-12-05 02:30:00,1701771901.0,28.166666666666668,26.666666666666668,28.166666666666668,7.0,82.66666666666667,6.833333333333333,87.5,36.785328,-119.77307633333334,15.5,4.250641505922708,2.749358494077292,2328.444444444445,20.137939403531167,5.7492277443185,1.4749369915205137,21.2492277443185
2023-12-05 03:30:00,1701774001.0,26.0,25.0,27.0,7.0,82.0,6.0,88.0,36.785316,-119.773155,19.3,4.135029718860814,2.864970281139186,2132.0,18.881870030345826,0.36092201319276995,0.11647961048096542,19.66092201319277
2023-12-05 09:30:00,1701798001.0,25.666666666666668,24.666666666666668,25.666666666666668,16.0,52.333333333333336,13.333333333333334,63.66666666666666,36.78532533333333,-119.77315,10.8,6.233170516261314,9.766829483738686,1343.2222222222224,21.189497491792622,9.024141870624366,2.300582656251834,19.824141870624366
2023-12-05 10:30:00,1701800701.0,26.666666666666668,25.166666666666668,26.666666666666668,20.0,42.66666666666666,15.666666666666666,58.0,36.78540116666667,-119.77313733333334,15.6,6.9187897231262685,13.081210276873732,1137.7777777777776,21.640410805887466,5.094713871810251,1.309926087264372,20.69471387181025
2023-12-05 11:30:00,1701804301.0,24.0,22.666666666666668,24.0,22.83333333333333,38.66666666666666,17.333333333333332,54.833333333333336,36.7853585,-119.77309683333334,15.6,8.018278638243205,14.815054695090124,927.9999999999998,19.13518409039411,3.1837088750587323,0.8281384952863281,18.783708875058732
2023-12-05 12:30:00,1701807901.0,22.166666666666668,21.166666666666668,22.166666666666668,24.33333333333333,36.66666666666666,19.5,50.333333333333336,36.78536533333333,-119.77315283333331,14.3,8.567572945601283,15.765760387732046,812.7777777777776,17.47530530161665,3.159553341682834,0.8220485916607999,17.459553341682835
2023-12-05 13:30:00,1701811501.0,22.166666666666668,21.0,22.166666666666668,25.83333333333333,33.833333333333336,19.83333333333333,48.333333333333336,36.785347,-119.773192,13.7,8.699362558149664,17.133970775183663,749.9722222222223,16.97189636098335,3.798614045651032,0.9831635642621331,17.49861404565103
2023-12-05 14:30:00,1701815101.0,19.666666666666668,18.666666666666668,19.666666666666668,25.666666666666668,32.666666666666664,20.33333333333333,45.16666666666666,36.785373166666666,-119.77308533333331,15.7,8.035460115895896,17.63120655077077,642.4444444444445,14.841209410350206,-0.02856731006863278,0.018284617022416783,15.671432689931367
2023-12-05 15:30:00,1701818701.0,18.33333333333333,17.666666666666668,18.33333333333333,25.166666666666668,32.5,20.33333333333333,44.16666666666666,36.7853665,-119.77307633333334,14.5,7.523814664514878,17.64285200215179,595.8333333333331,13.902491372859263,0.19065561839971323,0.07355338240643144,14.690655618399713
2023-12-05 16:30:00,1701822301.0,20.83333333333333,19.83333333333333,20.83333333333333,21.166666666666668,40.333333333333336,19.0,49.0,36.78538916666667,-119.7731135,14.7,7.147105456343868,14.019561210322799,840.2777777777776,16.932819158517056,1.7259294353706842,0.460614576156707,16.425929435370684
2023-12-05 17:30:00,1701825901.0,26.5,25.33333333333333,26.5,17.5,50.333333333333336,16.333333333333332,56.66666666666666,36.785368,-119.77312966666666,18.6,7.051332679734612,10.448667320265388,1333.8333333333335,21.752669321623834,1.8661358572492048,0.49596231961710435,20.466135857249206
2023-12-05 18:30:00,1701829501.0,27.666666666666668,26.33333333333333,27.666666666666668,14.833333333333334,58.0,14.166666666666666,64.66666666666667,36.78533,-119.77310416666668,20.7,6.640806304579412,8.192527028753922,1604.6666666666667,22.352423678417356,0.5206326026885293,0.15674459171196997,21.22063260268853
2023-12-05 19:30:00,1701833101.0,29.166666666666668,27.666666666666668,29.33333333333333,13.333333333333334,64.33333333333333,12.833333333333334,69.83333333333333,36.785317,-119.77306649999998,26.1,6.735517867609289,6.597815465724045,1876.388888888889,22.962228481500052,-3.8607204541223226,-0.9478477784988824,22.23927954587768
2023-12-05 20:30:00,1701836701.0,38.16666666666666,36.333333333333336,38.333333333333336,12.166666666666666,68.16666666666667,11.833333333333334,73.5,36.78535466666667,-119.77311183333336,29.1,6.46679499108951,5.699871675577156,2601.694444444444,29.217386239144595,-0.27781265890035556,-0.04455316552105676,28.822187341099646
2023-12-05 21:30:00,1701840301.0,43.16666666666666,41.0,43.333333333333336,11.166666666666666,71.33333333333333,11.0,75.16666666666667,36.78537633333334,-119.7731195,35.2,6.167862969697857,4.998803696968809,3079.2222222222213,32.39677681461414,-2.7349383898046113,-0.6640244338285668,32.46506161019539
2023-12-05 22:30:00,1701843901.0,36.16666666666666,34.166666666666664,36.16666666666666,10.833333333333334,69.83333333333333,10.5,75.33333333333333,36.785379166666665,-119.77310433333334,24.6,5.540363873026715,5.292969460306619,2525.6388888888882,27.486340704655046,2.7245983164119245,0.7123911419941372,27.324598316411926
2023-12-05 23:30:00,1701847501.0,34.5,32.833333333333336,34.666666666666664,9.833333333333334,73.66666666666667,9.166666666666666,79.66666666666667,36.78538966666667,-119.773098,24.8,5.3493084307298515,4.484024902603482,2541.5,25.89310407386011,1.242908031630975,0.33883900812983386,26.042908031630976
2023-12-06 00:30:00,1701851101.0,32.0,30.666666666666668,32.0,9.0,75.16666666666667,8.833333333333334,80.33333333333333,36.7853725,-119.77310433333334,21.4,4.8341759891690685,4.1658240108309315,2405.3333333333335,24.006007342172072,2.778963660411833,0.7260973061419537,24.17896366041183
2023-12-06 01:30:00,1701854701.0,30.33333333333333,28.5,30.33333333333333,8.5,77.5,8.166666666666666,82.5,36.78533616666667,-119.773131,14.1,4.788355595297185,3.711644404702815,2350.833333333333,22.276567195008504,8.817952571849327,2.2485998273647656,22.917952571849327
2023-12-06 02:30:00,1701858301.0,31.166666666666668,29.83333333333333,31.5,8.0,78.5,8.0,81.5,36.78533483333333,-119.77316283333332,15.6,4.486335941809753,3.5136640581902467,2446.5833333333335,22.952258038392223,7.918588166037258,2.021859126987988,23.518588166037258
2023-12-06 03:30:00,1701861901.0,25.666666666666668,24.5,25.666666666666668,8.0,76.5,8.0,80.5,36.78543,-119.77314133333334,14.1,4.117526568781573,3.8824734312184273,1963.5,19.291060904642208,5.390977042660355,1.3846176343394898,19.490977042660354
2023-12-06 04:30:00,1701865501.0,22.166666666666668,21.166666666666668,22.166666666666668,7.833333333333333,76.66666666666667,7.5,81.66666666666667,36.78540616666667,-119.77309533333334,10.6,3.9869892217896044,3.8463441115437287,1699.4444444444446,16.78768258106199,6.308108109190675,1.615837525874578,16.908108109190675
2023-12-06 05:30:00,1701869101.0,25.166666666666668,23.83333333333333,25.166666666666668,7.0,80.16666666666667,6.833333333333333,85.0,36.7854415,-119.77312083333334,15.6,3.8127554809166972,3.1872445190833028,2017.527777777778,18.402692627487156,3.4717748613484343,0.9007634324796983,19.071774861348434
2023-12-06 06:30:00,1701872701.0,29.33333333333333,27.5,29.5,6.833333333333333,81.16666666666667,6.666666666666667,85.66666666666667,36.785349,-119.77311716666668,19.6,3.8266602072780596,3.0066731260552735,2380.8888888888887,21.06586297618015,2.5300973555372686,0.6633550851881587,22.13009735553727
2023-12-06 07:30:00,1701876301.0,35.666666666666664,34.0,35.666666666666664,6.833333333333333,80.5,7.0,84.0,36.785298,-119.773066,17.7,3.7093072590735385,3.1240260742597945,2871.1666666666665,25.794418975065287,9.108893219413883,2.321949501613098,26.808893219413882
2023-12-06 08:30:00,1701879901.0,44.5,42.333333333333336,44.66666666666666,9.666666666666666,71.33333333333333,9.666666666666666,77.0,36.785371833333336,-119.77304716666669,30.0,4.726090546605047,4.940576120061619,3174.333333333333,33.43990505856597,3.448136370195769,0.8948038814843862,33.44813637019577
2023-12-06 09:30:00,1701883501.0,45.833333333333336,43.333333333333336,45.833333333333336,15.0,55.833333333333336,13.666666666666666,64.83333333333333,36.78532783333333,-119.7731425,22.9,6.243182725425544,8.756817274574455,2559.027777777778,36.156252306338104,11.744896157786847,2.986517888553267,34.644896157786846
2023-12-06 10:30:00,1701887101.0,36.833333333333336,35.166666666666664,36.833333333333336,18.83333333333333,45.0,17.0,53.833333333333336,36.78537483333333,-119.77310566666668,17.7,6.6379417125923155,12.195391620741013,1657.5,29.849012477849058,10.458491278251003,2.6621995794573086,28.158491278251002
2023-12-06 11:30:00,1701890701.0,24.666666666666668,23.5,24.666666666666668,21.33333333333333,38.333333333333336,19.33333333333333,45.5,36.78538183333333,-119.77315033333332,12.8,6.554264785353748,14.77906854797958,945.5555555555557,19.879996315349903,6.479841631996351,1.6591336347571293,19.27984163199635
2023-12-06 12:30:00,1701894301.0,14.833333333333334,14.0,14.833333333333334,26.33333333333333,28.666666666666668,23.0,35.333333333333336,36.78539716666666,-119.77309533333334,8.9,6.69983809419298,19.63349523914035,425.22222222222223,10.138755295803044,3.262931208179255,0.8481114085805899,12.162931208179256
2023-12-06 13:30:00,1701897901.0,13.166666666666666,12.5,13.333333333333334,27.666666666666668,25.666666666666668,24.33333333333333,31.5,36.78537833333333,-119.773121,8.3,6.2307098059906725,21.435956860675994,337.94444444444446,7.9513182102452795,2.6754461506157075,0.6999992834486495,10.975446150615708
2023-12-06 14:30:00,1701901501.0,15.5,14.666666666666666,15.5,27.33333333333333,28.666666666666668,24.5,35.333333333333336,36.78536916666667,-119.77308383333332,11.8,7.559186548842041,19.774146784491286,444.33333333333337,10.568979738811636,0.8544685881794365,0.2409087021348558,12.654468588179437
2023-12-06 15:30:00,1701905101.0,7.0,6.333333333333333,7.0,21.5,43.16666666666666,19.5,51.333333333333336,36.78538833333334,-119.773117,7.1,8.444965013499123,13.055034986500877,302.16666666666663,7.7198169226407245,0.6409830010889976,0.18708639026169885,7.740983001088997
2023-12-06 16:30:00,1701908701.0,5.166666666666667,5.0,5.166666666666667,19.5,46.66666666666666,18.666666666666668,52.833333333333336,36.78536983333333,-119.773107,3.5,7.7771883918234614,11.722811608176539,241.1111111111111,6.2101709784725365,2.6393724849851186,0.6909046737916752,6.139372484985119
2023-12-06 17:30:00,1701912301.0,14.833333333333334,14.0,14.833333333333334,18.666666666666668,47.333333333333336,18.0,53.16666666666666,36.78537633333333,-119.77311083333332,13.3,7.223834099818313,11.442832566848356,702.1111111111112,12.570399532511304,-1.394409900317088,-0.32606090467713783,11.905590099682913
2023-12-06 18:30:00,1701915901.0,25.166666666666668,24.166666666666668,25.166666666666668,18.0,49.5,17.0,54.833333333333336,36.785373166666666,-119.77313383333332,15.6,7.267437891976429,10.732562108023572,1245.75,20.752426080117605,3.8945495395924272,1.007350068583063,19.494549539592427
2023-12-06 19:30:00,1701919501.0,28.166666666666668,27.0,28.166666666666668,17.5,53.0,16.5,59.5,36.785378,-119.773188,18.2,7.8078424293872875,9.692157570612713,1492.8333333333335,22.952038159227143,3.458216291750187,0.8973451522509649,21.658216291750186
2023-12-06 20:30:00,1701923101.0,19.166666666666668,18.166666666666668,19.33333333333333,16.166666666666668,60.16666666666666,15.5,67.16666666666667,36.78540933333333,-119.77317933333336,14.6,8.43117625609616,7.735490410570508,1153.1944444444443,15.720104764170653,0.3236610575928669,0.10708567058871285,14.923661057592867
2023-12-06 21:30:00,1701926701.0,9.166666666666666,8.833333333333334,9.166666666666666,14.666666666666666,68.66666666666667,14.0,75.0,36.785411833333335,-119.7731195,8.1,8.96424697408739,5.7024196925792765,629.4444444444445,8.783224413582207,0.4650019395904632,0.14271942523688508,8.565001939590463
2023-12-06 22:30:00,1701930301.0,7.333333333333333,7.0,7.333333333333333,14.0,73.16666666666667,13.5,77.5,36.7853665,-119.77310333333332,4.7,9.267076907827246,4.732923092172754,536.5555555555555,7.043873101302129,2.2273278394809575,0.587023209388205,6.927327839480958
2023-12-06 23:30:00,1701933901.0,4.833333333333333,4.5,4.833333333333333,13.166666666666666,75.33333333333333,13.166666666666666,79.5,36.78535316666667,-119.7730815,1.4,8.89602022951491,4.270646437151756,364.1111111111111,4.790273475116217,3.437297384929725,0.8920712415280858,4.837297384929725
2023-12-07 00:30:00,1701937501.0,2.5,2.5,2.5,13.0,78.83333333333333,12.833333333333334,83.5,36.785373666666665,-119.77311583333334,-1.6,9.409104491220578,3.590895508779422,197.08333333333331,2.6896143021199275,4.433308330984705,1.143177709642673,2.8333083309847047
2023-12-07 01:30:00,1701941101.0,6.333333333333333,5.666666666666667,6.333333333333333,12.166666666666666,81.16666666666667,11.666666666666666,86.5,36.785355333333335,-119.7730815,6.0,9.031120773945313,3.1355458927213533,514.0555555555555,5.792812749336439,-0.16593790824633903,-0.016348180807586047,5.834062091753661
2023-12-07 02:30:00,1701944701.0,6.166666666666667,6.0,6.166666666666667,11.166666666666666,83.5,11.0,88.83333333333333,36.78538916666667,-119.77312733333332,4.1,8.47358808968844,2.693078576978227,514.9166666666667,5.6801816634125295,1.5157875497934858,0.40763525208478335,5.6157875497934855
2023-12-07 03:30:00,1701948301.0,6.333333333333333,5.833333333333333,6.333333333333333,11.0,82.16666666666667,10.666666666666666,86.0,36.785415,-119.773126,2.3,8.073107680378676,2.9268923196213237,520.3888888888889,5.796294137530884,3.4979985077480347,0.907374732540778,5.7979985077480345
2023-12-07 04:30:00,1701951901.0,4.0,4.0,4.0,11.0,79.16666666666667,11.0,83.5,36.78540666666667,-119.77311833333334,2.4,7.526444425163625,3.473555574836375,316.6666666666667,3.990162991447064,1.628422749839587,0.4360319553348651,4.028422749839587
2023-12-07 05:30:00,1701955501.0,2.0,2.0,2.1666666666666665,11.0,77.5,10.833333333333334,81.33333333333333,36.785369333333335,-119.77309283333334,4.5,7.214789000101441,3.785210999898559,155.0,2.312375473267367,-2.020985428182268,-0.4840282125992472,2.479014571817732
2023-12-07 06:30:00,1701959101.0,3.0,3.0,3.0,10.166666666666666,79.0,10.0,83.66666666666667,36.78536616666667,-119.77308166666668,6.0,6.68499678715956,3.4816698795071064,237.0,3.1220253497329784,-2.7703237285084246,-0.6729455078992352,3.2296762714915754
2023-12-07 07:30:00,1701962701.0,3.8333333333333335,3.333333333333333,3.8333333333333335,10.0,80.83333333333333,9.666666666666666,85.5,36.7853725,-119.773084,4.3,6.8570864374989915,3.1429135625010085,309.8611111111111,3.6521744401382974,-0.465809402783504,-0.09194943015099809,3.834190597216496
2023-12-07 08:30:00,1701966301.0,3.333333333333333,3.0,3.5,10.666666666666666,78.5,10.5,82.5,36.78537116666666,-119.77307516666669,4.6,7.078515672793143,3.5881509938735228,261.66666666666663,3.3527687572974596,-1.0840395779448504,-0.24781277320110445,3.5159604220551492
2023-12-07 09:30:00,1701969901.0,2.0,2.0,3.0,14.5,64.33333333333333,13.166666666666666,74.16666666666667,36.785376166666666,-119.7730955,4.6,7.842797104943222,6.657202895056778,128.66666666666666,2.8862561675387157,-1.6461482387748498,-0.3895272002128837,2.95385176122515
2023-12-07 10:30:00,1701973501.0,1.6666666666666667,1.0,2.6666666666666665,17.166666666666668,52.16666666666666,15.0,63.833333333333336,36.7853705,-119.77308266666668,2.0,7.266670962374318,9.89999570429235,86.94444444444443,2.959463344294365,1.12437300806618,0.30895488764588885,3.12437300806618
2023-12-07 11:30:00,1701977101.0,1.0,1.0,2.0,19.0,41.5,16.333333333333332,51.333333333333336,36.78536033333333,-119.77308916666668,0.4,5.614518603352502,13.3854813966475,41.5,3.0182072311750954,2.5725465203380087,0.6740570356935697,2.9725465203380086
2023-12-07 12:30:00,1701980701.0,1.0,1.0,2.0,20.166666666666668,35.166666666666664,17.333333333333332,43.0,36.785377,-119.77310566666668,0.7,4.2760397386409075,15.89062692802576,35.166666666666664,3.2763787520346526,2.5009492190403106,0.6560064856201887,3.200949219040311
2023-12-07 13:30:00,1701984301.0,1.0,1.0,1.8333333333333333,21.0,30.83333333333333,18.0,38.16666666666666,36.78539,-119.77309666666667,2.0,3.135923580357965,17.864076419642036,30.83333333333333,3.4467742177467686,1.3572247497313596,0.36765964252379957,3.3572247497313596
2023-12-07 14:30:00,1701987901.0,1.0,1.0,1.5,20.83333333333333,29.666666666666668,18.0,36.5,36.785406,-119.77303683333334,2.9,2.446845045566378,18.38648828776695,29.666666666666668,3.4928643286570766,0.49929893107125745,0.15136611374147402,3.3992989310712574
2023-12-07 15:30:00,1701991501.0,1.0,1.0,2.0,19.33333333333333,31.83333333333333,17.833333333333332,37.5,36.78538316666667,-119.7731145,0.4,2.1338126324193687,17.19952070091396,31.83333333333333,3.412489827555457,2.921161165725733,0.7619470259422295,3.3211611657257327
2023-12-07 17:30:00,1701998701.0,2.5,2.5,2.6666666666666665,15.5,39.0,15.0,43.0,36.78539033333333,-119.77312333333332,2.7,1.589075874854187,13.910924125145813,97.5,4.357579353276765,1.5698410938754996,0.4212628076827129,4.2698410938755
2023-12-07 18:30:00,1702002301.0,2.6666666666666665,2.333333333333333,3.1666666666666665,13.833333333333334,43.833333333333336,13.666666666666666,47.833333333333336,36.785387,-119.77312333333332,2.6,1.7204734915073592,12.112859841825975,116.88888888888889,4.2237527923967475,1.6296599504620182,0.43634386865256347,4.229659950462018
2023-12-07 19:30:00,1702005901.0,2.5,2.5,2.6666666666666665,12.666666666666666,46.5,12.333333333333334,50.5,36.78539333333334,-119.7731235,3.4,1.4830576060435259,11.18360906062314,116.25,4.0624166366173,0.5993642138333,0.17659378803038386,3.9993642138333
2023-12-07 20:30:00,1702009501.0,2.0,2.0,2.5,12.0,51.16666666666666,12.0,54.833333333333336,36.785394,-119.77317066666669,2.6,2.2097014094550125,9.790298590544987,102.33333333333331,3.453847677465771,0.8286889506325674,0.23440934210341377,3.4286889506325675
2023-12-07 21:30:00,1702013101.0,2.0,1.5,2.0,12.0,54.833333333333336,12.0,58.833333333333336,36.7853825,-119.77312966666666,-0.3,3.1859655533996447,8.814034446600356,109.66666666666667,3.1752682956209846,3.5964558092786025,0.9321970152128293,3.2964558092786027
2023-12-07 22:30:00,1702016701.0,1.8333333333333333,1.6666666666666667,2.0,11.333333333333334,62.16666666666666,11.166666666666666,67.0,36.78534633333334,-119.77311466666669,-0.2,4.345995978125345,6.9873373552079885,113.9722222222222,2.8012584816083246,3.097863347290294,0.8064957941024242,2.897863347290294
2023-12-07 23:30:00,1702020301.0,2.0,1.0,2.0,10.833333333333334,71.66666666666667,10.833333333333334,76.33333333333333,36.78534066666666,-119.7730915,1.6,5.91497408358873,4.918359249744604,143.33333333333334,2.323950400599812,1.0893854785172206,0.3001341060993686,2.6893854785172207
2023-12-08 00:30:00,1702023901.0,2.0,2.0,2.6666666666666665,10.0,76.66666666666667,10.0,81.33333333333333,36.78539216666667,-119.77308016666666,3.2,6.087470220786709,3.9125297792132914,153.33333333333334,2.3500086374510167,-0.6909324415109128,-0.1487056850596089,2.5090675584890874
2023-12-08 01:30:00,1702027501.0,2.6666666666666665,2.0,3.0,9.666666666666666,78.83333333333333,9.333333333333334,83.83333333333333,36.785417,-119.77314,1.9,6.167993603149835,3.498673063516831,210.2222222222222,2.673708252980325,1.0674345102650853,0.2946000001426808,2.967434510265085
2023-12-08 02:30:00,1702031101.0,3.0,2.0,4.0,9.0,80.16666666666667,9.0,84.83333333333333,36.785357833333336,-119.7731005,1.5,5.761910188807516,3.2380898111924843,240.5,2.8265759826391035,1.6876020901516773,0.450951786477263,3.1876020901516773
2023-12-08 03:30:00,1702034701.0,3.5,3.1666666666666665,4.166666666666667,8.5,82.33333333333333,8.166666666666666,87.33333333333333,36.785414,-119.77314633333332,3.3,5.659360779246884,2.8406392207531157,288.16666666666663,3.3377135040457735,0.21184286264729524,0.07889494425689503,3.511842862647295
2023-12-08 04:30:00,1702038301.0,5.5,5.0,5.5,8.0,84.5,8.0,89.66666666666667,36.78541,-119.77308266666668,9.4,5.544954866062817,2.4550451339371833,464.75,4.972058852283938,-4.356780751333663,-1.0729106100852095,5.043219248666337
2023-12-08 05:30:00,1702041901.0,8.166666666666666,7.833333333333333,8.166666666666666,8.0,85.33333333333333,7.5,91.33333333333331,36.78537483333333,-119.773108,5.9,5.686690597112931,2.313309402887069,696.8888888888888,7.339457079542538,1.259185130481069,0.34294266263241546,7.159185130481069
2023-12-08 06:30:00,1702045501.0,9.333333333333334,9.0,9.833333333333334,8.0,85.16666666666667,7.0,92.66666666666669,36.78538433333333,-119.77308016666666,2.8,5.658441621296863,2.3415583787031373,794.888888888889,8.377399678769299,5.304078982778006,1.362709577013921,8.104078982778006
2023-12-08 12:30:00,1702068301.0,13.5,12.5,13.5,9.0,74.5,8.5,78.5,36.785372,-119.7731095,2.6,4.706382450551684,4.293617549448316,1005.75,10.64268272629198,7.9479921192816185,2.0292722210679703,10.547992119281618
2023-12-08 13:30:00,1702070701.0,11.666666666666666,10.833333333333334,11.666666666666666,10.333333333333334,67.16666666666667,9.0,76.16666666666667,36.785393166666665,-119.7730865,4.5,4.502415687241117,5.8309176460922165,783.6111111111111,9.910565202022072,4.797362616904678,1.2349602209709134,9.297362616904678
2023-12-08 14:30:00,1702074301.0,8.0,7.833333333333333,8.0,13.666666666666666,53.66666666666666,11.0,67.33333333333333,36.78538066666667,-119.773117,5.4,4.431069234164736,9.23559743250193,429.33333333333326,8.337046196284954,2.7670724447122,0.723099386101265,8.1670724447122
2023-12-08 15:30:00,1702077901.0,7.166666666666667,7.0,7.166666666666667,14.0,50.0,11.166666666666666,64.0,36.78538116666667,-119.77311716666668,3.5,3.7300586354715786,10.269941364528421,358.33333333333337,7.7646914706868095,4.128674689664263,1.066375865201257,7.628674689664263
2023-12-08 16:30:00,1702080901.0,8.0,7.75,8.0,12.5,55.0,11.0,65.5,36.785348,-119.7730825,6.5,3.69513273100791,8.80486726899209,440.0,8.27341186287919,1.6189876660380307,0.4336532560051459,8.11898766603803
