date_time,pm_calibrated_clarityremake,pm_calibrated_twovar,reference
2023-06-07 15:30:00,8.16841236873247,8.087922141495497,12.2
2023-06-07 16:30:00,8.81527504708739,8.721740313323997,8.7
2023-06-07 17:30:00,9.151163203231274,9.04673678347412,7.5
2023-06-07 18:30:00,8.46602823717389,8.37818379238789,9.7
2023-06-07 19:30:00,7.623581026242588,7.553593431997051,8.5
2023-06-07 20:30:00,7.74142847881051,7.671407728852699,7.0
2023-06-07 21:30:00,7.34892191946576,7.285784280808401,4.5
2023-06-07 22:30:00,7.5243256157581175,7.458683882833319,9.5
2023-06-07 23:30:00,7.643263939800601,7.575775032705604,5.5
2023-06-08 00:30:00,7.4510470014955965,7.38780562122361,7.8
2023-06-08 01:30:00,7.305819419389602,7.247983859617012,6.3
2023-06-08 02:30:00,4.578864963127571,4.55535945584457,2.7
2023-06-08 03:30:00,3.8255807283807997,3.8102511234740786,4.2
2023-06-08 04:30:00,3.511995140114985,3.4986145998613503,7.5
2023-06-08 05:30:00,3.6643184340990613,3.6467900656311816,4.1
2023-06-08 06:30:00,3.4202982795852788,3.402234863562409,2.2
2023-06-08 07:30:00,3.562991139356197,3.5456309256777336,2.5
2023-06-08 08:30:00,3.912367758646469,3.8976516962172036,2.4
2023-06-08 09:30:00,5.027957246802994,5.0057896970893605,7.4
2023-06-08 10:30:00,8.307177401004399,8.222984140268506,7.8
2023-06-08 11:30:00,7.230759923318722,7.174103829398272,7.8
2023-06-08 12:30:00,6.937761913827441,6.892444881707265,6.1
2023-06-08 13:30:00,6.961623314348943,6.917427430913295,4.8
2023-06-08 14:30:00,6.787104655085127,6.746182091690671,12.9
2023-06-08 15:30:00,6.825270200128564,6.7868688816042475,10.9
2023-06-08 16:30:00,6.594968851658961,6.565150734144835,7.6
2023-06-08 17:30:00,6.860383575723706,6.816572284296571,7.9
2023-06-08 18:30:00,7.0915033662150035,7.040553026689082,9.4
2023-06-08 19:30:00,6.746346724262716,6.703274778981858,7.1
2023-06-08 20:30:00,6.323272582742254,6.284790294661193,11.0
2023-06-08 21:30:00,6.97278690149122,6.916748296583744,11.8
2023-06-08 22:30:00,6.032233261018013,5.993693084048375,8.6
2023-06-08 23:30:00,5.414010493258306,5.3851898662033495,6.9
2023-06-09 00:30:00,5.309946580150801,5.277887392432684,4.1
2023-06-09 01:30:00,4.6325950714255075,4.608631671194614,5.3
2023-06-09 02:30:00,4.5792940119190115,4.554063191927227,4.2
2023-06-09 03:30:00,4.5469713539799494,4.5205491884720095,6.1
2023-06-09 04:30:00,4.6022309417065586,4.574718314468478,4.7
2023-06-09 05:30:00,5.269998802531328,5.237937995233891,2.3
2023-06-09 06:30:00,5.469596960017785,5.440699826968067,4.9
2023-06-09 09:30:00,5.337747216235671,5.318721421410181,4.3
2023-06-09 10:30:00,5.164925368898212,5.15628593566596,4.1
2023-06-09 11:30:00,5.278470313227922,5.276662249334258,6.8
2023-06-09 12:30:00,5.255649372928044,5.266139210590804,7.1
2023-06-09 13:30:00,5.490541993662122,5.504112696313323,6.5
2023-06-09 14:30:00,5.520178083296944,5.528873735408025,4.4
2023-06-09 15:30:00,5.451464192822437,5.463880049207236,4.7
2023-06-09 16:30:00,5.557842835303237,5.567332295115816,7.2
2023-06-09 17:30:00,5.725871894059492,5.729266024321897,9.7
2023-06-09 18:30:00,5.956611933747951,5.943073673988001,9.0
2023-06-09 19:30:00,5.912145507901978,5.89198658033382,10.1
2023-06-09 20:30:00,5.841389756721986,5.816167988471355,7.4
2023-06-09 21:30:00,5.4604003308105655,5.440172768105398,5.3
2023-06-09 22:30:00,5.1445279747193355,5.129251524510679,11.5
2023-06-09 23:30:00,4.762018202789682,4.749745125261381,7.7
2023-06-10 00:30:00,5.025471174280131,5.000132830039028,11.6
2023-06-10 01:30:00,4.605903415461649,4.583560060798335,6.9
2023-06-10 02:30:00,4.08637078862622,4.069434496851413,3.5
2023-06-10 03:30:00,3.9129842159157304,3.8964198940713817,2.3
2023-06-10 04:30:00,3.711733321982007,3.696240437722671,2.7
2023-06-10 05:30:00,3.9540341634854848,3.935053142370656,1.6
2023-06-10 06:30:00,3.8939868550273715,3.8759106556018197,-0.1
2023-06-10 07:30:00,4.023634688461756,4.003109836548615,1.8
2023-06-10 08:30:00,4.154542438961623,4.139561359591843,3.2
2023-06-10 09:30:00,5.00172398871576,4.9858077824282585,4.4
2023-06-10 10:30:00,4.870994495304849,4.8672302103117815,8.5
2023-06-10 11:30:00,5.33476615584529,5.33035762392325,12.2
2023-06-10 12:30:00,4.865585516252986,4.87782540290177,7.7
2023-06-10 13:30:00,4.691756329638684,4.727148197774277,3.7
2023-06-10 14:30:00,4.831380136528006,4.87752313685182,3.6
2023-06-10 15:30:00,5.042440304810294,5.088029968323884,4.0
2023-06-10 16:30:00,6.607765296865642,6.598581975153751,4.6
2023-06-10 17:30:00,5.234239186757319,5.270840050961636,2.7
2023-06-10 18:30:00,5.509559111219099,5.51812069515435,3.5
2023-06-10 19:30:00,5.6590468833224294,5.653671480683065,7.3
2023-06-10 20:30:00,5.886447138961312,5.865407627578999,7.9
2023-06-10 21:30:00,5.709888726504429,5.681379084872399,7.3
2023-06-10 22:30:00,5.413395448209359,5.387884425010714,7.7
2023-06-10 23:30:00,5.356377998954094,5.331383283711817,5.8
2023-06-11 00:30:00,5.502099325289274,5.4723800097367015,5.1
2023-06-11 01:30:00,5.778048156315338,5.741212314822548,4.0
2023-06-11 02:30:00,5.21966843500026,5.1904465433589415,7.6
2023-06-11 03:30:00,5.507818427658259,5.473361782410745,10.7
2023-06-11 04:30:00,7.331319216864231,7.275470247762019,7.7
2023-06-11 05:30:00,6.83752074416671,6.787597557373605,7.0
2023-06-11 06:30:00,7.213010016551353,7.16272217895254,7.1
2023-06-11 07:30:00,7.948453554902514,7.888345363339795,5.9
2023-06-11 08:30:00,7.7955995839408345,7.731329260557917,4.3
2023-06-11 09:30:00,7.098074516464877,7.039943685023403,2.7
2023-06-11 10:30:00,6.991348404333028,6.934910450387133,5.6
2023-06-11 11:30:00,7.31377414477544,7.2527842590846685,6.1
2023-06-11 12:30:00,9.31800160763666,9.203069646494102,10.2
2023-06-11 13:30:00,8.736243776463494,8.638699101780388,7.8
2023-06-11 14:30:00,7.845338565506263,7.779193327875462,9.6
2023-06-11 15:30:00,6.803291272376981,6.776076559708735,11.4
2023-06-11 16:30:00,6.268206350703472,6.2610758255176195,8.4
2023-06-11 17:30:00,5.6246676219889515,5.623920398023644,6.3
2023-06-11 18:30:00,5.356820017360121,5.358150139001813,5.3
2023-06-11 19:30:00,5.393977980418162,5.387110913444659,7.2
2023-06-11 20:30:00,6.133796593912714,6.097275400075811,7.8
2023-06-11 21:30:00,4.759130527113495,4.75023144014123,10.0
2023-06-11 22:30:00,4.142814574802153,4.144870186636124,7.7
2023-06-11 23:30:00,3.8882410543256856,3.892091722817518,3.7
2023-06-12 00:30:00,3.8729531697875483,3.8668662023188345,1.6
2023-06-12 01:30:00,3.8561251132939995,3.841156466521616,6.6
2023-06-12 02:30:00,3.6692504580093805,3.6503426257376757,6.7
2023-06-12 03:30:00,3.3481796729029445,3.329408870557442,5.8
2023-06-12 04:30:00,3.3114595384004453,3.2880477366087213,6.9
2023-06-12 05:30:00,3.372184412100153,3.3502158036197836,6.0
2023-06-12 06:30:00,4.011437423988816,3.986826366065695,7.9
2023-06-12 07:30:00,5.254652075253255,5.222422720270769,5.8
2023-06-12 08:30:00,5.815632247166729,5.778074816438901,2.4
2023-06-12 09:30:00,6.025508973030597,5.984999071157607,1.4
2023-06-12 10:30:00,5.83642266875658,5.812739199739773,1.8
2023-06-12 11:30:00,5.565738579503213,5.55702036165075,0.2
2023-06-12 12:30:00,5.258291570157811,5.261422928561682,1.6
2023-06-12 13:30:00,5.344832377876827,5.351987509821031,9.3
2023-06-12 14:30:00,5.492166982903966,5.492416301384054,9.2
2023-06-12 15:30:00,5.3155043070184105,5.329638869672836,6.6
2023-06-12 16:30:00,5.0753569286745375,5.099247955349719,3.2
2023-06-12 17:30:00,5.049676924091457,5.071913750020344,5.0
2023-06-12 18:30:00,5.540003391313702,5.5376986850873635,7.8
2023-06-12 19:30:00,5.623599019217264,5.610021194267419,5.0
2023-06-12 20:30:00,5.933784499168671,5.904046212709062,8.3
2023-06-12 21:30:00,6.54491282316603,6.498203390099386,9.3
2023-06-12 22:30:00,6.412808992832078,6.366220606335454,5.4
2023-06-12 23:30:00,4.21254522020729,4.20495439906355,4.1
2023-06-13 00:30:00,4.018054397064536,4.009035420886146,4.8
2023-06-13 01:30:00,3.8351237990507108,3.821271836975121,7.0
2023-06-13 02:30:00,3.6601635651166218,3.6427859008295016,7.5
2023-06-13 03:30:00,3.5613901821278904,3.545012068803169,4.7
2023-06-13 04:30:00,3.7467391176819147,3.724771347872565,2.6
2023-06-13 05:30:00,3.919559113552382,3.894520214937764,2.6
2023-06-13 06:30:00,4.225189554587667,4.198584944278572,0.6
2023-06-13 07:30:00,4.36807627208943,4.343758322819207,3.5
2023-06-13 08:30:00,4.644379731209583,4.624902171895101,3.0
2023-06-13 09:30:00,5.102048182362543,5.093424774279409,-0.5
2023-06-13 10:30:00,5.054899409264744,5.050731675965176,5.5
2023-06-13 11:30:00,5.244804310300477,5.246102770523219,7.9
2023-06-13 12:30:00,5.94421574462404,5.9334563165107745,9.2
2023-06-13 13:30:00,5.345493408615228,5.352245922771973,6.2
2023-06-13 14:30:00,5.402621814957442,5.411684966465429,5.8
2023-06-13 15:30:00,5.4734641798542345,5.4832038253519375,7.3
2023-06-13 16:30:00,5.455823355687094,5.467625801057974,7.7
2023-06-13 17:30:00,5.301409109998488,5.315533132095396,8.2
2023-06-13 18:30:00,5.719423258401798,5.714058623237962,5.5
2023-06-13 19:30:00,7.431695861841693,7.370741595841604,7.6
2023-06-13 20:30:00,5.2234646357193455,5.215837880533211,6.9
2023-06-13 21:30:00,5.228513566279501,5.213853339371976,7.9
2023-06-13 22:30:00,5.272212983221726,5.251992836379294,7.0
2023-06-13 23:30:00,4.955428854280506,4.937159348189638,7.9
2023-06-14 00:30:00,4.366235694025468,4.358632255916447,5.5
2023-06-14 01:30:00,4.0202836504198425,4.019929401459796,5.7
2023-06-14 02:30:00,4.072236462076757,4.0635583197677505,4.1
2023-06-14 03:30:00,4.108023237949469,4.093678616970594,3.3
2023-06-14 04:30:00,4.306803558398891,4.287265728763389,2.4
2023-06-14 05:30:00,4.324836166924402,4.30356029282415,-0.8
2023-06-14 06:30:00,4.712164201511873,4.688586624396118,3.0
2023-06-14 07:30:00,4.85428020317607,4.834666375117689,4.7
2023-06-14 08:30:00,4.882643282868432,4.870951028788088,6.8
2023-06-14 09:30:00,4.978538768949196,4.977553205540153,5.5
2023-06-14 10:30:00,5.078262608342935,5.091066074823036,3.6
2023-06-14 11:30:00,5.290152133365862,5.304745381657055,6.2
2023-06-14 12:30:00,5.30107225137273,5.322127725150445,8.8
2023-06-14 13:30:00,5.338447378020717,5.361554715455305,7.9
2023-06-14 14:30:00,5.208726486279816,5.236314136104882,6.4
2023-06-14 15:30:00,5.0024911951968996,5.039387445688572,4.7
2023-06-14 16:30:00,5.116093530374384,5.148922795581105,4.5
2023-06-14 17:30:00,5.08122641428363,5.113210280731328,7.4
2023-06-14 18:30:00,5.382476973919151,5.396782249632928,6.3
2023-06-14 19:30:00,5.766797514588424,5.7596317646932516,9.6
2023-06-14 20:30:00,5.4607645830990315,5.450122158065528,8.4
2023-06-14 21:30:00,5.732782051017986,5.705493328443041,8.5
2023-06-14 22:30:00,5.553122004210165,5.524327549728683,12.4
2023-06-14 23:30:00,4.796231345440847,4.781137846398018,7.0
2023-06-15 00:30:00,4.642465805833421,4.626828162888126,5.0
2023-06-15 01:30:00,4.87103114301337,4.846991633479252,6.2
2023-06-15 02:30:00,5.073279711936562,5.046244880286572,5.9
2023-06-15 03:30:00,5.025085776013542,4.997740358557392,5.4
2023-06-15 04:30:00,5.153807596534253,5.122833326549355,6.3
2023-06-15 05:30:00,5.222077378182622,5.189399230858031,5.5
2023-06-15 06:30:00,5.696039038196856,5.658721284373256,4.8
2023-06-15 07:30:00,6.030091981075575,5.989242132763936,7.0
2023-06-15 08:30:00,5.841576566607359,5.809041080234412,5.5
2023-06-15 09:30:00,5.944283601036824,5.917822213924454,9.7
2023-06-15 10:30:00,6.38098739122805,6.347320794014969,7.8
2023-06-15 11:30:00,6.888535246013364,6.847148385357231,8.3
2023-06-15 12:30:00,6.852437796616613,6.815564572057665,10.3
2023-06-15 13:30:00,6.26905121870157,6.25278104381714,8.4
2023-06-15 14:30:00,6.0789289728184865,6.069666967842664,12.2
2023-06-15 15:30:00,5.910781119059501,5.906968869984871,10.3
2023-06-15 16:30:00,5.953056397165801,5.948487003880819,8.3
2023-06-15 17:30:00,6.229709586539874,6.213331473277521,11.1
2023-06-15 18:30:00,6.276808801658974,6.2530917081923505,13.0
2023-06-15 19:30:00,6.256404478530536,6.226011716651288,12.2
2023-06-15 20:30:00,6.111725154527846,6.080259799249989,16.4
2023-06-15 21:30:00,6.264674979042254,6.224596252816205,7.6
2023-06-15 22:30:00,6.3796677648335525,6.335615440768765,10.2
2023-06-15 23:30:00,6.10805310747171,6.077428499285281,11.4
2023-06-16 00:30:00,5.701326977681365,5.7393620429427985,8.9
2023-06-16 01:30:00,5.617919399134533,5.698336894965188,9.6
2023-06-16 02:30:00,5.610425268438473,5.707997733246881,7.3
2023-06-16 03:30:00,5.58297432984143,5.6681621246761305,8.7
2023-06-16 04:30:00,5.315888594295044,5.380087200685743,6.6
2023-06-16 05:30:00,5.445078734266946,5.503638461591851,6.1
2023-06-16 06:30:00,5.624397450370547,5.690159585895676,9.9
2023-06-16 07:30:00,5.973766484620009,6.046246883427031,8.2
2023-06-16 08:30:00,6.03924672170457,6.1165676249925305,8.5
2023-06-16 09:30:00,5.926518016943655,5.958083907541789,7.0
2023-06-16 10:30:00,6.287121703519599,6.312437491532928,10.4
2023-06-16 11:30:00,6.108262912650478,6.1372360129330765,6.5
2023-06-16 12:30:00,6.063427496375429,6.089420608280317,7.4
2023-06-16 13:30:00,6.040997270188184,6.067547166055602,6.7
2023-06-16 14:30:00,5.9413184771141285,5.993240362469564,11.8
2023-06-16 15:30:00,5.78875569082229,5.824963782120889,8.1
2023-06-16 16:30:00,5.73536287816482,5.759464140219331,4.8
2023-06-16 17:30:00,5.897269420242916,5.915133209271951,7.3
2023-06-16 18:30:00,6.32354408761435,6.313820344764661,8.8
2023-06-16 19:30:00,7.12645452928534,7.0767640608275215,11.7
2023-06-16 20:30:00,7.2131791883629575,7.157360254598812,14.9
2023-06-16 21:30:00,6.9319556302375265,6.880908204275502,14.5
2023-06-16 22:30:00,6.997555182373782,6.9449117194769885,10.7
2023-06-16 23:30:00,6.736484086368611,6.687664516379086,8.0
2023-06-17 00:30:00,6.449606123344257,6.404186180124907,7.2
2023-06-17 01:30:00,6.296713056718033,6.250113169163724,5.0
2023-06-17 02:30:00,6.275546225396111,6.231582173111453,11.1
2023-06-17 03:30:00,6.394700697521156,6.348393329185366,11.7
2023-06-17 04:30:00,6.661863285985339,6.612003024246781,9.2
2023-06-17 05:30:00,6.83789808167359,6.786950289058321,7.4
2023-06-17 06:30:00,7.008294376971761,6.9540533881142235,9.2
2023-06-17 07:30:00,7.211923442211816,7.150657060828692,9.3
2023-06-17 08:30:00,7.757704598268678,7.6853742533969385,14.4
2023-06-17 09:30:00,8.513490927873727,8.422529298084363,13.3
2023-06-17 10:30:00,8.542399678604706,8.449202441357404,13.1
2023-06-17 11:30:00,8.327489959553937,8.24745788960337,14.7
2023-06-17 12:30:00,7.334225068317982,7.293847944115031,15.9
2023-06-17 13:30:00,6.303262525391009,6.306322170024701,1.1
2023-06-17 14:30:00,6.14405781267771,6.157134792853334,6.2
2023-06-17 15:30:00,5.950597823425425,5.973019675678437,8.4
2023-06-17 16:30:00,5.5676190748970065,5.606600431566556,5.8
2023-06-17 17:30:00,5.691915288450542,5.726948706088676,6.9
2023-06-17 18:30:00,5.437534677155092,5.481620859123563,2.8
2023-06-17 19:30:00,5.929666144889829,5.943140622481474,6.4
2023-06-17 20:30:00,5.985064655333159,5.984530785839879,6.0
2023-06-17 21:30:00,6.254047289410545,6.23643655129015,5.8
2023-06-17 22:30:00,6.879704784782984,6.8306738227113835,8.8
2023-06-17 23:30:00,6.942597254504477,6.888339464537506,7.8
2023-06-18 00:30:00,6.701201955693399,6.649931415975711,5.0
2023-06-18 01:30:00,6.177021665869717,6.135727661039657,2.7
2023-06-18 02:30:00,5.551405279847273,5.522527429691887,7.0
2023-06-18 03:30:00,5.053903018886116,5.035253955357118,5.0
2023-06-18 04:30:00,4.989211848670616,4.9683147118012965,3.1
2023-06-18 05:30:00,5.024040644659684,5.00129044678803,4.3
2023-06-18 06:30:00,4.580978284948149,4.5636216269417,5.0
2023-06-18 07:30:00,4.295769987352111,4.2958359434420545,2.5
2023-06-18 08:30:00,3.9522705028029406,3.9779287795520872,2.5
2023-06-18 09:30:00,3.989193374390908,4.030701337945307,4.0
2023-06-18 10:30:00,4.247548844367533,4.294099047077189,1.6
2023-06-18 11:30:00,4.192946278922524,4.267378280529577,0.0
2023-06-18 12:30:00,4.22519014752436,4.304501294678189,5.5
2023-06-18 13:30:00,4.111294399537291,4.193177460323595,6.2
2023-06-18 14:30:00,3.9917821588104587,4.078194835727197,3.7
2023-06-18 15:30:00,4.029133387962929,4.1212090963232155,2.5
2023-06-18 16:30:00,3.7243564828840547,3.825508792428942,1.0
2023-06-18 17:30:00,3.8006530364885327,3.8848641862218476,-0.8
2023-06-18 18:30:00,4.078157273066936,4.164744754278292,2.2
2023-06-18 19:30:00,4.4762692860681685,4.621112194650815,15.8
2023-06-18 20:30:00,4.578251268236174,4.970431348203796,9.5
2023-06-18 21:30:00,4.114250245358193,4.449409297446415,4.9
2023-06-18 22:30:00,4.00205857557782,4.226556826526108,3.8
2023-06-18 23:30:00,3.8398970930485747,4.026999439193579,3.7
2023-06-19 00:30:00,3.583807883992656,3.781071881799648,3.4
2023-06-19 01:30:00,3.5707733299731528,3.751518562341643,2.0
2023-06-19 02:30:00,3.521525146753147,3.6844989537564645,4.3
2023-06-19 03:30:00,3.5354871875836227,3.6779129824034005,3.4
2023-06-19 04:30:00,3.565196199439681,3.666467242366476,2.4
2023-06-19 05:30:00,3.6718891486749015,3.7192878530213345,2.0
2023-06-19 06:30:00,3.5395508148854846,3.5999493903194364,2.8
2023-06-19 07:30:00,3.835957048453154,3.9251027891432666,0.6
2023-06-19 08:30:00,4.219594766895923,4.313145654424497,1.3
2023-06-19 09:30:00,4.515196835251288,4.592631436343873,4.5
2023-06-19 10:30:00,4.691013072727085,4.766820631247647,2.4
2023-06-19 11:30:00,4.816592685518099,4.903558978682538,3.9
2023-06-19 12:30:00,4.870555608538383,4.946970492968159,7.7
2023-06-19 13:30:00,5.124503490031261,5.187018588407232,5.2
2023-06-19 14:30:00,5.146191782461511,5.212888363348451,3.8
2023-06-19 15:30:00,5.3615319250224465,5.417701711574523,2.3
2023-06-19 16:30:00,4.98719627825555,5.068862574157446,3.5
2023-06-19 17:30:00,4.758377983071049,4.835770429988478,3.6
2023-06-19 18:30:00,4.402459704336571,4.4882694626072235,1.6
2023-06-19 19:30:00,4.627219614454673,4.68996626116291,3.9
2023-06-19 20:30:00,4.957605064632958,4.984625774676943,4.5
2023-06-19 21:30:00,4.363804758247959,4.397255223633218,5.9
2023-06-19 22:30:00,3.818530561418414,3.9216709818403865,4.8
2023-06-19 23:30:00,3.7076682075114924,3.816491273513816,1.5
2023-06-20 00:30:00,3.51366220866801,3.6164172819267972,0.4
2023-06-20 01:30:00,3.355057544173876,3.4445622019067654,-0.2
2023-06-20 02:30:00,3.1938757610964563,3.2638411632787854,0.6
2023-06-20 03:30:00,3.0770555861713413,3.1425528696003164,3.4
2023-06-20 04:30:00,3.393711987667682,3.461763925163135,3.5
2023-06-20 05:30:00,3.621515719679209,3.667036691987171,2.0
2023-06-20 06:30:00,3.630168554014575,3.6778808930124094,2.9
2023-06-20 07:30:00,3.720678056685286,3.793829550788929,2.1
2023-06-20 08:30:00,3.662537591811161,3.7532839721937723,1.3
2023-06-20 09:30:00,3.872922694782662,4.053019839366009,3.6
2023-06-20 10:30:00,4.058894144253614,4.270594608990541,5.3
2023-06-20 11:30:00,3.9551992262355475,4.062751825303804,6.9
2023-06-20 12:30:00,4.157153159924225,4.247912098379477,4.3
2023-06-20 13:30:00,4.391405266642414,4.477492550985176,1.1
2023-06-20 14:30:00,4.415261238217721,4.496316176662548,0.0
2023-06-20 15:30:00,4.48419408824381,4.573548159615969,3.9
2023-06-20 16:30:00,4.578533870324399,4.657956782733023,3.0
2023-06-20 17:30:00,4.501177916344644,4.581838742153819,0.6
2023-06-20 18:30:00,4.465574660434102,4.55051425609663,2.7
2023-06-20 19:30:00,4.41400799014903,4.496945903738229,0.7
2023-06-20 20:30:00,4.421670130065459,4.486234244707704,0.7
2023-06-20 21:30:00,4.3011629361142525,4.359617110869494,1.4
2023-06-20 22:30:00,4.013988638993181,4.074768518871473,1.5
2023-06-20 23:30:00,3.879106112496478,3.9384454912611155,3.7
2023-06-21 00:30:00,3.6845135547350347,3.7416662596024794,5.2
2023-06-21 01:30:00,3.5444118103843634,3.616684465497542,5.6
2023-06-21 02:30:00,3.50470477093297,3.5757462791288637,4.6
2023-06-21 03:30:00,3.5519995725399003,3.631137480676635,4.2
2023-06-21 04:30:00,3.8913292872864433,3.9343658270399167,1.8
2023-06-21 05:30:00,4.16225692629461,4.185472513653813,1.8
2023-06-21 06:30:00,4.887135729573039,4.8748581063688015,5.9
2023-06-21 07:30:00,4.288091536887657,4.39216380061127,4.2
2023-06-21 08:30:00,4.575169506981228,4.746706919180914,4.4
2023-06-21 09:30:00,4.808815206880411,4.8364764612117135,5.8
2023-06-21 10:30:00,5.840852143149896,5.846984588948811,7.0
2023-06-21 11:30:00,5.241105773508898,5.285925089337265,4.3
2023-06-21 12:30:00,4.8755323839164095,4.954524746000476,1.0
2023-06-21 13:30:00,4.754298010992907,4.8494915113642065,4.2
2023-06-21 14:30:00,4.71812016250022,4.812156430024052,2.3
2023-06-21 15:30:00,4.66208583611209,4.759313313593343,0.4
2023-06-21 16:30:00,4.759587901983576,4.856681121310272,7.2
2023-06-21 17:30:00,5.000157546027674,5.081289491197148,5.5
2023-06-21 18:30:00,5.242027335013937,5.302838286895866,1.9
2023-06-21 19:30:00,4.9574810417338995,5.024875311507185,5.7
2023-06-21 20:30:00,5.170624230887442,5.216689741827468,5.2
2023-06-21 21:30:00,5.085268116397657,5.114706407431401,4.5
2023-06-21 22:30:00,4.960069535308632,4.983724664867888,5.5
2023-06-21 23:30:00,5.079153942528051,5.110778706332081,10.7
2023-06-22 00:30:00,4.625150553879312,4.66571411501301,12.2
2023-06-22 01:30:00,4.591607518523512,4.634831921034312,6.9
2023-06-22 02:30:00,4.55377163024775,4.597448394353444,8.9
2023-06-22 03:30:00,4.454433883086834,4.47858117716765,5.3
2023-06-22 04:30:00,4.417996343864786,4.435990482120637,4.3
2023-06-22 05:30:00,5.133198708303035,5.118722931612364,10.4
2023-06-22 06:30:00,5.4528387261521285,5.41769461628016,6.6
2023-06-22 07:30:00,5.769635712381227,5.73298448161554,3.5
2023-06-22 08:30:00,5.6140850589930515,5.600071804307291,9.9
2023-06-22 09:30:00,5.6556879042582695,5.651298084157486,8.9
2023-06-22 10:30:00,5.990463058247071,5.986710990621215,8.6
2023-06-22 11:30:00,5.555600920718268,5.574427161583489,8.1
2023-06-22 12:30:00,5.376645143117442,5.411524013029995,6.1
2023-06-22 13:30:00,5.607439657927811,5.634762127173027,8.1
2023-06-22 14:30:00,6.096459526169944,6.100529521000443,9.1
2023-06-22 15:30:00,5.439902965378526,5.471479882625334,10.3
2023-06-22 16:30:00,5.130032906575322,5.1635379226483265,7.8
2023-06-22 17:30:00,5.10025775236536,5.125157060419161,6.9
2023-06-22 18:30:00,5.313802335897094,5.428926369638845,5.4
2023-06-22 19:30:00,5.336633465404619,5.492139576623757,4.8
2023-06-22 20:30:00,5.358450691516289,5.5449580876973,10.9
2023-06-22 21:30:00,5.201854079088046,5.345328067853824,13.6
2023-06-22 22:30:00,4.823607309364172,4.833933824858523,7.7
2023-06-22 23:30:00,4.87990619945499,4.863778960081627,8.2
2023-06-23 00:30:00,4.699938287004592,4.676293976637902,6.8
2023-06-23 01:30:00,4.528331302950111,4.504208895107649,5.6
2023-06-23 02:30:00,4.535883854625349,4.508703946246351,5.5
2023-06-23 03:30:00,4.609951841480655,4.582001344322226,5.1
2023-06-23 04:30:00,4.816908316635449,4.785748642880915,5.5
2023-06-23 05:30:00,5.006506958476847,4.975622464508504,4.7
2023-06-23 06:30:00,5.361725507942266,5.329455937726564,3.2
2023-06-23 07:30:00,5.417755937974307,5.383318375133726,4.5
2023-06-23 08:30:00,4.966252688651628,4.944272479587249,4.2
2023-06-23 09:30:00,5.0440467884160585,5.028937043779389,8.0
2023-06-23 10:30:00,4.925947705175144,4.9282031966617215,5.9
2023-06-23 11:30:00,4.940838595719175,4.954260406600131,5.5
2023-06-23 12:30:00,4.961883186081203,4.984465740231492,4.0
2023-06-23 13:30:00,5.010230687030569,5.035502853099175,3.0
2023-06-23 14:30:00,5.1190103866659795,5.144153496754097,6.4
2023-06-23 15:30:00,5.1696593196304095,5.193636479448937,6.0
2023-06-23 16:30:00,5.347546891108762,5.365637071246116,2.6
2023-06-23 17:30:00,5.542793065985007,5.55226022652262,0.8
2023-06-23 18:30:00,5.244263434426971,5.262048084180192,9.6
2023-06-23 19:30:00,5.270066471406484,5.27702689242051,8.7
2023-06-23 20:30:00,7.1474501808813695,7.093857852642475,10.7
2023-06-23 21:30:00,7.074013388547963,7.017192847433893,12.8
2023-06-23 22:30:00,5.309055170606241,5.287684945034535,7.4
2023-06-23 23:30:00,4.8822390092284405,4.862454691033621,4.5
2023-06-24 00:30:00,4.828749177150847,4.803614829378297,4.5
2023-06-24 01:30:00,4.716324056234825,4.6901914531073565,4.9
2023-06-24 02:30:00,5.116569755270575,5.0842685367062534,3.0
2023-06-24 03:30:00,5.262388007632288,5.229363676636037,2.7
2023-06-24 04:30:00,5.370299076867939,5.336780189248659,2.7
2023-06-24 05:30:00,5.291528985405849,5.260636209104591,1.6
2023-06-24 06:30:00,5.391615439010052,5.359330791760897,2.7
2023-06-24 07:30:00,5.193967028434393,5.161014204779825,3.3
2023-06-24 08:30:00,5.229807124632604,5.199111948269451,4.1
2023-06-24 09:30:00,4.980613990762116,4.96373018626538,4.9
2023-06-24 10:30:00,5.263303063960009,5.245200480122832,11.2
2023-06-24 11:30:00,5.563393974094371,5.542930065731597,8.3
2023-06-24 12:30:00,5.7885400713912185,5.772237176407992,4.7
2023-06-24 13:30:00,5.4108957836599885,5.42115681216551,3.5
2023-06-24 14:30:00,5.322289351961488,5.345578028805132,8.4
2023-06-24 15:30:00,5.927326092523296,5.936389647448163,10.3
2023-06-24 16:30:00,6.179767641165162,6.17849116242091,8.6
2023-06-24 17:30:00,7.010862780788436,6.978169037268038,7.5
2023-06-24 18:30:00,6.601303116256506,6.581073760704133,9.7
2023-06-24 19:30:00,6.371210059875102,6.355010645340338,7.1
2023-06-24 20:30:00,6.26516746802963,6.242824382938149,7.0
2023-06-24 21:30:00,6.39231858055416,6.358880540860529,5.1
2023-06-24 22:30:00,6.2255267195505075,6.185260423282909,11.6
2023-06-24 23:30:00,6.440317213970372,6.3926407320733425,7.8
2023-06-25 00:30:00,6.190107095329266,6.145990187250852,5.7
2023-06-25 01:30:00,6.004562771915104,5.963486420907865,4.5
2023-06-25 02:30:00,5.991949550954767,5.951980031121411,10.4
2023-06-25 03:30:00,6.090114393898254,6.049478281251741,6.8
2023-06-25 04:30:00,6.255898877016296,6.2170557141554035,3.6
2023-06-25 05:30:00,6.6795452292699515,6.6391423105451395,7.1
2023-06-25 06:30:00,6.583998605163856,6.541371124795564,5.7
2023-06-25 07:30:00,6.175030514503489,6.13175647913587,7.9
2023-06-25 08:30:00,6.1788504558408555,6.136839503832558,6.9
2023-06-25 09:30:00,6.402246389059958,6.35821857547604,5.3
2023-06-25 10:30:00,6.353372869632799,6.318124676034977,4.0
2023-06-25 11:30:00,6.05891454043235,6.039862251929557,5.3
2023-06-25 12:30:00,5.979154237894899,5.967899841215768,8.0
2023-06-25 13:30:00,6.196229068626305,6.1820959739516725,4.6
2023-06-25 14:30:00,6.092236088224733,6.085203610913475,7.0
2023-06-25 15:30:00,6.34878025798478,6.3370027739338965,7.0
2023-06-25 16:30:00,6.16778529639253,6.161147234764308,5.1
2023-06-25 17:30:00,6.127579798192954,6.117136997935548,3.2
2023-06-25 18:30:00,6.607388127843926,6.576872204995581,7.1
2023-06-25 19:30:00,6.70502139574604,6.6673631667229705,5.9
2023-06-25 20:30:00,6.4562257999182,6.419991734053238,9.6
2023-06-25 21:30:00,6.209842610575332,6.174455131604964,5.7
2023-06-25 22:30:00,5.528140615118002,5.5039843513114315,0.7
2023-06-25 23:30:00,5.30532934273492,5.280425914719141,-0.5
2023-06-26 00:30:00,4.747627112633555,4.726341465201725,0.1
2023-06-26 01:30:00,4.252845251603639,4.234720923381259,-0.3
2023-06-26 02:30:00,4.141764064552013,4.120487598072824,1.3
2023-06-26 03:30:00,4.311931961559396,4.282709201461227,3.0
2023-06-26 04:30:00,4.7432853002066455,4.7125062488759335,3.6
2023-06-26 05:30:00,5.667246256656351,5.633826069070702,2.2
2023-06-26 06:30:00,5.547454759992212,5.514424484743419,4.8
2023-06-26 07:30:00,6.000256957131679,5.960685408588466,5.5
2023-06-26 08:30:00,5.752166467103894,5.716326534217316,3.4
2023-06-26 09:30:00,5.512182689081627,5.4893496578822,3.7
2023-06-26 10:30:00,5.689106193409853,5.672574163154616,4.7
2023-06-26 11:30:00,6.659854614233249,6.624561685507178,4.8
2023-06-26 12:30:00,5.979021675475668,5.970275337322661,3.7
2023-06-26 13:30:00,5.989013634497879,5.991798586775075,6.7
2023-06-26 14:30:00,6.272207435179951,6.269791613690799,7.8
2023-06-26 15:30:00,6.405757051397503,6.399807484733548,6.1
2023-06-26 16:30:00,6.524666922660678,6.5223966137865315,5.0
2023-06-26 17:30:00,6.92974762924108,6.9223298613536315,3.4
2023-06-26 18:30:00,6.898602624183676,6.884216676205716,3.7
2023-06-26 19:30:00,6.7660504512712,6.742630073581069,3.3
2023-06-26 20:30:00,7.093923193028263,7.050448065643627,6.8
2023-06-26 21:30:00,7.630755556865256,7.565444600672112,12.0
2023-06-26 22:30:00,6.54595025785391,6.500457214412682,9.0
2023-06-26 23:30:00,5.2087284324504335,5.188073476955182,5.2
2023-06-27 00:30:00,5.401784479448349,5.370698838528306,3.9
2023-06-27 01:30:00,5.527084343391636,5.4938387634020796,6.3
2023-06-27 02:30:00,5.6165591227783445,5.581054865669712,8.2
2023-06-27 03:30:00,5.94022159435805,5.900790188742654,6.8
2023-06-27 04:30:00,13.90808692062297,13.571076358070373,14.6
2023-06-27 05:30:00,16.18294048930934,15.694618597600964,16.5
2023-06-27 06:30:00,11.217313053317257,10.967956571424397,9.6
2023-06-27 07:30:00,7.937702480113135,7.873385577951432,7.5
2023-06-27 08:30:00,7.268899665053532,7.206539345253024,9.0
2023-06-27 09:30:00,7.0007609715356764,6.953067660438808,8.2
2023-06-27 10:30:00,7.038748349287104,6.99413381734503,5.5
2023-06-27 11:30:00,6.82977248479863,6.787306466726344,12.2
2023-06-27 12:30:00,6.5112971605858565,6.4814261891090466,6.7
2023-06-27 13:30:00,6.480067049120148,6.461331373274147,6.9
2023-06-27 14:30:00,6.259843743664797,6.253629902201927,6.5
2023-06-27 15:30:00,6.339644467131384,6.337187195058338,6.6
2023-06-27 16:30:00,6.896200546108428,6.875259556826206,8.6
2023-06-27 17:30:00,7.003323088469076,6.9697099428020195,7.1
2023-06-27 18:30:00,7.023243585771423,6.986850574751545,5.7
2023-06-27 21:30:00,7.680905593629673,7.610102971621206,7.3
2023-06-27 22:30:00,7.492594339828704,7.42691808194633,8.6
2023-06-27 23:30:00,5.703199320873748,5.671356462520947,8.3
2023-06-28 00:30:00,5.286405700057629,5.258216487604147,5.6
2023-06-28 01:30:00,4.975002861992436,4.949959664089297,4.5
2023-06-28 02:30:00,4.90159736190894,4.874547441993592,4.7
2023-06-28 03:30:00,5.1403556458512165,5.110369721824301,6.8
2023-06-28 04:30:00,5.474799788580197,5.4397306786191,6.0
2023-06-28 05:30:00,5.593251030364192,5.556939088382615,3.7
2023-06-28 06:30:00,5.476098476435236,5.4413614468952005,6.4
2023-06-28 07:30:00,5.968209014344588,5.928667159538776,9.2
2023-06-28 08:30:00,5.990992411283906,5.953721862591341,8.9
2023-06-28 09:30:00,6.018110169611504,5.991490766570263,7.1
2023-06-28 10:30:00,6.045207217024823,6.026985112024088,4.9
2023-06-28 11:30:00,6.401324173920564,6.378021623167562,6.5
2023-06-28 12:30:00,6.245579965288954,6.233481107655987,5.5
2023-06-28 13:30:00,6.136192237800131,6.132428272296758,2.3
2023-06-28 14:30:00,6.268596296470319,6.2643285914500195,3.4
2023-06-28 15:30:00,6.268040038766705,6.268278405246116,6.4
2023-06-28 16:30:00,6.041248501013136,6.048110735492358,3.5
2023-06-28 17:30:00,6.13368547829569,6.128984339742521,8.5
2023-06-28 18:30:00,6.2176624140885774,6.204807157604803,7.0
2023-06-28 19:30:00,6.264191426141201,6.241991193797484,8.1
2023-06-28 20:30:00,6.307178597808741,6.275661333556544,8.3
2023-06-28 21:30:00,6.3114217250881115,6.275523110786849,11.1
2023-06-28 22:30:00,6.075248434925403,6.038489923441586,8.1
2023-06-28 23:30:00,5.778161443081265,5.7447883426180475,7.5
2023-06-29 00:30:00,5.5572736357906924,5.5283078745468135,6.5
2023-06-29 01:30:00,5.48818660868365,5.456070301853284,5.4
2023-06-29 02:30:00,5.553298339289019,5.521578639915735,6.1
2023-06-29 03:30:00,5.429928588358493,5.398507395145533,8.8
2023-06-29 04:30:00,5.5533466158618365,5.519879457460737,6.9
2023-06-29 05:30:00,5.914037006643636,5.874582895569926,6.6
2023-06-29 06:30:00,6.16671129260617,6.123637347940029,6.0
2023-06-29 07:30:00,6.0185216028426956,5.982629379419488,6.6
2023-06-29 08:30:00,6.1901138257137855,6.161250044341586,5.1
2023-06-29 09:30:00,5.985656158182644,5.977632199448106,3.5
2023-06-29 10:30:00,6.139761767174493,6.135891696754095,3.9
2023-06-29 11:30:00,6.348014670854522,6.339940676328457,2.8
2023-06-29 12:30:00,6.419429419603015,6.408443441831274,5.7
2023-06-29 13:30:00,6.6633814546730985,6.6473290006376,9.3
2023-06-29 14:30:00,6.696342790561703,6.678554889511121,15.4
2023-06-29 15:30:00,6.74129149353848,6.723549072189484,10.5
2023-06-29 16:30:00,6.530192714636046,6.521684496559089,7.8
2023-06-29 17:30:00,6.449976128544133,6.444778247344626,6.3
2023-06-29 18:30:00,6.294933957408633,6.288759604569501,7.2
2023-06-29 19:30:00,6.227536664561953,6.215269174304187,5.6
2023-06-29 20:30:00,6.68035869749986,6.642187425772698,10.1
2023-06-29 21:30:00,7.351026639772366,7.290285805091946,9.6
2023-06-29 22:30:00,7.996155374424717,7.919278446184715,10.5
2023-06-29 23:30:00,7.940817817576351,7.865630717547302,11.5
2023-06-30 00:30:00,8.319015371407982,8.236749074743242,11.4
2023-06-30 01:30:00,8.410613489346602,8.330894627549807,10.3
2023-06-30 02:30:00,8.845582909518729,8.761157645554807,13.8
2023-06-30 03:30:00,8.957598896590648,8.876923439791309,12.6
2023-06-30 04:30:00,9.169516453497508,9.093284707944802,13.7
2023-06-30 05:30:00,9.195628009578328,9.430810176762533,17.8
2023-06-30 06:30:00,10.757334159472247,10.94554390320171,16.4
2023-06-30 07:30:00,11.468687633467923,12.402691820895013,24.0
2023-06-30 08:30:00,12.840756954902506,14.462775277444656,22.9
2023-06-30 09:30:00,12.167923433509802,14.660483659468913,22.6
2023-06-30 10:30:00,6.984368432437524,11.688703812747455,18.3
2023-06-30 11:30:00,9.078686751866828,8.975586394541953,15.0
2023-06-30 12:30:00,9.534316325329726,9.417632792896018,23.4
2023-06-30 13:30:00,9.554905989832216,9.439186553370467,22.4
2023-06-30 14:30:00,9.084508317452325,8.984667285296378,19.3
2023-06-30 15:30:00,8.659514308313419,8.574905872809296,20.4
2023-06-30 16:30:00,7.392415158943284,7.358103201228974,9.2
2023-06-30 17:30:00,7.334289643245982,7.295333200613986,9.8
2023-06-30 18:30:00,7.282332729645071,7.243600592768481,8.6
2023-06-30 19:30:00,7.609156730505301,7.555868252123495,11.1
2023-06-30 20:30:00,8.122235291271892,8.049202324666368,12.2
2023-06-30 21:30:00,8.506863368956594,8.41750655084266,15.1
2023-06-30 22:30:00,8.834953008472409,8.735462894400664,13.1
2023-06-30 23:30:00,9.260894687726937,9.152127990158156,12.6
2023-07-01 00:30:00,8.046477013892144,10.1496403767015,13.8
2023-07-01 01:30:00,8.990279286092042,10.723371798073687,19.4
2023-07-01 02:30:00,8.541190751295407,10.303767342211646,14.9
2023-07-01 03:30:00,10.390603101470674,11.203820311443245,18.8
2023-07-01 04:30:00,10.238280305250154,10.877704065806698,17.1
2023-07-01 05:30:00,9.884001621636596,10.277272315757962,10.9
2023-07-01 06:30:00,10.57426952285649,10.74428210750193,11.0
2023-07-01 07:30:00,12.627387519564667,13.27179529409512,20.8
2023-07-01 08:30:00,11.374170889012612,13.266578831852794,25.5
2023-07-01 09:30:00,9.142850092198131,12.446054021557469,21.0
2023-07-01 10:30:00,6.915644534415065,11.84856284691772,19.1
2023-07-01 11:30:00,6.216369111862232,12.131164454801297,25.2
2023-07-01 12:30:00,4.958069583324443,12.002652148875445,21.3
2023-07-01 13:30:00,10.612060469558163,10.458932166579988,18.0
2023-07-01 14:30:00,9.373009407727967,9.26637811211711,21.3
2023-07-01 15:30:00,8.009913399289726,7.953317301572536,13.5
2023-07-01 16:30:00,7.743111836233492,7.697268530581925,9.4
2023-07-01 17:30:00,6.636693908526267,6.644266954573585,12.0
2023-07-01 18:30:00,6.294587364234294,6.318814308271103,6.9
2023-07-01 19:30:00,6.1905850247481515,6.214076174271126,6.5
2023-07-01 20:30:00,6.5548622558624245,6.548614777160376,7.8
2023-07-01 21:30:00,7.371570745610084,7.3230106809219215,9.4
2023-07-01 22:30:00,8.242021883164568,8.160569639825427,15.8
2023-07-01 23:30:00,8.140513501254475,8.061490773261951,7.8
2023-07-02 00:30:00,8.440891097886764,8.353292674951872,8.4
2023-07-02 01:30:00,8.936638508753951,8.832458012390097,11.9
2023-07-02 02:30:00,8.813056751783227,8.71444830011071,9.0
2023-07-02 03:30:00,8.958412745043933,8.858911538924588,7.1
2023-07-02 04:30:00,9.11835880895111,9.018952932645494,13.3
2023-07-02 05:30:00,9.268331849177532,9.172259988053579,10.2
2023-07-02 06:30:00,9.4474049299264,9.347871690125464,9.8
2023-07-02 07:30:00,9.198513735854942,11.125871000139671,13.7
2023-07-02 08:30:00,11.590865866759126,13.686338515808083,22.6
2023-07-02 09:30:00,7.4513628415587245,11.552654435720278,17.4
2023-07-02 10:30:00,10.678873031337652,10.522189003287185,17.1
2023-07-02 11:30:00,10.093821263116059,9.956612935511426,16.8
2023-07-02 12:30:00,10.162943605463035,10.023893056628863,21.8
2023-07-02 13:30:00,9.578100756378749,9.464014820179548,12.9
2023-07-02 14:30:00,9.427482754374802,9.320405925499063,13.5
2023-07-02 15:30:00,9.889029637970886,9.76363815847253,22.2
2023-07-02 16:30:00,9.535510198838535,9.42049040472013,20.1
2023-07-02 17:30:00,8.38676141213937,8.312738027901279,15.0
2023-07-02 18:30:00,7.185333345605068,7.155448317382004,9.3
2023-07-02 19:30:00,6.820371924443991,6.803414964200741,9.9
2023-07-02 20:30:00,6.56402333339666,6.557411315398993,5.6
2023-07-02 21:30:00,7.217542707191452,7.179360405018285,7.3
2023-07-02 22:30:00,7.91689205280862,7.846334608254237,7.9
2023-07-02 23:30:00,7.638030595904782,7.5723845682870365,5.7
2023-07-03 00:30:00,8.83033378612468,8.73008240269703,8.8
2023-07-03 01:30:00,8.726703516849298,8.629144865928545,7.0
2023-07-03 02:30:00,8.283325824962255,8.198032989538758,7.6
2023-07-03 03:30:00,8.537824266764233,8.444916847579854,7.0
2023-07-03 04:30:00,7.705835176495617,7.63684425964088,6.6
2023-07-03 05:30:00,7.943556360510587,7.866062681421568,6.1
2023-07-03 06:30:00,8.136455353262347,8.054311293251242,8.4
2023-07-03 07:30:00,8.000342297282863,7.923964463947054,6.6
2023-07-03 08:30:00,8.484136865015266,8.39652359498114,9.0
2023-07-03 09:30:00,7.723026225364187,7.668592480949426,6.4
2023-07-03 10:30:00,6.8912351051116705,6.877849985079575,4.0
2023-07-03 11:30:00,6.309964346383792,6.329061392824009,2.0
2023-07-03 12:30:00,5.991260549639814,6.033662413851065,5.7
2023-07-03 13:30:00,5.793023930332398,5.853018503002966,7.5
2023-07-03 14:30:00,5.752436224191731,5.819048323395391,4.4
2023-07-03 15:30:00,5.865530403892593,5.91966469788209,4.8
2023-07-03 16:30:00,5.969010321123596,6.015951173828153,8.1
2023-07-03 17:30:00,6.082665722730838,6.113540584730044,6.4
2023-07-03 18:30:00,6.409612324644835,6.417168087824704,8.6
2023-07-03 19:30:00,6.266831060333407,6.270608320967227,7.2
2023-07-03 20:30:00,6.213754523332268,6.216771599748203,7.2
2023-07-03 21:30:00,6.180107402490046,6.180269542055472,6.0
2023-07-03 22:30:00,6.305437991679748,6.289589194427911,7.1
2023-07-03 23:30:00,6.482738651675216,6.454938742583142,7.0
2023-07-04 00:30:00,6.50311497642395,6.471876152419834,5.2
2023-07-04 01:30:00,6.397360905459725,6.363447111949875,6.7
2023-07-04 02:30:00,6.612765924501629,6.569200431710575,6.9
2023-07-04 03:30:00,6.6218291450820965,6.5747881047375225,5.7
2023-07-04 04:30:00,6.60042488093088,6.553458047029352,7.3
2023-07-04 05:30:00,6.678254968404705,6.628818389995332,8.9
2023-07-04 06:30:00,6.908401809226401,6.853709012816699,11.3
2023-07-04 07:30:00,7.985932901257332,7.906312696916222,9.7
2023-07-04 08:30:00,9.258922605834123,9.145913109553106,9.8
2023-07-04 09:30:00,8.454258184137228,8.36801899669065,8.6
2023-07-04 10:30:00,7.257562835147468,7.228769395886623,5.5
2023-07-04 11:30:00,6.551643718761448,6.565866678240366,4.1
2023-07-04 12:30:00,6.03239570018085,6.077357589737783,3.0
2023-07-04 13:30:00,5.939413956226345,5.986217063574256,5.8
2023-07-04 14:30:00,6.097848107473126,6.134093304004073,8.4
2023-07-04 15:30:00,6.065541703890377,6.100898363249325,5.8
2023-07-04 16:30:00,5.914827401412517,5.958852916056926,5.4
2023-07-04 17:30:00,5.996206576120821,6.035162048799058,5.5
2023-07-04 18:30:00,6.067320067993759,6.091378837582148,5.0
2023-07-04 19:30:00,6.317106949949622,6.324996578272803,7.2
2023-07-04 20:30:00,7.732019109602779,13.561906345090286,35.3
2023-07-04 22:30:00,13.635366073950562,15.931594911681612,48.8
2023-07-04 23:30:00,15.860924677573955,16.895190581950175,41.1
2023-07-05 00:30:00,10.336010948868418,11.890244942312478,22.4
2023-07-05 01:30:00,9.951050602708436,11.196682425689778,21.5
2023-07-05 02:30:00,11.918193833839648,12.583280115238956,15.4
2023-07-05 03:30:00,11.042361723995104,11.555974317318942,17.2
2023-07-05 04:30:00,10.346770026928848,10.81385513871872,12.9
2023-07-05 05:30:00,10.429916570853525,10.737141998725512,11.9
2023-07-05 06:30:00,9.894236942330078,10.286248485378003,15.5
2023-07-05 07:30:00,9.289994673327632,9.1854291878854,13.2
2023-07-05 08:30:00,8.245185767272417,8.161227778341829,9.3
2023-07-05 09:30:00,7.9747791243418185,7.902136602108121,8.1
2023-07-06 13:30:00,6.065658256844694,6.072261595258663,4.8
2023-07-06 14:30:00,5.841785932941798,5.861635191574315,5.5
2023-07-06 15:30:00,5.705334945656143,5.732761761546952,8.4
2023-07-06 16:30:00,5.451317528011757,5.488219529260611,5.7
2023-07-06 17:30:00,5.395004360315573,5.433709600161439,7.8
2023-07-06 18:30:00,5.33111604865385,5.366963202892505,7.5
2023-07-06 19:30:00,5.607723697997677,5.62279101399114,4.2
2023-07-06 20:30:00,5.460779193930485,5.4670612951889925,4.0
2023-07-06 21:30:00,5.387486164255571,5.390895574642691,7.5
2023-07-06 22:30:00,5.434390820066058,5.416823086756785,5.3
2023-07-06 23:30:00,4.920230380203491,4.903269812277632,3.3
2023-07-07 00:30:00,4.698659572054726,4.678107066457131,2.2
2023-07-07 01:30:00,4.68117942979921,4.657732469563598,0.2
2023-07-07 02:30:00,4.714778580661994,4.6879982785435885,2.1
2023-07-07 03:30:00,5.272049590809865,5.239340489286544,6.5
2023-07-07 04:30:00,5.905991964236135,5.869583669691604,7.0
2023-07-07 05:30:00,6.680231303013288,6.64149186708717,7.6
2023-07-07 06:30:00,7.110055789945294,7.0719710769874355,5.6
2023-07-07 07:30:00,7.710266799086883,7.65473157613735,7.0
2023-07-07 08:30:00,7.405011047348205,7.341284380906876,4.8
2023-07-07 09:30:00,6.874704357910981,6.823553139624141,3.0
2023-07-07 10:30:00,6.823360734570302,6.780567411684807,4.4
2023-07-07 11:30:00,6.920771795213721,6.880278104905279,6.3
2023-07-07 12:30:00,6.830140617762265,6.796399277472542,11.1
2023-07-07 13:30:00,6.913964072575863,6.884738073564773,10.8
2023-07-07 14:30:00,6.560351945649826,6.548725578752857,13.1
2023-07-07 15:30:00,6.1490434391742275,6.154837487735572,8.9
2023-07-07 16:30:00,6.042492305761317,6.054873420559312,3.8
2023-07-07 17:30:00,6.454646588106479,6.447275415245118,2.5
2023-07-07 18:30:00,7.039050122082285,7.002148445692333,5.7
2023-07-07 19:30:00,7.901813946560415,7.831607914220917,9.6
2023-07-07 20:30:00,7.9280853505003295,7.852851382614697,10.1
2023-07-07 21:30:00,7.030411083687334,6.975482774739389,9.2
2023-07-07 22:30:00,5.413077258683943,5.392757988838662,4.7
2023-07-07 23:30:00,5.20831073321622,5.230621397447972,2.7
2023-07-08 00:30:00,5.113121970303972,5.132589152470697,7.3
2023-07-08 01:30:00,4.804798575777331,4.825515691699394,6.5
2023-07-08 02:30:00,4.609894436057454,4.63266925749258,5.4
2023-07-08 03:30:00,4.591779122197971,4.620081846512436,5.5
2023-07-08 04:30:00,5.016957614687258,5.035278167635209,5.8
2023-07-08 05:30:00,5.1178327377217645,5.119565267876482,6.1
2023-07-08 06:30:00,5.938432691575608,5.916290022047487,6.3
2023-07-08 07:30:00,5.2682406867614,5.298101753642679,5.7
2023-07-08 08:30:00,5.552474806704564,5.6114721128762515,4.0
2023-07-08 09:30:00,5.607282575345589,5.658961411495511,3.0
2023-07-08 10:30:00,5.582595509086574,5.641274177475527,6.7
2023-07-08 11:30:00,5.435231181724314,5.5033505203165625,5.2
2023-07-08 12:30:00,5.22987793662819,5.299286099083913,5.8
2023-07-08 13:30:00,5.158964866197872,5.219235413653674,4.8
2023-07-08 14:30:00,5.024418104057919,5.084737920749648,2.7
2023-07-08 15:30:00,5.279576201036163,5.324014434501631,4.0
2023-07-08 16:30:00,5.301893909513875,5.336793965973775,4.5
2023-07-08 17:30:00,5.995086174191419,5.99051319305885,5.7
2023-07-08 18:30:00,5.395461387715285,5.413712988431132,4.0
2023-07-08 19:30:00,5.149264781365548,5.171283640138112,4.7
2023-07-08 20:30:00,5.215345935292538,5.21849772915591,5.7
2023-07-08 21:30:00,5.456719083665358,5.440602632398351,8.2
2023-07-08 22:30:00,5.045344241653383,5.088239946195875,4.9
2023-07-08 23:30:00,4.8448776401375,4.889881750405818,3.2
2023-07-09 00:30:00,4.601196562621433,4.625946321605445,5.7
2023-07-09 01:30:00,4.532569359678667,4.536845256442819,4.0
2023-07-09 02:30:00,4.338200479798155,4.339851814072574,2.4
2023-07-09 03:30:00,4.514113598885959,4.4996398521424465,4.2
2023-07-09 04:30:00,4.41964004412318,4.401110422084205,6.4
2023-07-09 05:30:00,4.230758077031616,4.2115928452176075,4.7
2023-07-09 06:30:00,3.8385270442655868,3.823810932794205,1.7
2023-07-09 07:30:00,3.7385057971957703,3.742906817522007,2.5
2023-07-09 08:30:00,3.940696530023135,3.959682648695548,2.7
2023-07-09 09:30:00,4.144909512842749,4.175443815820927,2.4
2023-07-09 10:30:00,4.341738094107068,4.377979127455612,4.4
2023-07-09 11:30:00,4.557287823522574,4.598915365023712,3.3
2023-07-09 12:30:00,4.701879860413578,4.753846004989484,5.1
2023-07-09 13:30:00,4.872180438011475,4.92747637631242,4.8
2023-07-09 14:30:00,4.913144416327281,4.968380841246776,2.9
2023-07-09 15:30:00,4.875584925760248,4.925859566569094,2.2
2023-07-09 16:30:00,4.913338394058899,4.967457991035488,3.6
2023-07-09 17:30:00,4.995841368967662,5.05262221218445,2.2
2023-07-09 18:30:00,4.704700612981615,4.762047526337085,0.6
2023-07-09 19:30:00,4.306354499322678,4.361354868716084,1.3
2023-07-09 20:30:00,4.3239426060253825,4.364087369019149,1.9
2023-07-09 21:30:00,3.8535491728693403,3.8885170500142485,2.8
2023-07-09 22:30:00,3.3690799756241656,3.4023165091250864,3.6
2023-07-09 23:30:00,3.2730831913086296,3.305650320729025,2.1
2023-07-10 00:30:00,3.1334018406108255,3.1706067030281466,2.3
2023-07-10 01:30:00,2.989370432595732,3.0047984116012594,4.6
2023-07-10 02:30:00,2.8315305557622366,2.8332539959564373,2.9
2023-07-10 03:30:00,2.670390909972947,2.6616422595236005,-1.3
2023-07-10 05:30:00,2.727505301846063,2.7076907727118797,3.7
2023-07-10 06:30:00,2.9537210465337647,2.933727330541848,3.8
2023-07-10 07:30:00,3.1272673990770192,3.11678248405357,3.3
2023-07-10 08:30:00,3.789289925330462,3.83822906203363,7.2
2023-07-10 09:30:00,3.8760968646034395,3.9107812004293665,3.4
2023-07-10 10:30:00,4.012447079856396,4.056580797797762,-0.4
2023-07-10 11:30:00,4.154465489718223,4.196590068860457,2.0
2023-07-10 12:30:00,4.332062373751974,4.378521892922361,4.7
2023-07-10 13:30:00,4.360118185302793,4.413890367419958,7.0
2023-07-10 14:30:00,4.4963068310561765,4.556997505562304,5.8
2023-07-10 15:30:00,4.429969041790752,4.500554914431622,0.9
2023-07-10 16:30:00,4.581225461250847,4.660332278839916,-1.8
2023-07-10 17:30:00,4.696443178654416,4.765806494725507,4.3
2023-07-10 18:30:00,4.603933342532021,4.664781749592835,3.8
2023-07-10 19:30:00,4.6071407192802285,4.660584393046914,-0.6
2023-07-10 20:30:00,4.940472343167755,4.968563535084444,-0.4
2023-07-10 21:30:00,4.7573633495778065,4.77973003629911,4.2
2023-07-10 22:30:00,4.866661461346796,4.880878454969259,7.3
2023-07-10 23:30:00,4.788307363417667,4.798363435618603,5.9
2023-07-11 00:30:00,4.715957709761574,4.722377937034113,3.2
2023-07-11 01:30:00,5.008122660767409,5.000897019966516,5.4
2023-07-11 02:30:00,5.410029922266942,5.387962615999845,4.8
2023-07-11 03:30:00,5.387901035080233,5.359197073355405,8.2
2023-07-11 04:30:00,4.915975241577736,4.8937691871656135,15.8
2023-07-11 05:30:00,4.966954461727279,4.940670512226886,11.2
2023-07-11 06:30:00,5.499840451396494,5.471218759689931,9.0
2023-07-11 07:30:00,6.777525644380276,6.725669371810376,8.3
2023-07-11 08:30:00,6.481046173308432,6.443264904077772,12.6
2023-07-11 09:30:00,5.854453107978992,5.851297318544386,8.9
2023-07-11 10:30:00,6.190794131081953,6.185630992818563,8.0
2023-07-11 11:30:00,6.507852415904861,6.500819013328535,13.4
2023-07-11 12:30:00,5.833899214715093,5.859713399743921,10.4
2023-07-11 13:30:00,5.468978773792447,5.515983598882938,5.7
2023-07-11 14:30:00,5.429829230083451,5.478830073712293,4.0
2023-07-11 15:30:00,5.393202710210101,5.441698288943879,7.7
2023-07-11 16:30:00,5.389210078115624,5.4422959303115395,8.8
2023-07-11 17:30:00,5.168809148841682,5.242052827442115,5.7
2023-07-11 18:30:00,5.157547263202264,5.224368590193317,5.8
2023-07-11 19:30:00,5.182411455655309,5.233037157894391,5.1
2023-07-11 20:30:00,5.527141031214459,5.548327581671585,8.9
2023-07-11 21:30:00,5.286974302438092,5.3039375322008775,6.0
2023-07-11 22:30:00,5.483429370388727,5.482778383598341,2.5
2023-07-11 23:30:00,8.116466009540211,8.05083346523701,10.7
2023-07-12 00:30:00,5.157727029758303,5.1632125612039115,7.1
2023-07-12 01:30:00,5.016010221357412,5.023718632917586,5.5
2023-07-12 02:30:00,4.965713825479708,4.966944009304002,3.4
2023-07-12 03:30:00,4.924391389028114,4.914115000323884,4.8
2023-07-12 04:30:00,5.14267982269356,5.124701788410691,3.5
2023-07-12 05:30:00,8.97338126602729,8.901970837909497,10.7
2023-07-12 06:30:00,7.3223834532284755,7.268562518455903,7.4
2023-07-12 07:30:00,6.330916077174356,6.293552722595523,6.0
2023-07-12 08:30:00,7.0551192196591614,7.00685422981488,8.6
2023-07-12 09:30:00,9.097012695702853,8.992653258041702,7.3
2023-07-12 10:30:00,7.065773405512733,7.03323050245376,14.4
2023-07-12 11:30:00,6.3984839883194855,6.402363202802252,11.2
2023-07-12 12:30:00,5.952045185895777,5.983607563334049,5.5
2023-07-12 13:30:00,5.259418988830804,5.333672800907467,5.7
2023-07-12 14:30:00,4.928101482735911,5.020436710955382,4.4
2023-07-12 15:30:00,4.839513242820706,4.941428447948715,1.7
2023-07-12 16:30:00,4.798996611423917,4.902542123529288,4.0
2023-07-12 17:30:00,4.626968317985911,4.742946374413875,2.7
2023-07-12 18:30:00,4.812041821220588,4.895654407338632,0.5
2023-07-12 19:30:00,5.2366955596814755,5.281753672356206,3.1
2023-07-12 20:30:00,5.038655884361113,5.082371195262556,4.9
2023-07-12 21:30:00,4.87972765720241,4.925577313634603,8.6
2023-07-12 22:30:00,4.997610256617644,5.021149572771908,6.1
2023-07-12 23:30:00,5.2128083384221195,5.211744999998639,7.4
2023-07-13 00:30:00,5.596607121990991,5.571645397005933,8.5
2023-07-13 01:30:00,6.126693906088675,6.087586522647941,9.0
2023-07-13 02:30:00,6.453769719628981,6.407413006492445,7.8
2023-07-13 03:30:00,6.910607530275633,6.855405002299499,6.7
2023-07-13 04:30:00,7.417211679705376,7.354135760685455,9.4
2023-07-13 05:30:00,7.506448435112029,7.445077802212701,7.4
2023-07-13 06:30:00,7.7433582835184005,7.679136277397426,5.7
2023-07-13 07:30:00,7.270080811988162,7.208882230756567,6.1
2023-07-13 08:30:00,6.069748380019416,6.050032899617293,8.3
2023-07-13 09:30:00,5.657773758749964,5.671884450406929,3.9
2023-07-13 10:30:00,5.614209721680657,5.643302352042017,4.0
2023-07-13 11:30:00,5.634932129187082,5.677163829638426,6.1
2023-07-13 12:30:00,5.525807709084571,5.572834313904339,7.7
2023-07-13 13:30:00,5.305534218135666,5.365278354609266,4.7
2023-07-13 14:30:00,5.303066189428222,5.3636584565342815,3.5
2023-07-13 15:30:00,4.8739273872588775,4.9635295453470825,3.4
2023-07-13 16:30:00,4.786511889817256,4.874159197032396,2.8
2023-07-13 17:30:00,4.640162183663478,4.7345088867678085,1.1
2023-07-13 18:30:00,4.484586020158003,4.572040544745817,1.7
2023-07-13 19:30:00,4.363443124262446,4.436820682382195,2.1
2023-07-13 20:30:00,4.467051431441231,4.5118966728323695,2.6
2023-07-13 21:30:00,4.529983351071798,4.551832090713854,4.8
2023-07-13 22:30:00,4.473528757233758,4.489366083435591,2.9
2023-07-13 23:30:00,4.498824345130869,4.508418476846919,9.5
2023-07-14 00:30:00,4.221487867013755,4.237466643566452,6.0
2023-07-14 01:30:00,4.085228975887636,4.101041405545441,1.2
2023-07-14 02:30:00,3.8208249498784523,3.8451453108809703,4.2
2023-07-14 03:30:00,3.6514618304011117,3.663963403427498,6.6
2023-07-14 04:30:00,3.817630907844992,3.8154158474078192,4.6
2023-07-14 05:30:00,3.879198651505008,3.8758321667770548,2.6
2023-07-14 06:30:00,3.8373838853791815,3.842209386851761,1.5
2023-07-14 07:30:00,4.107360174568712,4.113025860804302,1.9
2023-07-14 08:30:00,4.803561075957212,4.840411365198868,9.4
2023-07-14 09:30:00,5.057690381912376,5.081576687883352,6.4
2023-07-14 10:30:00,4.970043943604724,5.007610440644763,2.2
2023-07-14 11:30:00,5.2011855227933514,5.236761880385495,3.2
2023-07-14 12:30:00,5.583325811975122,5.606865515555985,13.5
2023-07-14 13:30:00,5.5344948026081955,5.564921716529716,11.3
2023-07-14 14:30:00,5.285595600174913,5.327061038907358,11.6
2023-07-14 15:30:00,5.574727057501368,5.606046795898691,9.5
2023-07-14 16:30:00,5.309456162966827,5.349479099424881,9.8
2023-07-14 17:30:00,5.377022671677484,5.41205380871431,9.0
2023-07-14 18:30:00,5.27719148832995,5.313999823334803,8.7
2023-07-14 19:30:00,4.846169692767654,4.897029234539647,4.8
2023-07-14 20:30:00,4.75716261273237,4.800952231828641,6.4
2023-07-14 21:30:00,5.261651200354486,5.271943495429278,7.3
2023-07-14 22:30:00,4.996593360383106,5.004077893653729,8.0
2023-07-14 23:30:00,5.1127116279224945,5.108650752975012,13.7
2023-07-15 00:30:00,5.200079111740294,5.184977426956747,11.1
2023-07-15 01:30:00,5.241355232398544,5.220980253172132,11.1
2023-07-15 02:30:00,5.150162539313727,5.126982630833638,9.3
2023-07-15 03:30:00,4.98183005239245,4.958556339545186,10.0
2023-07-15 04:30:00,5.06934832756945,5.041757759935146,13.8
2023-07-15 05:30:00,4.986887586010308,4.960235160082926,14.7
2023-07-15 06:30:00,5.096569537770111,5.066812126927454,13.7
2023-07-15 07:30:00,6.054226432683861,6.013351364551834,14.8
2023-07-15 08:30:00,8.076777937358294,7.997826333876395,17.8
2023-07-15 09:30:00,6.794507916432355,6.753862933431113,15.8
2023-07-15 10:30:00,6.4454472723395835,6.422238887328046,14.1
2023-07-15 11:30:00,6.355810558610591,6.3460577251234564,16.3
2023-07-15 12:30:00,5.8311568183923885,5.855324951035072,12.3
2023-07-15 13:30:00,5.966248284119726,5.994952378033132,12.6
2023-07-15 14:30:00,6.502564755402381,6.501461710186647,17.3
2023-07-15 15:30:00,6.207722368858667,6.216243903645202,16.9
2023-07-15 16:30:00,5.74815430692909,5.773930321720394,13.8
2023-07-15 17:30:00,5.496460782269823,5.534799319745557,13.1
2023-07-15 18:30:00,5.515534588819708,5.548499033013594,7.8
2023-07-15 19:30:00,5.27114283703112,5.301455433664133,10.8
2023-07-15 20:30:00,5.508045118003608,5.518648391257351,9.8
2023-07-15 21:30:00,5.53033140452215,5.5308042978582215,7.1
2023-07-15 22:30:00,5.840298094457639,5.821605578263984,7.6
2023-07-15 23:30:00,6.009909729812249,5.980496854605248,9.6
2023-07-16 00:30:00,6.084205671775202,6.049051871532334,13.7
2023-07-16 01:30:00,6.392561714195345,6.348301796119262,13.6
2023-07-16 02:30:00,7.465315331152343,7.40378757024566,12.8
2023-07-16 03:30:00,7.034583129142499,6.9813835704111975,14.1
2023-07-16 04:30:00,7.120553734267732,7.068927206058914,17.7
2023-07-16 05:30:00,7.460746028147867,7.408243712037067,20.0
2023-07-16 06:30:00,8.328603779624203,8.267955647468668,16.0
2023-07-16 07:30:00,9.447974851348661,9.353335171861236,13.5
2023-07-16 08:30:00,8.24103130644966,10.590803810192195,26.3
2023-07-16 09:30:00,8.45959142035234,8.371755090467339,17.3
2023-07-16 10:30:00,8.004540244524375,7.932067906729353,21.2
2023-07-16 11:30:00,6.927775654280877,6.89812292329497,12.0
2023-07-16 12:30:00,6.753340735041817,6.735730918355217,16.7
2023-07-16 13:30:00,6.7446776841004015,6.732234808835621,19.6
2023-07-16 14:30:00,6.4493218717451395,6.449538010178214,14.3
2023-07-16 15:30:00,6.351309146169239,6.358977628081495,17.6
2023-07-16 16:30:00,6.4445715942040085,6.44733396541333,16.9
2023-07-16 17:30:00,6.690952720665495,6.677340595829278,16.2
2023-07-16 18:30:00,6.812772118389845,6.7945055247883275,12.6
2023-07-16 19:30:00,7.274859960136523,7.230446116843048,21.8
2023-07-16 20:30:00,7.2348072044231735,7.186719214124257,13.0
2023-07-16 21:30:00,7.183289922361124,7.132374962518478,14.0
2023-07-16 22:30:00,6.7862160693225775,6.7434987485417786,13.3
2023-07-16 23:30:00,7.02919022311209,6.974962596310503,12.2
2023-07-17 00:30:00,6.621375704633259,6.576924828714391,8.9
2023-07-17 01:30:00,6.689975357762592,6.6429352687723355,8.6
2023-07-17 02:30:00,6.903969389659468,6.849381213857377,9.8
2023-07-17 03:30:00,6.618463183562534,6.571565196761847,7.9
2023-07-17 04:30:00,6.931943110522123,6.877380669067211,5.9
2023-07-17 05:30:00,7.164737475523092,7.1075148296951305,10.1
2023-07-17 06:30:00,7.39509717121857,7.335195743552596,9.7
2023-07-17 07:30:00,8.217736237215064,8.137796079135994,12.4
2023-07-17 08:30:00,8.573959762254788,11.04275171831914,16.0
2023-07-17 09:30:00,9.59904823243976,9.480239719709722,15.6
2023-07-17 10:30:00,9.779153565176912,9.653459149808729,20.2
2023-07-17 11:30:00,9.205418683830322,9.09811487384541,21.6
2023-07-17 12:30:00,7.807010248209529,7.748150180461328,17.0
2023-07-17 13:30:00,6.919378290986069,6.902459120579552,12.3
2023-07-17 14:30:00,6.413370205325904,6.423230785614122,11.1
2023-07-17 15:30:00,6.305836968282952,6.325730435902479,12.3
2023-07-17 16:30:00,6.557701301597454,6.558874831495715,8.5
2023-07-17 17:30:00,6.44478503636698,6.448999443874096,12.1
2023-07-17 18:30:00,6.027017870062688,6.0423758710232125,15.0
2023-07-17 19:30:00,6.315208825326403,6.309692408588069,11.5
2023-07-17 20:30:00,6.430058758554274,6.409663986635341,8.1
2023-07-17 21:30:00,5.815198944741709,5.814452809831712,8.8
2023-07-17 22:30:00,5.597159722743438,5.616926079403137,7.5
2023-07-17 23:30:00,5.377535244727542,5.387972741611878,9.2
2023-07-18 00:30:00,5.39569996891333,5.399635662294411,8.3
2023-07-18 01:30:00,5.387026881601807,5.391942196228893,5.6
2023-07-18 02:30:00,5.162043299823944,5.1750768009575,8.8
2023-07-18 03:30:00,5.256789934833115,5.262628031707461,5.9
2023-07-18 04:30:00,5.318687064410344,5.316043659253336,6.8
2023-07-18 05:30:00,5.665832618017648,5.646610213569084,5.5
2023-07-18 06:30:00,6.968132815259534,6.916079287866228,7.1
2023-07-18 07:30:00,6.708342615313692,6.665038422339406,7.8
2023-07-18 08:30:00,6.537657167758293,6.505412302587343,9.2
2023-07-18 09:30:00,6.505574231603207,6.491221296672227,6.6
2023-07-18 10:30:00,6.270596820316475,6.276086872066745,7.7
2023-07-18 11:30:00,6.423096385278361,6.424229727233227,10.2
2023-07-18 12:30:00,6.623145615092305,6.6264698161509905,13.9
2023-07-18 13:30:00,6.539910653818465,6.546807986085094,12.5
2023-07-18 14:30:00,5.944408248972541,5.9766220153333425,14.6
2023-07-18 15:30:00,5.780028233866585,5.815519975566986,13.3
2023-07-18 16:30:00,5.9555510039729675,5.973816654933497,9.7
2023-07-18 17:30:00,7.10341570837655,7.066557985203222,14.4
2023-07-18 18:30:00,7.705934871624694,7.65085179311373,10.7
2023-07-18 19:30:00,8.0813642955948,8.01281736731006,11.0
2023-07-18 20:30:00,8.35444741021341,8.272631530972326,11.3
2023-07-18 21:30:00,9.072049019361678,8.96483792574545,12.2
2023-07-18 22:30:00,8.772045443520064,8.674421721457662,13.2
2023-07-18 23:30:00,9.065854981611942,8.960738454194512,9.0
2023-07-19 00:30:00,9.940565457248498,12.133283152085163,14.2
2023-07-19 01:30:00,11.877172456823786,13.527315451967112,13.8
2023-07-19 02:30:00,14.047400886709031,15.05731506878372,13.0
2023-07-19 03:30:00,17.10202986475032,17.432551463003342,19.9
2023-07-19 04:30:00,18.850465426931752,18.766568104645277,16.6
2023-07-19 05:30:00,23.767704376893935,22.86234042853398,24.6
2023-07-19 06:30:00,23.78726742133238,22.852895272059193,22.4
2023-07-19 07:30:00,24.110926165937265,23.208390482695215,23.3
2023-07-19 08:30:00,22.05574904073037,22.004532061727637,29.4
2023-07-19 09:30:00,18.333785129391227,19.841846160527805,19.9
2023-07-19 10:30:00,14.840751682406127,18.20527544222203,21.9
2023-07-19 11:30:00,13.670869859760476,18.203228769467998,30.7
2023-07-19 12:30:00,9.445890934836479,15.953946670489195,20.1
2023-07-19 13:30:00,8.129154123550222,15.815383856876187,20.4
2023-07-19 14:30:00,4.394342491495463,13.84388043545086,16.3
2023-07-19 15:30:00,11.276848687680918,11.100239370234103,11.6
2023-07-19 16:30:00,0.7889226660288386,11.783297267450905,13.4
2023-07-19 17:30:00,9.164042921219208,9.071142839726429,8.1
2023-07-19 18:30:00,10.084688548647922,9.950674131177554,13.0
2023-07-19 19:30:00,4.5725661824625465,11.923462156296772,11.7
2023-07-19 20:30:00,5.890561914576642,12.068209384711963,16.5
2023-07-19 21:30:00,6.9092075763526175,12.40553827770366,15.1
2023-07-19 22:30:00,9.012339199938538,12.839820992995495,11.2
2023-07-19 23:30:00,10.674954298292672,13.194377086451128,9.6
2023-07-20 00:30:00,12.871294462190448,14.200123902888034,21.0
2023-07-20 01:30:00,14.308242638316521,14.946765251300901,13.9
2023-07-20 02:30:00,14.808411700849444,15.17558060888291,12.9
2023-07-20 03:30:00,15.341162143695211,15.512338511639655,18.3
2023-07-20 04:30:00,15.997795972336812,15.934130450659234,16.9
2023-07-20 05:30:00,16.946728610826828,16.663420187439385,12.6
2023-07-20 06:30:00,17.7340811898211,17.353570799185164,13.3
2023-07-20 07:30:00,16.158320921964098,16.273951757397022,16.9
2023-07-20 08:30:00,13.138579676114592,14.792480657115451,13.5
2023-07-20 09:30:00,10.495353203665458,13.960509475420935,11.1
2023-07-20 10:30:00,7.8666077181460246,13.01361326845057,8.5
2023-07-20 11:30:00,7.571311362495068,13.35474950401624,20.9
2023-07-20 12:30:00,5.978469124498171,13.010086022526977,17.6
2023-07-20 13:30:00,3.8084812969522526,12.391304615795033,11.3
2023-07-20 14:30:00,1.4103932395946508,11.581780463300621,10.2
2023-07-20 15:30:00,10.898794154803795,10.735852719545097,6.4
2023-07-20 16:30:00,1.9060961482224794,11.722323450735768,9.6
2023-07-20 17:30:00,2.9039412005321843,11.730291781220583,12.0
2023-07-20 18:30:00,3.261379851160429,11.515747571540514,15.4
2023-07-20 19:30:00,5.8288385567484156,12.25743052725861,11.6
2023-07-20 20:30:00,9.945947017640245,13.88966921449136,15.1
2023-07-20 21:30:00,8.184627172158697,12.321599148813775,11.4
2023-07-20 22:30:00,8.458215187189012,11.857236308972157,10.4
2023-07-20 23:30:00,10.15493735559351,12.497191290727171,12.2
2023-07-21 00:30:00,12.161239731873906,13.503003526543914,14.3
2023-07-21 01:30:00,12.275382174385003,13.42579701036238,16.4
2023-07-21 02:30:00,12.905752155900927,13.752554962517484,14.7
2023-07-21 03:30:00,13.769357495044812,14.170999018778586,17.3
2023-07-21 04:30:00,13.981230476198379,14.200422100488908,15.5
2023-07-21 05:30:00,13.982397732359578,13.997406304038023,13.2
2023-07-21 06:30:00,15.027822027447002,14.89369188118985,15.1
2023-07-21 07:30:00,14.141117907626978,14.728536402617227,11.8
2023-07-21 08:30:00,11.495462640050693,13.893142791097315,16.3
2023-07-21 09:30:00,9.914936461053648,13.778614728146373,17.4
2023-07-21 10:30:00,7.074168464584993,12.92101446917783,17.1
2023-07-21 11:30:00,4.782776389410635,12.439268747245123,13.4
2023-07-21 12:30:00,6.058067242307382,13.191298249147136,17.5
2023-07-21 13:30:00,4.749126754973843,12.795408116116821,18.2
2023-07-21 14:30:00,3.36104100809416,12.008788242398833,16.2
2023-07-21 15:30:00,2.827529590059209,11.688621816573773,16.7
2023-07-21 16:30:00,3.195814876761739,11.776394382941415,11.5
2023-07-21 17:30:00,3.532745827348899,11.782248398269422,13.3
2023-07-21 18:30:00,4.435284210718313,11.93025414533427,12.9
2023-07-21 19:30:00,3.6368479327152556,11.276123108510735,11.8
2023-07-21 20:30:00,6.34221407128742,12.243234528902402,20.0
2023-07-21 21:30:00,8.677420933942212,12.995485757829554,17.0
2023-07-21 22:30:00,11.749276186680989,14.54081862155865,21.4
2023-07-21 23:30:00,11.895133832233077,13.908294483427756,21.3
2023-07-22 00:30:00,11.864368312837183,13.526564844305337,14.6
2023-07-22 01:30:00,12.27556120451508,13.791887106563983,13.3
2023-07-22 02:30:00,12.600955349306059,13.901773000082548,18.3
2023-07-22 03:30:00,13.358244652510091,14.202510946760087,14.1
2023-07-22 04:30:00,14.640611713994815,14.979317562625388,12.9
2023-07-22 05:30:00,15.08636934739768,15.127158541773966,14.3
2023-07-22 06:30:00,15.493601263444884,15.370234415099072,12.9
2023-07-22 07:30:00,18.748497122894747,18.49697059250996,22.5
2023-07-22 08:30:00,25.059937579272493,24.25864449468894,29.6
2023-07-22 09:30:00,17.663441235626777,19.120147336196485,27.8
2023-07-22 10:30:00,13.917238296013423,17.481427261203187,27.4
2023-07-22 11:30:00,10.322378595785326,15.92163757920171,21.4
2023-07-22 12:30:00,7.199886240474118,14.437249410940558,25.6
2023-07-22 13:30:00,10.677627824675696,10.523378515856857,8.3
2023-07-22 14:30:00,10.540717395191013,10.39164747400538,11.1
2023-07-22 15:30:00,10.527183089932258,10.378825030562849,8.3
2023-07-22 16:30:00,10.02085899817072,9.894072564112122,7.3
2023-07-22 17:30:00,8.970331350481512,8.888615010023166,6.1
2023-07-22 18:30:00,9.81578428187544,9.694926759567181,8.2
2023-07-22 19:30:00,10.032375344323043,9.897811597302649,8.9
2023-07-22 20:30:00,10.696301827639026,10.53741940452214,10.1
2023-07-22 21:30:00,7.843981316338579,12.11380749512974,15.7
2023-07-22 22:30:00,9.348359815259935,12.449938959915546,20.3
2023-07-22 23:30:00,10.139776804431037,12.503502098243136,14.3
2023-07-23 00:30:00,13.899472572869412,15.218581063518226,18.6
2023-07-23 01:30:00,13.343596562733051,14.499742207890552,18.1
2023-07-23 02:30:00,12.145844564538862,13.28593476516328,15.6
2023-07-23 03:30:00,11.02441356552834,12.534425251806113,13.4
2023-07-23 04:30:00,10.76701968989035,11.97617592223855,13.3
2023-07-23 05:30:00,11.195369088140325,12.248134945441446,15.7
2023-07-23 06:30:00,11.595915498625093,12.403885072943027,13.1
2023-07-23 07:30:00,11.774592796816151,12.919681692247536,12.1
2023-07-23 08:30:00,11.544039334141505,13.922769879568042,19.0
2023-07-23 09:30:00,10.07770661612195,14.001355664405239,19.9
2023-07-23 10:30:00,8.613363435537549,13.898710803491237,20.6
2023-07-23 11:30:00,6.073272839859536,12.943643910563152,19.8
2023-07-23 12:30:00,3.668105999305655,12.34247345561323,23.2
2023-07-23 13:30:00,2.7618447357153073,11.750009172407665,17.2
2023-07-23 14:30:00,3.1254362659626516,11.925529915809376,22.2
2023-07-23 15:30:00,2.182533546326905,11.457895909117411,18.6
2023-07-23 16:30:00,10.406691348441203,10.225412257699382,22.4
2023-07-23 17:30:00,10.06466983309093,9.780872890607457,12.5
2023-07-23 18:30:00,9.898579118636544,9.746564007478494,14.0
2023-07-23 19:30:00,9.921198791752936,9.699877986858239,9.0
2023-07-23 20:30:00,8.95760057119661,8.847800967323943,7.9
2023-07-23 21:30:00,9.017599032141852,8.773667840200517,7.2
2023-07-23 22:30:00,9.53129081790296,9.482993966353458,17.2
2023-07-23 23:30:00,8.08875561309883,7.887281937537258,9.4
2023-07-24 00:30:00,6.405927535052961,6.421943664611124,9.2
2023-07-24 01:30:00,5.922857533297018,5.833306988377549,7.5
2023-07-24 02:30:00,6.041088854261746,6.0693002251750965,8.9
2023-07-24 03:30:00,5.9336992850108174,5.8874955690476645,12.6
2023-07-24 04:30:00,6.178774671252693,6.251745664726598,7.4
2023-07-24 05:30:00,6.469449789697908,6.398535805388839,6.5
2023-07-24 06:30:00,6.586725447391853,6.50967064716182,4.3
2023-07-24 07:30:00,8.595677923791207,8.592247654127526,5.8
2023-07-24 08:30:00,9.243192490127209,9.112587726384959,6.6
2023-07-24 09:30:00,6.5313133756047455,12.461593829777343,7.6
2023-07-24 10:30:00,6.680197829260683,13.16938670573367,10.2
2023-07-24 11:30:00,6.166460409256146,13.110458482220505,14.7
2023-07-24 12:30:00,9.963136269866158,9.808319997110628,9.1
2023-07-24 13:30:00,8.411240618523827,8.294949287803945,8.8
2023-07-24 14:30:00,6.068051376492069,6.17101015662601,4.6
2023-07-24 15:30:00,6.012964011666255,6.086280185079899,2.3
2023-07-24 16:30:00,5.448362489636216,5.526132851625796,1.8
2023-07-24 17:30:00,5.920725717706107,5.90756981332529,4.2
2023-07-24 18:30:00,5.4245689401029615,5.498685745122625,4.2
2023-07-24 19:30:00,4.708439311795392,4.819499556993447,-0.5
2023-07-24 20:30:00,4.795101218503444,4.8084688352624525,1.5
2023-07-24 21:30:00,4.553821274344742,4.5545831001081165,5.1
2023-07-24 22:30:00,4.41730916759279,4.479346900811591,3.0
2023-07-24 23:30:00,4.4085038821434805,4.572345900640588,1.8
2023-07-25 00:30:00,4.8794246461014765,4.823409106450018,5.7
2023-07-25 01:30:00,4.696020681913571,4.837132659701604,6.5
2023-07-25 02:30:00,4.57018610359053,4.775376670069468,4.2
2023-07-25 03:30:00,4.1304880589354305,4.260048155743014,5.9
2023-07-25 04:30:00,4.566132754667079,4.569523371295682,3.8
2023-07-25 05:30:00,4.453343615141602,4.521490934915132,5.4
2023-07-25 06:30:00,4.544582139633144,4.480320275160375,5.9
2023-07-25 07:30:00,4.427964343332195,4.45569569800211,5.2
2023-07-25 08:30:00,4.370699462796204,4.3624533545859165,2.4
2023-07-25 09:30:00,4.625856630940027,4.630062642991838,0.1
2023-07-25 10:30:00,5.047256775720755,5.169320467084567,7.4
2023-07-25 11:30:00,5.276936538619188,5.397105511496028,6.6
2023-07-25 12:30:00,5.7385292090348905,5.71544006780309,8.7
2023-07-25 13:30:00,5.73162329531119,5.7085782911772975,8.7
2023-07-25 14:30:00,5.621098134291289,5.591928088538818,9.1
2023-07-25 15:30:00,5.505680402774342,5.556291317910175,6.3
2023-07-25 16:30:00,5.056558771124966,5.08980167691996,4.5
2023-07-25 17:30:00,4.941152994744847,4.9662896976556885,4.0
2023-07-25 18:30:00,4.751044557192978,4.973151474281481,5.4
2023-07-25 19:30:00,10.852742362927415,10.70426050792027,13.8
2023-07-25 20:30:00,4.611834780789734,4.6163390897402525,8.2
2023-07-25 21:30:00,4.474759795235205,4.472241780598602,5.6
2023-07-25 22:30:00,4.456935040454962,4.520517560566349,5.4
2023-07-25 23:30:00,4.224972767034074,4.211494268818473,8.6
2023-07-26 00:30:00,4.474389616413314,4.4905816164569154,11.6
2023-07-26 01:30:00,4.555327610515326,4.568176955535387,10.8
2023-07-26 02:30:00,4.597537458724046,4.535214488166718,7.7
2023-07-26 03:30:00,4.415948732708163,4.34994651927031,4.6
2023-07-26 04:30:00,4.328488871504292,4.260743423135004,4.6
2023-07-26 05:30:00,4.254401619963562,4.185263880251282,5.7
2023-07-26 06:30:00,4.213916802999374,4.144093220496524,5.7
2023-07-26 07:30:00,4.534101260877791,4.470517737123528,8.0
2023-07-26 08:30:00,5.005918998351811,4.953782862340082,6.3
2023-07-26 09:30:00,5.614678894343933,5.616552665697084,5.6
2023-07-26 10:30:00,5.88588410120877,5.885508369863301,13.2
2023-07-26 11:30:00,5.600284751831684,5.571342758661441,10.3
2023-07-26 12:30:00,5.73729853678305,5.71544006780309,11.2
2023-07-26 13:30:00,5.137613918187646,5.159765858938184,7.1
2023-07-26 14:30:00,4.75666358495996,4.999252165024357,5.1
2023-07-26 15:30:00,4.387787768078043,4.545375593808381,3.5
2023-07-26 16:30:00,4.399365478698343,4.54785102130664,4.0
2023-07-26 17:30:00,4.263422233957454,4.347513083398351,4.2
2023-07-26 18:30:00,4.410287918777477,4.486095031674504,3.5
2023-07-26 19:30:00,4.726380406349477,4.877086601520381,4.2
2023-07-26 20:30:00,4.644796479904484,4.706888601635855,6.1
2023-07-26 21:30:00,4.415052570438218,4.410485790966466,5.3
2023-07-26 22:30:00,4.204397066411161,4.190908938941095,7.2
2023-07-26 23:30:00,4.237648484955884,4.345907271989424,9.1
2023-07-27 00:30:00,4.664235867262217,4.603832254424646,11.8
2023-07-27 01:30:00,4.322436095020634,4.590108701173061,7.9
2023-07-27 02:30:00,4.45935528768984,4.528352711540926,4.6
2023-07-27 03:30:00,4.476611131790539,4.4117025089024455,3.6
2023-07-27 04:30:00,4.363560049510322,4.296424661589127,4.0
2023-07-27 05:30:00,5.2242591557979905,5.121028635055387,6.1
2023-07-27 06:30:00,5.046612791974098,4.948137803650269,9.1
2023-07-27 07:30:00,5.1896657880971695,5.09223511279192,5.4
2023-07-27 09:30:00,5.18309543332472,5.252760272463914,8.5
2023-07-27 10:30:00,5.307475352956395,5.392762749542829,7.7
2023-07-27 11:30:00,5.436815599614913,5.674269408048334,8.2
2023-07-27 12:30:00,5.829303786115913,5.81150494056419,6.1
2023-07-27 13:30:00,6.214087404142914,6.240974338644234,3.5
2023-07-27 14:30:00,5.769290974425143,5.818366717189983,6.2
2023-07-27 15:30:00,5.075212080328523,5.110387006797338,4.1
2023-07-27 16:30:00,5.037082856791768,5.069216347042581,3.9
2023-07-27 17:30:00,4.83557110930963,4.99373680415886,5.3
2023-07-27 18:30:00,5.155982178744989,5.238502739211477,4.1
2023-07-27 19:30:00,5.204447892631281,5.196767573587739,5.5
2023-07-27 20:30:00,5.787626167495102,5.726341091709769,7.8
2023-07-27 21:30:00,5.39096392661876,5.339388769144778,6.8
2023-07-27 22:30:00,5.558238780965208,5.567173813556238,3.7
2023-07-27 23:30:00,7.173067839491775,7.1615394266121415,5.9
2023-07-28 00:30:00,9.556464605114158,9.423354873730002,10.3
2023-07-28 01:30:00,8.564198920589492,11.576362089483162,9.1
2023-07-28 02:30:00,10.426576956856003,10.293900326132995,7.8
2023-07-28 03:30:00,7.624541998158198,10.683546786362289,8.6
2023-07-28 04:30:00,9.06381833912846,8.810669554850072,5.3
2023-07-28 05:30:00,8.600673032079612,8.593863353039882,8.5
2023-07-28 06:30:00,8.23048072730964,8.139691559106984,12.8
2023-07-28 07:30:00,8.0252822948858,7.820010587039626,8.1
2023-07-28 08:30:00,7.622867221489267,7.505844975837764,5.1
2023-07-28 09:30:00,8.132247363611746,7.93948331902301,7.0
2023-07-28 10:30:00,8.202775643733311,8.175321267233178,9.3
2023-07-28 11:30:00,7.719501640281101,7.755691463711214,10.1
2023-07-28 12:30:00,7.306472024285684,7.186293701594723,8.6
2023-07-28 13:30:00,7.320357551198141,7.268635021104236,12.3
2023-07-28 14:30:00,7.254393111669319,7.268635021104236,8.8
2023-07-28 15:30:00,6.561894164996831,6.560655310711592,11.7
2023-07-28 16:30:00,5.836349947118729,5.818366717189983,8.0
2023-07-28 17:30:00,5.410565246383477,5.484962191871039,6.4
2023-07-28 18:30:00,5.0749169138271215,5.171013984691512,2.2
2023-07-28 19:30:00,8.449979147759521,8.323742810067412,10.3
2023-07-28 20:30:00,6.769318556642707,6.667621207379371,6.6
2023-07-28 21:30:00,5.525239161085375,5.545242067918564,4.9
2023-07-28 22:30:00,5.815733796191113,5.934887222004146,5.0
2023-07-28 23:30:00,5.471128546745409,5.569097264642375,12.1
2023-07-29 00:30:00,5.143369170368414,5.093959156266994,6.9
2023-07-29 01:30:00,5.020441757474068,4.967506415591668,3.7
2023-07-29 02:30:00,4.737924926430498,4.822062690689723,6.3
2023-07-29 03:30:00,4.598835257657053,4.746583147806001,3.8
2023-07-29 04:30:00,4.840129861320728,4.782238446695261,1.6
2023-07-29 05:30:00,4.833490416300876,4.775376670069468,5.9
2023-07-29 06:30:00,4.800015192756456,4.741067786940503,5.2
2023-07-29 07:30:00,4.8935997959793385,4.837132659701604,7.7
2023-07-29 08:30:00,5.213764099043598,5.166497937739662,6.3
2023-07-29 09:30:00,5.381683999913085,5.351592089788071,5.3
2023-07-29 10:30:00,5.648297356411721,5.6193751950419895,6.3
2023-07-29 11:30:00,5.805972888548984,5.840298462827658,6.3
2023-07-29 12:30:00,5.777684915853985,5.756610727557847,7.1
2023-07-29 13:30:00,5.835885735979214,5.818366717189983,6.1
2023-07-29 14:30:00,5.563667801728579,5.755264311797552,3.8
2023-07-29 15:30:00,5.177240571786428,5.2201754328100245,4.4
2023-07-29 16:30:00,4.529606555181265,4.616468787564568,3.6
2023-07-29 17:30:00,4.948789608534545,4.994865815896823,1.7
2023-07-29 18:30:00,4.941179990794855,5.034907463913617,0.3
2023-07-29 19:30:00,4.949560499184914,4.973151474281481,0.0
2023-07-29 20:30:00,4.953533758379431,4.960774336790191,1.6
2023-07-29 21:30:00,6.660949482028773,6.614073410133324,4.7
2023-07-29 22:30:00,7.289247910582487,7.198541141261697,7.1
2023-07-29 23:30:00,7.573696811499977,7.454313270980936,7.4
2023-07-30 00:30:00,7.5291592777908285,7.478397869334594,6.5
2023-07-30 01:30:00,7.473795465506988,7.423503656328251,10.5
2023-07-30 02:30:00,7.26340308696377,7.16006331302753,8.4
2023-07-30 03:30:00,6.848966195585262,6.889761193101018,4.4
2023-07-30 04:30:00,7.093487360470041,7.004987161284612,3.0
2023-07-30 05:30:00,7.062236020703963,6.961071790879538,4.6
2023-07-30 06:30:00,6.954743200635715,6.919901131124781,6.1
2023-07-30 07:30:00,6.241270199751548,6.1886432593341665,7.5
2023-07-30 08:30:00,6.125658920056213,6.039160287151335,5.5
2023-07-30 09:30:00,6.960027574071436,6.920971672064065,6.2
2023-07-30 10:30:00,7.272409308236297,7.264466075999035,12.1
2023-07-30 11:30:00,7.4930289460471435,7.603385962183475,10.5
2023-07-30 12:30:00,7.499807922180473,7.554007110042631,13.0
2023-07-30 13:30:00,7.112819289134814,7.01205645442931,15.6
2023-07-30 14:30:00,5.776101499194438,5.825228493815776,11.4
2023-07-30 15:30:00,5.40562609901615,5.534341044011885,10.2
2023-07-30 16:30:00,5.159151321895234,5.30520958384013,5.2
2023-08-01 17:30:00,5.162171548569681,5.275069645816367,0.7
2023-08-01 18:30:00,5.997194925061013,6.095530613742288,7.1
2023-08-01 19:30:00,7.050758140529657,6.991049377813471,8.6
2023-08-01 20:30:00,8.676498293324265,8.665684633207821,12.5
2023-08-01 21:30:00,9.117261303249126,9.052178152513118,12.5
2023-08-01 22:30:00,8.895668736076829,8.651502276696542,8.2
2023-08-01 23:30:00,8.301696199218425,8.271411730757343,5.9
2023-08-02 00:30:00,8.080883093465637,7.995594249965333,6.9
2023-08-02 01:30:00,8.197837861108045,8.206859151345164,6.3
2023-08-02 02:30:00,8.375796260288263,8.276797393798525,4.8
2023-08-02 03:30:00,8.502983027921015,8.590963005000386,8.3
2023-08-02 04:30:00,8.728585198030093,8.558000537631717,8.1
2023-08-02 05:30:00,8.353687005551528,8.260251311202033,7.1
2023-08-02 06:30:00,8.07198536918634,8.133817098787322,10.0
2023-08-02 07:30:00,8.915726130222525,8.799509135294763,7.4
2023-08-02 08:30:00,9.031525074798534,9.031463124811424,9.4
2023-08-02 09:30:00,9.85760653999368,9.817744907432697,8.8
2023-08-02 10:30:00,9.531304113020784,9.384236262071767,10.7
2023-08-02 11:30:00,8.323264285314014,8.197164957871037,9.8
2023-08-02 12:30:00,7.191401087386049,7.18212475648952,7.7
2023-08-02 13:30:00,7.165996882141192,7.042196392453072,10.1
2023-08-02 14:30:00,6.830437215435102,6.866612729527365,7.4
2023-08-02 15:30:00,6.610278701260841,6.5963106096008515,3.5
2023-08-02 16:30:00,7.108173978164631,7.061435306570155,5.1
2023-08-02 17:30:00,6.859990405430441,6.9781322615175725,5.2
2023-08-02 18:30:00,6.888905858363582,7.1039523820852075,5.7
2023-08-02 19:30:00,6.955179103570654,7.0847134679681245,5.6
2023-08-02 20:30:00,7.560101797597509,7.455119707936624,7.1
2023-08-02 21:30:00,5.947330931233518,5.945115038030677,6.3
2023-08-02 22:30:00,5.84079326333257,5.875451022481089,6.8
2023-08-02 23:30:00,6.05973486795707,6.060962334964692,6.1
2023-08-03 00:30:00,5.4831931858325,5.387291507701012,4.3
2023-08-03 01:30:00,4.692697882266,4.6312793609278184,4.0
2023-08-03 02:30:00,4.605280534194288,4.54207626479251,2.7
2023-08-03 03:30:00,4.739246966681221,4.655903938086083,0.8
2023-08-03 04:30:00,5.008611074107228,4.970069549287944,3.2
2023-08-03 05:30:00,5.458350252030227,5.384067525503874,6.5
2023-08-03 06:30:00,5.604726866734139,5.477711321772299,5.8
2023-08-03 07:30:00,6.229725128207073,6.4039214684300205,6.1
2023-08-03 08:30:00,7.175583137305171,7.191549666811588,6.0
2023-08-03 09:30:00,7.709709843543039,7.833734140291211,8.9
2023-08-03 10:30:00,7.865047809055481,8.050566281666265,9.9
2023-08-03 11:30:00,8.415808030327716,8.204270078084026,9.7
2023-08-03 12:30:00,8.350190310049964,8.209785438949522,7.2
2023-08-03 13:30:00,7.53744595021561,7.514182866048168,7.5
2023-08-03 14:30:00,7.172891161901221,7.049058169078865,7.1
2023-08-03 15:30:00,6.96235433445116,6.922853358294002,8.6
2023-08-03 16:30:00,6.537944706863178,6.520831066717131,7.3
2023-08-03 17:30:00,6.96594780319537,6.96164176370293,7.0
2023-08-03 18:30:00,7.065214244943828,6.939269743066179,5.3
2023-08-03 19:30:00,7.207415170755819,7.0654745538510415,3.5
2023-08-03 20:30:00,7.743679877637066,7.685597583868674,3.2
2023-08-03 21:30:00,6.652706295945878,6.6921160867133205,6.0
2023-08-03 22:30:00,6.817298150799144,6.958813767403612,8.5
2023-08-03 23:30:00,9.4414419587296,10.061269064271492,8.9
2023-08-04 00:30:00,11.05352982576765,11.256963241583243,9.5
2023-08-04 01:30:00,12.896685845211833,12.735268998422411,9.4
2023-08-04 02:30:00,14.760520917628845,14.52216353180194,14.9
2023-08-04 03:30:00,14.812204154372125,14.497537366689555,11.9
2023-08-04 04:30:00,15.036009008705278,14.65078558972889,8.5
2023-08-04 05:30:00,14.22924952234628,13.752260384258523,16.3
2023-08-04 06:30:00,13.80805601187718,13.402482824592889,15.0
2023-08-04 07:30:00,13.483491172717589,13.231408056402886,13.2
2023-08-04 08:30:00,13.61555461728221,13.783337750281538,13.5
2023-08-04 09:30:00,12.660229336280922,13.553334758578371,12.8
2023-08-04 10:30:00,10.859955841134518,12.914625983696405,10.4
2023-08-04 11:30:00,7.309964257333194,11.391339662318616,7.4
2023-08-04 12:30:00,5.948776994859525,10.963630511614141,10.0
2023-08-04 13:30:00,10.239375402291632,10.060729618680353,9.0
2023-08-04 14:30:00,9.511719484536796,9.358439086001203,9.5
2023-08-04 15:30:00,8.312595099200049,8.186507277551552,9.4
2023-08-04 16:30:00,9.20623064754912,9.151065554619125,9.8
2023-08-04 17:30:00,9.619546456376998,9.35274990828771,9.9
2023-08-04 18:30:00,9.887373655056987,9.665569103729274,8.7
2023-08-04 19:30:00,10.78702225009054,10.513477178158366,13.5
2023-08-04 20:30:00,7.905332001505206,11.351414806331126,10.3
2023-08-04 21:30:00,9.448464015209915,11.731850539465398,13.7
2023-08-04 22:30:00,10.739927388997854,12.267025258391023,15.4
2023-08-04 23:30:00,10.20166829604226,11.73348919869862,14.1
2023-08-05 00:30:00,9.278672221538587,11.115047718480112,9.5
2023-08-05 01:30:00,9.907279323353361,11.090508658130497,10.7
2023-08-05 02:30:00,10.191291057303957,10.791236240712687,6.9
2023-08-05 03:30:00,11.039173707193628,11.15811016208259,13.4
2023-08-05 04:30:00,11.273670231193263,11.035807739844554,14.0
2023-08-05 05:30:00,11.373492525071335,10.905267560981464,9.5
2023-08-05 06:30:00,11.816532039768088,11.450458426616827,10.3
2023-08-05 08:30:00,11.936886135739218,13.143365048261789,11.4
2023-08-05 09:30:00,10.6835292956999,13.279615129474365,18.0
2023-08-05 10:30:00,8.257029523692875,12.5160760780788,12.8
2023-08-05 11:30:00,6.117886700643341,12.062389730361378,11.2
2023-08-05 13:30:00,10.811594898723985,10.74383682202427,14.2
2023-08-05 14:30:00,10.250991672865759,10.136209161564075,11.6
2023-08-05 15:30:00,9.556233224344004,9.296509279521072,9.2
2023-08-05 16:30:00,9.528507742741937,9.269062173017899,9.4
2023-08-05 17:30:00,9.581333581102133,9.38019701479088,15.4
2023-08-05 18:30:00,10.43732895879625,10.18558801370492,11.8
2023-08-05 19:30:00,5.858040087848872,11.013057051364468,9.4
2023-08-05 20:30:00,7.598647420106681,11.506790201737264,11.0
2023-08-05 21:30:00,9.344149336524616,12.053497779937965,14.2
2023-08-05 22:30:00,9.428234881866139,11.5636783576464,16.4
2023-08-05 23:30:00,8.911392902858466,10.972478001578619,10.8
2023-08-06 00:30:00,8.96504547158078,10.83117221181491,10.8
2023-08-06 01:30:00,10.547776420134271,11.951462652363386,11.7
2023-08-06 02:30:00,10.684655179645633,11.500565473209855,15.0
2023-08-06 03:30:00,11.366894576964853,11.757548274775427,9.9
2023-08-06 04:30:00,11.683139501635948,11.635245852537391,14.1
2023-08-06 05:30:00,12.334937569626007,12.038241733366704,12.9
2023-08-06 06:30:00,13.351926148593023,13.109620097111753,12.6
2023-08-06 07:30:00,17.0441890695308,16.789375803710197,19.1
2023-08-06 08:30:00,19.78888746259078,19.569856840647404,22.1
2023-08-06 09:30:00,19.122170781433514,19.56480113209627,18.7
2023-08-06 10:30:00,15.81398276286019,17.6999750076779,22.9
2023-08-06 11:30:00,11.082781565862602,15.101378810290258,15.0
2023-08-06 12:30:00,8.508935825294254,13.429806518167355,19.7
2023-08-06 13:30:00,10.12257457366919,10.012697182299803,12.1
2023-08-06 14:30:00,10.022784816008107,9.85904526501177,11.6
2023-08-06 15:30:00,9.587162821406052,9.387058791416672,9.5
2023-08-06 16:30:00,9.73374671001305,9.685615867302534,9.4
2023-08-08 17:30:00,5.9589105819550205,5.948740473080047,1.2
2023-08-08 18:30:00,5.869312343333348,5.852675600318948,1.9
2023-08-08 19:30:00,6.038625358969572,5.999465740981188,2.7
2023-08-08 20:30:00,6.899756909136304,6.904960859937216,5.6
2023-08-08 21:30:00,6.814153996833702,6.685384007911844,7.4
2023-08-08 22:30:00,6.835127911754327,6.776202802959505,7.4
2023-08-08 23:30:00,6.281839638635726,6.47401534827256,4.3
2023-08-09 00:30:00,5.414419513496165,5.318673741443084,2.9
2023-08-09 01:30:00,5.869885234130196,5.807076599810356,4.4
2023-08-09 02:30:00,6.034987268804641,6.16867908380631,6.7
2023-08-09 03:30:00,5.638700217422777,5.642393960791328,5.9
2023-08-09 04:30:00,5.57663045403451,5.4502642152691285,5.1
2023-08-09 05:30:00,5.846180459094701,5.708189197704351,7.2
2023-08-09 06:30:00,6.125598218464899,6.0415937230232934,7.6
2023-08-09 07:30:00,6.979605630884818,6.881319544631161,9.3
2023-08-09 08:30:00,8.214026395071981,8.184901466142627,13.4
2023-08-09 09:30:00,8.54544576194158,8.506058551794595,17.7
2023-08-09 10:30:00,8.578458509444221,8.544536380028763,18.6
2023-08-09 11:30:00,7.117129776069942,7.0504045848391605,9.4
2023-08-09 12:30:00,6.503762012550833,6.486522183588166,7.6
2023-08-09 13:30:00,6.497336394263314,6.435989260795639,6.6
2023-08-09 14:30:00,6.065236578775475,6.114769527859371,3.9
2023-08-09 15:30:00,5.96568308791274,5.955602249705841,4.8
2023-08-09 16:30:00,5.933640242582414,5.921293366576876,7.3
2023-08-09 17:30:00,5.949914720836525,5.9912575485951,6.3
2023-08-09 18:30:00,5.791671763415984,5.8389520470673615,3.6
2023-08-09 19:30:00,5.429147741525984,5.486308607631335,3.5
2023-08-09 20:30:00,6.124271750562702,6.039160287151335,7.1
2023-08-09 21:30:00,5.975916923645837,5.967797810243089,9.5
2023-08-09 22:30:00,6.290408098759237,6.305293461972645,7.9
2023-08-09 23:30:00,5.688381524445499,5.6617625727327265,5.2
2023-08-10 00:30:00,5.59146957356479,5.497079933713698,6.3
2023-08-10 01:30:00,5.319198251192221,5.273755883321586,8.0
2023-08-10 02:30:00,5.714784743650842,5.587499747784985,6.6
2023-08-10 03:30:00,5.5281087441646495,5.402231778888577,8.6
2023-08-10 04:30:00,5.705513916366602,5.889288221495555,6.0
2023-08-10 05:30:00,6.043996634463457,5.897496413881644,3.5
2023-08-10 06:30:00,6.1435724188234975,5.99380463022994,7.0
2023-08-10 07:30:00,6.901153174219349,6.72898810353856,9.1
2023-08-10 08:30:00,7.0608204496656395,6.951387484908837,10.4
2023-08-10 10:30:00,6.733941553561296,6.671660454660257,10.3
2023-08-10 11:30:00,6.627427062942171,6.617167694506146,8.1
2023-08-10 12:30:00,5.986263431789626,6.000812156741484,6.4
2023-08-10 13:30:00,5.719521135451236,5.694854737925712,3.8
2023-08-10 14:30:00,5.804012245253229,5.784057834061018,2.8
2023-08-10 15:30:00,5.849510689057277,5.832090270441569,3.5
2023-08-10 16:30:00,6.304548547694749,6.293046022305671,6.8
2023-08-10 17:30:00,6.206491256376923,6.172226874561989,9.6
2023-08-10 18:30:00,6.012908628924306,5.926627150488332,9.9
2023-08-10 19:30:00,6.202906603328078,6.2847081320952665,8.5
2023-08-10 20:30:00,6.447467234445954,6.37795047551146,10.4
2023-08-10 21:30:00,6.342660620383596,6.394366860283637,7.1
2023-08-10 22:30:00,6.068440129012121,6.000552761092852,3.7
2023-08-10 23:30:00,6.656377776625738,6.593261109063393,11.1
2023-08-11 00:30:00,7.561810643151387,7.431582150890023,7.8
2023-08-11 01:30:00,8.648764955560779,8.542930568619836,9.2
2023-08-11 02:30:00,15.401916949765873,15.238194164383323,16.6
2023-08-11 03:30:00,8.138892658780359,7.989949191275519,8.9
2023-08-11 04:30:00,7.86605684256544,7.739129329053286,6.9
2023-08-11 05:30:00,8.414920572741691,8.386456121986894,11.3
2023-08-11 06:30:00,8.779662877998511,8.678689987551081,10.7
2023-08-11 07:30:00,10.459384183786842,10.129044777749137,6.1
2023-08-11 08:30:00,11.3623939033095,11.294969976634592,9.4
2023-08-11 09:30:00,9.58970638430937,9.45918465427894,7.6
2023-08-11 10:30:00,8.548123926630813,8.50740496755489,7.0
2023-08-11 11:30:00,10.137803715872643,9.960495800814051,10.9
2023-08-11 12:30:00,9.287710038633765,9.155104801900011,14.5
2023-08-11 13:30:00,7.921878542521144,7.864003776139288,13.1
2023-08-11 14:30:00,6.36953812374981,6.405527279838948,6.9
2023-08-11 15:30:00,5.539454238946951,5.506842058378988,5.1
2023-08-11 16:30:00,5.542334946175141,5.509586769029305,5.0
2023-08-11 17:30:00,5.535977773923751,5.502724992403511,5.2
2023-08-11 18:30:00,4.769594139238234,4.837262357525919,4.5
2023-08-11 19:30:00,4.500451543831406,4.568306653359702,2.8
2023-08-11 20:30:00,3.5408940201683867,3.572132324683757,1.3
2023-08-11 21:30:00,3.9617428729890127,4.018018107535978,0.8
2023-08-11 22:30:00,4.066546445720921,4.039244220837425,5.5
2023-08-11 23:30:00,4.035482412747207,4.188086409596188,5.1
2023-08-12 00:30:00,4.065669547961563,4.210018155233862,5.3
2023-08-12 01:30:00,4.429365814010559,4.363670072521897,6.0
2023-08-12 02:30:00,4.287972145722442,4.2195727633802464,10.4
2023-08-12 03:30:00,4.290029593786975,4.365529115021447,9.3
2023-08-12 04:30:00,4.807533332490126,4.707975621747519,4.4
2023-08-12 05:30:00,5.379236142179277,5.319890459379064,4.2
2023-08-12 06:30:00,5.820371653847884,6.000423063268537,4.6
2023-08-12 07:30:00,6.631938970284219,6.532819110735474,6.6
2023-08-12 08:30:00,6.674904297896708,6.682679710633084,9.6
2023-08-12 09:30:00,5.340407075979893,5.3352198240395765,9.3
2023-08-12 10:30:00,4.915466164010509,4.894849402052853,5.0
2023-08-12 11:30:00,4.888876918276842,5.004637828065539,2.9
2023-08-12 12:30:00,4.786595991255716,4.80160705863666,5.5
2023-08-12 13:30:00,4.406947034158322,4.5162349696982655,6.3
2023-08-12 14:30:00,4.278426172013282,4.3395222950345955,3.7
2023-08-12 15:30:00,4.776558823645927,4.807122419502157,5.0
2023-08-12 16:30:00,4.876915925683425,4.89767193139776,5.0
2023-08-12 17:30:00,4.864147484818651,4.883948378146174,4.5
2023-08-12 18:30:00,4.8126331148925106,4.829054165139831,5.7
2023-08-12 19:30:00,5.001197573556694,5.052670264446089,3.5
2023-08-12 20:30:00,5.22520768876015,5.180221490991247,7.6
2023-08-12 21:30:00,5.027321520738411,4.976328699824831,11.9
2023-08-12 22:30:00,5.019349581021283,4.959838202010188,7.1
2023-08-12 23:30:00,4.885206277607169,4.83027088307581,7.2
2023-08-13 00:30:00,4.704271396793751,4.645002914179403,10.6
2023-08-13 01:30:00,4.449788809466694,4.402147900756063,8.0
2023-08-13 02:30:00,3.940551710482624,3.91643787390938,7.2
2023-08-13 03:30:00,3.9082448326815977,3.9523624559506993,7.2
2023-08-13 04:30:00,4.233395192978135,4.2388116774973295,7.2
2023-08-13 05:30:00,4.34180841201341,4.274466976386589,5.3
2023-08-13 06:30:00,4.294716521196937,4.226434540006039,2.7
2023-08-13 07:30:00,4.335066574829732,4.267605199760796,3.0
2023-08-13 08:30:00,4.593858027357467,4.646963421786773,3.6
2023-08-13 09:30:00,5.276945553393944,5.347596961530867,7.2
2023-08-13 10:30:00,6.040586018436798,6.013059596408459,10.6
2023-08-13 11:30:00,6.3645539360856365,6.324532376089728,15.4
2023-08-13 12:30:00,5.813466086784077,6.059745617028713,11.0
2023-08-13 13:30:00,5.541137322137228,5.509586769029305,11.8
2023-08-13 14:30:00,5.607491002844692,5.634445164053871,10.0
2023-08-13 15:30:00,5.777830228690456,5.94147971547788,10.6
2023-08-13 16:30:00,5.383631217360141,5.344904130010276,6.5
2023-08-13 17:30:00,5.330440858839976,5.290009917003933,5.3
2023-08-13 18:30:00,5.370016278835195,5.3311805767586895,6.3
2023-08-13 19:30:00,5.330440858839976,5.290009917003933,4.8
2023-08-13 20:30:00,5.3985247177338165,5.45321644243835,5.9
2023-08-13 21:30:00,5.641025770178766,5.549033385308987,7.0
2023-08-13 22:30:00,5.52875656138495,5.435323944081563,7.5
2023-08-13 23:30:00,5.372628610533059,5.277503081688327,6.6
2023-08-14 00:30:00,5.601194617662192,5.6808717890254945,7.2
2023-08-14 01:30:00,5.824020689535313,5.827661929687736,7.6
2023-08-14 02:30:00,5.872832947604938,5.745320610178221,9.2
2023-08-14 03:30:00,5.824488008188121,5.697288173797672,9.4
2023-08-14 04:30:00,6.01990575490032,6.010107369239237,10.6
2023-08-14 05:30:00,7.275904841317185,7.155764670098014,8.8
2023-08-14 06:30:00,7.581535683473266,7.704577102337126,10.4
2023-08-14 07:30:00,7.053671731401245,6.988407727819011,10.7
2023-08-14 08:30:00,6.024208797703582,6.024171493684367,9.6
2023-08-14 09:30:00,5.350706313800752,5.310595246881311,8.7
2023-08-14 10:30:00,5.541643012773795,5.509586769029305,6.4
2023-08-14 11:30:00,6.303676977619881,6.417904417330237,5.8
2023-08-14 12:30:00,6.189156004224503,6.132532328391844,11.6
2023-08-14 13:30:00,5.736423551893321,5.71544006780309,10.0
2023-08-14 14:30:00,5.372606997105482,5.431414394624992,8.5
2023-08-14 15:30:00,4.893460042467341,4.986875027533067,8.8
2023-08-14 16:30:00,4.691412898705494,4.805776003741862,6.3
2023-08-14 17:30:00,4.929948461861848,4.95531085505442,5.9
2023-08-14 18:30:00,4.934402660886586,4.959427921029896,11.6
2023-08-14 19:30:00,4.84460321727659,4.863363048268796,8.4
2023-08-14 20:30:00,5.007158604685567,4.978537137322663,8.1
2023-08-14 21:30:00,5.1881491449602715,5.189776099137631,15.8
2023-08-14 22:30:00,5.90560276257884,6.045892365952812,9.7
2023-08-14 23:30:00,6.270879345642177,6.349852220639981,5.7
2023-08-15 00:30:00,6.3306320738635,6.4255490345837,9.7
2023-08-15 01:30:00,6.435052535884537,6.604259406338309,15.1
2023-08-15 02:30:00,6.5387169144473445,6.576812299835137,9.2
2023-08-15 03:30:00,6.828145870711055,6.917078601779873,8.8
2023-08-15 04:30:00,6.681470239123364,6.585020492221226,8.8
2023-08-15 05:30:00,6.372158597523478,6.296851813502789,8.7
2023-08-15 06:30:00,6.9818341086858,6.934841402312346,7.1
2023-08-15 07:30:00,8.512610287096003,8.34945440733734,9.7
2023-08-15 08:30:00,9.421179480113974,9.34428232025299,17.2
2023-08-15 09:30:00,7.874459145900126,7.800771672922543,17.3
2023-08-15 10:30:00,6.746703877927695,6.669873763900886,10.2
2023-08-15 11:30:00,6.273788392197895,6.1846040120532795,17.2
2023-08-15 12:30:00,6.666309177486225,6.814411348041612,13.5
2023-08-15 13:30:00,6.640010226094858,6.618242355238525,13.9
2023-08-15 14:30:00,5.955416792278038,5.985742187729603,9.0
2023-08-15 15:30:00,5.342420742124607,5.416344425613111,11.3
2023-08-15 16:30:00,5.336189317003921,5.409482648987318,19.0
2023-08-15 17:30:00,5.0552913524661935,5.126803391569515,14.1
2023-08-15 18:30:00,5.217330108881686,5.460207916888459,7.5
2023-08-15 19:30:00,5.323963912992941,5.420383672893997,7.8
2023-08-15 20:30:00,5.560392043232284,5.5693280787727115,11.4
2023-08-15 21:30:00,6.330629417199075,6.465807155886472,12.1
2023-08-15 22:30:00,6.439023352657841,6.376604059751164,10.8
2023-08-15 23:30:00,5.95030642105962,6.108820954497245,10.1
2023-08-16 00:30:00,6.792600778645449,6.694808918233912,17.8
2023-08-16 01:30:00,6.813726336308728,6.6929704646120785,10.1
2023-08-16 02:30:00,6.6938272351217645,6.53564164008038,11.8
2023-08-16 03:30:00,6.645060367367318,6.48760920369983,12.4
2023-08-16 04:30:00,6.891729942750153,6.786704845889809,11.6
2023-08-16 05:30:00,7.261793762671605,7.078938711453996,10.1
2023-08-16 06:30:00,7.34674587398343,7.312725803905345,9.0
2023-08-16 07:30:00,7.84707945032814,7.959809253251757,10.2
2023-08-16 08:30:00,8.184262729191826,8.094351954247024,15.7
2023-08-16 09:30:00,7.1987585579237745,7.1038226842608925,16.0
2023-08-16 10:30:00,5.884514058465468,5.87313123237201,17.6
2023-08-16 11:30:00,5.845218393668956,5.900578338875182,15.2
2023-08-16 12:30:00,6.1641474386493895,6.073642987128296,11.3
2023-08-16 13:30:00,6.202061923287779,6.121501606660849,10.3
2023-08-16 14:30:00,6.449029527592444,6.55648636560639,10.2
2023-08-16 15:30:00,7.043270478371561,6.987302179446729,14.3
2023-08-16 16:30:00,6.6147911409956635,6.7156536437599215,15.0
2023-08-16 17:30:00,5.71026062303742,5.687992961299919,10.0
2023-08-16 18:30:00,4.942824188881606,5.022530326422327,16.0
2023-08-16 19:30:00,5.07952642046797,5.122634446464313,7.9
2023-08-16 20:30:00,6.151931422279219,6.043199534432221,14.1
2023-08-16 21:30:00,5.774818620946219,5.755326078430706,15.0
2023-08-16 22:30:00,5.728868389851559,5.822276266646554,10.9
2023-08-16 23:30:00,5.5396093056355316,5.579421253223213,31.2
2023-08-17 00:30:00,6.096141872809058,6.039030589327019,13.4
2023-08-17 01:30:00,6.592359415606861,6.568604107449049,12.8
2023-08-17 02:30:00,7.634196023902959,7.601129002406242,11.2
2023-08-17 03:30:00,8.195188518668271,8.106599393913998,10.6
2023-08-17 04:30:00,8.212189266294175,8.316491939968671,15.9
2023-08-17 05:30:00,8.643388057265595,8.546969815900722,8.1
2023-08-17 06:30:00,9.823974163414857,9.504893395181135,17.8
2023-08-17 07:30:00,14.030659047496664,13.899659700558955,18.5
2023-08-17 08:30:00,14.254968908557426,14.740791179265063,21.3
2023-08-17 09:30:00,7.844695602509669,10.662625297900473,17.7
2023-08-17 10:30:00,9.215833282657428,9.086487035642083,17.9
2023-08-17 11:30:00,8.517204004978586,8.307196727470918,15.0
2023-08-17 12:30:00,6.705799587523968,6.730723612771802,11.1
2023-08-17 13:30:00,5.279547403592491,5.279108893097254,7.7
2023-08-17 14:30:00,4.932807259107853,4.959427921029896,7.0
2023-08-17 15:30:00,5.439049130130146,5.556272789649559,10.3
2023-08-17 16:30:00,4.990395296395299,5.021183910662031,7.7
2023-08-17 17:30:00,4.90732920901055,4.991776296551491,5.5
2023-08-17 18:30:00,4.824577537842923,4.842777718391417,10.7
2023-08-17 19:30:00,5.0400572876647685,5.081463786709556,11.3
2023-08-17 20:30:00,4.836303527536005,4.937366477567906,6.7
2023-08-17 21:30:00,5.2809353256383,5.217223205640802,6.9
2023-08-17 22:30:00,5.66628838645999,5.567044115731923,6.6
2023-08-17 23:30:00,6.182875426305184,6.0541005583389,6.6
2023-08-18 00:30:00,5.976026819374248,5.926471513099153,4.6
2023-08-18 01:30:00,5.96950819900764,5.841385482939321,5.9
2023-08-18 02:30:00,5.88680952846364,5.759044163429808,5.8
2023-08-18 03:30:00,5.790257705736218,5.662979290668707,7.8
2023-08-18 04:30:00,5.665922545430529,5.539467311404435,8.7
2023-08-18 05:30:00,5.674071161784954,5.653524386327854,10.1
2023-08-18 06:30:00,6.251456475890334,6.228208107679997,6.3
2023-08-18 07:30:00,7.130422652231946,7.1420411168464275,11.6
2023-08-18 08:30:00,7.937397176221465,8.046319517866474,7.9
2023-08-18 09:30:00,7.75992518584139,7.820010587039626,12.3
2023-08-18 10:30:00,7.572831341938235,7.475948381401199,13.3
2023-08-18 11:30:00,6.897767058731737,6.904960859937216,13.6
2023-08-18 12:30:00,5.753137239624062,5.785404249821314,8.4
2023-08-18 13:30:00,5.132225325774741,5.152904082312391,6.1
2023-08-18 14:30:00,4.999126975415798,5.028045687287824,8.0
2023-08-18 15:30:00,4.629995672544681,4.756397151601016,6.9
2023-08-18 16:30:00,5.0376264415558545,5.069216347042581,6.5
2023-08-18 17:30:00,4.99613993591269,5.0774245394286694,5.6
2023-08-18 18:30:00,5.6069985537328995,5.624450280908411,8.7
2023-08-18 19:30:00,5.881023545863908,6.003504988262074,9.8
2023-08-18 20:30:00,6.488647584291001,6.373911228230574,10.3
2023-08-18 21:30:00,6.536041750922929,6.472668932512264,5.4
2023-08-18 22:30:00,6.823270279244217,6.672390485421845,3.5
2023-08-18 23:30:00,7.758243070394341,7.685467886044359,11.3
2023-08-19 00:30:00,8.452110225582715,8.54158415285954,13.8
2023-08-19 01:30:00,8.369407537515341,8.20952604330089,9.4
2023-08-19 02:30:00,8.318017245140776,8.423165787722306,9.2
2023-08-19 03:30:00,8.569431516699662,8.467451025736114,9.1
2023-08-19 04:30:00,8.540495352335085,8.440003919232943,7.9
2023-08-19 05:30:00,8.512033480998674,8.350800823097636,11.5
2023-08-19 06:30:00,8.476266602701472,8.254735950336535,11.6
2023-08-19 07:30:00,9.055449524041341,8.960856618229629,7.3
2023-08-19 08:30:00,9.531042477192315,9.447208969639881,11.4
2023-08-19 09:30:00,8.814682118022278,11.138497061217493,10.7
2023-08-19 10:30:00,7.654304739584061,11.234822286442581,12.0
2023-08-19 11:30:00,10.523743666747247,10.451721188526232,21.2
2023-08-19 12:30:00,9.242069247617831,9.118103087250457,13.0
2023-08-19 13:30:00,8.556092403316867,8.540497132747877,15.3
2023-08-19 14:30:00,6.759524367552022,6.78173386708464,3.8
2023-08-19 15:30:00,5.744056243536904,5.722301844428883,3.4
2023-08-19 16:30:00,5.659689590111062,5.633098748293576,5.1
2023-08-19 17:30:00,5.581427897964767,5.5507574287840615,7.7
2023-08-19 18:30:00,9.364181347046102,14.00575717915801,44.8
2023-08-19 19:30:00,5.651532290074137,5.656117514042914,12.8
2023-08-19 20:30:00,4.644615804305007,4.645489601353795,9.3
2023-08-19 21:30:00,4.67904063833468,4.662765714711876,12.9
2023-08-19 22:30:00,4.118838519806645,4.122161474858851,11.3
2023-08-19 23:30:00,3.7744923132002635,3.9204771211902663,7.4
2023-08-20 00:30:00,4.071793579295059,4.074129038478301,6.8
2023-08-20 01:30:00,5.210315447190218,5.159376765465238,9.5
2023-08-20 02:30:00,5.740442808867202,5.772308913421699,10.2
2023-08-20 03:30:00,5.44108405964995,5.512020204901264,9.2
2023-08-20 04:30:00,5.851882162899894,5.7108820292249405,5.5
2023-08-20 05:30:00,5.049427413548243,4.9960405422065035,12.2
2023-08-20 06:30:00,4.746027637106038,4.703806676642317,6.5
2023-08-20 07:30:00,6.720716660730167,6.787357057956807,5.9
2023-08-20 08:30:00,7.063108764098492,7.015706608237249,7.2
2023-08-20 09:30:00,6.793629437451899,6.879947189306003,8.2
2023-08-20 10:30:00,7.195987669487776,7.207966051583764,8.3
2023-08-20 11:30:00,8.669656889645873,8.622579056608759,12.3
2023-08-20 12:30:00,8.96521397925559,10.00234084075833,11.1
2023-08-20 13:30:00,9.246412281030613,9.241355670866096,12.2
2023-08-20 14:30:00,8.648371000146408,8.603340142491676,14.9
2023-08-20 15:30:00,9.382175739896374,10.080272431797168,10.7
2023-08-20 16:30:00,10.02489692332591,10.43257784573837,11.4
2023-08-20 17:30:00,10.24345481507199,10.344874001325564,18.2
2023-08-20 18:30:00,9.300470026019847,9.25270498787837,12.8
2023-08-20 19:30:00,10.536439699309858,10.08467394654994,16.0
2023-08-20 20:30:00,10.285137071535235,9.610066110370703,11.8
2023-08-20 21:30:00,11.82435892276698,11.40519840037529,13.6
2023-08-20 22:30:00,20.63671464337658,21.232318512362404,20.5
2023-08-20 23:30:00,24.47810196476646,25.958907170862158,20.9
2023-08-21 00:30:00,14.056181104772458,13.836511610986278,9.6
2023-08-21 01:30:00,6.070170174978092,6.120982815363586,4.9
2023-08-21 02:30:00,5.895887567909742,5.884989578566038,2.9
2023-08-21 03:30:00,5.555930011941548,5.5770952985561255,2.0
2023-08-21 04:30:00,9.554207513778469,8.523336429661867,2.3
2023-08-21 05:30:00,10.359160016112746,9.516268739421179,6.1
2023-08-21 06:30:00,9.405673973521978,8.38900446938543,4.2
2023-08-21 07:30:00,8.197021027318327,8.137956049873742,3.2
2023-08-21 08:30:00,8.537867088820754,8.49709510397895,3.6
2023-08-21 09:30:00,7.168912312749988,7.115940426103551,3.8
2023-08-21 10:30:00,3.774439046566921,3.813511224522487,6.9
2023-08-21 11:30:00,4.287260782695514,4.255357760093822,4.1
2023-08-21 12:30:00,3.967112907368839,4.024879884161771,7.3
2023-08-21 13:30:00,3.902660714466219,3.9886860189683926,4.5
2023-08-21 14:30:00,3.933691823830225,4.140183671039954,0.4
2023-08-21 15:30:00,3.662619504822806,3.702506080573822,2.3
2023-08-21 16:30:00,4.400669588424519,4.440625728990229,7.2
2023-08-21 17:30:00,4.938189329035354,4.8851650960821535,6.2
2023-08-21 18:30:00,5.759417931254682,5.66862434935852,5.1
2023-08-21 19:30:00,5.2089586072340595,5.234008618809131,3.6
2023-08-21 20:30:00,5.911540292251547,5.8537626204306115,3.6
2023-08-21 21:30:00,7.367182717345633,7.334196801933491,5.9
2023-08-21 22:30:00,10.373514595353736,10.698713912015679,10.4
2023-08-21 23:30:00,14.26117170752369,14.155910458886193,11.1
2023-08-22 00:30:00,13.517830059248768,13.520993465417579,14.3
2023-08-22 01:30:00,13.376968946156504,13.304283938890595,11.5
2023-08-22 02:30:00,13.787777252505627,13.598925056456416,12.1
2023-08-22 03:30:00,14.028449518681061,13.71107160113325,12.1
2023-08-22 04:30:00,10.695213133493487,10.135843943672084,7.3
2023-08-22 05:30:00,9.236679575945526,8.674798096986773,5.7
2023-08-22 06:30:00,7.843964473615319,7.719517373524692,6.3
2023-08-22 07:30:00,7.608236531109063,7.675653882249344,5.2
2023-08-22 08:30:00,8.445991398525283,8.350800823097636,3.0
2023-08-22 09:30:00,9.00750676126358,10.027812466916163,7.5
2023-08-22 10:30:00,8.255764631369438,10.29763615212251,9.2
2023-08-22 11:30:00,7.541786384066986,10.719025667138071,7.8
2023-08-22 12:30:00,7.1028462171458155,10.975660049652543,8.9
2023-08-22 13:30:00,9.844421732110886,9.620229498869314,9.4
2023-08-22 14:30:00,8.053592971299594,7.988862171163856,6.9
2023-08-22 15:30:00,7.398564983010159,7.2901328894336,11.7
2023-08-22 16:30:00,6.069923266777202,6.05288384040292,7.1
2023-08-22 17:30:00,5.733258887310075,5.671446878703426,3.3
2023-08-22 18:30:00,5.94281577140751,5.922510084512856,4.9
2023-08-22 19:30:00,6.055314066099884,6.077508417561185,6.9
2023-08-22 20:30:00,6.8009929764643715,6.774457406222835,8.6
2023-08-22 21:30:00,7.032439417478833,6.9912117289033,7.7
2023-08-22 22:30:00,8.085237538495319,8.024092549511877,11.1
2023-08-22 23:30:00,6.913679311020479,6.874561526264821,8.0
2023-08-23 00:30:00,6.670371604319841,6.576812299835137,8.1
2023-08-23 01:30:00,6.840264376085768,6.800428399141396,9.5
2023-08-23 02:30:00,7.12249747161898,6.943663686545508,6.6
2023-08-23 03:30:00,7.084678131089195,6.970496701201606,10.0
2023-08-23 04:30:00,7.664154738610785,7.596135092084735,7.5
2023-08-23 05:30:00,7.869305504497573,7.860921851145751,8.6
2023-08-23 06:30:00,8.74398896830797,8.715691702200637,9.2
2023-08-23 07:30:00,10.195557532427353,10.00877353102334,9.9
2023-08-23 08:30:00,9.847151976593075,10.290008128836877,7.8
2023-08-23 09:30:00,10.257891444435135,11.808892935461895,8.9
2023-08-23 11:30:00,10.230697818151754,13.78591006501604,18.7
2023-08-23 12:30:00,6.226647889224458,11.455977788181269,14.4
2023-08-23 13:30:00,9.407881952945495,9.258453198025364,14.0
2023-08-23 14:30:00,8.426481980172333,8.389364230132436,13.7
2023-08-23 15:30:00,6.448040284173157,6.363010204323895,8.7
2023-08-23 16:30:00,5.607200185951736,5.578204535287233,1.3
2023-08-23 17:30:00,5.197634475889008,5.314764191986513,2.3
2023-08-23 18:30:00,4.799682943871564,4.815330611888245,3.2
2023-08-23 19:30:00,4.72244049236718,4.732989292378731,0.8
2023-08-23 20:30:00,4.995381935563395,5.089671979095645,0.7
2023-08-23 21:30:00,5.404379107443772,5.5693280787727115,3.3
2023-08-23 22:30:00,5.53273435023741,5.521834208696279,4.5
2023-08-23 23:30:00,5.7866128220945106,5.739550256919812,5.8
2023-08-24 00:30:00,6.411988042065918,6.332610870651501,15.8
2023-08-24 01:30:00,7.250117460781779,7.132486508700044,10.6
2023-08-24 02:30:00,7.503964634803463,7.4071969043035955,12.8
2023-08-24 03:30:00,7.526899692411067,7.5261709100665115,9.8
2023-08-24 04:30:00,8.401072829136709,8.249220589471037,10.2
2023-08-24 05:30:00,10.366117269205956,9.8476971253595,15.6
2023-08-24 06:30:00,10.977032694679515,10.382497112189684,8.0
2023-08-24 07:30:00,15.017628272982105,14.832643753003088,9.4
2023-08-24 08:30:00,27.279452818961087,26.141446204210077,18.8
2023-08-24 09:30:00,25.211813767273817,24.38244698877963,25.7
2023-08-24 10:30:00,20.81846675416911,21.231311364173912,21.5
2023-08-24 11:30:00,8.770880410565644,13.258083907673127,18.0
2023-08-24 12:30:00,9.419906627033159,9.227891513263142,10.7
2023-08-24 13:30:00,6.394865494999108,6.378328103226239,8.4
2023-08-24 14:30:00,6.434313943687911,6.4194987629809965,8.9
2023-08-24 15:30:00,5.9112742216444145,5.937709751349052,5.3
2023-08-24 16:30:00,6.019170934774462,6.159979434895015,5.6
2023-08-24 17:30:00,5.772929312644695,5.805989579698693,6.7
2023-08-24 18:30:00,5.760479316127979,5.792266026447107,5.3
2023-08-24 19:30:00,5.953490315583921,5.897885507354591,4.6
2023-08-24 20:30:00,6.6023606400399775,6.671660454660257,13.3
2023-08-24 21:30:00,6.248986803609693,6.293776053067258,8.5
2023-08-24 22:30:00,6.454041604180018,6.515186008027317,4.5
2023-08-24 23:30:00,9.12606885066425,8.995807825922164,12.9
2023-08-25 00:30:00,8.807879229679404,9.968941587455971,12.3
2023-08-25 01:30:00,9.14501168069763,10.37683167029913,8.8
2023-08-25 02:30:00,9.299688633853483,10.310929617298694,7.8
2023-08-25 03:30:00,10.618359348974273,10.882472412042443,12.3
2023-08-25 04:30:00,11.674489986026504,11.684672392287718,11.3
2023-08-25 05:30:00,12.764803512429163,12.596369116266382,16.2
2023-08-25 06:30:00,14.395834404179013,14.115985602898707,17.1
2023-08-25 07:30:00,15.700457552317225,15.350340709060163,6.9
2023-08-25 08:30:00,15.070760710724981,15.101334349831323,11.6
2023-08-25 09:30:00,13.064657511419096,14.126795674258265,16.8
2023-08-25 10:30:00,11.3722081092933,13.902655018239441,12.9
2023-08-25 11:30:00,9.913888600527507,13.784646137878257,12.7
2023-08-25 12:30:00,6.471427387330968,11.971774407485778,12.0
2023-08-25 13:30:00,10.354446761715753,10.108762055060904,12.1
2023-08-25 14:30:00,9.22658389723157,9.171650884496504,9.1
2023-08-25 15:30:00,7.9223759159014016,7.762553240337007,5.7
2023-08-25 16:30:00,8.411072514902681,8.401915184471722,7.2
2023-08-25 17:30:00,8.613687657784677,8.478741143115741,8.4
2023-08-25 18:30:00,8.571773886736992,8.423846930109399,9.7
2023-08-25 19:30:00,8.294306684045786,8.15489122594318,10.9
2023-08-25 20:30:00,8.473248598874903,8.316751335617301,8.8
2023-08-25 21:30:00,9.15728164433731,9.026077461770242,15.7
2023-08-25 22:30:00,9.05509698261379,9.017199592755231,8.6
2023-08-25 23:30:00,9.633900731436995,9.518171933722407,6.2
2023-08-26 00:30:00,9.55075388353551,9.65575509993426,8.3
2023-08-26 01:30:00,8.806497582104946,8.879157623283685,9.4
2023-08-26 02:30:00,9.587021392828598,9.381284034902546,13.5
2023-08-26 03:30:00,11.13355651032383,11.060521009719718,10.8
2023-08-26 04:30:00,13.139844019460256,12.890626609644976,10.5
2023-08-26 05:30:00,13.463617877907206,13.142056660665071,9.5
2023-08-26 06:30:00,13.870422747473517,13.376505627579945,12.5
2023-08-26 07:30:00,13.788976819667578,13.432905996817542,12.1
2023-08-26 08:30:00,12.521117961235632,13.050047207546301,16.6
2023-08-26 09:30:00,10.746154425330078,12.702530290412543,14.0
2023-08-26 10:30:00,9.234267024851487,12.577532155867528,14.5
2023-08-26 11:30:00,6.978907128531782,11.75632880809658,14.9
2023-08-26 12:30:00,9.67453236225202,9.52698715545312,12.7
2023-08-26 13:30:00,9.010340017759255,8.964451169962423,13.9
2023-08-26 14:30:00,8.092947174333862,8.041063552649607,14.0
2023-08-26 15:30:00,8.22831468733375,8.269656446517246,9.1
2023-08-26 16:30:00,7.710105001095826,7.623971292060855,5.2
2023-08-26 17:30:00,7.644072162043639,7.680211920827492,4.3
2023-08-26 18:30:00,7.72280401927217,7.569077079054512,5.5
2023-08-26 19:30:00,7.866117919490005,7.820140284863942,6.5
2023-08-26 20:30:00,8.578860189120904,8.544536380028763,10.0
2023-08-26 21:30:00,9.613606138058003,9.388889601199727,9.4
2023-08-26 22:30:00,8.160789204753158,10.306783065340113,6.8
2023-08-26 23:30:00,8.224492801779956,10.429440258123382,8.1
2023-08-27 00:30:00,9.727654623161431,9.568028117383562,9.1
2023-08-27 01:30:00,8.858139945801973,10.407254842523782,11.3
2023-08-27 02:30:00,11.12922070312118,11.670236946641637,8.6
2023-08-27 03:30:00,12.140411543558276,12.274608821217718,10.3
2023-08-27 04:30:00,11.980103056338159,11.908355748301972,6.6
2023-08-27 05:30:00,11.746052297041691,11.734098932038044,9.5
2023-08-27 06:30:00,12.847252994764364,12.57051386592132,10.7
2023-08-27 07:30:00,13.380281865578656,13.299944122924064,12.3
2023-08-27 08:30:00,11.0894113278482,12.254441334305303,9.5
2023-08-27 09:30:00,10.139098037746077,12.687150846268803,11.6
2023-08-27 10:30:00,8.636425210711614,12.525577761841635,13.8
2023-08-27 11:30:00,8.070673696076224,12.657381867842508,15.8
2023-08-27 12:30:00,5.052779171275703,11.478163203780866,13.7
2023-08-27 13:30:00,9.826252408146301,9.62636124473352,13.7
2023-08-27 14:30:00,8.809505899706185,8.59539134575422,8.4
2023-08-27 15:30:00,7.678718628568221,7.602039546423181,5.7
2023-08-27 16:30:00,7.69369632912462,7.796862123465971,7.6
2023-08-27 17:30:00,7.70857355609746,7.935444071742124,4.4
2023-08-28 17:30:00,7.978126769208584,7.942305848367917,8.7
2023-08-28 18:30:00,8.035255766087879,7.866826305484196,9.0
2023-08-28 19:30:00,8.165058321917737,8.104165958042039,13.5
2023-08-28 20:30:00,8.660022654886488,8.563775294145845,10.2
2023-08-28 21:30:00,9.043818015684,8.904407758047192,6.5
2023-08-28 22:30:00,9.29320098724867,9.281309612684874,7.6
2023-08-28 23:30:00,9.184870500039215,9.240138952930117,8.9
2023-08-29 00:30:00,8.753695374048192,8.76815247933502,6.0
2023-08-29 01:30:00,8.384945163126961,8.415509039898993,7.1
2023-08-29 02:30:00,8.80370590435335,8.636649711706992,7.5
2023-08-29 03:30:00,9.031563390876832,9.030116709051129,7.0
2023-08-29 04:30:00,8.8944152916324,8.899742953161065,11.0
2023-08-29 05:30:00,10.607003752829323,11.103627913781132,12.0
2023-08-29 06:30:00,8.940489963992679,8.693889654387279,8.4
2023-08-29 07:30:00,9.08627374587633,9.068160659976984,8.2
2023-08-29 08:30:00,8.356858363057563,8.263203538371254,5.9
2023-08-29 09:30:00,8.461245663202618,8.308543143231216,9.7
2023-08-29 10:30:00,8.628741676461505,8.603599538140308,9.0
2023-08-29 11:30:00,8.076806802298144,7.907996965238953,6.8
2023-08-29 12:30:00,8.110101789809182,7.942305848367917,5.7
2023-08-29 13:30:00,8.176297405199328,8.009551259300688,7.0
2023-08-29 14:30:00,7.754558770514211,7.746136855564831,7.2
2023-08-29 15:30:00,6.621505944817992,6.691029066601656,6.0
2023-08-29 16:30:00,7.302846984649825,7.385285223742716,4.3
2023-08-29 17:30:00,7.3495980185762,7.364699893865337,5.2
2023-08-29 18:30:00,7.957164443609132,7.995853645613964,6.3
2023-08-29 19:30:00,9.905556646645334,9.690323378711856,8.0
2023-08-29 20:30:00,6.390013728092141,11.169094897006469,10.3
2023-08-29 21:30:00,8.917873592679582,11.72716956300971,11.5
2023-08-29 22:30:00,8.995313519420677,11.578889943758728,9.0
2023-08-29 23:30:00,9.826825215362483,11.68153480467273,8.4
2023-08-30 00:30:00,10.341484782388337,11.858319475212221,11.2
2023-08-30 01:30:00,10.391625636924497,11.665686808945619,9.9
2023-08-30 02:30:00,12.150991876978091,12.605383013357681,7.9
2023-08-30 03:30:00,12.330826323981718,12.550246571257865,10.9
2023-08-30 04:30:00,12.24227681630753,12.334800971868665,11.6
2023-08-30 05:30:00,12.386759414386892,12.170045839367575,12.8
2023-08-30 06:30:00,12.467187241078918,12.18904920689325,10.6
2023-08-30 07:30:00,13.636956968646079,13.49501626840463,14.6
2023-08-30 08:30:00,11.6793605461054,12.934893278359862,15.1
2023-08-30 09:30:00,10.85082473818683,13.17949812283593,13.2
2023-08-30 10:30:00,8.515417702746966,12.616193084717235,13.6
2023-08-30 11:30:00,8.45373707157901,13.57238258656298,15.0
2023-08-30 12:30:00,7.404903692380495,13.61230744255047,18.7
2023-08-30 13:30:00,7.928780703731084,14.3543152721448,14.0
2023-08-30 14:30:00,16.74073286096244,21.04441527653216,25.4
2023-08-30 15:30:00,12.517990937853089,19.13142653950124,21.9
2023-08-30 16:30:00,14.434451338551977,20.19976258602383,24.1
2023-08-30 17:30:00,14.47833083372272,20.074932309510224,24.8
2023-08-30 18:30:00,16.354584708792558,20.918321072880772,20.5
2023-08-30 19:30:00,16.413389317965105,20.125459227948745,20.8
2023-08-30 20:30:00,32.66864981311618,30.730397456786985,28.7
2023-08-30 21:30:00,36.62308442385523,33.637582430714986,32.6
2023-08-30 22:30:00,36.56210145538842,33.633136455503276,34.8
2023-08-30 23:30:00,35.65124093380353,32.95955853318496,33.6
2023-08-31 00:30:00,30.64328433252298,28.823074161646616,30.1
2023-08-31 01:30:00,29.729902552551096,28.074092502565016,29.1
2023-08-31 02:30:00,27.38640753922779,25.972899290295636,24.7
2023-08-31 03:30:00,22.819402067712055,21.927030241632902,23.9
2023-08-31 04:30:00,19.62105666624349,19.0512617974562,20.8
2023-08-31 05:30:00,16.478476876135034,16.22859861986707,12.1
2023-08-31 06:30:00,16.446550265686135,16.170934323491693,21.1
2023-08-31 07:30:00,16.87064938556179,16.71144421267136,14.5
2023-08-31 08:30:00,12.928261135971699,14.445982203667832,18.8
2023-08-31 09:30:00,12.46525673954243,15.298711144263935,16.5
2023-08-31 10:30:00,13.397499266736338,16.852794462894003,17.4
2023-08-31 11:30:00,13.091809676251525,17.56756116833761,13.4
2023-08-31 12:30:00,11.68106594493161,17.556795557436985,19.3
2023-08-31 13:30:00,6.043269282425973,14.634398997396653,11.2
2023-08-31 14:30:00,2.277708043631822,12.814553437516903,12.0
2023-08-31 15:30:00,8.40226148686245,8.389937027956808,8.0
2023-08-31 16:30:00,7.697886926184392,7.578761385025211,4.6
2023-08-31 17:30:00,7.552064722536944,7.440179436749059,1.0
2023-08-31 18:30:00,8.060078170542692,7.968406539110792,-0.6
2023-08-31 19:30:00,9.28347775142738,9.232060458368345,4.3
2023-08-31 20:30:00,5.790408036081884,13.266975858096542,11.7
2023-08-31 21:30:00,7.1841290017337505,13.54387753527447,10.2
2023-08-31 22:30:00,51.046664055657715,44.549867739185274,37.4
2023-08-31 23:30:00,72.19036373418378,61.82938951962885,53.4
2023-09-01 00:30:00,65.02429594928954,57.05747369167498,54.7
2023-09-01 01:30:00,37.67156375504117,34.81476102717261,26.6
2023-09-01 02:30:00,27.937943641514636,26.329650679448537,20.7
2023-09-01 03:30:00,33.68639674483863,31.75497240544979,28.4
2023-09-01 04:30:00,34.07523725082896,32.517247529707575,27.8
2023-09-01 05:30:00,35.014611854322474,33.72941722026944,22.2
2023-09-01 06:30:00,36.308253400426,35.46670465287896,29.4
2023-09-01 08:30:00,37.09219742712288,34.71951680908347,25.9
2023-09-01 09:30:00,42.29224083503404,38.02380810854917,34.5
2023-09-01 10:30:00,39.04635920172674,35.53601377543194,31.2
2023-09-01 11:30:00,24.1960767426691,24.77027574395555,22.9
2023-09-01 12:30:00,20.609780380503814,22.70774346053587,17.8
2023-09-01 13:30:00,15.520903353442343,19.277788037816084,18.7
2023-09-01 14:30:00,10.143705428668335,15.622885331944257,17.4
2023-09-01 15:30:00,10.50443856076199,16.197610174761934,14.8
2023-09-01 16:30:00,8.846088269707597,15.432667465377122,10.6
2023-09-01 17:30:00,7.967154157669978,13.488741093174653,12.2
2023-09-01 18:30:00,5.460311591905622,5.390114037045919,6.7
2023-09-01 19:30:00,4.818913864747509,4.761653116817882,5.2
2023-09-01 20:30:00,4.984034133911252,4.971545662872554,6.9
2023-09-01 21:30:00,5.166936294464057,5.123818739944214,5.8
2023-09-01 22:30:00,5.049500441727595,5.007933285675035,7.4
2023-09-01 23:30:00,4.301096578525155,4.352639350790901,5.7
2023-09-02 00:30:00,3.47430269861203,3.418221011747092,1.2
2023-09-02 01:30:00,2.5080360876656274,2.6073146519675547,-1.6
2023-09-02 02:30:00,2.859186489798163,3.0449922424336866,-0.9
2023-09-02 03:30:00,3.0024160373167197,2.9489273696725866,5.7
2023-09-02 04:30:00,2.995751190634014,2.942065593046794,5.1
2023-09-02 05:30:00,3.049203663565835,2.9969598060531366,1.4
2023-09-02 06:30:00,3.1560713084217493,3.1067482320658226,5.4
2023-09-02 09:30:00,5.217072790678821,5.119682219295091,9.2
2023-09-02 10:30:00,5.917654756747249,5.985482792080972,7.8
2023-09-02 11:30:00,5.5025153951372685,5.4078768375783905,4.6
2023-09-02 12:30:00,5.665192193339492,5.572559476597419,3.3
2023-09-02 13:30:00,5.854298971597777,5.764689222119619,4.0
2023-09-02 14:30:00,5.833986933230074,5.744103892242241,5.8
2023-09-02 15:30:00,6.3884562636000215,6.2654692179781835,9.3
2023-09-02 16:30:00,6.615359488411157,6.48639248576385,6.1
2023-09-02 17:30:00,6.452312999805008,6.520701368892815,3.6
2023-09-02 18:30:00,6.601826194324717,6.472668932512264,5.4
2023-09-02 19:30:00,6.9917329336074685,7.0228277805116734,10.7
2023-09-02 20:30:00,7.182660515521985,7.073553048412814,7.9
2023-09-02 21:30:00,6.83402635396873,6.6728771725962375,5.1
2023-09-02 22:30:00,6.2200771965280754,6.17236893176559,6.0
2023-09-02 23:30:00,5.676584062111434,5.614946854288156,6.2
2023-09-03 00:30:00,5.201372602576101,5.219786339337078,4.8
2023-09-03 09:30:00,9.049468573372508,9.563211885354876,14.9
2023-09-03 10:30:00,8.468570286287068,8.366000489933832,9.3
2023-09-03 11:30:00,8.26121800326138,8.040804157000977,6.4
2023-09-03 12:30:00,7.975345562687939,8.081974816755734,4.6
2023-09-03 13:30:00,8.28604028931274,8.160581068468357,6.7
2023-09-03 14:30:00,8.513193159328049,8.473096084425926,8.8
2023-09-03 15:30:00,8.665975235749942,8.493681414303305,7.4
2023-09-03 16:30:00,8.292434750855731,8.20144754873912,6.7
2023-09-03 17:30:00,8.05895083904192,7.85431947016859,8.9
2023-09-03 18:30:00,7.240553376441065,7.133962622284655,6.6
2023-09-03 19:30:00,7.115720729718477,7.02307112409887,5.6
2023-09-03 20:30:00,6.593553713042265,6.568604107449049,6.7
2023-09-03 21:30:00,5.759292930420998,5.827661929687736,7.4
2023-09-03 22:30:00,4.748617943394465,4.725868120104307,5.4
2023-09-03 23:30:00,4.6082759553837915,4.644873216355087,4.5
2023-09-04 00:30:00,3.9411142235423107,3.8620547465027903,8.5
2023-09-04 01:30:00,4.018054446546115,4.122031777034534,7.8
2023-09-04 02:30:00,4.362964027641326,4.261960141070983,3.6
2023-09-04 03:30:00,4.308161963740413,4.20706592806464,4.2
2023-09-04 04:30:00,4.232753097744966,4.131586385180919,8.6
2023-09-04 08:30:00,6.865710033898651,6.887417324899786,8.5
2023-09-04 09:30:00,6.471016117497325,6.316064788055009,5.9
2023-09-04 10:30:00,5.894027007404958,5.901795056811162,5.4
2023-09-04 11:30:00,5.659950149354497,5.567413144128075,6.7
2023-09-04 12:30:00,5.87460505058341,5.785274551996999,8.3
2023-09-04 13:30:00,5.830704260492989,5.874477648132306,6.5
2023-09-04 14:30:00,5.404534024469834,5.421730088654293,7.6
2023-09-04 15:30:00,5.747568034834215,5.685170431955012,7.7
2023-09-04 16:30:00,5.667714137727604,5.758713113644594,4.8
2023-09-04 17:30:00,6.056650688398296,5.970542520893406,2.7
2023-09-04 18:30:00,5.942294828062892,5.853892318254927,3.8
2023-09-04 19:30:00,5.753362993570684,5.6617625727327265,5.5
2023-09-04 20:30:00,6.709953086115286,6.627667265560595,5.8
2023-09-04 21:30:00,5.821428159543354,5.9004486410508665,7.0
2023-09-04 22:30:00,5.362890850091915,5.266720289847795,5.0
2023-09-04 23:30:00,5.681148387012361,5.689079981411583,5.3
2023-09-05 00:30:00,5.911750357238287,5.905834304092048,5.6
2023-09-05 01:30:00,6.464182532862932,6.309203011429215,7.5
2023-09-05 02:30:00,6.571129438736758,6.664539282385833,7.0
2023-09-05 03:30:00,6.589885482969187,6.733105169514035,7.4
2023-09-05 04:30:00,6.679416796253287,6.578029017771117,4.4
2023-09-05 05:30:00,6.645805375966764,6.481964145010017,8.5
2023-09-05 08:30:00,10.396636046111325,10.419589247231897,13.5
2023-09-05 09:30:00,9.474255987697436,11.165738185368221,16.6
2023-09-05 10:30:00,7.219762819777987,10.568218193611525,11.8
2023-09-05 11:30:00,8.125918422304757,8.117488058441392,10.7
2023-09-05 12:30:00,6.9554388003938366,6.829481317053493,8.4
2023-09-05 13:30:00,6.846257843924698,6.9186844131888,6.9
2023-09-05 14:30:00,6.852222646318863,6.800687794790027,10.2
2023-09-05 15:30:00,6.323171349708359,6.24501358592512,8.6
2023-09-05 16:30:00,6.310157787916431,6.2312900326735345,4.9
2023-09-05 17:30:00,6.034474791007517,6.217566479421949,7.9
2023-09-05 18:30:00,6.222725654630467,6.140714581213069,6.7
2023-09-05 19:30:00,6.420382860475389,6.379426589096071,4.5
2023-09-05 21:30:00,6.499447100324952,6.369742283125372,4.4
2023-09-05 22:30:00,6.35544856385021,6.225644973983721,12.7
2023-09-05 23:30:00,6.180699120963386,6.051159796927846,10.2
2023-09-06 00:30:00,5.983899556947645,5.855109036190907,7.9
2023-09-06 01:30:00,5.873569944499161,5.745320610178221,5.0
2023-09-06 02:30:00,5.897868715757467,5.892110750840462,5.5
2023-09-06 03:30:00,6.39846594375126,6.309203011429215,6.5
2023-09-06 04:30:00,6.401309261185508,6.24744702179708,8.1
2023-09-06 05:30:00,6.401309261185508,6.24744702179708,7.2
2023-09-06 08:30:00,7.86165077755921,7.752001179749687,10.3
2023-09-06 09:30:00,9.269328866215501,9.194799348070157,8.3
2023-09-06 10:30:00,9.292347349198739,9.156451217660306,12.0
2023-09-06 11:30:00,6.763694618688332,6.8925837224459245,7.5
2023-09-06 13:30:00,6.316105368199263,6.3300801614113045,6.3
2023-09-06 14:30:00,5.735316150640778,5.821059548710574,2.8
2023-09-06 15:30:00,5.681532062735067,5.709924706937593,-0.2
2023-09-06 16:30:00,5.974912411433029,6.168187627281103,5.9
2023-09-06 17:30:00,6.152430927679241,6.203842926170363,7.6
2023-09-06 18:30:00,6.12362487531089,6.039160287151335,8.2
2023-09-06 19:30:00,6.21686517328137,6.173573290322285,8.6
2023-09-06 20:30:00,6.50890337997026,6.3793487704014815,7.8
2023-09-06 21:30:00,6.399522906060723,6.335433399996408,5.7
2023-09-06 22:30:00,5.837807367725106,5.982789960560381,5.4
2023-09-06 23:30:00,5.547343443821102,5.51214990272558,7.3
2023-09-07 00:30:00,5.649058966828164,5.8537626204306115,6.8
2023-09-07 01:30:00,5.355545575916168,5.465426825584092,8.8
2023-09-07 02:30:00,5.597233258263126,5.601223301036571,6.6
2023-09-07 03:30:00,5.576651980555914,5.4502642152691285,3.8
2023-09-07 04:30:00,5.619284169963418,5.641508292640562,2.2
2023-09-07 08:30:00,6.0917561670845455,6.047847140681098,8.9
2023-09-07 09:30:00,6.379253710412678,6.309332709253531,10.5
2023-09-07 10:30:00,6.962545424179064,6.912430995530999,11.7
2023-09-07 11:30:00,7.4089556837951545,7.378293749292606,10.9
2023-09-07 12:30:00,7.584385828639812,7.488082175305292,13.2
2023-09-07 13:30:00,6.509067771751936,6.4810068227226685,14.0
2023-09-07 14:30:00,6.449260094143552,6.375387341815185,10.7
2023-09-07 15:30:00,6.429618994811213,6.354802011937807,6.1
2023-09-07 16:30:00,6.377470962860887,6.368525565189392,8.6
2023-09-07 17:30:00,6.3192126056978015,6.321865484134,8.2
2023-09-07 18:30:00,6.3175920756821,6.238151809299328,7.9
2023-09-07 19:30:00,6.711256409444612,6.656590485648376,7.3
2023-09-07 20:30:00,6.770453797180551,6.700453976923725,9.4
2023-09-07 21:30:00,7.192605184691686,7.091445546769602,12.6
2023-09-07 22:30:00,6.6682787754167325,6.586496605805838,9.9
2023-09-07 23:30:00,6.076408292799522,6.115856547971036,8.9
2023-09-08 00:30:00,5.98702279941082,5.9237268024488365,9.9
2023-09-08 01:30:00,6.183429657006535,6.106172242000337,6.7
2023-09-08 02:30:00,7.13269357535469,7.080285127214292,12.4
2023-09-08 03:30:00,7.5020146607212315,7.539894463318097,14.7
2023-09-08 04:30:00,7.498500702987116,7.49872380356334,12.3
2023-09-08 08:30:00,9.258920660663243,9.281179914860559,11.0
2023-09-08 09:30:00,6.521689865131249,6.589319135150744,11.1
2023-09-08 10:30:00,6.404998361032489,6.404148439622572,6.8
2023-09-08 11:30:00,7.2636228797019555,7.313844928139881,11.4
2023-09-08 12:30:00,7.839113593693141,7.736452549594132,16.2
2023-09-08 13:30:00,7.523027247765102,7.444218684029945,14.0
2023-09-08 14:30:00,6.303808482238536,6.305423159796961,7.8
2023-09-08 15:30:00,5.599592859030643,5.777196057435226,9.1
2023-09-08 16:30:00,5.389773322197852,5.76347250418364,7.1
2023-09-08 17:30:00,5.370544684941681,5.7428871743062615,5.8
2023-09-08 18:30:00,5.108734848627476,5.271439267015284,6.3
2023-09-08 19:30:00,5.47765642287109,5.509586769029305,4.6
2023-09-08 20:30:00,5.94071502049214,6.177742235427488,10.6
2023-09-08 21:30:00,5.820675336871348,5.87313123237201,8.2
2023-09-08 22:30:00,5.187250470193361,5.207668597494418,4.1
2023-09-08 23:30:00,5.926489067916665,5.987728286100037,4.7
2023-09-09 00:30:00,6.065001933961863,6.19819786748055,5.5
2023-09-09 01:30:00,6.156049098529149,6.026653451835729,6.9
2023-09-09 02:30:00,5.699743663047707,5.964897462203593,6.8
2023-09-09 03:30:00,5.824803498123393,5.827661929687736,8.5
2023-09-09 04:30:00,5.852761713821723,5.724735280300843,12.2
2023-09-09 08:30:00,5.204537899450413,5.2542249202903575,5.8
2023-09-09 09:30:00,5.231028110984475,5.299564525150316,6.2
2023-09-09 10:30:00,5.894469053567477,5.871363069873254,5.7
2023-09-09 11:30:00,6.224265940440993,6.210704702796156,5.9
2023-09-09 12:30:00,6.006050201987746,6.009020349127573,11.5
2023-09-09 13:30:00,5.887345909556531,5.954126136121229,9.1
2023-09-09 14:30:00,5.568299573102857,5.537033875532476,7.0
2023-09-09 15:30:00,5.613983535268538,5.5850663119130255,7.5
2023-09-09 16:30:00,5.568107333295975,5.537033875532476,8.7
2023-09-09 17:30:00,5.502795181910747,5.468416109274547,8.1
2023-09-09 18:30:00,5.477126616643496,5.508457757291342,13.0
2023-09-09 19:30:00,6.456984655022032,6.533078506384105,12.0
2023-09-09 20:30:00,6.7984848477827695,6.847244117585966,14.8
2023-09-09 21:30:00,6.001875389729853,5.897755809530276,10.3
2023-09-09 22:30:00,5.54770729035636,5.461424634824439,5.6
2023-09-09 23:30:00,5.012950142066435,5.002162932416627,4.2
2023-09-10 00:30:00,4.980876819035774,5.101919418762619,9.8
2023-09-10 01:30:00,4.713302074777778,4.720482457063125,6.4
2023-09-10 02:30:00,4.4511795932962475,4.595624062038558,4.3
2023-09-10 03:30:00,4.034061946392566,4.012502746670481,7.1
2023-09-10 04:30:00,4.144496468993179,4.241634206842235,5.3
2023-09-10 09:30:00,5.285865654301641,5.2117078447753045,7.5
2023-09-10 10:30:00,5.975696809160688,5.888201201383891,7.5
2023-09-10 11:30:00,6.184141523324726,6.241787838102369,7.7
2023-09-10 12:30:00,5.806118863579801,5.859407679120425,6.5
2023-09-10 13:30:00,5.164916588854743,5.155596913832982,6.8
2023-09-10 14:30:00,4.864420094340295,4.883948378146174,6.4
2023-09-10 15:30:00,4.915999302629457,4.9388425911525164,7.6
2023-09-10 16:30:00,4.883952306611396,4.9045337080235525,4.3
2023-09-10 17:30:00,5.064608653766919,5.133665168195308,0.9
2023-09-10 18:30:00,5.6999891476809745,5.739013451917982,3.2
2023-09-10 19:30:00,5.2799805454237125,5.3161106077468085,4.7
2023-09-10 20:30:00,5.3658716813539655,5.324318800132897,2.0
2023-09-10 21:30:00,4.673239077300315,4.6657179418810975,1.7
2023-09-10 22:30:00,4.766193430280056,4.930504700942112,4.2
2023-09-10 23:30:00,5.137672501237278,5.195099114894514,3.7
2023-09-11 00:30:00,5.747378123652473,5.654900796106935,4.9
2023-09-11 08:30:00,5.508181634646176,5.572559476597419,6.1
2023-09-11 09:30:00,5.962719286991528,5.874477648132306,8.3
2023-09-11 10:30:00,6.283878782410094,6.260083554937002,6.2
2023-09-11 11:30:00,6.237195324741893,6.155810489789813,7.9
2023-09-11 12:30:00,6.203239806288858,6.177742235427488,12.2
2023-09-11 13:30:00,6.246050930920944,6.232905731585889,8.9
2023-09-11 14:30:00,6.112369420565077,6.106431637648967,6.0
2023-09-11 15:30:00,5.634331556316402,5.605651641790404,2.6
2023-09-11 16:30:00,5.032663728934825,5.0623545704167885,1.4
2023-09-11 17:30:00,5.176722717666247,5.375173765858353,1.9
2023-09-11 18:30:00,5.151781226700293,5.347726659355182,7.2
2023-09-11 19:30:00,5.445110736630172,5.582125550501972,6.9
2023-09-11 20:30:00,5.575827243791646,5.589161143975762,7.9
2023-09-11 21:30:00,5.492660972494953,5.567173813556238,7.6
2023-09-11 22:30:00,5.84386165961892,5.8195834351259625,6.6
2023-09-11 23:30:00,5.686284416024486,5.593144806474799,7.1
2023-09-12 00:30:00,5.505707257347428,5.490218157087906,9.5
2023-09-12 01:30:00,4.953369807323918,4.880996150976952,7.3
2023-09-12 02:30:00,4.782324376655535,4.959168525381264,7.6
2023-09-12 03:30:00,5.035711018758087,5.003032016656612,7.1
2023-09-12 04:30:00,4.951346775217829,4.852072930889169,4.3
2023-09-12 05:30:00,4.889873645317685,4.790316941257034,8.7
2023-09-12 08:30:00,5.659053165395651,5.545720729062238,3.5
2023-09-12 09:30:00,5.816469006189211,5.725479069972232,5.4
2023-09-12 10:30:00,6.173074926046169,6.138339738171486,7.9
2023-09-12 11:30:00,6.536694902735684,6.5084539292258405,7.2
2023-09-12 12:30:00,6.556342392346567,6.47279863033658,11.2
2023-09-12 13:30:00,5.32914443091642,5.45199972450237,7.5
2023-09-12 14:30:00,4.999953614638299,5.028045687287824,5.2
2023-09-12 15:30:00,5.006469292077129,5.034907463913617,3.3
2023-09-12 16:30:00,4.987731596527025,5.014322134036238,4.1
2023-09-12 17:30:00,4.948567299480549,4.971779118956323,3.8
2023-09-12 18:30:00,4.931204395777395,4.952566144404103,2.8
2023-09-12 19:30:00,4.990607802862046,5.232422872476999,3.6
2023-09-12 20:30:00,6.257044934139689,6.164018682175901,10.2
2023-09-12 21:30:00,4.86400730287829,5.0772948416043535,6.4
2023-09-12 22:30:00,5.035603424950975,5.239731986604317,6.6
2023-09-12 23:30:00,19.57381355759891,19.641468795997326,16.3
2023-09-13 00:30:00,8.169945567337816,8.142384390627573,10.3
2023-09-13 01:30:00,5.313419001883551,5.210231731190693,9.3
2023-09-13 02:30:00,5.069972897951561,5.03182553892008,8.0
2023-09-13 03:30:00,5.400945201776358,5.432423596042066,7.7
2023-09-13 04:30:00,5.459100801301415,5.333614012630649,6.5
2023-09-13 08:30:00,7.114160467533447,7.128382412506999,10.4
2023-09-13 09:30:00,7.279487260096817,7.112030876646981,11.5
2023-09-13 10:30:00,6.703159178127441,6.723123779353704,13.6
2023-09-13 11:30:00,6.297049141315851,6.2738071081885876,10.3
2023-09-13 12:30:00,6.04839700535468,6.299907798931463,9.6
2023-09-13 13:30:00,5.69633322118412,5.917124421471674,8.6
2023-09-13 14:30:00,4.9556664107975195,4.980013250907274,4.9
2023-09-13 15:30:00,5.032663728934825,5.0623545704167885,2.2
2023-09-13 16:30:00,5.093798730793157,5.180351188815562,3.0
2023-09-13 17:30:00,4.971666897694719,4.996481514809177,5.3
2023-09-13 18:30:00,4.8209714285495044,4.835915941765624,9.6
2023-09-13 19:30:00,5.155236909783265,5.254354618114673,7.4
2023-09-13 20:30:00,5.6428847034219105,5.949957191016027,5.0
2023-09-13 21:30:00,5.9751596124131305,5.94444183015053,8.1
2023-09-13 22:30:00,6.44089807002344,6.498704774342983,8.3
2023-09-13 23:30:00,6.32022208535804,6.310679125013826,12.2
2023-09-14 00:30:00,5.6570944067571265,5.735766002031838,7.5
2023-09-14 01:30:00,5.9633324677651505,5.834523706313528,4.6
2023-09-14 02:30:00,6.277047065256115,6.321580148920505,6.5
2023-09-14 03:30:00,6.544968898250149,6.4631501514341725,5.2
2023-09-14 04:30:00,6.401309261185508,6.24744702179708,8.9
2023-09-14 08:30:00,9.539848532787303,9.552828450547366,11.5
2023-09-14 09:30:00,9.312776190570139,9.235970007824914,9.7
2023-09-14 10:30:00,8.313703295223565,8.164445834089564,9.7
2023-09-14 11:30:00,7.839297840129523,7.787177817495272,10.2
2023-09-14 12:30:00,7.989822957273652,8.027129126028791,16.3
2023-09-14 13:30:00,7.385339255055506,7.437356907404152,13.5
2023-09-14 14:30:00,6.814916607922367,6.784271410017849,11.7
2023-09-14 15:30:00,6.067332264968925,6.332870266300132,8.3
2023-09-14 16:30:00,5.806044775010346,5.840298462827658,6.9
2023-09-14 17:30:00,6.423553645257513,6.347940235312013,7.4
2023-09-14 18:30:00,6.476401583655537,6.4466979395937045,6.3
2023-09-14 19:30:00,6.893853387363157,6.7663529720961995,9.4
2023-09-14 20:30:00,6.966306991253112,6.8308277328137885,8.2
2023-09-14 21:30:00,7.109776385771715,7.150508704881147,9.8
2023-09-14 22:30:00,8.065826908428235,7.98603964181895,11.6
2023-09-14 23:30:00,9.402096048364697,9.133043358438021,9.6
2023-09-15 00:30:00,9.213499536916629,8.953656912363723,8.8
2023-09-15 01:30:00,9.460799152921833,9.193534107854777,11.2
2023-09-15 02:30:00,9.532283415923922,9.997894865546623,10.9
2023-09-15 03:30:00,9.938890859267424,9.88256627279586,9.2
2023-09-15 08:30:00,11.527693643079994,11.596280057017973,12.2
2023-09-15 09:30:00,9.311114953952037,10.80772286907753,11.1
2023-09-15 10:30:00,10.51209331824167,10.252729666378238,9.0
2023-09-15 11:30:00,9.048203197626577,8.9679504384387,16.6
2023-09-15 12:30:00,8.619511368326641,8.471879366489947,15.2
2023-09-15 13:30:00,8.75849960344516,8.603599538140308,13.2
2023-09-15 14:30:00,8.746712435718003,8.533635356122083,12.9
2023-09-15 15:30:00,8.831957407020184,8.735319709790668,18.3
2023-09-15 16:30:00,8.036108777009265,8.042409968409903,15.0
2023-09-15 17:30:00,7.76142112768493,7.5923552404524814,8.3
2023-09-15 18:30:00,7.918981765315389,8.032482318852008,10.5
2023-09-15 19:30:00,8.430599604074132,8.400439070887114,12.7
2023-09-15 20:30:00,8.816533931500203,8.57602273381282,11.0
2023-09-15 21:30:00,8.3766848601254,8.27961992314343,14.3
2023-09-15 22:30:00,7.472082641876477,7.538677745382118,9.7
2023-09-15 23:30:00,7.873551001906747,7.723486911018831,11.1
2023-09-16 00:30:00,8.976826116063393,9.745706458243859,12.3
2023-09-16 01:30:00,9.21609226784583,9.215254980123222,8.8
2023-09-16 02:30:00,9.116463084894026,9.421775256831495,9.7
2023-09-16 08:30:00,11.496047591096554,11.684672392287718,12.5
2023-09-16 09:30:00,10.193942956472156,11.307828372035676,10.2
2023-09-16 10:30:00,8.764636119186141,11.071331081079274,11.9
2023-09-16 11:30:00,10.409480757519677,10.28017677288141,12.2
2023-09-16 12:30:00,10.14560270141303,10.09221597246441,11.7
2023-09-16 13:30:00,9.756269626095452,9.661400158624073,11.6
2023-09-16 14:30:00,9.027032438836638,9.035761767740942,8.6
2023-09-16 15:30:00,8.948821900367422,9.087911270096967,6.2
2023-09-16 16:30:00,8.425451408887909,8.279749620967747,9.7
2023-09-16 17:30:00,8.407736063906741,8.197408301458232,10.0
2023-09-16 18:30:00,8.39999917020811,8.30988955899151,12.9
2023-09-16 19:30:00,9.530394365382623,9.381413732726859,15.3
2023-09-16 20:30:00,9.538339293730964,9.45272433050538,14.5
2023-09-16 21:30:00,9.704883737001825,9.474623651686974,8.9
2023-09-16 22:30:00,9.051822159913097,8.992985296577258,11.1
2023-09-16 23:30:00,9.310734994824736,9.748234312519422,8.3
2023-09-17 00:30:00,9.887042506834412,9.86609075954575,7.5
2023-09-17 01:30:00,10.230332555823324,10.367939719875718,7.7
2023-09-17 02:30:00,10.736216716044021,10.316734790040707,5.7
2023-09-17 03:30:00,10.981405217895674,10.60206158989141,8.7
2023-09-17 08:30:00,11.027024362923747,10.688558034454482,9.7
2023-09-17 09:30:00,10.470901635429493,10.71645335240357,11.9
2023-09-17 10:30:00,9.751921041041015,9.631074937994144,11.7
2023-09-17 11:30:00,9.41420488058197,9.270278890953879,8.8
2023-09-17 12:30:00,9.323365210356428,9.434961529972908,8.1
2023-09-17 13:30:00,9.080804523296292,8.893010874359586,16.0
2023-09-17 15:30:00,8.571067291647882,8.53767460340297,16.8
2023-09-17 16:30:00,8.362740947961752,8.2250987515486,6.4
2023-09-17 17:30:00,9.009919281089495,8.824393108101658,17.6
2023-09-17 18:30:00,8.845118937405621,8.603469840315991,18.0
2023-09-17 19:30:00,8.6597067553042,8.549922043069945,8.7
2023-09-17 20:30:00,8.219436688338924,8.253519232400556,10.2
2023-09-17 21:30:00,8.350743511403213,8.289156003029198,7.9
2023-09-17 22:30:00,7.2139539356861135,7.286138425988078,9.1
2023-09-17 23:30:00,6.513898242944945,6.420337853202197,6.1
2023-09-18 00:30:00,6.095648817353862,6.143173956649891,3.6
2023-09-18 01:30:00,5.816882811631827,5.93597424211581,10.8
2023-09-18 02:30:00,6.233392791808729,6.082764382778051,12.2
2023-09-18 03:30:00,6.174531584628552,6.025125459121391,10.3
2023-09-18 08:30:00,6.674225362571816,6.510887365097799,8.0
2023-09-18 09:30:00,5.702024835105653,5.709665311288961,9.0
2023-09-18 10:30:00,5.5097444465909,5.414738614204184,6.6
2023-09-18 11:30:00,5.84523860127724,5.7548866840827735,6.4
2023-09-18 12:30:00,5.972172172143473,5.8842801861691525,6.0
2023-09-18 13:30:00,6.056650688398296,5.970542520893406,6.5
2023-09-18 14:30:00,6.29466504333296,6.261429970697297,10.8
2023-09-18 15:30:00,6.820126289836905,6.692245784537636,8.1
2023-09-18 16:30:00,7.026326666078148,7.068167385371632,10.0
2023-09-18 17:30:00,7.345667472679773,7.177903932254592,10.8
2023-09-18 18:30:00,7.433855494522265,7.320577006941358,9.6
2023-09-18 19:30:00,7.955279247945031,7.814495226174129,9.3
2023-09-18 20:30:00,8.274972415851597,8.370169435039035,7.2
2023-09-18 21:30:00,8.488085192286798,8.322136998658484,12.6
2023-09-18 22:30:00,7.574391999699152,7.544733085052224,11.0
2023-09-18 23:30:00,6.107792172807672,6.161066455006679,6.8
2023-09-19 00:30:00,5.782228016023326,5.780975909067481,4.6
2023-09-19 01:30:00,5.472741979693282,5.608085077662364,5.0
2023-09-19 08:30:00,5.749681578434371,5.62180863091395,3.8
2023-09-19 09:30:00,5.614345096973937,5.506634541860082,3.1
2023-09-19 10:30:00,5.6812614037056886,5.654900796106935,4.6
2023-09-19 11:30:00,5.944427880952241,5.855607762411376,4.4
2023-09-19 12:30:00,6.24829619581913,6.338255929341313,4.3
2023-09-19 13:30:00,6.763619912657688,6.767725327421358,6.0
2023-09-19 14:30:00,7.2075176325700845,7.3151913439001754,6.6
2023-09-19 15:30:00,7.436826208290418,7.405740855795778,8.2
2023-09-19 16:30:00,7.658899835693242,7.489428591065588,9.0
2023-09-19 17:30:00,8.210225029561778,8.157609997028635,10.8
2023-09-19 18:30:00,8.738526380931972,8.629570531058867,7.7
2023-09-19 19:30:00,9.319376054842127,9.179729379058276,5.8
2023-09-19 20:30:00,9.807667180056942,9.646200491787877,10.0
2023-09-19 21:30:00,8.874231390726242,10.449707552786839,11.0
2023-09-19 22:30:00,8.97668809412847,10.10943167688404,9.5
2023-09-19 23:30:00,9.807537368361558,9.52636159784788,12.0
2023-09-20 00:30:00,10.078370160236593,10.564381951739243,10.2
2023-09-20 01:30:00,13.753282285372142,13.711725794931613,10.3
2023-09-20 02:30:00,28.61461469886904,27.51678000323606,28.3
2023-09-20 10:30:00,10.238236873914051,12.770792339657131,11.3
2023-09-20 11:30:00,7.2238396781942775,11.090988642403307,12.2
2023-09-20 12:30:00,10.085063461173222,9.973915174581641,8.1
2023-09-20 13:30:00,10.55831871096599,10.484683655894901,12.0
2023-09-20 14:30:00,10.01119360412817,9.97018010678475,9.1
2023-09-20 15:30:00,9.731505431180766,9.581881368459463,14.1
2023-09-20 16:30:00,9.160473523353708,9.041277128606438,10.7
2023-09-20 17:30:00,9.430468701582242,9.292340334415869,7.3
2023-09-20 18:30:00,6.4703929529143,10.848301918863378,9.1
2023-09-20 19:30:00,9.13697423484936,11.76987505870032,8.4
2023-09-20 20:30:00,12.345883260236567,13.999437543469098,17.1
2023-09-20 21:30:00,14.212252733434205,15.152679010517788,17.6
2023-09-20 22:30:00,16.261651891323723,16.606271497481796,17.7
2023-09-20 23:30:00,17.566002428466362,17.467399701240232,18.8
2023-09-21 00:30:00,20.814987981361334,20.2318625249319,21.6
2023-09-21 01:30:00,28.56276253186857,26.93161664641695,17.4
2023-09-21 02:30:00,34.471072560179415,32.129463234990595,31.9
2023-09-21 08:30:00,42.14809058608634,40.72113217170988,37.0
2023-09-21 09:30:00,40.93826644262715,38.3969097972246,39.2
2023-09-21 10:30:00,38.69784329556652,35.32878370243833,39.7
2023-09-21 11:30:00,35.122558863712136,32.29487256129005,38.2
2023-09-21 12:30:00,32.33126404743222,30.12398551460687,37.1
2023-09-21 13:30:00,30.754123212703277,29.169714133697266,32.6
2023-09-21 14:30:00,23.575053253968306,24.120147164374604,28.7
2023-09-21 15:30:00,21.485142176954998,22.227425722007148,25.4
2023-09-21 16:30:00,20.531883103467415,21.59706775832633,26.9
2023-09-21 17:30:00,20.717648292843798,21.51963284605082,23.6
2023-09-21 18:30:00,21.252602412986008,21.313688930424455,23.5
2023-09-21 19:30:00,22.594634596917594,21.92642050829348,24.9
2023-09-21 20:30:00,23.450285031038383,22.655744606051048,32.2
2023-09-21 21:30:00,25.04299101749621,23.968663266820233,27.6
2023-09-21 22:30:00,27.11108816262787,25.80688023065676,27.6
2023-09-21 23:30:00,27.662076630684723,26.44306115126317,28.0
2023-09-22 00:30:00,27.834425618505612,26.584366941026868,26.3
2023-09-22 01:30:00,28.876486899717122,27.6633466517822,30.3
2023-09-22 08:30:00,31.47539837796534,30.476246468089137,34.5
2023-09-22 09:30:00,31.505468573957103,29.541632648503573,34.2
2023-09-22 10:30:00,31.176072347530855,29.04296573624753,31.5
2023-09-22 11:30:00,37.64775560442376,34.31416773754292,34.1
2023-09-22 12:30:00,29.46382843932306,28.168544067312904,29.2
2023-09-22 13:30:00,23.22809221563707,23.629063814945255,25.5
2023-09-22 14:30:00,18.724256088807856,20.515934925390887,26.2
2023-09-22 15:30:00,15.03479895297065,18.236693115444226,22.2
2023-09-22 16:30:00,13.273415769143206,16.968123055644767,18.1
2023-09-22 17:30:00,12.397351899373357,16.37705353833666,18.9
2023-09-22 18:30:00,12.393705124446742,16.03411896939862,13.1
2023-09-22 19:30:00,16.37569993819715,17.931896120317212,23.8
2023-09-22 20:30:00,18.239988253108297,18.777812737963323,19.0
2023-09-22 21:30:00,19.160857565082317,19.205521888667796,20.9
2023-09-22 22:30:00,22.00918752500769,21.471905757252152,20.6
2023-09-22 23:30:00,23.01888615958731,21.997378269845044,22.5
2023-09-23 00:30:00,23.393521943164487,22.45803844704974,20.6
2023-09-23 01:30:00,25.04061794066704,23.894523457194744,23.9
2023-09-23 08:30:00,35.817718336844266,34.84020597705508,31.0
2023-09-23 09:30:00,31.244207183410687,29.123425181561924,23.6
2023-09-23 10:30:00,26.489712299591403,25.362085833362755,29.7
2023-09-23 11:30:00,23.29168562271125,23.222885886042025,23.5
2023-09-23 12:30:00,18.691376544411163,20.388931565146954,21.6
2023-09-23 13:30:00,15.66394901002935,18.670473290537558,21.3
2023-09-23 14:30:00,14.174440751882713,18.051670688279682,17.6
2023-09-23 15:30:00,12.28853742546426,17.157591458021024,18.5
2023-09-23 16:30:00,12.738847978839882,17.20004416828408,20.9
2023-09-23 17:30:00,13.684036667100308,17.409779865323788,16.3
2023-09-23 18:30:00,13.388099533345429,16.710224745992516,15.2
2023-09-23 19:30:00,17.460381252332006,18.6855587558545,17.5
2023-09-23 20:30:00,20.86581897619567,20.840345021383,24.2
2023-09-23 21:30:00,23.424451210805145,22.537888159024718,26.1
2023-09-23 22:30:00,23.46293303057019,22.36489526989857,28.5
2023-09-23 23:30:00,24.454134300338055,23.475836460019067,24.8
2023-09-24 00:30:00,24.962792218186387,24.056728505190797,22.2
2023-09-24 01:30:00,24.960071405885554,24.225275419105234,20.7
2023-09-24 08:30:00,32.80229863808327,32.099976893004545,25.5
2023-09-24 09:30:00,29.99792826963079,28.094833430007156,20.3
2023-09-24 10:30:00,28.79593877682298,27.354924282368646,25.9
2023-09-24 11:30:00,27.95773144662094,27.05078148103999,25.9
2023-09-24 12:30:00,20.944020633195834,22.34275431475791,24.7
2023-09-24 13:30:00,14.498844055596486,18.227191431681387,22.2
2023-09-24 14:30:00,12.510824260245029,17.09992716164564,14.8
2023-09-24 15:30:00,9.946095126503442,15.613636433608976,11.5
2023-09-24 16:30:00,10.237194516577734,15.780666634958074,13.2
2023-09-24 17:30:00,10.881730168171547,15.93147410848462,14.5
2023-09-24 18:30:00,11.077627919860747,15.657100285582256,13.8
2023-09-24 19:30:00,16.10446538677119,17.84825462692888,19.9
2023-09-24 20:30:00,18.006447520159718,18.51991442831107,24.5
2023-09-24 21:30:00,18.768960343876614,18.76712152883721,16.9
2023-09-24 22:30:00,20.0513636929141,19.62054730753551,20.5
2023-09-24 23:30:00,18.102205788707924,17.73035371944362,22.6
2023-09-25 00:30:00,18.13367677497894,17.666979520718748,13.7
2023-09-25 08:30:00,5.830335343910096,5.945528850262194,4.7
2023-09-25 09:30:00,6.28560516497436,6.2462929511453975,6.5
2023-09-25 10:30:00,7.882196237977361,7.932491844572902,7.2
2023-09-25 11:30:00,9.90616144784262,9.676470127635952,7.6
2023-09-25 12:30:00,7.348362596899729,11.848208058109961,9.0
2023-09-25 13:30:00,9.0473873894931,13.56540875707571,8.1
2023-09-25 14:30:00,9.793459053024517,14.714858442711057,15.7
2023-09-25 15:30:00,10.536640755393101,15.295789866641545,17.4
2023-09-25 16:30:00,7.971961319848148,13.163676803384181,12.0
2023-09-25 17:30:00,5.995904206254685,11.270955361016723,8.4
2023-09-25 18:30:00,10.048360152709108,9.75060325475938,9.5
2023-09-25 19:30:00,7.849003778377897,10.719025667138071,14.1
2023-09-25 20:30:00,9.609890825800477,9.438249925079957,11.5
2023-09-25 21:30:00,5.981168232889243,5.92238038668854,10.3
2023-09-25 22:30:00,4.416557848169082,4.34994651927031,5.5
2023-09-25 23:30:00,4.104903664604381,4.039820155349336,3.3
2023-09-26 00:30:00,3.5878704567117614,3.7283473756680663,2.7
2023-09-26 08:30:00,4.209280359377004,4.220181122348236,2.2
2023-09-26 09:30:00,5.057652838712653,5.097750473657417,0.4
2023-09-26 10:30:00,6.886381621433843,6.73745569157328,5.1
2023-09-26 11:30:00,7.5670671560775595,7.581324518721486,6.7
2023-09-26 12:30:00,7.014038724880497,7.036836320174955,6.4
2023-09-26 13:30:00,6.489045113727328,6.391803726587361,5.1
2023-09-26 14:30:00,5.921177054525892,5.919817252992265,3.2
2023-09-26 15:30:00,5.4249356288078685,5.386074789765033,0.9
2023-09-26 16:30:00,4.593676364491327,4.7082350173961505,0.4
2023-09-26 17:30:00,4.001685158840016,4.389900461089088,3.2
2023-09-26 18:30:00,3.8886571426854384,4.27187790312545,4.2
2023-09-26 19:30:00,3.9086761975173268,4.019364523296273,4.8
2023-09-26 20:30:00,3.4009033560595228,3.572002626859442,3.9
2023-09-26 21:30:00,3.682082311562608,3.6488285855034586,4.0
2023-09-26 22:30:00,3.773374512428129,3.8011340870311976,8.0
2023-09-26 23:30:00,3.6508400889990735,3.6162351465309426,10.0
2023-09-27 00:30:00,3.5561513964467193,3.518454829613394,4.1
2023-09-27 08:30:00,4.039174259288517,4.148132467777411,5.0
2023-09-27 09:30:00,4.3050225263376385,4.2963987220242625,5.9
2023-09-27 10:30:00,4.764664529383179,4.882342566737247,10.5
2023-09-27 11:30:00,5.415768366471519,5.586283029849006,9.3
2023-09-27 12:30:00,6.416699270400365,6.341285364801979,7.2
2023-09-27 13:30:00,5.969581636172181,6.1310562148072325,8.1
2023-09-27 14:30:00,6.244028811211168,6.218912895182244,6.5
2023-09-27 15:30:00,4.891380150970369,5.129496223090106,2.8
2023-09-27 16:30:00,4.858179894294267,5.038946711194503,2.6
2023-09-27 17:30:00,4.845517925118803,5.058967535202901,7.8
2023-09-27 18:30:00,4.859006658305479,5.207668597494418,8.5
2023-09-27 19:30:00,4.6190434040627775,4.960644638965876,6.6
2023-09-27 20:30:00,4.754187619011749,5.079987673124945,8.6
2023-09-27 21:30:00,4.537974755931944,4.809685553198432,5.7
2023-09-27 22:30:00,4.546906114278741,4.770475401051044,3.3
2023-09-27 23:30:00,4.257758398432873,4.539941940337144,4.8
2023-09-28 00:30:00,4.113032501627128,4.4425805037185135,4.2
2023-09-28 08:30:00,3.6524356149262345,3.660780802453511,4.7
2023-09-28 09:30:00,4.361284307671158,4.58946637660949,6.2
2023-09-28 10:30:00,4.293249926436946,4.618902223436527,7.0
2023-09-28 11:30:00,4.787693175471246,4.864579766204775,6.2
2023-09-28 12:30:00,5.047055489626481,5.188429683377335,3.7
2023-09-28 13:30:00,5.53554965269589,5.783928136236703,5.4
2023-09-28 14:30:00,5.750789338101551,6.016287698398692,5.6
2023-09-28 15:30:00,5.471158166387559,5.5465884836788595,6.9
2023-09-28 16:30:00,6.5115955557193885,6.463114324365881,8.1
2023-09-28 17:30:00,6.537016470647684,6.546802059635691,9.7
2023-09-28 18:30:00,4.975035725202212,5.1815679067515426,6.7
2023-09-28 19:30:00,4.848031557116281,5.176052545886045,5.1
2023-09-28 20:30:00,4.79285779613147,4.815174974499066,7.2
2023-09-28 21:30:00,4.898306411581667,4.900235065094035,7.8
2023-09-28 22:30:00,4.999332194024165,5.178745377406636,12.3
2023-09-28 23:30:00,5.421936925336889,5.325535518068877,10.5
2023-09-29 00:30:00,5.513651244840759,5.597184053755685,8.7
2023-09-29 08:30:00,9.827035393641404,9.907279542671024,16.5
2023-09-29 09:30:00,9.807626093694388,9.709302897180308,16.8
2023-09-29 10:30:00,8.475865003277105,8.301648942149342,14.7
2023-09-29 11:30:00,6.177105660029592,6.1502951289243155,10.0
2023-09-29 12:30:00,5.431687005746623,5.3929365663908255,7.0
2023-09-29 13:30:00,5.366029871206296,5.461554332648754,4.5
2023-09-29 14:30:00,5.543334372792997,5.509586769029305,7.8
2023-09-29 15:30:00,5.254523337389639,5.5507574287840615,7.5
2023-09-29 16:30:00,5.106438235324099,5.3981826441042635,8.7
2023-09-29 17:30:00,4.891803173447158,5.185736851856744,7.5
2023-09-29 18:30:00,4.291197927028795,4.280112035076402,6.4
2023-09-29 19:30:00,4.488983505814577,5.062095174768157,5.1
2023-09-29 20:30:00,3.9272230909300725,4.25388164650921,6.9
2023-09-29 21:30:00,3.425448638248186,3.764371702953479,6.6
2023-09-29 22:30:00,2.6272110004583347,2.730826631231826,3.1
2023-09-29 23:30:00,2.381448447101757,2.357597861918421,5.3
2023-09-30 08:30:00,2.7417138368202774,3.086162902188444,3.0
2023-09-30 09:30:00,2.7352315471254,2.7843744284778738,4.5
2023-09-30 10:30:00,2.9510689250958357,3.031268689182101,4.5
2023-09-30 11:30:00,2.275805303951551,2.2985347038068755,1.4
2023-09-30 12:30:00,1.8547094912380553,1.8100280871801502,1.0
2023-09-30 13:30:00,2.3918707972531292,2.427562043936645,0.9
2023-09-30 14:30:00,3.182821350349757,3.1947346102651504,0.5
2023-09-30 15:30:00,3.2730347871874033,3.371794386775469,1.5
2023-09-30 16:30:00,3.3529636990899556,3.3731408025357643,3.5
2023-09-30 17:30:00,3.294252201790007,3.299007675412339,2.1
2023-09-30 18:30:00,3.026873693683487,3.031032225049806,6.9
2023-09-30 19:30:00,3.0873826987854547,3.1301560912881077,9.4
2023-09-30 20:30:00,3.997211873675665,3.9300317293366507,6.3
2023-09-30 21:30:00,4.331526033444644,4.625634302238005,6.5
2023-10-01 08:30:00,13.59022370437187,13.022914056271492,17.8
2023-10-01 09:30:00,8.719251933308826,8.67599715603049,10.7
2023-10-01 10:30:00,8.897191659798013,8.704324812531816,9.1
2023-10-01 11:30:00,8.485236347272298,8.445648977922755,9.4
2023-10-01 12:30:00,8.105947492767433,7.896836545683643,7.7
2023-10-01 13:30:00,6.3889016740854245,6.39032761300275,13.2
2023-10-01 14:30:00,5.886983441701323,5.855238734015223,9.4
2023-10-01 15:30:00,5.428810112846859,5.424422920174884,8.7
2023-10-01 16:30:00,5.080037087550133,5.029262405223804,6.4
2023-10-01 17:30:00,5.116322928063099,5.114296556253909,6.4
2023-10-01 18:30:00,4.837805782734534,4.838479075461899,4.1
2023-10-01 19:30:00,5.558564454243554,5.5765987238783055,3.2
2023-10-01 20:30:00,6.324605275421039,6.306510179908624,14.6
2023-10-01 21:30:00,6.897333932529112,6.870055977219545,9.1
2023-10-01 22:30:00,6.9968292031017025,6.8854625501715,10.6
2023-10-01 23:30:00,5.656273685121701,5.594361524410779,6.9
2023-10-02 00:30:00,5.751459816489145,5.697531517384867,8.5
2023-10-02 08:30:00,8.489798266884353,8.453727472484529,6.5
2023-10-02 09:30:00,9.626931622863442,9.412900086510918,6.3
2023-10-02 10:30:00,8.213234040667416,10.57020436482804,12.0
2023-10-02 11:30:00,9.563408618503288,9.288171389310666,11.7
2023-10-02 12:30:00,6.870775898215068,6.7347628600526885,7.5
2023-10-02 13:30:00,5.418137209937618,5.36683587564795,5.8
2023-10-02 14:30:00,5.063092241365949,5.226907511611501,5.2
2023-10-02 15:30:00,5.272806225331925,5.309222891556153,1.5
2023-10-02 16:30:00,5.22173933192167,5.310595246881311,-0.4
2023-10-02 17:30:00,5.300265046919122,5.255701033874969,3.3
2023-10-02 18:30:00,5.20075295841837,5.152774384488075,5.8
2023-10-02 19:30:00,5.822249479591087,5.855238734015223,5.4
2023-10-02 20:30:00,6.1479571079157225,6.19116227400676,9.8
2023-10-02 21:30:00,6.744114340598555,6.645082432397071,9.3
2023-10-02 22:30:00,6.44441691469051,6.298301987522537,8.8
2023-10-02 23:30:00,7.292044968277972,7.260089614374928,12.2
2023-10-03 08:30:00,12.777747756786166,12.338592753282013,15.6
2023-10-03 09:30:00,9.371924586411001,10.191080647561716,11.2
2023-10-03 10:30:00,9.565131668558418,9.5570344521738,7.1
2023-10-03 11:30:00,9.012313789995673,9.016522853623858,5.5
2023-10-03 12:30:00,7.937232951716092,7.883242690256372,9.3
2023-10-03 13:30:00,6.923444899077838,6.937923327305883,7.6
2023-10-03 14:30:00,7.1832461729843775,7.249396106987153,6.0
2023-10-03 15:30:00,6.4479512560646945,6.371270275839709,8.1
2023-10-03 16:30:00,6.333135753346065,6.320493128808842,8.7
2023-10-03 17:30:00,6.339099028713356,6.258737139176706,5.6
2023-10-03 18:30:00,6.251938399994852,6.225774671808037,6.5
2023-10-03 19:30:00,6.751115264295811,6.679868647046346,8.8
2023-10-03 20:30:00,8.286511922306802,8.194585772113326,13.6
2023-10-03 21:30:00,8.52411535841146,8.292729384547943,11.9
2023-10-03 22:30:00,8.201930534478691,8.109421923258905,12.5
2023-10-03 23:30:00,8.721788790726947,8.559155488934543,14.8
2023-10-04 08:30:00,12.910085999249613,12.908893851117446,13.9
2023-10-04 09:30:00,9.49777115359907,11.281066778118984,14.1
2023-10-04 10:30:00,9.66502760096025,9.447338667464198,10.1
2023-10-04 11:30:00,9.060219500781347,9.0055894052611,9.7
2023-10-04 12:30:00,7.712872487898943,7.711946204502014,10.1
2023-10-04 13:30:00,7.298221928905678,7.167054787477639,10.8
2023-10-04 14:30:00,6.27316496975317,6.395972671692563,7.2
2023-10-04 15:30:00,5.53542944646319,5.515102129894801,5.4
2023-10-04 16:30:00,5.079166668847148,5.078770955188965,4.9
2023-10-04 17:30:00,5.246067296680512,5.225561095851206,6.0
2023-10-04 18:30:00,5.493449311203024,5.44258470168373,6.4
2023-10-04 19:30:00,6.875048478179679,6.79786526544512,8.3
2023-10-04 20:30:00,9.80704093869718,9.706610065659717,10.9
2023-10-04 21:30:00,7.050411105948138,6.885592247995816,14.7
2023-10-04 22:30:00,7.85900873091378,7.844635164197891,13.4
2023-10-04 23:30:00,7.745019176177218,7.671744332792773,15.1
2023-10-05 08:30:00,10.31763393491038,10.76747091619086,8.8
2023-10-05 10:30:00,7.202488540092231,7.177955811384319,7.5
2023-10-05 11:30:00,6.740004255760898,6.752655358409477,8.7
2023-10-05 12:30:00,7.495770553082888,7.4730122062934115,10.5
2023-10-05 13:30:00,7.7415103797092435,7.6459030376985275,15.5
2023-10-05 14:30:00,7.736789202645394,7.7076590273306635,10.9
2023-10-05 15:30:00,6.411297525982894,6.459075077084995,10.7
2023-10-05 16:30:00,5.396719064929181,5.455821567760924,5.5
2023-10-05 17:30:00,5.6295551643934045,5.65503049393125,6.4
2023-10-05 18:30:00,6.302694063858382,6.2120511185564515,10.8
2023-10-05 19:30:00,7.327771455302578,7.415295463942162,15.7
2023-10-05 20:30:00,8.964403170713574,8.840809492873834,18.5
2023-10-05 21:30:00,9.043910171569642,8.952502841712041,18.8
2023-10-05 22:30:00,8.308055025379916,8.193897567223786,10.4
2023-10-06 08:30:00,17.56749701828788,17.1527739254512,17.4
2023-10-06 09:30:00,11.058807882547402,12.54963683791844,16.1
2023-10-06 10:30:00,8.49112894880601,11.360916490093963,15.7
2023-10-06 11:30:00,8.949851172753858,8.835423829832653,12.1
2023-10-06 12:30:00,7.869144822822163,7.758384295231806,12.3
2023-10-06 13:30:00,9.494302858496345,9.359611684913501,15.4
2023-10-06 14:30:00,8.545413002487388,8.38545556709144,9.4
2023-10-06 15:30:00,8.518220679945397,8.44308584422648,12.0
2023-10-06 16:30:00,7.178820740305161,7.055919945704658,7.9
2023-10-06 17:30:00,6.456424133762601,6.3698719809496875,9.6
2023-10-06 18:30:00,6.303280622506829,6.336909513581018,7.4
2023-10-06 19:30:00,7.919457674747793,7.914729044040429,7.7
2023-10-06 20:30:00,9.021159521369007,9.020562100904744,22.2
2023-10-06 21:30:00,9.440909527696146,9.24581983868822,14.7
2023-10-06 22:30:00,10.076669447963909,9.77926707919853,16.3
2023-10-07 08:30:00,26.920880523991457,25.799906401169494,27.8
2023-10-07 09:30:00,15.61688359649579,16.495388879942738,14.3
2023-10-07 10:30:00,7.307214167892311,11.073697428817557,17.9
2023-10-07 11:30:00,10.082524187402008,9.90977053291291,15.0
2023-10-07 12:30:00,6.512884154607976,12.129555710499599,18.3
2023-10-07 13:30:00,9.608876791064413,9.407644121294052,13.0
2023-10-07 14:30:00,7.784722004507026,7.880549858735781,9.6
2023-10-07 15:30:00,7.956867474324727,7.921720518490538,10.5
2023-10-07 16:30:00,7.4194305034924035,7.4154251617664775,11.6
2023-10-07 17:30:00,7.252480362211572,7.13139948858838,12.8
2023-10-07 18:30:00,7.976135671099718,7.946909601517785,10.7
2023-10-07 19:30:00,9.745409284183719,9.773881416157348,15.2
2023-10-07 20:30:00,10.779410550254127,12.515421884280443,22.5
2023-10-07 21:30:00,11.022279210330094,12.376643948792296,20.4
2023-10-08 08:30:00,26.000184853438032,25.048396887812327,19.6
2023-10-08 09:30:00,13.198309258611154,14.724969859813315,13.1
2023-10-08 10:30:00,9.543773324900071,9.459715804955488,11.4
2023-10-08 11:30:00,9.17759795426022,9.145550193753628,11.9
2023-10-08 12:30:00,10.186186454070478,9.994686451876868,15.9
2023-10-08 13:30:00,8.440166397090167,8.373121662208256,11.0
2023-10-08 14:30:00,7.578855649554789,7.567730663294217,13.4
2023-10-08 15:30:00,7.293204955383342,7.241187914601065,9.9
2023-10-08 16:30:00,6.608307524824892,6.540069980834213,6.1
2023-10-08 17:30:00,6.695576631196667,6.61689593947823,3.6
2023-10-08 18:30:00,8.043205131116597,7.92441335001113,7.5
2023-10-08 19:30:00,6.944915772077916,10.925858777806775,19.9
2023-10-08 20:30:00,8.919198799509154,11.610193418933935,15.0
2023-10-09 08:30:00,15.697056191331075,15.585443869773396,15.5
2023-10-09 09:30:00,14.893782705051958,15.273063311819685,14.0
2023-10-09 10:30:00,16.476484614542436,17.252608295649395,21.8
2023-10-09 11:30:00,14.737508971964424,16.16653280873892,15.7
2023-10-09 12:30:00,12.622941032242473,15.029766854940332,12.7
2023-10-09 13:30:00,8.185050769824628,11.872703263385672,15.4
2023-10-09 14:30:00,7.517356164363216,7.527776721475439,13.7
2023-10-09 15:30:00,6.858272890062186,6.8348669800946755,9.0
2023-10-09 16:30:00,6.06133319949374,6.0157524279290495,4.9
2023-10-09 17:30:00,5.781342352979378,5.689209679235899,7.0
2023-10-09 18:30:00,5.80050988290335,5.69106872173545,9.1
2023-10-09 19:30:00,5.80451195779161,5.807076599810356,10.4
2023-10-09 20:30:00,5.042537188308195,5.004378432416908,6.5
2023-10-09 21:30:00,4.0455706629655666,3.9725488048517033,3.2
2023-10-09 22:30:00,3.799273299809623,3.8558986022132244,3.5
2023-10-09 23:30:00,3.829317930956286,3.7529719528263312,4.1
2023-10-10 08:30:00,14.054460381296586,13.654043714372657,9.5
2023-10-10 09:30:00,12.902847558813814,12.94538831964935,17.3
2023-10-10 10:30:00,9.432588234846953,10.044793551021385,11.7
2023-10-10 11:30:00,3.492467039576278,3.530831967104685,5.8
2023-10-10 12:30:00,4.037944704428323,4.006987385804983,0.8
2023-10-10 13:30:00,4.098997442069433,4.081120512928409,1.1
2023-10-10 14:30:00,4.1364843319505535,4.120003913807902,2.9
2023-10-10 15:30:00,4.151995912363814,4.136014725934752,3.9
2023-10-10 16:30:00,4.079846037685679,4.12915294930896,2.4
2023-10-10 17:30:00,5.048609750188434,5.04567878999598,3.0
2023-10-10 18:30:00,5.326792737406783,5.303603772431202,6.2
2023-10-10 19:30:00,4.511008427426794,4.526980356215766,7.9
2023-10-10 20:30:00,4.557701320026614,4.494043828411961,5.2
2023-10-11 08:30:00,5.75442396463025,6.151868836210372,5.5
2023-10-11 09:30:00,5.30263135977993,5.693119228692469,4.5
2023-10-11 10:30:00,5.170932646113249,5.577945139638601,7.7
2023-10-11 11:30:00,5.088717461653914,5.387291507701012,5.7
2023-10-11 12:30:00,4.840618504333552,5.1005730030023235,3.7
2023-10-11 13:30:00,4.947183021987501,5.203794875106139,3.9
2023-10-11 14:30:00,4.753096950066092,5.097880171481732,4.0
2023-10-11 15:30:00,4.799875253624613,5.145912607862282,5.2
2023-10-11 16:30:00,4.813573866022252,5.159636161113868,3.4
2023-10-11 17:30:00,4.853837664506797,5.200806820868626,8.1
2023-10-11 18:30:00,4.710213499170759,5.052788496512236,7.4
2023-10-11 19:30:00,4.666339017154927,4.940059309088497,4.7
2023-10-11 20:30:00,4.193510884941019,4.233426014456148,2.0
2023-10-11 21:30:00,4.042056533606369,4.019364523296273,0.9
2023-10-12 08:30:00,7.541919125457398,7.537874839677654,10.3
2023-10-12 09:30:00,7.1184043006800675,7.073553048412814,6.4
2023-10-12 10:30:00,7.0562561022134815,7.214957526033873,6.7
2023-10-12 11:30:00,7.925002490427951,7.808545057263965,13.3
2023-10-12 12:30:00,6.883766265338242,6.878860169194339,9.3
2023-10-12 13:30:00,6.357714456253671,6.448044355354,9.0
2023-10-12 14:30:00,5.896323118662376,6.01722854151366,6.2
2023-10-12 15:30:00,5.47876084822834,5.440969002771375,6.1
2023-10-12 16:30:00,5.42266380706095,5.440969002771375,5.4
2023-10-13 16:30:00,5.597893814132282,5.564480982035647,6.0
2023-10-13 17:30:00,5.578320916897678,5.543895652158269,8.6
2023-10-13 18:30:00,6.942972052297352,6.871998392568546,6.5
2023-10-13 19:30:00,8.280071096227495,11.068803226803709,12.0
2023-10-14 08:30:00,11.591681630694005,11.557314261498552,12.8
2023-10-14 09:30:00,10.350083559120497,11.043435763130187,9.9
2023-10-14 10:30:00,9.804413230721268,11.613104897396727,14.5
2023-10-14 11:30:00,8.326777086784327,12.389981874427416,14.2
2023-10-14 12:30:00,9.635641272748785,14.501951812712157,14.8
2023-10-14 13:30:00,11.030347671599255,10.870289562699597,11.0
2023-10-14 14:30:00,6.70748349745954,6.929715134919796,12.6
2023-10-14 15:30:00,5.570857957121506,5.674269408048334,7.1
2023-10-14 16:30:00,5.796971452408724,5.88281553834271,2.4
2023-10-14 17:30:00,6.648154275586574,6.6297597641439125,10.3
2023-10-14 18:30:00,6.353235024927017,6.272460692428291,8.4
2023-10-15 08:30:00,10.576469189176128,10.236135613874845,13.1
2023-10-15 09:30:00,8.925778123702495,10.464919138899164,10.2
2023-10-15 10:30:00,9.24643398590624,12.226490669064109,13.0
2023-10-15 11:30:00,6.105830459139612,11.054245834489741,10.9
2023-10-15 12:30:00,9.797498441675256,9.768495753116166,16.0
2023-10-15 13:30:00,8.078154146463516,7.99123589525533,9.6
2023-10-15 14:30:00,7.394910095533145,7.331737426496668,9.4
2023-10-15 15:30:00,7.229654615152031,7.241187914601065,12.2
2023-10-15 16:30:00,7.157635620024937,7.234326137975272,13.2
2023-10-15 17:30:00,7.375117518507749,7.367392725385928,10.9
2023-10-15 18:30:00,6.434897429027654,6.393150142347657,9.7
2023-10-15 19:30:00,7.664448352905017,7.671874030617088,13.2
2023-10-16 08:30:00,13.00062543210192,12.935503011699284,12.6
2023-10-16 09:30:00,11.04048399644622,12.283500771641132,11.9
2023-10-16 10:30:00,7.854609814074911,11.225320602679744,12.3
2023-10-16 11:30:00,10.281571264879764,10.221243312594181,8.0
2023-10-16 12:30:00,10.161143911436081,10.045963829152466,13.3
2023-10-16 13:30:00,5.707328044161989,11.228502650753668,16.4
2023-10-16 14:30:00,7.9640674234966085,7.910689796759543,13.0
2023-10-16 15:30:00,6.244900216713827,6.162672266415606,9.7
2023-10-16 16:30:00,6.124486444170629,6.039160287151335,8.1
2023-10-16 17:30:00,5.896967389124945,5.967797810243089,7.2
2023-10-16 18:30:00,5.691796100710633,5.798998105248584,10.7
2023-10-16 19:30:00,6.006441367913206,6.085716609947274,9.7
2023-10-16 20:30:00,5.164287223458206,5.213054260535601,7.4
2023-10-17 08:30:00,4.034416955180866,3.9284259179277234,6.1
2023-10-17 09:30:00,5.0440747040521,4.931591721053777,7.8
2023-10-17 10:30:00,9.09185276715812,9.063053236854934,12.0
2023-10-17 11:30:00,8.88110552080795,8.637778723444956,15.5
2023-10-17 12:30:00,7.466143261416385,7.297298845543388,9.8
2023-10-17 13:30:00,6.459145789899175,6.476837877617466,7.7
2023-10-17 14:30:00,5.940516059942921,5.996643211636282,8.1
2023-10-17 15:30:00,8.718372790706072,8.556913517520051,16.1
2023-10-17 16:30:00,6.89550150707014,11.480691058056433,15.6
2023-10-17 17:30:00,8.29317926110465,12.166298518413162,16.4
2023-10-17 18:30:00,10.607534900746867,12.770792339657131,17.3
2023-10-17 19:30:00,12.578055625269077,13.75104091757968,21.2
2023-10-18 08:30:00,12.679586781158584,12.08766827311703,18.6
2023-10-18 09:30:00,11.621033285507277,12.121273493415607,13.0
2023-10-18 10:30:00,9.63912659045418,11.538965087771238,15.8
2023-10-18 11:30:00,9.798106406520075,9.77937824876223,14.0
2023-10-18 12:30:00,8.718685157705071,8.681771912544619,9.1
2023-10-18 13:30:00,9.219924416134791,9.159273747005212,14.5
2023-10-18 14:30:00,9.679968523993868,9.59560492171105,15.5
2023-10-18 15:30:00,10.625608360200907,10.45123450135184,16.1
2023-10-18 16:30:00,10.569339312276224,10.49706079338619,6.2
2023-10-18 17:30:00,10.123856448967155,9.887838787275236,14.9
2023-10-18 18:30:00,9.748226010821895,9.61474007756868,12.4
2023-10-19 08:30:00,38.46422529265536,38.72384774749229,29.4
2023-10-19 09:30:00,38.21026029698845,36.12843359817857,36.5
2023-10-19 11:30:00,22.265116534664422,22.57466060724424,31.7
2023-10-19 12:30:00,14.548997107872488,17.63725500275139,26.1
2023-10-19 13:30:00,12.178693769764582,16.36742101581415,22.0
2023-10-19 14:30:00,9.666713673158192,14.948043482488147,20.6
2023-10-19 15:30:00,9.46768625981735,14.847926475849711,19.6
2023-10-19 16:30:00,8.425671914682102,13.65602407995131,20.0
2023-10-19 17:30:00,8.571744205488153,12.890566907619599,21.3
2023-10-19 18:30:00,11.138584408336918,13.94495529516764,24.2
2023-10-20 09:30:00,19.462511553114652,19.185864327343765,26.7
2023-10-20 10:30:00,16.515728097272607,17.610623611940085,22.3
2023-10-20 11:30:00,11.554154794968042,14.612194527314653,19.6
2023-10-20 12:30:00,9.66369311380433,14.088382450313965,23.9
2023-10-20 13:30:00,8.579204613197192,14.122394159505493,25.1
2023-10-20 14:30:00,6.446455461209238,12.77842036294276,18.9
2023-10-20 15:30:00,5.426740069779687,12.419141119514288,17.6
2023-10-20 16:30:00,10.40366742258795,10.343408876098156,13.7
2023-10-20 17:30:00,7.607020000719474,13.12337721530125,10.8
2023-10-21 09:30:00,7.092280428564119,6.9773584778274,5.2
2023-10-21 10:30:00,7.427857116466271,7.367133329737296,9.9
2023-10-21 11:30:00,8.413320590297133,8.350390542117342,7.7
2023-10-21 12:30:00,10.33787734226609,10.086700611598914,12.5
2023-10-21 13:30:00,9.36372132986871,9.100210588893669,11.6
2023-10-21 14:30:00,8.741142128797636,8.759944286948931,9.6
2023-10-21 15:30:00,8.529553558528486,8.496503943648213,7.4
2023-10-21 16:30:00,9.329773918024959,9.066440272068823,8.5
2023-10-21 17:30:00,8.270761814278877,10.628410344262472,10.4
2023-10-21 18:30:00,9.20507037338498,9.133043358438021,12.1
2023-10-22 09:30:00,10.41725949594443,10.417366259626043,7.8
2023-10-22 10:30:00,7.224195528142236,7.239582103192138,6.0
2023-10-22 11:30:00,4.2106217384504285,4.2237417084854485,7.6
2023-10-22 12:30:00,2.923812000233669,2.9709888131345767,5.0
2023-10-22 13:30:00,2.8611799873022017,2.8585075556012995,4.3
2023-10-22 14:30:00,3.051422350934184,3.0698762152405834,3.6
2023-10-22 15:30:00,2.49432636742106,2.5485108895046413,1.2
2023-10-22 16:30:00,2.7664442688247295,2.8929461365545794,-1.5
2023-10-22 17:30:00,3.2912970099752576,3.308640102253311,-1.8
2023-10-22 18:30:00,3.186153883681291,3.4086664036007086,2.9
2023-10-22 19:30:00,3.033420399547091,2.9887516136670484,5.3
2023-10-22 20:30:00,2.8753481946586454,2.8185536137825222,3.5
2023-10-23 12:30:00,7.07481329707735,7.191963479043105,2.2
2023-10-23 13:30:00,7.326361574862085,7.3340411645443115,4.2
2023-10-23 14:30:00,6.5979978763716165,6.502679172711712,5.6
2023-10-23 15:30:00,7.552917006255072,7.455630793536377,5.4
2023-10-23 16:30:00,7.072006170533166,7.0226980826873575,5.0
2023-10-24 08:30:00,17.377267837915895,17.558580296996322,7.8
2023-10-24 09:30:00,13.59811310528692,13.214932543152777,10.1
2023-10-24 10:30:00,10.881179261756662,11.79494527648735,8.7
2023-10-24 11:30:00,8.996878002021823,10.9999371903288,9.5
2023-10-24 12:30:00,10.061613331226482,9.76150427866606,6.4
2023-10-24 13:30:00,9.3812761318916,9.364997347954684,5.5
2023-10-24 14:30:00,8.26908216135692,8.30988955899151,6.9
2023-10-24 15:30:00,7.358905198309893,7.3809865808131985,8.6
2023-10-27 16:30:00,5.047898326247076,5.399798343016618,2.8
2023-10-27 17:30:00,5.42903300429349,5.386074789765033,3.5
2023-10-28 08:30:00,7.94508137514216,8.124362194446471,5.3
2023-10-28 09:30:00,6.415725265908567,6.2653395201538675,7.7
2023-10-28 10:30:00,5.268233527768007,5.191122514897926,3.5
2023-10-28 11:30:00,6.446227707468087,6.320363430984527,2.2
2023-10-28 12:30:00,6.8045094217582465,6.791003488819327,3.7
2023-10-28 13:30:00,7.157023306678575,7.098708776247626,2.1
2023-10-28 14:30:00,6.534915702243055,6.483699654243259,4.4
2023-10-28 15:30:00,8.347340056849044,8.327782057348298,5.9
2023-10-28 16:30:00,8.386025745349897,8.404633955557177,4.8
2023-11-02 16:30:00,13.318806705803569,17.216519681534187,16.5
2023-11-02 17:30:00,10.543979095759017,14.872639745724875,15.0
2023-11-02 18:30:00,11.675354230741673,14.276993414445386,15.9
2023-11-02 19:30:00,17.306934610417407,17.934423974592775,30.3
2023-11-02 20:30:00,16.00542237759158,16.586893397860678,24.7
2023-11-02 21:30:00,14.516053176679469,14.787689864739828,22.7
2023-11-02 22:30:00,15.102661746226826,14.983477902804992,19.7
2023-11-02 23:30:00,16.29578912552547,15.786941810188052,20.2
2023-11-03 00:30:00,21.07234740962956,20.12745197641661,28.8
2023-11-03 01:30:00,20.039135854473898,19.303153685334507,29.7
2023-11-03 02:30:00,22.506553586783212,21.918138291209488,26.7
2023-11-03 03:30:00,21.315142374101004,20.330213843969048,16.7
2023-11-03 04:30:00,25.584275394534206,24.543365879408434,24.1
2023-11-03 05:30:00,30.279643935251592,29.241891361927678,28.0
2023-11-03 06:30:00,31.126384329590245,30.554178059127974,26.0
2023-11-03 07:30:00,33.286385359912664,33.07724857308446,29.5
2023-11-03 08:30:00,34.88431373814052,33.445541713604236,31.2
2023-11-03 09:30:00,35.75436188339441,32.74411293379575,33.0
2023-11-03 10:30:00,35.92386700864932,32.58001199509302,33.0
2023-11-03 11:30:00,32.243352427635394,29.861112249672132,32.3
2023-11-03 12:30:00,23.71824024944418,23.7226615703927,24.0
2023-11-03 13:30:00,15.495911802253763,18.236693115444226,20.0
2023-11-03 14:30:00,10.880875612781216,15.48157954218055,10.5
2023-11-03 15:30:00,9.497500252883217,14.58052648243462,14.3
2023-11-03 16:30:00,9.3314595887745,14.105918646255382,15.3
2023-11-03 17:30:00,8.75328580342411,12.69527554831776,12.0
2023-11-03 18:30:00,11.734151637125706,13.67184539940306,20.4
2023-11-03 19:30:00,14.47709547578387,14.853591917740266,19.2
2023-11-03 20:30:00,45.19510422012265,41.28827345170087,67.3
2023-11-03 21:30:00,29.24627327091354,27.692627843536954,32.9
2023-11-03 22:30:00,27.793151447227288,26.588165073934352,28.8
2023-11-03 23:30:00,22.952421721880278,22.03791285917196,21.9
2023-11-04 00:30:00,25.663801751244367,24.627007372796765,31.8
2023-11-04 01:30:00,28.25943851234573,27.079242071869572,31.5
2023-11-04 02:30:00,31.363644189922468,30.04980124452245,28.2
2023-11-04 03:30:00,32.49477567023147,31.44167597617838,30.4
2023-11-04 04:30:00,28.810573544792824,27.823777755739464,26.9
2023-11-04 05:30:00,25.225568164703247,24.285467569756186,19.2
2023-11-04 06:30:00,25.102209456955414,24.647274667460223,18.8
2023-11-04 07:30:00,25.47028624123839,25.107934844664914,17.4
2023-11-04 08:30:00,23.28752101664041,22.455956777664007,20.9
2023-11-04 09:30:00,24.8073828754084,23.449706829671264,22.1
2023-11-04 10:30:00,26.28443021200225,25.142848452560212,20.7
2023-11-04 11:30:00,27.017324389604823,26.28977028391999,33.5
2023-11-04 12:30:00,23.880487432144243,24.452185283652348,31.2
2023-11-04 13:30:00,21.926644759970582,23.384738432172107,33.0
2023-11-04 14:30:00,20.40676394283342,22.522721033371322,27.0
2023-11-04 15:30:00,18.680044508778114,21.67109451337572,26.1
2023-11-04 16:30:00,17.153418975547478,20.252980907187503,29.2
2023-11-04 17:30:00,17.884598441737324,20.088225774686414,26.3
2023-11-04 18:30:00,27.81310112458999,26.485558321985156,32.2
2023-11-04 19:30:00,24.261299835321513,23.15778683038896,28.3
2023-11-04 20:30:00,28.223545272171407,26.502643568574683,30.4
2023-11-04 21:30:00,34.31282382928393,31.927965294575937,39.6
2023-11-04 22:30:00,34.43939204460544,32.09651220849038,45.5
2023-11-04 23:30:00,31.749982242748246,30.071986660122047,42.4
2023-11-05 00:30:00,27.00418634878954,25.770756048174405,28.2
2023-11-05 01:30:00,28.225565377906257,27.079242071869572,25.4
2023-11-05 02:30:00,29.009391344851913,28.392792696207646,26.4
2023-11-05 03:30:00,30.158109997022777,29.795694716283542,30.0
2023-11-05 04:30:00,28.506952884428244,28.286649805435275,27.5
2023-11-05 05:30:00,27.694344397656714,27.78270202719029,23.0
2023-11-05 06:30:00,27.48192635616916,27.747719825177825,24.5
2023-11-05 07:30:00,29.082369865195652,29.113879037340155,30.3
2023-11-05 08:30:00,28.63396647329401,26.93161664641695,25.3
2023-11-05 09:30:00,42.292593498619375,37.85326232042995,36.7
2023-11-05 10:30:00,44.945978729697856,39.71350001758173,36.8
2023-11-05 11:30:00,34.54728262786435,32.18654002825602,26.4
2023-11-05 12:30:00,28.094488419739704,27.688880522582533,29.6
2023-11-05 13:30:00,23.231175440844666,24.20949856011242,24.7
2023-11-05 14:30:00,14.942235812081968,17.81974957564037,14.3
2023-11-05 15:30:00,10.242754762453435,14.000091737267457,16.2
2023-11-05 16:30:00,11.209966594369828,14.128591848526519,20.2
2023-11-05 17:30:00,12.237741320061861,13.856867826567605,13.8
2023-11-05 18:30:00,15.83601974738442,16.048022167914233,20.6
2023-11-05 19:30:00,18.2387506663822,17.829206798944277,24.6
2023-11-05 20:30:00,22.20945446956626,21.311116615689954,25.6
2023-11-05 21:30:00,25.343301380850612,24.350527004664762,27.1
2023-11-05 22:30:00,26.728454345774672,25.558483604767346,26.2
2023-11-05 23:30:00,24.488052077817038,23.3464077749589,23.8
2023-11-06 00:30:00,21.072924419772,20.23327888540453,17.6
2023-11-06 01:30:00,24.61542921719676,23.362883288209012,19.9
2023-11-06 02:30:00,26.539115430565445,25.380678900425842,22.9
2023-11-06 03:30:00,26.42693959428154,25.226445485489595,21.9
2023-11-06 04:30:00,23.075868339873217,22.003697905533958,20.1
2023-11-06 05:30:00,24.747136375054506,23.402808144196502,20.6
2023-11-06 06:30:00,26.423473249146056,24.997706420924217,17.9
2023-11-06 07:30:00,19.033464579319595,18.5297929606609,15.9
2023-11-06 08:30:00,21.35661624773726,21.289540933429777,18.3
2023-11-06 09:30:00,22.24254863830803,21.65771212728167,18.9
2023-11-06 10:30:00,20.439515642280902,19.87020786056271,19.3
2023-11-06 11:30:00,17.886390307102765,18.544627698186233,14.0
2023-11-06 12:30:00,17.037594262065472,18.305366916056002,16.5
2023-11-06 13:30:00,14.253113487110125,16.51378251412899,8.9
2023-11-06 14:30:00,9.05833976277816,12.242966182314218,10.6
2023-11-06 15:30:00,6.900327168310215,6.751179244824867,5.8
2023-11-06 16:30:00,5.209778728830894,5.192468930658222,1.9
2023-11-06 17:30:00,4.414629738949832,4.354083039919434,8.7
2023-11-06 18:30:00,4.109301511498335,4.052197292840627,6.7
2023-11-06 19:30:00,4.176783090395057,4.166024966134199,7.6
2023-11-06 20:30:00,2.8288419458200007,2.770521177401972,4.2
2023-11-06 21:30:00,3.0437404860040225,2.9570058642343593,2.0
2023-11-06 22:30:00,3.6976231709987517,3.596367808369075,5.1
2023-11-06 23:30:00,3.627943885722925,3.658123798001211,2.7
2023-11-07 00:30:00,3.321492108797795,3.4221305612036623,-0.4
2023-11-07 01:30:00,3.762355023995975,3.72674156425914,2.4
2023-11-07 02:30:00,3.5503641008081526,3.8433917668976183,4.0
2023-11-07 03:30:00,3.4731914277405034,3.7661967798574487,5.9
2023-11-07 04:30:00,3.3993917695373934,3.692432681130175,3.4
2023-11-07 05:30:00,4.0170347337193135,4.297485742135926,2.3
2023-11-07 06:30:00,5.0466883912276685,5.116600294301554,4.3
2023-11-07 07:30:00,6.238665895730716,6.288358285903207,4.9
2023-11-07 08:30:00,5.980079337308258,6.027740471947392,6.4
2023-11-07 09:30:00,5.4763808073977716,5.420802428877227,7.5
2023-11-07 10:30:00,4.781071889655146,4.738115559771281,7.4
2023-11-07 11:30:00,4.4534729541527875,4.3732246806682795,5.8
2023-11-07 12:30:00,4.167282233037986,4.363670072521897,3.3
2023-11-07 13:30:00,4.592047667593233,4.534316877659855,5.9
2023-11-07 14:30:00,3.9810769901449583,4.082466928688705,5.1
2023-11-07 15:30:00,3.8504579595364237,3.9576085336641373,2.2
2023-11-07 16:30:00,3.8493198929156174,3.8203730011482806,3.1
2023-11-07 17:30:00,3.636678742518412,3.6007961491229086,6.0
2023-11-07 18:30:00,3.448874822386651,3.4072940482755496,3.4
2023-11-07 19:30:00,3.760057222723322,3.8888610695818935,1.6
2023-11-07 20:30:00,3.366078516780695,3.3139479465999035,2.4
2023-11-07 21:30:00,3.265748089503644,3.2110212972130108,6.0
2023-11-07 22:30:00,4.29642465010658,4.392333896961047,3.8
2023-11-07 23:30:00,4.07521211797971,4.08926165477448,2.1
2023-11-08 00:30:00,5.560965490383173,5.589870536372647,6.3
2023-11-08 01:30:00,6.837216340308881,6.929196343622532,7.7
2023-11-08 02:30:00,6.409722132419954,6.5147969145543705,6.5
2023-11-08 03:30:00,6.004803013371862,5.926160238320795,8.2
2023-11-08 04:30:00,7.266287419691296,7.169228827700967,6.8
2023-11-08 05:30:00,7.677977626918032,7.742205089488817,7.7
2023-11-08 06:30:00,9.589706204917862,8.258464290522342,9.8
2023-11-08 07:30:00,10.06849117201767,8.840162962827286,10.2
2023-11-08 08:30:00,10.204449286521456,9.555583862069245,9.9
2023-11-08 09:30:00,9.492919183004824,9.353836928399373,10.8
2023-11-08 10:30:00,8.370150547643949,8.380766279461717,8.0
2023-11-08 11:30:00,8.31971583609533,8.286481699769224,8.8
2023-11-08 12:30:00,9.625894984209964,9.470616828862166,10.0
2023-11-08 13:30:00,9.324221244665889,9.24700072955591,8.7
2023-11-08 14:30:00,8.599532151179433,8.434747954016077,7.3
2023-11-08 15:30:00,8.306257049207732,8.16745982789194,8.6
2023-11-08 16:30:00,7.727806971097104,7.660843308886093,8.6
2023-11-08 17:30:00,7.13090947609112,6.956902845774335,6.3
2023-11-08 18:30:00,9.531294840003788,9.94594047152073,15.3
2023-11-08 19:30:00,9.463219502707833,9.440909463116842,8.9
2023-11-08 20:30:00,11.079346255526172,10.613470279475656,15.8
2023-11-08 21:30:00,12.525051817712264,11.859538941891069,19.3
2023-11-08 22:30:00,13.438289985251188,12.83028583605078,16.4
2023-11-08 23:30:00,14.23908555774747,13.69141403980922,16.3
2023-11-09 00:30:00,15.627727704693262,15.3452405400501,20.6
2023-11-09 01:30:00,18.011950119837213,18.368390516343656,22.1
2023-11-09 02:30:00,17.934623306028136,18.116829626563884,19.1
2023-11-09 03:30:00,16.625253412507654,16.800096954151883,17.1
2023-11-09 04:30:00,15.68472384512697,15.674096611253919,18.3
2023-11-09 05:30:00,14.3408102726259,13.878964321249331,14.3
2023-11-09 06:30:00,12.981272577842915,12.360733708422675,11.9
2023-11-09 07:30:00,13.095669867736737,12.395588035706055,9.4
2023-11-09 08:30:00,14.433817980380825,13.939200932359215,13.4
2023-11-09 11:30:00,9.54273841022546,12.185301885938838,7.9
2023-11-09 12:30:00,9.714078129906543,12.58805387343238,9.5
2023-11-09 13:30:00,8.724358157888911,12.348793091302145,11.3
2023-11-09 14:30:00,8.246508478480898,11.66571348522098,11.2
2023-11-09 15:30:00,10.572438543991705,10.369379869016717,10.6
2023-11-09 16:30:00,8.817584246363896,11.060565470178654,10.8
2023-11-09 17:30:00,10.361706293204932,11.480821261161822,16.4
2023-11-09 18:30:00,11.48812068801719,11.746782663874807,15.2
2023-11-09 19:30:00,12.9695002705903,12.850597591173175,17.9
2023-11-09 20:30:00,14.91480851174088,14.197099242011467,21.3
2023-11-09 21:30:00,14.58217837836105,14.015868596260267,17.4
2023-11-09 22:30:00,14.643850056522409,14.012948225705692,19.8
2023-11-09 23:30:00,17.12699254322532,16.732321240674242,24.3
2023-11-10 00:30:00,17.31169474449387,16.909105911213736,23.9
2023-11-10 01:30:00,19.392443337864584,19.239038188048504,24.0
2023-11-10 02:30:00,20.463064797586313,20.62546469487429,25.1
2023-11-10 03:30:00,16.226145999813376,16.01310856001894,13.8
2023-11-10 04:30:00,13.61458627843471,13.079933686089714,13.0
2023-11-10 05:30:00,12.43481409544848,11.691601761316054,8.8
2023-11-10 06:30:00,12.72750858678099,12.034405491494422,10.0
2023-11-10 07:30:00,13.911021863081388,13.451255170544854,10.7
2023-11-10 08:30:00,16.189534010108503,15.608239018712416,12.0
2023-11-10 09:30:00,23.975477468881394,22.621267974893698,24.4
2023-11-10 10:30:00,24.06699962869952,23.011232068066167,23.0
2023-11-10 11:30:00,20.349472228837023,20.320756620665144,21.6
2023-11-10 12:30:00,21.426312592022335,21.769293399078016,19.1
2023-11-10 13:30:00,17.549830833670242,19.097821319202666,14.3
2023-11-10 14:30:00,11.758811853054457,14.988590774803328,9.6
2023-11-10 15:30:00,10.246598521668725,13.816333237240693,11.0
2023-11-10 16:30:00,9.631780464623201,12.31836991907749,8.5
2023-11-10 17:30:00,12.900825366179937,13.783991944079897,17.6
2023-11-10 18:30:00,16.26788719292252,16.13292758844034,23.4
2023-11-10 19:30:00,22.235777846217744,21.123304656730497,35.7
2023-11-10 20:30:00,19.805428741410488,18.99447780403137,31.7
2023-11-10 21:30:00,22.64651848466888,21.97580258758487,28.1
2023-11-10 22:30:00,20.698106336832517,19.992465822341813,27.6
2023-11-10 23:30:00,24.418406050843153,24.149217488543602,31.4
2023-11-11 00:30:00,27.19473084603234,27.388440581749357,37.0
2023-11-11 01:30:00,25.789276322963474,26.026540432284918,29.4
2023-11-11 02:30:00,23.099812566112902,23.242454526448185,22.8
2023-11-11 03:30:00,22.70706822968652,22.893940893920334,24.9
2023-11-11 04:30:00,22.146212028963266,22.636042584268075,19.9
2023-11-11 05:30:00,22.707181122423812,23.070725564459824,16.4
2023-11-11 06:30:00,20.462902569872334,20.776272168400837,21.8
2023-11-11 07:30:00,18.949533259335965,18.87152118799498,15.8
2023-11-11 08:30:00,22.812470731116463,21.77177679289465,18.6
2023-11-11 09:30:00,22.577311067097106,21.63755734335752,23.1
2023-11-11 10:30:00,25.121633196094777,23.842591293398318,21.7
2023-11-11 11:30:00,22.591600872765746,22.520802912435187,22.9
2023-11-11 12:30:00,18.889884156863985,20.18263287897536,16.3
2023-11-11 13:30:00,15.40006534845303,17.79503630576521,14.4
2023-11-11 14:30:00,15.612044283214907,17.930510246511545,18.4
2023-11-11 15:30:00,15.239111658373824,17.38759444972419,14.7
2023-11-11 16:30:00,12.447594775003068,14.611559387998696,18.1
2023-11-11 17:30:00,14.108224795345839,14.934705556853025,16.7
2023-11-11 18:30:00,15.745970806539969,15.740697318511648,20.3
2023-11-11 19:30:00,25.588081716934713,24.228609900514016,32.5
2023-11-11 20:30:00,29.66420962525939,28.377232691044224,43.2
2023-11-11 21:30:00,28.881937177097406,28.074702235904446,39.5
2023-11-11 22:30:00,35.709585525040374,35.3103678380226,45.5
2023-11-11 23:30:00,33.840376294569765,33.63435592218214,39.4
2023-11-12 00:30:00,31.842407225829753,31.825275973202995,33.9
2023-11-12 01:30:00,26.47067249047212,26.471042847512987,22.5
2023-11-12 02:30:00,25.785773794968314,25.786568475534374,24.5
2023-11-12 03:30:00,24.09854605152249,24.369718796483927,21.9
2023-11-12 04:30:00,23.66174622154014,24.178986466969896,22.6
2023-11-12 05:30:00,21.60988519458685,21.767940551022367,16.9
2023-11-12 06:30:00,20.7949205242209,21.109995523862295,18.2
2023-11-12 07:30:00,20.907238367960133,20.74650318997454,19.6
2023-11-12 08:30:00,23.304341315837412,22.186192478422942,23.4
2023-11-12 09:30:00,27.739764610623475,25.94060245759378,21.6
2023-11-12 10:30:00,27.398861820030298,25.794240959278937,21.4
2023-11-12 11:30:00,24.68052181846056,24.12153303818027,25.6
2023-11-12 12:30:00,17.52849968514157,19.222651595716265,13.4
2023-11-12 13:30:00,11.585949027830745,15.740741778970586,15.9
2023-11-12 14:30:00,7.731747420657508,13.361382962385488,12.0
2023-11-12 15:30:00,6.388976290057404,12.19419383636225,9.6
2023-11-12 16:30:00,7.6513462833824,11.771085815912631,10.3
2023-11-12 17:30:00,12.963950294200313,14.410682296038198,14.2
2023-11-12 18:30:00,20.264579108952645,19.66870992014806,29.0
2023-11-12 19:30:00,24.44179053809458,23.343879920683342,32.4
2023-11-12 20:30:00,28.002645908286283,26.584366941026868,37.5
2023-11-12 21:30:00,24.893136129490554,23.538404031610725,31.8
2023-11-12 22:30:00,17.990180680843714,17.37614796874985,20.3
2023-11-12 23:30:00,17.58582052609351,17.06819560182427,15.5
2023-11-13 00:30:00,12.304194067903893,12.826538515096368,7.3
2023-11-13 01:30:00,10.1378376765797,9.957673271469146,6.1
2023-11-13 02:30:00,9.382916289829964,9.175560433953073,4.3
2023-11-13 03:30:00,10.419163560153393,10.756478016142102,3.5
2023-11-13 04:30:00,15.6074019023667,15.102598276969102,10.8
2023-11-13 05:30:00,17.774147772672904,17.040300283875183,11.9
2023-11-13 06:30:00,19.470906391771333,18.594009777477623,12.2
2023-11-13 07:30:00,18.524624644742893,17.732881573719187,19.6
2023-11-13 08:30:00,18.78206304791626,18.15478555168165,15.5
2023-11-13 09:30:00,16.909221533797343,17.252608295649395,11.3
2023-11-13 10:30:00,14.749630338918566,16.313548500852114,13.9
2023-11-13 11:30:00,8.83651103043609,13.28850707989778,8.8
2023-11-13 12:30:00,6.829099007340355,12.793631949055086,6.6
2023-11-13 13:30:00,8.459377487738507,8.380020495355282,4.7
2023-11-13 14:30:00,8.10326393412353,7.99720006137426,5.6
2023-11-13 15:30:00,7.120382633578615,7.080674220687238,8.3
2023-11-13 16:30:00,7.423921367858631,7.346807395508549,7.6
2023-11-13 17:30:00,9.10751597884914,9.105725949759165,8.1
2023-11-13 18:30:00,8.819307641101762,8.651502276696542,18.7
2023-11-13 19:30:00,12.25135304508882,13.132599437361169,16.7
2023-11-13 20:30:00,14.942424839815082,15.11972798401757,18.9
2023-11-13 21:30:00,16.94468032017621,16.624010937869688,21.3
2023-11-13 22:30:00,17.60147692208567,17.002293548823836,22.0
2023-11-13 23:30:00,16.04623614677726,15.524608640438824,18.2
2023-11-14 00:30:00,16.68857600140015,16.070817316853255,17.1
2023-11-14 01:30:00,15.475611812056668,14.822514551717248,15.7
2023-11-14 02:30:00,13.340265653847025,12.821438346086303,12.6
2023-11-14 03:30:00,12.214047465715481,11.59504697927331,10.9
2023-11-14 04:30:00,10.332469392391435,9.993448890334916,10.6
2023-11-14 05:30:00,8.717113971239947,8.603340142491676,7.1
2023-11-14 06:30:00,7.8126721620879,7.7589846281690775,3.3
2023-11-14 07:30:00,8.795865421527363,8.740575675007534,3.7
2023-11-14 08:30:00,9.305089236859907,9.226415399678531,12.6
2023-11-14 09:30:00,8.621680583850829,8.522604634391088,9.5
2023-11-14 10:30:00,9.508922864478194,9.304717471907159,6.8
2023-11-14 11:30:00,9.022623061052661,8.871165593938123,5.3
2023-11-14 12:30:00,7.1592483136663585,7.1657083717173435,6.0
2023-11-14 13:30:00,6.42952318811653,6.4851757678278705,4.4
2023-11-14 14:30:00,6.541399245617608,6.464590437950492,3.3
2023-11-14 15:30:00,6.0169795748465695,5.972018634478017,3.9
2023-11-14 16:30:00,6.323289851358039,6.239524164624486,10.1
2023-11-14 17:30:00,13.496696608202043,15.445446467606406,24.2
2023-11-14 18:30:00,9.31339401600401,9.359481987089186,16.1
2023-11-14 19:30:00,9.353746580801252,10.397753158760946,17.0
2023-11-14 20:30:00,11.762504257344563,12.120009566277826,20.4
2023-11-14 21:30:00,17.5408671408994,16.963429375527653,22.5
2023-11-14 22:30:00,15.152544658099924,15.081067055167868,14.2
2023-11-14 23:30:00,9.939005264098649,10.783009599202366,11.8
2023-11-15 00:30:00,9.706495012751516,9.614584440179502,11.2
2023-11-15 01:30:00,9.55955901850449,9.353836928399373,7.6
2023-11-15 02:30:00,10.32750165384332,9.941494496309025,10.0
2023-11-15 03:30:00,9.846575632235908,9.385267450161912,10.9
2023-11-15 04:30:00,9.902705403808277,9.436463487905135,9.0
2023-11-15 05:30:00,11.686593250519326,11.172667554396558,12.4
2023-11-15 06:30:00,21.33538921764817,20.75792299467352,21.9
2023-11-15 07:30:00,24.233584398187794,23.36667506962236,24.2
2023-11-15 08:30:00,24.071693701453665,22.88226068301058,23.0
2023-11-15 09:30:00,12.787016729405044,13.82518072720517,9.9
2023-11-15 10:30:00,8.575483968112447,8.53767460340297,5.9
2023-11-15 11:30:00,6.33639854436319,6.37673375757548,2.7
2023-11-15 12:30:00,9.794783989865103,9.575019591833671,2.2
2023-11-15 13:30:00,9.560618676921388,11.890015466666444,10.2
2023-11-15 14:30:00,9.032760187688861,10.780481744926801,6.3
2023-11-15 15:30:00,11.020011690304404,11.47114491383466,13.2
2023-11-15 16:30:00,9.99465681525842,10.272268688448987,10.7
2023-11-15 17:30:00,11.780517680909998,11.585819312787063,19.1
2023-11-15 18:30:00,12.09645088892102,11.579048727746265,14.9
2023-11-15 19:30:00,12.080246823832015,11.498995771324815,17.0
2023-11-15 20:30:00,5.287123791547232,5.355545758268324,6.3
2023-11-15 21:30:00,5.793611204947003,5.7808462112431656,8.9
2023-11-15 22:30:00,6.287487327389315,6.286846345250304,10.5
2023-11-15 23:30:00,6.713899003478508,6.678133137813104,8.4
2023-11-16 00:30:00,9.61556430521825,8.719778661525392,9.3
2023-11-16 01:30:00,11.385503504698807,10.622001787655687,14.1
2023-11-16 02:30:00,10.333524370296765,9.345193971231176,15.0
2023-11-16 03:30:00,10.235659058183698,9.245076964592739,11.8
2023-11-16 04:30:00,9.602575318663341,8.513366330779728,12.0
2023-11-16 05:30:00,7.935385332833477,7.94313347283095,10.1
2023-11-16 06:30:00,6.392166784832846,6.369353189652426,7.7
2023-11-16 07:30:00,6.397926151036648,6.4379709559103535,5.1
2023-11-16 08:30:00,6.788560484819202,6.874431828440506,5.2
2023-11-16 09:30:00,6.189792653915095,6.127322077746696,7.0
2023-11-16 10:30:00,3.182967749144233,3.1947346102651504,3.8
2023-11-16 11:30:00,3.313553005319675,3.331970142781007,1.3
2023-11-16 12:30:00,3.4308446733137137,3.4554821220452787,0.2
2023-11-16 13:30:00,3.4765027913143705,3.503514558425829,0.0
2023-11-16 14:30:00,3.476156892737168,3.5492597359311144,1.1
2023-11-16 15:30:00,3.4377663291299907,3.462343898671072,4.4
2023-11-16 16:30:00,3.287682160089537,3.2921458987865453,3.2
2023-11-16 17:30:00,5.432229101324106,5.384468978356106,6.7
2023-11-16 18:30:00,5.1468358243890195,5.164892126330734,7.1
2023-11-16 19:30:00,12.2927843282597,11.947757249250776,7.7
2023-11-16 20:30:00,14.79713819861922,14.384649523451582,10.3
2023-11-16 21:30:00,17.795223202475974,17.4331402871433,18.6
2023-11-16 22:30:00,20.17723322113033,20.12235180740654,17.1
2023-11-16 23:30:00,22.15155374718826,22.39335586072815,20.3
2023-11-17 00:30:00,21.5354942304298,22.111376244769623,14.7
2023-11-17 01:30:00,21.82950545198326,22.77987622830735,21.1
2023-11-17 02:30:00,22.172486007575294,23.04398111907242,21.7
2023-11-17 03:30:00,20.363835904000574,21.087388799216765,16.0
2023-11-17 04:30:00,19.300226641852998,19.66801126589076,13.0
2023-11-17 05:30:00,18.227850671534814,18.50863858744665,15.3
2023-11-17 06:30:00,16.93672825071604,17.07447077705425,9.1
2023-11-17 07:30:00,16.764645377184095,16.790595270389048,17.5
2023-11-17 08:30:00,10.93197572572441,10.677792423553864,11.8
2023-11-17 09:30:00,8.38328397825572,8.283659170424318,9.2
2023-11-17 10:30:00,8.45744181212408,8.45549880878606,9.4
2023-11-17 11:30:00,7.124063989928687,7.0228277805116734,8.3
2023-11-17 13:30:00,6.1137179418326735,6.076162001800889,2.6
2023-11-17 14:30:00,5.6837265812312445,5.723518562364863,1.7
2023-11-17 15:30:00,5.47958472273136,5.489208345267684,0.9
2023-11-17 16:30:00,5.056403946099374,5.052540566621773,2.7
2023-11-17 17:30:00,5.156022433485146,5.137574717651878,5.9
2023-11-17 18:30:00,6.564257864760121,6.478054595553447,5.5
2023-11-17 19:30:00,8.11748738829382,7.965324614117256,5.0
2023-11-17 20:30:00,4.000103110998651,4.014848476344422,5.7
2023-11-17 21:30:00,3.570389189731224,3.5087705236426947,3.3
2023-11-17 22:30:00,4.3381566471165245,4.245543756298806,0.9
2023-11-17 23:30:00,6.153681713012075,6.195245640311327,5.2
2023-11-18 00:30:00,6.842514023442999,6.80029870131708,5.1
2023-11-18 01:30:00,7.701151844147715,7.606699512051341,7.3
2023-11-18 02:30:00,6.641306588054656,6.669924945427015,5.8
2023-11-18 03:30:00,6.858152719727675,6.7536126806968255,9.6
2023-11-18 04:30:00,4.4549332325170194,4.419781003464219,7.1
2023-11-18 05:30:00,4.913731200727511,4.801217965163713,3.4
2023-11-18 06:30:00,3.7751275942950144,3.7710559156405887,8.9
2023-11-18 07:30:00,2.5705821546405385,2.5949375144762645,6.4
2023-11-18 08:30:00,2.5794477507632227,2.5634511606922064,2.7
2023-11-18 09:30:00,3.0112943437692468,3.093024678814237,1.7
2023-11-18 10:30:00,3.2614835309682935,3.1876134379907253,2.0
2023-11-18 11:30:00,2.963441447560962,2.9040798026741648,4.2
2023-11-18 12:30:00,2.5585668458804314,2.5070808341012523,3.0
2023-11-18 13:30:00,2.183667916445733,2.151744563144635,2.6
2023-11-18 15:30:00,2.3617221608093253,2.337012532041042,1.4
2023-11-18 16:30:00,2.3976394398580956,2.363330626806251,4.3
2023-11-18 17:30:00,3.6127815391653546,3.5333951008009596,2.7
2023-11-19 08:30:00,3.437454872280459,4.118349519103726,6.0
2023-11-19 09:30:00,3.6841719745627732,4.371748567083669,3.2
2023-11-19 10:30:00,3.7449078814680323,4.187956711771872,1.1
2023-11-19 11:30:00,3.9515584245820126,4.218226347619951,0.1
2023-11-19 12:30:00,3.6336722758206905,3.937023203786759,-1.3
2023-11-19 13:30:00,3.359276440656103,3.4262483247827347,0.3
2023-11-19 14:30:00,3.3744236521272675,3.3937261324131427,3.9
2023-11-19 15:30:00,3.335094757440559,3.408796101425024,5.4
2023-11-19 16:30:00,3.438425177172917,3.687306413737625,1.8
2023-11-19 17:30:00,3.5339458055057413,3.7654787881419374,4.4
2023-11-19 18:30:00,3.6812152577726365,3.6460838748531414,2.7
2023-11-19 19:30:00,3.9082140662723934,3.9204771211902663,2.3
2023-11-19 20:30:00,3.437413771078448,3.3949428503491226,3.1
2023-11-19 21:30:00,4.026335565543389,3.951963474974325,1.2
2023-11-19 22:30:00,4.006557418099577,3.9258627842314486,1.7
2023-11-19 23:30:00,3.3129271292123192,3.372881406887133,1.7
2023-11-20 00:30:00,4.444551145069949,4.500857082758351,3.0
2023-11-20 01:30:00,7.571282098303499,7.519179435616404,4.3
2023-11-20 02:30:00,10.49321633029827,9.636165254051534,11.2
2023-11-20 03:30:00,11.497582529953004,10.490197681654815,8.7
2023-11-20 04:30:00,11.836690811317741,11.116876918498381,10.7
2023-11-20 05:30:00,10.29105428324846,9.306533042381467,10.4
2023-11-20 06:30:00,9.582719203013639,8.339577929635102,7.4
2023-11-20 07:30:00,9.458010063915548,8.357317370022997,9.4
2023-11-20 08:30:00,8.381256937466112,8.326828458006368,12.5
2023-11-20 09:30:00,6.534214763656676,6.565781578104142,8.8
2023-11-20 10:30:00,6.231861253686808,6.22147602887852,5.5
2023-11-20 11:30:00,5.703130212270789,5.601352998860887,3.7
2023-11-20 12:30:00,6.2281720914527865,6.174919706082581,4.4
2023-11-20 13:30:00,5.524553999580281,5.515009488591719,5.1
2023-11-20 14:30:00,5.0658364667139555,5.28314814037814,4.3
2023-11-20 15:30:00,4.728926331103663,4.776852783654078,4.6
2023-11-20 16:30:00,4.787237759111149,4.813854498303634,3.1
2023-11-20 17:30:00,5.501591057015939,5.46411746634503,5.2
2023-11-20 18:30:00,9.066993754297123,9.115689426385352,14.0
2023-11-20 19:30:00,11.021283930962204,10.73292886565368,12.1
2023-11-20 20:30:00,13.873368967854615,13.41390262929187,29.4
2023-11-20 21:30:00,15.159508361484244,14.56017026685329,22.4
2023-11-20 22:30:00,16.58746886575736,16.064453220705403,23.5
2023-11-20 23:30:00,17.50112978874862,17.144190017444565,22.3
2023-11-21 00:30:00,16.303652422849392,15.859773232216824,19.7
2023-11-21 01:30:00,14.390723702995373,13.883410296461037,18.0
2023-11-21 02:30:00,11.77756655495247,11.022469814209433,12.4
2023-11-21 03:30:00,10.024242711325238,8.935093422154921,10.5
2023-11-21 04:30:00,8.146708710569776,8.151679603125327,9.6
2023-11-21 05:30:00,7.5062671757326,7.3956674563521325,7.1
2023-11-21 06:30:00,10.416004415593173,9.447838832145177,10.4
2023-11-21 07:30:00,21.373673521374826,23.269041456800558,16.4
2023-11-21 08:30:00,15.177649620226758,14.63112802840486,15.2
2023-11-21 09:30:00,12.060435729351278,12.188439473553824,12.2
2023-11-21 10:30:00,10.114391333263363,10.060599920856038,8.2
2023-11-21 11:30:00,9.595034540382663,9.503579296230836,10.8
2023-11-21 12:30:00,7.410813644848193,7.440386342864816,6.4
2023-11-21 13:30:00,6.229150080840663,6.210704702796156,2.8
2023-11-21 14:30:00,6.216940312770588,6.209358287035861,2.7
2023-11-21 15:30:00,5.893335651811775,6.022743902379158,0.6
2023-11-21 16:30:00,7.2988922250776,7.20540291788749,4.2
2023-11-21 17:30:00,8.452664113473269,8.452267410961351,8.6
2023-11-21 18:30:00,12.932430732802334,13.718089891079462,15.6
2023-11-21 19:30:00,12.415322842535717,12.771402072996555,17.5
2023-11-21 20:30:00,19.459122567403206,18.71631219971566,20.8
2023-11-21 21:30:00,27.748435873358595,26.71996282844109,31.9
2023-11-21 22:30:00,19.817455924744245,19.11250846058325,19.6
2023-11-21 23:30:00,20.752267916464184,20.46136375617156,24.6
2023-11-22 00:30:00,23.348635338058806,23.492115079475383,24.0
2023-11-22 01:30:00,24.007182619587436,24.571216736898585,26.3
2023-11-22 02:30:00,23.24221805849383,23.99649189408092,26.6
2023-11-22 03:30:00,21.700591265064446,22.295766708365278,19.8
2023-11-22 04:30:00,22.27182365070324,22.943611327006426,22.3
2023-11-22 05:30:00,22.963230892036258,23.907140498343097,22.8
2023-11-22 06:30:00,23.96786208132341,25.300540834656157,23.9
2023-11-22 07:30:00,21.317435660032068,21.91177419506164,20.9
2023-11-22 08:30:00,21.701717331842545,21.429582796055705,24.9
2023-11-22 09:30:00,18.799912805575744,18.024373988555283,20.3
2023-11-22 10:30:00,16.095130654142594,16.668381769068883,19.5
2023-11-22 11:30:00,15.895883352253968,17.148699507597605,15.2
2023-11-22 12:30:00,14.044039617888917,16.203929810450845,13.0
2023-11-22 13:30:00,11.852188659125952,14.892907040388332,13.1
2023-11-22 14:30:00,11.592679112069717,14.59775145987561,9.5
2023-11-22 15:30:00,9.58192648494248,12.799951584744,8.7
2023-11-22 16:30:00,9.551375792618153,12.177064129313782,8.5
2023-11-22 17:30:00,11.195185401771344,12.490708614405278,12.9
2023-11-22 18:30:00,15.236939971950287,15.330727608195067,17.5
2023-11-22 19:30:00,23.906689474436796,22.584767790017075,28.2
2023-11-22 20:30:00,27.549646260717665,26.056540783683964,28.4
2023-11-22 21:30:00,30.422926458702797,28.703299593684147,31.6
2023-11-22 22:30:00,34.54119119155723,33.07802471355071,36.3
2023-11-22 23:30:00,32.900762838045054,31.99574100805358,34.0
2023-11-23 00:30:00,33.411353982185275,32.77462248432114,37.0
2023-11-23 01:30:00,32.46156354615449,32.09838586896758,38.1
2023-11-23 02:30:00,32.210343881632525,32.258695026256966,38.5
2023-11-23 03:30:00,29.776415823507953,29.881864063947436,34.7
2023-11-23 04:30:00,31.080477023158103,31.660520840701906,32.8
2023-11-23 05:30:00,35.52374367374092,36.21521267918188,46.8
2023-11-23 06:30:00,38.32564142770217,39.645168101901675,42.3
2023-11-23 08:30:00,34.56144331422705,34.28036562345055,31.5
2023-11-23 09:30:00,34.16172540911371,31.787923431950013,29.6
2023-11-23 10:30:00,33.09017563944276,30.429392243073316,30.1
2023-11-23 11:30:00,27.88635526956235,26.154784129845197,28.3
2023-11-23 12:30:00,21.650901256310284,21.61277602320198,16.2
2023-11-23 13:30:00,11.206604639562952,14.117948184293784,10.9
2023-11-23 14:30:00,9.298467855616837,12.765736631105998,8.9
2023-11-23 15:30:00,14.387978577038758,16.00495972431175,8.7
2023-11-23 16:30:00,20.635418614452483,20.4880396074418,19.6
2023-11-23 17:30:00,24.865253247196094,23.57074532477152,26.4
2023-11-23 18:30:00,34.59028811627604,31.8819646962353,36.1
2023-11-23 19:30:00,28.969859787214588,27.122348975930983,27.1
2023-11-23 20:30:00,15.630438840783896,15.178002013732378,11.7
2023-11-23 21:30:00,17.754644979109905,17.11696794777624,24.8
2023-11-23 22:30:00,17.704887012364033,16.93573730202504,19.6
2023-11-23 23:30:00,21.71377351677819,21.16716410941724,23.1
2023-11-24 00:30:00,22.214699068951717,22.149679227327027,23.6
2023-11-24 01:30:00,23.485007843949766,23.80196778315353,27.9
2023-11-24 02:30:00,22.352679711935583,22.25078614382665,27.5
2023-11-24 03:30:00,20.174922974844257,20.098902464669163,25.0
2023-11-24 04:30:00,18.583961346358738,18.54772082534229,23.8
2023-11-24 05:30:00,14.369237138062164,13.79850487593493,12.2
2023-11-24 08:30:00,5.162781593640784,5.238960404542002,1.3
2023-11-24 09:30:00,6.1753843379559505,6.161066455006679,0.0
2023-11-24 10:30:00,9.714515298655149,9.743611780309271,7.6
2023-11-24 11:30:00,9.477709084787262,11.295014437093528,7.9
2023-11-24 12:30:00,9.161860078258643,11.717848440266554,8.0
2023-11-24 13:30:00,8.576752733653793,11.741117221984252,7.0
2023-11-24 14:30:00,9.232262298520006,12.24994001180149,7.1
2023-11-24 15:30:00,9.593233915691833,11.901426379273635,6.4
2023-11-24 16:30:00,10.78305076551056,12.338637213740949,4.0
2023-11-24 17:30:00,13.201078594356877,13.349169233036692,9.4
2023-11-24 18:30:00,17.53289242205119,16.796349633197472,18.2
2023-11-24 19:30:00,28.195757064511767,26.928434598343024,33.7
2023-11-24 20:30:00,27.982059793455257,27.165411419533463,34.3
2023-11-24 21:30:00,30.93096637910626,30.412872269364268,37.0
2023-11-24 22:30:00,36.18292120128862,36.45980640854322,39.7
2023-11-24 23:30:00,33.9707998136818,34.68050655310511,36.9
2023-11-25 00:30:00,32.83670201932722,34.21540040068871,37.7
2023-11-25 01:30:00,37.833375552065775,40.190733699632474,40.9
2023-11-25 02:30:00,38.478781188732974,41.26730750278012,44.7
2023-11-25 03:30:00,34.272178161352,36.469928940760205,39.5
2023-11-25 04:30:00,30.664519057064695,32.5647292722464,33.1
2023-11-25 05:30:00,29.240923791303267,30.98123301603409,29.9
2023-11-25 08:30:00,25.96792025154449,26.11213833617996,24.1
2023-11-25 09:30:00,23.877900502407577,22.47450506820806,22.0
2023-11-25 10:30:00,19.48959381566396,18.858272183277727,16.5
2023-11-25 11:30:00,19.17072220318287,19.062952171766305,18.8
2023-11-25 12:30:00,17.926852382546695,18.592790310798776,16.3
2023-11-25 13:30:00,17.562861679738607,18.51612264689772,15.4
2023-11-25 14:30:00,17.281370455154168,18.451281276588595,9.7
2023-11-25 15:30:00,13.845446681436018,15.660761228235932,10.7
2023-11-27 15:30:00,7.822104127438244,7.647249453458824,2.0
2023-11-27 16:30:00,7.771521731393177,7.655457645844913,2.8
2023-11-27 17:30:00,8.462346928740425,8.36061482689265,9.5
2023-11-27 18:30:00,9.199438247286189,9.08775563270779,9.4
2023-11-27 19:30:00,13.258574537075422,13.230798323063464,11.7
2023-11-27 20:30:00,30.10679967168948,28.226163903229345,36.6
2023-11-27 21:30:00,29.04381243085861,27.714289904097857,38.1
2023-11-27 22:30:00,35.09910335038709,34.164100200461185,37.8
2023-11-27 23:30:00,27.079347102985864,26.43164134656418,31.4
2023-11-28 00:30:00,31.962067522997422,31.77332157917711,31.0
2023-11-28 01:30:00,25.136051004150097,24.707150836326722,26.7
2023-11-28 02:30:00,20.83714222689005,20.31055628264501,21.5
2023-11-28 03:30:00,17.464990942596707,16.73929507016151,21.3
2023-11-28 04:30:00,13.414414194309312,12.683924337735942,10.6
2023-11-28 05:30:00,13.284090801130125,12.460240981721688,10.3
2023-11-28 06:30:00,14.10944722978969,13.432578899918365,14.0
2023-11-28 08:30:00,14.394598963339474,13.924765486713133,13.1
2023-11-28 09:30:00,11.797773075876941,13.13830933971066,9.3
2023-11-28 10:30:00,11.124437886454226,13.82748247232854,7.4
2023-11-28 11:30:00,10.47152918150777,14.023541080004838,7.0
2023-11-28 12:30:00,9.91569940960146,14.42148125228302,14.0
2023-11-28 13:30:00,4.4645857316610575,11.499084692242683,7.8
2023-11-28 14:30:00,10.03934121945231,9.876937763368558,6.2
2023-11-28 15:30:00,10.006130385271714,9.96748727526416,4.4
2023-11-28 16:30:00,10.581523689890712,10.379064174987416,5.1
2023-11-28 17:30:00,12.80561343589875,14.819399194331732,15.9
2023-11-28 18:30:00,17.704850780948064,17.9339693962965,23.2
2023-11-28 19:30:00,20.822934695126484,20.03369906592602,33.0
2023-11-28 20:30:00,25.453355388247353,23.925578592988288,26.7
2023-11-28 21:30:00,31.63873059472479,29.585349285904407,37.4
2023-11-28 22:30:00,29.04155136171869,27.2921598169832,35.0
2023-11-28 23:30:00,21.032916557979547,20.091467524785713,25.5
2023-11-29 00:30:00,17.875195225914226,17.013059159724456,16.7
2023-11-29 01:30:00,16.719892519375172,16.072081243991036,17.4
2023-11-29 02:30:00,16.477607183779025,15.69061658496296,17.4
2023-11-29 03:30:00,14.783035294495923,14.098246162510813,7.8
2023-11-29 04:30:00,14.122197520039693,13.488945244015774,7.6
2023-11-29 05:30:00,12.733240688862914,12.195543506146485,9.1
2023-11-29 06:30:00,12.474905154249198,11.886928688985044,7.7
2023-11-29 08:30:00,13.080240481049069,12.670326005890045,7.0
2023-11-29 09:30:00,9.932844834714013,10.924315388966075,7.3
2023-11-29 10:30:00,9.350250097389315,11.219610700330254,5.9
2023-11-29 11:30:00,10.327699017171458,12.860598313691222,7.4
2023-11-29 13:30:00,8.420970724974604,11.89889852499807,8.7
2023-11-29 14:30:00,8.6427281918882,8.475918613770833,5.6
2023-11-29 15:30:00,8.901133270123989,8.781876032586606,2.5
2023-11-29 16:30:00,9.549769226097556,11.386893687106909,3.2
2023-11-29 17:30:00,10.624489924983616,11.654284788430214,2.7
2023-11-29 18:30:00,14.300418316228676,14.487338844824517,12.9
2023-11-29 19:30:00,21.1179872417322,20.322630281142352,22.0
2023-11-29 20:30:00,20.811478445069106,20.027334969778167,18.4
2023-11-29 21:30:00,24.098778651864947,23.272890401661105,27.1
2023-11-29 22:30:00,23.75717565286719,23.09752050372072,22.4
2023-11-29 23:30:00,23.54227237342772,23.00421377811996,20.5
2023-11-30 00:30:00,24.053673532298127,23.64736852821364,24.0
2023-11-30 01:30:00,22.200813901118835,21.771122599096287,18.9
2023-11-30 02:30:00,22.404416980361376,22.24002053292604,17.1
2023-11-30 03:30:00,24.474658567322926,24.618115422373354,21.5
2023-11-30 04:30:00,24.38111742411274,24.550313032620345,21.1
2023-11-30 05:30:00,20.054997819820272,19.92211779412967,10.3
2023-11-30 09:30:00,17.416257538429,16.70699823745965,16.6
2023-11-30 10:30:00,13.903618939541609,13.897402415894518,11.8
2023-11-30 11:30:00,13.888317628140548,14.792135839951534,8.6
2023-11-30 12:30:00,15.352574957409722,16.45738214489139,10.7
2023-11-30 13:30:00,11.84828900186459,13.483968021063768,13.6
2023-11-30 14:30:00,8.170563258686174,8.083450930340344,8.0
2023-11-30 15:30:00,7.7218347116586745,7.529123137235734,7.5
2023-11-30 16:30:00,8.120463415063039,8.031249548854593,7.6
2023-11-30 17:30:00,9.669195046228053,9.580275557050538,14.7
2023-11-30 18:30:00,9.310551515686068,9.199646444807222,10.5
2023-11-30 19:30:00,10.147941363209473,10.397098964962588,9.9
2023-11-30 20:30:00,14.178836740540639,13.721227478694448,18.4
2023-11-30 21:30:00,11.483194218137921,11.384321372372408,9.6
2023-11-30 22:30:00,8.452623008216952,8.42076500511586,9.9
2023-11-30 23:30:00,10.291800481893667,9.684860113794553,8.1
2023-12-01 08:30:00,6.100253120292182,6.0476525939446235,9.6
2023-12-01 09:30:00,6.111373242515983,6.219999915293909,6.5
2023-12-01 10:30:00,7.542230102426981,7.500495139864874,7.7
2023-12-01 11:30:00,7.005290073263519,6.900662217007698,5.2
2023-12-01 12:30:00,6.876429621638712,6.781319182848627,3.4
2023-12-01 13:30:00,7.253860347215879,7.0845837701438095,3.7
2023-12-01 14:30:00,7.658097924814568,7.659496893125798,5.8
2023-12-01 15:30:00,8.008668547715509,7.850888581855693,4.9
2023-12-01 16:30:00,8.393708990173195,8.293343476395016,9.1
2023-12-01 17:30:00,9.208225569542588,9.909197663607165,12.1
2023-12-01 18:30:00,11.972716758887314,11.94130677480219,12.3
2023-12-01 19:30:00,15.879268341156276,15.28762070413365,22.7
2023-12-01 20:30:00,17.240824934027877,16.521461347348207,23.7
2023-12-01 21:30:00,18.679985790009244,18.087714841935952,25.8
2023-12-01 22:30:00,25.029244212297698,24.57313485783473,34.9
2023-12-01 23:30:00,29.903499599642792,29.772245373546156,47.2
2023-12-02 00:30:00,24.18315638031785,24.368454869346152,30.2
2023-12-02 01:30:00,23.98020151424482,24.21098954811678,34.0
2023-12-02 02:30:00,23.098656762870938,23.24625265935566,29.0
2023-12-02 03:30:00,19.797346879400553,19.873955181517122,19.9
2023-12-02 04:30:00,17.955521542673168,17.89885617289912,14.1
2023-12-02 05:30:00,17.791362614247394,17.706859916247303,10.9
2023-12-02 08:30:00,23.550599075501502,24.045918433831243,21.8
2023-12-02 09:30:00,19.247414459704935,18.58006211850308,20.7
2023-12-02 10:30:00,15.910864567443,15.427662566759578,15.8
2023-12-02 11:30:00,13.613949853556278,14.144535114646153,17.0
2023-12-02 12:30:00,9.371258591374378,11.395131443731962,11.2
2023-12-02 13:30:00,9.032809592950011,11.596729191897662,11.2
2023-12-02 14:30:00,7.980654748494975,10.767188279750616,9.6
2023-12-02 15:30:00,9.50225060305004,9.414376200095528,7.4
2023-12-02 16:30:00,9.976278528124828,11.264591264868876,10.0
2023-12-02 17:30:00,13.995739476316523,14.064685402671175,14.1
2023-12-02 18:30:00,19.487506469115583,18.600356089441895,26.5
2023-12-02 19:30:00,22.479801330542536,21.487901286229445,28.2
2023-12-02 20:30:00,24.983203413096472,24.17711280649269,33.0
2023-12-02 21:30:00,25.482008147481974,24.721414477085712,37.2
2023-12-02 22:30:00,31.558763034477536,31.03828757907005,46.3
2023-12-02 23:30:00,32.93261874130982,32.339492683585284,43.7
2023-12-03 00:30:00,30.960242626500623,30.445823295864486,43.4
2023-12-03 01:30:00,25.547456806216978,25.409549791718007,38.0
2023-12-03 08:30:00,20.443877203802586,20.30737423457109,22.5
2023-12-03 09:30:00,17.519457781427462,16.801405341748602,17.5
2023-12-03 10:30:00,13.37398451473322,13.315703743589573,8.7
2023-12-03 11:30:00,14.80817606338044,14.706576225627067,15.5
2023-12-03 12:30:00,13.29203666265786,13.846559515671553,15.8
2023-12-03 13:30:00,13.258351769733643,13.827708581480735,14.0
2023-12-03 14:30:00,12.064725680602951,12.62756842895728,11.3
2023-12-03 15:30:00,15.925152085519443,15.807863298649869,16.5
2023-12-04 09:30:00,18.724754922871202,17.94337562704157,12.6
2023-12-04 10:30:00,16.673414205189378,16.441516364980707,17.0
2023-12-04 11:30:00,14.90245093556792,15.444792273808044,16.9
2023-12-04 12:30:00,15.082084541853009,15.931920293374457,15.1
2023-12-04 13:30:00,12.402250901547326,14.338449492234115,11.7
2023-12-04 14:30:00,10.087294677102525,12.153614786576401,10.1
2023-12-04 15:30:00,9.830240914383594,9.790297800929526,6.4
2023-12-04 16:30:00,8.24343202586099,8.149246167253366,5.3
2023-12-04 17:30:00,10.299329135530321,10.769942243178377,8.0
2023-12-04 18:30:00,14.185177247297114,13.737702991944559,17.1
2023-12-04 19:30:00,17.0226304680725,16.43641619597064,19.6
2023-12-04 20:30:00,17.826365349498836,17.40842701726814,19.7
2023-12-04 21:30:00,23.037797894061224,23.343835460224405,25.8
2023-12-04 22:30:00,21.295555501982037,21.60857933908632,20.2
2023-12-04 23:30:00,20.3585406974262,20.43346843822247,18.1
2023-12-05 00:30:00,19.69397599048981,19.724411635128362,18.8
2023-12-05 01:30:00,20.585292983696846,20.98474393830276,14.3
2023-12-05 02:30:00,18.99298047283978,19.03828971182473,15.5
2023-12-05 08:30:00,20.52026247199238,20.809223194901055,10.5
2023-12-05 09:30:00,20.727090379053745,19.87905535052719,10.8
2023-12-05 10:30:00,21.39368962618795,20.605241860669768,15.6
2023-12-05 11:30:00,19.04000831503566,18.999577973041433,15.6
2023-12-05 12:30:00,17.45453974379442,17.770932769229468,14.3
2023-12-05 13:30:00,16.97327584150913,17.741157439309042,13.7
2023-12-05 14:30:00,14.896676236144891,16.26710439367363,15.7
2023-12-05 15:30:00,14.194348443388595,15.607019552033572,14.5
2023-12-05 16:30:00,16.495234995155467,16.803977656483106,14.7
2023-12-05 17:30:00,20.20235429134221,19.52993198465991,18.6
2023-12-05 18:30:00,21.18502406850794,20.260520009555265,20.7
2023-12-05 19:30:00,21.998857091438595,21.30882376265837,26.1
2023-12-05 20:30:00,26.913479319158263,26.29033555680048,29.1
2023-12-05 21:30:00,29.505588498198712,29.22920763009092,35.2
2023-12-05 22:30:00,25.34765364945578,24.965365127763423,24.6
2023-12-05 23:30:00,23.94404385091768,23.815915442128077,24.8
2023-12-06 00:30:00,22.069447688374765,21.95646100804528,21.4
2023-12-06 01:30:00,20.791616586658105,20.698340577361996,14.1
2023-12-06 02:30:00,21.158591503329525,21.274329347317455,15.6
2023-12-06 03:30:00,18.145478905866014,17.827898411347554,14.1
2023-12-06 04:30:00,16.474781442226135,16.017554535230644,10.6
2023-12-06 05:30:00,17.838163088479977,17.71522851163203,15.6
2023-12-06 06:30:00,19.869758191120326,20.021275740300034,19.6
2023-12-06 08:30:00,36.392531752474966,37.27531096907941,30.0
2023-12-06 09:30:00,32.851732038974234,31.492628120585827,22.9
2023-12-06 10:30:00,25.67608531624372,24.15401279088396,17.7
2023-12-06 11:30:00,17.433137581266436,17.836834822229903,12.8
2023-12-06 12:30:00,9.875181467831416,13.100302604659312,8.9
2023-12-06 13:30:00,8.540392444764459,12.864589710606653,8.3
2023-12-06 14:30:00,11.919812177053602,14.12047603856935,11.8
2023-12-06 15:30:00,6.7435365208321025,6.650945426958563,7.1
2023-12-06 16:30:00,6.323484209902574,6.259068188961919,3.5
2023-12-06 17:30:00,12.36584396039436,12.878492909122262,13.3
2023-12-06 18:30:00,19.414816613649855,18.80313574117791,15.6
2023-12-06 19:30:00,21.6594187565911,20.69964896495872,18.2
2023-12-06 20:30:00,14.47411466253807,14.014288687338041,14.6
2023-12-06 21:30:00,7.434713328454685,7.376558240059364,8.1
2023-12-06 22:30:00,6.514949696806035,6.483310560770313,4.7
2023-12-06 23:30:00,4.2099818651229475,4.105485694438043,1.4
2023-12-07 00:30:00,3.132049246944044,3.046208960369666,-1.6
2023-12-07 01:30:00,5.6712729661149455,5.85619605630257,6.0
2023-12-07 02:30:00,5.737801909653108,5.909691974418892,4.1
2023-12-07 03:30:00,5.524016597008286,5.454173764725699,2.3
2023-12-07 04:30:00,4.089057408901194,4.176796292216562,2.4
2023-12-07 05:30:00,2.6962746829827537,2.62225492315512,4.5
2023-12-07 06:30:00,2.4544323648351947,2.386261686357572,6.0
2023-12-07 08:30:00,3.139789150897946,3.1792755477803216,4.6
2023-12-07 09:30:00,2.970099056138978,3.097063926095123,4.6
2023-12-07 10:30:00,2.994763936057721,3.2782926477106438,2.0
2023-12-07 11:30:00,3.0664322139995357,3.0712226310008788,0.4
2023-12-07 12:30:00,3.470862613532964,3.5371178092185662,0.7
2023-12-07 13:30:00,3.5896260923760943,3.6201647610643075,2.0
2023-12-07 14:30:00,3.589765807995248,3.6201647610643075,2.9
2023-12-07 15:30:00,3.5639351799593495,3.592717654561136,0.4
2023-12-07 17:30:00,4.535460815258004,4.490812430587251,2.7
2023-12-07 18:30:00,4.4050241209224765,4.478973859400079,2.6
2023-12-07 19:30:00,4.356680039977131,4.3623236567616015,3.4
2023-12-07 20:30:00,3.5707757099194666,3.53217838286498,2.6
2023-12-07 21:30:00,3.345073198811307,3.3674957438459514,-0.3
2023-12-07 22:30:00,3.044486659369218,3.058715795685272,-0.2
2023-12-07 23:30:00,2.515019473544964,2.6215225992418985,1.6
2023-12-08 00:30:00,2.5365086051373065,2.531705411259517,3.2
2023-12-08 01:30:00,2.8895812816904405,3.066794290247045,1.9
2023-12-08 02:30:00,2.9078587880685465,3.0187618538664953,1.5
2023-12-08 03:30:00,3.4698281208334243,3.528879053849109,3.3
2023-12-08 04:30:00,5.001821066346367,4.94236304713614,9.4
2023-12-08 05:30:00,6.996055651384542,7.162367051075176,5.9
2023-12-08 06:30:00,7.899513952017089,8.050099369498728,2.8
2023-12-08 07:30:00,9.574624489810105,8.523336429661867,2.3
2023-12-08 08:30:00,8.343779822708633,8.151679603125327,6.3
2023-12-08 09:30:00,10.346061672852237,9.483328828035695,6.5
2023-12-08 10:30:00,10.690449217419241,9.496001444757722,6.9
2023-12-08 11:30:00,10.472911258042798,9.65949265012103,4.1
2023-12-08 12:30:00,10.185705973088748,9.539108348819136,2.6
2023-12-08 13:30:00,10.55012588459706,9.919309080709425,4.5
2023-12-08 14:30:00,8.261035339637951,8.34345235929745,5.4
2023-12-08 15:30:00,7.6418619188928005,7.507061693773744,3.5
2023-12-08 16:30:00,8.297301909436678,8.264420256307234,6.5
2023-12-08 17:30:00,11.209622664250901,10.762697844079973,10.9
2023-12-08 18:30:00,16.321728341170978,15.737488594162365,19.4
2023-12-09 09:30:00,32.50136971088547,35.21212449186138,19.7
2023-12-09 10:30:00,28.355519421236764,27.21737692867409,22.7
2023-12-09 11:30:00,27.09859241634303,25.546454066728945,20.6
2023-12-09 12:30:00,22.217274805940875,21.262344269737984,18.8
2023-12-09 13:30:00,17.66228076463864,17.721506229479143,17.0
2023-12-09 14:30:00,15.73824642429209,16.28565318290303,12.4
2023-12-09 15:30:00,12.722560274339898,13.774237474889503,9.9
2023-12-09 16:30:00,11.158831028167178,12.033840218613932,8.6
2023-12-09 17:30:00,15.840865294174037,15.444138080009687,18.1
2023-12-09 18:30:00,33.31223693221789,31.783477456738307,38.0
2023-12-09 19:30:00,33.14209428605064,31.810718580889034,38.1
2023-12-09 20:30:00,38.77353505743024,37.957769726706424,52.1
2023-12-09 21:30:00,59.9742108124159,61.292626951403584,75.0
2023-12-09 22:30:00,46.22073962681009,47.80407217936536,65.7
2023-12-09 23:30:00,48.12304401422283,51.12693676595944,71.1
2023-12-10 00:30:00,48.51097886114184,52.49688775953512,68.0
2023-12-10 01:30:00,44.55591343857309,48.25902245422056,55.1
2023-12-10 02:30:00,45.06605533614694,48.411861103259355,57.3
2023-12-10 03:30:00,36.96411038320987,40.06716735025666,40.4
2023-12-10 04:30:00,33.84440182765655,36.638475854674645,33.6
2023-12-10 05:30:00,29.18524752031749,31.048398996172317,24.3
2023-12-10 06:30:00,30.184312261919153,32.374633352347146,33.9
2023-12-10 07:30:00,31.84413320715732,34.02719592545024,28.0
2023-12-10 08:30:00,26.834323534260136,28.236885053671028,26.0
2023-12-10 09:30:00,21.112515505174084,20.35619104098199,19.7
2023-12-10 10:30:00,24.397690389198914,22.966861236866976,19.6
2023-12-10 11:30:00,25.007299369285327,23.67910008803501,22.3
2023-12-10 12:30:00,21.061314578603792,20.771915114107003,16.1
2023-12-10 13:30:00,21.2348319573532,21.292693040188134,15.6
2023-12-10 14:30:00,19.593911700257465,19.835383173585285,16.0
2023-12-10 15:30:00,16.451961658595394,17.075823625109905,16.1
2023-12-10 16:30:00,26.8242220426203,25.229017800224103,11.3
2023-12-10 17:30:00,21.193839706019403,20.31060074310395,25.1
2023-12-10 18:30:00,20.080553385164404,19.337935728008095,23.2
2023-12-10 19:30:00,21.64884624385676,20.59382205597079,30.8
2023-12-10 20:30:00,26.50507298193903,25.227709412627387,35.5
2023-12-10 21:30:00,33.832609639295534,32.921507337674676,41.1
2023-12-10 22:30:00,36.07565428636639,35.68612259470119,45.1
2023-12-10 23:30:00,35.5762912926658,35.59867449974654,43.1
2023-12-11 00:30:00,35.60189402741589,35.595507271825596,40.3
2023-12-11 01:30:00,33.80488379528054,34.1868953494002,42.3
2023-12-11 02:30:00,28.645302178356587,28.8395052144378,29.3
2023-12-11 03:30:00,27.09274088362737,27.43913104863746,28.1
2023-12-11 04:30:00,26.99977830658498,27.556987495663797,26.3
2023-12-11 05:30:00,33.56735253460836,35.245842766736054,27.2
2023-12-11 06:30:00,34.32530185750388,36.41100071724705,27.3
2023-12-11 07:30:00,39.43818878611246,42.73611157585645,46.6
2023-12-11 08:30:00,45.341432468734176,48.82550954041319,25.4
2023-12-11 09:30:00,38.337837791473845,36.447787985619556,37.5
2023-12-11 10:30:00,33.51942183095064,30.73776295501422,31.4
2023-12-11 11:30:00,26.07225399377399,24.52946268089283,25.1
2023-12-11 12:30:00,27.29592188130198,25.61174638638996,25.1
2023-12-11 14:30:00,21.765239501987576,21.588062753326817,21.4
2023-12-11 15:30:00,14.911957967630062,16.043986493165114,9.7
2023-12-11 16:30:00,13.970911038302463,14.816849109826698,14.9
2023-12-11 17:30:00,17.284158743968415,16.840720464396668,21.4
2023-12-11 18:30:00,19.178697247091804,18.487573135150274,21.0
2023-12-11 19:30:00,21.66571953842511,20.493705049332355,23.9
2023-12-11 20:30:00,22.562428971219497,21.59190353053814,17.0
2023-12-11 21:30:00,24.052839176114837,23.262112087772216,22.3
2023-12-11 22:30:00,31.59959575086689,31.657992986426347,34.5
2023-12-11 23:30:00,33.307703737238356,33.65335928970781,38.9
2023-12-12 00:30:00,33.78219343622396,34.63931776997984,36.0
2023-12-12 01:30:00,31.041740354254493,31.593354860563693,30.9
2023-12-12 02:30:00,29.946570023638223,30.307167307044228,29.5
2023-12-12 03:30:00,27.578033729639827,28.38390074578423,25.7
2023-12-12 04:30:00,24.69648641724129,25.171918776729203,22.8
2023-12-12 05:30:00,23.746757039921963,24.237914690483056,15.2
2023-12-12 06:30:00,23.266864717902845,23.871661617567312,19.7
2023-12-12 07:30:00,23.28085677164074,24.114348341107238,19.8
2023-12-12 08:30:00,31.09415907298851,32.07091186006443,25.2
2023-12-12 09:30:00,43.18442170103239,41.12033627112585,40.6
2023-12-12 10:30:00,38.55734945810805,35.23880034313162,35.2
2023-12-12 11:30:00,32.631489840536375,29.86861505923018,25.7
2023-12-12 12:30:00,27.06910232883446,25.61872021587723,20.7
2023-12-12 13:30:00,24.720198839703585,23.812055066597566,21.2
2023-12-12 14:30:00,24.90855532529868,23.92370493251108,21.5
2023-12-12 15:30:00,26.843031887230165,25.42672395922541,22.3
2023-12-12 16:30:00,23.250458728498806,22.350337877584607,21.4
2023-12-12 17:30:00,23.39459375743049,22.056306493358207,21.3
2023-12-12 18:30:00,24.923115387632244,23.696546456663906,18.9
2023-12-12 19:30:00,28.409144839143764,27.33840430865961,31.7
2023-12-12 20:30:00,34.36138241875449,33.55642433114329,35.7
2023-12-12 21:30:00,39.13005693518391,38.973508300519484,38.6
2023-12-12 22:30:00,38.22478867288141,37.896934497371845,40.8
2023-12-12 23:30:00,38.81974080038899,39.13521222370632,42.1
2023-12-13 00:30:00,38.89749153191846,39.819424918165595,35.0
2023-12-13 01:30:00,35.98038687873609,37.27657489621719,31.5
2023-12-13 02:30:00,31.568824949987587,32.39555484080897,30.6
2023-12-13 03:30:00,31.546879125880054,32.70540754448711,28.1
2023-12-13 04:30:00,31.379228870009683,32.555863998098346,29.3
2023-12-13 05:30:00,30.299098075929436,31.901569812076424,25.3
2023-12-13 06:30:00,29.75573065770172,31.3149896407459,22.0
2023-12-13 07:30:00,30.06207657663083,32.07428233243184,25.3
2023-12-13 08:30:00,39.98510290245288,40.594383774260145,29.9
2023-12-13 09:30:00,32.38335923389889,30.74745602710115,24.4
2023-12-13 10:30:00,32.24612821361116,29.698150024379608,27.4
2023-12-13 11:30:00,34.032335851350155,30.94392493524004,28.1
2023-12-13 12:30:00,33.18443045726676,30.348932797758913,25.9
2023-12-13 13:30:00,32.97399429758912,30.31345391698312,24.1
2023-12-13 14:30:00,32.64823005000778,30.030574671673254,28.9
2023-12-13 15:30:00,31.396604155587752,28.98721956080829,27.3
2023-12-13 16:30:00,31.259914413692265,28.799015085569813,31.9
2023-12-13 17:30:00,34.478299283447825,31.716965670398448,33.2
2023-12-13 18:30:00,41.92822086535994,38.72894791650235,50.8
2023-12-13 19:30:00,44.90963602123075,41.79734013485387,50.6
2023-12-13 20:30:00,42.23103374565142,40.14387947461665,50.7
2023-12-13 21:30:00,42.366772078584994,41.532833835718,50.2
2023-12-13 22:30:00,47.60427370664674,48.01825385161678,52.0
2023-12-13 23:30:00,46.84427646598622,48.086683758892775,49.1
2023-12-14 00:30:00,42.834477832420795,43.53072799327503,44.9
2023-12-14 01:30:00,38.224859440990784,38.68154747056409,42.1
2023-12-14 02:30:00,36.779759909613055,37.60861301549494,36.7
2023-12-14 03:30:00,37.024871556040495,38.143413002325126,32.8
2023-12-14 04:30:00,33.775624698538735,34.89024225014482,29.4
2023-12-14 05:30:00,31.590458785216477,32.76307184086249,30.8
2023-12-14 06:30:00,30.966667081873936,32.00458849801806,31.9
2023-12-14 07:30:00,29.761982860349626,30.95044400380579,25.2
2023-12-14 08:30:00,31.062104846863996,31.216336176747323,24.2
2023-12-14 09:30:00,37.30049980137881,35.0024332552806,28.3
2023-12-14 10:30:00,34.12462404180278,31.164426243180365,32.6
2023-12-14 11:30:00,47.69472140874412,41.91434295520501,45.0
2023-12-14 12:30:00,46.705480355675725,41.002208302774015,40.8
2023-12-14 13:30:00,39.56087433217627,35.26037602539179,33.7
2023-12-14 14:30:00,32.718210075439465,30.345141016345565,28.9
2023-12-14 15:30:00,32.826106778789914,30.2298124235948,31.7
2023-12-14 16:30:00,33.61008650055707,30.80135521833855,31.4
2023-12-14 17:30:00,38.032743258117655,34.69158719407581,37.1
2023-12-14 18:30:00,38.52061726219207,35.48148706667155,42.7
2023-12-14 19:30:00,40.771216365913766,38.16372475744751,46.6
2023-12-14 20:30:00,51.7689727083512,48.61010840148292,56.9
2023-12-14 21:30:00,47.45614390878173,45.24984681317691,45.3
2023-12-14 22:30:00,55.672334049437346,54.848395718630066,71.4
2023-12-14 23:30:00,48.587006921693565,49.01453606748143,48.6
2023-12-15 00:30:00,75.2291929439521,78.23014051368725,79.1
2023-12-15 01:30:00,52.84924891972972,55.38001365738633,56.0
2023-12-15 02:30:00,52.63784478284422,55.53082113091288,55.4
2023-12-15 03:30:00,50.131567378065675,53.462578945143704,52.3
2023-12-15 04:30:00,47.35706403491424,50.964465594398156,44.8
2023-12-15 05:30:00,45.823051862526334,49.79372858029733,42.6
2023-12-15 06:30:00,47.09097051553847,51.27077040999872,46.4
2023-12-15 07:30:00,39.812603191200594,42.81848914210699,28.2
2023-12-15 08:30:00,29.84331456263994,30.21516611036296,28.8
2023-12-15 09:30:00,30.386034426920318,28.695061837059093,27.5
2023-12-15 10:30:00,30.76873734611347,28.34341061691626,30.2
2023-12-15 11:30:00,35.89504336436735,32.522447506468694,34.7
2023-12-15 12:30:00,32.00715900443419,29.670299166889453,28.1
2023-12-15 13:30:00,21.358376813470834,22.224897867731585,22.8
2023-12-15 14:30:00,18.25362568086664,20.163629511449685,21.7
2023-12-15 15:30:00,13.93952937315156,16.743175772492734,16.4
2023-12-15 16:30:00,15.833962879222153,17.352612247711733,14.0
2023-12-15 17:30:00,30.035312173889245,27.75665623606018,34.1
2023-12-15 18:30:00,30.367070372802893,28.21984426754044,36.0
2023-12-15 19:30:00,38.63823092255563,35.63229454019809,46.1
2023-12-15 20:30:00,45.035544829183614,42.511208753163345,50.3
2023-12-15 21:30:00,48.6078812124476,46.270183795536546,50.6
2023-12-15 22:30:00,47.82211159030238,46.27002024708696,47.4
2023-12-15 23:30:00,45.26681357718896,44.71186477827281,46.5
2023-12-16 00:30:00,41.84119442199908,41.693142993007385,42.1
2023-12-16 01:30:00,45.03202460429235,45.75801540919579,40.8
2023-12-16 02:30:00,44.59420451926099,45.70035111282041,48.3
2023-12-16 03:30:00,36.70063238917017,37.073054672382085,34.6
2023-12-16 04:30:00,35.95482275625806,36.732273225624176,31.1
2023-12-16 05:30:00,35.868456539279606,36.874842942525675,27.5
2023-12-16 06:30:00,35.109454933331996,36.27540482983283,35.5
2023-12-16 08:30:00,16.394118953851805,15.64245397235042,13.5
2023-12-16 09:30:00,20.169638686848646,19.36170105252992,19.1
2023-12-16 10:30:00,31.404140344867812,28.74135078919443,30.9
2023-12-16 11:30:00,34.775202667892806,31.56554846353248,30.7
2023-12-16 12:30:00,30.555931447332185,28.71729171311763,29.8
2023-12-16 13:30:00,26.530552880316122,25.904513843478572,24.3
2023-12-16 14:30:00,25.50021289134704,25.36781351989582,22.6
2023-12-16 15:30:00,22.387543958905745,23.03407167746413,17.6
2023-12-16 16:30:00,22.30198083096802,22.477086275034345,20.1
2023-12-16 17:30:00,26.27982811186989,24.809546406144683,30.2
2023-12-16 18:30:00,34.50366709092235,31.388109599194625,44.4
2023-12-16 19:30:00,45.14651208982393,40.89858215116248,54.2
2023-12-16 20:30:00,46.34143403892971,42.8255074320532,62.1
2023-12-16 21:30:00,56.71854940260895,53.031732206824245,71.6
2023-12-16 22:30:00,51.35756565900295,48.36868560508077,64.9
2023-12-16 23:30:00,47.037979815208026,44.682095799846515,56.4
2023-12-17 00:30:00,47.55230648901023,45.75663842748191,59.4
2023-12-17 01:30:00,30.849993731261073,29.144956403363175,27.2
2023-12-17 02:30:00,27.28048265191525,25.875310137932765,26.0
2023-12-17 03:30:00,30.201666809597533,28.906061461236593,30.6
2023-12-17 04:30:00,30.932133165018207,29.582167237830483,32.3
2023-12-17 05:30:00,31.610609938355076,30.574190390997238,30.1
2023-12-17 06:30:00,37.07275783946832,35.978878936675066,37.4
2023-12-17 07:30:00,35.3884399181583,34.423262437251225,33.7
2023-12-17 08:30:00,32.90195471269325,31.32534513380918,30.6
2023-12-17 09:30:00,28.40268170861964,26.470956469212258,30.2
2023-12-17 10:30:00,23.42167073271066,22.13615620533319,19.7
2023-12-17 11:30:00,22.37064624370946,21.940751791455252,16.7
2023-12-17 12:30:00,23.5826592621656,23.22162195890424,16.3
2023-12-17 13:30:00,15.014749039460918,17.095481186433933,13.7
2023-12-17 14:30:00,29.821056378306217,28.433416206452424,18.2
2023-12-17 15:30:00,41.219315781248675,37.0365049478707,31.5
2023-12-17 16:30:00,38.893216464133666,35.158667994716396,31.4
2023-12-17 17:30:00,45.100186863228,40.2972592628777,45.7
2023-12-17 18:30:00,45.88495142707952,41.484715683564396,40.7
2023-12-17 19:30:00,51.89212810805754,47.479052350033825,53.2
2023-12-17 20:30:00,55.01218901069111,50.34125675942322,56.9
2023-12-17 21:30:00,54.83823281599931,50.47558871969965,53.2
2023-12-18 10:30:00,45.09610628208945,41.90607852230459,36.0
2023-12-18 11:30:00,48.50744205177222,44.9032513015852,38.9
2023-12-18 12:30:00,46.70643686840399,43.20126218873178,42.6
2023-12-18 13:30:00,31.113862885257184,29.08603929496474,28.1
2023-12-18 14:30:00,14.886327511761628,15.42007900393288,9.1
2023-12-18 15:30:00,6.890889890008687,6.800558096965711,5.7
2023-12-18 16:30:00,11.915608421571681,13.050221871110624,7.0
2023-12-18 17:30:00,25.75070527088028,24.41882395668954,18.3
2023-12-19 10:30:00,3.075977074207103,3.0695390008973624,2.9
2023-12-19 11:30:00,2.828579246872098,2.770521177401972,4.8
2023-12-19 12:30:00,3.050049046728777,2.9979400598568215,3.8
2023-12-19 13:30:00,2.6333404659325943,2.6690706415996903,2.0
2023-12-19 14:30:00,2.0592734989554633,2.1202582093605775,-1.3
2023-12-19 15:30:00,1.9300108697619316,2.0337479447458606,0.2
2023-12-19 16:30:00,2.0450279866769545,2.0076472540029844,4.1
2023-12-19 17:30:00,2.0401932563222114,1.9927946890134365,2.6
2023-12-19 18:30:00,1.97215309349298,1.9773776181549065,0.7
2023-12-19 19:30:00,1.784122771546694,1.7221454672402752,2.6
2023-12-19 20:30:00,1.912980078677104,1.9101062676572735,2.0
2023-12-19 21:30:00,2.6416815808645766,2.56184534928328,2.7
2023-12-19 22:30:00,2.349254508522879,2.333788549843904,3.9
2023-12-19 23:30:00,3.101124188316359,3.086033204364128,3.7
2023-12-20 00:30:00,2.568442895351152,2.4973965281305532,1.2
2023-12-20 01:30:00,2.3694941719099782,2.4232634010071266,1.9
2023-12-20 02:30:00,3.1600711773248054,3.1998608776577004,4.4
2023-12-20 03:30:00,3.057347443917859,2.970729417485945,3.3
2023-12-20 09:30:00,2.522855948702613,2.466583382226643,2.3
2023-12-20 10:30:00,2.4606333455890104,2.4399391814279348,-1.2
2023-12-20 11:30:00,2.737044110531736,2.728133799711235,-0.6
2023-12-20 12:30:00,2.9573645188976183,2.950895521118734,0.5
2023-12-20 13:30:00,4.840796788989376,4.79435618853792,2.9
2023-12-20 14:30:00,4.759243181532313,4.707845923923204,4.3
2023-12-20 15:30:00,5.102407248902365,4.976671930265105,4.6
2023-12-21 11:30:00,3.762424675507436,3.6572381298504446,3.2
2023-12-21 12:30:00,3.8075256414163965,3.706156234381761,1.5
2023-12-21 13:30:00,4.907545364135634,4.895962012927582,1.7
2023-12-21 14:30:00,4.949067623864353,4.827188958082273,1.7
2023-12-22 13:30:00,16.59606088803718,16.505455836586066,10.6
2023-12-22 14:30:00,14.820519544567514,14.481322804496749,10.3
2023-12-22 15:30:00,15.832193469618105,15.449803521900241,17.3
2023-12-22 16:30:00,14.876090484181692,14.448633455515875,13.5
2023-12-23 12:30:00,24.558137620811543,25.791624184085503,22.0
2023-12-23 13:30:00,21.708409513078244,21.66403176297058,19.2
2023-12-23 14:30:00,21.919944609762936,21.417553258017303,19.7
2023-12-23 15:30:00,22.13733749317155,21.536368765511703,21.5
2023-12-23 16:30:00,21.938049800094248,21.33391176462898,18.7
2023-12-23 17:30:00,22.841976761855634,22.9573150926452,20.0
2023-12-24 11:30:00,34.54479049697811,35.53213307310071,31.5
2023-12-24 12:30:00,31.220562819133455,30.118614775985677,28.0
2023-12-24 13:30:00,25.875291922113128,24.67137820399596,21.5
2023-12-24 14:30:00,23.438538502868163,22.361713221824647,22.8
2023-12-24 15:30:00,12.358833590649294,12.572431986857463,7.7
2023-12-24 16:30:00,13.500379635432719,13.424058506853065,10.7
2023-12-24 17:30:00,20.411792515977538,19.60404638830887,23.8
2023-12-24 18:30:00,25.620276133589336,25.66047427188299,28.1
2023-12-24 19:30:00,42.62994537046337,44.74416161097467,59.2
2023-12-24 20:30:00,54.90213519358149,59.52979149410085,83.8
2023-12-24 21:30:00,46.979726793062014,49.82541567965977,73.1
2023-12-25 09:30:00,35.24283220072328,37.085842566703164,29.3
2023-12-25 10:30:00,25.368930345028147,24.383056722119054,17.0
2023-12-25 11:30:00,21.028373822729577,20.288415327504353,14.8
2023-12-25 12:30:00,20.828291947588532,20.210483736465513,12.6
2023-12-25 13:30:00,23.446814124338054,22.57527404562191,17.6
2023-12-25 14:30:00,24.348897687377594,23.223495619381445,19.2
2023-12-25 15:30:00,24.823278650626833,23.60177823033559,18.6
2023-12-25 16:30:00,24.721273298706684,23.654996551499266,18.3
2023-12-25 17:30:00,34.4953216800519,33.31247368046559,34.0
2023-12-25 18:30:00,33.29407841123171,32.84533635253695,31.8
2023-12-25 19:30:00,32.47575287615562,32.55904604617228,30.2
2023-12-25 20:30:00,29.402221120346198,29.58975080065718,23.1
2023-12-25 21:30:00,31.045928717446472,31.450785143662195,29.6
2023-12-25 22:30:00,32.78784140980627,33.71355144035874,35.1
2023-12-25 23:30:00,33.31435879708691,34.718044873037165,27.4
2023-12-26 00:30:00,33.33311704453788,35.62780410452745,27.1
2023-12-26 01:30:00,38.06602813057222,41.53597142333298,36.6
2023-12-26 02:30:00,47.221777386340975,52.24025337702065,49.3
2023-12-26 03:30:00,47.957369959531924,53.408706430181674,50.5
2023-12-26 04:30:00,42.18757914566689,47.92596430114081,36.0
2023-12-26 05:30:00,35.3710080134845,39.48610064152061,28.0
2023-12-26 10:30:00,49.351276156386945,51.652618693214016,35.4
2023-12-26 11:30:00,43.060975933430285,41.772992704982364,33.7
2023-12-26 12:30:00,42.42505246026753,39.74088359378734,29.3
2023-12-26 13:30:00,40.870699522264964,37.642872429591876,33.5
2023-12-26 14:30:00,39.5675026997797,36.09785527091077,28.5
2023-12-26 15:30:00,39.324509463415836,35.97673602254187,28.0
2023-12-26 16:30:00,41.61621825062161,38.88925707379174,29.5
2023-12-26 17:30:00,45.33355371807006,43.665714147349824,37.9
2023-12-26 18:30:00,48.13097296168131,47.75782768768896,43.9
2023-12-26 19:30:00,49.797965074071065,51.4412354448493,46.7
2023-12-26 20:30:00,56.492389728902744,59.341604803045946,49.4
2023-12-26 21:30:00,62.11198167720719,65.99368028819839,63.1
2023-12-26 22:30:00,55.08826169823987,59.462625513962614,45.2
2023-12-26 23:30:00,53.71585294753204,58.66295338799293,40.1
2023-12-27 00:30:00,51.20837085146535,55.76779795210331,37.5
2023-12-27 09:30:00,51.081773090494515,55.82102516535877,40.3
2023-12-27 10:30:00,46.72604261010001,46.472782114639394,35.7
2023-12-27 11:30:00,26.878829960411277,25.498291454116394,14.6
2023-12-27 12:30:00,19.039362625078425,18.55521864552253,17.7
2023-12-27 13:30:00,16.958514885081076,16.78432009515907,8.6
2023-12-27 14:30:00,9.453636912781505,9.244178200211003,12.8
2023-12-27 15:30:00,8.923124125251771,8.862741238511509,6.7
2023-12-27 16:30:00,15.215434000671706,15.183711916081869,7.4
2023-12-27 17:30:00,20.326501369864893,19.633709933952026,17.9
2023-12-27 18:30:00,22.72859833443704,21.941587633946867,18.2
2023-12-27 19:30:00,25.06517141316204,24.514206634321564,23.8
2023-12-27 20:30:00,27.262528062455203,27.034871240670373,27.5
2023-12-27 21:30:00,19.589446260767666,19.10662434870821,14.1
2023-12-27 22:30:00,19.093861823139548,18.43903034601596,16.5
2023-12-27 23:30:00,20.949084010824123,20.25036413199407,17.3
2023-12-28 08:30:00,33.83842817988465,36.83047211132647,29.1
2023-12-28 09:30:00,29.328573269255024,29.304611366854196,24.4
2023-12-28 10:30:00,24.048496989521787,23.03781899841854,16.5
2023-12-28 11:30:00,15.027168230208705,15.322489851570012,10.7
2023-12-28 12:30:00,12.508842453922139,13.634448397691134,8.6
2023-12-28 13:30:00,14.193796800956857,14.87722182149733,10.8
2023-12-28 14:30:00,13.694179288757406,14.6920188333131,9.3
2023-12-28 15:30:00,11.727658685020305,13.124361680736115,10.1
2023-12-28 16:30:00,11.616512246000228,12.675731041569824,7.1
2023-12-28 17:30:00,15.082971299814183,14.994627137892843,13.4
2023-12-28 18:30:00,16.733491944680406,16.224152644655366,19.5
2023-12-28 19:30:00,20.616071732096785,20.032390678329303,24.6
2023-12-28 20:30:00,26.59218856552566,26.25864845743804,26.5
2023-12-28 21:30:00,26.499745018167182,26.58624060150408,25.0
2023-12-28 22:30:00,24.482832514938853,24.62761710613619,26.2
2023-12-28 23:30:00,22.66732906410776,22.960158928705212,25.3
2023-12-29 00:30:00,15.132850920889638,14.71729737606875,13.6
2023-12-29 01:30:00,11.930191701824832,11.021205887071652,13.0
2023-12-29 02:30:00,11.081296681859936,10.43697936049114,8.1
2023-12-29 03:30:00,11.042470990454204,10.228507590589214,7.5
2023-12-29 04:30:00,10.801524672693528,10.144866097200886,9.4
2023-12-29 08:30:00,8.892865877447488,9.0381952036129,3.6
2023-12-29 09:30:00,15.869044693868796,15.578470040286128,10.3
2023-12-29 10:30:00,16.936760858411624,17.137727929700773,10.6
2023-12-29 11:30:00,7.533357861731167,7.474228924229391,5.7
2023-12-29 12:30:00,4.953973437722375,4.89888864933374,2.0
2023-12-29 13:30:00,5.078131481549534,5.14174366275708,0.4
2023-12-29 14:30:00,5.28192862183379,5.324189102308582,-0.6
2023-12-29 15:30:00,6.245259256991926,6.265686622000516,2.9
2023-12-29 16:30:00,6.063601453297538,5.999206345332556,3.7
2023-12-29 17:30:00,3.8264416760443516,3.787410533779611,1.7
2023-12-29 18:30:00,7.865096675664983,7.785572006086345,4.3
2023-12-29 19:30:00,13.793353599868947,13.402047300779016,16.8
2023-12-29 20:30:00,19.211557970954246,18.588299875128136,29.7
2023-12-29 21:30:00,16.084076486861555,15.562604260375437,19.2
2023-12-29 22:30:00,17.55195400414189,17.049147773839664,26.6
2023-12-30 13:30:00,3.903271444293512,3.7972183730166185,3.9
2023-12-30 14:30:00,6.314703654197663,6.292527231008407,3.7
2023-12-30 15:30:00,5.757930014088663,5.874088554659358,3.8
2023-12-30 16:30:00,5.936689229251655,5.9838769806720435,2.9
