date_time,unixtime,m_PM25_b,m_PM1_b,m_PM10_b,tempC_sen5x,rh_sen5x,temp_C,rh,lat,lon,reference,dew_point,temp_minus_dew_point,pm_rh_interaction,pm_calibrated_clarityremake,residual,z_residual,pm_calibrated_twovar
2023-06-07 14:30:00,1686175200.0,7.1,6.76,7.1,26.8,41.7,24.1,47.8,36.78548,-119.773117,6.4,12.700996346274062,14.099003653725939,296.07,9.257969173169755,2.453972252471237,0.6606220161586516,8.853972252471237
2023-06-07 15:30:00,1686177300.0,7.93,7.558333333333334,7.93,26.45,43.95,23.6,50.4,36.78543533333333,-119.77309283333334,12.2,13.189973302660533,13.260026697339466,348.5235,9.846831181471508,-2.737154532406814,-0.5871925490426146,9.462845467593185
2023-06-07 16:30:00,1686180900.0,9.245,8.82,9.245,25.71666666666667,45.75,23.666666666666668,50.583333333333336,36.78540683333333,-119.7730535,8.7,13.14077466054441,12.575892006122258,422.95874999999995,10.892623431446875,1.8218296494566921,0.5086710467422263,10.521829649456691
2023-06-07 17:30:00,1686184500.0,9.408333333333331,8.971666666666666,9.408333333333331,28.066666666666663,40.91666666666666,24.766666666666666,47.66666666666666,36.78538533333333,-119.77314516666668,7.5,13.54655110632597,14.520115560340694,384.9576388888887,11.52549842303397,3.423647589755152,0.8937072517001958,10.923647589755152
2023-06-07 18:30:00,1686188100.0,8.591666666666667,8.193333333333333,8.591666666666667,25.58333333333333,45.13333333333333,23.48333333333333,50.3,36.78541366666666,-119.77306883333334,9.7,12.81194931171498,12.77138402161835,387.7705555555556,10.353996643987003,0.2808541378439422,0.13825981085983516,9.980854137843941
2023-06-07 19:30:00,1686191700.0,7.498333333333334,7.151666666666666,7.498333333333334,24.016666666666666,48.51666666666667,23.166666666666668,50.73333333333333,36.78542983333333,-119.773084,8.5,12.488040583824864,11.528626082841802,363.79413888888894,9.056434220568608,0.33955698368899156,0.1523704787552135,8.839556983688992
2023-06-07 20:30:00,1686195300.0,7.638333333333333,7.283333333333334,7.638333333333333,23.2,50.73333333333333,22.8,51.95,36.78543583333333,-119.77310933333332,7.0,12.41945517634155,10.780544823658449,387.518111111111,8.98141026694432,1.8440657752622638,0.5140160446210427,8.844065775262264
2023-06-07 21:30:00,1686198900.0,7.168333333333333,6.833333333333333,7.173333333333333,22.53333333333333,52.5,22.416666666666668,52.98333333333333,36.78542316666667,-119.773094,4.5,12.325953681022137,10.207379652311195,376.3375,8.417611783454339,3.8367581254454297,0.9930084949243172,8.33675812544543
2023-06-07 22:30:00,1686202500.0,7.363333333333333,7.010000000000001,7.373333333333334,22.383333333333336,53.35,22.23333333333333,53.88333333333333,36.78544233333333,-119.77310683333332,9.5,12.431871287573387,9.95146204575995,392.83383333333336,8.502829150345873,-1.0373709019089556,-0.1786078891563427,8.462629098091044
2023-06-07 23:30:00,1686206100.0,7.456666666666667,7.098333333333334,7.468333333333334,22.266666666666666,53.9,22.166666666666668,54.55,36.78544566666667,-119.77316666666668,5.5,12.480109816452124,9.786556850214541,401.91433333333333,8.532121365951552,3.015223228056641,0.7955324452602863,8.515223228056641
2023-06-08 00:30:00,1686209700.0,7.2,6.863333333333333,7.201666666666667,22.100000000000005,54.25,22.116666666666664,54.583333333333336,36.78538833333334,-119.7730485,7.8,12.42413548223519,9.675864517764815,390.6,8.290839682720364,0.47104166314023477,0.183976044351881,8.271041663140235
2023-06-08 01:30:00,1686213300.0,6.931666666666668,6.6000000000000005,6.9433333333333325,21.8,56.31666666666666,21.45,57.93333333333334,36.7854315,-119.773074,6.3,12.715586086763343,9.084413913236657,390.3683611111112,7.880749084611155,1.62485810788759,0.46132410865239765,7.92485810788759
2023-06-08 02:30:00,1686216900.0,3.5716666666666668,3.4066666666666667,3.5716666666666668,20.516666666666666,58.5,20.03333333333333,60.93333333333334,36.785424,-119.77309683333334,2.7,12.09559395343017,8.421072713236496,208.9425,4.988360128733938,2.156494697967001,0.5891159943037916,4.856494697967001
2023-06-08 03:30:00,1686220500.0,2.671666666666667,2.545,2.6733333333333333,19.6,61.63333333333333,19.25,63.75,36.7854315,-119.77311616666668,4.2,12.026913544482767,7.573086455517235,164.66372222222222,4.096990978907984,-0.3016023274878119,-0.001747877481316176,3.8983976725121883
2023-06-08 04:30:00,1686224100.0,2.325,2.216666666666667,2.3266666666666667,18.8,62.56666666666666,18.416666666666668,64.93333333333334,36.78542516666666,-119.77305233333334,7.5,11.499563418397441,7.300436581602559,145.4675,3.783137544218861,-3.9560246720117,-0.8801778634676806,3.5439753279883
2023-06-08 05:30:00,1686227700.0,2.441666666666667,2.325,2.445,18.05,63.88333333333333,17.75,66.13333333333334,36.785356166666666,-119.77309016666668,4.1,11.104549024874263,6.945450975125738,155.98180555555558,3.805577234855854,-0.5239099823380675,-0.05518497142515085,3.576090017661932
2023-06-08 06:30:00,1686231300.0,2.25,2.1416666666666666,2.256666666666667,17.75,64.53333333333333,17.483333333333334,66.73333333333333,36.78538833333334,-119.77307616666668,2.2,10.97276788253942,6.77723211746058,145.2,3.6272408887223566,1.1729746364013467,0.3527028399257677,3.372974636401347
2023-06-08 07:30:00,1686234900.0,2.388333333333333,2.27,2.395,18.433333333333334,63.2,17.916666666666668,66.03333333333333,36.785428,-119.77306633333336,2.5,11.305140151917055,7.128193181416279,150.94266666666667,3.796225493971031,1.0657612462583983,0.3269314736407657,3.5657612462583983
2023-06-08 08:30:00,1686238500.0,2.605,2.48,2.611666666666667,20.433333333333334,58.25,19.216666666666665,63.1,36.7854355,-119.77308666666666,2.4,11.952436827188867,8.480896506144466,151.74125,4.218172563648909,1.620666704810763,0.46031660218518333,4.020666704810763
2023-06-08 09:30:00,1686242100.0,3.658333333333333,3.486666666666667,3.661666666666666,23.08333333333333,51.63333333333333,21.1,57.9,36.78545666666667,-119.773135,7.4,12.58014567631113,10.503187657022199,188.89194444444445,5.456614635765274,-2.1003584399343787,-0.4341229993708426,5.299641560065622
2023-06-08 10:30:00,1686245700.1666667,7.239999999999999,6.851666666666667,7.305,27.316666666666663,42.75,23.416666666666668,52.01666666666667,36.78544383333334,-119.77308166666668,7.8,13.54691503482523,13.769751631841434,309.51,9.271627105675101,1.1208375498679652,0.3401704132177499,8.920837549867965
2023-06-08 11:30:00,1686249300.0,5.841666666666666,5.57,5.841666666666666,31.65,34.800000000000004,25.83333333333333,45.75,36.78541616666666,-119.773107,7.8,14.226291428809322,17.423708571190677,203.29,8.527334395541303,0.31735519117986666,0.1470337337257597,8.117355191179866
2023-06-08 12:30:00,1686252900.0,5.488333333333333,5.2316666666666665,5.488333333333333,34.15,31.23333333333333,27.5,42.03333333333333,36.785431,-119.77311083333332,6.1,14.728778592024835,19.421221407975164,171.41894444444443,8.37974427700569,1.8975943142303642,0.5268829410283722,7.997594314230364
2023-06-08 13:30:00,1686256500.0,5.9,5.623333333333334,5.9,32.85,33.01666666666667,27.133333333333336,42.65,36.78546016666667,-119.7730765,4.8,14.461293889404539,18.388706110595464,194.79833333333337,8.696988264614326,3.463915794632915,0.9033867017778463,8.263915794632915
2023-06-08 14:30:00,1686260100.0,5.861666666666667,5.59,5.861666666666667,32.6,32.85,28.25,39.65,36.785404166666666,-119.77311466666669,12.9,14.165261587843563,18.434738412156438,192.55575000000002,8.67299214599891,-4.660850912995523,-1.049600126857137,8.239149087004478
2023-06-08 15:30:00,1686263700.0,5.095,4.86,5.095,33.18333333333333,30.45,28.75,36.46666666666667,36.785424,-119.77309666666667,10.9,13.501515660939297,19.681817672394033,155.14274999999998,8.028310811199752,-3.2060702702230524,-0.6999079404685526,7.693929729776948
2023-06-08 16:30:00,1686267300.0,5.065,4.828333333333333,5.065,33.43333333333333,30.116666666666664,29.316666666666663,35.483333333333334,36.78539666666666,-119.77312233333332,7.6,13.547766195358589,19.88556713797474,152.54091666666667,8.012388146986401,0.08539169873268548,0.09127562253615865,7.685391698732685
2023-06-08 17:30:00,1686270900.0,5.81,5.538333333333333,5.81,30.916666666666668,34.733333333333334,28.55,38.23333333333333,36.785392,-119.7731335,7.9,13.553410837588334,17.363255829078334,201.80066666666667,8.504355274783586,0.19310012365407658,0.11716598256421874,8.093100123654077
2023-06-08 18:30:00,1686274500.0,5.923333333333333,5.65,5.923333333333333,31.3,33.5,28.916666666666668,36.8,36.78542516666667,-119.77310166666666,9.4,13.333397672003612,17.96660232799639,198.43166666666664,8.702503972496885,-1.14141992281621,-0.20361862173201667,8.25858007718379
2023-06-08 19:30:00,1686278100.0,5.303333333333334,5.06,5.303333333333334,29.116666666666664,36.91666666666666,27.7,39.0,36.78544166666666,-119.773079,7.1,12.903064890883059,16.213601775783605,195.78138888888884,7.868962395951696,0.4313116341618155,0.17442595804315206,7.531311634161815
2023-06-08 20:30:00,1686281700.0,5.02,4.786666666666666,5.02,26.8,43.0,26.25,44.2,36.785383333333336,-119.77309933333332,11.0,13.170854477789947,13.629145522210054,215.85999999999999,7.206664273899562,-4.042733550351354,-0.9010204677438207,6.957266449648646
2023-06-08 21:30:00,1686285300.1666667,6.15,5.863333333333333,6.151666666666667,25.33333333333333,47.71666666666667,25.35,47.96666666666667,36.78541633333334,-119.773102,11.8,13.437529197387388,11.89580413594594,293.45750000000004,7.909576132968322,-4.1021580490322025,-0.915304602587098,7.697841950967798
2023-06-08 22:30:00,1686288900.0,5.161666666666666,4.923333333333333,5.163333333333333,24.35,50.4,24.383333333333336,50.61666666666667,36.78544233333333,-119.77303933333332,8.6,13.376771073938022,10.97322892606198,260.14799999999997,6.84037560771731,-1.9138016852146986,-0.3892795105826246,6.686198314785301
2023-06-08 23:30:00,1686292500.0,4.486666666666666,4.278333333333333,4.488333333333333,23.166666666666668,54.05,23.03333333333333,55.03333333333333,36.785465333333335,-119.77307916666666,6.9,13.357519089798926,9.809147576867742,242.5043333333333,6.0142544543846554,-1.0018574179376598,-0.17007135279404198,5.8981425820623405
2023-06-09 00:30:00,1686296100.0,4.345,4.138333333333333,4.3500000000000005,21.8,58.85,21.616666666666664,60.46666666666667,36.78540016666667,-119.7730815,4.1,13.3896540334845,8.4103459665155,255.70325,5.580900910228069,1.4171398274575484,0.41139392845833866,5.517139827457548
2023-06-09 01:30:00,1686299700.0,3.455,3.285,3.4683333333333333,20.766666666666666,59.23333333333333,20.73333333333333,60.23333333333333,36.78545,-119.773098,5.3,12.519779765293102,8.246886901373564,204.65116666666665,4.843154970374046,-0.5851892805107024,-0.06991495279025085,4.714810719489297
2023-06-09 02:30:00,1686303300.0,3.685,3.4916666666666667,3.715,19.633333333333333,62.15,19.33333333333333,64.31666666666666,36.785404666666665,-119.773112,4.2,12.18531010458918,7.4480232287441535,229.02275,4.8436560934195425,0.5609681342642494,0.20559207592186174,4.76096813426425
2023-06-09 03:30:00,1686306900.1666667,3.693333333333333,3.5,3.718333333333333,18.1,66.08333333333333,17.95,68.03333333333335,36.785425333333336,-119.7730485,6.1,11.663967387999397,6.436032612000604,244.06777777777774,4.609495095964533,-1.5419417667597202,-0.2998938643267169,4.5580582332402795
2023-06-09 04:30:00,1686310500.0,4.046666666666667,3.835,4.075,17.083333333333332,69.56666666666666,17.099999999999998,70.91666666666667,36.7854075,-119.77307633333334,4.7,11.47157572209971,5.611757611233623,281.51311111111113,4.643177999496995,-0.017726853679969956,0.06648855087036723,4.68227314632003
2023-06-09 05:30:00,1686314100.0,5.095,4.791666666666667,5.18,16.349999999999998,72.45,16.5,73.36666666666667,36.785401666666665,-119.77311316666668,2.3,11.382058434702678,4.96794156529732,369.13275,5.148307577522678,3.1490955201325406,0.8277119320753266,5.44909552013254
2023-06-09 06:30:00,1686317700.0,4.906666666666667,4.63,4.973333333333334,16.583333333333332,71.35000000000001,16.516666666666666,73.2,36.7853935,-119.77305333333334,4.9,11.375012741032927,5.208320592300405,350.0906666666667,5.110907417175623,0.4424431393366106,0.17710168816212832,5.342443139336611
2023-06-09 07:30:00,1686321300.0,4.913333333333333,4.668333333333334,4.94,18.7,63.583333333333336,17.766666666666666,68.61666666666666,36.785396,-119.77308916666668,6.0,11.649054521319897,7.050945478680102,312.4061111111111,5.700364716391804,-0.2365842098654385,0.013880820782710634,5.7634157901345615
2023-06-09 08:30:00,1686324900.0,4.175,3.9783333333333335,4.18,21.616666666666664,54.46666666666667,19.85,61.13333333333333,36.785425,-119.77308266666668,5.4,12.0359584693118,9.580708197354864,227.39833333333334,5.729155129068209,0.20208179970544116,0.11932494855777913,5.6020817997054415
2023-06-09 09:30:00,1686328500.0,3.4633333333333334,3.3000000000000003,3.466666666666667,25.766666666666666,45.0,22.48333333333333,53.86666666666667,36.78542766666667,-119.77310816666666,4.3,12.93297478584453,12.833691880822135,155.85,5.644370730685224,1.182880694859139,0.3550840038887393,5.482880694859139
2023-06-09 10:30:00,1686332100.0,3.3866666666666667,3.23,3.3866666666666667,29.5,38.41666666666666,24.8,48.38333333333333,36.7854385,-119.77308916666668,4.1,13.854572942889861,15.645427057110139,130.10444444444443,5.896479771876137,1.667399989370776,0.4715500926334521,5.767399989370776
2023-06-09 11:30:00,1686335700.0,3.3383333333333334,3.1833333333333336,3.3383333333333334,32.43333333333333,33.03333333333333,26.85,42.61666666666667,36.78545566666667,-119.7730905,6.8,14.106062851772538,18.32727048156079,110.27627777777778,6.086535560464495,-0.7873287816926275,-0.11850413664761451,6.012671218307372
2023-06-09 12:30:00,1686339300.0,3.24,3.0883333333333334,3.24,34.93333333333333,29.4,28.73333333333333,38.21666666666667,36.78547916666667,-119.77307,7.1,14.46572954122612,20.467603792107212,95.256,6.1233567475098205,-0.9795159374332991,-0.1647010303309669,6.1204840625667005
2023-06-09 13:30:00,1686342900.1666667,3.5033333333333334,3.3433333333333333,3.5033333333333334,36.06666666666667,27.383333333333336,30.133333333333336,34.916666666666664,36.785364,-119.773084,6.5,14.333838951250454,21.732827715416214,95.93294444444446,6.479117010823007,-0.040397166453011835,0.06103918551133285,6.459602833546988
2023-06-09 14:30:00,1686346500.0,3.375,3.2183333333333333,3.375,36.16666666666666,26.95,30.8,33.11666666666667,36.78543266666667,-119.7730865,4.4,14.172134944981437,21.99453172168522,90.95625,6.356948292694966,1.9700265148395868,0.5442937958687999,6.370026514839587
2023-06-09 15:30:00,1686350100.0,3.251666666666667,3.105,3.251666666666667,36.21666666666667,26.98333333333333,30.95,33.15,36.785429,-119.773088,4.7,14.233678873477624,21.982987793189046,87.74080555555555,6.225817436165947,1.559899956397012,0.44570982471800946,6.259899956397012
2023-06-09 16:30:00,1686353700.0,3.4233333333333333,3.265,3.4233333333333333,35.51666666666667,27.7,30.8,33.28333333333333,36.78543166666667,-119.77310933333332,7.2,14.043443966322643,21.47322270034403,94.82633333333334,6.384143156990067,-0.8276003052552854,-0.12818438445252553,6.372399694744715
2023-06-09 17:30:00,1686357300.0,3.73,3.556666666666666,3.73,34.916666666666664,27.75,30.9,32.28333333333333,36.78544683333333,-119.77308016666666,9.7,13.560007864403238,21.356658802263425,103.5075,6.713317901468136,-3.0608744878219776,-0.6650065751977926,6.639125512178022
2023-06-09 18:30:00,1686360900.0,4.055,3.8683333333333336,4.055,32.733333333333334,30.866666666666664,30.05,34.333333333333336,36.78542316666667,-119.7731055,9.0,13.321767177153998,19.411566156179337,125.16433333333332,6.927284371416723,-2.2419518704696566,-0.46815845107150533,6.758048129530343
2023-06-09 19:30:00,1686364500.0,4.256666666666667,4.06,4.256666666666667,29.916666666666668,36.35,28.516666666666666,38.43333333333333,36.7854425,-119.77308383333332,10.1,13.37270178344583,16.543964883220838,154.72983333333335,6.860154355747836,-3.4578688232068213,-0.7604338946457883,6.642131176793178
2023-06-09 20:30:00,1686368100.0,4.3133333333333335,4.113333333333333,4.3133333333333335,27.33333333333333,42.38333333333333,26.883333333333336,43.48333333333333,36.7854055,-119.77310066666666,7.4,13.429510449426324,13.903822883907004,182.81344444444446,6.578978386390363,-1.030560929635664,-0.17697094539762273,6.369439070364336
2023-06-09 21:30:00,1686371700.0,3.846666666666667,3.6666666666666665,3.8516666666666666,25.5,44.11666666666667,25.25,44.76666666666667,36.785424,-119.77307283333332,5.3,12.388656488141102,13.111343511858898,169.70211111111112,6.050158100405209,0.5668412767290745,0.20700382967298553,5.866841276729074
2023-06-09 22:30:00,1686375300.0,3.295,3.141666666666667,3.303333333333333,24.08333333333333,45.85,23.916666666666668,46.583333333333336,36.78541066666667,-119.77308783333332,11.5,11.68934532520965,12.393988008123678,151.07575,5.454615304952976,-6.210426681007732,-1.4220786451705743,5.289573318992268
2023-06-09 23:30:00,1686378900.0,3.1466666666666665,2.99,3.1633333333333336,22.96666666666667,49.9,22.75,50.98333333333333,36.785451,-119.7730525,7.7,11.952827382494368,11.0138392841723,157.01866666666666,5.102914838139517,-2.757199593899249,-0.5920108709074317,4.942800406100751
2023-06-10 00:30:00,1686382500.0,3.861666666666667,3.665,3.8866666666666654,21.433333333333334,55.5,21.03333333333333,57.68333333333334,36.78543966666667,-119.77311833333331,11.6,12.15122065199739,9.282112681335944,214.32250000000002,5.393418189323496,-6.328402970880019,-1.4504371382206538,5.271597029119981
2023-06-10 01:30:00,1686386100.0,3.37,3.181666666666666,3.411666666666666,19.766666666666666,58.55,19.5,60.65,36.785445333333335,-119.7730715,6.9,11.405597224636514,8.361069442030152,197.3135,4.804281054534838,-2.2233363483442234,-0.4636837540337431,4.676663651655777
2023-06-10 02:30:00,1686389700.0,2.83,2.678333333333333,2.86,18.683333333333334,59.95,18.75,61.1,36.78541116666667,-119.7730725,3.5,10.744947621951594,7.9383857113817395,169.6585,4.3041425006431195,0.6274606844931103,0.22157519020345573,4.12746068449311
2023-06-10 03:30:00,1686393300.0,2.6183333333333336,2.48,2.643333333333333,18.15,61.11666666666667,18.05,62.6,36.785462,-119.7730345,2.3,10.532585753038347,7.617414246961651,160.02380555555558,4.078389352126729,1.5791608288481616,0.450339647525081,3.8791608288481614
2023-06-10 04:30:00,1686396900.0,2.428333333333333,2.2916666666666665,2.46,17.599999999999998,62.333333333333336,17.583333333333332,63.85,36.785436,-119.7730865,2.7,10.309350004356105,7.290649995643893,151.36611111111108,3.863740734159198,0.9472221227666333,0.2984376897343318,3.6472221227666335
2023-06-10 05:30:00,1686400500.0,2.7616666666666667,2.6016666666666666,2.8016666666666663,17.05,63.86666666666667,17.0,65.66666666666667,36.78541633333334,-119.77312616666666,1.6,10.153025226239231,6.896974773760769,176.37844444444445,4.035053649764851,2.258092030917326,0.6135374035843966,3.858092030917326
2023-06-10 06:30:00,1686404100.0,2.72,2.563333333333333,2.763333333333333,16.833333333333332,63.86666666666667,16.8,65.5,36.785416833333336,-119.77310183333331,-0.1,9.947689210145182,6.8856441231881504,173.71733333333336,4.004860282314082,3.921489009298922,1.0133756397420386,3.8214890092989218
2023-06-10 07:30:00,1686407700.0,2.8016666666666663,2.6416666666666666,2.8433333333333333,17.183333333333334,62.36666666666667,16.95,64.66666666666667,36.78541066666667,-119.77313233333332,1.8,9.923633710826518,7.259699622506815,174.7306111111111,4.148767444517898,2.173403582015437,0.5931804590474384,3.973403582015437
2023-06-10 08:30:00,1686411300.0,2.7566666666666664,2.606666666666667,2.785,19.166666666666668,54.333333333333336,18.116666666666667,58.583333333333336,36.78545266666666,-119.77310416666668,3.2,9.722733362025487,9.443933304641181,149.77888888888887,4.541076462019595,1.1632414016233552,0.35036321837040885,4.363241401623355
2023-06-10 09:30:00,1686414900.0,3.1983333333333337,3.0516666666666663,3.2016666666666667,22.433333333333334,45.65,19.933333333333334,52.46666666666667,36.78544,-119.77307633333334,4.4,10.122969404387073,12.310363928946261,146.00391666666667,5.387095062834494,0.8153439955501618,0.2667375493232853,5.215343995550162
2023-06-10 10:30:00,1686418500.0,2.861666666666667,2.723333333333333,2.87,24.08333333333333,40.18333333333333,21.2,46.66666666666666,36.785411333333336,-119.773126,8.5,9.705400465485162,14.377932867848166,114.99130555555556,5.33229199619591,-3.288223648982351,-0.7196555187582933,5.211776351017649
2023-06-10 11:30:00,1686422100.0,3.34,3.171666666666667,3.356666666666667,25.05,36.41666666666666,22.46666666666667,41.266666666666666,36.78548116666666,-119.77307133333332,12.2,9.100498469414886,15.949501530585115,121.63166666666663,5.970938994617667,-6.366698527715912,-1.4596424139888209,5.833301472284087
2023-06-10 12:30:00,1686425700.0,2.5050000000000003,2.3766666666666665,2.526666666666667,27.183333333333334,33.516666666666666,23.883333333333336,38.63333333333333,36.785404666666665,-119.77304316666668,7.7,9.742020271172443,17.44131306216089,83.95925000000001,5.24823519032204,-2.4452226236161447,-0.5170195590672673,5.2547773763838554
2023-06-10 13:30:00,1686429300.0,1.955,1.8516666666666663,1.98,29.866666666666664,27.21666666666667,25.266666666666666,32.85,36.78543116666666,-119.77311583333334,3.7,8.961803041465771,20.904863625200893,53.20858333333334,4.874791175435123,1.40834262246758,0.40927930460605266,5.10834262246758
2023-06-10 14:30:00,1686432900.1666667,1.9833333333333327,1.8833333333333333,1.995,32.63333333333333,23.116666666666664,27.1,28.516666666666666,36.785434,-119.77307133333332,3.6,8.875299766016072,23.758033567317263,45.84805555555553,4.994927855455042,1.752371254776239,0.4919750190493092,5.352371254776239
2023-06-10 15:30:00,1686436500.0,2.2333333333333334,2.125,2.2383333333333333,34.28333333333333,21.05,28.78333333333333,25.383333333333336,36.78543116666666,-119.77307366666668,4.0,8.856741843406265,25.426591489927066,47.01166666666667,5.307516988263848,1.6824494805167864,0.47516760671643754,5.6824494805167864
2023-06-10 16:30:00,1686440100.0,3.745,3.561666666666667,3.76,33.483333333333334,20.08333333333333,28.71666666666667,23.9,36.7854385,-119.77310566666668,4.6,7.50528770341807,25.978045629915265,75.21208333333331,7.040663842473261,2.4620739239433576,0.6625694514813327,7.062073923943357
2023-06-10 17:30:00,1686443700.0,2.3183333333333334,2.2066666666666666,2.3233333333333337,32.38333333333333,22.78333333333333,28.683333333333334,25.933333333333334,36.785448,-119.7731425,2.7,8.45173721977057,23.93159611356276,52.81936111111111,5.378560417139817,2.964475693109197,0.7833340313359829,5.664475693109197
2023-06-10 18:30:00,1686447300.0,3.1,2.931666666666666,3.123333333333333,29.566666666666663,28.666666666666668,27.2,31.33333333333333,36.78540683333333,-119.77310566666668,3.5,9.476721517591182,20.089945149075483,88.86666666666667,6.0357566833090806,2.5366934278750346,0.6805060782894616,6.036693427875035
2023-06-10 19:30:00,1686450900.0,3.33,3.161666666666666,3.348333333333333,27.03333333333333,32.93333333333333,25.8,34.7,36.78543533333333,-119.7730915,7.3,9.349229743430588,17.684103589902744,109.66799999999999,6.114240600527546,-1.2893045426600116,-0.23916631498965354,6.010695457339988
2023-06-10 20:30:00,1686454500.0,3.945,3.723333333333333,3.9966666666666666,25.08333333333333,38.583333333333336,24.566666666666663,39.46666666666667,36.785473,-119.773089,7.9,9.991370666551788,15.09196266678154,152.21125,6.435256271016361,-1.6510275932031018,-0.326115316572805,6.248972406796899
2023-06-10 21:30:00,1686458100.0,4.0616666666666665,3.861666666666667,4.075,23.46666666666667,46.333333333333336,23.316666666666663,47.2,36.785427000000006,-119.773075,7.3,11.286838303275115,12.179828363391554,188.19055555555556,6.121747875052215,-1.3627644927845255,-0.2568242146177938,5.937235507215474
2023-06-10 22:30:00,1686461700.0,4.04,3.85,4.041666666666667,22.3,48.95,22.33333333333333,49.43333333333334,36.785437,-119.773075,7.7,11.049937366595024,11.250062633404976,197.758,5.955070330412838,-1.9216547985158465,-0.39116719885637163,5.778345201484154
2023-06-10 23:30:00,1686465300.0,3.875,3.6916666666666655,3.88,21.266666666666666,48.9,21.316666666666663,49.3,36.78541333333333,-119.77315633333336,5.8,10.08689227008457,11.179774396582095,189.48749999999998,5.81605476290785,-0.16393034244657922,0.03134495867422701,5.636069657553421
2023-06-11 00:30:00,1686468600.0,3.98,3.778,4.0,20.2,51.34,20.24,52.1,36.7854588,-119.7730728,5.1,9.833585800192932,10.366414199807068,204.3332,5.75594937821593,0.49789509413817257,0.19043092471089368,5.597895094138172
2023-06-11 01:30:00,1686472200.142857,4.767142857142858,4.5,4.821428571428571,19.414285714285715,57.471428571428575,19.65714285714285,57.91428571428571,36.785447,-119.77313328571428,4.0,10.795115744325562,8.619169969960152,273.9745102040817,5.9994053379540455,1.961663209894665,0.5422834705278944,5.961663209894665
2023-06-11 02:30:00,1686476100.0,4.123333333333334,3.921666666666667,4.133333333333334,19.216666666666665,58.6,19.566666666666663,58.71666666666667,36.785414333333335,-119.77305983333332,7.6,10.902849339419975,8.31381732724669,241.62733333333338,5.424844279543741,-2.2642261391616216,-0.47351261752800683,5.335773860838378
2023-06-11 03:30:00,1686479700.0,4.795,4.565,4.803333333333334,19.266666666666666,58.98333333333333,19.3,60.18333333333334,36.785458166666665,-119.7730865,10.7,11.048020191554683,8.218646475111983,282.8250833333333,5.941102845663278,-4.79467399687208,-1.0817677852752974,5.905326003127919
2023-06-11 04:30:00,1686483300.0,6.763333333333333,6.3933333333333335,6.829999999999999,18.65,61.75,18.35,64.13333333333334,36.78539933333334,-119.77308166666668,7.7,11.159340455024484,7.4906595449755145,417.6358333333333,7.251015331796292,-0.21342125514286003,0.019448604709723667,7.48657874485714
2023-06-11 05:30:00,1686486900.0,6.258333333333333,5.9383333333333335,6.291666666666667,17.916666666666668,63.81666666666666,17.733333333333334,66.10000000000001,36.78540566666667,-119.77311083333336,7.0,10.962475189355983,6.954191477310685,399.38597222222216,6.703579063128483,-0.06750997318804064,0.05452195783621439,6.932490026811959
2023-06-11 06:30:00,1686490500.0,7.191666666666666,6.801666666666667,7.268333333333333,17.383333333333333,65.0,17.366666666666664,66.75,36.785457666666666,-119.77304466666668,7.1,10.733237976364165,6.650095356969167,467.4583333333333,7.291050681402175,0.5891503980147101,0.21236637380466614,7.68915039801471
2023-06-11 07:30:00,1686494100.0,7.760000000000001,7.318333333333332,7.859999999999999,17.95,63.56666666666666,17.516666666666666,66.73333333333333,36.78541583333334,-119.77306633333336,5.9,10.934901549914322,7.015098450085677,493.27733333333333,7.839376262207359,2.3650250343299906,0.6392413720460672,8.265025034329991
2023-06-11 08:30:00,1686497700.0,7.395,7.001666666666666,7.455000000000001,19.266666666666666,59.63333333333333,18.4,64.21666666666667,36.7854335,-119.77307783333332,4.3,11.213406558526053,8.053260108140613,440.9885,7.941791315242172,3.8546130703004193,0.9973003685722162,8.15461307030042
2023-06-11 09:30:00,1686501300.0,6.308333333333334,6.005,6.3183333333333325,20.6,55.53333333333333,19.28333333333333,61.23333333333333,36.78542316666667,-119.7731055,2.7,11.384330617149564,9.215669382850438,350.3227777777778,7.435033736196816,4.719144844100581,1.2051117714009127,7.419144844100582
2023-06-11 10:30:00,1686504900.0,6.066666666666666,5.776666666666667,6.075,22.4,50.76666666666666,20.216666666666665,58.2,36.78541333333333,-119.77305983333332,5.6,11.692777194580648,10.70722280541935,307.98444444444436,7.60641606463737,1.8616181853639562,0.5182351966253974,7.461618185363956
2023-06-11 11:30:00,1686508500.0,6.03,5.751666666666666,6.03,28.03333333333333,38.35,23.616666666666664,48.21666666666667,36.78547483333333,-119.7731195,6.1,12.524514081913614,15.508819251419718,231.25050000000002,8.489983347404845,1.993058909746539,0.5498301965439064,8.093058909746539
2023-06-11 12:30:00,1686512100.0,8.611666666666666,8.211666666666666,8.611666666666666,30.71666666666667,34.21666666666667,25.633333333333336,43.98333333333333,36.78542466666666,-119.77310666666666,10.2,13.147977005525322,17.56868966114135,294.66252777777777,11.37343056434569,0.3819023212831105,0.16254921859493937,10.58190232128311
2023-06-11 13:30:00,1686515700.0,7.396666666666667,7.051666666666667,7.396666666666667,34.166666666666664,28.916666666666668,27.883333333333336,38.2,36.7854315,-119.773093,7.8,13.552457952616125,20.61420871405054,213.88694444444448,10.534884291101651,1.9978349087741423,0.5509782249772305,9.797834908774142
2023-06-11 14:30:00,1686519300.0,6.005,5.7250000000000005,6.005,35.416666666666664,26.516666666666666,29.316666666666663,34.15,36.78538833333334,-119.77310316666669,9.6,13.286459248867235,22.13020741779943,159.23258333333334,9.207638370237099,-0.8964297727294515,-0.1447292340754439,8.703570227270548
2023-06-11 15:30:00,1686522900.0,4.93,4.696666666666666,4.93,36.45,25.0,30.316666666666663,32.016666666666666,36.78542733333333,-119.77307366666666,11.4,13.254964318219614,23.19503568178039,123.25,8.11880884553048,-3.5597242729137903,-0.7849173486156892,7.84027572708621
2023-06-11 16:30:00,1686526500.0,4.086666666666667,3.898333333333333,4.086666666666667,36.13333333333333,25.666666666666668,30.166666666666668,32.56666666666667,36.78543533333333,-119.77307633333334,8.4,13.392234818964086,22.74109851436925,104.89111111111112,7.178753505096944,-1.3362017195122675,-0.25043920096761363,7.063798280487733
2023-06-11 17:30:00,1686530100.0,3.658333333333333,3.4883333333333333,3.658333333333333,31.95,31.666666666666668,28.416666666666668,36.86666666666667,36.78541766666667,-119.77305966666668,6.3,13.03600133474908,18.91399866525092,115.84722222222223,6.482509895394444,0.06682861687276453,0.08681353080160338,6.366828616872764
2023-06-11 18:30:00,1686533700.0,3.45,3.29,3.45,29.98333333333333,32.53333333333333,27.9,35.46666666666667,36.78541933333333,-119.77309166666667,5.3,11.738396486523412,18.24493684680992,112.24,6.2425963803852085,0.837491533026177,0.27206125282565735,6.137491533026177
2023-06-11 19:30:00,1686537300.0,3.3816666666666664,3.2216666666666662,3.3816666666666664,28.08333333333333,36.11666666666667,26.58333333333333,38.66666666666666,36.785440666666666,-119.773084,7.2,11.656533612507024,16.426799720826303,122.13452777777776,6.013023017319668,-1.314060976028621,-0.24511713056783851,5.885939023971379
2023-06-11 20:30:00,1686540900.0,4.723333333333334,4.501666666666667,4.723333333333334,25.73333333333333,45.16666666666666,25.08333333333333,47.25,36.785453833333335,-119.77313233333332,7.8,12.959326850188283,12.774006483145047,213.33722222222218,6.793400170850053,-1.2191520036608097,-0.22230343269518646,6.58084799633919
2023-06-11 21:30:00,1686544500.0,3.0583333333333336,2.915,3.06,23.85,47.15,23.516666666666666,48.66666666666666,36.78541383333333,-119.77305483333332,10.0,11.900908724500344,11.949091275499658,144.20041666666668,5.171637024890933,-4.98781480743212,-1.1281939132700225,5.01218519256788
2023-06-11 22:30:00,1686548100.0,2.255,2.143333333333333,2.263333333333333,22.03333333333333,48.06666666666666,21.933333333333334,48.91666666666666,36.78542183333334,-119.77308033333334,7.7,10.531584528601421,11.50174880473191,108.39033333333332,4.410471103851758,-3.4425154616676688,-0.7567433378654831,4.257484538332331
2023-06-11 23:30:00,1686551700.0,2.0416666666666665,1.94,2.043333333333333,20.466666666666665,50.25,20.33333333333333,51.43333333333334,36.785434,-119.77311066666668,3.7,9.758906171582616,10.707760495084049,102.59374999999999,4.129801711210883,0.253381321033634,0.13165604593872582,3.953381321033634
2023-06-12 00:30:00,1686555300.0,2.32,2.195,2.3466666666666667,18.83333333333333,56.21666666666667,18.6,58.28333333333333,36.78544316666667,-119.77309533333334,1.6,9.92126151719351,8.912071816139818,130.42266666666666,4.085498310095861,2.2789805185189005,0.618558463588209,3.8789805185189006
2023-06-12 01:30:00,1686558900.0,2.543333333333333,2.39,2.5883333333333334,17.516666666666666,62.6,17.383333333333333,64.64999999999999,36.785415666666665,-119.77309666666667,6.6,10.294591952423424,7.2220747142432415,159.21266666666665,3.9317974123083754,-2.8660064531833602,-0.6181652665588776,3.7339935468166394
2023-06-12 02:30:00,1686562500.0,2.4716666666666667,2.305,2.536666666666666,16.55,66.91666666666667,16.599999999999998,68.55,36.785418666666665,-119.77315033333332,6.7,10.377034942559336,6.172965057440665,165.39569444444444,3.6418392559906465,-3.2596827219138023,-0.7127950073556001,3.440317278086198
2023-06-12 03:30:00,1686566100.0,2.285,2.1183333333333336,2.365,15.966666666666669,69.14999999999999,16.1,70.45,36.785400333333335,-119.77309666666667,5.8,10.31235275909299,5.654313907573679,158.00775,3.3849992863338647,-2.6430324270548677,-0.5645679939445396,3.156967572945132
2023-06-12 04:30:00,1686569700.0,2.3516666666666666,2.19,2.4166666666666665,15.5,71.16666666666667,15.7,72.33333333333333,36.78540483333333,-119.77308033333333,6.9,10.29603321679284,5.203966783207161,167.36027777777778,3.3332354714567156,-3.792255266817396,-0.8408118726906704,3.1077447331826042
2023-06-12 05:30:00,1686573300.0,2.495,2.305,2.591666666666667,15.433333333333332,71.2,15.766666666666666,71.78333333333333,36.7854075,-119.773117,6.0,10.239038893723068,5.194294439610264,177.644,3.418084428345666,-2.768122486902183,-0.5946364559774978,3.231877513097817
2023-06-12 06:30:00,1686576900.0,3.168333333333333,2.928333333333333,3.285,16.05,69.75,16.133333333333336,71.5,36.785443,-119.77306766666668,7.9,10.52176834960562,5.52823165039438,220.99124999999998,3.9626193201217057,-3.9991174288824762,-0.8905362638509405,3.900882571117524
2023-06-12 07:30:00,1686580500.0,4.5,4.123333333333334,4.716666666666666,17.650000000000002,65.18333333333334,17.05,69.35000000000001,36.78539166666667,-119.77309283333334,5.8,11.02891828188921,6.621081718110792,293.32500000000005,5.1791040252343805,-0.48520367802074826,-0.04588096243177424,5.314796321979252
2023-06-12 08:30:00,1686584100.0,4.718333333333334,4.331666666666667,4.945,20.433333333333334,56.1,18.35,64.75,36.78543783333333,-119.773075,2.4,11.382518667582623,9.05081466575071,264.6985,5.97202995522151,3.592086093456596,0.9341955747501416,5.992086093456596
2023-06-12 09:30:00,1686587700.0,4.71,4.333333333333333,4.916666666666667,22.95,49.93333333333334,20.15,59.21666666666667,36.785436,-119.77310816666666,1.4,11.94765330314789,11.00234669685211,235.186,6.3800935751136745,4.9143641627711805,1.2520375197674234,6.314364162771181
2023-06-12 10:30:00,1686591300.0,4.095,3.8333333333333335,4.19,28.05,38.45,22.916666666666668,50.16666666666666,36.785441,-119.773079,1.8,12.579069184273846,15.470930815726154,157.45275,6.548404781427554,4.587869742431549,1.1735565829612715,6.3878697424315485
2023-06-12 11:30:00,1686594900.1666667,3.3833333333333333,3.223333333333333,3.3883333333333336,30.916666666666668,33.916666666666664,24.566666666666663,46.35,36.78546466666666,-119.77305466666668,0.2,13.188008569564394,17.728658097102276,114.75138888888888,6.100567706617955,5.804989698674632,1.4661211979156576,6.004989698674632
2023-06-12 12:30:00,1686598500.0,3.095,2.95,3.098333333333333,32.583333333333336,31.65,26.016666666666666,43.31666666666666,36.785432166666666,-119.773056,1.6,13.577047074141992,19.00628625919134,97.95675,5.8961933776000865,4.272846571817988,1.0978330422046536,5.8728465718179885
2023-06-12 13:30:00,1686602100.0,3.205,3.053333333333333,3.205,33.95,30.016666666666666,27.48333333333333,40.4,36.78542783333334,-119.77307616666668,9.3,13.941427033963805,20.008572966036198,96.20341666666667,6.067907361464551,-3.243222342956587,-0.7088383518041738,6.056777657043414
2023-06-12 14:30:00,1686605700.0,3.3633333333333333,3.203333333333333,3.3633333333333333,34.53333333333333,30.23333333333333,28.58333333333333,39.56666666666667,36.78546583333333,-119.77307366666668,9.2,14.554904048632839,19.978429284700493,101.68477777777777,6.2186834694478454,-3.0157113547452905,-0.6541505091453552,6.184288645254709
2023-06-12 15:30:00,1686609300.0,3.1016666666666666,2.956666666666667,3.1016666666666666,34.583333333333336,28.83333333333333,28.65,37.36666666666667,36.78542333333333,-119.77307766666668,6.6,13.864935323935768,20.718398009397568,89.43138888888888,6.003866060287024,-0.5707505235207231,-0.06644424363169558,6.029249476479277
2023-06-12 16:30:00,1686612900.0,2.7883333333333336,2.658333333333333,2.7883333333333336,34.333333333333336,28.21666666666667,29.3,34.81666666666666,36.7854225,-119.77312483333333,3.2,13.318522008569001,21.014811324764334,78.67747222222224,5.698379798993543,2.586954621272703,0.6925875881013014,5.786954621272703
2023-06-12 17:30:00,1686616500.0,2.776666666666667,2.648333333333333,2.776666666666667,33.75,28.816666666666663,29.25,34.983333333333334,36.78544866666667,-119.77308416666666,5.0,13.142283339942184,20.607716660057818,80.01427777777778,5.669422570367667,0.7446367150817732,0.24974132131913748,5.744636715081773
2023-06-12 18:30:00,1686620100.0,3.613333333333333,3.4466666666666668,3.613333333333333,32.233333333333334,32.15,28.933333333333334,37.18333333333333,36.785432,-119.77308783333336,7.8,13.514373027433159,18.718960305900175,116.16866666666665,6.411746927737453,-1.4985360560305443,-0.289460237812613,6.3014639439694555
2023-06-12 19:30:00,1686623700.0,3.86,3.681666666666666,3.86,29.966666666666665,36.48333333333333,28.016666666666666,40.03333333333333,36.7854285,-119.7731135,5.0,13.473086575559789,16.493580091106878,140.82566666666665,6.458902994367455,1.2865439531775742,0.3800020089705596,6.286543953177574
2023-06-12 20:30:00,1686627300.0,4.676666666666667,4.456666666666666,4.68,27.33333333333333,43.48333333333333,26.45,45.86666666666667,36.78538383333333,-119.77311316666668,8.3,13.82379028009264,13.509543053240689,203.35705555555552,6.849399070362425,-1.6701758580424375,-0.3307180713801923,6.629824141957563
2023-06-12 21:30:00,1686630900.0,5.703333333333333,5.433333333333334,5.706666666666667,25.683333333333334,48.13333333333333,25.45,49.43333333333334,36.78542083333333,-119.77313466666664,9.3,13.891171768052466,11.792161565280868,274.5204444444444,7.473299755728139,-2.016812621432731,-0.41404071405820086,7.28318737856727
2023-06-12 22:30:00,1686634500.0,5.1433333333333335,4.9,5.148333333333333,24.53333333333333,51.25,24.116666666666664,53.28333333333333,36.785403333333335,-119.77306633333336,5.4,13.802816622682206,10.730516710651125,263.59583333333336,6.75958391560354,1.2246618167446854,0.36512712065312,6.624661816744686
2023-06-12 23:30:00,1686638100.0,2.5083333333333333,2.385,2.515,22.566666666666663,52.48333333333333,21.916666666666668,55.23333333333333,36.785359666666665,-119.7731055,4.1,12.351936938823515,10.214729727843148,131.64569444444442,4.419361686219135,0.14396699486914688,0.10535563073263944,4.2439669948691465
2023-06-13 00:30:00,1686641700.0,2.523333333333333,2.3966666666666665,2.533333333333333,20.78333333333333,56.11666666666667,20.55,58.1,36.78543233333333,-119.77310433333334,4.8,11.71338048497649,9.069952848356841,141.60105555555555,4.255936617184707,-0.7370518926269902,-0.1064188539972536,4.06294810737301
2023-06-13 01:30:00,1686645300.0,2.5466666666666664,2.4233333333333333,2.5516666666666667,19.666666666666668,60.51666666666667,19.65,61.93333333333334,36.78538016666667,-119.77310816666666,7.0,11.812097119176439,7.854569547490229,154.11577777777777,4.055774440548795,-3.1517273081977177,-0.6868452775166624,3.8482726918022823
2023-06-13 02:30:00,1686648900.1666667,2.543333333333333,2.42,2.5500000000000003,18.8,63.81666666666666,18.933333333333334,64.93333333333334,36.7854065,-119.773089,7.5,11.799294824742297,7.000705175257703,162.30705555555554,3.8830096198674084,-3.8310353806849644,-0.8501336236186343,3.6689646193150356
2023-06-13 03:30:00,1686652500.0,2.4716666666666667,2.353333333333333,2.481666666666667,17.983333333333334,65.7,18.0,67.41666666666667,36.78542916666667,-119.77299999999998,4.7,11.464926225854926,6.518407107478408,162.38850000000002,3.733228465614468,-1.1946537944121984,-0.21641468761371113,3.5053462055878017
2023-06-13 04:30:00,1686656100.0,2.8216666666666668,2.67,2.846666666666667,17.150000000000002,68.55,17.25,70.03333333333333,36.78541066666667,-119.77309916666668,2.6,11.31272342483653,5.837276575163472,193.42525,3.826826432320317,1.0604835515279558,0.3256628503479353,3.660483551527956
2023-06-13 05:30:00,1686659700.0,3.2266666666666666,3.03,3.2883333333333336,16.55,70.81666666666666,16.666666666666668,72.14999999999999,36.78543366666667,-119.7730915,2.6,11.22964230261694,5.320357697383061,228.50177777777776,3.9688988880466365,1.2951151389161315,0.38206230355569143,3.8951151389161316
2023-06-13 06:30:00,1686663300.0,3.498333333333333,3.303333333333333,3.543333333333333,16.98333333333333,69.61666666666666,16.916666666666668,71.64999999999999,36.785415,-119.77308416666666,0.6,11.386705187781203,5.596628145552128,243.54230555555552,4.242837076738086,3.597904960143681,0.9355942819877033,4.197904960143681
2023-06-13 07:30:00,1686666900.0,3.3000000000000003,3.14,3.31,19.433333333333334,61.23333333333333,18.28333333333333,67.08333333333333,36.785459333333336,-119.77311683333332,3.5,11.770925240330037,7.662408093003297,202.07,4.609004605311954,0.9717506119429107,0.3043337133386291,4.471750611942911
2023-06-13 08:30:00,1686670500.0,3.3016666666666663,3.145,3.3016666666666663,22.65,52.61666666666667,20.766666666666666,59.53333333333333,36.7854455,-119.77306616666664,3.0,12.467670756690229,10.18232924330977,173.72269444444441,5.094167916107398,1.9337620686751684,0.5355767473361505,4.933762068675168
2023-06-13 09:30:00,1686674100.1666667,3.401666666666667,3.231666666666667,3.408333333333333,26.5,44.13333333333333,23.03333333333333,53.56666666666666,36.78545566666667,-119.77311316666668,-0.5,13.299051856046136,13.200948143953864,150.12688888888889,5.623953429150799,5.975030198618468,1.50699460002984,5.475030198618468
2023-06-13 10:30:00,1686677700.0,3.4166666666666665,3.2550000000000003,3.4166666666666665,28.7,40.5,24.73333333333333,49.7,36.78542083333333,-119.77308516666666,5.5,13.955802805661486,14.744197194338513,138.375,5.822086165878369,0.18240326167985543,0.11459472959226995,5.682403261679855
2023-06-13 11:30:00,1686681300.0,3.4250000000000003,3.265,3.4250000000000003,31.85,35.48333333333333,26.83333333333333,45.31666666666666,36.78547733333333,-119.77315916666667,7.9,14.703115691117127,17.146884308882875,121.53041666666665,6.062093732870201,-1.942143158955604,-0.3960920784891127,5.957856841044396
2023-06-13 12:30:00,1686684900.0,4.243333333333333,4.048333333333333,4.243333333333333,34.300000000000004,31.71666666666667,28.383333333333336,41.6,36.785460666666665,-119.77306,9.2,15.097294883990772,19.202705116009234,134.5843888888889,7.066618367324729,-2.3219373812829875,-0.4873849291626742,6.878062618717012
2023-06-13 13:30:00,1686688500.0,3.466666666666667,3.305,3.466666666666667,34.75,31.6,29.316666666666663,40.3,36.785469,-119.7731225,6.2,15.42959043172076,19.32040956827924,109.54666666666668,6.2654625691328745,0.002017946332302678,0.07123469752855922,6.202017946332303
2023-06-13 14:30:00,1686691801.0,3.45,3.2880000000000003,3.45,36.16,29.32,30.32,37.68,36.7854766,-119.773108,5.8,15.475568075590623,20.684431924409374,101.15400000000001,6.336899690684154,0.509239166208495,0.19315775049354958,6.309239166208495
2023-06-13 15:30:00,1686695101.0,3.5050000000000003,3.34,3.5050000000000003,36.35,28.75,30.98333333333333,35.983333333333334,36.78542516666666,-119.77313866666668,7.3,15.3319690701267,21.0180309298733,100.76875000000001,6.417488102147441,-0.9119792381243226,-0.14846692922427643,6.388020761875677
2023-06-13 16:30:00,1686698701.0,3.4683333333333333,3.3083333333333336,3.4683333333333333,36.43333333333333,28.25,31.266666666666666,34.68333333333333,36.78546533333333,-119.77309533333332,7.7,15.129805720188376,21.303527613144954,97.98041666666667,6.401357672154846,-1.3174656803670386,-0.24593553471008703,6.382534319632962
2023-06-13 17:30:00,1686702301.0,3.31,3.1566666666666667,3.31,34.86666666666667,29.45,31.1,34.35,36.78545416666666,-119.77311483333334,8.2,14.434825419648321,20.431841247018347,97.4795,6.196388798253345,-2.020695282792528,-0.41497400688599545,6.179304717207471
2023-06-13 18:30:00,1686705900.8333333,3.766666666666667,3.5933333333333333,3.766666666666667,32.95,31.649999999999995,30.666666666666668,34.7,36.78542483333333,-119.773154,5.5,13.894873004535684,19.05512699546432,119.21499999999999,6.588403159733227,0.9628872803066661,0.30220319432604537,6.462887280306666
2023-06-13 19:30:00,1686709501.0,6.126666666666666,5.84,6.126666666666666,30.45,34.983333333333334,29.05,37.06666666666667,36.78543583333333,-119.77312233333332,7.6,13.25395777818845,17.19604222181155,214.3312222222222,8.808453415580892,0.7579209795632078,0.2529345199048872,8.357920979563207
2023-06-13 20:30:00,1686713101.0,3.545,3.3800000000000003,3.545,28.33333333333333,40.083333333333336,27.916666666666668,40.81666666666667,36.7854425,-119.77314,6.9,13.468775237118185,14.864558096215143,142.09541666666667,5.97095172041446,-1.0825892510842259,-0.18947722775150558,5.8174107489157745
2023-06-13 21:30:00,1686716700.8333333,3.75,3.58,3.7516666666666665,26.916666666666668,44.43333333333334,26.95,44.65,36.785434,-119.77315383333332,7.9,13.780217600188873,13.136449066477795,166.625,5.938243720049579,-2.135003070720562,-0.4424506855731813,5.764996929279438
2023-06-13 22:30:00,1686720301.0,3.9983333333333335,3.813333333333333,3.9983333333333335,26.0,48.06666666666666,26.1,48.41666666666666,36.78542,-119.7731385,7.0,14.159230943226776,11.840769056773224,192.18655555555554,5.955108034645453,-1.2110450371536334,-0.22035472458104027,5.788954962846367
2023-06-13 23:30:00,1686723901.0,3.841666666666667,3.665000000000001,3.841666666666667,24.8,51.75,24.8,52.5,36.785413166666665,-119.77313733333334,7.9,14.198498461396658,10.601501538603342,198.80625,5.6025997162862575,-2.445540795395745,-0.5170960394533711,5.454459204604255
2023-06-14 00:30:00,1686727501.0,3.16,3.01,3.161666666666666,23.616666666666664,52.13333333333333,23.566666666666663,53.06666666666666,36.78540666666667,-119.77312466666666,5.5,13.219925499867026,10.396741166799638,164.74133333333333,4.995042607923464,-0.6648547952719746,-0.0890645119867148,4.8351452047280254
2023-06-14 01:30:00,1686731101.0,2.51,2.395,2.51,22.45,51.26666666666667,22.53333333333333,51.8,36.78539966666667,-119.77310316666669,5.7,11.887517558556626,10.562482441443374,128.67933333333335,4.486640367392564,-1.389539956764514,-0.26326035369295153,4.310460043235486
2023-06-14 02:30:00,1686734701.0,2.606666666666667,2.481666666666667,2.6133333333333333,21.48333333333333,54.4,21.433333333333334,55.5,36.78541166666667,-119.77308899999998,4.1,11.893504701918113,9.589828631415218,141.80266666666668,4.4133650970468725,0.12790729489290342,0.10149528819554424,4.227907294892903
2023-06-14 03:30:00,1686738301.0,2.765,2.6366666666666667,2.765,20.766666666666666,56.63333333333333,20.6,58.31666666666666,36.78545383333333,-119.77310683333332,3.3,11.836833960342227,8.929832706324438,156.59116666666668,4.43481311313087,0.9476306087522248,0.29853587935358494,4.247630608752225
2023-06-14 04:30:00,1686741901.0,3.275,3.108333333333333,3.293333333333333,19.75,61.083333333333336,19.73333333333333,62.41666666666666,36.78542466666666,-119.77315366666666,2.4,12.032088213533365,7.717911786466635,200.04791666666668,4.592006786006505,2.057806064006311,0.5653937621220056,4.457806064006311
2023-06-14 05:30:00,1686744601.0,3.3433333333333333,3.1833333333333336,3.3466666666666662,19.4,61.4,19.53333333333333,62.46666666666667,36.78543333333334,-119.77315266666666,-0.8,11.780729755523385,7.619270244476613,205.28066666666666,4.634589549363213,5.300909682165556,1.3449532101756516,4.500909682165556
2023-06-14 10:30:00,1686764101.0,3.0925,2.95,3.0925,30.875,35.025,27.1,41.875,36.785431,-119.7731115,3.6,13.645489607648354,17.229510392351646,108.31481249999999,5.758758692173981,2.0902619272458867,0.5731953243944775,5.690261927245887
2023-06-14 11:30:00,1686767101.0,3.105,2.9616666666666664,3.105,33.550000000000004,31.4,28.73333333333333,38.86666666666667,36.78541366666667,-119.77307133333332,6.2,14.292103246210427,19.257896753789577,97.497,5.91097869810194,-0.30500659460285373,-0.002566176526209312,5.8949934053971464
2023-06-14 12:30:00,1686770701.1666667,3.111666666666667,2.965,3.111666666666667,36.56666666666667,27.71666666666667,30.55,35.6,36.7854225,-119.7731335,8.8,14.946934211347859,21.61973245531881,86.24502777777779,6.040557802947447,-2.7022817141869995,-0.5788100123973797,6.097718285813001
2023-06-14 13:30:00,1686773101.0,2.965,2.83,2.965,37.5,26.700000000000003,31.3,34.25,36.7853945,-119.7730485,7.9,15.158095673618687,22.34190432638131,79.16550000000001,5.916518640560188,-1.8767851094947705,-0.38038166927546285,6.02321489050523
2023-06-14 14:30:00,1686779700.0,2.795,2.665,2.795,38.15,25.700000000000003,33.1,31.45,36.7854535,-119.773155,6.4,15.113021168307705,23.036978831692295,71.8315,5.76016908194877,-0.47267700413489777,-0.0428698693153772,5.927322995865103
2023-06-14 15:30:00,1686782100.0,2.58,2.46,2.58,38.56666666666666,25.4,33.13333333333333,31.166666666666668,36.785511,-119.77318716666666,4.7,15.281038263222845,23.285628403443816,65.532,5.533075792724301,1.0544859343830248,0.3242211760563833,5.754485934383025
2023-06-14 16:30:00,1686785700.0,2.806666666666666,2.6766666666666663,2.806666666666666,38.28333333333333,25.5,33.233333333333334,30.75,36.7854545,-119.77308383333332,4.5,15.103739516032427,23.179593817300905,71.57,5.7785551793338525,1.448261528630848,0.4188747921758286,5.948261528630848
2023-06-14 17:30:00,1686789300.0,2.91,2.776666666666667,2.91,37.21666666666667,26.83333333333333,33.25,30.73333333333333,36.78539083333333,-119.77312333333332,7.4,14.995512072840299,22.22115459382637,78.085,5.85468169168667,-1.432227555839459,-0.27352136446894626,5.967772444160541
2023-06-14 18:30:00,1686792900.0,3.7183333333333337,3.545,3.7183333333333337,35.63333333333333,29.21666666666667,32.56666666666667,32.733333333333334,36.7854055,-119.773126,6.3,14.969053283184707,20.664280050148626,108.63730555555557,6.628905117588524,0.25048563023252424,0.13095999567686945,6.550485630232524
2023-06-14 19:30:00,1686796500.0,3.658333333333333,3.4883333333333333,3.658333333333333,33.0,34.050000000000004,31.316666666666663,36.43333333333334,36.785418166666666,-119.773107,9.6,15.070646683188203,17.9293533168118,124.56625000000001,6.359048239797309,-3.360556816452295,-0.7370425685562417,6.239443183547705
2023-06-14 20:30:00,1686800100.0,4.081666666666666,3.891666666666667,4.083333333333333,30.28333333333333,40.95,29.71666666666667,42.03333333333333,36.7853935,-119.77309916666668,8.4,15.544048714183882,14.73928461914945,167.14425,6.425263211210103,-2.157464308393747,-0.44784979460721464,6.242535691606253
2023-06-14 21:30:00,1686803700.0,4.683333333333334,4.466666666666667,4.683333333333334,28.566666666666663,46.16666666666666,28.3,47.15,36.78541166666667,-119.77314233333334,8.5,15.870971313452133,12.69569535321453,216.21388888888885,6.6786384921698865,-2.0077393379774406,-0.4118597279796694,6.492260662022559
2023-06-14 22:30:00,1686807300.0,4.493333333333333,4.285,4.493333333333333,27.1,50.7,26.85,51.88333333333333,36.78541066666666,-119.7730865,12.4,15.997675312275522,11.10232468772448,227.812,6.2223795611060835,-6.316948682042793,-1.4476838191364914,6.083051317957207
2023-06-14 23:30:00,1686810900.0,3.485,3.325,3.486666666666667,25.433333333333334,51.68333333333334,25.21666666666667,52.96666666666667,36.78543583333333,-119.7731285,7.0,14.762633438691287,10.670699894642047,180.11641666666668,5.29550322905113,-1.8552994315450881,-0.375217059933434,5.144700568454912
2023-06-15 00:30:00,1686814500.0,3.421666666666667,3.265,3.421666666666667,23.78333333333333,53.98333333333333,23.633333333333336,55.35,36.785411833333335,-119.7731195,5.0,13.910506562818634,9.872826770514697,184.71297222222222,5.117489950202964,-0.03386742159987399,0.06260876974081624,4.966132578400126
2023-06-15 01:30:00,1686817500.0,3.8,3.62,3.8025,22.65,56.525,22.5,58.075,36.78536425,-119.77315725,6.2,13.564983753794728,9.08501624620527,214.795,5.283410017812555,-1.0373600872772935,-0.17860528959453953,5.162639912722707
2023-06-15 10:30:00,1686850801.0,5.15,4.91,5.15,30.366666666666664,37.63333333333333,26.866666666666664,44.63333333333333,36.78544266666666,-119.77311966666667,7.8,14.305393634276554,16.061273032390112,193.81166666666667,7.660508557644965,-0.4416921961140359,-0.035421911222536136,7.358307803885964
2023-06-15 11:30:00,1686853500.8333333,5.333333333333333,5.083333333333333,5.335,32.53333333333333,34.733333333333334,28.21666666666667,42.5,36.78538516666666,-119.7731005,8.3,14.971170409411753,17.562162923921576,185.24444444444444,8.012719061260132,-0.6256384436604687,-0.0796379006241413,7.674361556339532
2023-06-15 12:30:00,1686857101.0,5.375,5.123333333333334,5.375,34.9,31.73333333333333,29.85,39.68333333333333,36.78543533333333,-119.77309416666668,10.3,15.625239316639984,19.274760683360014,170.56666666666666,8.225589912547516,-2.428690121353177,-0.5130455669114508,7.871309878646824
2023-06-15 13:30:00,1686860701.0,4.405,4.201666666666667,4.405,36.68333333333333,29.75,31.45,37.0,36.78544583333333,-119.77314366666668,8.4,16.152456947636026,20.530876385697304,131.04875,7.316764959359023,-1.274802404729753,-0.23568037066853842,7.125197595270247
2023-06-15 14:30:00,1686864301.0,4.15,3.96,4.15,37.68333333333333,29.116666666666664,32.31666666666667,36.23333333333333,36.785429,-119.77311333333334,12.2,16.671395018493218,21.011938314840112,120.83416666666666,7.073024358291478,-5.2649622224445105,-1.19481308777521,6.935037777555489
2023-06-15 15:30:00,1686867901.0,3.9766666666666666,3.793333333333333,3.9766666666666666,37.68333333333334,28.98333333333333,32.983333333333334,35.050000000000004,36.785459,-119.77313233333332,10.3,16.59910215522341,21.084231178109928,115.25705555555554,6.8958080024288435,-3.5101043345686787,-0.7729899801738733,6.789895665431322
2023-06-15 16:30:00,1686871501.0,4.066666666666666,3.88,4.066666666666666,37.35,29.03333333333333,33.1,34.25,36.7854355,-119.77314,8.3,16.341005489131593,21.00899451086841,118.06888888888888,6.9916960019663446,-1.4337142295510743,-0.2738787229361791,6.866285770448926
2023-06-15 17:30:00,1686875101.0,4.48,4.2716666666666665,4.48,36.13333333333333,30.766666666666666,33.03333333333333,34.8,36.785403,-119.77313483333334,11.1,16.206594075762627,19.926739257570706,137.83466666666666,7.345529020004088,-3.963256206605636,-0.8819161400633045,7.136743793394364
2023-06-15 18:30:00,1686878701.0,4.786666666666666,4.5633333333333335,4.786666666666666,35.166666666666664,33.25,32.516666666666666,37.05,36.78541483333333,-119.773135,13.0,16.58922014050012,18.577446526166543,159.15666666666664,7.530684944332404,-5.726588244175538,-1.3057762172579783,7.273411755824462
2023-06-15 19:30:00,1686882301.0,5.081666666666666,4.845,5.081666666666666,32.483333333333334,37.833333333333336,31.08333333333333,40.18333333333333,36.78546966666666,-119.7730905,12.2,16.26311333456365,16.220219998769686,192.2563888888889,7.5665876759324,-4.912410838280811,-1.1100687210179132,7.287589161719188
2023-06-15 20:30:00,1686885901.0,5.085,4.845,5.085,30.08333333333333,42.66666666666666,29.6,43.833333333333336,36.78543666666667,-119.77310433333334,16.4,16.007129217576832,14.076204115756497,216.95999999999995,7.26831114199951,-9.367816692105654,-2.1810347267954477,7.0321833078943445
2023-06-15 21:30:00,1686889501.0,5.403333333333333,5.15,5.403333333333333,28.366666666666664,46.9,28.35,47.3,36.78542516666666,-119.773135,7.6,15.935876673848224,12.43078999281844,253.4163333333333,7.281189131700888,-0.5144346423575872,-0.05290734120576968,7.0855653576424125
2023-06-15 22:30:00,1686893101.0,5.401666666666666,5.151666666666666,5.401666666666666,27.23333333333333,48.23333333333333,27.416666666666668,48.1,36.7854355,-119.77311833333331,10.2,15.340162240689343,11.893171092643987,260.54038888888886,7.192472048493816,-3.187163341306272,-0.695363196665664,7.012836658693727
2023-06-15 23:30:00,1686896701.0,5.41,5.156666666666666,5.413333333333333,25.78333333333333,50.2,25.71666666666667,50.93333333333334,36.78542316666667,-119.77316033333334,11.4,14.632938853536691,11.15039447979664,271.58200000000005,7.063190443774368,-4.484957989656418,-1.0073199513280549,6.915042010343583
2023-06-16 00:30:00,1686900301.0,4.495,4.151666666666666,4.668333333333334,23.96666666666667,53.2,23.85,54.4,36.78544083333333,-119.77314383333334,8.9,13.854999099349744,10.111667567316925,239.13400000000001,5.987158216896862,-2.949105645085462,-0.6381401942208175,5.9508943549145386
2023-06-16 01:30:00,1686902401.0,4.61,4.18,4.9,23.1,54.5,23.0,55.7,36.785564,-119.77314,9.6,13.42299198632456,9.677008013675442,251.245,5.9488329642503555,-3.617564269050515,-0.7988206094339058,5.982435730949485
2023-06-16 10:30:00,1686937200.0,4.273999999999999,3.896,4.512,30.32,35.06,27.68,39.38,36.7853888,-119.7730898,10.4,13.17334681105243,17.14665318894757,149.84643999999997,6.830101912221474,-3.6736934869173457,-0.8123126427611619,6.726306513082655
2023-06-16 11:30:00,1686940500.0,3.888333333333333,3.658333333333333,3.953333333333333,33.4,30.45,29.416666666666668,35.88333333333333,36.78538133333333,-119.7731055,6.5,13.688403794414002,19.711596205585998,118.39975,6.7360557918172415,0.13390622370796024,0.10293727777916203,6.63390622370796
2023-06-16 12:30:00,1686944100.0,3.866666666666666,3.6633333333333336,3.89,35.333333333333336,28.666666666666668,30.46666666666667,34.983333333333334,36.7854455,-119.77312583333334,7.4,14.417283406360628,20.916049926972708,110.84444444444442,6.798100904072902,-0.6898109743463285,-0.09506334134134817,6.710189025653672
2023-06-16 13:30:00,1686947100.0,3.7125,3.5175,3.74,37.425,25.55,31.875,31.65,36.7854135,-119.77312275,6.7,14.411128966121957,23.01387103387804,94.854375,6.751207783382453,0.04133879693680864,0.08068642778553044,6.741338796936809
2023-06-16 14:30:00,1686952500.0,3.29,3.13,3.295,38.45,21.200000000000003,33.45,25.55,36.7854005,-119.773136,11.8,12.398036053968,26.051963946032004,69.748,6.442591014376678,-5.197315156274927,-1.1785524572883117,6.602684843725074
2023-06-16 15:30:00,1686954900.0,3.18,3.0116666666666667,3.206666666666667,37.833333333333336,22.383333333333336,33.46666666666667,26.066666666666663,36.7854385,-119.77310416666668,8.1,12.717314619013116,25.11601871432022,71.17900000000002,6.280425211308506,-1.6571944463970176,-0.3275976708969649,6.442805553602982
2023-06-16 16:30:00,1686958500.0,3.0933333333333333,2.938333333333333,3.11,38.11666666666667,22.116666666666664,33.93333333333333,25.1,36.785411833333335,-119.77312833333332,4.8,12.768904454796804,25.347762211869863,68.41422222222221,6.195682047243156,1.5809241842534911,0.4507635132192895,6.380924184253491
2023-06-16 17:30:00,1686962100.0,3.2183333333333333,3.0700000000000003,3.2183333333333333,37.13333333333333,21.5,33.68333333333333,23.616666666666664,36.78540683333333,-119.773108,7.3,11.525801977299773,25.60753135603356,69.19416666666666,6.372112160435315,-0.7763068835274689,-0.1158547532600398,6.523693116472531
2023-06-16 18:30:00,1686965700.0,4.211666666666667,4.013333333333333,4.213333333333334,35.53333333333333,25.383333333333336,32.81666666666666,27.53333333333333,36.78539883333333,-119.77313233333332,8.8,12.71617406168462,22.817159271648713,106.9061388888889,7.329715850361721,-1.611248931814215,-0.3165535402721655,7.188751068185786
2023-06-16 19:30:00,1686969300.0,5.595,5.331666666666667,5.595,33.416666666666664,32.56666666666667,31.6,34.88333333333333,36.785540833333336,-119.77303333333332,11.7,14.74170405234705,18.674962614319615,182.21050000000002,8.409872301709363,-3.6799665285104712,-0.8138205220699118,8.020033471489528
2023-06-16 20:30:00,1686972900.0,5.886666666666667,5.609999999999999,5.886666666666667,30.73333333333333,38.766666666666666,29.933333333333334,40.1,36.7854385,-119.77313233333332,14.9,15.09120339709027,15.64212993624306,228.20644444444443,8.299581714986282,-6.955125665272006,-1.601085299749399,7.944874334727994
2023-06-16 21:30:00,1686976500.0,5.625,5.361666666666667,5.628333333333334,28.65,40.75,28.683333333333334,40.45,36.78542916666667,-119.77316266666666,14.5,14.006020340021303,14.643979659978696,229.21875,7.920956567643291,-6.89099870093546,-1.5856708120211505,7.60900129906454
2023-06-16 22:30:00,1686980100.0,5.586666666666667,5.3133333333333335,5.603333333333333,27.383333333333336,41.53333333333333,27.516666666666666,40.95,36.785457666666666,-119.77314783333333,10.7,13.163503693066328,14.219829640267008,232.0328888888889,7.829372908703135,-3.166541420448711,-0.6904062125127337,7.533458579551288
2023-06-16 23:30:00,1686983700.0,5.491666666666667,5.215,5.5183333333333335,25.85,47.23333333333333,25.83333333333333,47.583333333333336,36.78545133333333,-119.77307766666668,8.0,13.752467569307575,12.097532430692427,259.3897222222222,7.3377406616415985,-0.8546523810475559,-0.13468701395694374,7.145347618952444
2023-06-17 00:30:00,1686987300.0,5.293333333333334,5.028333333333333,5.318333333333333,24.433333333333334,50.583333333333336,24.566666666666663,50.63333333333333,36.78543583333333,-119.77313233333332,7.2,13.509216190053726,10.924117143279608,267.75444444444446,6.92874351279058,-0.40793501638708474,-0.027307545635066464,6.792064983612915
2023-06-17 01:30:00,1686990000.0,5.233333333333333,4.976666666666667,5.256666666666667,23.7,51.56666666666666,23.83333333333333,51.76666666666667,36.785694,-119.773137,5.0,13.12925278976392,10.57074721023608,269.86555555555555,6.8129023673316915,1.6867990061455007,0.4762131218148235,6.686799006145501
2023-06-17 10:30:00,1687023900.0,7.6675,7.3125,7.6675,34.725,32.175,31.575,36.5,36.78636075,-119.7739755,13.1,15.689602878107662,19.035397121892338,246.7018125,10.5577371368136,-3.2383982633988815,-0.7076787660369123,9.861601736601118
2023-06-17 11:30:00,1687026900.0,6.901666666666666,6.579999999999999,6.901666666666666,37.1,28.7,32.31666666666667,34.550000000000004,36.7854385,-119.773116,14.7,15.945997475470547,21.154002524529453,198.07783333333333,10.00356945143658,-5.32542849411386,-1.209347638291722,9.37457150588614
2023-06-17 12:30:00,1687030200.0,5.614,5.351999999999999,5.614,39.64,24.4,33.64,30.4,36.7854058,-119.7731782,15.9,15.555046546363783,24.084953453636217,136.9816,8.868094453557791,-7.426780009888288,-1.7144589824471679,8.473219990111712
2023-06-17 14:30:00,1687038600.0,3.8966666666666665,3.706666666666667,3.91,42.93333333333334,19.0,36.56666666666667,23.53333333333333,36.78538266666667,-119.773117,6.2,14.37762153120998,28.555711802123355,74.03666666666666,7.145410330345483,1.0532113923275572,0.3239148086323768,7.253211392327557
2023-06-17 15:30:00,1687041300.0,3.485,3.3233333333333337,3.485,42.28333333333333,19.616666666666667,36.516666666666666,23.516666666666666,36.78544633333333,-119.7731055,8.4,14.344105142679929,27.939228190653402,68.36408333333333,6.673046307063091,-1.5413863286261043,-0.2997603511566643,6.858613671373896
2023-06-17 16:30:00,1687044900.0,2.995,2.856666666666667,2.995,41.78333333333333,19.0,36.48333333333333,22.366666666666664,36.78537633333334,-119.773103,5.8,13.445388285705585,28.33794504762775,56.905,6.138377772843069,0.6611220045052892,0.22966651355881168,6.461122004505289
2023-06-17 17:30:00,1687048500.0,3.2100000000000004,3.061666666666667,3.2100000000000004,40.8,18.7,36.36666666666667,21.08333333333333,36.7854075,-119.773117,6.9,12.404854786255077,28.395145213744918,60.02700000000001,6.401379067337187,-0.2339718738748564,0.01450875977039698,6.666028126125144
2023-06-17 18:30:00,1687052100.0,2.995,2.855,2.995,39.083333333333336,19.23333333333333,35.95,20.633333333333333,36.78542883333333,-119.773126,2.8,11.438224830135182,27.645108503198152,57.60383333333333,6.1615123207210365,3.648650703340598,0.947792265220849,6.448650703340598
2023-06-17 19:30:00,1687055700.0,3.523333333333333,3.361666666666667,3.523333333333333,35.96666666666667,22.98333333333333,34.166666666666664,23.716666666666665,36.785410500000005,-119.773126,6.4,11.568479978994356,24.398186687672315,80.97794444444443,6.673212278319043,0.3123453916008554,0.1458295055990956,6.712345391600856
2023-06-17 20:30:00,1687059300.0,3.72,3.545,3.721666666666666,32.68333333333333,27.2,32.2,26.683333333333334,36.78537633333333,-119.7731285,6.0,11.352439672970915,21.330893660362413,101.184,6.744915444895075,0.6597374254492339,0.2293336960445388,6.659737425449234
2023-06-17 21:30:00,1687062900.0,4.441666666666667,4.21,4.471666666666667,30.2,32.083333333333336,29.9,31.85,36.7854405,-119.77312216666668,5.8,11.7157418998157,18.4842581001843,142.50347222222226,7.2653408986590815,1.232695242647531,0.3670581514804226,7.032695242647531
2023-06-17 22:30:00,1687066500.0,5.435,5.155,5.466666666666666,27.666666666666668,41.66666666666666,27.35,42.28333333333333,36.7854495,-119.77314233333334,8.8,13.467067330459464,14.199599336207203,226.45833333333326,7.665596684302755,-1.4069028769480987,-0.26743395715080137,7.393097123051902
2023-06-17 23:30:00,1687070100.1666667,5.806666666666668,5.521666666666667,5.831666666666667,25.75,48.15,25.7,48.61666666666667,36.7854335,-119.7731235,7.8,13.957457826004179,11.792542173995821,279.59100000000007,7.557504261558986,-0.4269279350451347,-0.03187295918000927,7.373072064954865
2023-06-18 00:30:00,1687073700.0,5.523333333333333,5.245,5.551666666666667,24.316666666666663,51.48333333333333,24.53333333333333,51.26666666666667,36.7854175,-119.77313483333334,5.0,13.673074598682915,10.643592067983748,284.35961111111106,7.061905046342387,1.946010072739842,0.5385208553304041,6.946010072739842
2023-06-18 01:30:00,1687076100.0,5.225,4.96,5.26,23.5,51.75,23.75,51.7,36.7854175,-119.7730445,2.7,12.999113794071755,10.500886205928245,270.39374999999995,6.787809444404077,3.9696795223352765,1.0249594107734945,6.669679522335277
2023-06-18 10:30:00,1687111200.0,1.41,1.34,1.42,31.7,31.3,28.8,35.2,36.785423,-119.773109,1.6,12.641218689176526,19.058781310823473,44.132999999999996,4.1719451763254325,2.811327329316757,0.7465210681978772,4.411327329316757
2023-06-18 11:30:00,1687113300.0,1.3983333333333334,1.305,1.4333333333333331,33.833333333333336,28.416666666666668,29.53333333333333,33.53333333333333,36.78542533333333,-119.77311083333332,0.0,12.999446821000664,20.833886512332672,39.73597222222222,4.204965037464284,4.5551881333701445,1.1657007571471478,4.5551881333701445
2023-06-18 12:30:00,1687116900.0,1.3266666666666669,1.2366666666666666,1.365,36.5,25.1,30.95,31.05,36.785415666666665,-119.77314633333332,5.5,13.358297529929406,23.141702470070594,33.299333333333344,4.181080451631432,-0.8304984258296866,-0.12888101876994995,4.669501574170313
2023-06-18 13:30:00,1687119600.0,1.11,1.04,1.13,38.333333333333336,22.5,32.2,28.133333333333336,36.785435,-119.77305366666668,6.2,13.211562871498796,25.12177046183454,24.975,3.978024428203246,-1.5818682109816873,-0.30949116385367054,4.618131789018313
2023-06-18 14:30:00,1687125300.0,0.885,0.845,0.885,38.55,21.8,33.45,26.25,36.785423,-119.77314,3.7,12.90672965375722,25.64327034624278,19.293,3.7475610603980636,0.7578893757730025,0.2529269231592541,4.457889375773003
2023-06-18 15:30:00,1687127700.0,0.925,0.8783333333333333,0.935,38.11666666666667,22.48333333333333,33.21666666666667,26.633333333333336,36.7854825,-119.77312866666666,2.5,13.020486385559629,25.09618028110704,20.797083333333333,3.7848212398403973,1.956505180258647,0.5410436116736834,4.456505180258647
2023-06-18 16:30:00,1687131300.0,0.6133333333333333,0.5766666666666667,0.625,37.06666666666667,22.8,33.03333333333333,25.9,36.785441166666665,-119.773122,1.0,12.362157116064777,24.70450955060189,13.984,3.4433108537307433,3.165789241258045,0.8317246771364746,4.165789241258045
2023-06-18 17:30:00,1687134900.0,0.8566666666666668,0.805,0.8733333333333334,35.833333333333336,25.45,32.516666666666666,28.35,36.78542466666666,-119.77314116666666,-0.8,13.009194910656873,22.824138422676462,21.80216666666667,3.6811070371158383,5.037912538567677,1.2817354002497336,4.237912538567677
2023-06-18 18:30:00,1687138500.0,1.5683333333333334,1.375,1.725,33.6,30.35,31.45,32.666666666666664,36.7854235,-119.7731095,2.2,13.810196425640422,19.78980357435958,47.59891666666667,4.2736036555192705,2.4011948233515072,0.647935667414229,4.601194823351507
2023-06-18 19:30:00,1687142100.0,2.333333333333333,1.875,2.7900000000000005,30.516666666666666,35.550000000000004,29.116666666666664,37.583333333333336,36.785401,-119.77311966666667,15.8,13.559399650457687,16.95726701620898,82.95,4.7517108070035805,-10.804705554261995,-2.5264261851580425,4.995294445738006
2023-06-18 20:30:00,1687145700.0,3.1283333333333334,1.8333333333333333,4.62,26.6,39.1,26.05,39.88333333333333,36.7854695,-119.773135,9.5,11.542946890302838,15.057053109697163,122.31783333333334,4.8868354789415465,-3.9960618409313557,-0.8898017783897554,5.503938159068644
2023-06-18 21:30:00,1687149300.1666667,2.515,1.5333333333333332,3.635,23.816666666666663,41.65,23.96666666666667,41.16666666666666,36.78537883333333,-119.77307766666668,4.9,10.001692641222085,13.814974025444577,104.74975,4.379518729394771,-0.07115182473981996,0.053646549548393534,4.82884817526018
2023-06-18 22:30:00,1687152900.0,2.2066666666666666,1.5166666666666666,2.97,22.25,42.96666666666667,22.5,42.41666666666666,36.785387,-119.77311716666668,3.8,9.053735687039088,13.196264312960912,94.81311111111111,4.218499382528574,0.6876120444260891,0.23603404396516328,4.487612044426089
2023-06-18 23:30:00,1687156500.0,2.208333333333333,1.525,2.965,20.6,46.53333333333333,20.866666666666664,46.2,36.78542333333333,-119.77312583333334,3.7,8.738613737318952,11.86138626268105,102.76111111111109,4.074835131648188,0.5984434189162604,0.21460017916450702,4.298443418916261
2023-06-19 00:30:00,1687160100.0,1.836666666666667,1.275,2.4616666666666664,19.33333333333333,47.9,19.683333333333334,47.41666666666666,36.78539983333334,-119.77312583333332,3.4,8.008505876497134,11.324827456836195,87.97633333333334,3.7534324360564875,0.4988982735440466,0.19067206347055682,3.8988982735440465
2023-06-19 01:30:00,1687163700.0,1.9683333333333333,1.3433333333333335,2.66,18.08333333333333,51.0,18.266666666666666,51.03333333333333,36.78544016666667,-119.773131,2.0,7.781996401809964,10.301336931523364,100.38499999999999,3.702631067453081,1.848873677813021,0.515171741848161,3.848873677813021
2023-06-19 02:30:00,1687166400.0,1.933333333333333,1.31,2.62,17.266666666666666,50.9,17.599999999999998,50.56666666666666,36.785428333333336,-119.77312966666666,4.3,6.999715481982409,10.266951184684256,98.40666666666664,3.6803841753719846,-0.47652801699014224,-0.043795554649349304,3.8234719830098576
2023-06-19 10:30:00,1687197300.0,2.26,1.91,2.5700000000000003,24.15,29.9,21.25,34.5,36.7854595,-119.7730905,2.4,5.427957271718114,18.722042728281885,67.57399999999998,5.006146811629737,2.8328567773203503,0.7516961987452345,5.23285677732035
2023-06-19 11:30:00,1687199700.0,2.148333333333333,1.8916666666666664,2.353333333333333,25.5,29.016666666666666,21.73333333333333,34.11666666666667,36.78544416666667,-119.7731195,3.9,6.159269944195158,19.34073005580484,62.33747222222221,4.965908928211869,1.2819734623636436,0.3789033794737123,5.1819734623636435
2023-06-19 12:30:00,1687203300.0,2.03,1.836666666666667,2.161666666666666,28.0,25.366666666666664,23.383333333333336,30.48333333333333,36.785405833333336,-119.773108,7.7,6.342413662372207,21.65758633762779,51.49433333333332,4.9703671754575725,-2.4268923365278123,-0.5126134252622192,5.273107663472188
2023-06-19 13:30:00,1687206300.0,2.175,1.98,2.295,29.950000000000003,22.2,25.0,26.975,36.785435750000005,-119.77312825,5.2,6.044765631534477,23.905234368465525,48.285,5.200498609626944,0.3697395516536135,0.15962559878640672,5.569739551653614
2023-06-19 14:30:00,1687211700.0,2.4,2.205,2.51,29.75,22.0,26.0,25.15,36.7854405,-119.773113,3.8,5.747327584199447,24.002672415800554,52.8,5.464664166994509,1.97808555510559,0.5462309837361347,5.77808555510559
2023-06-19 15:30:00,1687214100.1666667,2.433333333333333,2.25,2.53,30.21666666666667,21.383333333333336,26.25,24.633333333333336,36.7854945,-119.773159,2.3,5.723793861863183,24.492872804803486,52.03277777777778,5.522101325004927,3.5403278397641396,0.9217542098012125,5.840327839764139
2023-06-19 16:30:00,1687217700.0,2.075,1.8633333333333333,2.225,29.516666666666666,22.25,26.05,25.15,36.78544233333333,-119.77312833333332,3.5,5.716445615374079,23.80022105129259,46.16875,5.078627976811374,1.9792198780912962,0.5465036460697401,5.479219878091296
2023-06-19 17:30:00,1687221300.0,1.7416666666666665,1.5599999999999998,1.8666666666666665,28.25,22.883333333333336,25.666666666666668,24.73333333333333,36.78539216666667,-119.77314616666666,3.6,5.063758951473306,23.186241048526693,39.85513888888889,4.7157683543614235,1.5525450305541848,0.44394188801120626,5.152545030554185
2023-06-19 18:30:00,1687224900.0,1.45,1.3183333333333334,1.5416666666666667,26.866666666666664,23.23333333333333,24.96666666666667,24.46666666666667,36.78542883333333,-119.77312066666668,1.6,4.122626199468123,22.74404046719854,33.688333333333325,4.422685608470148,3.2776169274783196,0.858605202587115,4.87761692747832
2023-06-19 19:30:00,1687228500.0,1.6183333333333334,1.4916666666666665,1.6866666666666663,24.73333333333333,23.266666666666666,23.816666666666663,23.45,36.78546766666667,-119.77311833333331,3.9,2.3525565905850856,22.380776742748246,37.65322222222222,4.63592336182071,1.1237115203645742,0.3408612424720216,5.023711520364574
2023-06-19 20:30:00,1687232100.0,2.223333333333333,2.063333333333333,2.2966666666666664,22.383333333333336,29.166666666666668,22.1,28.883333333333336,36.78545433333333,-119.77314883333334,4.5,3.546217225108027,18.83711610822531,64.84722222222221,5.1296302085046985,0.7398416362423266,0.24858870658536142,5.239841636242327
2023-06-19 21:30:00,1687235700.0,1.8483333333333327,1.6966666666666663,1.9366666666666663,20.466666666666665,36.35,20.8,35.38333333333333,36.78543266666667,-119.77311966666666,5.9,5.015678283002253,15.450988383664413,67.18691666666665,4.490260267552275,-1.3735234727505894,-0.25941039917168895,4.526476527249411
2023-06-19 22:30:00,1687239300.0,1.7283333333333333,1.3983333333333334,2.0516666666666663,19.05,44.18333333333334,19.48333333333333,43.45,36.78542566666667,-119.77311833333331,4.8,6.568065424244159,12.481934575755842,76.36352777777778,3.957460327139251,-0.7976195712547964,-0.12097778016187077,4.002380428745203
2023-06-19 23:30:00,1687242900.0,1.8733333333333333,1.4633333333333332,2.2916666666666665,17.633333333333333,47.81666666666666,18.066666666666663,47.05,36.785451,-119.7731245,1.5,6.426299862433695,11.207033470899638,89.57655555555554,3.897385792461019,2.4355629686984885,0.6561968935641745,3.9355629686984885
2023-06-20 00:30:00,1687246500.0,1.485,1.1616666666666668,1.81,16.5,47.01666666666667,17.083333333333332,45.85,36.78545316666666,-119.77311466666669,0.4,5.145103255980061,11.354896744019939,69.81975000000001,3.6311094261037065,3.2371815540653306,0.8488855694544665,3.6371815540653305
2023-06-20 01:30:00,1687250100.0,1.2916666666666667,1.03,1.5516666666666667,15.533333333333331,47.53333333333333,16.033333333333335,46.61666666666667,36.7854215,-119.7731375,-0.2,4.417230586000874,11.116102747332459,61.397222222222226,3.4754578870253328,3.639728509748405,0.9456475972943565,3.439728509748405
2023-06-20 02:30:00,1687252500.0,1.19,0.935,1.455,14.8,48.65,15.3,48.05,36.785454,-119.772987,0.6,4.0762810351741425,10.723718964825858,57.893499999999996,3.346500766995357,2.69073305285419,0.717533277899969,3.2907330528541903
2023-06-20 10:30:00,1687283700.0,1.485,1.23,1.725,23.8,35.8,21.4,40.05,36.785389,-119.773098,5.3,7.743306998791693,16.05669300120831,53.163,4.048165618049686,-1.063305182803444,-0.1848418292582167,4.236694817196556
2023-06-20 11:30:00,1687286100.0,1.4116666666666668,1.2083333333333333,1.5916666666666668,25.95,31.766666666666666,22.616666666666664,36.766666666666666,36.78541633333333,-119.77312716666668,6.9,7.871303293372391,18.078696706627607,44.843944444444446,4.118379485054051,-2.512151152147889,-0.5331074714204542,4.387848847852111
2023-06-20 12:30:00,1687289700.1666667,1.3116666666666668,1.1683333333333332,1.42,28.48333333333333,25.85,24.28333333333333,30.46666666666667,36.7854265,-119.77319083333332,4.3,7.02695364481074,21.456379688522592,33.90658333333334,4.186474972311315,0.316238161215467,0.14676522819370363,4.616238161215467
2023-06-20 13:30:00,1687291800.0,1.47,1.37,1.51,30.2,22.3,25.0,27.0,36.785484,-119.773125,1.1,6.318154996874998,23.881845003125,32.781,4.452897182069076,3.8450715825139183,0.9950068381062741,4.945071582513918
2023-06-20 14:30:00,1687298100.0,1.3050000000000002,1.235,1.315,31.45,19.15,27.2,22.450000000000003,36.7853945,-119.7731705,0.0,5.148191810335393,26.301808189664605,24.990750000000002,4.319559462993826,4.968486182628368,1.2650470738535693,4.968486182628368
2023-06-20 15:30:00,1687300500.0,1.393333333333333,1.3,1.43,31.08333333333333,19.883333333333336,26.95,22.9,36.78538966666667,-119.77311316666668,3.9,5.38894847089087,25.69438486244246,27.70411111111111,4.4013404497571615,1.1068890705132124,0.33681755430627586,5.006889070513212
2023-06-20 16:30:00,1687304100.0,1.4833333333333334,1.375,1.535,31.23333333333333,19.966666666666665,27.4,22.48333333333333,36.7853865,-119.7731005,3.0,5.572516656580389,25.66081667675294,29.61722222222222,4.49325832749373,2.081497561078719,0.5710885941581815,5.081497561078719
2023-06-20 17:30:00,1687307700.0,1.4066666666666665,1.3083333333333331,1.4516666666666669,30.166666666666668,19.616666666666667,27.183333333333334,21.3,36.78542933333333,-119.77312333333332,0.6,4.442464447730432,25.724202218936234,27.594111111111108,4.427085880741204,4.432854953047892,1.1362949786833716,5.032854953047892
2023-06-20 18:30:00,1687311300.0,1.3133333333333337,1.211666666666667,1.3666666666666665,28.48333333333333,19.33333333333333,26.666666666666668,19.866666666666667,36.7854185,-119.77311716666668,2.7,2.854658253740358,25.628675079592973,25.391111111111112,4.337984028240386,2.2660079074655055,0.6154401785429907,4.966007907465506
2023-06-20 19:30:00,1687314900.0,1.221666666666667,1.1283333333333334,1.2616666666666667,26.816666666666663,19.9,25.53333333333333,20.1,36.78546516666667,-119.77316283333332,0.7,1.8910619371375512,24.925604729529113,24.31116666666667,4.246283485978402,4.155193814219338,1.0695523180668134,4.855193814219338
2023-06-20 20:30:00,1687318500.0,1.3433333333333335,1.255,1.3783333333333332,24.183333333333334,23.45,23.6,23.166666666666668,36.7853985,-119.77311966666667,0.7,2.000586395779599,22.182746937553734,31.50116666666667,4.350537421191257,4.072332698196562,1.049634617778073,4.772332698196562
2023-06-20 21:30:00,1687322100.0,1.335,1.221666666666667,1.3983333333333334,21.78333333333333,27.133333333333336,22.266666666666666,25.6,36.78540483333333,-119.77315649999998,1.4,2.0103961370211,19.77293719631223,36.223000000000006,4.257945750225042,3.1681436969159713,0.8322906282651659,4.568143696915971
2023-06-20 22:30:00,1687325700.1666667,1.1583333333333334,1.0583333333333331,1.2133333333333334,20.683333333333334,29.416666666666668,21.316666666666663,27.8,36.78540683333333,-119.77316166666668,1.5,2.198063292954055,18.485270040379277,34.07430555555556,4.02197284414342,2.7909062952851738,0.741612372117614,4.290906295285174
2023-06-20 23:30:00,1687329300.0,1.1050000000000002,1.0016666666666667,1.175,19.5,31.45,20.116666666666667,29.883333333333336,36.78543033333333,-119.7731235,3.7,2.1091515699899333,17.390848430010067,34.752250000000004,3.915254806139213,0.4353759460355935,0.17540291502451383,4.135375946035594
2023-06-21 00:30:00,1687332900.0,1.2983333333333331,1.1333333333333333,1.4333333333333331,18.23333333333333,39.66666666666666,18.666666666666668,38.78333333333333,36.78546016666667,-119.77314133333334,5.2,4.2768132162209636,13.956520117112367,51.500555555555536,3.820170494563403,-1.3339539960973488,-0.24989890554969973,3.8660460039026514
2023-06-21 01:30:00,1687336500.0,1.6049999999999998,1.3233333333333337,1.875,16.783333333333335,49.61666666666667,17.116666666666664,49.28333333333333,36.78546466666666,-119.773084,5.6,6.182667048625625,10.60066628470771,79.63474999999998,3.66129193896567,-1.9963676709373663,-0.4091262690696387,3.6036323290626333
2023-06-21 02:30:00,1687339500.0,1.7225,1.45,1.9775,15.9,53.15,16.3,52.75,36.78547575,-119.773016,4.6,6.365352819993128,9.534647180006871,91.55087499999999,3.625476731933306,-1.0819982818959324,-0.18933517382154072,3.5180017181040673
2023-06-21 10:30:00,1687369501.0,3.5,3.255,3.6,27.200000000000003,26.4,24.450000000000003,29.3,36.7854155,-119.7731015,7.0,6.243199741529781,20.95680025847022,92.39999999999999,6.539554628484038,-0.49076778184557135,-0.0472184311707639,6.509232218154429
2023-06-21 11:30:00,1687371901.0,2.668333333333333,2.515,2.706666666666667,29.9,23.6,25.416666666666668,28.133333333333336,36.785473,-119.77318433333332,4.3,6.892289448926817,23.00771055107318,62.97266666666666,5.748252181904859,1.628291520627374,0.4621494135626014,5.928291520627374
2023-06-21 12:30:00,1687375501.0,1.7933333333333332,1.675,1.84,32.43333333333333,19.9,26.633333333333336,24.566666666666663,36.78543533333333,-119.773149,1.0,6.509473742838508,25.92385959049482,35.68733333333333,4.834975769987909,4.357387270823844,1.1181544714325242,5.357387270823844
2023-06-21 13:30:00,1687378500.75,1.6475,1.5525,1.6775,34.675,16.3,28.625,19.75,36.785432,-119.773121,4.2,5.436116384464196,29.2388836155358,26.85425,4.6994086535985415,1.221691055986092,0.3644130254869029,5.421691055986092
2023-06-21 14:30:00,1687384500.0,1.4049999999999998,1.33,1.43,35.45,14.1,30.85,15.65,36.7854465,-119.7731205,2.3,3.9724680104864847,31.47753198951352,19.810499999999998,4.418003791807075,3.026248024005496,0.7981825252012016,5.326248024005496
2023-06-21 15:30:00,1687386900.0,1.3583333333333334,1.278333333333333,1.375,36.18333333333333,12.566666666666668,30.266666666666666,14.466666666666669,36.78548033333333,-119.773107,0.4,2.9116425385321016,33.27169079480123,17.069722222222225,4.340127212923505,4.967206904589425,1.264739568019848,5.367206904589425
2023-06-21 16:30:00,1687390500.0,1.4966666666666668,1.4233333333333331,1.5016666666666667,36.06666666666667,13.216666666666669,30.55,14.983333333333334,36.785446,-119.77311066666668,7.2,3.535264349551896,32.531402317114775,19.78094444444445,4.519250168460309,-1.7460125454533983,-0.3489472780725955,5.453987454546602
2023-06-21 17:30:00,1687394100.0,1.8133333333333328,1.7166666666666668,1.83,33.1,14.666666666666666,29.566666666666663,15.666666666666666,36.785428333333336,-119.773131,5.5,2.6762400024734974,30.423759997526503,26.595555555555546,4.925221035828144,0.15467019018017947,0.10792840607733065,5.6546701901801795
2023-06-21 18:30:00,1687397700.0,2.0416666666666665,1.935,2.058333333333333,31.666666666666668,15.966666666666669,29.183333333333334,16.5,36.78546766666667,-119.77311566666668,1.9,2.733098629086555,28.933568037580113,32.59861111111111,5.199945198832825,3.8857717850171842,1.0047901294021366,5.785771785017184
2023-06-21 19:30:00,1687401300.0,1.7633333333333334,1.665,1.7816666666666665,29.25,17.083333333333332,27.933333333333334,16.966666666666665,36.78542083333333,-119.77312983333331,5.7,1.7392644908403232,27.510735509159677,30.12361111111111,4.889452975698815,-0.21842048353906396,0.018246917625963185,5.481579516460936
2023-06-21 20:30:00,1687404900.0,2.078333333333333,1.961666666666667,2.106666666666667,26.516666666666666,19.633333333333333,26.08333333333333,18.98333333333333,36.78545133333333,-119.773117,5.2,1.4553541056939052,25.06131256097276,40.80461111111111,5.234169429494747,0.4220048543105186,0.17218884538248666,5.622004854310519
2023-06-21 21:30:00,1687408500.0,2.34,2.2033333333333336,2.3766666666666665,23.85,26.883333333333336,24.2,25.816666666666663,36.785433000000005,-119.773135,4.5,3.6473750624525154,20.202624937547487,62.907000000000004,5.339340452088501,0.9643706867426225,0.30255976742348767,5.4643706867426225
2023-06-21 22:30:00,1687412100.0,2.4233333333333333,2.2716666666666665,2.4716666666666667,22.266666666666666,30.616666666666664,23.05,28.73333333333333,36.7854125,-119.7731095,5.5,4.136002061915721,18.130664604750944,74.19438888888888,5.297783575768538,-0.16196408865562706,0.03181759596876959,5.338035911344373
2023-06-21 23:30:00,1687415700.0,2.8466666666666662,2.638333333333333,2.9516666666666667,21.1,38.86666666666667,21.5,37.98333333333333,36.78539466666667,-119.77315,10.7,6.547165383256156,14.552834616743844,110.64044444444443,5.353118101245601,-5.431026965907076,-1.2347308193672477,5.268973034092923
2023-06-22 00:30:00,1687419300.0,2.69,2.44,2.858333333333333,19.766666666666666,44.4,20.08333333333333,43.88333333333333,36.7854365,-119.77311716666668,12.2,7.289615894505617,12.47705077216105,119.43599999999999,4.9151666383945765,-7.364402326240667,-1.6994649772100472,4.835597673759333
2023-06-22 01:30:00,1687422900.0,2.8716666666666666,2.6083333333333334,3.0383333333333336,18.383333333333333,49.4,18.65,49.31666666666666,36.785467,-119.77308916666668,6.9,7.590210178419804,10.793123154913529,141.86033333333333,4.831630285720443,-2.1720553197992363,-0.4513571018465263,4.727944680200764
2023-06-22 02:30:00,1687425900.0,2.96,2.71,3.1100000000000003,17.275,53.275,17.475,53.725,36.78540325,-119.773081,8.9,7.675224426825567,9.599775573174432,157.694,4.718945681862546,-4.301569594024697,-0.963238055307954,4.598430405975304
2023-06-22 09:30:00,1687452001.0,3.776666666666667,3.583333333333333,3.8,24.1,35.1,22.0,38.46666666666667,36.78539,-119.77315,8.9,7.717907157608527,16.382092842391472,132.561,6.477187897731477,-2.612725090297137,-0.5572828826756488,6.287274909702863
2023-06-22 10:30:00,1687454701.0,3.7066666666666666,3.525,3.718333333333333,27.016666666666666,30.383333333333336,23.633333333333336,35.13333333333333,36.785455,-119.7731475,8.6,8.141318846994059,18.875347819672605,112.6208888888889,6.626682101446802,-2.1221197216440846,-0.43935385683206274,6.477880278355915
2023-06-22 11:30:00,1687458301.0,3.0966666666666662,2.9450000000000003,3.111666666666667,29.916666666666668,26.433333333333334,25.066666666666663,32.25,36.78541166666667,-119.77310183333331,8.1,8.571829161307347,21.344837505359322,81.85522222222221,6.128591020753061,-1.9468666455638228,-0.3972274842752781,6.153133354436177
2023-06-22 12:30:00,1687461301.0,2.7325,2.6,2.745,31.25,24.425,26.275,29.75,36.78541925,-119.773142,6.1,8.530809577417346,22.719190422582656,66.7413125,5.794781100738506,-0.15943478376972742,0.03242557639522616,5.940565216230272
2023-06-22 14:30:00,1687470001.0,4.1866666666666665,3.98,4.2,34.43333333333334,22.4,29.133333333333336,27.4,36.78545266666666,-119.77311733333332,9.1,9.906104291197204,24.527229042136135,93.78133333333332,7.436185631691417,-1.7737562513224203,-0.3556161578188718,7.326243748677579
2023-06-22 15:30:00,1687472701.0,2.7433333333333336,2.6133333333333333,2.7433333333333336,33.88333333333333,22.133333333333336,29.133333333333336,26.28333333333333,36.78549933333333,-119.773149,10.3,9.270720082540205,24.612613250793128,60.719111111111125,5.854155011599133,-4.227432004567154,-0.945417268456144,6.072567995432847
2023-06-22 16:30:00,1687476301.0,2.523333333333333,2.405,2.525,31.066666666666663,25.48333333333333,28.28333333333333,27.96666666666667,36.785445,-119.77311333333334,7.8,9.004435525455948,22.062231141210717,64.30294444444444,5.537250964693211,-2.0997482111482517,-0.4339763159244563,5.700251788851748
2023-06-22 17:30:00,1687479901.0,2.5883333333333334,2.458333333333333,2.6016666666666666,29.7,28.383333333333336,27.566666666666663,30.45,36.78539733333333,-119.77311083333332,6.9,9.443134286879985,20.256865713120014,73.4655277777778,5.513506664868159,-1.2976479547561315,-0.24117185859674528,5.602352045243869
2023-06-22 18:30:00,1687483501.0,3.14,2.831666666666667,3.3516666666666666,28.133333333333336,32.86666666666667,26.383333333333336,35.21666666666667,36.78540083333333,-119.77312216666668,5.4,10.279298972353322,17.854034360980016,103.20133333333334,5.818832877303367,0.44734890766426094,0.17828090982756276,5.847348907664261
2023-06-22 19:30:00,1687487101.0,3.388333333333333,2.87,3.856666666666667,25.416666666666668,35.88333333333333,24.53333333333333,37.083333333333336,36.78538366666667,-119.77312483333333,4.8,9.205352599705408,16.211314066961258,121.58469444444444,5.81818966749454,1.104266808595015,0.3361872293785875,5.904266808595015
2023-06-22 20:30:00,1687490701.0,3.5866666666666664,3.0033333333333334,4.125,23.2,39.56666666666667,22.75,40.31666666666667,36.78542783333334,-119.773066,10.9,8.685314687909592,14.514685312090407,141.91244444444445,5.8014821124107385,-5.018371205458291,-1.135538892519656,5.881628794541709
2023-06-22 21:30:00,1687494301.0,3.878333333333333,3.223333333333333,4.491666666666666,20.633333333333336,42.93333333333334,20.58333333333333,43.03333333333333,36.785401,-119.77314116666668,13.6,7.582027973098103,13.051305360235233,166.50977777777777,5.8692699452676225,-7.642093113791434,-1.766214764623725,5.957906886208566
2023-06-22 22:30:00,1687497901.0,3.08,2.8866666666666667,3.148333333333333,18.666666666666668,45.55,18.716666666666665,45.8,36.78540616666667,-119.7731045,7.7,6.663235899762915,12.003430766903753,140.29399999999998,5.2702675699326065,-2.5832637424898097,-0.5502011255874703,5.1167362575101905
2023-06-22 23:30:00,1687501501.0,3.4933333333333336,3.3266666666666667,3.5033333333333334,17.150000000000002,53.81666666666666,17.233333333333334,54.45,36.78542566666667,-119.7731235,8.2,7.707752314639629,9.442247685360373,187.99955555555556,5.2114546360398,-3.1620021521557256,-0.6893150881141074,5.037997847844274
2023-06-23 00:30:00,1687505101.0,3.535,3.3683333333333336,3.535,16.116666666666667,59.36666666666667,16.3,60.083333333333336,36.785396,-119.7731515,6.8,8.18661814610379,7.9300485205628775,209.8611666666667,4.920388168189721,-2.0220379368117607,-0.41529674669002126,4.777962063188239
2023-06-23 01:30:00,1687508101.0,3.7025,3.5225,3.7125,15.425,63.4,15.55,64.425,36.785391,-119.773138,5.6,8.504343980227489,6.920656019772512,234.73850000000002,4.801815039230752,-0.8904691386097223,-0.1432964495605097,4.709530861390277
2023-06-23 10:30:00,1687541701.0,3.09,2.9450000000000003,3.09,23.8,40.95,20.875,47.6,36.7854605,-119.77309025,5.9,9.733482689115013,14.066517310884988,126.5355,5.5178026608731265,-0.5286162229117677,-0.05631623170419298,5.371383777088233
2023-06-23 11:30:00,1687544701.0,2.77,2.643333333333333,2.77,26.816666666666663,35.5,22.616666666666664,43.7,36.78542083333333,-119.77307,5.5,10.279939555509255,16.536727111157408,98.335,5.443642675684556,-0.11843346602296911,0.04228124812065717,5.381566533977031
2023-06-23 12:30:00,1687548301.0,2.6566666666666667,2.536666666666666,2.6566666666666667,29.98333333333333,30.21666666666667,24.366666666666664,39.21666666666667,36.785441166666665,-119.77314,4.0,10.623218858891615,19.360114474441716,80.27561111111112,5.523001094240635,1.5643922058326218,0.44678964698176155,5.564392205832622
2023-06-23 13:30:00,1687551901.0,2.648333333333333,2.5283333333333333,2.648333333333333,31.73333333333333,28.15,25.45,37.21666666666667,36.78544616666667,-119.773136,3.0,11.060205223573659,20.673128109759674,74.55058333333332,5.576677964417966,2.6675316975390615,0.7119562634492793,5.6675316975390615
2023-06-23 14:30:00,1687555501.0,2.766666666666667,2.64,2.766666666666667,32.28333333333333,27.46666666666667,26.35,35.550000000000004,36.78539933333334,-119.77312466666666,6.4,11.159052753197441,21.12428058013589,75.99111111111112,5.721908529511156,-0.5919926247966458,-0.07155030334974954,5.8080073752033545
2023-06-23 15:30:00,1687559101.0,2.74,2.6133333333333333,2.74,33.083333333333336,26.53333333333333,27.2,33.88333333333333,36.7853985,-119.77313866666668,6.0,11.317349580914085,21.765983752419253,72.70133333333334,5.718791705856397,-0.1655333539736592,0.030959635561429458,5.834466646026341
2023-06-23 16:30:00,1687562701.0,2.92,2.7816666666666663,2.92,32.96666666666667,26.666666666666668,27.866666666666664,32.81666666666667,36.785419,-119.77311466666669,2.6,11.294058178601292,21.67260848806538,77.86666666666667,5.906311255105283,3.385465241609452,0.8845291884156349,5.985465241609452
2023-06-23 17:30:00,1687566301.0,3.3000000000000003,3.145,3.3000000000000003,32.050000000000004,27.866666666666664,27.816666666666663,33.1,36.7854175,-119.77313,0.8,11.17819957302022,20.87180042697978,91.96,6.274343873557342,5.455146678493745,1.3820278528277727,6.255146678493745
2023-06-23 18:30:00,1687569901.0,3.0483333333333333,2.9066666666666667,3.0483333333333333,30.71666666666667,28.55,27.71666666666667,32.0,36.785429,-119.77309783333334,9.6,10.402004804352792,20.314661862313876,87.02991666666667,5.991908613817883,-3.602458668349442,-0.79518960804403,5.997541331650558
2023-06-23 19:30:00,1687573501.0,3.148333333333333,3.0033333333333334,3.148333333333333,28.883333333333336,31.816666666666663,26.83333333333333,34.6,36.78543616666667,-119.7730915,8.7,10.445435111312799,18.437898222020536,100.1694722222222,5.974232671733136,-2.7892096327709472,-0.5997052683652473,5.910790367229052
2023-06-23 20:30:00,1687577101.0,5.548333333333333,5.235,5.616666666666667,26.33333333333333,36.41666666666666,25.416666666666668,37.833333333333336,36.785428333333336,-119.7731185,10.7,10.235394974446303,16.097938358887028,202.0518055555555,8.125869595415647,-2.9267383819404866,-0.6327636742680987,7.773261618059513
2023-06-23 21:30:00,1687580701.0,5.806666666666668,5.489999999999999,5.87,24.03333333333333,42.9,24.03333333333333,43.083333333333336,36.78545783333333,-119.7731425,12.8,10.640234535671881,13.39309879766145,249.10600000000008,7.93682371415268,-5.146323658839584,-1.1662954010001483,7.653676341160416
2023-06-23 22:30:00,1687584301.0,3.7433333333333336,3.56,3.76,22.416666666666668,48.083333333333336,22.433333333333334,48.53333333333333,36.785424,-119.77312833333332,7.4,10.887582301687731,11.529084364978937,179.99194444444447,5.7374197585868965,-1.8359463366843176,-0.3705650692096978,5.564053663315683
2023-06-23 23:30:00,1687587901.0,3.606666666666667,3.4333333333333336,3.616666666666666,20.366666666666667,53.25,20.35,54.06666666666666,36.78540616666667,-119.77311066666664,4.5,10.534832204795405,9.831834461871262,192.055,5.326464384660138,0.6678455123320131,0.23128267346842327,5.167845512332013
2023-06-24 00:30:00,1687591501.0,3.8,3.625,3.8016666666666654,18.78333333333333,59.05,18.933333333333334,59.76666666666667,36.78549266666667,-119.7731515,4.5,10.611440725054129,8.171892608279203,224.39,5.1452124543031,0.5276826179762271,0.19759108620313076,5.027682617976227
2023-06-24 01:30:00,1687594801.0,3.846,3.66,3.852,17.66,63.58,18.0,63.56,36.785524,-119.7731064,4.9,10.663422141518732,6.996577858481269,244.52868,4.893765729747242,-0.07402905019727246,0.05295493788449898,4.825970949802728
2023-06-24 08:30:00,1687621801.0,4.67,4.4,4.73,19.8,59.3,19.5,60.9,36.785507,-119.773148,4.1,11.629524921816802,8.170475078183198,276.931,5.787171685584768,1.6785916009777688,0.4742402708067076,5.7785916009777685
2023-06-24 09:30:00,1687623901.0,3.828333333333333,3.65,3.831666666666667,21.98333333333333,52.18333333333334,20.116666666666667,58.46666666666667,36.78539033333333,-119.773103,4.9,11.725610057778901,10.25772327555443,199.77519444444445,5.576209950319853,0.5195852498090812,0.19564468528528087,5.4195852498090815
2023-06-24 10:30:00,1687627501.0,3.8733333333333335,3.695,3.8733333333333335,23.9,47.11666666666667,21.166666666666668,55.53333333333333,36.785362166666665,-119.7730905,11.2,11.935792480925935,11.964207519074064,182.49855555555555,5.91054997757646,-5.470078090124033,-1.2441177142755653,5.729921909875967
2023-06-24 11:30:00,1687631101.0,4.16,3.966666666666667,4.16,25.71666666666667,43.55,22.5,52.1,36.785370666666665,-119.7731335,8.3,12.387508748273055,13.329157918393614,181.168,6.374313739434492,-2.127616555014848,-0.44067515546851743,6.172383444985153
2023-06-24 12:30:00,1687634701.0,4.3566666666666665,4.155,4.3566666666666665,28.6,38.21666666666667,24.0,48.36666666666667,36.78545433333333,-119.77310433333332,4.7,12.974819603577052,15.62518039642295,166.49727777777778,6.860245191338002,1.9302080193598181,0.5347224444680224,6.630208019359818
2023-06-24 13:30:00,1687638301.0,3.561666666666667,3.4,3.561666666666667,32.78333333333333,30.4,26.9,39.71666666666667,36.7854615,-119.77311083333332,3.5,13.131243110417577,19.652090222915753,108.27466666666668,6.437223061847698,2.8496109558978198,0.7557234762368669,6.34961095589782
2023-06-24 14:30:00,1687641901.0,3.0866666666666664,2.9450000000000003,3.0866666666666664,34.81666666666667,25.71666666666667,29.03333333333333,32.583333333333336,36.78542983333333,-119.77313133333332,8.4,12.310493960445145,22.506172706221527,79.37877777777778,6.106909974949803,-2.217346660032118,-0.46224398563150854,6.1826533399678825
2023-06-24 15:30:00,1687645501.0,4.01,3.8216666666666654,4.01,35.85,23.816666666666663,30.066666666666663,29.866666666666664,36.7853535,-119.77311933333334,10.3,12.01136111343343,23.83863888656657,95.50483333333331,7.175209825757295,-3.204671677198651,-0.6995717543534841,7.0953283228013495
2023-06-24 16:30:00,1687649101.0,4.183333333333334,3.988333333333333,4.183333333333334,35.56666666666666,23.916666666666668,30.633333333333336,28.71666666666667,36.7854215,-119.77311216666668,8.6,11.837925245096086,23.728741421570575,100.0513888888889,7.364777685920066,-1.3577479506223842,-0.2556183657460034,7.2422520493776155
2023-06-24 17:30:00,1687652701.0,5.201666666666667,4.963333333333334,5.201666666666667,35.050000000000004,24.35,30.416666666666668,28.95,36.785396,-119.77312866666666,7.5,11.677269224493743,23.372730775506263,126.66058333333335,8.466652369190381,0.6136689098541304,0.21825999911148994,8.11366890985413
2023-06-24 18:30:00,1687656301.0,4.755,4.531666666666667,4.755,33.11666666666667,25.0,30.016666666666666,27.78333333333333,36.7854315,-119.77312833333332,9.7,10.44902248819219,22.667644178474475,118.875,7.960604798099037,-2.0134569637110875,-0.4132340994725016,7.686543036288912
2023-06-24 19:30:00,1687659901.0,4.3950000000000005,4.19,4.3950000000000005,31.28333333333333,26.3,29.133333333333336,28.08333333333333,36.785432,-119.77313116666666,7.1,9.657262845249607,21.626070488083727,115.58850000000001,7.524284484458601,0.20080996587404965,0.11901923212181206,7.300809965874049
2023-06-24 20:30:00,1687663501.0,4.308333333333334,4.11,4.308333333333334,28.3,30.78333333333333,27.266666666666666,31.7,36.785373666666665,-119.77313216666666,7.0,9.445819604909719,18.85418039509028,132.6248611111111,7.2299771799449815,-0.014951462899511547,0.0671556840735226,6.9850485371004885
2023-06-24 21:30:00,1687667101.0,4.675,4.458333333333333,4.678333333333334,25.6,36.45,25.816666666666663,35.666666666666664,36.78538266666666,-119.7731425,5.1,9.600601680127049,15.999398319872952,170.40375,7.29858234126027,1.9042806704856607,0.5284901706471493,7.00428067048566
2023-06-24 22:30:00,1687670701.0,5.046666666666667,4.806666666666667,5.055000000000001,24.03333333333333,45.28333333333333,24.0,45.53333333333333,36.785417,-119.7731475,11.6,11.455591504458171,12.57774182887516,228.52988888888888,7.089656205877347,-4.7413482064843375,-1.0689496244589345,6.858651793515662
2023-06-24 23:30:00,1687674301.0,5.668333333333333,5.401666666666667,5.671666666666667,21.7,53.65,21.6,54.71666666666667,36.78540766666666,-119.77321366666666,7.8,11.883833945048025,9.816166054951974,304.1060833333333,7.0466783835196996,-0.8424163514145304,-0.1317457843108483,6.957583648585469
2023-06-25 00:30:00,1687677901.0,5.704999999999999,5.428333333333334,5.723333333333334,20.183333333333334,58.3,20.316666666666663,59.03333333333333,36.785456333333336,-119.77314266666669,5.7,11.731268394161827,8.452064939171507,332.60149999999993,6.719131952754715,1.0412590915418916,0.32104178016937224,6.741259091541892
2023-06-25 01:30:00,1687681501.0,5.423333333333333,5.168333333333334,5.43,18.83333333333333,61.53333333333333,18.933333333333334,62.45,36.785464,-119.77314766666666,4.5,11.279213537201562,7.554119796131767,333.71577777777776,6.255852560451605,1.8210060635479017,0.5084730776816985,6.321006063547902
2023-06-25 02:30:00,1687685101.0,5.698333333333333,5.425,5.711666666666666,17.483333333333334,65.3,17.599999999999998,66.16666666666667,36.785456333333336,-119.7730765,10.4,10.897537598264204,6.58579573506913,372.10116666666664,6.1732877289713075,-4.038736426857787,-0.9000596611365328,6.361263573142213
2023-06-25 03:30:00,1687688701.0,5.896666666666667,5.583333333333333,5.9433333333333325,16.366666666666667,68.53333333333333,16.55,69.36666666666666,36.785414333333335,-119.7731525,6.8,10.560429398753948,5.806237267912719,404.11822222222224,6.041448593101838,-0.43732264580775837,-0.034371582702062364,6.3626773541922415
2023-06-25 04:30:00,1687691401.0,6.1066666666666665,5.816666666666666,6.12,15.9,70.33333333333333,16.099999999999998,71.2,36.78546033333333,-119.77315033333332,3.6,10.503094528196042,5.396905471803958,429.5022222222222,6.064925349742184,2.8509494027356657,0.7560452047417219,6.450949402735666
2023-06-25 10:30:00,1687714201.0,5.444,5.19,5.444,25.76,42.3,22.54,49.88,36.7854364,-119.7730894,4.0,11.98346087236051,13.776539127639492,230.28119999999998,7.658392423670083,3.3671527011316016,0.8801273204434127,7.367152701131602
2023-06-25 11:30:00,1687717501.0,4.58,4.366666666666666,4.58,28.7,36.016666666666666,24.266666666666666,45.03333333333333,36.785422,-119.77310816666666,5.3,12.158498698930936,16.54150130106906,164.95633333333333,7.2081400012877115,1.6439867690729821,0.4659221512410441,6.943986769072982
2023-06-25 12:30:00,1687721101.0,4.325,4.125,4.325,31.33333333333333,31.816666666666663,26.1,40.55,36.78543466666667,-119.77310816666666,8.0,12.57324417222011,18.76008916111322,137.60708333333332,7.1678931077842485,-1.055540302267211,-0.182975349892237,6.944459697732789
2023-06-25 13:30:00,1687723801.0,4.44,4.236666666666667,4.44,32.03333333333333,30.066666666666663,27.266666666666666,37.2,36.78545,-119.77314266666669,4.6,12.3161118730918,19.717221460241532,133.49599999999998,7.376090774077942,2.539018796134769,0.6810650375490209,7.139018796134769
2023-06-25 14:30:00,1687729801.0,4.65,4.3,4.82,32.3,28.5,29.2,32.1,36.785351,-119.773117,7.0,11.731970848967856,20.568029151032142,132.525,7.589375999372242,0.40723390434016604,0.16863828549854074,7.407233904340166
2023-06-25 15:30:00,1687731901.0,4.423333333333333,4.216666666666667,4.423333333333333,34.083333333333336,26.116666666666664,29.933333333333334,30.516666666666666,36.7854435,-119.7730585,7.0,11.925136494253382,22.158196839079956,115.5227222222222,7.538458701017225,0.33549890006110683,0.151395018885416,7.335498900061107
2023-06-25 16:30:00,1687735501.0,4.136666666666667,3.9483333333333337,4.136666666666667,34.166666666666664,25.766666666666666,30.33333333333333,29.58333333333333,36.785429,-119.773098,5.1,11.790856578266174,22.375810088400492,106.5881111111111,7.24779630745685,2.0023770630735225,0.5520700430982344,7.102377063073522
2023-06-25 17:30:00,1687739101.0,4.196666666666666,4.003333333333333,4.196666666666666,32.95,28.266666666666666,30.05,31.33333333333333,36.7854225,-119.77315,3.2,12.163289574796293,20.786710425203708,118.62577777777777,7.203115986188422,3.8214643302966183,0.9893322563859936,7.021464330296618
2023-06-25 18:30:00,1687742701.0,4.833333333333333,4.61,4.833333333333333,31.55,30.21666666666667,29.45,32.550000000000004,36.7854665,-119.77306633333336,7.1,11.975088817148015,19.574911182851984,146.04722222222222,7.781615168633949,0.3765340551780598,0.161258824252179,7.4765340551780595
2023-06-25 19:30:00,1687746301.0,5.28,5.035,5.28,29.383333333333336,32.5,28.133333333333336,33.96666666666667,36.785394833333335,-119.7730905,5.9,11.200330432798548,18.183002900534788,171.6,8.124418252346524,1.8468778569585904,0.5146919973851775,7.746877856958591
2023-06-25 20:30:00,1687749901.0,4.8533333333333335,4.625,4.855,27.016666666666666,37.766666666666666,26.35,38.583333333333336,36.785415,-119.773102,9.6,11.388646186599964,15.628020480066702,183.29422222222223,7.381772415337463,-2.5094321678454694,-0.5324538968969045,7.09056783215453
2023-06-25 21:30:00,1687753501.0,4.935,4.698333333333333,4.946666666666666,24.83333333333333,42.13333333333333,24.883333333333336,42.06666666666666,36.785441166666665,-119.77312233333332,5.7,11.089603416724742,13.743729916608586,207.92799999999997,7.19076109160283,1.2289182613016676,0.3661502614343557,6.928918261301668
2023-06-25 22:30:00,1687757101.0,4.086666666666667,3.898333333333333,4.086666666666667,23.46666666666667,45.85,23.616666666666664,45.76666666666667,36.78544683333333,-119.773112,0.7,11.128498937162034,12.338167729504635,187.37366666666668,6.181962169514783,5.2850307297419485,1.3411363147432314,5.985030729741949
2023-06-25 23:30:00,1687760701.0,4.121666666666667,3.928333333333333,4.125,21.95,51.36666666666667,21.96666666666667,51.95,36.78540666666667,-119.77312983333331,-0.5,11.45594307176707,10.49405692823293,211.7162777777778,5.879030520570948,6.220920076079068,1.5661002592144093,5.720920076079068
2023-06-26 00:30:00,1687764301.0,3.4599999999999995,3.283333333333333,3.483333333333333,19.916666666666668,56.68333333333334,19.883333333333333,57.66666666666666,36.785427166666665,-119.77308016666666,0.1,11.05660998641237,8.860056680254297,196.1243333333333,4.996703696067195,4.755496587669059,1.2138498040044208,4.855496587669059
2023-06-26 01:30:00,1687767901.0,3.0716666666666668,2.8866666666666667,3.125,18.45,60.95,18.6,61.55,36.785414333333335,-119.7731085,-0.3,10.774239089730429,7.67576091026957,187.21808333333334,4.426280676049649,4.5863097763168925,1.1731816068684586,4.286309776316893
2023-06-26 02:30:00,1687770001.0,3.01,2.83,3.07,17.8,63.5,17.9,64.1,36.785381,-119.773064,1.3,10.777060739747085,7.022939260252915,191.135,4.237383811880721,2.795843798736102,0.7427992220978046,4.095843798736102
2023-06-26 10:30:00,1687801501.0,4.035,3.825,4.0600000000000005,27.5,38.0,24.6,43.75,36.7854385,-119.773159,4.7,11.91111144870075,15.58888855129925,153.33,6.550196807848397,1.6592131864043802,0.4695821938694188,6.35921318640438
2023-06-26 11:30:00,1687803901.0,5.058333333333334,4.82,5.066666666666666,29.7,33.93333333333333,25.816666666666663,40.5,36.78540233333334,-119.77313216666668,4.8,12.130838898217583,17.569161101782417,171.6461111111111,7.805086086455023,2.6755403605084345,0.7138813418985445,7.475540360508434
2023-06-26 12:30:00,1687807500.8333333,3.951666666666666,3.766666666666667,3.951666666666666,32.5,29.383333333333336,27.433333333333334,36.48333333333333,36.78542383333333,-119.77310183333331,3.7,12.367461407731739,20.13253859226826,116.11313888888888,6.892069088214647,3.046554479035094,0.803063679409831,6.746554479035094
2023-06-26 13:30:00,1687811101.0,3.815,3.638333333333333,3.815,34.78333333333333,25.03333333333333,28.96666666666667,31.633333333333336,36.785425833333335,-119.773103,6.7,11.872910621374201,22.91042271195913,95.50216666666665,6.923196004640493,0.15899725412561327,0.10896852195956996,6.8589972541256135
2023-06-26 14:30:00,1687813201.0,4.15,3.96,4.15,34.2,26.3,29.6,30.9,36.785412,-119.773117,7.8,12.130241642527636,22.069758357472367,109.14500000000001,7.236743963697321,-0.7144158012421675,-0.10097771458769626,7.085584198757832
2023-06-26 15:30:00,1687818301.0,4.3133333333333335,4.111666666666667,4.3133333333333335,35.93333333333333,21.633333333333336,30.666666666666668,26.2,36.785460666666665,-119.77310833333333,6.1,10.627581499322154,25.305751834011176,93.31177777777779,7.6005834665388186,1.3784940667957999,0.4021044726165961,7.4784940667957995
2023-06-26 16:30:00,1687821901.0,4.161666666666666,3.966666666666667,4.161666666666666,36.31666666666667,20.0,31.266666666666666,23.73333333333333,36.7854595,-119.77316016666668,5.0,9.767085200729921,26.549581465936747,83.23333333333332,7.4891821137897026,2.432558176257646,0.6554746180489603,7.432558176257646
2023-06-26 17:30:00,1687825501.0,4.366666666666666,4.1466666666666665,4.39,34.9,16.416666666666668,30.933333333333334,17.983333333333334,36.7854545,-119.77314233333334,3.4,5.719277921832523,29.180722078167477,71.6861111111111,7.850113871363486,4.404168596220808,1.1293995096735086,7.8041685962208085
2023-06-26 18:30:00,1687829101.0,4.5200000000000005,4.308333333333334,4.5216666666666665,33.800000000000004,18.166666666666668,30.58333333333333,19.683333333333334,36.78539783333333,-119.7731275,3.7,6.300065071339545,27.49993492866046,82.11333333333334,7.99084344281489,4.1453329570413535,1.0671820193393957,7.845332957041354
2023-06-26 19:30:00,1687832701.0,4.694999999999999,4.458333333333333,4.721666666666667,31.05,23.766666666666666,29.25,24.85,36.7854545,-119.77310833333333,3.3,7.959810802940103,23.0901891970599,111.58449999999998,7.964624130769894,4.399754419886063,1.1283384541932404,7.699754419886063
2023-06-26 20:30:00,1687836301.0,5.0216666666666665,4.761666666666667,5.053333333333334,28.366666666666664,28.116666666666664,27.55,28.28333333333333,36.78543583333333,-119.77312583333332,6.8,8.160820191538493,20.20584647512817,141.19252777777777,8.106865865070539,0.9542214233754684,0.3001201431992267,7.754221423375468
2023-06-26 21:30:00,1687839901.0,5.9816666666666665,5.611666666666667,6.096666666666667,25.866666666666664,33.13333333333333,25.95,32.550000000000004,36.78539966666667,-119.77312233333332,12.0,8.419409039244002,17.447257627422662,198.19255555555554,8.766594699337448,-3.670577933577359,-0.8115637431489194,8.32942206642264
2023-06-26 22:30:00,1687843501.0,5.171666666666667,4.898333333333333,5.208333333333333,23.95,44.91666666666666,24.016666666666666,45.03333333333333,36.78543733333333,-119.77312583333332,9.0,11.257051826051532,12.692948173948468,232.29402777777773,7.21238004357808,-2.0119413826560386,-0.4128697924167113,6.988058617343961
2023-06-26 23:30:00,1687847101.0,3.8683333333333336,3.686666666666667,3.8716666666666666,22.116666666666664,50.7,21.95,51.68333333333334,36.78541483333333,-119.77312966666666,5.2,11.411947990676502,10.704718675990161,196.1245,5.698841975541986,0.3340059936811439,0.15103616224357358,5.534005993681144
2023-06-27 00:30:00,1687850701.0,4.155,3.936666666666667,4.191666666666666,20.53333333333333,55.083333333333336,20.666666666666668,55.53333333333333,36.78541116666667,-119.77313983333332,3.9,11.19933722049204,9.333996112841291,228.87125000000003,5.6627529577423426,1.651552481964782,0.4677407557817807,5.551552481964782
2023-06-27 01:30:00,1687853701.0,4.45,4.1775,4.53,19.65,56.35,19.925,56.675,36.7855345,-119.773064,6.3,10.718851715541398,8.931148284458601,250.75750000000002,5.8020970181774665,-0.556999474156668,-0.06313884185779677,5.743000525843332
2023-06-27 09:30:00,1687884600.0,5.733333333333333,5.43,5.78,27.0,38.833333333333336,24.03333333333333,44.76666666666667,36.785441,-119.77308899999998,8.2,11.795650785966098,15.204349214033902,222.64444444444447,8.14809731552656,-0.393388013731931,-0.023810816977619744,7.806611986268068
2023-06-27 10:30:00,1687887300.0,5.526666666666666,5.253333333333333,5.543333333333333,30.066666666666663,33.06666666666667,25.65,40.53333333333333,36.785383333333336,-119.77310933333332,5.5,12.057895730273414,18.008770936393248,182.74844444444446,8.324606672619224,2.433280299253865,0.6556481980114406,7.933280299253865
2023-06-27 11:30:00,1687890900.0,5.236666666666667,4.993333333333333,5.238333333333333,30.616666666666664,33.56666666666667,26.4,40.96666666666667,36.785417,-119.77305483333332,12.2,12.76689958247176,17.8497670841949,175.77744444444448,8.004117878975276,-4.548200947991709,-1.0225219465455626,7.651799052008291
2023-06-27 12:30:00,1687894500.0,4.765,4.541666666666667,4.765,30.183333333333334,32.81666666666667,26.516666666666666,38.68333333333333,36.78544433333334,-119.77310566666668,6.7,12.044284851932844,18.13904848140049,156.37141666666668,7.570660761147431,0.5775391724601748,0.20957533113373922,7.277539172460175
2023-06-27 13:30:00,1687898100.0,4.546666666666667,4.336666666666667,4.546666666666667,33.1,27.05,28.75,32.21666666666667,36.785474,-119.773145,6.9,11.623306365838452,21.47669363416155,122.98733333333334,7.6350868797291795,0.4939586393928188,0.1894847013243224,7.393958639392819
2023-06-27 14:30:00,1687901700.0,4.1466666666666665,3.953333333333333,4.1466666666666665,34.6,24.933333333333334,29.6,30.35,36.7854505,-119.77316266666666,6.5,11.65788426962356,22.942115730376443,103.39022222222222,7.289226534654648,0.6557021495644078,0.22836371857483811,7.155702149564408
2023-06-27 15:30:00,1687905300.0,4.208333333333333,4.015,4.208333333333333,36.083333333333336,22.28333333333333,30.816666666666663,26.916666666666668,36.78545316666666,-119.77312333333332,6.6,11.197783575518939,24.885549757814395,93.77569444444443,7.457872805604733,0.751512970501496,0.25139419785680345,7.351512970501496
2023-06-27 16:30:00,1687908900.0,4.985,4.753333333333333,4.985,36.36666666666667,22.066666666666663,31.166666666666668,26.55,36.7853955,-119.77310166666666,8.6,11.285129458850124,25.081537207816545,110.00233333333333,8.326318952592779,-0.5546262125928063,-0.06256837026865247,8.045373787407193
2023-06-27 17:30:00,1687912500.1666667,5.21,4.968333333333333,5.21,34.86666666666667,24.83333333333333,30.866666666666664,28.65,36.7854475,-119.77315133333332,7.1,11.821306150006059,23.045360516660608,129.38166666666663,8.450033598085525,0.9951561046223816,0.3099597972085574,8.095156104622381
2023-06-27 18:30:00,1687916100.0,5.323333333333333,5.078333333333333,5.323333333333333,32.86666666666667,27.133333333333336,30.266666666666666,29.383333333333336,36.78541466666667,-119.77311066666668,5.7,11.471367128013865,21.3952995386528,144.4397777777778,8.464575726775573,2.371784926229627,0.6408662777594327,8.071784926229627
2023-06-27 21:30:00,1687926900.0,6.75,6.428333333333334,6.761666666666667,25.916666666666668,42.3,25.9,42.35,36.7854085,-119.77310916666666,7.3,12.124480427459604,13.792186239207064,285.525,8.884377830646008,1.2144378107388656,0.36266953020359927,8.514437810738865
2023-06-27 22:30:00,1687930500.0,6.448333333333333,6.141666666666667,6.455000000000001,24.516666666666666,47.76666666666667,24.73333333333333,47.45,36.7854245,-119.77309183333334,8.6,12.707535001219295,11.80913166544737,308.01538888888894,8.173487846707644,-0.6427528359225754,-0.0837517643042645,7.957247164077424
2023-06-27 23:30:00,1687934100.0,4.525,4.295,4.553333333333334,23.133333333333336,51.28333333333333,23.08333333333333,51.91666666666666,36.785466166666666,-119.77314766666666,8.3,12.522469880144293,10.610863453189044,232.05708333333334,6.2172080094426,-2.220308638524533,-0.4629559697647828,6.079691361475468
2023-06-28 00:30:00,1687937700.0,4.125,3.911666666666666,4.158333333333333,21.75,55.56666666666666,21.8,56.21666666666667,36.7854705,-119.77314633333332,5.6,12.464348478666723,9.285651521333277,229.21249999999998,5.604199903763802,-0.1006351031559003,0.046559520900848486,5.499364896844099
2023-06-28 01:30:00,1687941300.1666667,3.873333333333333,3.671666666666667,3.901666666666667,20.6,58.18333333333334,20.83333333333333,58.43333333333334,36.7854035,-119.77311316666668,4.5,12.091133944100664,8.508866055899338,225.36344444444444,5.236734790263057,0.6384259117791853,0.22421095135615277,5.138425911779185
2023-06-28 02:30:00,1687944900.0,3.8683333333333336,3.6566666666666654,3.9066666666666654,19.866666666666667,60.13333333333333,20.0,60.9,36.78540916666666,-119.77306766666668,4.7,11.903804020085056,7.962862646581611,232.6157777777778,5.106394735235443,0.32980910373720196,0.15002733687335668,5.029809103737202
2023-06-28 03:30:00,1687948500.0,4.341666666666667,4.085,4.411666666666666,18.616666666666667,64.78333333333333,18.65,66.05,36.785432166666666,-119.77311066666668,6.8,11.853582769427629,6.763083897239039,281.2676388888889,5.1573135857994625,-1.6029157867454993,-0.3145504645967709,5.1970842132545005
2023-06-28 04:30:00,1687952100.0,5.003333333333333,4.705,5.093333333333334,17.566666666666666,68.53333333333333,17.716666666666665,69.18333333333334,36.7854405,-119.77312716666668,6.0,11.70720948426772,5.8594571823989465,342.8951111111111,5.375153749063273,-0.4220914293063469,-0.030710386475539923,5.577908570693653
2023-06-28 05:30:00,1687955700.0,5.075,4.743333333333333,5.205,16.983333333333334,69.21666666666667,17.283333333333335,69.41666666666667,36.785401666666665,-119.77307516666669,3.7,11.299604687661768,5.683728645671566,351.27458333333334,5.357835494648124,1.9043426716092826,0.5285050741369542,5.604342671609283
2023-06-28 06:30:00,1687958400.0,4.976666666666667,4.68,5.06,16.866666666666667,69.03333333333333,17.166666666666668,69.0,36.785484,-119.773061,6.4,11.147945737031826,5.718720929634841,343.5558888888889,5.320860054442747,-0.8722415799236085,-0.13891500904496504,5.527758420076392
2023-06-28 10:30:00,1687974300.0,4.475,4.2575,4.4825,29.8,35.475,27.025,40.2,36.7853935,-119.77307525,4.9,12.896384140235524,16.90361585976448,158.75062499999999,7.121412676839651,1.9806983894412067,0.5468590425132652,6.880698389441207
2023-06-28 11:30:00,1687977300.0,4.56,4.348333333333334,4.5616666666666665,32.61666666666667,30.96666666666667,28.45,36.91666666666666,36.7854335,-119.77310566666668,6.5,13.270564337400186,19.34610232926648,141.208,7.4462910250999395,0.6963319081891068,0.23813007695779992,7.196331908189107
2023-06-28 12:30:00,1687980900.0,4.353333333333333,4.15,4.353333333333333,35.06666666666666,27.666666666666668,29.95,34.016666666666666,36.78549816666666,-119.77315416666666,5.5,13.641550336777575,21.425116329889086,120.44222222222221,7.379146652241207,1.691160751719595,0.4772615742766111,7.191160751719595
2023-06-28 13:30:00,1687984500.1666667,4.088333333333334,3.898333333333333,4.088333333333334,36.3,26.08333333333333,31.48333333333333,31.1,36.7854615,-119.7731515,2.3,13.780712620851185,22.519287379148814,106.6373611111111,7.1593605142138905,4.742992220701236,1.2108440729025483,7.042992220701236
2023-06-28 14:30:00,1687989600.0,4.71,4.45,4.77,37.9,21.8,33.5,25.6,36.785408,-119.773094,3.4,12.369581561954437,25.53041843804556,102.678,7.990145529954519,4.418046760342515,1.132735466595186,7.818046760342515
2023-06-28 15:30:00,1687991700.0,4.133333333333334,3.941666666666667,4.133333333333334,37.68333333333334,22.46666666666667,33.2,26.21666666666667,36.78544483333334,-119.77311316666668,6.4,12.649665072870071,25.033668260463266,92.86222222222224,7.350044242448238,0.8758286521018244,0.2812765190969033,7.275828652101825
2023-06-28 16:30:00,1687995300.0,3.9583333333333335,3.7716666666666665,3.9583333333333335,37.45,23.58333333333333,33.26666666666667,27.016666666666666,36.78541883333333,-119.77310566666668,3.5,13.197857260183396,24.252142739816605,93.35069444444443,7.112085414035375,3.562411877159219,0.9270626495026475,7.062411877159219
2023-06-28 17:30:00,1687998900.0,4.141666666666667,3.9483333333333337,4.141666666666667,36.0,26.5,32.95,29.28333333333333,36.78543033333333,-119.773112,8.5,13.771012832676417,22.22898716732358,109.75416666666666,7.200002429085403,-1.4324260922784422,-0.2735690875684876,7.067573907721558
2023-06-28 18:30:00,1688002500.0,4.435,4.23,4.435,34.56666666666666,29.05,32.36666666666667,31.25,36.785417,-119.77313366666664,7.0,13.966115951210558,20.600550715456105,128.83675,7.4017262611433345,0.18896567432957045,0.11617216632739831,7.1889656743295705
2023-06-28 19:30:00,1688006100.0,4.57,4.3566666666666665,4.57,32.18333333333333,32.766666666666666,31.016666666666666,33.93333333333333,36.78538966666667,-119.77311833333331,8.1,13.763279335096893,18.420053998236437,149.74366666666668,7.3596093492796,-0.9910905470358076,-0.16748327146031117,7.108909452964192
2023-06-28 20:30:00,1688009700.0,4.78,4.555,4.78,29.866666666666664,37.41666666666666,29.450000000000003,37.7,36.785443666666666,-119.77313616666667,8.3,13.773367389229758,16.093299277436905,178.85166666666663,7.312394273234366,-1.2551465341468244,-0.23095560037848556,7.044853465853176
2023-06-28 21:30:00,1688013300.0,5.008333333333334,4.773333333333333,5.010000000000001,28.25,42.55,28.23333333333333,42.45,36.78544866666667,-119.77314616666666,11.1,14.314908224784572,13.935091775215428,213.10458333333332,7.215659709872461,-4.128930601301173,-0.921740041761142,6.971069398698827
2023-06-28 22:30:00,1688016900.0,4.9,4.675,4.901666666666666,26.8,46.91666666666666,26.71666666666667,47.26666666666667,36.785439833333335,-119.7732035,8.1,14.514522193451292,12.285477806548709,229.89166666666662,6.836274495537469,-1.457489950733958,-0.2795938003017695,6.642510049266042
2023-06-28 23:30:00,1688020500.0,4.535,4.325,4.535,25.28333333333333,49.7,25.25,50.16666666666666,36.78536266666666,-119.77309283333334,7.5,14.018910357044609,11.264422976288722,225.38950000000003,6.332786144593919,-1.3268972268614254,-0.2482026380916403,6.173102773138575
2023-10-28 00:30:00,1698477901.0,11.108333333333334,10.346666666666666,11.425,8.833333333333334,63.9,9.9,61.13333333333333,36.785436,-119.77314266666669,15.6,2.367039085876669,6.4662942474566645,709.8225,7.887548600833917,-9.16333431314221,-2.131882374835779,6.43666568685779
2023-10-28 01:30:00,1698481501.0,5.66,5.326666666666667,5.751666666666666,8.566666666666666,61.81666666666666,9.75,58.85,36.78542133333333,-119.77315383333332,6.9,1.6494194473390793,6.917247219327587,349.8823333333333,6.4084516478221225,-0.38623249650240155,-0.02209081301883275,6.513767503497599
2023-10-28 02:30:00,1698485101.0,5.383333333333333,5.065,5.471666666666667,7.766666666666667,65.83333333333333,8.6,63.75,36.785373666666665,-119.77312333333332,9.0,1.770889288792698,5.995777377873969,354.4027777777777,5.884784301008418,-2.9439611015265035,-0.636903577075792,6.0560388984734965
2023-10-28 03:30:00,1698488701.0,6.34,5.956666666666667,6.455000000000001,6.6000000000000005,71.58333333333333,7.416666666666667,69.38333333333334,36.78539783333333,-119.7731245,7.5,1.8264169414611295,4.773583058538871,453.8383333333333,6.0902976184567885,-0.9108842181549726,-0.1482037143340292,6.589115781845027
2023-10-28 04:30:00,1698492300.8333333,7.533333333333334,7.038333333333334,7.721666666666667,5.8,76.4,7.083333333333333,72.06666666666666,36.78538783333334,-119.7731245,10.2,1.9663957403233605,3.8336042596766395,575.5466666666667,6.419039627743425,-2.8200169673321414,-0.6071105663619113,7.379983032667858
2023-10-28 05:30:00,1698495901.0,7.609999999999999,7.123333333333334,7.778333333333333,5.483333333333333,78.18333333333334,6.433333333333334,74.8,36.785396166666665,-119.77313616666667,9.8,1.9825601339262122,3.500773199407121,594.9751666666666,6.302012454723303,-2.4479837807415628,-0.5176832708625451,7.352016219258438
2023-10-28 06:30:00,1698499501.0,7.533333333333332,7.05,7.703333333333333,5.216666666666667,78.01666666666667,6.333333333333333,74.36666666666667,36.78540666666667,-119.77313866666668,6.3,1.693486593569364,3.523180073097303,587.7255555555555,6.269385201440882,0.9935747317410684,0.3095796754746662,7.293574731741068
2023-10-28 07:30:00,1698503101.0,6.398333333333333,5.996666666666666,6.536666666666666,5.05,78.83333333333333,6.283333333333334,74.38333333333334,36.78544233333333,-119.77312066666668,6.0,1.6771006134384807,3.372899386561519,504.40194444444444,5.48538356352716,0.2528588687793185,0.1315304617332974,6.2528588687793185
2023-10-28 08:30:00,1698506701.0,5.716666666666666,5.368333333333333,5.828333333333333,8.366666666666667,63.73333333333333,9.383333333333333,61.23333333333333,36.78543916666667,-119.7731615,5.3,1.8873950837219302,6.479271582944737,364.3422222222221,6.2915334938154,1.1611047819029512,0.34984962944879305,6.461104781902951
2023-10-28 09:30:00,1698510301.0,5.0183333333333335,4.721666666666667,5.095,13.233333333333334,48.18333333333334,12.083333333333334,52.11666666666667,36.78540683333333,-119.7731475,7.7,2.5010005474639825,10.732332785869351,241.8000277777778,6.880914722740876,-1.021238718517444,-0.17473012345370845,6.678761281482556
2023-10-28 10:30:00,1698513901.0,3.263333333333333,3.078333333333333,3.305,16.53333333333333,38.516666666666666,14.5,43.083333333333336,36.785425833333335,-119.773093,3.5,2.3385157903864315,14.1948175429469,125.69272222222222,5.832025042170752,2.153710202024002,0.5884466724516382,5.653710202024002
2023-10-28 11:30:00,1698517501.0,4.485,4.205,4.576666666666667,19.05,35.550000000000004,16.633333333333333,40.43333333333333,36.7854615,-119.77315416666666,2.2,3.4436075988656403,15.60639240113436,159.44175000000004,7.161236234433278,4.685474482112403,1.1970182745849927,6.885474482112403
2023-10-28 12:30:00,1698521101.0,4.773333333333333,4.496666666666667,4.845,20.73333333333333,34.53333333333333,18.33333333333333,39.03333333333333,36.785483,-119.77316416666667,3.7,4.515868952877084,16.217464380456246,164.8391111111111,7.511160994257977,3.493106632500772,0.9104034351714607,7.193106632500772
2023-10-28 13:30:00,1698524701.0,5.023333333333333,4.708333333333333,5.125,21.55,32.18333333333333,19.33333333333333,35.766666666666666,36.78541483333333,-119.77314116666666,2.1,4.224463585381955,17.325536414618046,161.66761111111109,7.886431722232622,5.438328581084159,1.377985210878093,7.5383285810841585
2023-10-28 14:30:00,1698528301.0,4.163333333333333,3.955,4.19,22.266666666666666,30.266666666666666,20.116666666666664,33.233333333333334,36.78542883333333,-119.7730585,4.4,3.9720248936066342,18.294641773060032,126.01022222222221,7.142770930090364,2.4852850458759708,0.6681488135779295,6.885285045875971
2023-10-28 15:30:00,1698531901.0,6.09,5.716666666666666,6.208333333333333,22.8,28.5,20.48333333333333,31.316666666666663,36.7854125,-119.77312583333332,5.9,3.5768803789829873,19.223119621017013,173.565,9.220652390192098,2.7722343314722178,0.7371241079367836,8.672234331472218
2023-10-28 16:30:00,1698535501.0,6.1866666666666665,5.738333333333333,6.391666666666667,22.666666666666668,26.166666666666668,20.766666666666666,27.866666666666664,36.78542083333333,-119.77313866666668,4.8,2.2556585508729534,20.411008115793713,161.88444444444445,9.434554421460103,4.081866353273827,1.0519262654603585,8.881866353273827
2023-11-02 16:30:00,1698969600.0,17.4,16.07,18.07,28.1,22.4,26.2,23.8,36.785461,-119.773064,16.5,4.6320241173858525,23.467975882614148,389.75999999999993,8.449633963364619,-2.719597135699594,-0.582972198385392,13.780402864300406
2023-11-02 17:30:00,1698971700.0,14.25,13.198333333333332,14.758333333333333,26.5,23.8,25.183333333333334,24.383333333333336,36.78539983333334,-119.7731335,15.0,4.1585904911455644,22.341409508854436,339.15000000000003,6.698936333908581,-3.9251420752033965,-0.8727544743451311,11.074857924796603
2023-11-02 18:30:00,1698975300.0,14.06,13.166666666666666,14.371666666666668,22.383333333333336,31.816666666666663,21.58333333333333,32.68333333333333,36.7853795,-119.773107,15.9,4.7876158045300565,17.59571752880328,447.3423333333333,9.312061753227596,-5.385891568807896,-1.223881420336855,10.514108431192104
2023-11-02 20:30:00,1698982500.0,17.896666666666665,16.830000000000002,18.20833333333333,17.983333333333334,41.56666666666666,18.433333333333334,40.35,36.785356666666665,-119.773127,24.7,4.721868152930137,13.261465180403198,743.9047777777777,14.085027073463714,-11.464693002540736,-2.6850703456534553,13.235306997459263
2023-11-02 21:30:00,1698986100.0,15.466666666666669,14.565,15.701666666666668,16.133333333333333,48.95,16.283333333333335,49.11666666666667,36.78537,-119.77315633333336,22.7,5.389376794923378,10.743956538409954,757.0933333333335,12.252211812428527,-11.867746697067806,-2.7819541805954437,10.832253302932193
2023-11-02 22:30:00,1698989400.0,16.384,15.384,16.692,14.72,54.64,15.06,54.17999999999999,36.785398,-119.773169,19.7,5.669289169271468,9.050710830728534,895.22176,12.86065044644878,-8.385459204175243,-1.9449010254871124,11.314540795824756
2023-11-02 23:30:00,1698993000.142857,18.1,16.965714285714284,18.482857142857146,13.62857142857143,58.457142857142856,14.157142857142857,57.84285714285714,36.78543971428572,-119.773167,20.2,5.62453197159427,8.00403945697716,1058.0742857142857,14.093830175240502,-7.6411185076816075,-1.7659804941561419,12.558881492318392
2023-11-03 00:30:00,1698996900.0,24.88,23.226666666666663,25.523333333333337,12.816666666666668,61.56666666666666,13.2,61.41666666666666,36.78538133333333,-119.773154,28.8,5.608616316457049,7.20805035020962,1531.7786666666666,19.557355635828642,-10.724628789991904,-2.5071777720617794,18.075371210008097
2023-11-03 12:30:00,1699040101.0,31.485,29.475,32.2,25.925,32.725,23.25,37.05,36.78540425,-119.77315525,24.0,8.287321108426715,17.637678891573287,1030.3466250000001,23.505103130619297,1.0468242372779102,0.32237949935725657,25.04682423727791
2023-11-03 13:30:00,1699043101.0,22.67833333333333,21.385,22.993333333333336,27.433333333333334,29.266666666666666,25.133333333333336,31.916666666666668,36.78539783333333,-119.77312966666666,20.0,7.949536583322282,19.483796750011052,663.7192222222221,15.285541373953219,-2.1477492169195003,-0.445514534239631,17.8522507830805
2023-11-03 14:30:00,1699046701.0,16.473333333333333,15.62,16.58666666666667,28.45,24.98333333333333,25.933333333333334,27.016666666666666,36.7854065,-119.773107,10.5,6.501654587663849,21.94834541233615,411.5587777777777,8.762396574478473,2.3756526801318003,0.6417959872143828,12.8756526801318
2023-11-03 15:30:00,1699050301.0,15.601666666666668,14.808333333333332,15.69,29.183333333333334,24.666666666666668,26.416666666666668,26.95,36.785426,-119.773149,14.3,6.934775018435043,22.24855831489829,384.84111111111116,7.7914855835197905,-2.1377368289664354,-0.44310781137617206,12.162263171033565
2023-11-03 16:30:00,1699053901.0,14.268333333333333,13.543333333333337,14.348333333333334,28.683333333333334,25.28333333333333,26.45,27.05,36.7854265,-119.77311066666664,15.3,6.872803509820896,21.81052982351244,360.7510277777777,6.965233855462753,-4.284147613327523,-0.9590502552079996,11.015852386672478
2023-11-03 17:30:00,1699057501.0,12.841666666666669,12.205,12.893333333333333,26.8,29.066666666666663,25.2,30.6,36.7853895,-119.7730955,12.0,7.303620011842988,19.496379988157013,373.26444444444445,7.131990473917579,-2.367354970767268,-0.4983021600497924,9.632645029232732
2023-11-03 18:30:00,1699061101.0,14.08,13.355,14.178333333333333,22.83333333333333,38.18333333333333,21.766666666666666,40.28333333333334,36.78537933333333,-119.77309916666668,20.4,7.833216453002212,15.000116880331117,537.6213333333333,10.117692597857175,-10.18825226410091,-2.378246526654997,10.211747735899088
2023-11-03 19:30:00,1699064701.0,16.761666666666667,15.835,16.955000000000002,19.616666666666667,46.6,19.516666666666666,47.36666666666667,36.78540116666667,-119.7731185,19.2,7.86264617653126,11.754020490135407,781.0936666666666,13.05307832772884,-7.166533092499304,-1.6519022568028077,12.033466907500696
2023-11-03 21:30:00,1699071901.0,35.79,33.09666666666667,37.13,16.166666666666668,58.4,16.533333333333335,58.36666666666667,36.78539,-119.77313616666667,32.9,7.991714711139934,8.174951955526733,2090.136,28.64532438901281,-5.538307264254133,-1.2605182686791294,27.361692735745866
2023-11-03 22:30:00,1699075501.0,34.715,32.27333333333333,35.79333333333333,14.933333333333332,63.03333333333333,15.433333333333332,62.36666666666667,36.785398,-119.77311066666668,28.8,7.95324155420906,6.980091779124272,2188.202166666667,27.520723752928543,-2.5699019374885523,-0.5469892882371444,26.23009806251145
2023-11-03 23:30:00,1699079101.0,28.08833333333333,26.12,28.95,14.133333333333333,60.68333333333334,14.933333333333332,59.25,36.78542566666667,-119.77313233333332,21.9,6.641361736907968,7.491971596425365,1704.4936944444444,22.209203156850954,-1.096175559420626,-0.192743029981353,20.803824440579373
2023-11-04 00:30:00,1699082701.0,30.521666666666665,28.4,31.436666666666667,13.1,65.46666666666667,13.6,64.73333333333333,36.78539466666667,-119.77313483333334,31.8,6.768331395402591,6.331668604597408,1998.1517777777776,23.85030589787025,-9.200118641090192,-2.1407243896982058,22.59988135890981
2023-11-04 01:30:00,1699086301.0,35.45666666666667,32.83833333333333,36.715,12.55,64.8,13.466666666666669,62.5,36.7854195,-119.77314366666668,31.5,6.096661393208672,6.453338606791329,2297.592,28.046699695528794,-4.737947124105553,-1.0681320909434635,26.762052875894447
2023-11-04 02:30:00,1699089901.0,38.465,35.45666666666667,40.04833333333334,12.183333333333332,64.35000000000001,13.016666666666666,62.56666666666666,36.78539666666666,-119.77315883333334,28.2,5.647545274078048,6.5357880592552835,2475.2227500000004,30.562512760530158,1.1014621405822993,0.3355130586750294,29.3014621405823
2023-11-04 03:30:00,1699092001.0,40.34,36.97,42.27,12.0,67.2,12.2,67.7,36.785416,-119.773125,30.4,6.10023113554655,5.89976886445345,2710.8480000000004,31.71093704922842,0.3272992509063428,0.1494240322251287,30.72729925090634
2023-11-04 11:30:00,1699123501.0,33.620000000000005,30.3,35.905,25.8,28.9,23.15,32.5,36.785358,-119.773132,33.5,6.3590554766010055,19.440944523398997,971.618,23.909265180451797,-6.475268680335411,-1.4857399113913847,27.02473131966459
2023-11-04 12:30:00,1699125901.0,29.84166666666667,27.290000000000003,31.36,27.48333333333333,27.633333333333336,24.8,30.28333333333333,36.78540666666667,-119.77314133333334,31.2,7.150107710387121,20.33322562294621,824.6247222222223,20.42933811290551,-7.272843183094356,-1.6774564929002196,23.927156816905644
2023-11-04 13:30:00,1699129501.0,27.66333333333333,25.26833333333333,29.1,29.0,25.96666666666667,26.1,28.633333333333336,36.7854335,-119.77311966666667,33.0,7.531171350368607,21.468828649631394,718.3245555555555,17.866980290478473,-10.811765326716674,-2.5281231745133437,22.188234673283326
2023-11-04 14:30:00,1699133101.0,26.816666666666663,24.671666666666667,27.98333333333333,30.3,24.2,27.566666666666663,26.2,36.7854145,-119.7731235,27.0,7.595524811427925,22.704475188572076,648.9633333333333,16.432748211703945,-5.431566067991433,-1.2348604057674393,21.568433932008567
2023-11-04 15:30:00,1699136701.0,25.55,23.653333333333336,26.471666666666668,31.1,22.95,27.633333333333336,25.73333333333333,36.78539283333333,-119.77314883333334,26.1,7.488054291390913,23.61194570860909,586.3725,14.83622715239093,-5.528645523038957,-1.25819583235401,20.571354476961044
2023-11-04 16:30:00,1699140301.0,23.738333333333333,22.03833333333333,24.515,30.1,23.25,27.46666666666667,25.21666666666667,36.78537,-119.77308783333332,29.2,6.841870566918648,23.258129433081354,551.91625,13.686411174532832,-10.159372181856128,-2.371304490992484,19.04062781814387
2023-11-04 17:30:00,1699143901.0,23.445,21.813333333333333,24.141666666666666,28.4,26.23333333333333,26.7,27.416666666666668,36.785377,-119.77310316666666,26.3,7.171348659140329,21.22865134085967,615.0405,14.80327540425181,-7.654305782701705,-1.7691503789474992,18.645694217298296
2023-11-04 18:30:00,1699147501.0,34.14833333333333,31.653333333333336,35.32833333333333,24.15,36.43333333333333,22.78333333333333,38.53333333333333,36.785418666666665,-119.7730815,32.2,8.310963801600849,15.83903619839915,1244.137611111111,26.346970054018556,-5.110816119873526,-1.1577602936655775,27.089183880126477
2023-11-04 19:30:00,1699151101.0,28.968333333333334,26.938333333333333,29.855,20.916666666666668,43.333333333333336,20.716666666666665,43.8,36.7853955,-119.77314366666668,28.3,7.974415927453398,12.94225073921327,1255.2944444444445,22.964274246232755,-5.890372140377899,-1.3451456913039719,22.409627859622102
2023-11-04 20:30:00,1699154701.0,32.21,29.89833333333333,33.27166666666667,19.21666666666667,49.21666666666667,19.366666666666667,49.3,36.785373,-119.77315533333336,30.4,8.301196004301218,10.91547066236545,1585.2688333333335,25.872831931390888,-5.573172310280331,-1.2688989370871202,24.826827689719668
2023-11-04 21:30:00,1699158301.0,41.61666666666667,38.49333333333333,43.16166666666667,18.2,52.91666666666666,18.48333333333333,52.6,36.785405,-119.773127,39.6,8.433434786001225,9.766565213998774,2202.2152777777774,33.687731808983024,-7.088734303723932,-1.6332014109533635,32.51126569627607
2023-11-04 22:30:00,1699161901.0,42.62,39.376666666666665,44.26333333333333,17.166666666666668,55.53333333333333,17.466666666666665,55.6,36.785432166666666,-119.77318183333334,45.5,8.185304297601306,8.981362369065362,2366.8306666666663,34.4692876864635,-12.280463315757117,-2.8811607362128746,33.21953668424288
2023-11-04 23:30:00,1699165501.0,40.68,37.595,42.23166666666666,15.833333333333334,60.45,15.8,61.71666666666667,36.78536166666667,-119.7731055,42.4,8.186667482704708,7.646665850628626,2459.106,32.60543229893183,-11.049941594323261,-2.5853746784971277,31.350058405676737
2023-11-05 00:30:00,1699169101.0,34.37833333333334,31.71333333333333,35.765,14.733333333333334,61.65,15.316666666666668,60.583333333333336,36.785404,-119.773131,28.2,7.43828324359908,7.2950500897342545,2119.42425,27.24667421436713,-2.1822348785661063,-0.4538040083126956,26.017765121433893
2023-11-05 01:30:00,1699171801.0,34.56333333333333,31.82333333333333,36.03333333333333,14.066666666666668,64.06666666666666,14.633333333333333,62.9,36.78538266666666,-119.77315533333336,25.4,7.370697190028724,6.695969476637944,2214.3575555555553,27.174887575522792,0.6514194955896748,0.22733427771761305,26.051419495589673
2023-11-05 10:30:00,1699209900.0,46.2325,41.5175,49.585,26.125,31.625,23.425,35.475,27.58912,-89.829811,36.8,7.957778789454733,18.167221210545268,1462.1028125,34.666902234694284,0.640125261665446,0.22461943175497992,37.44012526166544
2023-11-05 11:30:00,1699212900.0,39.473333333333336,36.333333333333336,41.16833333333333,28.866666666666664,26.866666666666664,25.1,31.08333333333333,36.78553583333333,-119.77306633333336,26.4,7.918299783705985,20.948366882960677,1060.5168888888888,28.037297129130913,5.623702568197579,1.4225443924807037,32.02370256819758
2023-11-05 12:30:00,1699216500.0,34.11333333333334,31.57166666666667,35.35333333333333,29.8,26.016666666666666,26.633333333333336,29.05,36.785447,-119.77310166666666,29.6,8.238131067700904,21.5618689322991,887.5152222222223,23.269464557466193,-2.0180214384639363,-0.4143312828616051,27.581978561536065
2023-11-05 13:30:00,1699220100.0,28.918333333333333,27.11,29.521666666666665,30.28333333333333,25.48333333333333,27.25,28.15,36.78537933333333,-119.7730485,24.7,8.341938901730616,21.941394431602717,736.9355277777777,18.887212866063862,-1.4375729745368346,-0.274806266877247,23.262427025463165
2023-11-05 14:30:00,1699223700.0,20.24,19.063333333333333,20.546666666666667,30.316666666666663,27.066666666666663,27.633333333333336,29.53333333333333,36.785387,-119.77312216666668,14.3,9.263269233625097,21.053397433041567,547.8293333333332,12.152013497830108,1.622535714298019,0.46076586442772594,15.92253571429802
2023-11-05 15:30:00,1699227300.0,14.598333333333334,13.835,14.708333333333334,29.383333333333336,28.6,27.016666666666666,31.016666666666666,36.78542633333333,-119.77310183333331,16.2,9.284768111021647,20.09856522231169,417.5123333333334,8.036793478153449,-5.0742896190897095,-1.1489802538817964,11.12571038091029
2023-11-05 16:30:00,1699230900.0,14.775,13.97,14.926666666666668,26.9,32.483333333333334,25.28333333333333,34.61666666666667,36.78540933333333,-119.7731185,20.2,9.028415873693268,17.87158412630673,479.94125,9.384477424273275,-9.121115537331146,-2.121734057222833,11.078884462668853
2023-11-05 17:30:00,1699234500.0,15.461666666666666,14.586666666666666,15.663333333333334,22.866666666666664,42.23333333333333,21.9,44.25,36.78535733333334,-119.773145,13.8,9.354112801897909,13.512553864768755,652.9977222222221,11.487840034679824,-2.635294807816793,-0.5627080674997884,11.164705192183208
2023-11-05 18:30:00,1699238100.0,19.466666666666665,18.32166666666667,19.776666666666667,20.116666666666667,50.05,20.08333333333333,50.73333333333333,36.78542466666666,-119.773136,20.6,9.37737999796909,10.739286668697577,974.3066666666665,15.209205751609918,-6.47636645335273,-1.4860037880441928,14.123633546647271
2023-11-05 19:30:00,1699241700.0,22.15833333333333,20.741666666666667,22.661666666666665,18.433333333333334,55.98333333333333,18.566666666666663,56.28333333333333,36.7854155,-119.77309033333334,24.6,9.486026360974485,8.947306972358849,1240.4973611111109,17.31967605484045,-8.521817927786444,-1.9776781870679014,16.078182072213558
2023-11-05 20:30:00,1699245300.0,28.065,26.081666666666667,28.94833333333333,17.283333333333335,60.3,17.383333333333336,60.9,36.785372333333335,-119.773164,25.6,9.515049713784215,7.76828361954912,1692.3195,21.989239694272,-4.796484455738561,-1.0822029734409713,20.80351554426144
2023-11-05 21:30:00,1699248900.0,31.968333333333334,29.7,32.986666666666665,16.483333333333334,63.833333333333336,16.900000000000002,63.38333333333333,36.78540483333333,-119.77311066666664,27.1,9.608189251118933,6.875144082214401,2040.645277777778,25.010760279596628,-3.2079353480386636,-0.7003562576374441,23.892064651961338
2023-11-05 22:30:00,1699252500.0,33.64,30.94,35.12,16.533333333333335,60.7,17.066666666666666,59.88333333333333,36.78538516666666,-119.77307883333332,26.2,8.907064471675817,7.626268861657518,2041.948,26.534853273977234,-0.7523317422715756,-0.11009174039181062,25.447668257728424
2023-11-05 23:30:00,1699256100.0,30.301666666666662,27.81833333333333,31.701666666666668,16.466666666666665,58.48333333333333,16.75,58.6,36.785432166666666,-119.77310666666666,23.8,8.294123885358959,8.172542781307707,1772.1424722222218,23.893404169130278,-1.0341765846173523,-0.17784005669770422,22.76582341538265
2023-11-06 00:30:00,1699259700.0,25.536666666666665,23.485,26.65833333333333,15.95,56.68333333333334,16.233333333333334,56.86666666666667,36.7853625,-119.7730725,17.6,7.35078462942651,8.59921537057349,1447.5033888888888,20.10337468206916,1.2695063912602436,0.37590661334703257,18.869506391260245
2023-11-06 01:30:00,1699261800.0,26.62,24.64,27.57,15.7,58.0,16.1,57.7,36.785393,-119.772987,19.9,7.453210281899386,8.246789718100613,1543.96,21.01974180307012,-0.19013722315804316,0.025045492524504553,19.709862776841955
2023-11-06 10:30:00,1699296000.0,25.92,23.976,26.878,22.76,50.38,21.26,54.2,36.7854194,-119.7731046,19.3,11.908174701632236,10.851825298367766,1305.8496000000002,20.176025687023056,0.20613277396541463,0.12029869951673766,19.506132773965415
2023-11-06 11:30:00,1699299300.0,22.741666666666664,21.151666666666667,23.433333333333334,25.816666666666663,38.36666666666667,22.95,43.95,36.785405,-119.77308933333336,14.0,10.559769181347908,15.256897485318754,872.5219444444443,16.834375790638454,3.449151047895622,0.899837632993017,17.449151047895622
2023-11-06 12:30:00,1699302900.0,22.536666666666665,21.118333333333336,23.02,27.066666666666663,35.7,23.9,41.3,36.7853275,-119.77316516666669,16.5,10.584619850971139,16.482046815695526,804.559,16.280503772745362,0.9112939558231368,0.2898014741551489,17.411293955823137
2023-11-06 13:30:00,1699306500.0,18.771666666666665,17.651666666666667,19.095,27.8,33.9,24.61666666666667,39.05,36.78541116666667,-119.77313233333332,8.9,10.452174280331228,17.347825719668773,636.3594999999999,12.79167666683658,5.4516048163841635,1.3811764794532784,14.351604816384164
2023-11-06 14:30:00,1699310100.0,10.845,10.316666666666666,10.873333333333331,27.433333333333334,34.85,24.73333333333333,39.28333333333333,36.7854495,-119.77312333333332,10.6,10.545405000381917,16.887928332951418,377.94825000000003,6.3847499674580135,-2.9276789406922887,-0.6329897606186277,7.672321059307711
2023-11-06 15:30:00,1699313400.0,5.156000000000001,4.918,5.158,26.06,38.6,24.16,42.32,36.7854126,-119.773134,5.8,10.867539816039447,15.192460183960552,199.02160000000003,7.633222086162094,1.5119118198881516,0.434174699845495,7.311911819888151
2023-11-06 16:30:00,1699317000.142857,3.452857142857144,3.291428571428572,3.454285714285714,23.514285714285712,43.65714285714286,22.385714285714283,46.457142857142856,36.78539557142857,-119.77310414285714,1.9,10.434169039904717,13.080116674380996,150.74187755102048,5.720994119278227,3.6454512602082043,0.9470232006407344,5.545451260208204
2023-11-06 17:30:00,1699320900.0,2.648333333333333,2.513333333333333,2.66,21.53333333333333,49.6,21.266666666666666,50.76666666666667,36.78537866666667,-119.773093,8.7,10.544790970994493,10.988542362338839,131.35733333333332,4.685559630414188,-4.178937202386474,-0.9337603540702574,4.521062797613525
2023-11-06 18:30:00,1699324500.0,2.5483333333333333,2.3633333333333333,2.6333333333333333,20.85,52.6,20.85,53.0,36.785392,-119.77309533333332,6.7,10.797753482455283,10.052246517544718,134.04233333333335,4.416770316377016,-2.427129754959531,-0.5126704946017716,4.272870245040469
2023-11-06 19:30:00,1699328100.0,2.703333333333333,2.51,2.79,19.78333333333333,57.4,19.58333333333333,58.88333333333333,36.785389,-119.77311716666668,7.6,11.121546342479167,8.661786990854164,155.1713333333333,4.303780976930407,-3.4475189956412855,-0.757946059900311,4.152481004358714
2023-11-06 20:30:00,1699331700.0,1.7666666666666666,1.6083333333333334,1.8666666666666665,17.416666666666668,68.88333333333334,16.95,71.53333333333333,36.78540566666667,-119.77312466666666,4.2,11.641030546412694,5.775636120253974,121.69388888888889,3.01158385538318,-1.484121100371028,-0.2859952498872415,2.715878899628972
2023-11-06 21:30:00,1699335300.0,2.865,2.69,2.9150000000000005,15.666666666666666,83.28333333333333,15.683333333333332,83.60000000000001,36.785407166666666,-119.77313883333332,2.0,12.838208990457778,2.828457676208888,238.60675,2.9984190729599267,0.911077106183455,0.2897493490289351,2.911077106183455
2023-11-06 22:30:00,1699338900.0,3.985,3.7816666666666654,4.013333333333333,15.55,86.51666666666667,15.766666666666666,85.95,36.785411833333335,-119.77314383333334,5.1,13.30740027348127,2.24259972651873,344.76891666666666,3.464993968404914,-1.3778502745674155,-0.26045045204489226,3.722149725432584
2023-11-06 23:30:00,1699342500.0,3.4933333333333336,3.308333333333333,3.523333333333333,15.333333333333334,84.7,15.466666666666669,84.8,36.78544616666667,-119.773126,2.7,12.769680644648485,2.563652688684849,295.8853333333334,3.2973659744641934,0.6873320579747948,0.2359667423586986,3.387332057974795
2023-11-07 00:30:00,1699346100.0,3.3666666666666667,3.181666666666666,3.4,15.016666666666666,85.23333333333333,15.2,85.10000000000001,36.785371,-119.77309666666667,-0.4,12.555011234728246,2.4616554319384196,286.95222222222225,3.1858403823259582,3.647553041021266,0.9475284151770156,3.2475530410212663
2023-11-07 01:30:00,1699349100.0,3.5575,3.3725,3.5925,14.9,83.75,15.2,83.2,36.78541475,-119.7731285,2.4,12.173170247835111,2.726829752164889,297.940625,3.3988751596732127,1.0944767231519514,0.3338339423723819,3.4944767231519513
2023-11-07 10:30:00,1699383300.0,3.825,3.58,3.905,17.950000000000003,63.05,17.1,65.5,36.785286,-119.773079,7.4,10.811996313179808,7.138003686820195,241.16625,4.871701224859336,-2.5641493033045784,-0.5456065016051654,4.835850696695422
2023-11-07 11:30:00,1699385700.0,3.0583333333333336,2.7533333333333334,3.265,19.166666666666668,55.5,17.95,60.06666666666666,36.78538783333334,-119.77316533333334,5.8,10.040185492775972,9.126481173890696,169.7375,4.639791266914908,-1.2341092276828531,-0.22589876811331813,4.565890772317147
2023-11-07 12:30:00,1699389300.0,2.553333333333333,2.328333333333333,2.6933333333333334,19.7,49.56666666666666,18.6,53.35,36.7854265,-119.773116,3.3,8.850090416648007,10.849909583351993,126.56022222222218,4.551152158827182,1.1393895227756623,0.34462983464334074,4.439389522775662
2023-11-07 13:30:00,1699392900.0,2.678333333333333,2.4833333333333334,2.766666666666667,20.666666666666668,45.43333333333334,19.53333333333333,48.46666666666667,36.78540866666666,-119.7731095,5.9,8.445502522639526,12.221164144027142,121.6856111111111,4.884473766843386,-1.1298812203088824,-0.20084501175313688,4.770118779691118
2023-11-07 14:30:00,1699396500.0,1.9266666666666667,1.76,2.023333333333333,20.966666666666665,42.333333333333336,19.71666666666667,45.35,36.78542066666666,-119.77309933333332,5.1,7.676354555796964,13.290312110869701,81.56222222222223,4.319243479149651,-0.8245095862597118,-0.12744145438369048,4.275490413740288
2023-11-07 15:30:00,1699400100.0,1.6716666666666666,1.495,1.8016666666666667,20.166666666666668,42.03333333333333,19.433333333333334,43.73333333333333,36.78538533333333,-119.7730955,2.2,6.850959012398655,13.315707654268014,70.26572222222222,4.081092836862222,1.867514451504543,0.5196525087187871,4.067514451504543
2023-11-07 16:30:00,1699403700.0,2.026666666666667,1.8583333333333327,2.12,18.616666666666667,46.2,18.216666666666665,47.583333333333336,36.78538766666667,-119.7730485,3.1,6.824179947608,11.792486719058667,93.63200000000002,4.262120775323267,1.0566703891810048,0.3247462633114053,4.156670389181005
2023-11-07 17:30:00,1699407300.0,1.7266666666666666,1.6416666666666666,1.7333333333333334,16.633333333333333,51.93333333333334,16.7,52.43333333333334,36.78537433333333,-119.77308133333334,6.0,6.7077663667043605,9.925566966628972,89.67155555555556,3.8001996169531895,-2.4133090522324885,-0.5093483499347683,3.5866909477675115
2023-11-07 18:30:00,1699410900.0,1.7266666666666666,1.63,1.7483333333333333,15.383333333333333,56.66666666666666,15.766666666666666,56.38333333333333,36.785414333333335,-119.7731335,3.4,6.816785064831354,8.566548268501979,97.84444444444442,3.5890347262504747,-0.0662983044305081,0.05481321212194148,3.333701695569492
2023-11-07 19:30:00,1699414500.0,2.248333333333333,2.135,2.268333333333333,14.6,60.23333333333333,15.15,59.28333333333333,36.78541833333333,-119.7731185,1.6,6.972496459297281,7.627503540702719,135.4246111111111,3.849025467575358,2.0013387798573476,0.5518204662773173,3.6013387798573477
2023-11-07 20:30:00,1699418100.0,2.1266666666666665,2.0,2.17,14.116666666666667,61.68333333333334,14.616666666666667,60.76666666666667,36.78539216666667,-119.77314866666666,2.4,6.863861593496784,7.252805073169883,131.17988888888888,3.670634274829389,1.0169577280653121,0.31520035179419564,3.416957728065312
2023-11-07 21:30:00,1699421700.0,2.3766666666666665,2.2516666666666665,2.396666666666667,13.183333333333332,65.5,13.4,65.7,36.785438,-119.77313983333332,6.0,6.8550214304880654,6.328311902845266,155.67166666666665,3.67933064801403,-2.5674189969895678,-0.546392452627545,3.4325810030104322
2023-11-07 22:30:00,1699425300.0,3.215,3.036666666666666,3.251666666666667,12.1,70.14999999999999,12.45,69.83333333333333,36.785419,-119.773145,3.8,6.820615374608762,5.279384625391238,225.53224999999998,4.022807608572713,0.1204985819049531,0.09971442243000556,3.920498581904953
2023-11-07 23:30:00,1699428900.0,3.4633333333333334,3.27,3.5116666666666667,10.8,75.73333333333333,11.016666666666666,75.64999999999999,36.78540883333333,-119.77309283333334,2.1,6.6843373943630695,4.115662605636931,262.2897777777778,3.8496139204219824,1.7402321700241035,0.48905709248160295,3.8402321700241036
2023-11-08 00:30:00,1699432500.0,5.793333333333333,5.415,5.9366666666666665,9.666666666666666,81.3,10.166666666666666,79.7,36.785401,-119.77308899999998,6.3,6.615756980333733,3.0509096863329335,470.99799999999993,4.884166672236123,-0.7104564745752189,-0.1000259933741439,5.589543525424781
2023-11-08 01:30:00,1699436100.0,7.231666666666666,6.741666666666667,7.43,9.233333333333334,82.05,9.966666666666669,79.45,36.78538583333333,-119.773136,7.7,6.326123882615886,2.907209450717448,593.3582499999999,5.670538535555792,-0.8870064934801256,-0.14246411792888386,6.812993506519875
2023-11-08 02:30:00,1699438500.0,6.6850000000000005,6.25,6.845000000000001,8.7,83.85,9.2,82.05,36.785383,-119.77314,6.5,6.119286226983801,2.580713773016198,560.53725,5.192855503613204,-0.26344531752692024,0.0074240951494484045,6.23655468247308
2023-11-08 11:30:00,1699472400.0,8.53,8.052000000000001,8.638,19.98,46.96,17.68,53.8,36.7854422,-119.7731198,8.8,8.307690975423874,11.672309024576126,400.56879999999995,10.095046302606558,1.0290491938736892,0.3181068319815564,9.82904919387369
2023-11-08 12:30:00,1699475700.0,9.706666666666669,9.253333333333334,9.706666666666669,21.5,42.96666666666667,18.9,49.7,36.78543833333333,-119.77312866666666,10.0,8.376377538056564,13.123622461943436,417.0631111111112,11.630651432868667,1.076155935738857,0.3294300920471288,11.076155935738857
2023-11-08 13:30:00,1699479300.0,9.31,8.875,9.311666666666666,22.73333333333333,39.73333333333333,19.73333333333333,46.5,36.78539416666667,-119.7730675,8.7,8.330115877127561,14.40321745620577,369.9173333333333,11.582627126698078,2.2005117717852265,0.5996965769217928,10.900511771785226
2023-11-08 14:30:00,1699482900.0,8.081666666666667,7.696666666666666,8.098333333333334,23.4,37.0,20.5,42.86666666666667,36.78546833333333,-119.7730905,7.3,7.873880005672709,15.526119994327289,299.0216666666667,10.636690747332587,2.6675470795467637,0.7119599608918671,9.967547079546764
2023-11-08 15:30:00,1699486500.0,7.385000000000001,6.965,7.478333333333333,22.83333333333333,37.516666666666666,20.516666666666666,42.13333333333333,36.78542266666667,-119.77310066666666,8.6,7.574535097965782,15.258798235367546,277.06058333333334,9.865627387227676,0.7279295340795162,0.24572534084668982,9.327929534079516
2023-11-08 16:30:00,1699490100.0,6.196666666666666,5.855,6.271666666666667,20.3,43.03333333333333,18.866666666666667,46.86666666666667,36.7853705,-119.77311066666668,8.6,7.314905106323218,12.985094893676782,266.6632222222222,8.30911679019668,-0.6108458342997167,-0.0760821343748081,7.989154165700283
2023-11-08 17:30:00,1699493700.0,6.721666666666667,6.308333333333334,6.853333333333334,17.349999999999998,51.01666666666667,17.133333333333333,52.43333333333334,36.78540983333333,-119.7731155,6.3,7.110065808033852,10.239934191966146,342.91702777777783,8.119537306483734,1.7236555768145303,0.48507250198603336,8.02365557681453
2023-11-08 18:30:00,1699497300.0,9.576666666666666,8.963333333333333,9.795,15.45,57.65,15.633333333333333,58.11666666666667,36.785389,-119.77310166666666,15.3,7.130363064277776,8.319636935722222,552.0948333333333,9.839008373018872,-5.122846657860059,-1.160652128357524,10.177153342139942
2023-11-08 19:30:00,1699500900.0,9.636666666666668,9.013333333333334,9.868333333333334,13.483333333333334,65.63333333333333,13.833333333333334,65.36666666666666,36.78542516666666,-119.773126,8.9,7.170116443460199,6.313216889873135,632.4865555555556,8.99412460881739,0.9031650319927973,0.2878474880601729,9.803165031992798
2023-11-08 20:30:00,1699504500.0,12.438333333333333,11.633333333333333,12.743333333333332,11.983333333333334,72.0,12.516666666666666,70.66666666666667,36.7853845,-119.773135,15.8,7.088561426158168,4.8947719071751665,895.56,7.793002998099787,-8.656586035286885,-2.0100730050780364,7.143413964713115
2023-11-08 21:30:00,1699508100.0,14.223333333333334,13.345,14.51,10.916666666666666,76.43333333333334,11.766666666666666,73.48333333333333,36.78539933333333,-119.77314383333334,19.3,6.931469845361595,3.9851968213050712,1087.136777777778,8.715873145413578,-10.885401086505125,-2.5458233343035745,8.414598913494876
2023-11-08 22:30:00,1699511700.0,15.62,14.641666666666666,15.95,9.95,81.01666666666667,10.65,78.31666666666666,36.785419,-119.77309266666668,16.4,6.841358804970521,3.1086411950294783,1265.4803333333332,9.184948714040782,-7.046624536808274,-1.6230792963004033,9.353375463191725
2023-11-08 23:30:00,1699515300.0,17.328333333333333,16.224999999999998,17.715,9.1,83.89999999999999,9.616666666666667,81.95,36.78543533333333,-119.77308283333332,16.3,6.5197953440628735,2.580204655937126,1453.8471666666665,10.158262668872876,-5.6618960525684,-1.2902258633006585,10.6381039474316
2023-11-09 00:30:00,1699518900.0,19.988333333333333,18.723333333333333,20.42833333333333,8.366666666666667,86.75,9.1,83.58333333333333,36.78539916666666,-119.77314233333334,20.6,6.285485085638034,2.081181581028633,1733.9879166666667,11.939342061828636,-7.879306052767866,-1.8232347089585934,12.720693947232135
2023-11-09 01:30:00,1699522500.0,24.468333333333334,22.825,25.12166666666667,7.783333333333334,88.03333333333335,8.566666666666666,84.8,36.78537633333333,-119.7731465,22.1,5.924193893370429,1.859139439962905,2154.0289444444447,15.49759003482757,-5.695532973574512,-1.2983113217568492,16.40446702642549
2023-11-09 02:30:00,1699524600.0,24.41,22.82,25.01,7.7,88.1,8.5,84.9,36.785431,-119.773094,19.1,5.853044328536197,1.8469556714638031,2150.5209999999997,15.463890966311908,-2.7476775574549066,-0.5897220160483596,16.352322442545095
2023-11-09 11:30:00,1699558501.0,13.4075,12.7725,13.425,22.825,36.650000000000006,19.875,42.275,36.785391,-119.773035,7.9,7.224727998988204,15.600272001011795,491.3848750000001,9.44206306271419,1.825965167414859,0.5096651198513409,9.72596516741486
2023-11-09 12:30:00,1699561501.0,13.393333333333333,12.765,13.398333333333332,23.48333333333333,34.833333333333336,20.15,40.86666666666667,36.78539783333333,-119.7731145,9.5,7.062975702530367,16.420357630802965,466.53444444444443,9.137503052444544,0.305163108094451,0.14410306770957934,9.805163108094451
2023-11-09 13:30:00,1699565100.8333333,13.081666666666669,12.466666666666669,13.090000000000002,24.166666666666668,31.78333333333333,20.9,36.81666666666667,36.785368166666665,-119.77310183333331,11.3,6.3264893279946,17.840177338672067,415.77897222222225,8.323350182749422,-1.6027218706862563,-0.3145038521187527,9.697278129313744
2023-11-09 14:30:00,1699568700.8333333,11.448333333333332,10.81,11.579999999999998,23.71666666666667,31.78333333333333,21.0,35.88333333333333,36.78543466666667,-119.77309283333334,11.2,5.9345114826591585,17.78215518400751,363.8661944444444,6.956509667843221,-2.8692140823358585,-0.6189362988495762,8.33078591766414
2023-11-09 15:30:00,1699572301.0,9.265,8.653333333333334,9.5,22.366666666666664,33.71666666666667,20.383333333333333,36.9,36.785458,-119.77305233333334,10.6,5.607929197575731,16.75873746909093,312.3849166666667,12.025569069730704,0.5825619170411702,0.21078267090893196,11.18256191704117
2023-11-09 16:30:00,1699575901.0,9.653333333333334,9.011666666666668,9.903333333333334,20.45,37.8,19.23333333333333,40.16666666666666,36.78537616666667,-119.7731285,10.8,5.564321913593969,14.885678086406031,364.896,12.006291008421083,0.5054543081426033,0.19224796708475347,11.305454308142604
2023-11-09 17:30:00,1699579501.0,10.593333333333334,9.941666666666666,10.8,17.650000000000002,46.1,17.266666666666666,47.35,36.78545416666666,-119.773144,16.4,5.911136635827526,11.738863364172477,488.3526666666667,8.005600465999713,-9.502073081634334,-2.21330654084808,6.897926918365664
2023-11-09 18:30:00,1699583101.0,11.713333333333331,11.01,11.915,15.416666666666666,54.333333333333336,15.683333333333332,54.31666666666666,36.78538516666666,-119.773211,15.2,6.236122954055589,9.180543712611076,636.4244444444444,8.872729837516257,-7.777699240776911,-1.798811021158227,7.422300759223088
2023-11-09 19:30:00,1699586701.0,13.485,12.659999999999998,13.74,14.016666666666666,58.76666666666667,14.533333333333331,57.93333333333334,36.7854335,-119.77312316666666,17.9,6.065313152766194,7.951353513900472,792.4685000000001,10.138664108325589,-9.217669330457596,-2.1449431280818962,8.682330669542402
2023-11-09 20:30:00,1699590301.0,16.608333333333334,15.601666666666668,16.913333333333334,12.633333333333333,63.63333333333333,13.133333333333333,62.78333333333333,36.785366833333335,-119.7731475,21.3,5.912537531118433,6.7207958022149,1056.8436111111112,12.402820080952484,-10.248515784954582,-2.3927323410432284,11.051484215045418
2023-11-09 21:30:00,1699593901.0,16.833333333333332,15.801666666666668,17.158333333333335,11.4,68.36666666666666,12.233333333333334,66.46666666666667,36.78541883333333,-119.7731105,17.4,5.776292439759636,5.623707560240365,1150.8388888888887,12.086492504543301,-6.397506144011329,-1.467047779707211,11.00249385598867
2023-11-16 12:30:00,1700167200.0,0.926,0.884,0.93,26.76,39.3,24.3,43.72,29.4283568,-95.818402,0.2,11.762928230191806,14.997071769808196,36.391799999999996,3.4876119082638186,3.3585591616936767,0.8780616525987145,3.558559161693677
2023-11-16 13:30:00,1700170500.0,0.9383333333333334,0.8833333333333333,0.9416666666666668,26.916666666666668,38.45,24.6,42.35,36.78534716666667,-119.77315633333336,0.0,11.571125558865386,15.345541107801282,36.07891666666667,3.5163482367078815,3.614824824621242,0.9396613861466375,3.614824824621242
2023-11-16 14:30:00,1700174100.0,0.6683333333333333,0.625,0.685,26.816666666666663,36.56666666666667,24.616666666666664,39.833333333333336,36.7853565,-119.77313499999998,1.1,10.724472167813735,16.092194498852926,24.438722222222225,3.304736686715693,2.3782984610775606,0.6424319655168332,3.4782984610775607
2023-11-16 15:30:00,1700177700.3333333,0.745,0.6883333333333334,0.765,25.866666666666664,38.36666666666667,23.866666666666664,41.833333333333336,36.78539283333333,-119.77316683333332,4.4,10.604256584552422,15.262410082114242,28.583166666666667,3.330123488385036,-0.9505591595579075,-0.15774055899370976,3.449440840442093
2023-11-16 16:30:00,1700181300.0,1.1733333333333331,1.0116666666666667,1.3083333333333331,23.066666666666663,46.16666666666666,22.08333333333333,48.46666666666667,36.78535716666666,-119.7730675,3.2,10.86824993118053,12.198416735486132,54.168888888888866,3.442100397669007,0.20882212088818441,0.12094514996963103,3.4088221208881846
2023-11-16 17:30:00,1700184900.0,4.233333333333333,3.97,4.321666666666666,20.08333333333333,55.833333333333336,19.666666666666668,57.51666666666667,36.78531816666666,-119.77318566666666,6.7,10.984291057579043,9.099042275754286,236.36111111111111,5.654643552707839,-1.1197201625648399,-0.19840255246129257,5.58027983743516
2023-11-16 18:30:00,1700188500.0,4.003333333333334,3.793333333333333,4.036666666666666,18.55,60.81666666666666,18.883333333333333,60.41666666666666,36.785369333333335,-119.7731985,7.1,10.835480103620359,7.714519896379642,243.46938888888891,5.179285760776567,-1.9881202024871918,-0.40714378786957545,5.111879797512808
2023-11-16 19:30:00,1700192100.0,14.716666666666669,13.685,15.168333333333331,17.416666666666668,67.03333333333333,17.483333333333334,67.5,36.785342,-119.77311466666669,7.7,11.229224560476332,6.1874421061903355,986.5072222222224,10.043007680344722,1.5984573122192183,0.4549780302896303,9.298457312219218
2023-11-16 20:30:00,1700195700.0,18.906666666666663,17.55,19.53,16.3,71.86666666666666,16.25,72.36666666666666,36.78539033333333,-119.77315633333332,10.3,11.211826368234103,5.088173631765898,1358.7591111111108,13.035809201711743,2.261684580021482,0.6144009608204528,12.561684580021483
2023-11-16 21:30:00,1700199300.0,25.313333333333333,23.543333333333333,26.081666666666667,15.1,77.35000000000001,15.016666666666666,78.01666666666667,36.78539666666666,-119.77311316666668,18.6,11.163354496336796,3.936645503663204,1957.9863333333335,17.772903453307535,-0.9531405912147513,-0.15836106936726962,17.64685940878525
2023-11-16 22:30:00,1700202900.0,29.105,26.921666666666667,30.183333333333334,14.033333333333331,81.60000000000001,14.066666666666668,81.89999999999999,36.785409666666666,-119.77315033333332,17.1,10.932250222436968,3.1010831108963632,2374.9680000000003,20.295772424831988,3.506066195334867,0.9135185837573385,20.60606619533487
2023-11-16 23:30:00,1700206500.0,33.16166666666667,30.67833333333333,34.385,13.033333333333331,84.85000000000001,13.2,84.39999999999999,36.78544183333333,-119.7731235,20.3,10.541457888519037,2.491875444814294,2813.767416666667,23.234496746586053,3.5370987304334527,0.9209780142231742,23.837098730433453
2023-11-17 00:30:00,1700209500.25,32.785,30.0925,34.2975,12.35,87.025,12.575,86.225,36.78544325,-119.77311175,14.7,10.250071348167397,2.0999286518326024,2853.1146249999997,22.427912989535464,8.71295928780977,2.1651229674458174,23.41295928780977
2023-11-17 08:30:00,1700239500.0,10.875,10.3275,10.93,17.5,61.575,17.0,62.425,36.7853515,-119.7730865,11.8,10.031613442980863,7.468386557019137,669.6281250000001,7.480362653592305,-5.442019976309246,-1.237373258872905,6.357980023690755
2023-11-17 09:30:00,1700242500.0,8.268333333333333,7.873333333333334,8.278333333333334,20.616666666666667,50.3,18.58333333333333,56.6,36.78540733333333,-119.77311183333336,9.2,9.9118268589864,10.704839807680267,415.89716666666664,9.57813092514191,0.2206644500098207,0.1237917440476125,9.42066445000982
2023-11-17 10:30:00,1700246100.0,8.235,7.848333333333334,8.241666666666667,23.48333333333333,43.833333333333336,20.866666666666664,50.43333333333334,36.78535466666667,-119.7731515,9.4,10.466625842395821,13.01670749093751,360.9675,10.157286452131888,0.33701523642224984,0.15175950749753975,9.73701523642225
2023-11-17 11:30:00,1700249700.1666667,5.8566666666666665,5.585,5.8566666666666665,25.28333333333333,39.28333333333334,23.0,43.583333333333336,36.78536166666667,-119.773131,8.3,10.439049714711286,14.844283618622045,230.0693888888889,8.270755585981956,-0.4090948648447883,-0.027586343641534866,7.890905135155212
2023-11-17 13:30:00,1700256900.0,4.336666666666667,4.13,4.341666666666667,25.416666666666668,36.71666666666667,23.55,39.833333333333336,36.7854035,-119.77311966666666,2.6,9.547028284494242,15.869638382172425,159.22794444444446,6.945118884730492,4.092811219327428,1.054557132291746,6.692811219327428
2023-11-17 14:30:00,1700260500.0,4.135000000000001,3.928333333333333,4.156666666666666,24.016666666666666,38.95,23.15,40.13333333333333,36.78543916666667,-119.77312616666666,1.7,9.181629208797712,14.835037457868953,161.05825000000004,6.621445859986439,4.696284426403736,1.1996167096636798,6.396284426403736
2023-11-17 15:30:00,1700264100.0,4.1433333333333335,3.936666666666667,4.165,22.95,41.66666666666666,22.566666666666663,42.016666666666666,36.78536966666667,-119.77317166666668,0.9,9.228227362258192,13.721772637741807,172.63888888888886,6.477489672860655,5.35840345288137,1.3587732472274376,6.25840345288137
2023-11-17 16:30:00,1700267100.0,3.37,3.21,3.37,22.275,42.375,22.1,42.5,36.78540125,-119.7731665,2.7,8.87060384636813,13.404396153631868,142.80375,5.717622971603297,2.8411920645366884,0.7536997893383175,5.5411920645366886
2023-12-04 11:30:00,1701718801.0,19.80666666666667,18.543333333333333,20.256666666666664,20.46666666666667,41.2,17.133333333333333,48.5,24.52357866666667,-79.848699,16.9,6.82898433186084,13.637682334805827,816.0346666666668,15.330936690891434,-2.048356644455831,-0.42162309318404473,14.851643355544168
2023-12-04 12:30:00,1701721501.0,19.33666666666667,18.290000000000003,19.53,21.1,39.11666666666667,17.966666666666665,45.21666666666667,36.785433000000005,-119.77342733333334,15.1,6.640496891991207,14.459503108008795,756.3859444444446,14.840401006505314,-0.5371564187823417,-0.05836907711494599,14.562843581217658
2023-12-04 13:30:00,1701725315.142857,16.865714285714287,15.93142857142857,17.055714285714284,22.214285714285715,36.91428571428571,19.228571428571428,42.21428571428572,36.78545171428571,-119.77298842857144,11.7,6.788198743854895,15.42608697043082,622.5857959183674,12.412413561738493,0.9059578394326611,0.28851880778432526,12.60595783943266
2023-12-04 14:30:00,1701728701.0,13.455,12.71,13.608333333333334,21.666666666666668,37.266666666666666,18.883333333333333,42.266666666666666,36.78537766666667,-119.773056,10.1,6.44039611856218,15.226270548104488,501.423,9.641298073946139,-0.3652019461791891,-0.017035604757700062,9.73479805382081
2023-12-04 15:30:00,1701732301.0,9.911666666666669,9.393333333333333,9.988333333333332,20.433333333333334,40.38333333333333,18.633333333333333,43.85,36.785404166666666,-119.77304816666668,6.4,6.507434074698707,13.925899258634626,400.266138888889,12.071625323594429,4.994317922139059,1.2712563656204015,11.39431792213906
2023-12-04 16:30:00,1701735901.0,7.426666666666667,7.0633333333333335,7.455000000000001,18.78333333333333,46.333333333333336,17.5,49.66666666666666,36.7853145,-119.773154,5.3,7.018247708537329,11.765085624796003,344.1022222222222,9.20073802404357,3.5932955331178027,0.9344862932179283,8.893295533117803
2023-12-04 17:30:00,1701739501.0,10.935,10.348333333333334,11.036666666666669,15.9,56.53333333333333,15.483333333333334,58.2,36.78530933333334,-119.77311333333334,8.0,7.265263009760885,8.634736990239116,618.192,8.058391073908815,-1.3391372010594633,-0.2511448159106238,6.660862798940537
2023-12-04 18:30:00,1701743101.0,16.758333333333333,15.618333333333334,17.226666666666667,14.1,64.73333333333333,14.35,64.2,36.78543016666666,-119.77318583333332,17.1,7.554076856453903,6.545923143546097,1084.8227777777777,12.247353346520676,-5.978152897270711,-1.366245947863746,11.12184710272929
2023-12-04 19:30:00,1701746701.0,21.64,20.065,22.376666666666665,12.783333333333331,71.73333333333333,12.95,71.36666666666666,36.78549966666667,-119.77316916666666,19.6,7.8035600857897105,4.979773247543621,1552.3093333333334,15.522775834249337,-4.744849953962758,-1.0697913552985583,14.855150046037243
2023-12-04 20:30:00,1701750301.0,23.598333333333333,21.81833333333333,24.481666666666666,11.166666666666666,79.11666666666666,11.516666666666666,77.61666666666666,36.785382166666665,-119.77310933333332,19.7,7.679307471660897,3.4873591950057694,1867.021472222222,16.110770114652112,-3.5765016145373743,-0.7889501939132169,16.123498385462625
2023-12-04 21:30:00,1701753901.0,32.53666666666667,30.045,33.80833333333333,10.066666666666666,83.83333333333333,10.516666666666667,81.08333333333333,36.785356666666665,-119.77311316666668,25.8,7.455096405754708,2.611570260911958,2727.657222222222,22.91847774249168,-2.4348390157340347,-0.5145236043946942,23.365160984265966
2023-12-04 22:30:00,1701757501.0,29.52,27.188333333333333,30.761666666666667,9.35,83.55,9.7,81.28333333333335,36.78551233333334,-119.773136,20.2,6.703783966889463,2.6462160331105364,2466.3959999999997,20.38870775551206,0.655534017218173,0.22832330384423966,20.855534017218172
2023-12-04 23:30:00,1701761101.0,28.848333333333333,26.52333333333333,30.13,8.266666666666667,85.14999999999999,8.5,83.36666666666667,36.78542083333333,-119.773088,18.1,5.917322300138068,2.3493443665286,2456.435583333333,19.540719037994414,2.113407980099897,0.5787590455430894,20.2134079800999
2023-12-05 00:30:00,1701764701.0,27.126666666666665,24.99833333333333,28.25333333333333,7.5,86.03333333333335,7.883333333333333,83.61666666666666,36.78536583333334,-119.77312583333334,18.8,5.313501181575825,2.186498818424175,2333.797555555556,17.97361342195352,-0.07125846190868401,0.053620916691016984,18.728741538091317
2023-12-05 01:30:00,1701768301.0,28.505,26.286666666666665,29.668333333333333,6.866666666666667,86.88333333333333,7.25,84.53333333333333,36.785351,-119.77311983333334,14.3,4.832175815524794,2.0344908511418733,2476.609416666666,19.009758021545895,5.539292183904969,1.4022542875883746,19.83929218390497
2023-12-05 02:30:00,1701771901.0,26.33833333333333,24.346666666666668,27.33333333333333,6.316666666666666,87.8,6.716666666666666,85.3,36.78525483333333,-119.7731095,15.5,4.4411433336432955,1.875523333023371,2312.5056666666665,17.043757671520943,2.4806556879086656,0.6670360339178447,17.980655687908666
2023-12-05 03:30:00,1701775501.0,26.32333333333333,24.258333333333336,27.41333333333333,5.9,88.13333333333333,6.3,85.45,36.785304333333336,-119.77302433333334,19.3,4.084758534218849,1.8152414657811518,2319.9631111111107,16.935116194096643,-1.3486001833975365,-0.2534194756677477,17.951399816602464
2023-12-05 04:30:00,1701779101.0,23.058333333333334,21.308333333333334,23.945000000000004,5.433333333333334,88.16666666666667,5.766666666666667,85.83333333333333,36.785345,-119.77311066666668,15.4,3.6302388279019686,1.803094505431365,2032.976388888889,14.19962556669384,-0.18186087219252833,0.027034916345084495,15.218139127807472
2023-12-05 05:30:00,1701782701.0,20.398333333333333,18.866666666666667,21.156666666666663,5.133333333333333,88.73333333333333,5.583333333333333,85.75,36.78534266666667,-119.773141,11.5,3.4254468448715816,1.7078864884617513,1810.0121111111112,11.844660835165158,1.4643079843884266,0.4227319511403317,12.964307984388427
2023-12-05 06:30:00,1701786301.0,18.665,17.301666666666666,19.30666666666667,4.983333333333333,88.75,5.483333333333333,85.61666666666667,36.78538633333333,-119.77315766666668,8.6,3.280164792259832,1.7031685410735014,1656.51875,10.390946685670865,2.9133176616186827,0.7710369445056545,11.513317661618682
2023-12-05 07:30:00,1701789901.0,18.67,17.30333333333333,19.32,5.333333333333333,88.8,5.95,84.56666666666666,36.7853935,-119.77317933333336,13.0,3.6333776796586577,1.6999556536746754,1657.8960000000002,10.378020977755735,-1.4850051669132913,-0.2862077569504974,11.514994833086709
2023-12-05 08:30:00,1701793501.0,20.798333333333336,19.175,21.656666666666663,9.133333333333333,76.23333333333333,9.5,74.86666666666666,36.78536983333333,-119.77313083333333,10.5,5.165749164181536,3.967584169151797,1585.526277777778,14.242107434691686,3.425451127110003,0.8941407761108928,13.925451127110003
2023-12-05 09:30:00,1701797101.0,25.081666666666667,23.131666666666664,26.096666666666668,15.316666666666668,55.16666666666666,12.983333333333334,63.5,36.7853755,-119.77311333333334,10.8,6.3640593179208,8.952607348745868,1383.6719444444443,19.912471033694366,7.76485506504287,1.9372228780194414,18.56485506504287
2023-12-05 10:30:00,1701800701.0,26.83,24.676666666666662,28.0,19.0,46.16666666666666,16.066666666666666,54.38333333333333,36.78537566666667,-119.773089,15.6,7.16317159855763,11.83682840144237,1238.6516666666664,21.283148665798876,4.878633715401774,1.2434488309342822,20.478633715401774
2023-12-05 11:30:00,1701804301.0,24.541666666666668,22.64,25.531666666666663,21.316666666666663,42.63333333333333,17.633333333333333,51.96666666666667,36.7854155,-119.7731615,15.6,8.095982281539683,13.22068438512698,1046.2930555555556,19.08425479595012,3.141238641465618,0.8258233387036208,18.741238641465618
2023-12-05 12:30:00,1701807901.0,22.99833333333333,21.42833333333333,23.64833333333333,22.566666666666663,40.93333333333333,19.28333333333333,48.23333333333333,36.785410500000005,-119.773125,14.3,8.620423892013337,13.946242774653326,941.3984444444443,17.682723608300343,3.2352458499208723,0.8484202755162773,17.535245849920873
2023-12-05 13:30:00,1701811501.0,23.69333333333333,21.995,24.471666666666664,23.03333333333333,39.46666666666667,19.73333333333333,46.48333333333333,36.785424,-119.77307766666668,13.7,8.498908581133842,14.53442475219949,935.0968888888889,18.0680685703948,4.490210623134047,1.1500818198637615,18.190210623134046
2023-12-05 14:30:00,1701815101.0,20.82333333333333,19.223333333333333,21.641666666666666,22.683333333333334,38.61666666666667,20.116666666666667,43.583333333333336,36.78540616666667,-119.77308516666666,15.7,7.865491531415579,14.817841801917755,804.1277222222221,15.592812631808872,0.1316900493342814,0.10240456594662543,15.83169004933428
2023-12-05 15:30:00,1701818701.0,19.561666666666667,17.996666666666666,20.41,22.3,38.56666666666667,20.116666666666667,42.7,36.785384,-119.77315133333332,14.5,7.504680079068602,14.795319920931398,754.4282777777779,14.555278612328927,0.27865050278074754,0.1377301131579311,14.778650502780748
2023-12-05 16:30:00,1701822301.0,20.445,18.736666666666668,21.433333333333334,20.383333333333333,43.41666666666666,19.016666666666666,46.46666666666667,36.78539833333333,-119.773145,14.7,7.52020928775162,12.863124045581714,887.6537499999998,15.734634651020095,0.5745929092446751,0.20886712455247697,15.274592909244674
2023-12-05 17:30:00,1701825901.0,25.343333333333334,23.37833333333333,26.363333333333333,16.983333333333334,52.93333333333334,16.666666666666668,54.13333333333333,36.78535166666666,-119.77312216666668,18.6,7.310426051812694,9.67290728152064,1341.5071111111113,20.115890892814694,0.2957059302092446,0.141829803194978,18.895705930209246
2023-12-05 18:30:00,1701829501.0,26.313333333333333,24.19,27.481666666666666,14.5,60.81666666666666,14.483333333333334,61.43333333333334,36.78539516666667,-119.77313833333334,20.7,7.019021565671129,7.480978434328871,1600.2892222222222,20.520271762544166,-1.3878726359480922,-0.26285957226614165,19.312127364051907
2023-12-05 19:30:00,1701833101.0,27.725,25.61,28.793333333333333,12.8,67.63333333333334,13.066666666666668,67.26666666666667,36.785348166666665,-119.77308933333336,26.1,6.95740564175032,5.842594358249681,1875.134166666667,21.144506544199146,-5.948479903321875,-1.3591133164376854,20.151520096678126
2023-12-05 20:30:00,1701836700.8333333,35.96333333333333,33.151666666666664,37.445,11.666666666666666,71.81666666666666,11.883333333333333,71.08333333333333,36.785402833333336,-119.77310816666666,29.1,6.746759377277265,4.919907289389401,2582.766722222222,27.575427828750676,-2.265726498939415,-0.473873265776712,26.834273501060586
2023-12-05 21:30:00,1701840301.0,39.51333333333333,36.50333333333333,41.03833333333333,10.833333333333334,75.23333333333333,11.383333333333333,73.03333333333333,36.78538533333333,-119.77311566666668,35.2,6.620118625400526,4.213214707932808,2972.7197777777774,30.170607762863636,-5.56693865193175,-1.26740052450654,29.633061348068253
2023-12-05 22:30:00,1701843901.0,33.435,30.88833333333333,34.72666666666667,10.45,73.81666666666666,10.716666666666669,73.01666666666667,36.785372333333335,-119.77313233333332,24.6,5.973739799815933,4.476260200184067,2468.06025,25.255381939011514,0.01876061440360388,0.07525920818789397,24.618760614403605
2023-12-05 23:30:00,1701847501.0,32.413333333333334,29.865,33.765,9.333333333333334,77.76666666666667,9.466666666666669,77.3,36.785372333333335,-119.77313616666667,24.8,5.64685844051201,3.686474892821324,2520.6768888888887,23.796128916381925,-1.233965676257334,-0.22586426200952966,23.566034323742667
2023-12-06 00:30:00,1701851101.0,30.171666666666667,27.746666666666663,31.501666666666665,8.75,79.08333333333333,9.05,77.98333333333333,36.7853955,-119.77314116666668,21.4,5.322093465472927,3.4279065345270734,2386.075972222222,21.68249395944567,0.2246029927519686,0.12473846933539323,21.624602992751967
2023-12-06 01:30:00,1701854701.0,28.396666666666665,26.058333333333334,29.721666666666664,8.016666666666667,81.91666666666667,8.416666666666666,79.89999999999999,36.78534766666667,-119.77311716666668,14.1,5.113866229053581,2.9028004376130863,2326.1602777777775,19.70226150327487,5.897583646633281,1.4883784229267791,19.99758364663328
2023-12-06 02:30:00,1701858301.0,28.88,26.555000000000003,30.156666666666663,7.766666666666667,82.53333333333335,8.4,79.41666666666667,36.78531833333333,-119.77308533333331,15.6,4.977324693343894,2.789341973322773,2383.562666666667,20.040256703266564,4.771046852780428,1.2175876913847157,20.371046852780427
2023-12-06 03:30:00,1701861901.0,23.886666666666667,21.881666666666664,25.045,7.783333333333334,80.38333333333334,8.35,77.91666666666667,36.7853865,-119.77313483333334,14.1,4.614884411887084,3.1684489214462497,1920.0898888888892,16.143602212852983,2.2012415706763893,0.5998720019737706,16.30124157067639
2023-12-06 04:30:00,1701865501.0,20.726666666666667,18.975,21.745,7.433333333333334,80.53333333333333,7.666666666666667,79.41666666666667,36.78535466666667,-119.7731575,10.6,4.300301286785667,3.133032046547666,1669.1875555555555,13.45913698372652,3.0499795512105745,0.8038869794609645,13.649979551210574
2023-12-06 05:30:00,1701869101.0,23.848333333333333,21.771666666666665,25.10833333333333,6.5,84.68333333333334,6.916666666666667,82.43333333333334,36.7853795,-119.773112,15.6,4.104973206484183,2.395026793515817,2019.556361111111,15.35049057991456,0.4536575909330782,0.1797973564866972,16.053657590933078
2023-12-06 06:30:00,1701872701.0,27.72833333333333,25.225,29.305000000000003,6.1000000000000005,86.21666666666665,6.616666666666667,83.3,36.7853915,-119.77310316666666,19.6,3.968090225152807,2.1319097748471934,2390.644472222222,18.300227512790265,-0.3770759004605928,-0.019889800718012662,19.22292409953941
2023-12-06 07:30:00,1701876301.0,34.09166666666667,30.755,36.37166666666667,6.383333333333333,85.58333333333333,7.133333333333333,81.55,36.785373166666666,-119.77312466666666,17.7,4.141322391794067,2.2420109415392657,2917.6784722222224,23.61983249987815,6.878408466509949,1.7241437099003598,24.57840846650995
2023-12-06 08:30:00,1701879901.0,42.78833333333333,38.34333333333333,45.98333333333333,9.633333333333333,74.85000000000001,9.766666666666667,74.53333333333333,36.78538566666666,-119.77311083333332,30.0,5.385851391341207,4.247481941992126,3202.70675,32.39426645840554,2.3922300913978347,0.6457807743498747,32.392230091397835
2023-12-06 09:30:00,1701883501.0,43.458333333333336,38.77333333333333,46.91666666666666,14.75,58.06666666666666,13.733333333333334,62.26666666666667,36.78538383333333,-119.77311833333331,22.9,6.57940041220384,8.170599587796161,2523.4805555555554,34.446797977473565,10.893940684495924,2.6893753053285483,33.79394068449592
2023-12-06 10:30:00,1701887101.0,35.391666666666666,31.691666666666663,38.05833333333333,18.25,47.73333333333333,16.966666666666665,51.28333333333333,36.7853755,-119.77312216666668,17.7,6.965571202367004,11.284428797632996,1689.362222222222,28.02470981217403,9.863042458830769,2.4415736478979566,27.56304245883077
2023-12-06 11:30:00,1701890701.0,24.04833333333333,21.725,25.615,20.566666666666663,40.766666666666666,19.45,42.65,36.785425,-119.77308933333332,12.8,6.764682907309813,13.801983759356851,980.3703888888887,18.43174466354784,5.622058355356451,1.4221491656221674,18.42205835535645
2023-12-06 12:30:00,1701894301.0,14.746666666666668,13.738333333333337,15.163333333333334,24.8,31.7,22.95,33.13333333333333,36.785365500000005,-119.7731475,8.9,6.839715236141417,17.960284763858585,467.46933333333334,9.44603689828267,2.1944401705706422,0.5982371187456369,11.094440170570643
2023-12-06 13:30:00,1701897901.0,13.063333333333333,12.161666666666669,13.445,25.766666666666666,28.7,24.08333333333333,29.6,36.78539166666667,-119.77312216666668,8.3,6.229533567268554,19.537133099398112,374.91766666666666,7.273796142432481,1.536474642010436,0.44007897621491804,9.836474642010437
2023-12-06 14:30:00,1701901501.0,15.688333333333333,14.403333333333334,16.41,26.016666666666666,31.35,24.46666666666667,33.0,36.785373666666665,-119.77314766666666,11.8,7.735206415958818,18.28146025070785,491.82925,9.858539546793903,0.09980653766861991,0.09474058240415614,11.89980653766862
2023-12-06 15:30:00,1701905101.0,6.838333333333334,6.381666666666667,7.023333333333333,20.96666666666667,45.5,19.75,48.36666666666667,36.78539266666667,-119.77310666666666,7.1,8.740044764291149,12.22662190237552,311.1441666666667,8.646391084824852,1.3210012291684041,0.38828465985548255,8.421001229168404
2023-12-06 16:30:00,1701908701.0,5.1066666666666665,4.8,5.194999999999999,19.0,49.36666666666667,18.65,50.35,36.78538366666667,-119.77310433333332,3.5,8.147019795644386,10.852980204355614,252.0991111111111,6.844618217939608,3.193112374264068,0.8382924618862451,6.693112374264068
2023-12-06 17:30:00,1701912301.0,14.405,13.186666666666667,15.12,18.1,50.15,17.916666666666668,50.6,36.785400333333335,-119.7731285,13.3,7.550599557084637,10.549400442915363,722.4107499999999,10.915585673449211,-3.416109865569478,-0.7503961056017429,9.883890134430523
2023-12-06 18:30:00,1701915901.0,24.636666666666667,22.39833333333333,26.05333333333333,17.516666666666666,52.083333333333336,17.400000000000002,52.53333333333333,36.7853865,-119.77312616666666,15.6,7.567080423996009,9.949586242670657,1283.1597222222222,19.33458506520413,2.747090346941297,0.7310801349372654,18.347090346941297
2023-12-06 19:30:00,1701919501.0,27.15333333333333,24.805000000000003,28.566666666666663,16.849999999999998,55.93333333333334,16.650000000000002,56.85,36.7854195,-119.77320483333334,18.2,7.995706989872775,8.854293010127222,1518.7764444444442,21.342101209271398,2.059644324162683,0.5658356330091571,20.259644324162682
2023-12-06 20:30:00,1701923101.0,18.7,17.003333333333334,19.775,15.583333333333334,63.56666666666666,15.4,64.73333333333333,36.78537116666667,-119.773126,14.6,8.693167366344934,6.8901659669884,1188.6966666666665,13.690243984642013,-1.7952278355512163,-0.36077737938962695,12.804772164448783
2023-12-06 21:30:00,1701926701.0,8.74,8.025,9.14,14.116666666666667,72.60000000000001,14.083333333333334,73.03333333333333,36.7854055,-119.77313083333333,8.1,9.263823402757206,4.852843263909461,634.5240000000001,7.497151828772175,0.5431105862761019,0.20129957654710132,8.643110586276102
2023-12-06 22:30:00,1701930301.0,7.123333333333334,6.575,7.403333333333333,13.1,77.76666666666667,13.516666666666666,75.73333333333333,36.785414,-119.773168,4.7,9.303525352792944,3.796474647207056,553.9578888888889,5.96136532030929,2.2467631074067125,0.610814219129381,6.946763107406713
2023-12-06 23:30:00,1701933901.0,4.64,4.288333333333333,4.808333333333334,12.766666666666666,79.61666666666666,13.333333333333334,77.28333333333333,36.78535716666666,-119.77304316666668,1.4,9.329278518129478,3.437388148537188,369.4213333333333,4.275189187415055,3.2663434168583376,0.8558953379786175,4.6663434168583375
2023-12-07 00:30:00,1701937501.0,2.5166666666666666,2.36,2.565,12.35,83.26666666666667,12.783333333333331,80.96666666666665,36.78535866666667,-119.77311816666668,-1.6,9.590208114484774,2.7597918855152255,209.55444444444444,2.7960666878038536,4.205966652679645,1.0817568143106608,2.6059666526796446
2023-12-07 01:30:00,1701941101.0,5.843333333333334,5.3566666666666665,6.123333333333334,11.583333333333334,86.08333333333333,11.783333333333331,84.46666666666667,36.78537566666667,-119.77309816666668,6.0,9.33396982950933,2.2493635038240036,503.0136111111111,4.442230173650133,-0.6221945225093011,-0.07881006975968426,5.377805477490699
2023-12-07 02:30:00,1701944701.0,6.158333333333334,5.671666666666667,6.421666666666667,10.6,88.43333333333334,10.883333333333333,86.41666666666667,36.78538966666667,-119.77312333333332,4.1,8.766169159991502,1.8338308400084973,544.6019444444445,4.429660588181013,1.4289205020528746,0.4142257023596748,5.528920502052874
2023-12-07 03:30:00,1701948301.0,5.735,5.2716666666666665,5.991666666666667,10.166666666666666,87.2,10.833333333333334,83.68333333333334,36.785387166666666,-119.773113,2.3,8.131933505368842,2.034733161297824,500.09200000000004,4.299887063669397,2.9229535371375395,0.773353163376656,5.222953537137539
2023-12-07 04:30:00,1701951901.0,3.695,3.438333333333333,3.803333333333333,10.216666666666669,84.41666666666667,10.966666666666669,81.03333333333333,36.78533116666667,-119.77312083333334,2.4,7.703812414994729,2.512854251671939,311.9195833333333,3.4002665243655983,1.1796344054507104,0.3543036786579058,3.5796344054507103
2023-12-07 05:30:00,1701955501.0,1.9933333333333327,1.8416666666666668,2.066666666666667,10.233333333333333,82.45,11.0,79.11666666666666,36.785375,-119.77313716666669,4.5,7.374386111214193,2.8589472221191397,164.35033333333328,2.5145941248686956,-2.3101177447710946,-0.4845437898096751,2.1898822552289054
2023-12-07 06:30:00,1701959101.0,2.841666666666667,2.6833333333333336,2.875,9.683333333333334,83.86666666666666,10.15,81.63333333333334,36.78529033333333,-119.773107,6.0,7.085433854623213,2.5978994787101204,238.3211111111111,2.9676547607246286,-3.1405988388345794,-0.6841702771294301,2.8594011611654206
2023-12-07 07:30:00,1701962701.0,3.485,3.276666666666667,3.546666666666667,9.183333333333332,85.61666666666667,9.55,83.43333333333334,36.7853455,-119.7731335,4.3,6.8966322530179065,2.2867010803154253,298.3740833333334,3.2250151127988107,-0.9689829437816013,-0.16216916712699975,3.3310170562183985
2023-12-07 08:30:00,1701966301.0,3.016666666666667,2.803333333333333,3.11,10.566666666666666,81.01666666666667,10.7,80.33333333333333,36.78538916666667,-119.773145,4.6,7.4429505911477,3.123716075518966,244.4002777777778,3.212016650450091,-1.434538112382839,-0.2740767633694218,3.1654618876171607
2023-12-07 09:30:00,1701969901.0,2.1983333333333337,1.655,2.773333333333333,14.2,66.8,13.366666666666667,70.88333333333334,36.785373,-119.77312733333332,4.6,8.111241776391925,6.088758223608075,146.84866666666667,3.2012766894250033,-1.3935628931481876,-0.2642273650610902,3.206437106851812
2023-12-07 10:30:00,1701973800.5714283,1.5757142857142856,1.0457142857142858,2.1700000000000004,16.8,54.385714285714286,15.342857142857143,59.57142857142857,36.78540142857143,-119.77309957142856,2.0,7.536844866766452,9.26315513323355,85.6963469387755,3.2731423263305914,1.3230075090427142,0.38876691840026073,3.3230075090427142
2023-12-07 11:30:00,1701977700.0,1.225,0.7833333333333333,1.7233333333333334,18.46666666666667,43.15,16.816666666666666,46.91666666666666,36.785382,-119.773145,0.4,5.696415489389172,12.770251177277498,52.85875,3.444152864754903,3.2154459756099416,0.8436608904004476,3.6154459756099415
2023-12-07 12:30:00,1701981300.0,1.1933333333333334,0.73,1.7233333333333334,19.33333333333333,36.516666666666666,17.833333333333332,38.55,36.78540233333333,-119.77311216666668,0.7,4.076302430778328,15.257030902555002,43.57655555555556,3.6211359166478285,3.2421689551476023,0.8500844135534178,3.9421689551476025
2023-12-07 13:30:00,1701984900.0,1.175,0.7183333333333333,1.6966666666666663,19.85,33.516666666666666,18.35,35.13333333333333,36.78540816666666,-119.77315533333336,2.0,3.313267027625167,16.536732972374836,39.382083333333334,3.6973658005341865,2.086408926324391,0.5722691611800513,4.086408926324391
2023-12-07 14:30:00,1701988500.0,1.2583333333333333,0.7916666666666666,1.788333333333333,19.53333333333333,33.1,18.3,34.31666666666667,36.78545166666667,-119.77315166666666,2.9,2.85833823668003,16.6749950966533,41.65083333333333,3.793308064825524,1.281885150212434,0.3788821514835032,4.181885150212434
2023-12-07 15:30:00,1701992100.0,1.315,0.8333333333333334,1.86,18.53333333333333,34.016666666666666,17.783333333333335,34.43333333333334,36.785369333333335,-119.773149,0.4,2.3647596860574183,16.168573647275913,44.73191666666666,3.821114060737297,3.782670862180748,0.9800072954371174,4.182670862180748
2023-12-07 17:30:00,1701999300.0,2.305,1.91,2.678333333333333,14.65,42.4,14.716666666666669,41.85,36.78536716666667,-119.77311216666664,2.7,1.9946715321140887,12.655328467885912,97.732,4.572642171710859,1.904282621131201,0.5284906395326182,4.604282621131201
2023-12-07 18:30:00,1702002900.0,2.591666666666667,2.225,2.9133333333333336,13.216666666666669,46.55,13.5,45.7,36.78537566666667,-119.77314633333332,2.6,2.0010398008846098,11.21562686578206,120.64208333333333,4.675577936792726,2.034300410579531,0.5597436021613683,4.634300410579531
2023-12-07 19:30:00,1702006500.0,2.306666666666666,1.99,2.5766666666666667,12.083333333333334,50.0,12.483333333333334,48.833333333333336,36.785403,-119.7731515,3.4,1.9629198118245328,10.120413521508802,115.33333333333331,4.2817135157626955,0.799538646917425,0.26293834636614233,4.199538646917425
2023-12-07 20:30:00,1702010100.0,1.985,1.6483333333333334,2.303333333333333,11.55,54.68333333333334,12.2,52.98333333333333,36.78535416666667,-119.77314633333332,2.6,2.7278406930967023,8.822159306903298,108.54641666666667,3.7622490617741073,1.0666464895034724,0.3271442635533849,3.6666464895034725
2023-12-07 21:30:00,1702013700.0,1.51,1.2516666666666667,1.7533333333333332,11.183333333333332,58.96666666666667,11.833333333333334,57.28333333333333,36.78538066666667,-119.77314633333332,-0.3,3.4518020188742606,7.731531314459071,89.03966666666668,3.2153278634629214,3.320434585958976,0.8688974763292274,3.0204345859589763
2023-12-07 22:30:00,1702017300.0,1.653333333333333,1.3733333333333333,1.915,10.716666666666669,67.51666666666667,11.116666666666667,66.3,36.785360833333336,-119.773127,-0.2,4.942937898810187,5.773728767856482,111.62755555555553,2.9290351963721966,2.889364873362961,0.7652793047289228,2.689364873362961
2023-12-07 23:30:00,1702020900.0,1.6,1.3083333333333331,1.8833333333333333,10.05,77.23333333333333,10.55,75.23333333333333,36.78537633333333,-119.77308,1.6,6.242785569142594,3.8072144308574067,123.57333333333334,2.4248554808917873,0.5231723929046219,0.19650694305465688,2.123172392904622
2023-12-08 00:30:00,1702024500.0,2.0666666666666664,1.7183333333333335,2.401666666666667,9.466666666666669,81.88333333333334,9.95,79.63333333333333,36.7853635,-119.7731105,3.2,6.52452395804819,2.942142708618478,169.22555555555556,2.464868278211548,-0.9154089810370252,-0.1492913520015881,2.284591018962975
2023-12-08 01:30:00,1702028100.0,2.5583333333333336,2.06,3.051666666666667,8.916666666666666,84.16666666666667,9.383333333333333,81.66666666666667,36.78535583333333,-119.773126,1.9,6.386300204212243,2.530366462454423,215.3263888888889,2.5548629852239237,0.6944660840913834,0.23768158040171022,2.5944660840913834
2023-12-08 02:30:00,1702031700.0,2.7783333333333338,2.138333333333333,3.4416666666666664,8.35,85.64999999999999,8.816666666666666,83.03333333333333,36.78539266666667,-119.77314383333334,1.5,6.0839544627825335,2.266045537217466,237.96425000000002,2.5138698424328503,1.208448195118165,0.36122977927452565,2.708448195118165
2023-12-08 03:30:00,1702035300.0,3.385,2.853333333333333,3.866666666666666,7.8,87.98333333333333,8.133333333333335,85.7,36.78535783333333,-119.77313883333332,3.3,5.932387968719666,1.8676120312803342,297.8235833333333,2.8051226737607453,-0.18332482176478182,0.026683020181750665,3.116675178235218
2023-12-08 04:30:00,1702038900.0,5.718333333333334,5.359999999999999,5.838333333333334,7.35,90.31666666666666,7.816666666666666,87.23333333333333,36.78543733333333,-119.77310966666666,9.4,5.86727870644593,1.4827212935540697,516.4608055555556,4.09939189580947,-4.358268622781054,-0.9768670566494441,5.041731377218946
2023-12-08 05:30:00,1702042500.0,7.6816666666666675,7.18,7.871666666666667,7.400000000000001,90.78333333333336,7.6,88.98333333333333,36.78538433333333,-119.773108,5.9,5.991324621250842,1.4086753787491588,697.3673055555558,5.080518471832144,0.8415231535487715,0.27303035163944717,6.741523153548772
2023-12-08 06:30:00,1702046100.0,8.791666666666666,8.201666666666666,9.021666666666668,7.316666666666666,91.11666666666667,7.333333333333333,90.48333333333332,36.785379166666665,-119.77314983333332,2.8,5.961994808659288,1.3546718580073787,801.0673611111112,5.616146520551357,4.898811504942073,1.2482990572387707,7.698811504942073
2023-12-08 07:30:00,1702049700.0,10.056666666666668,9.376666666666669,10.333333333333334,7.649999999999999,90.58333333333331,7.649999999999999,90.06666666666666,36.785401,-119.77312716666664,2.3,6.20651088137529,1.4434891186247087,910.9663888888889,2.6898330833063575,1.9194604626044187,0.5321390057628108,4.2194604626044185
2023-12-08 08:30:00,1702053300.0,8.888333333333334,8.25,9.175,8.35,84.86666666666666,8.0,86.60000000000001,36.785439833333335,-119.77316133333332,6.3,5.950828112073053,2.399171887926947,754.3232222222222,6.327204831858969,1.817783224865285,0.507698389407627,8.117783224865285
2023-12-08 09:30:00,1702056900.0,11.071666666666667,10.311666666666666,11.39,8.200000000000001,83.81666666666666,7.45,87.81666666666666,36.78539166666666,-119.7731385,6.5,5.62372885025926,2.576271149740741,927.9901944444445,4.816286616266371,-1.0922212378120744,-0.19179251185626803,5.407778762187926
2023-12-08 10:30:00,1702060500.0,10.805,9.933333333333334,11.288333333333334,8.016666666666667,82.71666666666667,7.416666666666667,86.10000000000001,36.785377,-119.7731235,6.9,5.253743049611534,2.762923617055134,893.7535833333334,4.720493721260791,-1.6601907120423487,-0.32831789678787315,5.239809287957652
2023-12-08 11:30:00,1702064100.0,10.673333333333332,9.725,11.26,8.433333333333332,77.81666666666666,7.883333333333333,81.45,36.78534566666666,-119.77309916666668,4.1,4.782126215319609,3.6512071180137227,830.5632222222221,5.394405794679322,1.2752381427694965,0.37728438031627604,5.375238142769496
2023-12-08 12:30:00,1702067700.0,10.563333333333334,9.665,11.096666666666666,9.116666666666667,72.71666666666665,8.5,76.85000000000001,36.78535216666666,-119.77314516666668,2.6,4.4719068190127365,4.644759847653931,768.1303888888889,6.106498623784486,2.9388178069043875,0.7771665294726298,5.538817806904388
2023-12-08 13:30:00,1702071300.0,11.098333333333334,10.256666666666666,11.516666666666666,10.283333333333331,67.55,9.583333333333334,72.10000000000001,36.7853985,-119.77312066666668,4.5,4.5361441144660795,5.747189218867252,749.6924166666668,7.2854920713594,1.7453637472672803,0.490290592854806,6.24536374726728
2023-12-08 14:30:00,1702074900.0,7.946666666666666,7.325,8.27,12.366666666666667,58.01666666666667,11.016666666666666,64.38333333333334,36.785387,-119.77313616666667,5.4,4.331737177671044,8.034929488995623,461.03911111111114,8.432980924303443,3.3256453774548795,0.8701500177897358,8.72564537745488
2023-12-08 15:30:00,1702078500.0,7.32,6.753333333333333,7.62,12.8,55.66666666666666,11.383333333333333,61.71666666666667,36.785375,-119.7731335,3.5,4.146652447972022,8.653347552027979,407.47999999999996,8.155799482217569,4.8007397511870415,1.224725107335092,8.300739751187042
2023-12-08 16:30:00,1702082100.0,8.241666666666667,7.581666666666667,8.603333333333333,11.266666666666666,61.333333333333336,10.483333333333333,65.55,36.78535733333333,-119.77316183333332,6.5,4.090261496613676,7.176405170052989,505.48888888888894,8.327237223382795,2.307524132529359,0.6254196208632513,8.807524132529359
2023-12-08 17:30:00,1702085700.0,13.808333333333332,12.741666666666667,14.36,9.183333333333334,71.35000000000001,9.283333333333331,72.03333333333333,36.78537983333333,-119.77312466666666,10.9,4.264785673643055,4.918547659690279,985.2245833333334,9.088869860090192,-2.57782824985048,-0.5488945716993708,8.32217175014952
2023-12-08 18:30:00,1702089300.0,19.881666666666664,18.466666666666665,20.516666666666666,7.733333333333333,77.85000000000001,8.166666666666666,76.51666666666667,36.78536066666667,-119.77313633333334,19.4,4.10838222487969,3.6249511084536437,1547.78775,13.333759150898615,-6.3224840644075115,-1.4490143839685377,13.077515935592487
2023-12-08 19:30:00,1702092900.0,22.67,20.926666666666662,23.565,6.766666666666667,82.2,7.416666666666667,79.43333333333334,36.78541033333334,-119.7731655,17.9,3.941715176520394,2.8249514901462724,1863.4740000000002,14.921379690321057,-2.707705858067717,-0.5801138383331714,15.192294141932281
2023-12-08 21:30:00,1702100100.0,37.75833333333333,35.02166666666667,39.02666666666666,5.166666666666667,87.46666666666665,5.733333333333333,84.43333333333334,36.78543083333333,-119.77313233333332,35.6,3.254422797105214,1.9122438695614528,3302.595555555555,26.89547665412499,-8.048347415970603,-1.8638679440666832,27.551652584029398
2023-12-08 22:30:00,1702103700.0,50.77333333333333,47.080000000000005,52.51,4.6000000000000005,88.46666666666665,5.1000000000000005,86.36666666666667,36.785406,-119.77314866666666,45.1,2.856900783022888,1.7430992169771127,4491.747555555555,37.7967273006312,-6.709754855923613,-1.5421044113087516,38.39024514407639
2023-12-08 23:30:00,1702107300.0,55.12833333333333,51.156666666666666,56.96,3.983333333333333,90.11666666666667,4.533333333333333,87.41666666666667,36.785441,-119.77307383333334,45.4,2.508861967722941,1.474471365610392,4967.981638888889,41.232415850518635,-3.4489373606552434,-0.7582869986977113,41.951062639344755
2023-12-09 00:30:00,1702110900.0,59.665,55.38666666666666,61.615,3.45,89.55,3.8333333333333335,87.75,36.78541933333333,-119.77310433333334,47.2,1.89343729593865,1.55656270406135,5343.00075,45.223310310131424,-1.4250345536469524,-0.2717923500804939,45.77496544635305
2023-12-09 01:30:00,1702114500.0,56.473333333333336,52.181666666666665,58.64000000000001,3.1,92.5,3.5666666666666664,89.73333333333333,36.78535583333333,-119.77312333333332,43.8,2.0016045023555304,1.0983954976444696,5223.783333333334,41.81885603487984,-0.8431239949630793,-0.13191588378316754,42.95687600503692
2023-12-09 02:30:00,1702118100.0,40.03333333333333,36.89833333333333,41.685,3.1,91.86666666666667,3.5500000000000003,89.35000000000001,36.785362166666665,-119.773145,30.3,1.9052776130119358,1.1947223869880643,3677.728888888889,27.90061621733278,-1.0655441583903738,-0.18538002192125075,29.234455841609627
2023-12-09 03:30:00,1702121700.0,36.44166666666666,33.651666666666664,37.87166666666666,2.7,89.64999999999999,2.783333333333333,89.36666666666667,36.78538383333333,-119.77312083333334,21.4,1.1684093712255925,1.5315906287744077,3266.995416666666,25.321861729180892,4.940665268477392,1.2583596352042323,26.34066526847739
2023-12-09 04:30:00,1702125300.0,36.45,33.565000000000005,37.998333333333335,2.25,91.5,2.65,89.60000000000001,36.78541616666666,-119.77311983333334,29.2,1.007839327588208,1.242160672411792,3335.175,24.922049619062665,-2.9450836468331083,-0.6371734083555366,26.25491635316689
2023-12-09 05:30:00,1702128900.0,31.761666666666667,29.258333333333336,33.093333333333334,1.95,90.71666666666664,2.2333333333333334,90.06666666666666,36.7853755,-119.77313366666668,19.9,0.5915977205262118,1.358402279473788,2881.3125277777767,21.1067225246185,2.4717861184438945,0.664904015490276,22.371786118443893
2023-12-09 06:30:00,1702132500.0,27.905,25.64333333333333,29.156666666666663,1.65,90.41666666666669,2.0,89.06666666666666,36.78541116666667,-119.77309033333334,17.0,0.24910445350551574,1.4008955464944841,2523.077083333334,17.862416195338238,2.1602270509138215,0.5900131568202381,19.16022705091382
2023-12-09 07:30:00,1702136100.0,28.496666666666663,26.26,29.685,1.9666666666666668,92.23333333333332,2.4333333333333336,89.63333333333333,36.7853845,-119.77312316666666,16.2,0.8382201275219805,1.1284465391446863,2628.342555555555,18.035816434810105,3.3641817136389065,0.8794131707760967,19.564181713638906
2023-12-09 08:30:00,1702139700.0,34.215,31.63166666666667,35.501666666666665,4.816666666666666,90.88333333333333,4.783333333333333,89.55,36.78540766666666,-119.773126,18.7,3.4524375936491114,1.364229073017555,3109.57325,23.18021060214476,5.7159599690159375,1.4447207201373713,24.415959969015937
2023-12-09 09:30:00,1702143300.0,36.725,33.501666666666665,38.695,10.283333333333331,69.5,9.133333333333336,74.91666666666667,36.78534583333333,-119.77316933333331,19.7,4.944277028490307,5.339056304843025,2552.3875000000003,28.399730860614582,7.887614921827673,1.9667312186294843,27.587614921827672
2023-12-09 10:30:00,1702146900.0,36.78833333333333,33.23166666666666,39.18666666666667,13.716666666666669,57.78333333333333,11.0,68.58333333333333,36.78536916666667,-119.77317166666668,22.7,5.539766844585462,8.176899822081207,2125.7525277777772,29.28713737896346,5.527833178738,1.3994998348187535,28.227833178738
2023-12-09 11:30:00,1702150500.0,35.27333333333333,31.91,37.51333333333333,15.7,51.583333333333336,12.8,62.083333333333336,36.78539966666667,-119.77310666666666,20.6,5.746473678088812,9.953526321911188,1819.5161111111113,28.259633277909096,6.671081959911312,1.6743077021496546,27.271081959911314
2023-12-09 12:30:00,1702154100.0,28.376666666666665,25.8,30.008333333333336,17.150000000000002,47.11666666666667,14.25,56.38333333333333,36.7853705,-119.77313116666666,18.8,5.770144022618172,11.37985597738183,1337.0139444444444,22.602388043504952,2.9250047858930124,0.7738462312942778,21.725004785893013
2023-12-09 13:30:00,1702157700.1666667,22.785,20.911666666666665,23.84,18.0,43.833333333333336,14.983333333333334,52.23333333333333,36.7853795,-119.77308783333336,17.0,5.500673816536302,12.499326183463698,998.7425000000001,17.980363913021755,0.21141909310896168,0.1215693958986553,17.21141909310896
2023-12-09 14:30:00,1702161300.0,20.42833333333333,18.766666666666666,21.35166666666667,17.9,43.21666666666667,15.8,48.68333333333334,36.785388833333336,-119.77312333333332,12.4,5.205893043232236,12.694106956767762,882.8444722222222,16.031166872001208,2.870672982988184,0.7607862507105282,15.270672982988184
2023-12-09 15:30:00,1702164900.0,15.416666666666666,14.261666666666663,15.986666666666666,17.333333333333332,42.93333333333334,15.5,47.45,36.78537033333333,-119.773131,9.9,4.598688448212281,12.734644885121051,661.8888888888889,11.977160350236296,1.1919733859969543,0.35726965507947767,11.091973385996955
2023-12-09 16:30:00,1702168500.0,13.001666666666669,12.123333333333331,13.356666666666667,14.766666666666666,49.78333333333333,13.8,53.083333333333336,36.78537616666667,-119.773117,8.6,4.374507156345642,10.392159510321024,647.2663055555556,10.205527371176746,0.1281994345976578,0.10156551113437286,8.728199434597657
2023-12-09 17:30:00,1702172100.0,21.65,20.00333333333333,22.488333333333333,11.933333333333332,59.91666666666666,11.766666666666666,61.3,36.78539033333333,-119.77308533333331,18.1,4.385168375953545,7.548164957379787,1297.195833333333,16.934718971704477,-2.6442399149914237,-0.5648582432674667,15.455760085008578
2023-12-09 18:30:00,1702175700.0,42.53,39.11333333333334,44.39000000000001,10.1,65.53333333333333,10.583333333333334,64.46666666666667,36.78535383333333,-119.77317933333336,38.0,3.9284449233256096,6.17155507667439,2787.132666666667,33.925229387901595,-5.356953416457188,-1.2169254261009959,32.64304658354281
2023-12-09 19:30:00,1702179300.0,44.1,40.90333333333333,45.598333333333336,9.1,68.43333333333334,9.816666666666666,66.25,36.785385,-119.77313466666668,38.1,3.5902165572418894,5.50978344275811,3017.9100000000003,35.13936855847361,-4.28879377891699,-0.9601670749920515,33.81120622108301
2023-12-09 20:30:00,1702182900.0,51.50333333333333,47.90166666666667,53.075,8.133333333333333,72.21666666666667,8.616666666666667,70.43333333333334,36.78541366666666,-119.77318333333334,52.1,3.4264430343008936,4.706890299032439,3719.3990555555556,41.01932467131803,-12.284576914602049,-2.882149540525852,39.81542308539795
2023-12-09 21:30:00,1702186500.0,82.325,73.77166666666666,88.46166666666666,7.016666666666667,76.66666666666667,7.433333333333334,75.0,36.785404166666666,-119.77314383333334,75.0,3.195125196909392,3.8215414697572747,6311.583333333334,65.06158611697893,-9.621342276880867,-2.2419758153959473,65.37865772311913
2023-12-10 00:30:00,1702197300.0,74.82333333333334,69.29666666666667,77.48166666666667,4.816666666666666,87.05,5.283333333333333,84.45,36.7853825,-119.77314633333332,68.0,2.842334799489477,1.9743318671771894,6513.371166666667,58.47242693034622,-9.417851803884318,-2.193061892348554,58.58214819611568
2023-12-10 01:30:00,1702200900.0,68.14999999999999,62.945,70.795,4.466666666666667,87.01666666666667,5.0,84.35000000000001,36.78535933333333,-119.773088,55.1,2.492489290243264,1.9741773764234027,5930.185833333332,52.71598660194459,-2.099277909034818,-0.4338632672836685,53.00072209096518
2023-12-10 02:30:00,1702204500.0,67.65,62.355,70.44666666666667,3.75,87.0,3.983333333333333,86.03333333333335,36.78538116666667,-119.7731145,57.3,1.7845077185051483,1.9654922814948517,5885.55,52.23817933006829,-4.716756528724716,-1.0630384119297815,52.58324347127528
2023-12-10 03:30:00,1702208100.0,56.22666666666667,51.79166666666666,58.59666666666666,3.3000000000000003,89.35000000000001,3.75,86.95,36.78543916666666,-119.77314366666668,40.4,1.7140334011931047,1.5859665988068956,5023.852666666668,42.11094947998933,2.5083837746714224,0.673701159229082,42.90838377467142
2023-12-10 04:30:00,1702211700.0,50.35999999999999,46.40166666666666,52.45666666666667,3.0,89.39999999999999,3.35,87.53333333333335,36.785389,-119.77314016666666,33.6,1.4256899573243034,1.5743100426756966,4502.183999999999,37.13626059413012,4.397660883239901,1.1278352213445506,37.9976608832399
2023-12-10 05:30:00,1702215300.0,42.126666666666665,38.865,43.82666666666668,2.733333333333333,88.46666666666665,2.983333333333333,87.06666666666666,36.78541216666667,-119.7731095,24.3,1.0163139602920237,1.7170193730413092,3726.805777777777,30.35784788417076,6.856202701180322,1.7188060099061184,31.156202701180323
2023-12-10 06:30:00,1702218900.0,46.34,42.71666666666667,48.25,2.216666666666667,89.05,2.45,88.10000000000001,36.78536616666667,-119.77314883333334,33.9,0.5979264725055868,1.61874019416108,4126.577,33.81393489450471,0.7519585625002705,0.25150130681585015,34.65195856250027
2023-12-10 07:30:00,1702222500.0,43.44,40.115,45.13166666666667,2.8000000000000003,88.86666666666667,3.3166666666666664,85.78333333333335,36.7853825,-119.77314616666666,28.0,1.1448705611146006,1.6551294388853997,3860.368,31.417088502824498,4.2349262460880865,1.0887179624302998,32.23492624608809
2023-12-10 08:30:00,1702226100.0,33.943333333333335,31.475,35.1,6.7,75.64999999999999,7.033333333333334,74.71666666666667,36.7853865,-119.77313483333334,26.0,2.699599981375972,4.000400018624028,2567.8131666666663,25.62765629424972,-1.0478390359133876,-0.18112416175428034,24.952160964086612
2023-12-10 09:30:00,1702229700.0,25.415000000000003,23.543333333333333,26.313333333333333,12.45,55.76666666666667,11.233333333333334,60.8,36.78542266666667,-119.7731005,19.7,3.845457547459893,8.604542452540105,1417.3098333333337,20.443772517648547,-0.8863405888606977,-0.14230405143126382,18.8136594111393
2023-12-10 10:30:00,1702233000.4,30.662,28.214,31.99,16.2,45.760000000000005,13.54,53.7,36.7853914,-119.7730988,19.6,4.482426817695273,11.717573182304726,1403.09312,24.787644953398313,4.1049736422125385,1.057480668751766,23.70497364221254
2023-12-10 11:30:00,1702236301.0,31.096666666666668,28.825,32.16833333333334,17.733333333333334,41.18333333333333,14.6,49.03333333333333,36.78537733333334,-119.77309033333334,22.3,4.364068823088782,13.369264510244552,1280.6643888888889,25.00264800507363,1.9980074962718923,0.5510197106126983,24.298007496271893
2023-12-10 12:30:00,1702239901.0,27.01,24.976666666666663,28.02,19.08333333333333,36.96666666666667,15.883333333333333,43.66666666666666,36.785356,-119.77313116666666,16.1,4.029030818617943,15.054302514715385,998.4696666666667,21.117031366420495,4.990324838437068,1.27029653007604,21.09032483843707
2023-12-10 13:30:00,1702243500.8333333,27.60833333333333,25.43166666666667,28.76833333333333,19.683333333333334,34.65,16.866666666666667,39.61666666666667,36.785359166666666,-119.77312066666668,15.6,3.6386804765968086,16.044652856736526,956.6287499999999,21.24176167030089,6.107017038039187,1.5387208720838799,21.707017038039186
2023-12-10 14:30:00,1702247101.0,24.78833333333333,22.71333333333333,25.988333333333333,19.0,34.43333333333333,16.833333333333332,38.0,36.785457666666666,-119.77322366666664,16.0,2.947449301366161,16.052550698633837,853.5449444444442,18.90821033821115,3.3585855977052788,0.8780680071420901,19.35858559770528
2023-12-10 15:30:00,1702250701.0,20.875,19.15333333333333,21.856666666666666,17.516666666666666,37.61666666666667,16.2,39.7,36.78539083333333,-119.773108,16.1,2.8826188104765222,14.634047856190143,785.2479166666667,16.186639554375294,-0.1749648175158871,0.028692552119460864,15.925035182484114
2023-12-10 16:30:00,1702254301.0,15.043333333333331,13.836666666666666,15.703333333333331,15.733333333333334,40.66666666666666,15.133333333333333,41.7,36.785356666666665,-119.77315666666668,11.3,2.3853544314620145,13.34797890187132,611.762222222222,11.755034394997583,-0.4067638103070532,-0.027026017545678845,10.893236189692947
2023-12-10 17:30:00,1702257901.0,38.52,34.63,41.245,13.283333333333331,47.4,13.116666666666667,47.95,36.78534116666667,-119.77320116666664,25.1,2.3161931823715936,10.967140150961738,1825.8480000000002,31.184875207777274,5.096999811118053,1.2959384745266238,30.196999811118054
2023-12-10 18:30:00,1702261501.0,22.39,20.711666666666662,23.218333333333334,11.366666666666667,53.9,11.666666666666666,53.36666666666667,36.78540866666666,-119.77316916666666,23.2,2.3538596497245536,9.012807016942114,1206.821,18.110142655756142,-6.823583803026747,-1.5694659888665516,16.376416196973253
2023-12-10 19:30:00,1702265101.0,25.57333333333333,23.756666666666664,26.386666666666667,9.566666666666666,61.55,9.783333333333331,61.46666666666667,36.7853985,-119.773154,30.8,2.534188446067269,7.032478220599398,1574.0386666666664,20.301994701534646,-12.14373146729293,-2.8482938849278097,18.65626853270707
2023-12-10 20:30:00,1702268701.0,32.723333333333336,30.28833333333333,33.910000000000004,8.433333333333334,66.83333333333333,8.85,65.89999999999999,36.785388000000005,-119.77311966666666,35.5,2.618366291722445,5.814967041610888,2187.0094444444444,25.73261571791233,-11.12663937242624,-2.6038108694440067,24.37336062757376
2023-12-10 21:30:00,1702272301.0,43.545,40.04666666666667,45.46,7.649999999999999,69.88333333333334,8.183333333333334,68.28333333333333,36.7854035,-119.77310933333332,41.1,2.4976252484787644,5.152374751521235,3043.0697500000006,34.36856649415848,-7.8257953256226855,-1.8103720940594976,33.274204674377316
2023-12-10 22:30:00,1702275901.0,48.14333333333334,44.51,49.95666666666667,7.233333333333333,73.45,7.633333333333333,72.26666666666667,36.7854335,-119.77304466666668,45.1,2.7986229030689644,4.434710430264369,3536.127833333334,37.89031481256715,-8.157460483371388,-1.8900959443446006,36.942539516628614
2023-12-10 23:30:00,1702279501.0,47.41833333333333,43.85833333333333,49.18,6.45,76.01666666666667,6.766666666666667,75.0,36.785410500000005,-119.77316533333334,43.1,2.5256285443858157,3.9243714556141844,3604.5836388888883,36.937929415862655,-6.892655388143716,-1.5860690373995916,36.207344611856286
2023-12-11 00:30:00,1702283101.0,47.07666666666666,43.583333333333336,48.78,6.283333333333334,74.7,6.583333333333333,73.83333333333333,36.7853745,-119.77311716666668,40.3,2.118609693596106,4.164723639737228,3516.6269999999995,36.877272334822536,-4.312512759251874,-0.9658685133040201,35.98748724074812
2023-12-11 01:30:00,1702286701.0,46.91166666666667,43.583333333333336,48.405,5.766666666666667,77.31666666666666,5.766666666666667,77.58333333333333,36.78537483333333,-119.773117,42.3,2.1013901716492747,3.665276495017392,3627.0536944444443,36.438539154887415,-6.581702016556861,-1.51132377259604,35.718297983443136
2023-12-11 02:30:00,1702290301.0,39.83833333333333,36.85,41.31,5.333333333333333,77.93333333333334,5.433333333333334,77.66666666666667,36.78536983333333,-119.77315266666666,29.3,1.7919004394724198,3.541432893860913,3104.734111111111,30.261730775560395,0.4696431409991604,0.18363987527535747,29.76964314099916
2023-12-11 03:30:00,1702293901.0,36.94833333333333,34.045,38.48833333333334,4.8,79.91666666666667,5.016666666666667,79.14999999999999,36.785368,-119.773131,28.1,1.6245446012121423,3.1754553987878573,2952.787638888889,27.430201992747595,-0.847614841299869,-0.13299536877772608,27.252385158700132
2023-12-11 04:30:00,1702297501.0,37.49333333333333,34.425000000000004,39.21,3.983333333333333,82.41666666666667,4.133333333333334,81.93333333333334,36.785372333333335,-119.77312866666666,26.3,1.2573068738391244,2.7260264594942085,3090.0755555555556,27.416582679260994,1.2830489580829578,0.3791619012318942,27.58304895808296
2023-12-11 05:30:00,1702301101.0,46.995000000000005,42.88166666666667,49.49666666666667,3.35,84.8,3.616666666666666,83.81666666666666,36.78536783333333,-119.77311833333331,27.2,1.0339121403732738,2.3160878596267263,3985.1760000000004,34.891071908123365,8.212957103176297,2.044935186551008,35.412957103176296
2023-12-11 06:30:00,1702304701.0,49.40166666666666,45.16833333333333,51.91833333333333,2.9166666666666665,85.53333333333335,3.266666666666667,84.05,36.785404166666666,-119.7731525,27.3,0.7281407620962358,2.188525904570431,4225.4892222222215,36.845747932546345,10.08968734896865,2.496053302655441,37.38968734896865
2023-12-11 07:30:00,1702308301.0,61.626666666666665,55.45166666666666,65.925,2.783333333333333,87.39999999999999,3.3000000000000003,84.45,36.785408,-119.77316033333334,46.6,0.8968873237459932,1.88644600958734,5386.170666666666,46.337122194589874,0.9239071022222518,0.2928333530596826,47.52390710222225
2023-12-11 09:30:00,1702315501.0,49.225,44.935,51.82666666666668,12.516666666666666,54.48333333333333,10.816666666666668,61.26666666666667,36.78539916666667,-119.77313616666667,37.5,3.576508452012903,8.940158214653763,2681.942083333333,40.16163590926988,1.2980891896401943,0.38277718954575113,38.798089189640194
2023-12-11 10:30:00,1702319101.0,43.071666666666665,39.665,44.89666666666667,16.233333333333334,44.48333333333333,13.066666666666668,53.86666666666667,36.78538433333333,-119.77312733333332,31.4,4.108424754371526,12.124908578961808,1915.9713055555553,35.136777990782655,2.751232530300051,0.7320758102387903,34.15123253030005
2023-12-11 11:30:00,1702322701.0,32.89,30.7,33.75,18.716666666666665,40.45,15.1,49.25,36.7853815,-119.77313866666668,25.1,4.990559505616882,13.726107161049782,1330.4005000000002,26.462075788312106,0.7351143661499364,0.2474523913460365,25.835114366149938
2023-12-11 12:30:00,1702326301.0,35.11,32.651666666666664,36.19166666666667,19.35,38.78333333333333,15.916666666666666,46.36666666666667,36.785439333333336,-119.77312466666666,25.1,4.953222360171868,14.396777639828134,1361.6828333333333,28.075902602545455,2.675960535326915,0.7139823412152936,27.775960535326917
2023-12-11 14:30:00,1702333501.0,29.901666666666667,27.570000000000004,31.12833333333333,19.21666666666667,36.31666666666667,16.983333333333334,40.28333333333333,36.78536616666667,-119.77314266666669,21.4,3.8945525787127617,15.322114087953906,1085.9288611111112,23.404203461216216,2.142151388400098,0.585668228272935,23.542151388400097
2023-12-11 15:30:00,1702337101.0,19.521666666666665,17.965,20.356666666666666,18.4,36.9,16.816666666666666,39.56666666666667,36.78535516666667,-119.7731575,9.7,3.396211272770056,15.003788727229942,720.3494999999999,14.91841336286134,5.128717652573169,1.3035626351731582,14.828717652573168
2023-12-11 16:30:00,1702340701.0,16.456666666666667,15.291666666666666,16.973333333333333,16.2,41.86666666666667,15.2,44.1,36.78532583333333,-119.77315383333332,14.9,3.2163555990264157,12.983644400973583,688.9857777777778,12.994026124169235,-2.884472964217231,-0.6226041451282931,12.01552703578277
2023-12-11 17:30:00,1702344301.0,19.8,18.41,20.40833333333333,13.5,49.91666666666666,13.316666666666668,50.833333333333336,36.78539683333333,-119.77315133333332,21.4,3.2455307107138043,10.254469289286195,988.3499999999998,16.015667044080004,-6.990807910577201,-1.6096624020349006,14.409192089422797
2023-12-11 18:30:00,1702347901.0,23.15,21.57,23.801666666666662,11.916666666666666,54.93333333333334,12.033333333333331,55.01666666666667,36.785343833333336,-119.77315766666668,21.0,3.1340801571056875,8.782586509560979,1271.7066666666667,18.714041208038662,-4.0395366150787915,-0.900252005989288,16.96046338492121
2023-12-11 19:30:00,1702351501.0,27.105,25.281666666666663,27.83333333333333,10.083333333333334,61.66666666666666,10.333333333333334,61.35,36.78540483333333,-119.773159,23.9,3.049254585978108,7.034078747355226,1671.4749999999997,21.602858307477845,-3.9681436824820544,-0.8830909646897095,19.931856317517944
2023-12-11 20:30:00,1702355101.0,28.558333333333334,26.42333333333333,29.611666666666665,8.583333333333334,67.43333333333334,8.933333333333334,66.78333333333333,36.78538,-119.7731515,17.0,2.8877109302164055,5.6956224031169285,1925.7836111111112,22.12859743418819,3.8587338724025564,0.9982909043646261,20.858733872402556
2023-12-11 21:30:00,1702358701.0,30.118333333333336,27.805000000000003,31.30333333333333,7.399999999999999,71.63333333333334,7.75,70.86666666666666,36.785392,-119.773154,22.3,2.605918521003098,4.794081478996901,2157.4766111111117,22.895803817947012,-0.3466279357442872,-0.01257088607227204,21.953372064255714
2023-12-11 22:30:00,1702362301.0,41.18833333333333,37.98833333333334,42.85999999999999,6.583333333333333,75.88333333333334,7.15,73.83333333333333,36.78537883333333,-119.77315416666666,34.5,2.6300482588218235,3.9532850745115096,3125.508027777778,31.622942788296324,-3.498164528507104,-0.7701199551240688,31.001835471492896
2023-12-11 23:30:00,1702365901.0,46.406666666666666,42.80833333333334,48.28,5.866666666666667,78.75,6.216666666666666,77.43333333333334,36.7853825,-119.77311083333336,38.9,2.456793200138487,3.4098734665281802,3654.525,35.61020835023946,-3.676036846376583,-0.8128759266465134,35.223963153623416
2023-12-12 00:30:00,1702369501.0,48.09666666666666,44.31166666666667,50.11000000000001,5.016666666666667,81.38333333333334,5.466666666666666,79.33333333333333,36.78538583333333,-119.773122,36.0,2.090693674573853,2.9259729920928135,3914.267055555555,36.60182556653596,0.5058832997543732,0.1923510857338828,36.50588329975437
2023-12-12 01:30:00,1702373101.0,43.93666666666667,40.516666666666666,45.72833333333333,4.65,80.2,5.283333333333333,77.51666666666667,36.78534766666667,-119.7730865,30.9,1.5277992570572574,3.122200742942743,3523.720666666667,33.31399512219612,2.1848192077489514,0.5959244845069323,33.08481920774895
2023-12-12 02:30:00,1702376701.0,40.74,37.528333333333336,42.45,4.133333333333334,80.56666666666666,4.3500000000000005,79.8,36.78537766666667,-119.77311583333334,29.5,1.0875455598962183,3.0457877734371155,3282.286,30.54091616311965,0.8920216380380381,0.2851689001815201,30.392021638038038
2023-12-12 03:30:00,1702380301.0,38.48333333333333,35.425000000000004,40.12666666666667,3.3666666666666667,84.14999999999999,3.733333333333333,82.23333333333333,36.78543666666667,-119.77311833333331,25.7,0.9432246354935948,2.4234420311730718,3238.372499999999,28.009448335008432,2.624437008132606,0.7015973985336995,28.324437008132605
2023-12-12 04:30:00,1702383901.0,33.778333333333336,31.12333333333333,35.190000000000005,3.1500000000000004,84.33333333333333,3.5666666666666664,82.21666666666665,36.78539033333333,-119.77312333333332,22.8,0.7610084432548512,2.3889915567451494,2848.6394444444445,24.014855641589183,1.578914261527295,0.4502803790257686,24.378914261527296
2023-12-12 05:30:00,1702387501.0,32.01166666666666,29.531666666666663,33.29833333333333,2.733333333333333,84.38333333333334,3.0666666666666664,82.88333333333334,36.785384666666666,-119.773122,15.2,0.3605819605186872,2.372751372814646,2701.251138888889,22.53901316650917,7.698365697297838,1.9212405287258432,22.898365697297837
2023-12-12 06:30:00,1702391101.0,31.91,29.41333333333333,33.22,2.2666666666666666,86.01666666666667,2.716666666666667,83.83333333333333,36.785390166666666,-119.77314883333334,19.7,0.16747050651929457,2.099196160147372,2744.791833333333,22.145476536338457,3.031446909145526,0.7994322046772327,22.731446909145525
2023-12-12 07:30:00,1702394701.0,32.195,29.616666666666664,33.60333333333333,2.45,87.08333333333333,3.1333333333333333,83.38333333333334,36.785406,-119.77308533333331,19.8,0.5183377350150716,1.9316622649849284,2803.6479166666663,22.149062122361777,3.116425206565257,0.8198588214100846,22.916425206565258
2023-12-12 08:30:00,1702398301.0,41.92666666666667,38.42,43.94833333333333,5.8,78.10000000000001,6.05,77.31666666666666,36.78540666666667,-119.7731895,25.2,2.275373304619081,3.5246266953809187,3274.4726666666675,31.78905846206741,6.308447813661751,1.5871396963811037,31.50844781366175
2023-12-12 09:30:00,1702401901.0,55.498333333333335,50.85166666666667,58.17666666666667,11.25,59.53333333333333,9.216666666666669,68.48333333333333,36.7853495,-119.77311333333334,40.6,3.6503583769644847,7.599641623035515,3304.000777777778,45.226263363297235,3.1934320227262347,0.8383692972291994,43.793432022726236
2023-12-12 10:30:00,1702405501.0,50.41833333333333,46.31,52.70666666666667,14.85,48.13333333333333,11.966666666666669,58.03333333333333,36.78539133333333,-119.773136,35.2,3.9699460832586637,10.880053916741335,2426.802444444444,41.338515773560204,4.9147230623639615,1.2521237900817264,40.114723062363964
2023-12-12 11:30:00,1702409101.0,41.625,38.285,43.45166666666666,17.833333333333332,40.7,14.75,48.18333333333334,36.785424,-119.77319716666666,25.7,4.28527879024264,13.548054543090693,1694.1375,33.60335325009137,7.430529099082737,1.8568594372602427,33.130529099082736
2023-12-12 12:30:00,1702412701.0,35.65,32.89666666666667,37.07666666666667,19.683333333333334,36.6,16.25,43.5,36.78534266666667,-119.77318083333334,20.7,4.419369972750021,15.263963360583313,1304.79,28.160846942838994,7.637166860441454,1.906529888210334,28.337166860441453
2023-12-12 13:30:00,1702416301.0,32.67166666666667,30.08333333333333,34.06333333333333,20.1,35.48333333333333,17.05,41.05,36.78535433333334,-119.77312083333334,21.2,4.34526218910092,15.754737810899082,1159.2996388888887,25.474776190749537,4.7013767615630755,1.200840777240149,25.901376761563075
2023-12-12 14:30:00,1702419901.0,32.266666666666666,29.576666666666668,33.81166666666667,19.633333333333333,35.766666666666666,17.033333333333335,40.583333333333336,36.78536433333333,-119.77313733333334,21.5,4.046113268364254,15.58722006496908,1154.0711111111111,25.1617676949297,4.048341983185729,1.0438678613761077,25.54834198318573
2023-12-12 15:30:00,1702423501.0,34.17666666666667,31.33,35.81166666666667,18.7,37.56666666666667,16.733333333333334,41.36666666666667,36.7853475,-119.77311333333334,22.3,3.9175819072150584,14.78241809278494,1283.9034444444446,27.041211367994055,4.756086396536936,1.2139915790229323,27.056086396536937
2023-12-12 16:30:00,1702427101.0,28.916666666666668,26.53333333333333,30.26833333333333,16.7,41.78333333333333,15.466666666666669,44.75,36.7853545,-119.77310183333331,21.4,3.639173525702844,13.060826474297155,1208.2347222222222,23.179291645239513,1.0440870921973016,0.32172155944552067,22.4440870921973
2023-12-12 17:30:00,1702430701.0,28.006666666666664,25.731666666666666,29.273333333333337,13.416666666666666,51.86666666666667,13.15,53.03333333333333,36.785413,-119.77311583333334,21.3,3.712551128189082,9.704115538477584,1452.6124444444442,22.66344843113048,-0.12261448720217771,0.041276237197011616,21.177385512797823
2023-12-12 18:30:00,1702434301.0,30.41333333333333,27.98333333333333,31.725,11.1,59.43333333333334,11.45,59.06666666666666,36.78538516666666,-119.77316416666667,18.9,3.4853163996161736,7.614683600383826,1807.5657777777776,24.339581735605588,3.91163347135317,1.011006619622471,22.81163347135317
2023-12-12 19:30:00,1702437901.0,34.12833333333334,31.42333333333333,35.585,9.533333333333331,65.75,9.916666666666666,65.08333333333333,36.7854505,-119.77313366666664,31.7,3.435865290394078,6.097468042939253,2243.9379166666668,26.89710942858391,-6.096881222079173,-1.3947852109442616,25.603118777920827
2023-12-12 20:30:00,1702441501.0,43.89166666666667,40.43833333333333,45.72333333333333,8.466666666666667,69.88333333333334,9.033333333333331,68.39999999999999,36.7854095,-119.77313616666667,35.7,3.281025429478482,5.185641237188184,3067.295972222223,34.65920586836426,-2.1357643255990837,-0.44263367184275515,33.56423567440092
2023-12-12 21:30:00,1702445101.0,51.23499999999999,47.045,53.585,7.666666666666667,73.43333333333334,8.183333333333334,71.63333333333334,36.7853595,-119.773168,38.6,3.213512782857313,4.453153883809354,3762.356833333333,40.309680924098174,0.9299493827600074,0.2942857632924681,39.52994938276001
2023-12-12 22:30:00,1702448701.0,51.03666666666666,46.86166666666667,53.376666666666665,7.1000000000000005,73.03333333333333,7.516666666666667,71.64999999999999,36.785395666666666,-119.77314383333334,40.8,2.589767000370224,4.5102329996297765,3727.3778888888883,40.223732843423285,-1.4159340707257257,-0.2696048259436241,39.38406592927427
2023-12-12 23:30:00,1702452301.0,52.47833333333333,48.27333333333333,54.76666666666667,6.05,76.0,6.366666666666667,74.95,36.78531783333333,-119.7731375,42.1,2.1350205518802756,3.914979448119724,3988.353333333333,41.09215407278011,-1.6584829689937592,-0.327907398886751,40.44151703100624
2023-12-13 00:30:00,1702455901.0,54.11666666666667,49.76,56.505,4.916666666666667,79.41666666666667,5.166666666666667,78.58333333333333,36.78540983333333,-119.77316416666666,35.0,1.6504315243254957,3.2662351423411713,4297.7652777777785,41.96690157096118,6.640951238460758,1.667065044698955,41.64095123846076
2023-12-13 01:30:00,1702459501.0,50.35999999999999,46.22833333333333,52.68333333333334,4.133333333333334,82.76666666666667,4.866666666666666,79.5,36.78541883333333,-119.77307233333332,31.5,1.4631780839816182,2.6701552493517156,4168.129333333332,38.213310948896314,6.830119298655347,1.7125362247651579,38.33011929865535
2023-12-13 02:30:00,1702463101.0,43.52166666666667,39.935,45.553333333333335,3.9333333333333336,82.01666666666667,4.483333333333333,79.43333333333334,36.78537933333333,-119.7731005,30.6,1.14062383385485,2.792709499478484,3569.502027777778,32.56500356793942,2.0465684665593855,0.5626925301249389,32.64656846655939
2023-12-13 03:30:00,1702466701.0,44.498333333333335,40.68666666666667,46.76666666666667,3.283333333333333,84.0,3.583333333333333,82.71666666666667,36.785354833333336,-119.77312583333332,28.1,0.8367321382956817,2.4466011950376516,3737.86,32.97874082006852,5.264271638369614,1.3361463582948163,33.364271638369615
2023-12-13 04:30:00,1702470301.0,44.45666666666667,40.67333333333333,46.68666666666667,2.766666666666667,84.91666666666667,3.1166666666666667,83.28333333333333,36.78535583333333,-119.77312333333332,29.3,0.48052134013431236,2.286145326532355,3775.111944444445,32.80452153344701,3.983469397325603,1.0282741452383433,33.283469397325604
2023-12-13 05:30:00,1702473901.0,43.09166666666667,39.391666666666666,45.29833333333334,2.566666666666667,86.64999999999999,3.1666666666666665,83.71666666666665,36.78538233333334,-119.77312733333332,25.3,0.5640053399483174,2.0026613267183495,3733.8929166666667,31.321127980883308,6.754598778945773,1.6943830167295368,32.054598778945774
2023-12-13 06:30:00,1702477501.0,42.48333333333333,38.77333333333333,44.74166666666667,2.2666666666666666,86.21666666666665,2.783333333333333,84.43333333333334,36.785408,-119.773131,22.0,0.1995637167216877,2.067102949944979,3662.771388888888,30.86024173121776,9.567368538043418,2.3705011736167703,31.567368538043418
2023-12-13 07:30:00,1702481101.0,44.66833333333333,40.79,47.00833333333333,2.3666666666666667,88.10000000000001,3.15,84.10000000000001,36.7853665,-119.77312716666668,25.3,0.5971446557017914,1.7695220109648753,3935.280166666667,32.36115049014456,8.001009006423583,1.9939882663245283,33.301009006423584
2023-12-13 08:30:00,1702484701.0,47.14166666666667,43.18166666666667,49.44,5.8500000000000005,75.60000000000001,6.0,75.21666666666667,36.785371833333336,-119.77315883333334,29.9,1.8672958635452028,3.9827041364547977,3563.9100000000008,36.560425032267446,6.096760630055492,1.536255493024755,35.99676063005549
2023-12-13 09:30:00,1702488301.0,40.56333333333333,37.11166666666667,42.59333333333333,11.266666666666666,56.01666666666667,9.416666666666666,63.86666666666667,36.7854285,-119.77307883333332,24.4,2.8034244667462613,8.463242199920405,2272.2227222222223,32.99591821043407,7.074647644508499,1.771314606454655,31.474647644508497
2023-12-13 10:30:00,1702491901.0,38.39833333333333,35.223333333333336,40.2,15.616666666666667,44.78333333333333,12.733333333333334,53.26666666666667,36.7854285,-119.77311833333331,27.4,3.6435130173195795,11.973153649347088,1719.605361111111,31.23715380209176,2.8263557414804588,0.7501335154307867,30.226355741480457
2023-12-13 11:30:00,1702495501.0,40.365,37.21833333333333,42.01833333333334,18.666666666666668,38.03333333333333,15.466666666666669,45.03333333333333,36.78537133333333,-119.77309533333334,28.1,4.063870548168174,14.602796118498494,1535.2155,32.331137991557995,4.110029588669228,1.0586959894116106,32.21002958866923
2023-12-13 12:30:00,1702499101.0,40.22833333333333,37.135,41.815,20.03333333333333,35.28333333333333,16.283333333333335,42.7,36.7853765,-119.7730725,25.9,4.205596879715721,15.82773645361761,1419.3896944444443,31.788899334127635,6.333518681975768,1.5931660941056989,32.23351868197577
2023-12-13 13:30:00,1702502701.0,40.33,37.208333333333336,41.95166666666667,20.78333333333333,33.766666666666666,17.25,40.03333333333333,36.78538283333334,-119.77312716666664,24.1,4.238821728349347,16.544511604983985,1361.8096666666665,31.562322619896452,8.294590211565499,2.0645577051046735,32.3945902115655
2023-12-13 14:30:00,1702506300.8333333,39.72,36.66666666666666,41.285,20.516666666666666,33.63333333333333,18.016666666666666,37.63333333333333,36.78533133333334,-119.77307883333332,28.9,3.9481359285160473,16.568530738150617,1335.916,31.088582500820362,2.99092978312299,0.7896929203009981,31.89092978312299
2023-12-13 15:30:00,1702509901.0,37.31333333333333,34.553333333333335,38.64833333333333,20.1,34.21666666666667,17.933333333333334,37.61666666666667,36.785333,-119.77312733333332,27.3,3.826703087095848,16.273296912904154,1276.7378888888888,29.286273369862002,2.548209047838615,0.6832741398131633,29.848209047838616
2023-12-13 16:30:00,1702513501.0,35.77166666666667,32.94166666666667,37.285,17.75,39.5,16.349999999999998,42.333333333333336,36.785351,-119.77312233333332,31.9,3.7837460209875498,13.96625397901245,1412.9808333333333,28.704837096320922,-3.6063895550015097,-0.7961344930028975,28.29361044499849
2023-12-13 17:30:00,1702517101.0,38.01333333333333,34.531666666666666,40.24,14.083333333333334,49.63333333333333,13.666666666666666,51.06666666666666,36.78542383333333,-119.77313866666668,33.2,3.702148099205464,10.38118523412787,1886.7284444444442,30.826650408491307,-3.5388248857957727,-0.7798936686459358,29.66117511420423
2023-12-13 18:30:00,1702520701.0,49.22,44.903333333333336,51.85833333333333,11.866666666666667,56.06666666666666,12.216666666666669,55.43333333333334,36.78539983333334,-119.7731335,50.8,3.3767756657905927,8.489891000876074,2759.601333333333,40.09416931492957,-12.085449601704,-2.8342844099558593,38.714550398296
2023-12-13 19:30:00,1702524301.0,55.306666666666665,50.53333333333333,58.173333333333325,10.766666666666666,59.43333333333334,11.383333333333333,58.0,36.78540533333333,-119.77315766666668,50.6,3.17164043398347,7.595026232683196,3287.0595555555556,45.031376009110446,-6.961909719260639,-1.6027160134131042,43.63809028073936
2023-12-13 20:30:00,1702527901.0,52.78333333333333,48.43333333333334,55.24,9.383333333333333,64.8,9.883333333333333,63.65,36.785304333333336,-119.77315016666668,50.7,3.0868952756562105,6.296438057677122,3420.3599999999997,42.600488620396106,-9.44197464215732,-2.1988604078151246,41.25802535784268
2023-12-13 21:30:00,1702531501.0,54.696666666666665,50.348333333333336,57.04333333333333,7.8,71.39999999999999,8.133333333333333,70.60000000000001,36.785394,-119.773145,50.2,2.9446204419527207,4.855379558047279,3905.3419999999996,43.56626726817857,-7.67201439290821,-1.773407077475749,42.52798560709179
2023-12-13 22:30:00,1702535101.0,63.778333333333336,58.36833333333333,66.95,6.766666666666667,75.83333333333333,7.3,73.8,36.78542066666667,-119.773154,52.0,2.798314970455689,3.9683516962109775,4836.523611111111,50.45527950978651,-2.096234645553011,-0.43313174431077445,49.90376535444699
2023-12-13 23:30:00,1702538701.0,64.48666666666666,59.11333333333334,67.57666666666667,6.083333333333333,78.35000000000001,6.6000000000000005,76.25,36.785413,-119.77317316666668,49.1,2.5957706576516397,3.4875626756816933,5052.530333333334,50.75077256038722,1.2702430523429697,0.37608368789495544,50.37024305234297
2023-12-14 00:30:00,1702542301.0,58.083333333333336,53.26500000000001,60.833333333333336,5.633333333333333,77.55,6.083333333333333,75.75,36.7853685,-119.77313633333334,44.9,2.014216553827723,3.61911677950561,4504.3625,45.50838246762824,0.1531313180396907,0.10755850043825475,45.05313131803969
2023-12-14 01:30:00,1702545901.0,52.15166666666667,47.9,54.52666666666667,5.116666666666666,77.85000000000001,5.383333333333333,76.95,36.7853735,-119.77313216666666,42.1,1.5664101734572702,3.550256493209396,4060.0072500000006,40.523632022806375,-2.02450222567321,-0.41588909892135895,40.07549777432679
2023-12-14 02:30:00,1702549501.0,49.845,45.8,52.086666666666666,4.533333333333333,80.14999999999999,4.966666666666667,78.38333333333334,36.7853675,-119.773112,36.7,1.4053486929739845,3.1279846403593488,3995.0767499999993,38.23403019219151,1.3304015943756013,0.3905442680503588,38.030401594375604
2023-12-14 03:30:00,1702553101.0,50.38333333333333,46.27333333333333,52.68833333333333,4.083333333333333,81.23333333333333,4.416666666666667,79.75,36.78530816666667,-119.77313499999998,32.8,1.1535017550426219,2.9298315782907114,4092.806111111111,38.50899645860934,5.626490299930012,1.4232144921341616,38.42649029993001
2023-12-14 04:30:00,1702556701.0,46.98666666666667,43.07666666666666,49.23,3.783333333333333,82.13333333333334,4.416666666666667,79.16666666666667,36.785408,-119.77312716666664,29.4,1.0137704940600076,2.7695628392733256,3859.171555555556,35.45318186740765,6.139636828424891,1.5465618382640287,35.53963682842489
2023-12-14 05:30:00,1702560301.0,43.45166666666668,39.751666666666665,45.63333333333333,3.3833333333333333,83.01666666666667,3.75,81.46666666666667,36.785389333333335,-119.77312733333332,30.8,0.7711371540216592,2.612196179311674,3607.212527777779,32.28057007091243,1.7378851555236956,0.4884929300175154,32.537885155523696
2023-12-14 06:30:00,1702563901.0,42.58166666666667,39.035,44.60999999999999,2.8666666666666667,84.11666666666666,3.333333333333333,81.78333333333333,36.78535316666667,-119.77312333333332,31.9,0.44751149473110674,2.41915517193556,3581.8278611111114,31.407344541216222,-0.14511239916953755,0.0358683125974303,31.75488760083046
2023-12-14 07:30:00,1702567501.0,41.23,37.693333333333335,43.34,2.8833333333333333,84.65,3.5666666666666664,81.3,36.78533766666667,-119.773145,25.2,0.5514249004708296,2.3319084328625035,3490.1195,30.11305132098955,5.3973152518425,1.3681266518954425,30.5973152518425
2023-12-14 08:30:00,1702571101.0,40.04,36.51166666666666,42.20666666666667,5.9,73.76666666666667,6.416666666666667,72.33333333333333,36.785394,-119.77315766666668,24.2,1.5721016031971546,4.327898396802846,2953.617333333333,30.774901530757106,5.947193760693054,1.5003034298608053,30.147193760693053
2023-12-14 09:30:00,1702574701.0,44.7,40.626666666666665,47.29,11.966666666666669,53.53333333333333,10.35,59.8,36.78539466666667,-119.77313483333334,28.3,2.815650490667153,9.151016175999516,2392.94,36.40092707010306,6.759961402600137,1.6956720547709694,35.05996140260014
2023-12-14 10:30:00,1702578301.0,38.74166666666667,35.4,40.73833333333334,16.45,42.21666666666667,13.633333333333333,49.36666666666667,36.78539850000001,-119.77317433333332,32.6,3.5601392372711755,12.889860762728823,1635.544027777778,31.30489175748403,-1.957762329734738,-0.3998465290356384,30.642237670265263
2023-12-14 11:30:00,1702581901.0,53.67,48.51500000000001,57.126666666666665,19.633333333333336,37.35,16.416666666666668,43.8,36.7854275,-119.773154,45.0,4.665400201165706,14.96793313216763,2004.5745000000002,42.67993341883726,-1.6243881768940156,-0.31971187989008515,43.375611823105984
2023-12-14 12:30:00,1702585501.0,54.278333333333336,49.03666666666667,57.81166666666667,20.766666666666666,34.86666666666667,18.2,39.21666666666667,36.78538633333333,-119.77314383333334,40.8,4.682855400413764,16.0838112662529,1892.5045555555557,42.732959663534025,3.209023528072919,0.8421170977109137,44.009023528072916
2023-12-14 13:30:00,1702589101.0,47.120000000000005,42.76,49.935,21.35,32.75,18.616666666666667,36.91666666666666,36.7853885,-119.7731285,33.7,4.298956290420603,17.0510437095794,1543.18,36.57890357638421,4.426248230325655,1.1347068909362048,38.12624823032566
2023-12-14 14:30:00,1702592701.0,39.29,35.275,42.13833333333333,21.23333333333333,31.566666666666663,18.95,34.78333333333333,36.78539716666666,-119.77313733333334,28.9,3.6724949208776936,17.560838412455638,1240.254333333333,29.759453293579234,2.7347598015320216,0.7281161861076221,31.63475980153202
2023-12-14 15:30:00,1702596301.0,36.31166666666667,31.97833333333333,39.74166666666667,20.133333333333333,33.31666666666667,18.566666666666663,35.300000000000004,36.785416833333336,-119.77309533333332,31.7,3.477079537488248,16.656253795845085,1209.7836944444446,27.425279515570047,-2.6447057934555467,-0.5649702285757122,29.055294206544453
2023-12-14 16:30:00,1702599901.0,37.53333333333333,32.751666666666665,41.473333333333336,18.183333333333334,39.35,17.150000000000002,41.13333333333333,36.785383333333336,-119.77312466666666,31.4,4.117585695374602,14.065747637958731,1476.9366666666667,29.11350157812736,-1.6250121942846896,-0.31986187776555414,29.77498780571531
2023-12-14 17:30:00,1702603501.0,42.65833333333333,36.75833333333333,47.74333333333333,15.016666666666666,46.55,14.85,46.96666666666667,36.7854055,-119.77311833333334,37.1,3.646467520133615,11.37019914653305,1985.7454166666664,33.546754109201046,-3.398153670858683,-0.7460798940692122,33.70184632914132
2023-12-14 18:30:00,1702607101.0,45.37166666666667,39.03333333333333,50.865,13.0,53.45,13.1,53.7,36.785365,-119.77312216666668,42.7,3.7538678007174213,9.24613219928258,2425.1155833333337,35.6667412439403,-7.073926921595174,-1.6296420937071368,35.62607307840483
2023-12-14 19:30:00,1702610701.0,49.94333333333333,43.626666666666665,55.123333333333335,11.033333333333331,60.1,11.066666666666668,60.68333333333334,36.78538216666667,-119.77308266666668,46.6,3.580959552756679,7.452373780576652,3001.594333333333,39.379203112101855,-7.482436846851336,-1.7278374674454213,39.117563153148666
2023-12-14 20:30:00,1702614301.0,64.41000000000001,56.75,70.45833333333333,10.1,62.18333333333334,11.016666666666666,59.71666666666667,36.785361,-119.77316416666667,56.9,3.1831086058367153,6.916891394163285,4005.228500000001,51.28007534879872,-5.783635446572397,-1.3194889106682315,51.1163645534276
2023-12-14 21:30:00,1702617901.0,59.57833333333334,53.37833333333333,64.03166666666667,9.283333333333331,65.89999999999999,9.783333333333331,64.60000000000001,36.78535716666666,-119.77316933333331,45.3,3.2300600368215364,6.0532732965117955,3926.2121666666667,47.47589619455789,1.5877805392479587,0.4524116062019555,46.887780539247956
2023-12-14 23:30:00,1702625101.0,64.315,57.81,68.87833333333333,6.783333333333334,75.66666666666667,7.116666666666667,74.63333333333334,36.78539966666667,-119.77312333333332,48.6,2.783394885608712,3.999938447724622,4866.501666666667,50.35561230823225,1.7611088790783995,0.4940753212228668,50.3611088790784
2023-12-15 00:30:00,1702628701.0,101.14666666666666,90.25,109.18666666666668,5.966666666666666,78.16666666666667,6.216666666666666,77.35000000000001,36.78535583333333,-119.77311933333334,79.1,2.449362787499911,3.517303879166755,7906.297777777778,80.31168462455925,1.950209854007312,0.5395303757011017,81.0502098540073
2023-12-15 01:30:00,1702632301.0,77.345,69.55333333333333,82.79333333333334,5.116666666666666,80.78333333333335,5.566666666666666,79.11666666666666,36.785345166666666,-119.773144,56.0,2.084443934718922,3.032222731947744,6248.1869166666675,60.5025330354272,5.005926162401636,1.274046690703232,61.005926162401636
2023-12-15 02:30:00,1702635901.0,75.24,67.82666666666667,80.32333333333334,4.666666666666667,82.63333333333334,5.116666666666666,80.68333333333332,36.78541766666667,-119.77316433333334,55.4,1.9624337708483826,2.7042328958182846,6217.332,58.554495406715304,3.7521036507934795,0.9726597169310927,59.15210365079348
2023-12-15 03:30:00,1702639501.0,71.31666666666666,64.635,75.69166666666666,4.316666666666666,82.33333333333333,4.65,81.38333333333334,36.78537816666667,-119.77313116666666,52.3,1.5691812390001647,2.7474854276665015,5871.738888888888,55.5242098607814,3.5847693909511804,0.9324368259593978,55.88476939095118
2023-12-15 07:30:00,1702653901.0,48.945,44.13,52.23500000000001,3.1333333333333333,83.96666666666667,3.9166666666666665,80.10000000000001,36.78546583333333,-119.77315666666668,28.2,0.6841877792281613,2.449145554105172,4109.7485,36.39599348312581,8.886147610898878,2.206753026010925,37.08614761089888
2023-12-15 08:30:00,1702657501.0,29.65,26.80666666666667,31.54833333333333,5.883333333333333,70.58333333333333,6.166666666666667,70.33333333333333,36.78538316666667,-119.77314116666666,28.8,0.9410744253326906,4.9422589080006425,2092.795833333333,22.414533354376324,-7.185823334674446,-1.6565391393429376,21.614176665325555
2023-12-15 09:30:00,1702661101.0,35.325,32.165,37.29666666666667,11.483333333333334,53.8,10.166666666666666,58.76666666666667,36.78536033333333,-119.773131,27.5,2.436265400202701,9.047067933130634,1900.4850000000001,28.67761887840431,-0.2967901787357867,-0.0005911595756422199,27.203209821264213
2023-12-15 10:30:00,1702664701.0,34.66833333333333,31.485,36.705000000000005,16.483333333333334,40.78333333333334,14.266666666666666,45.88333333333333,36.7853565,-119.77312333333332,30.2,3.100434777148173,13.382898556185161,1413.8901944444444,27.76866796938424,-2.893788831957316,-0.6248434422857868,27.306211168042683
2023-12-15 11:30:00,1702668301.0,40.86333333333334,36.73333333333333,43.76,19.23333333333333,35.71666666666667,15.983333333333334,41.98333333333333,36.785379,-119.77312983333331,34.7,3.6722402772726084,15.561093056060722,1459.5020555555557,31.937985179797604,-1.9569410001969914,-0.39964910234919804,32.74305899980301
2023-12-15 12:30:00,1702671901.0,36.955,32.69166666666667,40.26333333333333,21.116666666666667,31.766666666666666,17.633333333333333,37.18333333333333,36.7853925,-119.77313116666666,28.1,3.660567243558401,17.456099423108267,1173.9371666666666,27.637858516520858,1.5712098189746335,0.4484284274105677,29.671209818974635
2023-12-15 13:30:00,1702675501.0,27.126666666666665,23.441666666666663,30.278333333333336,22.33333333333333,27.9,19.65,30.7,36.785347,-119.77310066666666,22.8,2.8742588219693634,19.459074511363966,756.834,18.414117987610563,-1.1576530524386364,-0.20752065233559774,21.642346947561364
2023-12-15 14:30:00,1702679101.0,22.163333333333338,19.16333333333333,24.72,22.33333333333333,26.6,19.95,28.65,36.785358333333335,-119.77310183333331,21.7,2.202065449198522,20.131267884134807,589.5446666666668,14.143824731709934,-4.144960953243842,-0.9255933297790025,17.555039046756157
2023-12-15 15:30:00,1702682701.1666667,17.67833333333333,15.351666666666668,19.635,21.516666666666666,26.133333333333336,19.85,27.08333333333333,36.785401,-119.773136,16.4,1.2574066255304002,20.259260041136265,461.9937777777778,10.631132132798509,-2.5738479817987017,-0.5479378167106692,13.826152018201297
2023-12-15 16:30:00,1702686301.0,17.588333333333335,15.04,19.836666666666662,19.166666666666668,32.15,17.95,33.483333333333334,36.78536983333333,-119.7730965,14.0,2.1271693679183175,17.03949729874835,565.4649166666667,12.038401918108491,-0.5506959687191451,-0.06162363981733047,13.449304031280855
2023-12-15 17:30:00,1702689901.0,33.88333333333333,29.26833333333333,37.833333333333336,15.433333333333332,41.28333333333334,15.183333333333332,41.5,36.78536666666667,-119.7731375,34.1,2.326952653583589,13.106380679749742,1398.8169444444445,26.44470769113134,-7.475601400987738,-1.7261944004848748,26.624398599012263
2023-12-15 18:30:00,1702693501.0,35.28,30.055,39.931666666666665,13.116666666666667,48.28333333333333,13.366666666666667,47.53333333333333,36.7853825,-119.773145,36.0,2.4230722375944223,10.693594429072245,1703.436,27.60621310128375,-8.557946635801535,-1.9863626076092107,27.442053364198465
2023-12-15 19:30:00,1702697101.1666667,45.53666666666667,39.55833333333333,50.54833333333334,11.266666666666666,54.73333333333333,11.766666666666666,53.68333333333334,36.78535883333333,-119.77313616666667,46.1,2.476655406166379,8.790011260500286,2492.3735555555554,36.08018650407506,-10.400203164810826,-2.429194120881319,35.699796835189176
2023-12-15 20:30:00,1702700701.0,55.43,49.545,59.72833333333333,10.466666666666669,61.3,11.15,59.63333333333333,36.78538516666666,-119.7731805,50.3,3.3269869155590808,7.139679751107588,3397.859,44.385428437852,-6.652281750484349,-1.5282893416627217,43.64771824951565
2023-12-15 21:30:00,1702704301.0,61.92,55.86000000000001,66.05333333333333,10.05,64.98333333333333,10.533333333333331,63.93333333333334,36.78539416666667,-119.77313616666667,50.6,3.7608778218048333,6.289122178195168,4023.768,49.677117092836966,-1.7071730849361515,-0.3396112617227042,48.89282691506385
2023-12-15 22:30:00,1702707901.0,62.34166666666667,56.34666666666666,66.36166666666666,9.2,67.66666666666667,9.816666666666666,65.8,36.78539083333333,-119.77312216666668,47.4,3.525796495882974,5.674203504117026,4218.4527777777785,49.83270090461429,1.7111180594992774,0.4820588023855904,49.111118059499276
2023-12-15 23:30:00,1702711501.0,61.07,54.84666666666666,65.46666666666667,8.016666666666667,71.11666666666666,8.333333333333334,70.23333333333333,36.7853565,-119.77310933333332,46.5,3.096697525264735,4.919969141401932,4343.094833333333,48.21199840184105,1.3742944772214116,0.40109499832402934,47.87429447722141
2023-12-16 00:30:00,1702715101.0,55.315,49.708333333333336,59.25333333333333,7.183333333333334,72.8,7.316666666666666,72.78333333333333,36.785383,-119.77311083333332,42.1,2.6250023547419814,4.558330978591352,4026.932,43.26078030428121,0.8751334130367141,0.2811094013462314,42.975133413036716
2023-12-16 01:30:00,1702718701.0,60.35666666666666,54.10833333333333,64.82666666666667,6.066666666666666,76.16666666666667,6.2,75.95,36.785356,-119.7731005,40.8,2.181934234310886,3.8847324323557806,4597.166111111111,46.93792508890194,6.2243971559858835,1.5669360605985583,47.02439715598588
2023-12-16 02:30:00,1702722301.0,62.53333333333333,56.3,66.855,5.466666666666666,78.28333333333333,5.833333333333333,76.93333333333334,36.785354833333336,-119.77314483333332,48.3,1.9842842300788472,3.4823824365878187,4895.317777777777,48.5767471650652,0.4393712082018624,0.17636327421616182,48.73937120820186
2023-12-16 03:30:00,1702725901.0,50.156666666666666,44.92166666666666,53.928333333333335,5.133333333333334,77.25,5.666666666666667,75.33333333333333,36.785408,-119.77312716666668,34.6,1.4745023558616934,3.6588309774716405,3874.6025,38.30843267982895,3.8364967598480675,0.9929456692965207,38.43649675984807
2023-12-16 04:30:00,1702729501.0,48.19,43.11000000000001,51.88,4.833333333333333,78.55,5.233333333333333,77.13333333333334,36.7853635,-119.77312983333331,31.1,1.4160098702749873,3.417323463058346,3785.3244999999997,36.44981869618669,5.6259734197970985,1.4230902473246934,36.7259734197971
2023-12-16 05:30:00,1702733101.0,49.21666666666667,44.02,52.99,4.066666666666666,80.56666666666668,4.216666666666666,80.08333333333333,36.7853895,-119.773107,27.5,1.0225110262409445,3.044155640425722,3965.2227777777784,36.98982117648577,9.983837340537903,2.4706096585835375,37.4838373405379
2023-12-16 06:30:00,1702736701.0,47.925,42.79,51.70166666666666,3.1666666666666665,83.2,3.45,81.88333333333334,36.78537866666667,-119.77312583333332,35.5,0.589617890906587,2.5770487757600797,3987.3599999999997,35.44766305523137,0.7712120105044562,0.25612934497510936,36.271212010504456
2023-12-16 07:30:00,1702740301.0,41.528333333333336,37.17333333333333,44.67333333333334,3.0500000000000003,82.14999999999999,3.716666666666667,79.31666666666666,36.78539083333333,-119.77311066666668,26.8,0.2995793844082165,2.750420615591784,3411.552583333333,30.37277686982099,4.172207635209368,1.0736420069765373,30.97220763520937
2023-12-16 08:30:00,1702743901.0,20.046666666666667,18.346666666666668,21.04,6.816666666666666,61.41666666666666,6.95,61.55,36.785363,-119.773136,13.5,-0.09556204949035565,6.912228716157022,1231.1994444444442,15.688393559918179,0.5391876712376948,0.20035660776097364,14.039187671237695
2023-12-16 09:30:00,1702747501.0,21.69,19.941666666666663,22.651666666666667,13.166666666666666,44.05,11.533333333333331,48.15,36.78537466666666,-119.77312733333332,19.1,1.1837847209447945,11.982881945721871,955.4445,17.639158289218628,-2.815547635092763,-0.6060362528080089,16.28445236490724
2023-12-16 10:30:00,1702751101.0,33.39333333333334,30.73,34.835,16.683333333333334,37.333333333333336,14.233333333333334,42.3,36.78536366666666,-119.77312966666666,30.9,2.033983900023989,14.649349433309345,1246.6844444444448,26.709904069465,-4.487577596006577,-1.0079496379248731,26.41242240399342
2023-12-16 11:30:00,1702754701.0,39.72,36.48166666666666,41.53666666666667,19.33333333333333,32.76666666666667,16.116666666666667,37.93333333333333,36.7853735,-119.77313883333332,30.7,2.540245229941408,16.79308810339192,1301.4920000000002,31.043457287570313,1.234366561016465,0.36745989381696487,31.934366561016464
2023-12-16 12:30:00,1702758301.0,35.973333333333336,32.998333333333335,37.66166666666667,21.816666666666663,28.8,18.683333333333334,32.666666666666664,36.785431,-119.77310583333332,29.8,2.8781855368532594,18.938481129813404,1036.0320000000002,26.805449634192737,-0.8013924558029544,-0.12188468544219035,28.998607544197046
2023-12-16 13:30:00,1702761901.0,31.381666666666664,28.785,32.855,22.78333333333333,27.33333333333333,20.0,29.96666666666667,36.78539583333333,-119.77311583333334,24.3,2.9702213420255115,19.81311199130782,857.7655555555554,22.50138785702452,0.9305995670504785,0.29444205102369403,25.23059956705048
2023-12-16 14:30:00,1702765501.0,29.71,26.981666666666666,31.46166666666667,22.766666666666666,26.23333333333333,20.933333333333334,27.183333333333334,36.78542,-119.77314883333334,22.6,2.376680790067007,20.38998587659966,779.3923333333332,20.689220406870604,1.287167914839987,0.38015199345037504,23.88716791483999
2023-12-16 15:30:00,1702769101.0,25.96666666666667,23.651666666666667,27.405,22.28333333333333,26.883333333333336,20.8,27.566666666666663,36.78539966666667,-119.773126,17.6,2.308253304190018,19.975080029143314,698.0705555555556,17.913475795199062,3.122813283088238,0.8213943521839074,20.72281328308824
2023-12-16 16:30:00,1702772701.0,25.51,22.776666666666667,27.526666666666667,19.95,30.53333333333333,18.916666666666668,31.2,36.78536183333333,-119.7730865,20.1,2.0856015882023575,17.86439841179764,778.9053333333334,18.464510984912526,0.05781755500579777,0.08464750120697175,20.1578175550058
2023-12-16 17:30:00,1702776301.0,28.863333333333333,25.911666666666665,30.955,16.05,38.3,15.8,38.11666666666667,36.78537566666667,-119.77309033333334,30.2,1.827503624203378,14.222496375796624,1105.4656666666665,22.74120062080499,-7.625950627426782,-1.7623345223489546,22.574049372573217
2023-12-16 23:30:00,1702797901.0,57.40166666666667,52.725,60.01166666666666,8.033333333333333,62.56666666666666,8.4,61.56666666666666,36.7854155,-119.77312833333332,56.4,1.313054651696871,6.720278681636462,3591.4309444444443,46.824139056983014,-11.1662149593868,-2.6133238318281333,45.2337850406132
2023-12-17 00:30:00,1702801501.0,59.63666666666666,54.74666666666667,62.38333333333333,6.916666666666667,65.7,7.25,64.93333333333334,36.78534766666667,-119.773136,59.4,0.9327735595360597,5.983893107130608,3918.129,48.4052341471273,-12.453392295657288,-2.922728455285623,46.94660770434271
2023-12-17 01:30:00,1702805101.0,35.84,32.56166666666667,37.93333333333333,6.883333333333333,59.583333333333336,7.683333333333334,57.48333333333333,36.78539733333333,-119.77315500000002,27.2,-0.44985464582415113,7.333187979157484,2135.466666666667,28.948514555929904,0.14421622170241122,0.10541553851094533,27.34421622170241
2023-12-17 02:30:00,1702808701.0,31.28333333333333,28.35333333333333,33.21,6.783333333333334,60.9,6.983333333333333,60.75,36.78538966666667,-119.77313733333334,26.0,-0.243465740363254,7.026799073696588,1905.1549999999997,24.989295366012726,-2.5340086623304323,-0.5383614597538278,23.465991337669568
2023-12-17 03:30:00,1702812301.0,36.01333333333333,32.57833333333333,38.303333333333335,6.233333333333333,64.88333333333334,6.683333333333334,63.66666666666666,36.78542266666667,-119.77313366666668,30.6,0.1088492999108352,6.124484033422498,2336.665111111111,28.463489340258754,-3.3764008815574407,-0.7408510779665282,27.22359911844256
2023-12-17 04:30:00,1702815901.0,37.165,33.48,39.70666666666667,6.5,65.16666666666667,6.8,64.51666666666667,36.78539533333333,-119.77311333333334,32.3,0.422887028951586,6.077112971048414,2421.9191666666666,29.293612644225163,-4.127084919444243,-0.9212963868863443,28.172915080555754
2023-12-17 05:30:00,1702819501.0,37.931666666666665,34.27833333333333,40.38,6.4,67.21666666666667,6.5,67.43333333333334,36.785373166666666,-119.7731185,30.1,0.7569704612667609,5.64302953873324,2549.640194444444,29.73509729719227,-1.38841489402472,-0.26298991728643384,28.71158510597528
2023-12-17 06:30:00,1702823101.0,45.73166666666666,41.34,48.67,6.55,67.2,6.616666666666667,67.53333333333335,36.7854385,-119.77313733333334,37.4,0.8968135436713445,5.653186456328656,3073.1679999999997,36.22268266645333,-2.161882070842161,-0.4489117120978042,35.23811792915784
2023-12-17 07:30:00,1702826701.0,45.35166666666667,41.10833333333333,48.125,6.366666666666667,68.56666666666666,6.4,69.21666666666667,36.78541766666667,-119.77313733333334,33.7,1.0014557857699244,5.3652108808967425,3109.6126111111107,35.800556237732074,1.1517028755307308,0.34758965079712717,34.851702875530734
2023-12-17 08:30:00,1702830301.0,40.71833333333333,37.001666666666665,43.08833333333333,7.433333333333334,65.05,7.85,64.28333333333333,36.78540533333334,-119.773103,30.6,1.2862586065337487,6.147074726799585,2648.727583333333,32.37496654400634,0.5515800893601224,0.2033354292138179,31.151580089360124
2023-12-17 09:30:00,1702833901.0,34.473333333333336,31.485,36.275,10.233333333333333,53.16666666666666,10.0,54.36666666666667,36.785419,-119.773135,30.2,1.108321484172064,9.125011849161268,1832.832222222222,28.170198062352853,-3.677575999756197,-0.8132458998883066,26.522424000243802
2023-12-17 10:30:00,1702837501.0,26.141666666666666,23.743333333333336,27.676666666666662,12.516666666666666,45.8,12.266666666666666,46.61666666666667,36.78540933333333,-119.773126,19.7,1.1344529876651968,11.382213679001469,1197.2883333333332,21.24582274486353,0.22113195311755618,0.12390411987877281,19.921131953117555
2023-12-17 11:30:00,1702841101.0,25.146666666666665,22.156666666666663,27.506666666666664,16.083333333333332,36.4,14.733333333333334,38.31666666666667,36.78555116666666,-119.77303566666666,16.7,1.146523790482354,14.936809542850979,915.3386666666665,19.328243673188837,2.859809183471395,0.7581748702083287,19.559809183471394
2023-12-17 12:30:00,1702844701.0,26.828333333333333,23.015,30.16,18.516666666666666,32.416666666666664,17.233333333333334,33.78333333333333,36.7854575,-119.77308766666664,16.3,1.6742844447977785,16.84238222186889,869.6851388888888,19.549326664691982,4.866380523326988,1.240503475874632,21.16638052332699
2023-12-17 13:30:00,1702848301.0,17.613333333333333,15.246666666666668,19.62666666666667,20.166666666666668,29.116666666666664,18.633333333333333,30.23333333333333,36.785392,-119.773075,13.7,1.607807272153261,18.558859394513405,512.8415555555555,11.477144953727194,-0.077751548974895,0.052060144059159874,13.622248451025104
2023-12-17 14:30:00,1702851901.0,35.01333333333333,29.453333333333333,40.11666666666667,21.366666666666664,29.383333333333336,19.98333333333333,30.133333333333336,36.78534966666667,-119.77311316666668,18.2,2.7728754692018014,18.593791197464864,1028.8084444444444,24.752509679369243,9.966208482088028,2.466372130344831,28.166208482088027
2023-12-17 15:30:00,1702855501.0,46.93,39.053333333333335,54.325,21.183333333333334,31.15,19.75,32.36666666666667,36.78538016666667,-119.77312333333332,31.5,3.4402071451421716,17.743126188191162,1461.8695,34.24659780858262,6.547479906808363,1.6445969190110254,38.04747990680836
2023-12-17 16:30:00,1702859101.0,43.05833333333334,36.281666666666666,49.255,18.08333333333333,35.983333333333334,16.966666666666665,37.45,36.78536416666667,-119.7730915,31.4,2.7592842012436636,15.324049132089666,1549.3823611111113,32.596727763224315,3.166092044254377,0.8317974632588074,34.566092044254376
2023-12-17 17:30:00,1702862701.0,49.60833333333333,42.28666666666667,56.115,15.283333333333331,41.85,15.15,41.93333333333334,36.785371833333336,-119.773108,45.7,2.3834337238049144,12.899899609528417,2076.10875,38.773277882304036,-5.948028884501909,-1.3590049030091456,39.751971115498094
2023-12-17 18:30:00,1702866301.0,53.84666666666666,45.403333333333336,61.55833333333334,13.75,46.25,13.683333333333332,46.18333333333334,36.78538016666667,-119.77313483333334,40.7,2.3976660810670425,11.352333918932958,2490.408333333333,42.108026399862894,2.377353786673453,0.6422048898683916,43.077353786673456
2023-12-17 19:30:00,1702869901.0,60.01333333333333,51.07833333333334,67.98833333333333,12.05,52.63333333333333,12.183333333333332,52.11666666666667,36.78541783333333,-119.77315633333336,53.2,2.6538005169593535,9.396199483040647,3158.7017777777774,47.250108387846,-5.283369500083879,-1.1992377281463553,47.916630499916124
2023-12-17 20:30:00,1702873501.0,65.54666666666667,56.48833333333334,73.34666666666666,11.533333333333331,54.05,12.116666666666667,52.5,36.785348500000005,-119.77313716666669,56.9,2.5480737364748567,8.985259596858475,3542.797333333333,52.023568578075796,-4.425030963571679,-0.9929150217055372,52.47496903642832
2023-12-17 21:30:00,1702877101.0,67.52333333333333,58.26166666666666,75.47166666666666,11.866666666666667,55.38333333333333,12.133333333333333,54.8,36.78540083333333,-119.77312866666666,53.2,3.2029645587003133,8.663702107966355,3739.667277777777,53.548170169273604,0.8618776763420755,0.2779230601132978,54.06187767634208
2023-12-17 22:30:00,1702880701.0,66.61166666666666,58.065,73.685,11.95,57.583333333333336,11.65,58.91666666666666,36.785431333333335,-119.773065,55.7,3.8340662973720785,8.11593370262792,3835.7218055555554,52.986532524785375,-2.5111106685649247,-0.532857365687445,53.18888933143508
2023-12-17 23:30:00,1702884301.0,67.445,59.28833333333333,73.96499999999999,11.816666666666668,59.05,11.566666666666668,60.23333333333333,36.785401666666665,-119.77317933333332,57.4,4.067307165259785,7.749359501406883,3982.6272499999995,53.83620715379385,-3.5874291580202495,-0.7915768968401272,53.81257084197975
2023-12-18 00:30:00,1702887901.0,65.70833333333333,57.751666666666665,72.07000000000001,11.783333333333331,57.333333333333336,11.566666666666668,58.4,36.78537116666666,-119.77313483333334,48.4,3.61598448113527,8.167348852198062,3767.277777777778,52.54402720841442,4.045665315381335,1.0432244586601005,52.44566531538133
2023-12-18 01:30:00,1702891501.0,67.06333333333333,59.48666666666667,72.85166666666667,11.566666666666665,59.03333333333333,11.116666666666667,61.18333333333334,36.7853775,-119.77314766666666,53.1,3.8282490874287216,7.738417579237943,3958.9721111111107,53.83692789025635,0.3940931886440282,0.16547959238193738,53.49409318864403
2023-12-18 02:30:00,1702895100.8333333,70.76333333333334,62.92166666666666,76.67333333333333,10.95,61.23333333333333,10.633333333333333,63.18333333333334,36.785358,-119.77313,54.1,3.7679785214215262,7.1820214785784735,4333.074777777778,56.817164855437994,2.379353771935449,0.6426856353488096,56.47935377193545
2023-12-18 03:30:00,1702898701.0,72.265,63.90333333333333,78.755,11.166666666666666,60.15,11.116666666666667,61.083333333333336,36.78540616666667,-119.7731935,56.3,3.7184138015300703,7.448252865136595,4346.73975,57.93386393697084,1.4899859511352531,0.42890427985416346,57.78998595113525
2023-12-18 04:30:00,1702902301.0,67.11833333333333,58.69166666666666,74.00833333333334,11.383333333333333,61.2,11.3,62.0,36.785396,-119.773164,49.5,4.1693662311188815,7.213967102214451,4107.642,53.25383626566677,3.931515777567924,1.0157858192669167,53.431515777567924
2023-12-18 05:30:00,1702905901.0,59.48666666666666,50.675,67.33333333333333,11.75,59.25,12.25,58.333333333333336,36.785376,-119.77315,42.9,4.052844549512007,7.697155450487993,3524.5849999999996,46.449886547086514,4.244383387885868,1.0909912182704042,47.14438338788587
2023-12-18 06:30:00,1702909501.0,65.86833333333334,57.053333333333335,73.33666666666666,12.366666666666667,57.583333333333336,12.166666666666666,58.81666666666666,36.785382,-119.77311066666664,45.6,4.224619123214354,8.142047543452314,3792.918194444445,52.15253001957101,6.966995937153733,1.7454378798839676,52.566995937153735
2023-12-18 07:30:00,1702913101.0,66.20833333333333,58.0,72.86666666666666,12.35,59.25,12.116666666666667,60.76666666666667,36.785410500000005,-119.77315133333332,46.3,4.617111284595146,7.732888715404854,3922.8437499999995,52.66295184423717,6.467917152766333,1.6254720608722537,52.76791715276633
2023-12-18 08:30:00,1702916701.0,72.21833333333333,63.873333333333335,78.69,12.933333333333332,62.76666666666667,12.466666666666669,64.56666666666666,36.785368166666665,-119.77310833333333,53.4,5.998143216001947,6.935190117331385,4532.904055555556,57.55764377775555,4.219797660184462,1.0850814359835883,57.61979766018446
2023-12-18 09:30:00,1702920301.0,72.83,63.12833333333333,81.02666666666666,13.466666666666669,62.01666666666667,13.333333333333334,62.583333333333336,36.78537833333333,-119.77310933333332,58.2,6.328214390520592,7.138452276146077,4516.673833333333,57.384360391102575,-0.030875431019950383,0.06332796801496537,58.16912456898005
2023-12-18 10:30:00,1702923901.0,55.93333333333334,48.34666666666666,62.41166666666667,16.566666666666666,52.7,15.8,55.083333333333336,36.78536716666667,-119.77313,36.0,6.859689076783764,9.706977589882904,2947.686666666667,43.99269310734904,8.499847439800547,2.113896311079513,44.49984743980055
2023-12-18 12:30:00,1702931101.0,59.836666666666666,53.23499999999999,64.795,17.316666666666666,56.36666666666667,16.900000000000002,57.78333333333333,36.78537483333333,-119.77312466666666,42.6,8.545150567750142,8.771516098916525,3372.7934444444445,47.733992855879805,4.981713966286058,1.2682266958889006,47.58171396628606
2023-12-18 13:30:00,1702934701.0,42.41166666666667,37.89666666666667,45.71833333333333,18.95,52.11666666666667,17.983333333333334,54.9,36.78536733333333,-119.7731105,28.1,8.902277442271489,10.04772255772851,2210.3546944444447,33.5854866739781,5.116480351885677,1.3006210999979664,33.21648035188568
2023-12-18 14:30:00,1702938301.0,20.385,18.325,21.83333333333333,19.133333333333333,46.06666666666666,18.383333333333333,47.9,36.78539966666667,-119.77313483333334,9.1,7.252996367409251,11.880336965924082,939.069,15.664820160010926,5.991578934527851,1.5109724943404839,15.09157893452785
2023-12-18 15:30:00,1702941901.0,5.696666666666666,5.2,6.0,19.9,41.45,19.416666666666668,42.0,36.78536533333334,-119.773093,5.7,6.407280679221265,13.492719320778733,236.12683333333334,7.843229689258059,1.9345445927541212,0.5357648461793886,7.634544592754121
2023-12-18 16:30:00,1702945501.0,11.385,10.366666666666667,12.025,19.78333333333333,43.68333333333334,19.2,44.76666666666667,36.7853955,-119.7731005,7.0,7.066737450545544,12.716595882787788,497.33475000000004,8.2466356277897,0.6813791115840324,0.2345358057778595,7.681379111584032
2023-12-18 17:30:00,1702949101.0,28.238333333333333,24.99,30.74833333333333,18.85,45.083333333333336,18.6,45.51666666666667,36.7853885,-119.77309666666667,18.3,6.680039950547097,12.169960049452904,1273.0781944444445,21.92921303119248,3.4111806253644446,0.8907105112245274,21.711180625364445
2023-12-18 18:30:00,1702952701.0,32.373333333333335,28.30333333333333,35.70333333333333,17.55,49.73333333333333,17.28333333333333,50.41666666666666,36.785344333333335,-119.773131,23.2,6.922257079791956,10.627742920208044,1610.0337777777777,25.20797669979195,1.7375819086789015,0.48842003720532523,24.9375819086789
2023-12-18 19:30:00,1702956301.0,33.083333333333336,29.51,35.73,16.599999999999998,54.91666666666666,16.3,56.21666666666667,36.785347,-119.77310066666666,25.1,7.493203078151002,9.106796921848996,1816.8263888888887,25.975100622358084,0.17180236209508237,0.1120465435328099,25.271802362095084
2023-12-18 20:30:00,1702959901.0,28.906666666666663,25.96166666666667,30.986666666666668,16.233333333333334,61.083333333333336,16.333333333333332,61.31666666666666,36.78540683333333,-119.77315649999998,22.4,8.717588206804455,7.515745126528879,1765.7155555555553,22.212517682512413,-0.9315828174311633,-0.15317913002438244,21.468417182568835
2023-12-18 21:30:00,1702963501.0,25.2,22.820000000000004,26.773333333333337,15.716666666666669,71.5,15.716666666666669,71.68333333333334,36.785394,-119.77314116666666,16.1,10.574252326470528,5.14241434019614,1801.8,18.126318878013276,1.74523983263542,0.49026080693570123,17.84523983263542
2023-12-18 22:30:00,1702967101.0,19.481666666666666,17.815,20.468333333333334,14.9,83.38333333333334,14.733333333333334,83.85000000000001,36.78538133333333,-119.77312966666666,11.8,12.10643161560323,2.793568384396771,1624.4463055555557,11.705239698595516,0.6655376613223112,0.23072792490928395,12.465537661322312
2023-12-18 23:30:00,1702970700.8333333,15.521666666666668,14.23,16.263333333333332,14.6,86.88333333333333,14.616666666666667,86.44999999999999,36.78539666666666,-119.7731515,9.1,12.438232564208578,2.161767435791422,1348.574138888889,7.794705659572166,-0.1229265189015667,0.04120123272968936,8.977073481098433
2023-12-19 00:30:00,1702974301.0,7.856666666666666,7.191666666666666,8.245,14.9,84.81666666666666,15.05,84.0,36.78536416666667,-119.7731235,5.3,12.365866071236571,2.5341339287634295,666.3762777777777,5.671683934568732,1.9141648312717425,0.5308660709679799,7.214164831271742
2023-12-19 01:30:00,1702977901.0,4.691666666666666,4.323333333333333,4.891666666666667,15.183333333333332,82.11666666666667,15.133333333333333,82.63333333333334,36.78534316666667,-119.77314616666666,4.0,12.150596160519159,3.0327371728141728,385.2640277777778,4.11053322715039,0.578110079757753,0.20971256269652302,4.578110079757753
2023-12-19 02:30:00,1702981501.0,9.465,8.688333333333334,9.903333333333332,15.0,83.06666666666666,14.733333333333334,84.53333333333333,36.785400333333335,-119.773164,4.9,12.146386915368494,2.8536130846315064,786.226,6.791041433856197,3.82057622447733,0.9891187783834962,8.72057622447733
2023-12-19 03:30:00,1702985101.0,21.491666666666664,19.76333333333333,22.436666666666667,14.583333333333334,87.96666666666665,14.116666666666667,89.26666666666667,36.785424,-119.77312616666666,15.0,12.610882979443447,1.9724503538898865,1890.5502777777772,12.68492310894004,-1.0825540197083363,-0.18946875902673563,13.917445980291664
2023-12-19 04:30:00,1702988700.8333333,17.933333333333334,16.536666666666665,18.661666666666665,14.366666666666667,90.01666666666667,14.133333333333333,90.28333333333336,36.7853955,-119.77310833333333,6.3,12.749108280520748,1.6175583861459195,1614.298888888889,9.33119153481617,4.537700404455355,1.1614971528514997,10.837700404455354
2023-12-19 05:30:00,1702992301.0,15.671666666666669,14.516666666666666,16.23,14.35,90.7,14.216666666666669,90.53333333333336,36.78538433333333,-119.77313483333334,4.2,12.848265815083586,1.5017341849164136,1421.420166666667,7.3214599762520685,4.711278776539294,1.2032209692532125,8.911278776539294
2023-12-19 10:30:00,1703010600.8,3.222,2.988,3.332,17.22,82.1,17.64,78.02000000000001,29.4282728,-95.8185118,2.9,14.13639851114454,3.083601488855459,264.52619999999996,3.2557825032718597,0.38793910845944835,0.1640003083636574,3.2879391084594483
2023-12-19 11:30:00,1703013900.6666667,1.9866666666666664,1.8883333333333328,1.9933333333333327,19.666666666666668,70.96666666666665,18.95,73.9,36.78531483333334,-119.77313866666668,4.8,14.251882119950388,5.41478454671628,140.98711111111106,3.107323948995243,-2.0022080494820234,-0.41053014720945635,2.7977919505179765
2023-12-19 12:30:00,1703017501.0,1.965,1.8333333333333333,2.013333333333333,19.816666666666663,68.10000000000001,19.08333333333333,71.43333333333334,36.78540916666667,-119.77314366666668,3.8,13.759038034499468,6.057628632167194,133.81650000000002,3.2095305049564584,-0.8680227778431031,-0.13790091655562514,2.9319772221568967
2023-12-19 13:30:00,1703021400.7142856,1.302857142857143,1.2285714285714284,1.3228571428571427,19.97142857142857,65.64285714285714,19.37142857142857,68.22857142857143,36.78541128571429,-119.77314557142856,2.0,13.341275724585177,6.630152846843394,85.52326530612245,2.850260125606842,0.4816333553642771,0.1865220171965029,2.481633355364277
2023-12-19 14:30:00,1703025300.8333333,0.4316666666666666,0.4133333333333333,0.4316666666666666,20.15,63.9,19.28333333333333,67.61666666666666,36.7853795,-119.7731335,-1.3,13.097913183410602,7.052086816589396,27.583499999999994,2.269816594667008,3.109469447564061,0.8181868342378573,1.809469447564061
2023-12-19 15:30:00,1703028600.6,0.466,0.438,0.474,18.36,70.96000000000001,17.82,73.6,36.785391,-119.773175,0.2,12.996942069425426,5.363057930574573,33.06736000000001,2.041748436605366,1.2622843964231134,0.3741706298657909,1.4622843964231134
2023-12-19 16:30:00,1703031900.6666667,0.56,0.53,0.5666666666666667,17.533333333333335,73.64999999999999,17.349999999999998,74.76666666666667,36.785345166666666,-119.773122,4.1,12.771271497374615,4.76206183595872,41.244,2.009852303640441,-2.6989154730901332,-0.578000853838031,1.4010845269098664
2023-12-19 17:30:00,1703035501.0,0.935,0.8883333333333333,0.94,16.383333333333333,78.46666666666667,16.483333333333334,77.98333333333333,36.78539466666667,-119.77317683333332,2.6,12.626421564662216,3.7569117686711166,73.36633333333334,2.0680189470063417,-1.1269315668527633,-0.2001359902444418,1.4730684331472368
2023-12-19 18:30:00,1703039100.6666667,1.2866666666666668,1.225,1.2933333333333332,15.466666666666669,84.48333333333333,15.7,82.85000000000001,36.7852855,-119.773154,0.7,12.861196222481013,2.6054704441856558,108.7018888888889,2.0234789613851314,0.7604165270027468,0.2535343859016643,1.4604165270027467
2023-12-19 19:30:00,1703042701.0,1.5166666666666666,1.4433333333333334,1.5233333333333334,14.816666666666668,87.73333333333333,14.966666666666669,86.28333333333335,36.78538133333333,-119.77319966666666,2.6,12.80004156736729,2.016625099299379,133.06222222222223,2.004151266615457,-1.1112422027432882,-0.1963646670104228,1.4887577972567119
2023-12-19 20:30:00,1703046301.0,1.6083333333333334,1.53,1.61,14.333333333333334,88.7,14.716666666666669,86.13333333333333,36.785408833333335,-119.773187,2.0,12.49125380511735,1.8420795282159848,142.65916666666666,2.0085518553410533,-0.48238237429366215,-0.04520279292650037,1.5176176257063378
2023-12-19 21:30:00,1703049900.6666667,2.4566666666666666,2.3316666666666666,2.473333333333333,14.066666666666668,87.56666666666666,14.333333333333334,85.73333333333333,36.785418666666665,-119.77303433333331,2.7,12.03280489038842,2.0338617762782487,215.12211111111108,2.5376124045927684,-0.3765699627715948,-0.019768186193155554,2.3234300372284054
2023-12-19 22:30:00,1703053501.0,1.68,1.5766666666666669,1.71,14.45,81.75,14.833333333333334,80.16666666666667,36.78538066666667,-119.77313233333332,3.9,11.366682628376504,3.0833173716234956,137.34,2.3748069798419995,-1.9479585638474206,-0.39748995359932776,1.9520414361525793
2023-12-19 23:30:00,1703057100.6666667,2.225,2.09,2.265,14.35,80.28333333333335,14.366666666666667,80.43333333333334,36.78539733333333,-119.7731195,3.7,10.995867134275208,3.3541328657247913,178.6304166666667,2.7825532180726795,-1.1908000051863494,-0.21548833491101113,2.5091999948136507
2023-12-20 00:30:00,1703060701.0,2.34,2.216666666666667,2.36,14.033333333333331,82.46666666666665,14.3,81.16666666666667,36.7853935,-119.77315133333332,1.2,11.091528837608875,2.9418044957244565,192.97199999999995,2.7476607618950313,1.2935285878679805,0.381680937122476,2.4935285878679805
2023-12-20 01:30:00,1703064300.8333333,2.2583333333333333,2.151666666666667,2.26,14.216666666666669,87.05,14.466666666666669,85.39999999999999,36.785408833333335,-119.77316033333334,1.9,12.090433507835481,2.1262331588311874,196.58791666666664,2.459500185097643,0.276814678332332,0.13728882775288984,2.176814678332332
2023-12-20 02:30:00,1703067900.8333333,2.7833333333333337,2.655,2.7833333333333337,14.15,87.41666666666667,14.266666666666666,86.18333333333334,36.78542,-119.77320866666668,4.4,12.088755652834594,2.061244347165406,243.30972222222226,2.7381337412091877,-1.7815850082488613,-0.35749799144094596,2.618414991751139
2023-12-20 03:30:00,1703071800.857143,2.698571428571429,2.5742857142857143,2.698571428571429,14.0,87.08571428571429,13.771428571428572,87.58571428571429,36.785393285714285,-119.77314214285715,3.3,11.883557399486405,2.1164426005135955,235.0070204081633,2.709579484979602,-0.7383571258810337,-0.10673259880312601,2.561642874118966
2023-12-20 04:30:00,1703075400.8,2.106,2.006,2.106,13.32,88.78,13.28,88.44,36.785375,-119.7731016,1.0,11.50598478290834,1.8140152170916597,186.97068,2.2819457519007504,0.9505282412315208,0.29923239634538684,1.9505282412315208
2023-12-20 05:30:00,1703078701.0,1.91,1.815,1.915,13.116666666666667,89.38333333333333,13.383333333333333,87.56666666666666,36.78536166666667,-119.77309933333332,-0.1,11.407902737315748,1.7087639293509191,170.72216666666665,2.1399127532919264,1.846100405955561,0.5145051179800864,1.746100405955561
2023-12-20 06:30:00,1703082300.8333333,2.151666666666667,2.055,2.151666666666667,13.466666666666669,87.21666666666665,13.633333333333333,86.11666666666667,36.78535333333333,-119.77308,0.6,11.381676338649163,2.084990328017506,187.66119444444442,2.3940102372552357,1.4742028707287238,0.4251104296110177,2.074202870728724
2023-12-20 07:30:00,1703085901.0,2.355,2.2383333333333333,2.356666666666667,13.45,87.3,13.516666666666666,86.38333333333333,36.785413,-119.77311833333331,0.9,11.379718363308003,2.0702816366919965,205.5915,2.497858386608854,1.3483715800962894,0.3948637945901561,2.2483715800962893
2023-12-20 08:30:00,1703089500.8333333,3.2183333333333333,3.0416666666666665,3.2583333333333333,14.683333333333332,83.58333333333333,14.583333333333334,83.63333333333333,36.78536483333333,-119.77309933333332,3.2,11.93080365282657,2.752529680506761,268.99902777777777,3.2025735153729302,0.005436199438634937,0.07205635844927705,3.205436199438635
2023-12-20 09:30:00,1703093100.8333333,1.7633333333333334,1.68,1.768333333333333,17.8,68.81666666666666,16.866666666666667,73.18333333333334,36.78532233333333,-119.77315666666668,2.3,11.992832795261572,5.807167204738429,121.34672222222223,3.0597034914627903,0.41651388680369816,0.17086895675021194,2.716513886803698
2023-12-20 10:30:00,1703096701.0,0.8666666666666667,0.8233333333333334,0.87,19.633333333333333,59.36666666666667,18.75,63.28333333333333,36.785416833333336,-119.773164,-1.2,11.490055070219585,8.143278263113748,51.45111111111111,2.7729065846924126,3.6339045587456296,0.9442476679168944,2.4339045587456294
2023-12-20 11:30:00,1703100300.8333333,0.6749999999999999,0.6366666666666667,0.6833333333333332,20.866666666666667,54.35,20.016666666666666,57.3,36.785391,-119.77317066666666,-0.6,11.306782353504639,9.559884313162028,36.686249999999994,2.7900823326342357,3.1336636343418296,0.8240025000664098,2.5336636343418295
2023-12-20 12:30:00,1703103901.0,0.8883333333333333,0.84,0.8933333333333334,21.45,51.36666666666667,20.25,55.0,36.7853935,-119.77313616666667,0.5,10.994714710904546,10.455285289095453,45.63072222222222,3.074762871240212,2.3805255984908964,0.6429673125846722,2.8805255984908964
2023-12-20 13:30:00,1703107501.0,4.15,3.945,4.161666666666666,19.55,65.86666666666666,18.33333333333333,70.83333333333333,36.78537433333333,-119.77314366666668,2.9,12.992911582936626,6.557088417063374,273.34666666666664,4.965556035959947,2.0708078441166333,0.5685190586650345,4.970807844116633
2023-12-20 14:30:00,1703111101.0,4.553333333333334,4.336666666666667,4.556666666666667,17.616666666666667,74.33333333333333,16.883333333333333,77.61666666666666,36.785384,-119.77317183333332,4.3,12.992922166389533,4.623744500277134,338.46444444444444,4.676946682715233,0.5725950225497067,0.20838688351408324,4.872595022549707
2023-12-20 15:30:00,1703114101.0,5.425,5.17,5.43,16.175,83.575,15.475,86.475,36.7853775,-119.773138,4.6,13.389166098279572,2.7858339017204283,453.394375,4.534695043631911,0.5443776279623487,0.20160414107352004,5.144377627962348
2023-12-20 16:30:00,1703118601.0,14.7,13.92,14.82,14.7,92.5,14.5,92.1,36.785011,-119.773277,7.9,13.49592363321658,1.2040763667834185,1359.75,6.321134750801296,0.10814050219441818,0.09674385505614667,8.008140502194419
